Date,ret_1,ret_3,ret_5,ma_dist_10,ma_dist_20,mfi_14,atr_14,rolling_vol_20,vol_change_5
2021-12-07,0.028314413330106154,0.016324671050899114,0.04336113150326443,0.008332456109775038,-0.04301358342008247,-0.43413299458919424,0.03832653347691145,0.024918787045682823,0.8641418522468504
2021-12-08,0.028077687190792077,0.03874310104818501,0.05066477699859388,0.03850700869879666,-0.008211142436698224,-0.289924112443459,0.03680004309370043,0.02603105298560405,1.1815245729723005
2021-12-09,0.0016274695671050611,0.05801957008800338,0.04602982780879631,0.04113769226420125,-0.00205533565044543,-0.16951228836300544,0.035849768227849334,0.02356182891368843,0.8407422984162966
2021-12-10,0.020917813987217794,0.05062297074511485,0.06128838460250764,0.056764610714275195,0.022967878844267754,0.02357227732582899,0.032150417765749104,0.024138144394990433,1.289972153635504
2021-12-13,-0.01120896831275984,0.011336315241562912,0.06772841576246133,0.03695878174807191,0.016089525774295284,0.18022666851588454,0.031017536421497724,0.02417465386520971,0.8707506445259449
2021-12-14,-0.008625397705438985,0.0010834479690188608,0.03078860472691608,0.020554818946750653,0.010974647051463102,0.06519793151561473,0.031054197577221512,0.023731597634359215,0.6602631257266397
2021-12-15,-0.023002153058339258,-0.042836519076538154,-0.020291235522215335,-0.005619199293614008,-0.008486880843109093,0.10109245765020689,0.03300354937302984,0.023774765333297365,0.8408835292378621
2021-12-16,-0.01788758082777141,-0.04951513159154966,-0.039806285917091754,-0.023839677897481898,-0.02128010273723786,0.20255691234939505,0.032511469036705265,0.023814983687000905,0.8391134606148399
2021-12-17,-0.043221814681217476,-0.08411154856732815,-0.10394591458552703,-0.06130788510663366,-0.056771342808877974,0.2168965293522561,0.03411574427538223,0.02527166205394355,1.3949843598482026
2021-12-20,-0.05757424739724807,-0.11868364290623691,-0.15031119367001528,-0.1070134791630355,-0.10421897371824475,0.2106732261402324,0.0381427486902574,0.02525399391027531,1.4522893536613766
2021-12-21,-0.015085259804435563,-0.11588132188290115,-0.15677105576901185,-0.1098709514390763,-0.11044761693060309,0.055994267322963934,0.04003436223278816,0.024008163064369967,1.0703830262308938
2021-12-22,0.01133517150066577,-0.06132433570101793,-0.12243373121000671,-0.08711560486946089,-0.0934120458345482,0.09265564935484022,0.04065656676487506,0.024357122745087573,1.3141638260140318
2021-12-23,0.016765215286623406,0.013015126982853495,-0.0877809350956119,-0.05980447333172891,-0.07184102273477357,0.07434214491735971,0.03918893214563368,0.02495788610088108,0.7506669222567564
2021-12-24,-0.021787309829621147,0.006313076957667943,-0.06634643024401557,-0.0640830391988465,-0.08693912427045922,0.08468000234588757,0.03969251264075111,0.023484651953000885,0.793493209419778
2021-12-27,0.005022094542997839,0.0,-0.0037500883037697515,-0.04439923055201987,-0.07895494610113782,-0.04494736093933867,0.03958312868901447,0.02288437107135304,0.9485910458676494
2021-12-28,0.01306392122669771,-0.003701294059925826,0.02439909272736345,-0.01838259150231287,-0.06422603700390789,-0.08199684225073782,0.03783328714470846,0.023186643210599014,0.7725119512978391
2021-12-29,0.0006178699232667858,0.01870388569296226,0.013681791149964383,-0.006565624998481744,-0.06005980158275989,-0.09636853166680041,0.03701577592638537,0.02253178073128486,0.85116226393369
2021-12-30,-0.009931702846194655,0.0037500883037696942,-0.013015126982853644,-0.0060146686025919025,-0.0650334546758063,-0.271115613451058,0.03542462774151295,0.022437425429018807,0.9278892578605287
2021-12-31,0.022209286593632124,0.01289545367070435,0.030981469440399718,0.020039798406017762,-0.040313897079221256,-0.284056539152362,0.0344286413102613,0.023135039478865783,1.0296654849507476
2022-01-03,0.0223236849417675,0.03460126868920501,0.04828305983916926,0.03834951013202536,-0.016778193019139454,-0.16612087735512204,0.033966912140942926,0.023606663615727292,1.0205450085555008
2022-01-04,0.0011927353667534955,0.045725706902153065,0.03641187397922508,0.03325132083185871,-0.012331082844596688,-0.03218477751615225,0.032606822097678005,0.022534133943871187,1.1353335881284716
2022-01-05,0.011848540495095069,0.035364960803615904,0.04764254455105341,0.0391042339993183,0.0036945126179192965,0.12091004053026821,0.031129039182164482,0.021619984706159587,1.385296900173228
2022-01-06,0.019825663139943717,0.03286693900179215,0.07739991053719177,0.05295160394409132,0.02722263843144206,0.30050250234515263,0.03055921485404735,0.02224627115829996,1.2554357657681166
2022-01-07,0.011481142895438565,0.0431553465304774,0.06667176683899836,0.054659284242738124,0.04316761848736666,0.4956587367275867,0.02715263406277296,0.021804396139541684,1.2977262067154884
2022-01-10,0.050636671461096024,0.08194347749647833,0.09498475335832696,0.09324948138600023,0.09800416719201491,0.656491169785665,0.026703347100678357,0.024846508503367566,1.215290456563602
2022-01-11,0.0005423652607634274,0.0626601796172981,0.09433438325233695,0.07937241682643568,0.0986980415711221,0.6499029938657427,0.025526791921690974,0.02477394661661159,0.7705455710575072
2022-01-12,0.005947611532129886,0.057126648253989214,0.0884334542893716,0.0710161179990111,0.10360825605023741,0.6536889602270475,0.02479783822211004,0.024203411202019607,0.7127538677519913
2022-01-13,0.012322684776080372,0.01881266156897366,0.0809304759255083,0.06734864302505167,0.11381290527710011,0.7728558244285082,0.02422789785588979,0.023879081861021192,0.7948653922518412
2022-01-14,-0.0031999827554152274,0.015070313552794867,0.06624935027465428,0.05003363733570668,0.10455510375511932,0.8989329384743141,0.02323717941544327,0.021356331278294848,0.631489317617758
2022-01-17,0.0016013172622722728,0.01072401928293736,0.01721399607583044,0.04010651769522063,0.0975181821465803,0.8980078369492943,0.023352381815128713,0.015561683113386323,0.6691237968296064
2022-01-18,-0.016129372973999658,-0.017728038467142763,0.0005422578410674196,0.014070594788952371,0.0716153056598309,0.7017369825456532,0.026209837739178,0.015644160355013946,1.5608533864596523
2022-01-19,0.03828212963317758,0.023754073921450132,0.03287677594211529,0.04111223547395381,0.10318234923693166,0.807749271638722,0.027833676634853602,0.017062197326889853,1.36834155855637
2022-01-20,0.008828952280533818,0.03098170893971163,0.029383043446568755,0.03894709017389469,0.10312570845735657,0.8167559753096404,0.02740434510746966,0.016967345279710198,1.3162544029189762
2022-01-21,-0.042244969249811824,0.004866112663899673,-0.009661943047827987,-0.009456671963236733,0.04956263392242404,0.6394892561670673,0.03062875771202403,0.01935314732338275,1.2033612378932022
2022-01-24,-0.0010792622439172624,-0.03449527921319541,-0.012342522554017448,-0.011000709504672277,0.04091728868663759,0.42178003947507503,0.031703176120077996,0.019445648519396636,1.3731935873144334
2022-01-25,0.06176743756809381,0.018443206074364754,0.06555428798807604,0.04498202390219877,0.09639364187243167,0.46539739090068566,0.03397388578746683,0.02292894050851209,1.4055412475259723
2022-01-27,0.04951498095510679,0.11020315627928338,0.0767871393100052,0.08564532644953252,0.13776894505234624,0.532885674934908,0.03498964144344971,0.02445004650376221,1.615031878128813
2022-01-28,-0.0019341967353529701,0.10934822178784767,0.06602399029411855,0.07296806921793438,0.12130258853950396,0.5536538112139943,0.03623287595754193,0.02413085429443912,0.9116369894885284
2022-01-31,0.0403184849718069,0.08789926919156077,0.1485874445157374,0.101156968936716,0.15143730255585783,0.5740290595149259,0.03513315345920956,0.02483640895825845,0.912905207630298
2022-02-01,-0.013102638768183609,0.02528164946827025,0.1365640679914709,0.07319789629318302,0.12301307834293244,0.3325033525354513,0.03912926136303165,0.025436950570875444,1.1873293314249265
2022-02-02,0.03015765859647956,0.057373504800103,0.10495428901985679,0.08720496521708196,0.14199221662645017,0.3619472744026351,0.03969704046098724,0.025623852455896007,0.688453056952182
2022-02-03,0.0013702067515902342,0.01842522657988621,0.05680951481634022,0.07407228152893455,0.12903229025210217,0.39462875600768144,0.04026209973093857,0.025761184334811973,0.8881454464116049
2022-02-04,-0.02776669171886502,0.00376117362920498,0.030977019832828273,0.03466695856017258,0.08693993761129912,0.2888756583274136,0.043775542488885856,0.027229025028415836,0.771155879463189
2022-02-07,0.0583307806090585,0.03193429564178378,0.048989315470079765,0.07566298877671099,0.13751944983923847,0.43167700039645723,0.04704988112408794,0.029268839288446886,2.1527519875782883
2022-02-08,0.0433155672354429,0.07387965612563634,0.10540752147370622,0.09680112735506763,0.17263999997125198,0.5534104529532832,0.046629912797900554,0.02881172667722547,1.3094968892243073
2022-02-09,-0.02663388383386884,0.07501246401063263,0.048615979043357925,0.05198070874317793,0.1291075155924202,0.569452488060895,0.047546476738269935,0.03001329997052945,0.6795990412026438
2022-02-10,-0.0013069343980495688,0.015374749003524339,0.04593883789371791,0.03993826774931928,0.11559588327956358,0.48779480898400296,0.04813799237243674,0.030121007006932217,0.45634211858451057
2022-02-11,-0.010076680387653913,-0.03801749861957238,0.06362884922492898,0.02003234023706895,0.0939569765323753,0.4852500814655409,0.047241606363010544,0.030468811097504697,0.3939942891863372
2022-02-14,-0.06786125704106104,-0.07924487182676468,-0.0625631884251906,-0.04564877778948456,0.016064506078846456,0.4820703273295777,0.054194146209255216,0.03498354837764167,0.8372950129313088
2022-02-15,0.03746107243731812,-0.040476864991396896,-0.06841768322331535,-0.012771656380806873,0.04663040863465107,0.4837740135037225,0.05109913992275985,0.03564450813454387,1.2466152606610366
2022-02-16,-0.02901425547126667,-0.059414440075009685,-0.07079805486071322,-0.03893653569064956,0.009624450035414114,0.46075590319843657,0.05040052204323896,0.03621658282195486,0.9832004972821088
2022-02-17,-0.012223973316506202,-0.0037771563504547592,-0.08171509377916976,-0.04731862740288132,-0.007255432068583797,0.3830156335645594,0.050445996693993994,0.03570837780310298,0.6748091368080344
2022-02-18,-0.003316745593076825,-0.044554974380849724,-0.0749551589845927,-0.04944509643992756,-0.014545653106806476,0.2950058749153351,0.048816857908890475,0.03574114602590779,0.7164495633639066
2022-02-21,-0.015303995784543967,-0.030844714694126984,-0.02239789772807552,-0.056045869759503875,-0.03450205372794997,0.36461315850926806,0.0470912069329399,0.03437688095541218,0.9612169866542488
2022-02-22,0.010546587833779944,-0.008074153543840851,-0.0493123823316137,-0.03453040967113456,-0.029795550406315645,0.2505155900842871,0.04843653367069384,0.034355732942747595,1.3050375000896088
2022-02-23,0.02728301783664579,0.022525609885881766,0.006984890976298663,-0.001297599231634694,-0.007209821208475654,0.25578565939375125,0.047596940448223324,0.032219754465748804,1.4403064439469833
2022-02-24,-0.06965599353741449,-0.031826387866988805,-0.05044712924460957,-0.056072114956912084,-0.07272852349061633,0.22626090850996433,0.05277184622706209,0.03440006209810489,1.373955448063776
2022-02-25,0.0608002331836629,0.018427257482894133,0.013669849532130067,0.00949955434360211,-0.016189535987764472,0.09986497263176063,0.04798689051953136,0.037109081181532506,1.0744784938543441
2022-02-28,-0.002343539772466432,-0.011199300126217998,0.026630305544207682,0.006708308086006959,-0.018040160573577813,-0.010241348991566923,0.046155390188139106,0.03597927473664929,0.7188758062420033
2022-03-02,-0.03291504840923686,0.025541645001959504,-0.016831330698809186,-0.019356074804545126,-0.048498001091039085,-0.18033751725847963,0.048046283238887585,0.03661265455508954,0.8397977890667909
2022-03-03,-0.004861483832500404,-0.04012007201420375,-0.0489758323679553,-0.02001053670263519,-0.050131955973045705,-0.17656612951066805,0.04852409184616937,0.03585055329875969,0.7919673568978874
2022-03-04,-0.02018284688316914,-0.05795937912490653,0.0004973142862898942,-0.03484359541304558,-0.06521643303632134,-0.18763448859065235,0.04961995377645497,0.036029163590985694,0.9926792768520044
2022-03-07,-0.08020831608415155,-0.10525264679982108,-0.14051123498152449,-0.09837251806215926,-0.13171612690417786,-0.2160733987569212,0.0547259723097918,0.03956289404123732,1.6132637531831553
2022-03-08,0.048892704558080424,-0.05149845840924022,-0.08927499065097746,-0.047363012975748846,-0.08154848418467996,-0.2121363880112004,0.05204133872235183,0.03879255769677351,1.2306150879282853
2022-03-09,0.01426409310883563,-0.017051518417235477,-0.042095849132905136,-0.02797583679475698,-0.05989206690543609,-0.2105413798620016,0.049786835791768735,0.03730993812565618,0.8626166234815437
2022-03-10,0.029897663192753755,0.09305446085966977,-0.00733670210765094,0.007368614812348073,-0.0253354812394658,-0.06634420004747967,0.05091521235944033,0.038024911930575604,1.090302821305049
2022-03-11,0.02472850266750819,0.06889025896909746,0.03757464744302648,0.0286221055925556,0.004015118449849052,0.02885845111376071,0.05038998806978606,0.038635023443209675,0.6365790718368229
2022-03-14,0.023664103409254355,0.07829026926951624,0.14144706693643233,0.05315006259974674,0.03135550474736938,0.14082487422336584,0.04964587129357401,0.03912169399991078,0.8132565389507411
2022-03-15,-0.009398452457379983,0.0389941536193826,0.08315590992097176,0.04396696391796854,0.021806343093654583,0.27070820651762234,0.048023745390692284,0.036088150543538096,0.9149353562405792
2022-03-16,0.016854145707634806,0.031119796659509084,0.08574596251977114,0.05691844821301363,0.04040370143533397,0.2360264415306746,0.046358931113506426,0.03524377342414466,0.601524459917292
2022-03-17,0.002318704707033581,0.009774397957288499,0.05816700403405087,0.053839051373304164,0.042340599294267804,0.39469307842009643,0.04274465220024728,0.03462983843888027,0.8367680437090725
2022-03-21,-0.013523234391636057,0.0056496160230323465,0.01991526697490664,0.033679472644817715,0.02794264183289584,0.28368458329740975,0.03960428773893171,0.03465605810203784,0.6993663049595271
2022-03-22,0.002813004479439887,-0.008391525205162642,-0.0009358319549077722,0.022694659088292365,0.030117468043144593,0.1726239301455729,0.03952647445405758,0.03464877647176644,0.9865799510774278
2022-03-23,-0.005163153684218025,-0.015873383596414353,0.0032994668182541784,0.00892602384743168,0.02357842856059011,0.2964916550731701,0.038689061944449175,0.0344762757218432,0.9354728486046376
2022-03-24,-0.0009415597174533289,-0.003291708922231474,-0.014496238606833942,0.0010373920073849625,0.02197516626878107,0.32592901594987267,0.038590923794589366,0.03440782452495175,0.9253779938478546
2022-03-25,0.021896993573830868,0.015792280172159535,0.005082050259963283,0.016822134129773087,0.04422314831454791,0.4714013776769187,0.03759050318558059,0.034208625518032984,1.3383206286676788
2022-03-28,0.03130209063958707,0.052257524495964665,0.04990737529118654,0.04178296493224897,0.07152255373362149,0.7085315170338871,0.03356089238383996,0.0305928939688057,1.3404614652167564
2022-03-29,-0.003579348358908144,0.04961973585450986,0.04351502245283863,0.033588183101772286,0.06527246026205069,0.6918255256155075,0.03115193588830562,0.02770721534892706,0.9352794576066815
2022-03-30,0.021725404414867044,0.04944814669554595,0.07040358055192356,0.048420402326806916,0.08481020586404932,0.7225977869969381,0.03104634546169666,0.028021519094947385,2.043415531399483
2022-03-31,-0.02127734243736911,-0.003131286381410328,0.05006779783200769,0.022680392500632963,0.05769457502083456,0.598849676760029,0.029377846802170086,0.027340740722230774,0.5646776505780013
2022-04-01,0.03866917625981943,0.03911723823731729,0.06683998051799625,0.05521697300888158,0.0924587614566998,0.5943443645325107,0.029064008251837196,0.028316699592548792,0.64848073877495
2022-04-04,0.0008616427696971292,0.01825347659214755,0.03639953264810634,0.046983456300798754,0.08545246663562445,0.5842752400880764,0.027716228728739755,0.027670808876435145,0.6626294820666773
2022-04-05,-0.0008616427696971361,0.03866917625981943,0.03911723823731729,0.03747430338199561,0.07288200562716105,0.5714746715894159,0.027555389468823757,0.018721495379753025,0.6465711784822159
2022-04-06,0.033067810164282535,0.033067810164282535,0.05045964398673292,0.05942120642477322,0.09755814339873231,0.5816553821488012,0.02844630668874771,0.01732503173403858,1.2049519245083828
2022-04-07,-0.005855294937613788,0.0263508724569716,0.06588169148648818,0.041229886827801605,0.08108105365730509,0.5942870307038498,0.02999158986463932,0.017667500260707437,1.3052502045566206
2022-04-08,0.009185930585213472,0.03639844581188219,0.03639844581188219,0.04011763033450066,0.08200485145395098,0.5776080599068956,0.029895478695873837,0.01699451151588544,0.8264100760336266
2022-04-11,0.0,0.003330635647599763,0.035536803042185046,0.03266238416412661,0.07432300412980263,0.685319728610038,0.02939078899144164,0.016633953601773867,0.5745680590463236
2022-04-12,-0.001247617125026815,0.007938313460186617,0.035150828686855436,0.023816704200184134,0.06667266278177537,0.5882139882240304,0.029754454520710356,0.016255789102620606,0.7921625926122958
2022-04-13,-0.005843219372964481,-0.007090836497991368,-0.003760200850391649,0.013146678948419793,0.05411780009508787,0.680971393629986,0.02957003876740429,0.01609903773525218,0.6953353020301389
2022-04-18,-0.047576965270897026,-0.05466780176888842,-0.04548187118367493,-0.035808024278357255,0.0023981688799394113,0.5200394532234176,0.03311173321573316,0.019831003001108714,1.6072329305786532
2022-04-19,-0.007490612078183734,-0.060910796722045246,-0.062158413847072026,-0.04060759035123852,-0.007310126047074209,0.38575852979945924,0.033392285175199425,0.019964350811063486,1.1381191957428392
2022-04-20,-0.003988496032825439,-0.05905607338190619,-0.06614690987989749,-0.041579755880895006,-0.013902548806581202,0.2844545194505216,0.033969783964052286,0.019678202092424463,0.8073184483668974
2022-04-21,0.011479108111009013,0.0,-0.0534201846438615,-0.0287785334602329,-0.0056092922399324395,0.14273768040877313,0.03264140231189838,0.019774033412269663,0.7588244017488325
2022-04-22,-0.021744840620695503,-0.014254228542511786,-0.06932180589159245,-0.04277253105687881,-0.029202373291604248,0.17277788422136822,0.03323078422705531,0.0204789910635419,0.6669660242906233
2022-04-25,-0.0026953252167143285,-0.012961057726400722,-0.024440165837409822,-0.038702669460763825,-0.03391925412606662,0.03474298912297414,0.03229225739992581,0.020497749027138263,1.0825490622298368
2022-04-26,0.038389838168068714,0.013949672330658964,0.021440284408842658,0.003083056065021073,0.0008448656187734669,0.030568373263248814,0.032900418750433334,0.02162817956848748,1.255172792751573
2022-04-27,0.0051813263960444784,0.04087583934739877,0.03061010683771248,0.011985143127135275,0.004238352458632446,0.013685939446050526,0.032976485930691586,0.02060148591935522,0.9737707892941833
2022-04-28,-0.0034512577716592913,0.04011990679245383,0.01567974095504405,0.012425591278332294,-0.0010145610670161632,-0.035482745724495716,0.030775397073485432,0.02059973888572796,0.8969597222575109
2022-04-29,-0.024498110337256844,-0.02276804171287178,0.012926471238482696,-0.006380622105751124,-0.024727337059002708,-0.23181399482555903,0.03179171166703381,0.0208412706218065,0.8035696818413967
2022-05-02,-0.0013295225876155065,-0.029278890696531737,0.014292273867581409,-0.006695459021237644,-0.02650666308653619,-0.1969538053678562,0.031517251118254305,0.02026313791423915,0.7086277353788446
2022-05-04,-0.04165382556026045,-0.0674814584851328,-0.06575138986074773,-0.04308972580921231,-0.0630482460350589,-0.33888385508206426,0.0358958980002618,0.020262479884642384,1.4906321766249793
2022-05-05,-0.021496154592661805,-0.06447950274053772,-0.09242887084945389,-0.057812989342177705,-0.07888440568811372,-0.3389058222085313,0.03755312392459198,0.020622520805510674,1.1963815414176333
2022-05-06,-0.008538979745510331,-0.07168895989843252,-0.09751659282330499,-0.05832214444512726,-0.08230411312436475,-0.4610294819794439,0.038896057619088494,0.020620305317051252,1.0843829343774132
2022-05-09,-0.01633068425575533,-0.04636581859392758,-0.08934916674180352,-0.06670876624904393,-0.09054867664074383,-0.4183685636623045,0.03756482984998704,0.018687786410809783,0.8140442579276697
2022-05-10,-0.022032786591411935,-0.04690245059267768,-0.11005243074559982,-0.07859323891548434,-0.10317882173845681,-0.38803580964911505,0.03826023230435411,0.018962076272715067,0.6778142825194192
2022-05-11,0.0024721594802542377,-0.035891311366913044,-0.06592644570508516,-0.06414641619753288,-0.09329036344036662,-0.39204196421498977,0.03957670372477525,0.018694057144520507,1.1797676922164682
2022-05-12,-0.05272377721550335,-0.07228440432666103,-0.09715406832792674,-0.09544660267408792,-0.13041508040557168,-0.5277136248449543,0.044656785657437824,0.020990922702862357,1.1094348059069892
2022-05-13,-0.01099206401207089,-0.061243681747320006,-0.09960715259448723,-0.08754746085220777,-0.13001674457877094,-0.5426230793111546,0.047067659134800814,0.020859066381442443,1.3442559326518144
2022-05-16,0.0497922252372347,-0.0139236159903395,-0.03348424310149713,-0.028790957995778747,-0.07732112013340553,-0.3471149383986179,0.046569842698034554,0.02498836261856942,1.3954046120454369
2022-05-17,0.02277317622457826,0.061573337449742006,0.011321719714492891,0.003931139866306233,-0.0509152348545542,-0.36256392081130345,0.044542333365216555,0.024205715533046943,0.9241213183109275
2022-05-18,-0.026787320919479246,0.045778080542333704,-0.0179377606852405,-0.014175319845353944,-0.07012628765585265,-0.4955537514176882,0.045643891150920574,0.024671686199798745,0.7029497830676223
2022-05-19,-0.03218652878937889,-0.03620067348428008,0.0025994877408839867,-0.03627712579301569,-0.09266491988048578,-0.6213171691612169,0.04873161556554593,0.025323204271590467,0.6792972993274479
2022-05-20,0.03218652878937896,-0.026787320919479246,0.045778080542333704,0.0007546473076047734,-0.056563561246388595,-0.5153085953226971,0.04618254937371904,0.026547475376954465,0.7292730207393661
2022-05-23,-0.0233987420493792,-0.0233987420493792,-0.02741288674428029,-0.0163519213247236,-0.0720886176492448,-0.5180531923730868,0.04856257471864378,0.02659905913328876,0.9040884137599968
2022-05-24,-0.013993537173511534,-0.005205750433511775,-0.06417960014236997,-0.024886778101336833,-0.07822574916510376,-0.49542311966307184,0.045817150559507046,0.02662578287894012,1.0518662387774684
2022-05-25,-0.02003229493582624,-0.057424574158717025,-0.057424574158717025,-0.03702185403266639,-0.08701994736907656,-0.49589022057519516,0.046363883974272935,0.024450068962022276,1.4381484389714956
2022-05-26,0.04630212456034795,0.01227629245101026,0.02106407919100992,0.006241011706035317,-0.03542974031334397,-0.3029738167778291,0.046154376407554286,0.027378604662586455,1.4754140270627412
2022-05-27,0.0030457560226026647,0.02931558564712428,-0.008076693575766385,0.0055553006233556084,-0.024329921806620233,-0.17913810846565795,0.044819321781279245,0.027477478631825272,0.8764029216200463
2022-05-30,0.028973102591638298,0.07832098317458891,0.04429515106525118,0.033324927388054114,0.010020700216431398,-0.0553212277874934,0.04244915427229892,0.02837159460465595,0.9429118548598644
2022-05-31,-0.012884254428162484,0.019134604186078492,0.04540443381060021,0.022072722234497563,0.00332777266876764,-0.029237384846424276,0.04132522883078446,0.028404166957832714,0.6547942569231157
2022-06-01,0.015834090477700746,0.031922938641176575,0.08127081922412714,0.035850529493426014,0.02256473421653172,0.10401708357234511,0.03832664312885248,0.027486923517721834,0.8584282393690431
2022-06-02,0.01751875294807906,0.020468588997617387,0.05248744761185818,0.046335646230356374,0.04178716308173005,0.3148335914681354,0.036765183430067884,0.02748967436594083,1.6989753506519412
2022-06-03,-0.014577677094009958,0.01877516633176982,0.03486401449524575,0.028390140565574127,0.028157248468829558,0.16992709832735556,0.035312192899268596,0.027609161170966595,0.6697016497015369
2022-06-06,-0.0009793697187580178,0.001961706135311033,0.004911542184849287,0.022340204682304167,0.027771482139716842,0.030922440510725978,0.03527680101284317,0.027383290378714367,0.7879267548135431
2022-06-07,-0.0014709820481065502,-0.017028028860874546,0.016324814564905133,0.014637020408477638,0.025795865755157743,0.14884237060200106,0.034452521553938444,0.026917677235625333,0.7426840327767593
2022-06-08,0.016062756251359583,0.013612404484495076,0.016553480338564127,0.0212535740082387,0.04120064921783065,0.291693662570361,0.033731097016063534,0.027142193060825496,1.2244436323404448
2022-06-09,0.014381749060818167,0.02897352326407103,0.013416476451303188,0.029246032728417904,0.051525221356540335,0.3099552879051959,0.03273950674450553,0.024114226508371056,1.1654965179112413
2022-06-10,0.0004757793864166687,0.030920284698594425,0.02846993293172973,0.02326930098503894,0.04673446949355987,0.4122666536070113,0.031636529533652286,0.02386203018779248,0.7235734274176664
2022-06-13,-0.05024217175468438,-0.035384643307449566,-0.020792869104196525,-0.025353526133302568,-0.004606035033196408,0.4003401904724001,0.035767870560798214,0.02446684134599059,0.9846676762459322
2022-06-14,0.00598501819336733,-0.04378137417490038,-0.013336868862722676,-0.01978949922389967,0.0021677206486128376,0.552672501286292,0.03445335471747037,0.023928282481737395,0.8193423536523238
2022-06-15,-0.004485359142755422,-0.04874251270407254,-0.03388498425683774,-0.022508659179005425,-0.0026403661790926447,0.42561053070828336,0.0319323421314327,0.02316029833088532,0.8106158652364508
2022-06-16,-0.026317288829825616,-0.02481762977921372,-0.07458402214748146,-0.04214555953261171,-0.02912619445617903,0.2790660355394974,0.0352747142444722,0.022760387976283075,1.2574315908691867
2022-06-17,0.004217148840307758,-0.026585499132273285,-0.07084265269359041,-0.03407606162709247,-0.024276096889811225,0.1337751104990774,0.03478654095546484,0.021545550989239198,1.0653046697289197
2022-06-20,-0.041896550597064014,-0.06399669058658192,-0.06249703153597005,-0.06619601197392098,-0.06279084417599994,0.12218433645185939,0.03900230012225666,0.022920786228318554,1.0593391192838812
2022-06-21,0.05236244028777735,0.014683038531020872,-0.016119609441560153,-0.013093831446832658,-0.013955022200723357,0.14032782745915895,0.039818479669075535,0.025684215019635047,1.2735067810252525
2022-06-22,-0.00626645053650072,0.004199439154212514,-0.017900700835305317,-0.014119854942668965,-0.02227010297573558,0.06374235467186239,0.03895894408951973,0.025254466585180192,0.841365973052233
2022-06-23,0.01042225873902919,0.05651824849030575,0.018838846733549363,0.0019310913624336805,-0.012519699173924493,0.2053873183004572,0.038881320827531145,0.02315113728975368,1.156739511680887
2022-06-24,0.03564526153709019,0.039801069739618535,0.050266959430331805,0.0405353141750187,0.021127263212010527,0.3678092985209449,0.038052202035836445,0.02445036070385019,1.4094823704428465
2022-06-27,0.0005001409231428916,0.04656766119926213,0.09266365095053865,0.03784516318712762,0.020898424337397935,0.3621812851646024,0.037939386271968877,0.023620466187575337,0.5622575854860478
2022-06-28,0.015381175258298187,0.05152657771853124,0.055682385921059736,0.04964065471035219,0.0344885547020031,0.3305336314127243,0.036316105613031675,0.02360960314963387,0.7047568907681163
2022-06-29,-0.003946767072486133,0.011934549108955006,0.05800206938507414,0.04122703214617396,0.02921996071114908,0.1964091699158469,0.03595465253277513,0.023418747850692055,0.7250758399298906
2022-06-30,-0.03777837323241526,-0.026343965046603086,0.009801437413629916,-0.00020531174175197984,-0.007310651304307529,0.05741316523800606,0.03937366338610041,0.024616680529776426,1.1170740298979922
2022-07-01,-0.004630803921848363,-0.04635594422674961,-0.030474628045308542,-0.006761594236489733,-0.010780859421532892,0.024669007666429793,0.03645683451725415,0.024441101449826162,1.5498087417661037
2022-07-04,0.01535348226028303,-0.027055694893980582,-0.015621286708168399,0.0011186291931678694,0.0048405881755718885,0.04044125515605259,0.03592977992840184,0.0247176622610915,1.043473798249283
2022-07-05,0.0020294068673726165,0.012752085205807421,-0.028973055099093946,0.0005071408933794086,0.00702135438268543,0.14844005890644865,0.03562446296155756,0.024721419089366134,0.8334244944160522
2022-07-06,0.008076691592066474,0.0254595807197222,-0.01694959643454136,0.0045454130415450884,0.01574405863569411,0.29717404779169243,0.03325434165875715,0.024509569271433614,0.994332165546015
2022-07-07,0.054305431984673594,0.0644115304441127,0.07513420878254738,0.051524754995172825,0.0707779229637939,0.500022137524586,0.0339115814885836,0.027260016875951358,1.975151137914033
2022-07-08,0.0056980428145942275,0.06808016639133445,0.08546305551899015,0.05158340427822444,0.07493875372249324,0.609130139719789,0.03114855846539874,0.02727510487489212,0.6359417856424113
2022-07-11,0.036722691880608886,0.09672616667987673,0.1068322651393159,0.08064122546820751,0.1080852265449314,0.6191457404435318,0.02960163276598144,0.025424357984932363,1.0479427832366577
2022-07-12,-0.0027423189728516,0.03967841572235163,0.10206053929909163,0.06955793662043096,0.0985839239014806,0.632575457936808,0.029682921301395482,0.025500653729421896,0.8565381367254319
2022-07-13,-0.007349599699614924,0.026630773208142364,0.08663424800741021,0.0541919359851728,0.08439152582683489,0.5350002515887325,0.029177388939085228,0.025568419245824064,0.47203631914593436
2022-07-14,-0.03042596450282261,-0.04051788317528916,0.0019028515199140494,0.01490514688907969,0.04637567202904638,0.345774448849792,0.03065591941712655,0.02585235433712278,1.2663754759381292
2022-07-15,-0.010991616797076487,-0.048767180999513965,-0.014786808091756809,-0.0030181968042412703,0.030325607498887,0.26551861573127267,0.0316468931936604,0.026107801248935313,0.5865699886106639
2022-07-18,0.037259670976208636,-0.004157910323690402,-0.014249828996156892,0.0254463118330052,0.06059124803549032,0.2798361677935587,0.0317460490904662,0.02466009999837921,0.9704418746294086
2022-07-19,0.0425981790268145,0.06886623320594683,0.031090669003509264,0.05598504442146849,0.09777187699429864,0.4097075525166016,0.03286222468578203,0.023828254852515735,1.6211749387991377
2022-07-20,-0.0057842553003074415,0.07407359470271585,0.032656013402816764,0.0376441106828845,0.08268716069660183,0.5314440321915254,0.03171417203777985,0.023813306805683547,0.9370343074139086
2022-07-21,0.01681449727527527,0.053628421001782375,0.07989647518091456,0.04656496673744586,0.09181492938453034,0.6736142415094895,0.03178086971531131,0.02389005953218292,0.8501226192908455
2022-07-22,0.018692145231670062,0.029722387206637994,0.10958023720966113,0.05612658882721825,0.10387445526115208,0.6843594261187019,0.03106928159185396,0.02315971195511617,1.126385248126259
2022-07-25,-0.007782098278356708,0.027724544228588492,0.0645384679550957,0.04258112393109,0.08745929500918045,0.5803014391247473,0.03140501123784824,0.023364398191119018,0.711391448325681
2022-07-26,0.011221448113884574,0.02213149506719803,0.0331617370421658,0.04747341128452798,0.09202532823069715,0.5885554622391683,0.031207858372022054,0.023305005236868206,1.1172882479229989
2022-07-27,0.014909871258863871,0.018349221094391886,0.053855863601337074,0.053921617355369066,0.09961646287184128,0.5408892536657283,0.028571428232432666,0.023225795435938428,0.761335558270445
2022-07-28,-0.009345945673670293,0.016785373699078267,0.02769542065239164,0.03311429401503865,0.07947473488467315,0.5524279217548093,0.02944942104768171,0.021057478131912024,1.0335155573959387
2022-07-29,-0.007712078709894176,-0.002148153124700551,0.0012911967108273496,0.014265156115170858,0.06174080184242121,0.39590230036123303,0.028817203965451163,0.02117517995370072,1.0675678886831794
2022-08-01,0.0004300286827496103,-0.01662799570081477,0.00950332367193375,0.007406149067929202,0.05360906032090873,0.18612713460469166,0.030493796102521082,0.02120529793365681,1.4885379176075668
2022-08-02,0.045796679515582014,0.038514629488437584,0.04407855507363116,0.04641169572009307,0.09156113030308922,0.36941058897108237,0.032208863361922156,0.022724665943526727,1.9273579790390336
2022-08-03,-0.0057660548549923335,0.04046065334333943,0.023402628959775053,0.032409411744587356,0.07487736822729432,0.5089292783464014,0.03151000389543376,0.02301197786760207,0.6362697050060626
2022-08-04,-0.020447217246156526,0.019583407414433138,0.012301357387288743,0.007518162405627957,0.04680155987330073,0.439492691205586,0.03402795155928743,0.021423469926519098,0.8401442217353984
2022-08-05,-0.005919654643242485,-0.03213292674439122,0.014093781453940454,4.243322305377628e-05,0.035004962139768094,0.3013383107262462,0.033442386672233565,0.021591496028548807,0.8377939638412187
2022-08-08,0.0029642429296239674,-0.02340262895977497,0.016627995700814704,0.00042305352334588876,0.034128472294497995,0.18853205521474892,0.03168227243530694,0.020304077269369617,0.4245682312317641
2022-08-10,0.003376921390020141,0.00042150967640147566,-0.025791762424747188,0.001984545260128177,0.033379068251269184,0.16739803526004152,0.030853048760899802,0.020245991600274682,0.5948155402284134
2022-08-11,0.037631017808452495,0.043972182128096476,0.017605310238697606,0.036077661891762945,0.06615892883481558,0.20012580253028958,0.031192019871952262,0.021371095847927,1.363570817538998
2022-08-12,-0.00040587157814761,0.040602067620324984,0.03764665590670637,0.030457709727685762,0.05751273098763552,0.17774419147999893,0.03062466968706125,0.019633886470403206,0.8231394858031402
2022-08-16,-0.013077428436838772,0.024147717793466153,0.030488882113110075,0.012579142185369967,0.03598901358785353,0.16359146774303399,0.03205617505820005,0.019744614565598013,1.0984008072596425
2022-08-17,0.04070675305495835,0.027223453039971902,0.06823139223844456,0.04567600542263753,0.07054516288569242,0.18260783026318847,0.03266756643497192,0.020028561873200616,1.3879228786853075
2022-08-18,-0.021557671062290135,0.006071653555829446,0.04329679978613432,0.02156078796285372,0.042775694921585665,0.07163578692905447,0.03407124907354277,0.019311158785564116,0.9326310966774115
2022-08-19,-0.029070656789983617,-0.009921574797315386,-0.023404874812301774,-0.007136106838583396,0.009372422911621452,-0.05525501136360845,0.036025870481038606,0.020635504214360403,1.0554077269557454
2022-08-22,-0.01760306438617088,-0.06823139223844459,-0.04060206762032499,-0.024178867081964574,-0.010025279014558528,-0.045847757738493866,0.03578977539899285,0.020906449502349354,0.7712290503496811
2022-08-23,0.04303510048451719,-0.0036386206916373203,0.015510461301030893,0.014087937304566804,0.0303383960209912,0.12087833805932334,0.035323713361712805,0.022580077338478766,1.0183405776210037
2022-08-24,0.0008098099533698579,0.026241846051716342,-0.024386481800557407,0.010510010873777549,0.02759242427031345,0.027177419357321212,0.032953666973688664,0.02244408351065064,1.118207631208959
2022-08-25,0.018842002089977973,0.06268691252786515,0.016013191351710792,0.023660503672046543,0.043060456262747654,0.07064563554792627,0.033019378160041336,0.022645868157159542,1.34387980786351
2022-08-26,0.01888333662265036,0.038535148665998456,0.06396718476434476,0.038866437689325475,0.05853723472313086,0.23215588113050217,0.03098204653834693,0.02276484530524664,0.963630704050161
2022-08-29,-0.015711280365939762,0.022014058346688698,0.06585896878457585,0.020070267809528725,0.03811774646617626,0.2533980453549951,0.03328241346372974,0.02300562791929128,0.8501529329415394
2022-08-30,0.03539161597343898,0.03856367223014953,0.05821548427349759,0.04893985424133511,0.0691014752809487,0.3557675458970806,0.03310768301475458,0.02387682463077099,0.9104964586066405
2022-09-01,0.019675175228016116,0.0393555108355152,0.07708084954814365,0.06393998737922137,0.08275856576054694,0.38611553083069167,0.03372048117592365,0.024031420763988537,1.0063980535822081
2022-09-02,-0.017385216556175524,0.03768157464527946,0.04085363090199003,0.039594054012884204,0.060054864013035614,0.260530719537247,0.033358738201242355,0.02276548345849481,0.696946808416649
2022-09-05,0.02037814310814187,0.0226681017799824,0.0423484373874816,0.049762739347553334,0.07631069763149856,0.25939343005084864,0.03367308085937233,0.02294212812640931,0.7299731546543219
2022-09-06,-0.0029929265519663293,0.0,0.05506679120145508,0.034295639709310176,0.0667252399321702,0.38080118854047923,0.03334581446905769,0.022243480736959996,0.9378964315556777
2022-09-07,0.005604339310465361,0.022989555866640927,0.025279514538481294,0.031514172219353404,0.06577714418736191,0.3438758815897245,0.03119011942207913,0.02206980969413718,0.6600259004014496
2022-09-08,0.030455588654300203,0.033067001412799064,0.036059927964765474,0.05145165123183528,0.09003532099109934,0.5081174014078718,0.031132225558766952,0.022687144012305677,1.7003806492571176
2022-09-09,-0.0021707761022406492,0.033889151862524766,0.051274368418700374,0.03957232592853268,0.07942222254448861,0.657459330997537,0.03073421353345796,0.022778434283147592,1.1912454257705711
2022-09-12,0.005778217059880072,0.034063029611939515,0.03667444237043856,0.037355246943498024,0.0790751767379906,0.683711424488992,0.03011986611908427,0.021651815237308563,0.5581892293935707
2022-09-13,-0.0014415476867730484,0.002165893270866276,0.03822582123563184,0.02639069424601461,0.07106979261179991,0.6075809611232847,0.027304111209132082,0.021669121624388638,0.49171612021464145
2022-09-14,0.01289889181108215,0.017235561184189153,0.04552037373624858,0.032379012325413785,0.07711185301216297,0.6001227702511838,0.028378179891172913,0.021244369667943196,0.9575321019905332
2022-09-15,-0.002852023089793786,0.008605321034515527,0.012212761992154823,0.024468789306309552,0.06853341701702155,0.573150640059377,0.02764319978124814,0.019816134303588855,0.9143226831795496
2022-09-16,-0.02019545882543073,-0.01014859010414229,-0.005811920731035266,-0.00047336700505976016,0.04186433797342087,0.4070039205665421,0.02961229714891354,0.01972199031044164,1.4536599965447234
2022-09-19,0.027310382217907134,0.004262900302682668,0.01572024442699185,0.021842307147029543,0.062363499490299144,0.5768934226742752,0.0292955952273556,0.01857424772293095,1.5083371912357642
2022-09-20,0.0038918078944937037,0.011006731286970176,0.021053600008258642,0.01980561977507075,0.05720959882475652,0.5601336612879351,0.027794600146455566,0.01761590478295449,0.6691653807357785
2022-09-21,-0.0017670939477210828,0.02943509616467973,0.006387614249455277,0.012789803575624436,0.04833782828502277,0.4001774098134382,0.027313160026703785,0.015818346440042003,0.9642410906193556
2022-09-22,-0.020730014121399465,-0.01860530017462679,-0.011490376782150341,-0.00806028257853745,0.021187042192208592,0.3173001740515167,0.028917103636109942,0.016939080851194662,1.4176850856184748
2022-09-23,-0.043926518959095225,-0.06642362702821578,-0.03522143691581497,-0.0468997353295698,-0.02507221096741181,0.1154788583640645,0.03218329536309403,0.019926103796359063,1.482073187021625
2022-09-26,-0.03338122609834167,-0.09803775917883635,-0.09591304523206363,-0.07104026810316713,-0.05702726368672533,-0.054130434969306404,0.03583970759703174,0.02106647770625243,1.2598663328631923
2022-09-27,-0.0031261923417654973,-0.08043393739920239,-0.10293104546832285,-0.06656438864264656,-0.06047179330176706,-0.017976125202334714,0.03762929949170802,0.0207600515384974,0.8303946794683854
2022-09-28,-0.010228317770589537,-0.04673573621069674,-0.11139226929119132,-0.06651416763114412,-0.06852550088300809,-0.19386308451873346,0.037225324149542986,0.01917877672862358,0.7361469715587998
2022-09-29,0.007877210401021767,-0.005477299711333248,-0.08278504476877015,-0.050298076403136355,-0.05907976223287953,-0.20784766079154393,0.037577751315623055,0.018660833907783947,0.8352709771887752
2022-09-30,0.03810349993199109,0.03575239256242329,-0.0007550258776838274,-0.009834373662288516,-0.02298641142267279,-0.07374276272595381,0.03911307646410035,0.02034860921555635,1.0955278556942254
2022-10-03,-0.03340673469158419,0.012573975641428639,-0.0007805344709263409,-0.032964478178462486,-0.05305965245069414,-0.0980306053641587,0.04348189666712141,0.02111917668002081,0.7902649725494857
2022-10-04,0.04392532122449076,0.048622086464897574,0.046270979095329824,0.016447051879189833,-0.010665977926631395,-0.10030024703638162,0.04150650406320792,0.02349986072653234,0.83623359699876
2022-10-06,0.008187440141151815,0.01870602667405863,0.0646867370070714,0.029849508183726867,-0.002790682599693064,-0.09948872173741634,0.04077092403853539,0.023538592007092338,0.7178706833846483
2022-10-07,0.002960989568126448,0.0550737509337691,0.05977051617417599,0.0353932569830794,0.0012951907513820923,-0.09773040905605228,0.04009605524168213,0.02246045862730145,1.0509929902251536
2022-10-10,-0.023178717149060772,-0.01203028743978242,-0.0015117009068758532,0.011902477667686711,-0.019524236428325882,-0.24830925139644947,0.03919924943811834,0.02299727055916966,1.0266311605761043
2022-10-11,-0.019863070843756443,-0.04008079842469083,0.012031962940951896,-0.009098498501437204,-0.03549893963277701,-0.32964022957258804,0.04097770459425916,0.023244543927815522,0.7345213599260124
2022-10-12,0.025520251560965157,-0.017521536431852044,-0.006373106722573743,0.012489504723474237,-0.00846480829721571,-0.22433247303811057,0.04024066847965299,0.02413187913264026,0.9324426178828127
2022-10-13,-0.02243861616443783,-0.016781435447229223,-0.03699916302816354,-0.01264571178687926,-0.02667288524864735,-0.17279732910960277,0.0399450287366897,0.024269248444353794,0.8006747375646501
2022-10-14,0.0034555423328306713,0.006537177729357784,-0.036504610263459365,-0.011480319801773057,-0.019780959193482734,0.0004156047723103029,0.03810981129147732,0.024324038038816293,0.9303334292421345
2022-10-17,0.04276718477016491,0.023784110938557677,0.02944129165576632,0.02878945355837274,0.023472571421706175,0.2197027742753366,0.03606838353380219,0.0260683042044764,1.615438483090274
2022-10-18,0.03251738042870794,0.07874010753170346,0.08182174292823087,0.05276950165210856,0.05745921310351382,0.2448760608259326,0.035244507489831496,0.02638373762897574,1.5356029641555984
2022-10-19,-0.020471224871320935,0.054813340327551946,0.0358302664959448,0.028358203976777904,0.03751388250639091,0.25147513809378635,0.03574018568976566,0.026747610646913503,0.9014804865275857
2022-10-20,0.020826605928595032,0.032872761485982095,0.07909548858897765,0.04547479282255621,0.05960764239628144,0.26626522949770687,0.035485825220826786,0.027202768233346483,1.1524530915855464
2022-10-21,0.02005343177482246,0.020408812832096487,0.09569337803096956,0.060152856603167604,0.07899878733449578,0.2760986046384113,0.03328853627980354,0.027113660853218886,1.1323338816683846
2022-10-24,0.00624998662231549,0.04713002432573285,0.05917617988312002,0.05723481752350367,0.08090913162974904,0.37024391901850295,0.030608696379294583,0.02488921874006484,0.15153173888990026
2022-10-25,0.02664096614057889,0.052944384537716764,0.053299765594990854,0.07108047045060005,0.10176572516618337,0.4215815114002484,0.031224410001773426,0.02369432146403532,1.6434268012404407
2022-10-27,0.009059063189419278,0.041950015952313464,0.08283005365573093,0.06791279788058113,0.10280317624122072,0.4413446106985063,0.03141998260791828,0.023567938618589836,0.9423847748702576
2022-10-28,-0.01820083015828543,0.017499199171712606,0.04380261756885051,0.03608681778299318,0.07477744400022052,0.4359087017568379,0.03187561098859733,0.023955431518612697,0.8903896112577574
2022-10-31,0.004750639929141349,-0.004391127039725024,0.0284998257231692,0.028515739715164076,0.07195995984014823,0.42531906773821676,0.03167618032427524,0.02396324194261403,0.9205244918766584
2022-11-01,0.0,-0.013450190229144164,0.022249839100853947,0.020309492296079455,0.06604115914912075,0.5255007849084146,0.03223233147801361,0.022881735532599715,0.9045517777448069
2022-11-02,-0.004410607738727312,0.0003400321904138982,-0.008801734778452235,0.01134794578500865,0.05412180071858985,0.43009452888493965,0.031767630222947096,0.021141401702979925,0.6983753923271773
2022-11-03,0.007452619258727526,0.003042011520000376,-0.010408178709143838,0.011711635775339922,0.05657277683928519,0.5182458762915525,0.031845145961440856,0.019271494368808838,0.8827793928638796
2022-11-04,-0.024599787104472387,-0.021557775584472135,-0.01680713565533081,-0.015461132451468924,0.02736315188698092,0.3936350665915518,0.0335524069377939,0.020358391197972506,1.1411657725341753
2022-11-07,0.09118232627582273,0.07403515843007795,0.06962455069135057,0.06776803437283621,0.11630037681473561,0.5599753364557628,0.03509405627596306,0.028267127591728163,3.192917278721464
2022-11-09,0.048985571685473614,0.1155681108568241,0.11861012237682436,0.10509348200148802,0.15842078989312408,0.5990708845054891,0.035198866487452754,0.02869833068825697,1.2885884256120408
2022-11-10,-0.0051242624696764575,0.13504363549162002,0.11789646764587511,0.08709226090295943,0.1382869442312604,0.694394425869923,0.03581141420691758,0.02803280218574534,0.7622000706147795
2022-11-11,-0.022617205411659232,0.02124410380413809,0.0878266429754883,0.05443280635674479,0.10191423539322335,0.5709878690172303,0.03718259523248082,0.028883532781830024,0.4973419462603761
2022-11-14,0.013204612244389432,-0.014536855636946185,0.12563104232435016,0.0568057390245844,0.10381520328629168,0.4694829428865174,0.03704349364220947,0.027871293537756345,0.37617600372211846
2022-11-15,-0.005813111497371232,-0.015225704664640977,0.028635604551156227,0.04044949689272833,0.08553724399627223,0.4900107985657249,0.038070401993929054,0.02808980173932435,0.5917060299377261
2022-11-16,0.0021456115526855436,0.009537112299703889,-0.018204355581631783,0.03240083049301122,0.07811905800319507,0.4754283352396925,0.0352987546603762,0.027133596149004846,0.8221365772435669
2022-11-17,0.0024465619068661467,-0.0012209380378193767,-0.01063353120508917,0.024149225131031734,0.07259868224194176,0.46737738320431277,0.03484160937086605,0.026594998294718408,0.6640805708070343
2022-11-18,-0.003671988705827045,0.000920184753724717,0.008311685500742974,0.010940021336440712,0.059882432431955554,0.4606747074802789,0.034509940683764645,0.025918840592161606,1.043045729922448
2022-11-21,-0.007384677165109798,-0.008610103964070512,-0.01227760390875616,-0.007174814439216039,0.04488691656680189,0.4580532303052686,0.0345451340305882,0.02597616491946679,0.9524472458355275
2022-11-22,0.029516793723003528,0.018460127852066712,0.023052301311618513,0.017326570301189052,0.06819127061906569,0.4625633590296752,0.03364746502453149,0.026310161831208358,1.2036108149833564
2022-11-23,0.012515159598699201,0.03464727615659275,0.03342184935763194,0.028538435647585392,0.07325608510163568,0.5392086923529533,0.033863530481400436,0.02633190178155754,1.458520341375562
2022-11-24,0.009137713900820577,0.051169667222522947,0.04011300135158633,0.034859638889440846,0.07557076979521549,0.547948413194597,0.0329896009136445,0.02596114184349583,0.9729185339591189
2022-11-25,-0.015077826123398443,0.006575047376121058,0.028707163934014904,0.015610807942820493,0.05344086441198493,0.5296059104152516,0.033426951360255704,0.026413968188673212,0.9902498526311991
2022-11-28,0.0,-0.005940112222578018,0.03609184109912464,0.013189256879860441,0.04659319464858158,0.3026367820558019,0.0272777548146436,0.025853980100348246,0.6878230254857692
2022-11-29,-0.00029788905207212533,-0.015375715175470595,0.006277158324048894,0.009930808483517227,0.03976581551026206,0.20410343945476542,0.02415715490820006,0.025897923083553074,0.7433862184960557
2022-11-30,-0.009280158460621682,-0.009578047512693859,-0.015518159735271776,-0.001171580237736407,0.024274533967685943,0.02875937182900401,0.024146080640261046,0.02610058119860294,0.8209006181316243
2022-12-01,0.03254729413851007,0.022969246625816217,0.007891420502417801,0.026905853026845075,0.05016971563221356,0.222435515644012,0.022936163464840988,0.02663387048241286,1.4299593783550155
2022-12-02,-0.0032075203284817346,0.020059615349406625,0.019761726297334595,0.01868377918384805,0.0394814545349551,0.3677402389803518,0.02240487131375842,0.026746844354862947,1.1095616970335775
2022-12-05,0.004371265763431296,0.033711039573459764,0.024132992060765975,0.017064415335128872,0.035422316731048446,0.2476363740930813,0.02164249983837187,0.025696129118350296,0.8057730284925952
2022-12-06,0.014147789167043621,0.015311534601993335,0.038578670279881655,0.02690924942930698,0.045124936204877876,0.28648918608543966,0.02185041756912428,0.01697042238074037,1.517688126224281
2022-12-07,0.011969363541414165,0.03048841847188921,0.059828192281917394,0.03461414033417152,0.0544867817647786,0.30911547688764957,0.02211653872853049,0.013581037910499406,0.908146285375313
2022-12-08,0.0644500614650799,0.09056721417353758,0.09173095960848732,0.092064103190426,0.11707815407315825,0.5400767244863814,0.024113060128054854,0.019161105771446835,2.320796579982777
2022-12-09,0.0018575179439411507,0.07827694295043529,0.09679599788091031,0.08108114579600877,0.11030987964531738,0.6958719389834687,0.027571562433092535,0.017949930500443818,1.8027199344031104
2022-12-12,0.007658758830639788,0.07396633823966105,0.10008349094811872,0.07570396815249579,0.11029969802863622,0.556324454031647,0.027210869386779163,0.017902849506721063,0.6029019589480602
2022-12-13,0.0154030017604159,0.024919278534996987,0.10133870354149094,0.07703898283785461,0.11772285939753763,0.5582049861689075,0.027035511968338186,0.017706107719728536,0.5727598096487316
2022-12-14,-0.007019489503249882,0.016042271087805704,0.08234985049682692,0.05455737349210384,0.10086727208943176,0.4522719549510009,0.02752412961990784,0.01799445064216949,0.45417775207516914
2022-12-15,-0.03775031739995002,-0.02936680514278402,-0.019850528368203012,0.008387259844826586,0.053773532314484056,0.400742093660439,0.02993768191213723,0.020690698107506938,0.8906089421408745
2022-12-16,-0.013913682081352376,-0.05868348898455236,-0.03562172839349665,-0.011379969016322001,0.03363578167228291,0.37597742029776865,0.03088696040566024,0.021065861132429534,0.801196298981692
2022-12-19,0.002469416554717263,-0.049194582926585115,-0.04081107066941912,-0.01455619143299126,0.030179802895886093,0.3007042323581629,0.03116312633993737,0.02086334686495421,0.7287105974805452
2022-12-20,0.006555634765614863,-0.004888630761020146,-0.0496584376642201,-0.013005866188263555,0.03203146142225243,0.36184110747900067,0.03148456998456589,0.020118150541918286,0.659087177298795
2022-12-21,-0.033779567040863295,-0.024754515720530966,-0.07641851520183342,-0.04632743536173961,-0.004680941592962629,0.2552641793904702,0.034517425773122015,0.02178149951070252,1.0423989626343448
2022-12-22,-0.00536490554044218,-0.032588837815690476,-0.044033103342325595,-0.045456989676059927,-0.01172388005572959,0.1683050938168097,0.03585583461800453,0.021790717409451935,1.0268759956684141
2022-12-23,-0.043692741413868745,-0.08283721399517426,-0.07381216267484189,-0.07650702716353024,-0.05429216549601537,0.14537116751424078,0.04016139223058203,0.023802821822718267,1.21073610942126
2022-12-26,0.046519993171168804,-0.0025376537831422,-0.029761586058390525,-0.025638189992986758,-0.011815251715756887,0.1322781113507456,0.04111880175532308,0.025942929690307127,1.2019657380760331
2022-12-27,0.0028192809350276876,0.005646532692327553,-0.03349793988897784,-0.014537775409278187,-0.011727392550597803,0.12545086864664398,0.041023156282640506,0.02593344568267349,0.7789993621611118
2022-12-28,0.023373348390793122,0.07271262249698951,0.023654975542678716,0.014310822650989168,0.007285918952198943,0.006801854171388015,0.038307387442369535,0.026157280796781816,1.1304751228738206
2022-12-29,0.01933876920033575,0.04553139852615657,0.04835865028345654,0.033655875778799416,0.02310050610191128,-0.18102478181011705,0.0362056233489244,0.02557126799057893,1.0152562810504235
2022-12-30,0.0018864635170609209,0.04459858110818963,0.09393785521438604,0.03347519876264841,0.020946669066312915,-0.019017348897219222,0.03584889747246836,0.025523012431991003,0.9751605716667199
2023-01-02,0.0029574378395352528,0.024182670556931688,0.05037529988275265,0.03434870635992591,0.019961110622712032,-0.07341426914151071,0.03495683831615861,0.025524077438712617,0.6022761697038588
2023-01-03,0.006689065901694533,0.011532967258290573,0.05424508484941952,0.03906906614909397,0.023136595225391056,0.05828309342503843,0.03464760058104181,0.025422202217577395,0.8177174009336678
2023-01-04,-0.025933390074610863,-0.01628688633338112,0.004938346384015324,0.009587539236734484,-0.004739281922637171,0.11361142246015361,0.03469777012773157,0.026168927836001193,1.0834664155455618
2023-01-05,0.0073619107991236025,-0.011882413373792937,-0.007038512017196775,0.01287762900718658,0.003763062503685534,0.1293270912028133,0.034462671944223186,0.021698862741707618,0.980810509432106
2023-01-06,-0.004355984032712481,-0.02292746330819981,-0.013280959566970082,0.0006553659680792891,0.0008603280489781707,0.1473781475219019,0.03492495557237351,0.021698346109559816,0.8396681473727324
2023-01-09,0.010314839584229366,0.013320766350640527,-0.0059235578222759195,0.0066055629691967556,0.012592442072925644,0.14338653223214762,0.03445082433553403,0.021764984247829564,0.8063061577899102
2023-01-10,-0.024328104966986806,-0.018369249415469836,-0.03694072869095719,-0.019240709775200725,-0.008409598833170174,0.17720560728978854,0.033836661083111855,0.02197183741445151,0.9543918245748447
2023-01-11,0.00303914628614188,-0.010974119096615522,-0.007968192330204415,-0.015961758227857704,-0.0025451974522021576,0.1985276385972483,0.033201966694540334,0.021997145350034535,1.0001908702448312
2023-01-12,0.002479530194851777,-0.018809428485993096,-0.012850572934476159,-0.01156002400564828,0.0007158619699593802,0.34465928859027994,0.031134525216922036,0.02041440304468448,0.85330323599125
2023-01-13,0.017458171445819883,0.022976847926813603,0.008963582544056195,0.0062857799880067155,0.017527345158977175,0.31238426184269086,0.02785289849407348,0.020556753822569697,0.957677211125111
2023-01-16,0.0048557521388983005,0.02479345377957001,0.0035044950987251793,0.011431644350507935,0.021538594844289684,0.31026080205764145,0.027641087242301392,0.020573930378242088,1.114779897757817
2023-01-17,-0.021763607833380934,0.0005503157513372814,0.006068992232330887,-0.0072625934480244824,5.501027065191031e-05,0.14521316316119864,0.027876000532863904,0.021131855213466257,1.0828655742406514
2023-01-18,-0.01972005090728655,-0.03662790660176916,-0.01669020496109747,-0.024276684443620463,-0.019661696822872422,-0.03715365891090428,0.026908430839551193,0.02017909709897695,1.199781498927386
2023-01-19,-0.001965573826644725,-0.0434492325673122,-0.021135308982593897,-0.022903307901141055,-0.021936373851908955,-0.19292009939658128,0.026158360166223547,0.02014407202819298,0.6393512390942877
2023-01-20,0.008117633055735277,-0.013567991678196058,-0.030475847372678715,-0.01282473986736015,-0.01674845790487507,-0.16798801569879798,0.026484533922655852,0.01731217191504759,1.14631242434286
2023-01-23,0.006668569493636783,0.012820628722727247,-0.02866303001794013,-0.003697133443882525,-0.011104861610140036,-0.20469830519940474,0.025952452252082793,0.014013466572133483,0.7594934146672454
2023-01-24,-0.014505129396520253,0.0002810731528518768,-0.021404551581079387,-0.016551957363999743,-0.025438795702502414,-0.17066689192388396,0.025267939977473536,0.01442227020574489,0.9485543998413132
2023-01-25,-0.047175801431452245,-0.05501236133433546,-0.04886030210524506,-0.055869111948681,-0.06726920095104023,-0.2320887511449287,0.029960032185884954,0.01685278217331514,2.087506179910361
2023-01-27,-0.07648994253110229,-0.13817087335907471,-0.12338467080970267,-0.11333521743784232,-0.1292309923171179,-0.30012417691371696,0.03706564387143542,0.022660745794547885,1.6868651479642456
2023-01-30,0.010438139277490991,-0.11322760468506346,-0.12106416458794682,-0.09070104698725176,-0.11351627274551578,-0.4705875681657588,0.03915311435461676,0.02294044388797974,1.549257827809982
2023-01-31,0.05479570065924694,-0.01125610259436427,-0.0729370334223367,-0.02951635164064754,-0.05875425887644134,-0.2763595512676514,0.03812928616030175,0.026819489257451406,1.025674990434417
2023-02-01,-0.08222954860649659,-0.016995708669758483,-0.14066145263231297,-0.09184359955021883,-0.12498404653322978,-0.3614091706100001,0.04770374421343119,0.031675260543592265,1.39594941973636
2023-02-02,-0.0035639699382927254,-0.030997817885542286,-0.09704962113915354,-0.08202486579930589,-0.12097005563271028,-0.485244675168845,0.05086474106780722,0.031464142189588665,1.0933660917222252
2023-02-03,0.06014716163408791,-0.025646356910701194,0.03958748302603674,-0.016738341444290077,-0.06099788080871521,-0.3290373696875017,0.0516503653768989,0.03489410369128234,1.2293219302233827
2023-02-06,0.025944057733926097,0.08252724942972146,0.05509340148247186,0.01609767073207386,-0.03205361561580104,-0.2820764316336519,0.051093341928356864,0.035614507006740265,0.6979457418134734
2023-02-07,0.0038641491069025913,0.08995536847491666,0.004161849930127367,0.02749343271060725,-0.02363422167715765,-0.18833341765132475,0.04941305165195834,0.0355035147601043,0.49725594101736276
2023-02-08,-0.003268615373298438,0.026539591467530235,0.08312278316332541,0.03039036809206466,-0.023227427538107085,-0.18685364611581576,0.04889455326505133,0.035201647174911865,0.49433022170777785
2023-02-09,0.008593943624389123,0.009189477357993161,0.09528069672600736,0.0394749119126365,-0.011405716572595238,-0.11490367013972716,0.05030981637817182,0.03527897848662567,0.6577573943323937
2023-02-10,-0.0008855876549163811,0.004439740596174305,0.0342479474370029,0.030934147589755757,-0.008695110586343403,-0.0877887495842937,0.050881771607419926,0.035257650420780696,1.1844186804842067
2023-02-13,-0.024515506314747776,-0.01680715034527501,-0.016211616611670865,0.0021230980917457207,-0.027090742166730453,-0.15142909402035953,0.05378760143579622,0.03519149128580975,0.8628691270984085
2023-02-14,0.02155780448272213,-0.0038432894869420285,0.0014820387641486636,0.023371463958206353,-0.0008878054493467003,-0.0849889766241769,0.05312709377369603,0.03564869168463932,0.8173703218530306
2023-02-15,0.004433278703359888,0.0014755768713341846,0.00918393284080691,0.018685442550871914,0.007202814417940964,0.022840261361438935,0.04874244528354036,0.03547335245301492,0.6682576525991584
2023-02-16,0.0032386841601309622,0.02922976734621291,0.0038286733765487127,0.012228941759228082,0.01292212723155899,0.14606875876872777,0.04346180416551503,0.035291439206471716,0.7388960744334887
2023-02-17,-0.019591134385072765,-0.011919171521581989,-0.01487687335360758,-0.00929533263007442,-0.003435448576479113,0.21971796954164816,0.0420734717036875,0.035501041787854466,1.0435905516232173
2023-02-20,-0.01540566432306288,-0.03175811454800471,-0.005767031361922759,-0.022321339991525174,-0.014223872024111331,0.10361703489951665,0.040595760297432844,0.035495274096192145,0.9733132630410624
2023-02-21,-0.026841113105732062,-0.06183791181386767,-0.05416594895037691,-0.043288336740009245,-0.03434736554440142,0.1928100806348337,0.03553558969320089,0.03573549767489345,1.674915530538171
2023-02-22,-0.017666107104569437,-0.05991288453336441,-0.07626533475830613,-0.053870949797485884,-0.045245978654866605,0.29300157029446383,0.03362279959239838,0.03578171402372346,1.0308615774472019
2023-02-23,-0.010236817404173391,-0.05474403761447487,-0.08974083632261057,-0.055572441551926505,-0.05085987044470486,0.047214150985511905,0.030592549785683182,0.034486943186398444,1.1703166985369806
2023-02-24,-0.005804563841652858,-0.0337074883503957,-0.07595426577919066,-0.05257995954459859,-0.055589463713034915,-0.13696596855816523,0.030239320578473734,0.030044329842348998,0.8968051930034281
2023-02-27,0.02806310168529811,0.012021720439471905,-0.032485499770829644,-0.021899570043211157,-0.02874066384985762,-0.13531329934379285,0.03023359111337574,0.03064532177752292,1.0541692063094645
2023-02-28,0.0,0.022258537843645326,-0.0056443866650975425,-0.015967290548064943,-0.026108205844037086,0.3151545335536315,0.030525598966327158,0.027809814604865375,3.173242750818506
2023-03-01,0.033398201394200036,0.061461303079498285,0.04541992183367203,0.02070588162065515,0.003954118009047332,0.3162919620997593,0.029718450514703173,0.021771416293308095,0.4546443817622306
2023-03-02,0.0015195236076946804,0.034917725001894794,0.05717626284554001,0.02572884254897444,0.0022369770988668425,0.2869696530758085,0.028935833148795366,0.02171946488400418,0.2977717391330215
2023-03-03,0.04889130251713752,0.0838090275190322,0.11187212920433044,0.0730464855223691,0.04948470994222673,0.4032893565524336,0.02860860902750134,0.020266920829977202,0.6120790354155118
2023-03-06,0.0011562027560403888,0.05156702888087256,0.08496523027507262,0.06841961882227023,0.04904324752470435,0.4090720912050693,0.027853424870313243,0.019518929706041716,0.42387136423123417
2023-03-08,0.005185808739726338,0.05523331401290417,0.09015103901479893,0.06470858257521508,0.052758953216969204,0.3443712764660319,0.028325119773971806,0.01952950014225461,0.6258137023865611
2023-03-09,-0.01418054418420602,-0.007838532688439395,0.04257229343639273,0.04051675757296157,0.03682212737753437,0.28835918842609487,0.029458297287598263,0.01982263640573925,0.5494774588482889
2023-03-10,-0.022101936961466707,-0.031096672405946445,0.018950832867231336,0.010234820843858171,0.014663663292755267,0.29111565425804486,0.030095335677377575,0.020387711529191978,0.898967582355068
2023-03-13,-0.023516348138296308,-0.05979882928396892,-0.0534568177882023,-0.018739162317038212,-0.007298404610648793,0.2873789396523705,0.0314433789061372,0.02102880141931984,1.0776442929017687
2023-03-14,-0.009194145090717152,-0.054812430190480134,-0.06380716563495978,-0.029694771379005194,-0.015548855515003497,0.3187400379453129,0.03124998976189963,0.02042115750457397,1.3402284378196834
2023-03-15,-0.019901058667893108,-0.05261155189690642,-0.08889403304257909,-0.04892763844121859,-0.032130596845000456,0.3271562731533737,0.032887638170292,0.02012846821806997,1.0668806988865558
2023-03-16,0.003448876677900645,-0.0256463270807096,-0.07126461218047256,-0.042983312203342006,-0.025884889689053198,0.33817016473101263,0.03304268050167123,0.02011071691201864,1.1735713523687406
2023-03-17,0.0018761280659535258,-0.01457605392403902,-0.04728654715305241,-0.03853661143404289,-0.021056007036606927,0.4377521596103634,0.033181575054356684,0.02009085071049312,1.1968702788382752
2023-03-20,-0.008155677603465257,-0.0028306728596112097,-0.03192587661822135,-0.03817028698342391,-0.026611117777349317,0.32464479291290727,0.03280089150292465,0.01975509217646587,1.0952768741240713
2023-03-21,0.026726281536742683,0.020446731999230888,0.0039945500092385365,-0.006065422923426086,0.00012265507366542787,0.00122651748344893,0.03219869902823773,0.020534462967166926,1.0520313355961255
2023-03-22,0.026329231578040856,0.04489983551131831,0.05022484025517236,0.02457382545167297,0.02444841324245358,0.008121189405017902,0.03055128132352446,0.020367721141730275,1.05348681928099
2023-03-23,-0.028478136468517504,0.024577376646266084,0.0182978271087543,0.0012307465651041503,-0.006017688404772749,-0.10727783965132445,0.03213626080005345,0.02105714622921849,0.7974887080565076
2023-03-24,-0.01798492941527554,-0.020133834305752225,-0.0015632303724747493,-0.011750124240009308,-0.025015235718699583,-0.29788818084130214,0.03079741745211077,0.021358427928813054,0.7881973969961791
2023-03-27,0.009032844562733998,-0.03743022132105916,0.01562529179372433,-0.0011460135866208055,-0.018160284509004396,-0.5076613757797196,0.030498331951266004,0.021354015821383986,1.7794527642397102
2023-03-28,-0.0031054834574405442,-0.012057568309982263,-0.014206473200458881,-0.0032243530895867244,-0.02172584720881632,-0.5297241527452118,0.030215501521415125,0.020479365485091165,1.048674588487933
2023-03-29,0.022756108797081176,0.028683469902374546,-0.017779595981418563,0.016409611704124027,-0.0008658147090536453,-0.3543115546376376,0.029948308188307373,0.02107096169388769,1.2075158195060618
2023-03-31,0.026404308897802625,0.04605493423744342,0.03710284938490168,0.0377678326932277,0.024482086889875316,-0.21685105553306103,0.02910444883045924,0.020569005866391796,0.8451498409994059
2023-04-03,0.0020706176128135073,0.0512310353076974,0.057158396412990656,0.034103419440886816,0.02519048772199805,-0.12121712576063047,0.027186762478166662,0.02056963459848846,0.5044429184873941
2023-04-05,-0.013087652140584806,0.015387274370031274,0.03503789970967191,0.015537099343964423,0.013672422776091098,-0.15046930205480818,0.02784431187903113,0.017467106455953587,1.1682779310725893
2023-04-06,-0.0005990007525743293,-0.011616035280345782,0.0375443824145381,0.012558365950353855,0.014975263843805764,-0.16953983189982438,0.026705471719358605,0.01745621640399367,0.9358922511530605
2023-04-10,-0.004202880841405837,-0.017889533734565005,0.010585392776051295,0.009046235582543019,0.013121236248987554,-0.15240872373082298,0.02550713333531139,0.017383884828062367,0.6267978712267644
2023-04-11,0.02759412676835393,0.022792245174373674,0.011775210646602434,0.032170422522514834,0.04168896163255857,-0.1495851514344804,0.02615075425320488,0.018362539459046777,1.0794264827312363
2023-04-12,-0.0026374967457819826,0.02075374918116627,0.0070670962880070385,0.022901150175968568,0.03812229693825147,-0.12690876529716746,0.025632957493936286,0.017642577501028548,0.61744906163854
2023-04-13,0.00585147964247123,0.03080810966504327,0.02600622807106307,0.02267304176909844,0.04183447913511648,-0.13882060114996647,0.0249624848522665,0.016712574622917132,0.9943490711911424
2023-04-17,0.02847063971125876,0.03168462260794817,0.05507586853489627,0.04250414200346469,0.06739703576050744,-0.1371212196049184,0.024626345034881918,0.01746195939033222,1.294402538852687
2023-04-18,0.008750885395836037,0.043073004749566116,0.06802963477213808,0.043371111021040964,0.07071918377774972,-0.01932750979153866,0.023568615523368475,0.01653838242852035,1.0031632835120112
2023-04-19,-0.003660404275140658,0.03356112083195418,0.03677510372864348,0.03446261977868416,0.06121836579284736,0.07351864789890328,0.02280877943071773,0.01666192690653059,0.7753464284823648
2023-04-20,0.002816804495423556,0.007907285616119182,0.04222940496984912,0.03222986191202546,0.05860271116160624,0.29002164815730624,0.02214185524340403,0.01665338312282788,1.0439384376755558
2023-04-21,-0.007340374215153012,-0.00818397399486996,0.02903755111222502,0.019088088438511903,0.04535090683084805,0.3667602101353626,0.022507381106388787,0.016619818775642437,0.5161385311867136
2023-04-24,0.02102975879342171,0.016506189073692338,0.0215966701943879,0.03281272541185035,0.062171202168570396,0.3239173904209292,0.021761530360699617,0.016278334769342918,0.9234510231409945
2023-04-25,0.02141177953007855,0.03510116410834744,0.034257564328630516,0.04445015760879603,0.07984459834471971,0.3268637647575989,0.02106772998231938,0.0159735075623115,1.4980979358591378
2023-04-26,-0.0029919366616741705,0.039449601661826116,0.03492603194209696,0.03388072476609415,0.070075279144011,0.32399875226314634,0.021267062754643042,0.014088106467396581,0.793900024570124
2023-04-27,0.011914498550367353,0.030334341418771803,0.04402372599704075,0.037303845403672146,0.07477108139303494,0.5305013941909215,0.020303781756636514,0.01294582646686307,1.0591165986654172
2023-04-28,0.010709677835790446,0.019632239724483663,0.062073778047984016,0.03898625921018199,0.07807818547536653,0.7100162667394443,0.01976411445823569,0.012961533390744151,0.8978835217812926
2023-05-02,0.0018624601168737722,0.024486636503031664,0.042906479371436206,0.03419844590435081,0.07167282128386197,0.8185896465589937,0.019480517760258855,0.012791910156324549,0.7281903218472567
2023-05-03,-0.019053417176852015,-0.0064812792241877035,0.0024412826645054736,0.010983552177525032,0.04546094240904298,0.620723086338588,0.01979720103243721,0.01361837425265075,1.4604734227888745
2023-05-04,0.003515959002582091,-0.013674998057396026,0.008949178328761841,0.01014510636190867,0.044306951407175096,0.732824981542799,0.019419169276310433,0.012725145579848572,1.0520324118805262
2023-05-05,-0.00976679987529702,-0.02530425804956696,-0.012732120096902756,-0.0027460109084509812,0.030033269146806017,0.5964523089997477,0.020388699162404388,0.013119214359067368,0.9491211411448509
2023-05-08,-0.0021833849759391832,-0.008434225848654229,-0.02562518290863236,-0.008452540970263139,0.023189513051209754,0.41709889056675903,0.020569872730913406,0.012586170097602635,1.1572197368919155
2023-05-09,-0.028545585422112156,-0.04049577027334852,-0.05603322844761834,-0.03512811795826282,-0.008639835346818994,0.26544599437789157,0.023093296164712653,0.01458361171208312,0.9084417379793019
2023-05-10,0.003367870569585968,-0.027361099828465484,-0.03361194070118049,-0.02889641065184996,-0.008679956359579301,0.10367580843822452,0.0244366193032756,0.014479852561948467,1.252639195638257
2023-05-11,0.0002802069655241324,-0.02489750788700219,-0.03684769273823845,-0.02594741953299619,-0.010504674259379935,0.08227746694753563,0.024629847050981077,0.013336226478662202,0.7851059314644865
2023-05-12,0.0013995778669470159,0.0050476554020571,-0.02568131499599425,-0.020843011698757262,-0.011406801239252057,0.056857964806188904,0.02431568683403401,0.013289782150677705,0.8118805567838605
2023-05-15,0.028131995082043663,0.029811779914515044,0.004634065061988744,0.009249850718614448,0.013310563913988991,0.07350643913380196,0.024767862755231074,0.014475945272761422,1.0445744498145708
2023-05-16,0.01431098862368913,0.043842561572679975,0.04749063910778992,0.024697084389220834,0.025049092133488906,0.14060304471020543,0.02437763185818354,0.013504379203509337,1.8825326358993006
2023-05-17,-0.0032223568386725667,0.039220626867060335,0.040900411699531576,0.020643408617531934,0.019509944184760118,0.21380898055584283,0.025897178816117174,0.013491981033566355,1.4453112039320417
2023-05-18,-0.030309398318684892,-0.019220766533668363,0.01031080641532262,-0.007183912988681094,-0.011767242987284309,0.05491936378978096,0.02869420355804587,0.015296390857965603,1.0152964720724167
2023-05-19,0.008557534415635002,-0.02497422074172254,0.017468762964010415,0.0021761472284025887,-0.004406112686223201,-0.05101428733107937,0.028979820464142398,0.015388491320868558,0.5873669940294821
2023-05-22,-0.00468376780463368,-0.026435631707683618,-0.015346999922667075,-0.0014340258398909422,-0.010304226873165121,-0.050136323359330534,0.02943148791749169,0.015322635733517404,0.4515785580264018
2023-05-23,0.012350897563060724,0.016224664174061904,-0.017307090983295536,0.007945862559975985,0.001146935662450279,0.07131835431595093,0.027530965699454006,0.014849674029973971,0.5997284248451863
2023-05-24,-0.003552377274368556,0.004114752484058245,-0.017637111418991592,0.00205732741041578,-0.0020080203863869165,0.05083435495703952,0.028000459375365543,0.014058747123826867,0.6951120012853592
2023-05-25,-0.004664581838564121,0.004133938450128011,0.008007705061129237,-0.004408429624433392,-0.006177248446238652,0.06592683786859922,0.027227711813519972,0.014079965562173837,0.9108780046310859
2023-05-26,0.009580002933024972,0.0013630438200923072,0.00903017357851916,0.002539870739387814,0.0039930473989628215,0.19305020188171185,0.025722835445859668,0.013981144095046442,1.1264896957512456
2023-05-29,0.0010889716481902218,0.006004392742651076,0.014802913031343018,0.003687025446386089,0.006187706956117309,0.29813081336440744,0.023537409468999477,0.013735036998123784,0.8382651133085601
2023-05-30,-0.0005443830830306366,0.010124591498184702,0.001907632385251971,0.004704846314475267,0.006866852151264887,0.37337811663785997,0.021858346986868997,0.013718463067769271,0.7258916128487569
2023-05-31,0.007324058394558306,0.007868646959718006,0.012784068054178865,0.012588940269547894,0.014143171658473605,0.37431840355560697,0.021911196330028727,0.013168347202227891,1.2188906690728425
2023-06-01,-0.0008111202247514538,0.00596855508677629,0.016637529667991417,0.009282029854449977,0.013418133599681439,0.47930223268366917,0.02200625173423691,0.013145172396101797,0.9159555682374081
2023-06-02,0.010226103078505968,0.01673904124831289,0.017283629813472548,0.01696297532683277,0.022895298304646608,0.4590039204823324,0.019889073775605132,0.013131109196258707,0.8420584827170621
2023-06-05,-0.005907741320294528,0.0035072415334601076,0.010286916844987695,0.008446617038323737,0.016132662190764056,0.30180187733156516,0.019122004557836227,0.013203422189634743,0.5947809738030554
2023-06-06,-0.001886972167766787,0.0024313895904447204,0.00894432776025163,0.00545318252363209,0.012153449900030918,0.0954476639747027,0.01742348238303875,0.011302366119938569,0.7885921684613509
2023-06-07,0.01126932471270001,0.0034746112246386352,0.012889594078393239,0.014233965823112309,0.021128247913231927,0.364016487960607,0.015398695169599387,0.011487374254550523,1.3219688028558592
2023-06-08,0.0002667372513937558,0.009649089796327082,0.013967451554538558,0.011411782570457607,0.018916141496063178,0.5649416003902362,0.014899211259925329,0.011487508360809277,1.3339889210701943
2023-06-09,-0.013967451554538525,-0.002431389590444628,-0.010226103078506011,-0.003315964049318283,0.0031203583084499042,0.43118758189062734,0.015379263804086486,0.012060807773168251,1.0064542772807785
2023-06-12,0.011563893647471657,-0.002136820655672931,0.007245531889260265,0.00651272010741725,0.013921068380257662,0.4081340062372394,0.014858672450480576,0.010632583181597712,0.7377762047956724
2023-06-13,0.001335914042639742,-0.0010676438644270608,0.010468418099666874,0.005909122190720114,0.015070099313784667,0.38802022721409657,0.014381077769146069,0.010153013154706568,0.7088395476227074
2023-06-14,0.0010676438644271024,0.013967451554538558,0.0002667372513937558,0.005660054695189427,0.015727679306683676,0.39109124518281446,0.013946576242392032,0.010122159693307625,1.2221015207696708
2023-06-15,-0.02184259983604026,-0.019439041928973444,-0.02184259983604026,-0.015301996448476407,-0.007038433235477247,0.19091812846763745,0.015033494560121687,0.008869015257194803,1.4217310505721015
2023-06-16,0.025304258049566923,0.0045293020779537145,0.017429109768065266,0.00920147432647423,0.01670188237433288,0.21274368817792394,0.015721122286091637,0.01030966905193964,1.3214413683606048
2023-06-19,0.029594862352341204,0.03305652056586786,0.03546007847293465,0.03501696862386271,0.043658607294126524,0.4230351870822733,0.017069116286431905,0.011920288282679594,1.999659629047716
2023-06-20,0.006174385152899701,0.061073505554807714,0.040298549583194516,0.03608625471638046,0.04683782156031264,0.4661461216017176,0.016909092723696444,0.011754768385247848,1.3746808480113177
2023-06-21,0.016028963659366197,0.051798211164607054,0.05525986937813385,0.046874247382342145,0.059358365642102805,0.4903277648400973,0.016820513369945153,0.011986386441783067,0.8760993388998446
2023-06-22,-0.024528574951775507,-0.0023252261395096943,0.05257389426239844,0.018360040231098336,0.030521188213309524,0.3241738871704922,0.01873476303687502,0.01347757523672037,0.8446048741677319
2023-06-23,-0.005706896873980007,-0.014206508166389346,0.021562739338851503,0.008659191004856629,0.022299698178765058,0.2745918640925487,0.01930652639334372,0.013522160274806702,0.6103632763508275
2023-06-26,-0.0075728479288481735,-0.03780831975460382,-0.015604970942337903,-0.0009165711926885932,0.012701942196185197,0.24137502384576082,0.020146043288595407,0.013700606019164665,0.7140237682286262
2023-06-27,0.0010478891693573762,-0.012231855633470921,-0.020731466925880227,-0.0018035412423678075,0.011803022087311979,0.2395520201336008,0.01958253427248288,0.013690464095659738,0.7569784277230097
2023-06-28,-0.004987568199885527,-0.011512526959376487,-0.04174799878513199,-0.008091946475861696,0.00543725260497998,0.09179428639684034,0.01956767001770314,0.013712831184869654,1.222054578902405
2023-06-30,0.0312150781837819,0.02727539915325354,0.013995654350425433,0.016658415413221814,0.03425912242436994,0.2045204097142927,0.02007540895751853,0.015234697674038301,1.120849281521361
2023-07-03,0.04494275337244515,0.07117026335634138,0.06464530459685047,0.05413341834457766,0.07660857293017674,0.27019564213727565,0.021750418560504012,0.01786067800955456,1.523845977052514
2023-07-04,0.016191689651278617,0.09234952120750564,0.08840984217697753,0.06334133770438186,0.08769107233548233,0.34057274650990055,0.023344315645282825,0.017855398148110876,1.484499961418961
2023-07-05,0.01398610276593949,0.07512054578966326,0.10134805577355964,0.06938646169004492,0.09557151851119478,0.4458107846384746,0.02377123588312461,0.01784965228283925,0.870023794695962
2023-07-06,0.0012175783188529195,0.03139537073607095,0.10755320229229798,0.06343786798794888,0.09007518286354584,0.5500600729698636,0.023047655230558586,0.017851858228513158,0.7388588955205792
2023-07-07,0.01713161354229423,0.03233529462708649,0.09346973765081037,0.07001856626994578,0.10103127936298203,0.5726873864882239,0.02373191920268595,0.017961454689040958,1.1144300935914075
2023-07-10,-0.02715982644148086,-0.008810634580333867,0.021367157836884244,0.032486833267188577,0.0648261724045824,0.41018631756085283,0.024840732263830417,0.018981766899034927,0.861868623748235
2023-07-11,0.007103625538197774,-0.0029245873609889737,0.012279093723803326,0.029592343049380836,0.06592649348787674,0.2806632955190295,0.024785378942296706,0.018942211914304383,0.6582588663171478
2023-07-12,-0.0007326041321164184,-0.020788805035399566,-0.0024396131742526195,0.018965558752843746,0.0588454840034387,0.270136618842657,0.024612585999445363,0.018974793959778146,0.7960711512825516
2023-07-13,-0.03834169375871717,-0.03197067235263582,-0.041998885251822535,-0.02542790000638267,0.015084229899835395,0.21135029370948957,0.027417369889560794,0.02139725551789988,1.4799906818539172
2023-07-14,0.007081460383984902,-0.03199283750684867,-0.05204903841013185,-0.022395213423186486,0.01697688449031754,0.19656018626707264,0.027765454315189363,0.02052153511187669,0.876759660832529
2023-07-17,0.015504202892100957,-0.01575603048263121,-0.00938500907654992,-0.008292899679884731,0.027902531109067395,0.30583490926652873,0.027995581454229625,0.02013459771791218,1.049033792158853
2023-07-18,-0.01777496626884661,0.004810697007239285,-0.03426360088359425,-0.02365040994169306,0.007273034406123008,0.19613832755550165,0.030137627987472316,0.019862239041424118,0.9285256698463731
2023-07-19,0.010302893856546737,0.008032130479801183,-0.023228102894931046,-0.011002610183159473,0.014943198362417871,0.3127630161972249,0.03037500378361301,0.019923347034508005,0.7758670719561682
2023-07-20,-0.004761269783051202,-0.01223334219535111,0.01035232108073484,-0.01257531586549604,0.008411911454132176,0.33584118276399066,0.02964079001193506,0.019735388595059127,1.3397040507263844
2023-07-21,-0.012384852243790823,-0.006843228170295355,-0.009113991547040935,-0.018692742278332092,-0.006239331476139383,0.16617307690383384,0.02852056360287413,0.019060988636781986,1.1826704889159705
2023-07-24,0.008861993524885847,-0.008284128501956322,-0.015756200914256155,-0.007455910661154124,-0.0003529256796346013,0.13213069921547485,0.02744067219234453,0.01901661419524962,0.9556231289700056
2023-07-25,-0.011153571056755322,-0.01467642977566031,-0.009134805702164874,-0.014173025084031362,-0.01415382340572173,0.013383238760200698,0.028003352799461867,0.019138291798562846,0.6903836740481215
2023-07-26,0.008123974734595845,0.005832397202726381,-0.011313724824115719,-0.0026478375270680868,-0.009181659307726785,-0.10325787149425296,0.02768647983298118,0.01916832381828704,0.7825959859363429
2023-07-27,0.007556687550435301,0.004527091228275929,0.001004232509370797,0.0037783175907586068,-0.005341470265090394,-0.12212698255132622,0.02667145407004125,0.01909075936117204,1.1970708481645234
2023-07-28,0.009242015187713996,0.02492267747274532,0.022631099940875803,0.011722106587360169,0.0012073432704987595,0.003583048394971513,0.025147408052408136,0.01803589180542226,0.7989816452827626
2023-07-31,0.005454976728664052,0.02225367946681355,0.01922408314465407,0.01689799505424137,0.0059075825245281524,0.10504846912382121,0.024798646610272604,0.015095229507919495,0.8680724726852901
2023-08-01,-0.005454976728664035,0.009242015187713996,0.02492267747274532,0.009766277656270552,0.0007464802844774875,0.007318067742309324,0.024987563120597883,0.014702406426301419,0.7231266564680551
2023-08-02,-0.0320856599194964,-0.0320856599194964,-0.015286957181346992,-0.019533838839419178,-0.02832697405942692,0.034599002677539514,0.024793694053580943,0.015904738592619844,1.402147627388129
2023-08-03,-0.007473241837765683,-0.04501387848592621,-0.030316886569548163,-0.02400846010406309,-0.03262933881943259,0.019089200932482696,0.024721007557415447,0.015913281920907216,1.2365843896521034
2023-08-04,-0.01013919322706178,-0.04969809498432395,-0.04969809498432395,-0.03128638301686811,-0.03814011081674262,-0.16866056755650619,0.025420871734275416,0.015247612054475926,1.5675957389583792
2023-08-07,-0.010243050393078724,-0.027855485457906292,-0.06539612210606661,-0.03679406778388317,-0.044580377043216275,-0.2147893777091413,0.025758022240897748,0.014362809420807749,1.4464490462838628
2023-08-08,0.028368897526254686,0.007986653906114095,-0.03157224785114786,-0.008422146353664872,-0.014602659799937226,-0.1700331355944583,0.026082323957244066,0.01589916816704312,0.9747522797885849
2023-08-09,-0.004114194438806157,0.01401165269436977,-0.0036007823704576757,-0.01063042314714365,-0.015998570598339104,-0.20389056255462606,0.025876976528281505,0.01589733737009387,0.6662517552447744
2023-08-10,-0.011141521226206055,0.013113181861242596,-0.007269061758898,-0.017912027606769333,-0.025641077605543197,-0.1873122275460645,0.025571346933711686,0.013696265845651366,0.725065219024339
2023-08-11,0.0039007403644272646,-0.011354975300584812,0.00677087183259119,-0.009791556831191353,-0.020402956471073083,-0.2062165412092331,0.024730258531163434,0.013611887748184708,0.68627255844692
2023-08-14,-0.020451721361457897,-0.027692502223236534,-0.003437799135788053,-0.02308371013604205,-0.03711263011931087,-0.23005392949392842,0.025392622683663737,0.013626388219656336,1.126605076976057
2023-08-16,-0.010652617856710133,-0.027203598853740654,-0.04245931451875293,-0.026202643619807193,-0.04458605361519982,-0.23491767631641167,0.0257219402823226,0.013316865210694596,0.9692054545564658
2023-08-17,0.016726845893575468,-0.0143774933245926,-0.021618274186371158,-0.0072664671290264505,-0.025954059318221166,-0.2602720627904235,0.02484390179012087,0.0137236425711305,0.9662358249101566
2023-08-18,0.009434037046948401,0.015508265083813777,-0.0010427159132168659,0.0029822592236530532,-0.014864407425155947,-0.25805916358581954,0.02436842830091581,0.01397035334691077,0.8206620585439686
2023-08-21,-0.00418194033554061,0.021978942604983093,-0.009125396613184811,-0.0009681763091327174,-0.017536666366041495,-0.3499858913091876,0.024283470957170563,0.013764652177347599,0.6518185061755402
2023-08-22,-0.003410740534752778,0.0018413561766548409,0.007915584213520217,-0.004812494725635872,-0.018836817633960248,-0.3471186522308517,0.023953449960178737,0.01355166782230553,0.7191826130307675
2023-08-23,0.016163123136276977,0.008570442265983644,0.03473132520650731,0.012197751680753174,-0.0021288296795993586,-0.20285227311116288,0.022091692588616218,0.013959971998858598,1.2448247568348954
2023-08-24,-0.007788261132102986,0.004964121469421191,0.010216218180828846,0.005503161634985121,-0.00836057151454575,-0.18764091100274471,0.022227192083043218,0.013882696001877744,1.1003746057862793
2023-08-25,-0.011006434380044726,-0.0026315723758707837,-0.010224253246164267,-0.004381265993988427,-0.01680119787963065,-0.11562324567490094,0.02117448531089294,0.01386483054871967,0.7310693762009003
2023-08-28,0.0021058286887545045,-0.01668886682339319,-0.0039364842218689525,-0.0009719742867535556,-0.011925499622725988,0.06187060528693635,0.019326853367497093,0.013638274423141507,0.6534997777637954
2023-08-29,0.005245209608562974,-0.0036553960827271346,0.004719465921446772,0.003017166996804395,-0.0038693833627782225,-0.02965764196193831,0.017488145541838817,0.0136316714055765,0.6259252917244837
2023-08-30,0.0026123236675855872,0.009963361964903354,-0.008831333547244389,0.0030617571043959975,0.0012015120997988357,-0.07957373575765686,0.01671574971246329,0.013668591648561464,0.8608387982532896
2023-08-31,-0.023760370481762244,-0.015902837205613533,-0.02480344289690369,-0.019078604377982034,-0.02036227259760763,-0.09916737656647413,0.01803367145465261,0.012817439993850405,2.085979840735926
2023-09-01,0.01826663783510187,-0.0028814089790746428,0.0044696293182430475,-0.000419510640807684,-0.0015976177380631694,-0.10325915046630768,0.0186253992756432,0.013511404782814927,1.2219333087011321
2023-09-04,0.025127506679642343,0.01963377403298197,0.027491307309130724,0.022575615369713486,0.022709378551841936,0.09562893584468014,0.018345943941576095,0.01448158908810965,1.1359666077264792
2023-09-05,0.0017891987195891958,0.04518334323433342,0.024035296420156744,0.021440876276906617,0.022828194375687033,0.26707927967690764,0.018641466226185243,0.014235141284749784,0.9160378543889003
2023-09-06,-0.004094192100587151,0.02282251329864423,0.0173287806519841,0.016392584994145868,0.018609195785596146,0.09289597119380716,0.018315017292833243,0.012808928361795422,0.8941854971566771
2023-09-07,0.006389778489571521,0.0040847851085734355,0.04747892962331767,0.020567339736039476,0.02455001885796049,0.07142997221566035,0.017688809497312052,0.012844990902239778,0.7185983635036433
2023-09-08,0.007867153395141798,0.01016273978412611,0.037079445183357686,0.024339788138078147,0.031054181257626913,0.21098430110473174,0.018037697011618472,0.012634840840885326,1.0556432891832996
2023-09-11,0.024963854874406003,0.039220786759119275,0.03691579337812131,0.043397795636543356,0.054328111842984715,0.3653402523124868,0.019336428568268428,0.013678944342789722,1.440943052196127
2023-09-12,-0.014153037557505162,0.01867797071204272,0.020973557101027048,0.02409789039269676,0.0364936621606089,0.1652201255603589,0.020362222957081438,0.013184656178649137,1.234519194125844
2023-09-13,0.04259086894455997,0.0534016862614609,0.0676586181461741,0.05943279651052646,0.07548770095953629,0.3916462420364354,0.021960893148761467,0.015482948474810949,1.7914663782010496
2023-09-14,0.015456288053862522,0.04389411944091725,0.07672512771046516,0.06258147527811166,0.0860818419611853,0.5208107674777005,0.022112850242480483,0.015437189905382134,1.1651064572147685
2023-09-15,-0.005204617150667808,0.05284253984775461,0.06365335716465555,0.04646547288803091,0.07518108882593783,0.40510374688916984,0.022888986293126568,0.015586206075718687,0.6300777279732102
2023-09-18,0.030599151568544633,0.040850822471739275,0.06928865385879412,0.06737713287070454,0.10116148215719625,0.4707426273921979,0.02466395876288756,0.016453531592835326,1.2752531436510615
2023-09-20,-0.018106378434715544,0.007288155983161265,0.06533531298158367,0.03921711067237674,0.0750846729664292,0.3068692633766642,0.026419689519796438,0.017228731451451287,0.98399700999478
2023-09-21,-0.029959460477918108,-0.017466687344089092,-0.007215016440894359,0.0026135976451823473,0.03973998462359163,0.30654455937498654,0.0288093396015125,0.01877906988404806,0.8222644798955426
2023-09-22,0.03882144661387028,-0.009244392298763355,0.016150142119113566,0.03275463142001825,0.07456057054654698,0.3575856373434385,0.029486868520600822,0.0201532393866531,1.3166341122164957
2023-09-25,0.009474364053408261,0.018336350189360365,0.03082912332318942,0.03287722093449961,0.07735763792781811,0.37348291202691486,0.02911025004760144,0.019772255606470182,0.7678880955110275
2023-09-26,-0.01739983456963275,0.030895976097645876,-0.017169862814987825,0.00985510307822083,0.052644512609420276,0.2969602018143078,0.030039102343292247,0.020484312993663246,0.47616040952125394
2023-09-27,0.0056009763910002805,-0.002324494125224219,0.006537492010728059,0.008425056032473692,0.05241243916133173,0.29569205275845944,0.030203782160180298,0.020483936296345772,0.6710774222839635
2023-09-28,-0.019742183602294083,-0.03154104178092654,0.01675476888635206,-0.012215479609852786,0.02705990714333641,0.17436757692266597,0.03233188500934205,0.02126458365802823,1.1836338226007803
2023-09-29,0.01554441403801782,0.0014032068267240932,-0.006522263689500491,0.002295514097924702,0.03637860512090156,0.1629705416414427,0.03211697386340894,0.020287098845524897,0.562243810933469
2023-10-03,0.01806444395512586,0.01386667439084952,0.0020678162122170925,0.017206396029340078,0.04835123177164477,0.1414044925440652,0.03131249243947357,0.020281076537813553,0.8549072451751341
2023-10-04,-0.02533550553728619,0.008273352455857268,-0.005867854755436411,-0.005943746509355201,0.017972668878482256,0.13517600414625888,0.032250469544848115,0.02099201056496855,1.2635708602506652
2023-10-05,0.0007060548734358277,-0.0065650067087245885,-0.01076277627300078,-0.004822468742904164,0.014619085610688682,-0.015115365770173951,0.02990892719040942,0.020999840122419126,0.7077860990722262
2023-10-06,0.01285510919909487,-0.011774341464755572,0.021834516528387995,0.004221215945040635,0.02279073532294808,-0.06761926843518254,0.029211729535314257,0.020993575406011804,1.0333048259770323
2023-10-09,-0.016626049181791037,-0.003064885109260393,-0.01033594669142078,-0.010675774366781016,0.0022364444070772853,-0.054525094234852106,0.030241187222169036,0.021534447521031348,0.8300390412853346
2023-10-10,0.011970561849836666,0.008199621867140308,-0.01642982879670999,0.002690410359890498,0.010360599738606951,-0.1530306351063777,0.02751483406816727,0.021594691863184093,0.8543825072524152
2023-10-11,-0.03369242563884406,-0.038347912970798474,-0.024786748898267798,-0.02759527058312422,-0.024126023575411742,-0.190473491673294,0.02944015966106177,0.022560092867631363,2.2952630890907346
2023-10-12,0.0026509463807002777,-0.01907091740830716,-0.02284185739100333,-0.02175446794187883,-0.02332958135761021,-0.061654291854900546,0.026336603786570975,0.022274282998102152,0.7365895575522481
2023-10-13,-0.020669443340756415,-0.05171092259890014,-0.05636640993085457,-0.03852968842297583,-0.042150089485947256,-0.3165580828419903,0.025377334185624073,0.02062441838469921,1.2708981113584905
2023-10-16,0.011238815301709124,-0.006779681658346862,-0.028501545447354355,-0.023904394120745458,-0.029931643549399076,-0.35973869567221667,0.024972245739866242,0.020465568579350717,0.6951849997962214
2023-10-17,0.007503449622983115,-0.0019271784160640024,-0.03296865767420777,-0.01163061254916218,-0.021830057929351773,-0.26180358571128864,0.023821020505822625,0.020540344368678742,0.5517858020265638
2023-10-18,-0.018005501741190734,0.000736763183501647,-0.017281733776554533,-0.025201715190239865,-0.036170290226477594,-0.2761596355895094,0.024639627410971303,0.019474373704105732,1.1202532117500106
2023-10-19,0.0073385625406433,-0.0031634895775642185,-0.012594117616611437,-0.014531130903090474,-0.02716038956631788,-0.23241020991252115,0.02378052515101652,0.01928331299812978,0.7237761896617144
2023-10-20,-0.013989535906491341,-0.02465647510703879,-0.005914210182346432,-0.022114758295929512,-0.039570762871315654,-0.3323944729846642,0.024027267704944014,0.018373037587436865,1.085212444462751
2023-10-23,-0.03572718799446298,-0.04237816136031101,-0.05288021347851856,-0.04882570927342052,-0.06882451396062776,-0.44364005436053133,0.02620024829771276,0.01736396499547242,1.0051137798179919
2023-10-25,-0.002051209890030928,-0.0517679337909853,-0.062434872991532595,-0.041668703774205326,-0.06569621684216304,-0.4250392887265568,0.025374020002354166,0.01704979251136496,0.9236634022300986
2023-10-26,-0.029433050015233116,-0.067211447899727,-0.07386242126557493,-0.06112724015713835,-0.08743320716674977,-0.4588773100693572,0.027076024570713612,0.017692460633868298,1.6412190799002067
2023-10-27,0.03990175915006979,0.00841749924480576,-0.04129922465614861,-0.01759192788103432,-0.04614220523305417,-0.4648975389547371,0.027740491191536192,0.020348505234662962,0.8061921477813986
2023-10-30,0.007086755067029481,0.017555464201866048,-0.020222933682627856,-0.0080060039651081,-0.03646371489712198,-0.37410748321944454,0.027634669878876042,0.020165627490875103,0.6847492282725126
2023-10-31,-0.010394396665382872,0.03659411755171626,0.005109857646452313,-0.013525137998355608,-0.04229622615774692,-0.46472282151549565,0.028396694338318228,0.019737492270998653,0.5634598518164362
2023-11-01,-0.0035741236709052326,-0.006881765269258641,0.003586943865577897,-0.011152998522231247,-0.04047906012619266,-0.37660939978606905,0.026726353354140368,0.01902551650649923,0.5385987493868646
2023-11-02,0.022256891890612036,0.008288371554323881,0.0552768857714232,0.01302387438415984,-0.01586481962089456,-0.38016850209822733,0.027156450808634425,0.019375561808791072,1.2264362386545298
2023-11-03,0.019321915484830993,0.03800468370453784,0.03469704210618432,0.033494794940741486,0.005501175629856452,-0.17380715686085338,0.0258657082493489,0.02000165595604833,1.5377356180371287
2023-11-06,-0.04106736440897743,0.0005114429664655736,-0.013457077369822578,-0.004706749184446634,-0.030242909399738806,-0.38268090484537737,0.028410766273702762,0.021460454897240924,2.1278157237424127
2023-11-07,-0.0224903662840007,-0.04423581520814722,-0.02555304698844038,-0.02488150630558761,-0.046966536330736317,-0.5602992425476941,0.030401514487939246,0.021669610736460534,1.9736183755199828
2023-11-08,0.006514745476116876,-0.05704298521686116,-0.015464177841418243,-0.017355781278922577,-0.035498645464725184,-0.5615158056233395,0.029146594260597163,0.021477006062697947,0.7744108935209806
2023-11-09,0.0025940270977031724,-0.013381593710180596,-0.03512704263432715,-0.016735864717286764,-0.029541163035352286,-0.4677750879833914,0.02799780227324072,0.020466882025464508,0.4577492546790044
2023-11-10,0.009539879963317972,0.01864865253713789,-0.04490907815584016,-0.0062982429954808,-0.017050858978059902,-0.37900235771076296,0.027402049079434887,0.020634014291293756,0.37587581503325224
2023-11-13,0.00944956502126625,0.021583472082287298,0.005607851274403501,0.003929901558226341,-0.006013523193490124,-0.2675900801856811,0.025019997143213353,0.020389984732069027,0.6557552738294599
2023-11-15,0.005071071580981583,0.024060516565565685,0.03316928913938565,0.00826192154798905,0.0010886762247165921,-0.14234362495000155,0.02420698126200652,0.020230017941790412,1.1582812786972767
2023-11-16,0.0032825048329102285,0.017803141435157998,0.02993704849617901,0.010108792175386913,0.0066740168435092204,0.013014001844682923,0.0227232131196858,0.020147420268285147,0.9571186343510998
2023-11-17,-0.007845170322800013,0.0005084060910918119,0.019497851075675844,0.00380000515422134,0.0005465993743349507,-0.10733530320045859,0.02154111639720179,0.019854372239760082,1.1280132492306634
2023-11-20,0.004309775091248405,-0.0002528903986414027,0.014267746203606395,0.011307839486816056,0.006787499539856113,-0.11446623649604164,0.020526935364615966,0.019793172551717888,0.7089574350943155
2023-11-21,-0.009659523899518683,-0.013194919131070236,-0.004841342717178516,0.0015092575990011887,-0.0012245915183182452,-0.11397289491632236,0.020689684643454054,0.019676879615914265,0.6690522694899351
2023-11-22,-0.005635226811925224,-0.010984975620195445,-0.015547641110085258,-0.005847964847076389,-0.006697718176727027,-0.13811178991347403,0.021118522315194035,0.018013887820455002,1.1877571733093806
2023-11-23,-0.0015423618808080223,-0.016837112592251884,-0.02037250782380349,-0.008317136057202136,-0.008114684707434596,-0.1765834090966672,0.020250679297308605,0.018011407173704315,0.5155334424158045
2023-11-24,-0.006452447435692571,-0.013630036128425772,-0.018979784936696158,-0.014745597619145534,-0.015486524023862457,-0.29180531692638767,0.01978991939055191,0.01673012399314974,0.5967263765142726
2023-11-28,0.017708573662834123,0.009713764346333632,-0.005580986365110341,0.001988143563482856,0.002179738430561337,-0.09471678647465907,0.018279635163898526,0.014619253573564089,1.292501222806325
2023-11-29,0.004315327593271477,0.015571453820413165,0.008393865127679825,0.005962402183176347,0.0067319756811181014,0.2171822285802709,0.016717348351834256,0.014560801960672505,0.8182556656232227
2023-11-30,-0.0015208586695959407,0.02050304258650988,0.012508233270009208,0.004740840645023316,0.0049713948088859665,0.4702821368718327,0.01770313945576324,0.0143682166834493,2.0386432357812203
2023-12-01,0.023813638360472993,0.026608107284148586,0.037864233511290236,0.02712197986606417,0.02752721483826707,0.4980332196583902,0.019002813813282348,0.015263894402333632,1.5897981255185802
2023-12-04,0.03504854688559524,0.057341326576472375,0.07936522783257811,0.05716958321276201,0.061706458894000324,0.5650087217721185,0.019937143927263288,0.016400746205144538,1.8071127905695936
2023-12-05,0.008573526402310626,0.06743571164837882,0.07023018057205445,0.05920176822979596,0.06893450061022348,0.5878364190794929,0.02035977564429179,0.015982232486050452,1.093665938609093
2023-12-06,-0.0061846173156008995,0.0374374559723049,0.05973023566318204,0.04542391352484498,0.058600657910582755,0.39006321352281814,0.020809900895855115,0.012618815010896017,0.8774668725047399
2023-12-07,0.007606367936741746,0.009995277023451246,0.06885746226951965,0.04480560333297634,0.06134857207282235,0.3967941373386594,0.02137952116824944,0.011061708977089245,0.6228606689552669
2023-12-08,0.004017542134147204,0.00543929275528794,0.04906136604319372,0.039929358798739975,0.0604241785989184,0.5679440190837062,0.022169808514375354,0.011057202443975988,1.164097975549985
2023-12-11,0.014981476796729003,0.026605386867617806,0.028994295954327447,0.04430526057698651,0.07048692171911368,0.5804967417041581,0.022686532888685388,0.011270570295494792,0.7558221619658247
2023-12-12,0.004173512575341258,0.023172531506217665,0.024594282127358404,0.03881745290962034,0.0693123327779037,0.6660710957651892,0.022294563377963046,0.01123173618830274,0.905604926386103
2023-12-13,0.02264770392149329,0.04180269329356375,0.0534266033644525,0.0506678549734703,0.08725596988556164,0.7985473677023441,0.02308784986129282,0.011865884710496715,1.5293916674891346
2023-12-14,-0.004307035938546875,0.022514180558287883,0.0415131994891639,0.034839388160908216,0.07665209786515412,0.8083787196515527,0.023885232297523293,0.012081028668008307,0.7803642795871606
2023-12-15,0.020684185344099666,0.03902485332704627,0.05817984269911665,0.04523777545674697,0.09211527757177762,0.8542602740418923,0.024985680942764273,0.012540920729339886,1.055112366187913
2023-12-18,-0.0017817466469391737,0.014595402758613521,0.041416619255448386,0.036027669023180386,0.08293395079758395,0.8552176496154246,0.024648098457553464,0.012252557128724546,0.5899507343039982
2023-12-19,0.00799301380645111,0.02689545250361174,0.04523612048655809,0.037037070663575096,0.08417849485107284,0.860575556568856,0.02606303895124665,0.012244952435195066,0.8248140911894827
2023-12-20,-0.030536729979283504,-0.024325462819771534,-0.007948313414218727,0.0013698883863248242,0.04566749874941559,0.7014837468510143,0.029118608834192282,0.01441305467728244,1.2753817396414697
2023-12-21,0.024992809225209283,0.0024490930523769347,0.02135153174953753,0.020329422435666013,0.06446683786088787,0.5864648565956384,0.029686439521066775,0.014770215135616152,0.8886514138731337
2023-12-22,-0.0055747546701799214,-0.011118675424254154,-0.004907408264742101,0.009344104214960848,0.05127057890743084,0.5537676375391339,0.028957948816677802,0.014922732960277144,0.6890746877028343
2023-12-26,0.007796055737901309,0.027214110292930832,0.004670394120098324,0.012604228940639464,0.051526459492021545,0.5304559069486839,0.02813083363675368,0.01458243973319424,0.5775075366870037
2023-12-27,0.029082616058928264,0.03130391712664975,0.02575999637257546,0.03509048843256885,0.07367643807679537,0.6967008913211282,0.028863906322575086,0.015201059191538763,1.54678416336151
2023-12-28,0.004086425901481805,0.04096509769831146,0.060383152253340726,0.03384000441958603,0.06927691573673811,0.7200277434422631,0.02850089488757541,0.015204295923538245,1.7448791098794354
2023-12-29,-0.00797328207294262,0.025195759887467313,0.027417060955188775,0.02064704215617251,0.052571673319595315,0.6210473629011528,0.02783271177134867,0.015488989239184044,0.5835805694315164
2024-01-01,0.011401559699431215,0.007514703527970418,0.04439337532480008,0.02824082102906797,0.05696289018755641,0.6186440019798831,0.027639410524530797,0.015063016868803767,0.6845259971786738
2024-01-02,-0.013133920412598721,-0.009705642786110023,0.023463399174300008,0.01197527518807455,0.038090331294316604,0.5148487210964455,0.029196844928555267,0.014227446640872296,0.6401714266749249
2024-01-03,0.009276289222046968,0.007543928508879653,0.0036570723374187005,0.01839095764893925,0.04260416643660837,0.4926803578619158,0.028988609313156243,0.014237790074153394,1.1443229050850572
2024-01-04,0.020825181307825253,0.016967550117273494,0.020395827743762206,0.03149806957520473,0.057865537344242095,0.48777053257304487,0.029127228145099316,0.01440481546012106,1.004487750523917
2024-01-05,-0.013124604783804976,0.01697686574606722,0.015244505032899982,0.013738290474974428,0.038642008980098876,0.34860532893131846,0.029740334877178382,0.015038772378356914,0.9487289803066834
2024-01-08,-0.048907398997421754,-0.04120682247340147,-0.04506445366395314,-0.03458557782960767,-0.013433134259304312,0.1747505383578708,0.03356454810139307,0.019319156960157693,1.5183042649312515
2024-01-09,-0.0011194414075898916,-0.0631514451888166,-0.03304997465894433,-0.03476908365719809,-0.01627424333046957,0.057774598158550815,0.03286609946158998,0.019111729966958025,0.7313855157057377
2024-01-10,0.002907959684228977,-0.04711888072078262,-0.03941830419676238,-0.0285342331588508,-0.015091526506276173,0.10434355544276429,0.030600843540519125,0.019105639135634983,0.8053164134136187
2024-01-11,0.00978004192772336,0.011568560204362423,-0.05046344357686429,-0.016040211393805025,-0.006504630081015493,0.22204705027520716,0.028012130323132108,0.01857456444035741,0.699527887255195
2024-01-12,0.016888222321429884,0.02957622393338212,-0.020450616471629407,0.001241224042755783,0.008244900022164457,0.2423912232340156,0.02805567102302179,0.01885131026854835,1.0545948223275479
2024-01-15,0.005206111438729661,0.03187437568788285,0.03366289396452188,0.007630292273342238,0.012087270328679076,0.25379165577079815,0.028172710164454204,0.01836298041226953,0.9261000639528917
2024-01-16,0.0006488711046456519,0.022743204864805164,0.03543120647675751,0.008042587691556238,0.01120528689182464,0.20960037123515007,0.026996134505249007,0.018348822871125738,1.0127702303224742
2024-01-17,-0.025179208893289333,-0.019324226349914066,0.00734403789923913,-0.013862725600988073,-0.013808816687094555,-0.0883964569063059,0.02903072059451359,0.019212408693169005,1.9027989840909592
2024-01-18,0.0097087550355435,-0.014821582753100082,0.00727275100705937,0.00015371849486213072,-0.006013259790834731,-0.10717498921322771,0.02997364939632812,0.017924833438191685,0.8576988018593618
2024-01-19,0.012872439405665686,-0.0025980144520800436,0.0032569680912952884,0.014894494191488142,0.0055914538232319545,-0.12607014745439657,0.029017377106057018,0.017296129520576044,0.5464820262013229
2024-01-23,-0.03642387819814659,-0.013842683756937231,-0.038373021545580865,-0.02095443371463191,-0.030123343738428256,-0.2062114173654601,0.03245440046196435,0.019208783239534497,1.6682594626315908
2024-01-24,0.027714874534078962,0.004163435741598012,-0.01130701811614777,0.004150055084601417,-0.0035843550157911197,-0.40729034666426034,0.0319265351818356,0.020142631226942646,1.3629746151240951
2024-01-25,-0.007022156665374396,-0.015731160329442086,0.006850034111767221,-0.004275862082705909,-0.009488503250736014,-0.38125823104358486,0.032403195320567506,0.019056161290912147,0.8580126737000788
2024-01-29,0.031218609806999423,0.05191132767570388,0.02835988888322308,0.02361854295951092,0.021631932848129885,-0.2459386441501131,0.03146822058648886,0.020364080536638948,0.8341809261781407
2024-01-30,0.013568222135059295,0.037764675276684395,0.02905567161261661,0.03418990222936015,0.034156124025378605,-0.0668807580305203,0.030036400458305877,0.020474057335476917,0.8259404425429167
2024-01-31,0.041857482249614955,0.0866443141916735,0.1073370320603782,0.07070272851373285,0.07511943296038834,0.18693200278372119,0.0326419316452098,0.022310810590601998,1.9470029270686493
2024-02-01,0.03316752061882242,0.08859322500349658,0.11278967814512166,0.0951137900313855,0.10531710951537476,0.3357295288261213,0.03406078392527111,0.02295481151179157,1.2775152631033813
2024-02-02,-0.002738621983304543,0.07228638088513256,0.11707321282719141,0.0783920440423509,0.09698839370296022,0.37401432326434675,0.03497971434032605,0.022999505952550355,0.8286151966782895
2024-02-05,0.008582080644616585,0.03901097928013445,0.09443668366480858,0.07418536831801423,0.10177925504207297,0.3841410417035164,0.034750158995325874,0.022705771460533576,0.5868331619557858
2024-02-06,-0.02816531654761457,-0.02232185788630257,0.052703144982134555,0.035859909164311046,0.06760506151029161,0.29861286854682645,0.0378831063593435,0.023536020165365667,0.4966747429583059
2024-02-07,-0.02283158783011846,-0.042414823733116475,-0.011985925097598603,0.0032395882207636507,0.038809410749123446,0.10317426105003691,0.04033458184336079,0.021091195563403393,1.6550427632139448
2024-02-08,0.0339560478769059,-0.01704085650082704,-0.011197397839515021,0.027587763812837375,0.0679099748197416,0.2593368712398747,0.03983461180120568,0.022033765889751547,1.0644728623471527
2024-02-09,0.04026871242440741,0.05139317247119479,0.031809936568196966,0.0542108679964404,0.10256815256993983,0.37999383986605323,0.041190014903897516,0.023280763953385016,1.3253866942441879
2024-02-12,-0.03396703038297542,0.040257729918337794,-0.010739174459395137,0.010734315487891485,0.05939603653803427,0.2870096936835139,0.04557180885143042,0.025103700870654617,0.7409897238337129
2024-02-13,0.019055681909524533,0.025357363950956537,0.03648182399774406,0.021202992328134912,0.07314861104169543,0.32699284811390894,0.04388618310419021,0.025157951436231448,0.5225847728260336
2024-02-14,0.031098326972412608,0.01618697849896161,0.0904117388002751,0.04515467644581886,0.0987116763343223,0.4705161262596212,0.0450229252981704,0.025769653373390794,0.9669677342476626
2024-02-15,0.02907298559773215,0.07922699447966934,0.08552867652110124,0.06775627097546612,0.12090262235335753,0.4894454513824246,0.04403076499511304,0.026160339693253497,1.0467999527593814
2024-02-16,-0.00018139596664404605,0.05998991660350079,0.04507856813004992,0.05919422524559727,0.10938948483731036,0.49344630255773153,0.04339093983406446,0.025024412818110013,0.8039729013509076
2024-02-19,-0.018120667178605776,0.010770922452482462,0.06092493133441954,0.0349046935461009,0.0801214015561046,0.42104530558036,0.043828162926974536,0.025805370535218964,0.6041862848723891
2024-02-20,0.009375805448947998,-0.008926257696301955,0.051245054873842864,0.035567385359170554,0.0811077827321804,0.35640479098810546,0.04004704825694458,0.025787089914129816,0.6309438879972775
2024-02-21,0.006747567293286812,-0.001997294436370971,0.026894295194717196,0.030684484610159653,0.077197168522411,0.31991031506144113,0.037713550141881026,0.023539948070753495,0.9757527161138204
2024-02-22,0.0018158655592599346,0.01793923830149491,-0.0003628248437549451,0.02392626982791708,0.06932574209050907,0.2191972120350576,0.03772288667744009,0.02326151105256085,0.7403469201345461
2024-02-23,-0.024796918190286257,-0.016233485337739273,-0.024978347067397107,-0.003133168781690312,0.03474487911562579,0.09349589616486015,0.04068917844186189,0.024238505163373305,1.4053094705667124
2024-02-26,0.0026002664459922934,-0.020380786185033934,-0.004257413442799042,-0.006010799227303475,0.030439115666835787,0.10565031577770355,0.03888756244333682,0.023661437913797642,0.7663958504057196
2024-02-27,0.0029635287812274018,-0.01923312296306667,-0.010669690110519705,-0.006997127029743876,0.02703882032664758,0.3289317658861927,0.0375703463275883,0.023625727413688746,0.9405998015815324
2024-02-28,-0.03232757551252565,-0.026763780285306044,-0.04974483291633225,-0.03644397714875185,-0.00829736174309321,0.19773026884959394,0.03857280447313192,0.023603974781884078,0.8887910128038401
2024-02-29,0.014036642752167169,-0.015327403979131042,-0.03752405572342503,-0.01912242616737518,0.003914272595674095,-0.006314467629107128,0.0354115764567275,0.022677102592293885,1.0030282392048866
2024-03-01,0.021245645143885463,0.0029547123835270157,0.008518507610746484,0.0036087248330289074,0.022397289103955473,0.13280201981761253,0.032678294144438735,0.02305425474307292,0.7168355092825216
2024-03-04,0.0075320739557195,0.042814361851772065,0.01345031512047373,0.010261701325431558,0.02707738523824515,0.2574489697193299,0.030812088200849252,0.023042117647408617,0.8746000839700033
2024-03-05,0.017776530780393335,0.046554249879998164,0.028263317119639954,0.02654015203053859,0.040063538135436075,0.2106042195067252,0.027110006364867486,0.0220433010767561,1.0967486874622807
2024-03-06,0.015874693349573796,0.04118329808568676,0.07646558598173932,0.040105926090933185,0.0492697100956531,0.21457061281524872,0.027631039517402554,0.021126678680546032,1.9291676814789442
2024-03-07,-0.002835272472045073,0.03081595165792234,0.05959367075752713,0.03481839257133435,0.04076242324821616,0.18028346314067834,0.02748132014911221,0.020258375234153754,0.6906746479425717
2024-03-11,-0.015559643066978763,-0.002520222189449875,0.02278838254666294,0.015652190815366323,0.022069932397895488,0.15566658732454186,0.02838862730787702,0.019002776222826222,1.0338558593821248
2024-03-12,-0.02113006964192493,-0.039524985180948734,-0.0058737610509813805,-0.0063292926097720395,-0.002405791903303101,0.04032968523321387,0.02994163543195493,0.01788780058329723,0.6789368994523969
2024-03-13,-0.04019329806284215,-0.07688301077174578,-0.06384358989421703,-0.0421646182612572,-0.041936003730862634,-0.13828067816235887,0.03351040458330756,0.019916925455618056,1.093737056932477
2024-03-14,-0.006537119960294499,-0.06786048766506164,-0.08625540320408538,-0.04751399421327303,-0.046673235374647695,-0.14222413098195047,0.034129759824306403,0.01858210851164989,0.9015875547148594
2024-03-15,-0.02026573482095859,-0.06699615284409534,-0.10368586555299898,-0.06267872379604301,-0.062055705786143715,-0.11410933451560994,0.03384422876063652,0.01753688307686491,1.048377463715877
2024-03-18,0.0019665628225810283,-0.02483629195867207,-0.08615965966343905,-0.055027465599749734,-0.056525071971393524,-0.10503557825842122,0.033777741617825,0.017568685717577456,0.7275161794542826
2024-03-19,-0.02144635902898538,-0.03974553102736289,-0.08647594905049956,-0.06672654904546339,-0.07283159593005475,-0.22951281251271324,0.03496876698811169,0.01772450132165531,0.7516536130595929
2024-03-20,0.003006305980497761,-0.016473490225906422,-0.04327634500715957,-0.05390305285882477,-0.0659725272389858,-0.23886223870611445,0.034406374774451805,0.0175246261194121,1.2402587128758669
2024-03-21,0.02314405931271395,0.004704006264226375,-0.013595165734151137,-0.021805705332207673,-0.04062435280568665,-0.12376714662247408,0.033116385970466004,0.018437098185784182,0.7619702464501963
2024-03-22,0.015907223233847387,0.042057588527059056,0.022577792320654815,0.0022954394334154023,-0.02234350318763738,-0.11725931350309579,0.03271748058022283,0.01892014952813569,0.9394016886011922
2024-03-26,0.006713344937562212,0.04576462748412329,0.027324574435635667,0.015254969090142045,-0.014404323441572482,-0.13832522775993325,0.0324029828678626,0.018307372479295685,0.7102611805883446
2024-03-27,-0.010763054451066874,0.01185751372034262,0.038007879013554235,0.009421281327681249,-0.022967322422333885,-0.2947209385485419,0.03268460012096979,0.01839823229871215,1.447234132153331
2024-03-28,0.020276034772662734,0.016226325259158066,0.055277607805719324,0.02883295756394904,-0.0017674394593927166,-0.4485201037556766,0.030594843395766784,0.01904226114977525,0.9817365971800646
2024-04-01,0.010173538451006426,0.019686518772602378,0.042307086944011675,0.0363047043139464,0.0074877554059833325,-0.48166771682793014,0.02999062506482089,0.017707969384806073,0.6338617750450147
2024-04-02,0.016913300359272927,0.04736287358294195,0.04331316406943739,0.04694466047932043,0.023541862438722277,-0.33347234276766213,0.028605651814729186,0.01783114779910222,0.9443537418290738
2024-04-03,0.01081482211623179,0.037901660926511024,0.047414641248106945,0.05032358110172827,0.03406666371279551,-0.15259347506382112,0.028115642867118835,0.017356824145063916,1.3523351548121216
2024-04-04,-0.017657163842058145,0.010070958633446439,0.04052053185711568,0.023960231451288238,0.016687004637140575,-0.12408959763577258,0.02684038641006309,0.017734713100321216,1.136668350415103
2024-04-05,-0.0020434194409872956,-0.008885761166813744,0.018201077643465444,0.014525491735167347,0.016375702159887394,-0.11471827200341324,0.025939009963885044,0.01719396493735838,0.9082010010023658
2024-04-08,-0.0048461839260979305,-0.024546767209143453,0.0031813552663611613,0.0051081560376075065,0.014327917963911002,0.07048686222419917,0.024490176524946276,0.016697494969533072,1.1292646885278443
2024-04-09,-0.007878450986977958,-0.014768054354063207,-0.021610396079889616,-0.004909844511931483,0.00947691986973235,0.06982502275751884,0.02487220631787903,0.016737389869810805,0.7427066392404532
2024-04-10,0.019765723239347114,0.007041088326271166,-0.012659494956774238,0.011447919201094418,0.03092197401556223,0.2105925044919495,0.024306284534145607,0.017196546222730816,1.1323451967690885
2024-04-12,-0.010580099592759561,0.0013071726596097385,-0.0055824307074756,-0.0026241112457204073,0.020781418830706597,0.24219777290167002,0.023671791377286994,0.016708019934016844,0.8916428363726597
2024-04-15,-0.02474872598068476,-0.0155631023340972,-0.02828773724717305,-0.026044248562279614,-0.004266403104849495,0.11955911457834688,0.024401590867171738,0.0150612235092708,0.9103057220813063
2024-04-16,-0.025965377093122716,-0.06129420266656703,-0.04940693041419789,-0.04672793404531483,-0.028955962213042048,-0.0022272237846750896,0.025085547103971612,0.016102112267613124,0.9214633493117316
2024-04-18,0.016741716017755075,-0.033972387056052586,-0.024786763409464948,-0.026151016666402807,-0.013502427424556153,0.023825249462311432,0.02575842356844069,0.01588147450286168,1.0505688711185628
2024-04-19,-0.007946548529485531,-0.01717020960485329,-0.05249903517829759,-0.02753333408372793,-0.02176704396773721,0.08291949157129068,0.026464313283083855,0.01600311582920061,0.8074319438941121
2024-04-22,0.016787594528920133,0.025582762017189564,-0.025131341056617837,-0.00801036161459624,-0.007511125732852681,0.06882479720753863,0.025313017868006087,0.015522562719465756,0.8609231197385409
2024-04-23,-0.004410783704227445,0.00443026229520728,-0.004793398780160542,-0.009084541535814061,-0.013808234952380549,0.10480263951764869,0.02532880027956389,0.015595512406378112,1.2639108933085128
2024-04-24,-0.004044187538222328,0.008332623286470374,0.017127790774739957,-0.009878225744958356,-0.01842110464495848,-0.005646498370827118,0.024783593465869905,0.014823100614546338,0.7892294516467443
2024-04-25,0.036195240679966864,0.027740269437517052,0.036581315436951735,0.02538165606091285,0.01605490022754003,0.020491000413363027,0.024713515487809784,0.01651863124016717,1.7990861244663028
2024-04-26,-0.0022358678734482255,0.029915185268296327,0.04229199609298911,0.02416658625057554,0.012541081040990854,0.1851221134178914,0.02396940908841709,0.01649615829577649,1.0427624238103206
2024-04-29,0.016832020386751235,0.0507913931932698,0.0423364219508201,0.039704067695370486,0.02704182512183336,0.3527626505977946,0.02468294698812325,0.0165942285587449,1.3297731353462097
2024-04-30,0.03212689812361265,0.04672305063691572,0.07887410377866017,0.06548069522173469,0.057098329074501374,0.42859057345990637,0.02561531883094779,0.017447973316275112,1.8157983870282584
2024-05-02,-0.007488023820605627,0.041470894689758245,0.07543026749627685,0.047736878816010526,0.04672614902183409,0.5311086898424616,0.025424372066005486,0.017523218045704714,0.5504578465885696
2024-05-03,-0.013149700723232162,0.011489173579774975,0.026085326093077954,0.027595135010264983,0.0321917194486265,0.3589086415020157,0.02608469498099357,0.01749459358632186,0.9024274840871368
2024-05-06,-0.037126831743122396,-0.05776455628696018,-0.008805637776596296,-0.013074777563141666,-0.003833537890865236,0.233244296474994,0.029880624936222018,0.019248615845035504,1.3390709576549382
2024-05-07,-0.025346816410503684,-0.07562334887685818,-0.05098447457385112,-0.03697097434043222,-0.0268686613844305,0.2067458587479716,0.031364586262466285,0.01965900002366565,0.7061496104384524
2024-05-08,0.013229985191806595,-0.04924366296181956,-0.0698813875056573,-0.024997247070902683,-0.01272181004494119,0.3443370652089709,0.031142847760450284,0.019950414010324845,1.3659028279659027
2024-05-09,0.0005712141830269897,-0.011545617035670004,-0.06182214950202457,-0.025724794287302673,-0.01123729774303444,0.3903664901000852,0.03195452060024993,0.01993513744930441,1.232435040390564
2024-05-10,-0.030147079391365166,-0.01634588001653156,-0.07881952817015758,-0.04979395086483067,-0.03867366856373629,0.26384616126795235,0.035861417739846566,0.02094000001050648,1.2646770192077252
2024-05-13,0.016345880016531564,-0.013229985191806525,-0.025346816410503684,-0.03088234695156141,-0.020660473732803723,0.3096378547397816,0.0367138036905149,0.020765744694771916,1.0293812000493892
2024-05-14,0.006924501938881347,-0.0068766974359522354,0.006924501938881347,-0.01983988672526896,-0.01253023830005799,0.3050009444155643,0.036939668046756614,0.02076363989639758,0.41142751604663824
2024-05-15,0.011624640631677502,0.034895022587090464,0.005319157378752541,-0.001777840231354259,-0.001456788695270456,0.37430085149076886,0.03747361064041472,0.02019068065075305,0.708343086038433
2024-05-16,-0.0037965617500712564,0.014752580820487618,0.0009513814456540304,0.0006850663019007157,-0.006781464426321064,0.2701724603418975,0.036814656964911874,0.019249261149653897,0.6577329870767674
2024-05-17,-0.0057219131215235615,0.0021061657600827278,0.025376547715495724,0.00044008883249282597,-0.012895848233242344,0.1876331044394979,0.03686195691351912,0.01897165849888879,0.74902635770942
2024-05-21,0.015563102334097191,0.0060446274625022825,0.02459377003306134,0.016209618750742196,0.0009708195605271722,0.17420078119661953,0.03566047966317082,0.019150780565592277,1.1010203402381318
2024-05-22,-0.008130881629776219,0.0017103075827973263,0.009538386464403652,0.00632418847430535,-0.007518493919628283,0.10894563157181394,0.03412081471468917,0.018922422424452297,1.021815596184997
2024-05-23,0.02215637383694624,0.029588594541267204,0.020070119669672325,0.026222542642320747,0.012979704607723921,0.14176247595226799,0.03436796352233346,0.019491564621072974,1.4021632033586093
2024-05-24,-0.0011147876249462906,0.012910704582223615,0.02275189379479716,0.02262363321622257,0.009979688603966983,0.25940476315405947,0.03339708531228046,0.019456952626595744,0.9254869812652412
2024-05-27,0.005931344637388484,0.026972930849388323,0.0344051515537092,0.022602688996828862,0.015625702828025417,0.43841589779554824,0.030942278671815315,0.017748381910690902,0.7723408253454679
2024-05-28,-0.02337209097432113,-0.018555533961879065,-0.004530041754709081,-0.0029989376306683263,-0.007137508018206738,0.45878579860989194,0.03130912677230208,0.018522973546125084,0.7602527875180439
2024-05-29,-0.003411034049060093,-0.02085178038599282,0.00018980582600715002,-0.007348792415192089,-0.008805616042350594,0.320989067455983,0.030412747996566302,0.018061619276080573,0.9066633801114917
2024-05-30,-0.002090218536277857,-0.02887334355965918,-0.024056786547217046,-0.009029357440949477,-0.0073921367893149265,0.1819656819187756,0.02898177813199208,0.016213115467597045,0.7230203989605632
2024-05-31,0.007768807994980083,0.002267555409641967,-0.015173190927290605,-0.0020531899805532796,0.003095588710439238,0.4332399544979302,0.025117308593260692,0.01637016924404296,1.253938160067372
2024-06-03,0.11421145065531314,0.11989004011401544,0.09310691509063404,0.1039033775841944,0.11996383693358408,0.5348784231261092,0.028311663412162548,0.03063425838255186,2.880897598862328
2024-06-04,-0.17912754693180047,-0.05714728828150724,-0.06264854086684532,-0.07118140686711703,-0.06061985103311378,0.1636933944577622,0.04933105941513569,0.05056655361547016,2.102680225727502
2024-06-05,0.04624537648079204,-0.018670719795695387,-0.012992130336993243,-0.025998344904026353,-0.016334507419807354,-0.06832335695916143,0.05244507849540107,0.051457079516306826,1.3684433238885634
2024-06-06,0.033657841053838435,-0.09922432939717019,0.022755929253122958,0.007474495347703282,0.01610686424295869,0.04658330926420803,0.052289769718730325,0.05193024915004053,0.5678762933145383
2024-06-07,0.007041088326271166,0.08694430586090161,0.022028209584414166,0.013890489693309853,0.02171332689353901,0.1245827498007209,0.052054770482103184,0.05194624627039823,0.35075466031902675
2024-06-10,0.02046853420720972,0.06116746358731922,-0.07171470686368944,0.032595518342627194,0.03861945126054322,0.13567464852246602,0.05155573264647053,0.05155333586136619,0.4757291336939212
2024-06-11,-0.005805560597353644,0.021704061936127308,0.10160727947075746,0.022606744336075162,0.029560514472967085,0.06599558877876703,0.05181691739355252,0.051513399714955437,0.41792403902445213
2024-06-12,0.030815718823162697,0.045478692433018705,0.08617762181312812,0.04681867232123143,0.05731468483786641,0.0791628750941112,0.050874595870942355,0.05188605181458276,1.2742213888714002
2024-06-13,-0.002472917269585033,0.02253724095622395,0.050046863489704795,0.036632409798907375,0.05101736912981347,0.07599829607838857,0.05087422744001151,0.05187485909887977,0.7277421580530732
2024-06-14,0.01247927326649483,0.04082207482007253,0.055485048429928546,0.04149617801793668,0.059616198222129144,0.0780041140110437,0.04978166313727509,0.0518830102872146,0.7514039401219758
2024-06-18,0.003661309155869696,0.013667665152779545,0.038677823378588466,0.048999525741517384,0.058429076190086804,0.1334080100717712,0.048145308362291646,0.05183044591258622,0.6280140011442535
2024-06-19,-0.011728809129009048,0.004411773293355479,0.0327545748469331,0.02342760111103889,0.04254435424111201,0.08170786027075067,0.04958117431345914,0.05188928525825311,1.6415262123276197
2024-06-20,0.004392622574705423,-0.0036748773984339764,0.006331478598475918,0.018680627255907953,0.04295044788864785,0.07012647679132229,0.04881287340235095,0.05181884719015069,0.8018274093008128
2024-06-21,-0.020725192860124208,-0.02806137941442776,-0.011920796992063198,-0.0059248928492489,0.01967447523506599,-0.002123481420815523,0.05069165994687633,0.051914478246375094,0.8805017333717243
2024-06-24,0.004464677584170595,-0.011867892701248134,-0.019935392674387514,-0.004946855432467845,0.022064035158967682,-0.25692707066414444,0.043796457406699726,0.051912748437210846,0.9878191456266371
2024-06-25,0.0001780806541236759,-0.016082434621829882,-0.02341862117613342,-0.006267308595590761,0.020369170310684078,-0.014196825825412986,0.029815992347646255,0.05190645834757818,0.7181777597774038
2024-06-26,0.0010683959863916634,0.005711154224686094,-0.010621416060732622,-0.007366607545134798,0.01837753705589877,0.2868841939456121,0.024190882238284667,0.05156843693836034,1.056467153949335
2024-06-27,-0.003922890479288093,-0.0026764138387725934,-0.018936929114726185,-0.010011279639244317,0.011375092866865779,0.12255252991148978,0.022218536120526267,0.0515719415358049,0.9555021430709549
2024-06-28,0.01150376858716815,0.008649274094271867,0.013292032332566206,0.0013056728509117021,0.019349153114456286,0.10979752547640985,0.022857275135493238,0.05159049960780954,0.9882917395652365
2024-07-01,-0.011871187914751292,-0.0042903098068711445,-0.0030438331663557006,-0.008229571846784673,0.004634311943682035,-0.028756317873641846,0.022103032631632498,0.05169596103513553,0.8395506252225683
2024-07-02,-0.026623575681103514,-0.026990995008686586,-0.029845489501583018,-0.029156449226210093,-0.017427913263184682,-0.03208315402603603,0.023816361147679883,0.04484936168906581,0.9688097982966912
2024-07-03,0.01069734599839549,-0.02779741759745917,-0.020216539489579126,-0.015690248554741378,-0.011687046005866874,-0.24759501152502905,0.02245700408674912,0.017891674004372225,1.249218435865024
2024-07-04,0.008550168615916561,-0.007376061066791385,-0.007743480394374507,-0.004566029025094149,-0.006355636717208689,-0.2570002849392037,0.022822981278361573,0.015106268419903528,0.8899592485032967
2024-07-05,0.013420592790371085,0.03266810740468335,-0.005826656191171566,0.00812686917351684,0.004814598338421702,-0.25030161533653145,0.022443131164631962,0.013564255382496785,1.0527960702186563
2024-07-08,-0.04271840595502902,-0.02074764454874144,-0.03667387423144933,-0.030236342672544554,-0.03701194665651222,-0.37635705038291606,0.0258705638985433,0.01681812476160509,1.3618919254935817
2024-07-09,-0.0024806656412404092,-0.03177847880589835,-0.01253096419158623,-0.02857123036130325,-0.038127911851682086,-0.31581191770840744,0.024833009308459372,0.016100721241081722,0.8145830255674601
2024-07-10,-0.019875333418988145,-0.06507440501525766,-0.04310364360896994,-0.04172275881436982,-0.05518370939408166,-0.325975287374842,0.026726384600677725,0.016604857132904178,1.0937298969836926
2024-07-11,0.0005846394624943557,-0.021771359597734137,-0.05106917276239212,-0.03556058964831311,-0.05131143306497678,-0.3058052018530086,0.025464921976630615,0.014724181464810492,0.5968530687623838
2024-07-12,-0.02405008192673234,-0.043340775883226115,-0.08853984747949557,-0.04962358442486872,-0.06965670706920968,-0.30733927600968003,0.026279611972828333,0.01541383738765365,1.169824730147144
2024-07-15,0.03123100254068807,0.007765560076450038,-0.014590438983778554,-0.01439057631521246,-0.03657920762727241,-0.22621203249279276,0.02667906754069768,0.01699935815769209,1.6226168094889248
2024-07-16,-0.0013545323885752036,0.005826388225380438,-0.013464305731113404,-0.013166646337973995,-0.034050408613962066,-0.21604167411574807,0.02662379465409752,0.016921673481495945,0.9964973546120831
2024-07-18,-0.010707850470021166,0.019168619682091624,-0.004296822782146387,-0.01902806636272792,-0.040607771907213555,-0.2264280188087261,0.026437921040647343,0.016898537261893314,0.9839065228055683
2024-07-19,-0.019168619682091503,-0.031231002540688016,-0.02405008192673234,-0.030373367154482498,-0.054052537108226203,-0.35123306882849875,0.02693534237120082,0.01710908572032611,0.6534569807502312
2024-07-22,0.00953141788386493,-0.020345052268247798,0.00953141788386493,-0.013145078496816107,-0.04159915413190456,-0.35558977516326107,0.02806323607040821,0.01699109353994054,0.7746473522258102
2024-07-23,-0.007538215855387386,-0.01717541765361392,-0.02923780051221034,-0.016239306038165775,-0.04483827846327869,-0.33991222656936143,0.028830287771134985,0.016903851085800947,0.6049563198919486
2024-07-24,-0.008599238754147568,-0.006606036725669943,-0.03648250687778268,-0.019766157966749603,-0.048659991932672994,-0.34504773176454817,0.029122307015660095,0.01689876300456421,1.4108991049741988
2024-07-25,-0.014566267640586212,-0.03070372225012119,-0.040340924048347764,-0.029661863336670993,-0.05737941416101556,-0.4644130373332004,0.029054691568667544,0.01698337245181372,1.1079487638504049
2024-07-26,0.017574422562964463,-0.005591083831769429,-0.0035978818032918365,-0.00971645203664024,-0.0364932645303311,-0.4685957510301517,0.028891805382472182,0.017744841998849625,1.029597458111355
2024-07-29,0.024526505120399625,0.027534660042777825,0.011397205433242694,0.012743343746217335,-0.008840697011427876,-0.22670095137256582,0.027856852241486218,0.018575645480763982,1.6953482406104146
2024-07-30,0.001366821805219449,0.043467749488583333,0.020302243093849696,0.01505247231574352,-0.004419422944352445,-0.12684976958021252,0.027665496190755177,0.01850381964434648,0.5751464327341421
2024-07-31,-0.01019816732631769,0.015695159599301373,0.018703314521679396,0.006567584535556504,-0.012343292620569376,-0.1247195757353272,0.02709018748348264,0.017749743312855337,0.9399122210407673
2024-08-01,-0.009506876477997625,-0.018338221999095967,0.023762705684268103,-0.0012918409851183168,-0.01851633656853301,-0.20193613123198859,0.028685142718794344,0.01755159076157006,1.5104877457070376
2024-08-02,-0.03051051178651767,-0.050215555590833065,-0.024322228665214,-0.028638609427218218,-0.04306596135999135,-0.21929735702900233,0.029471242431360713,0.018331311205337188,1.0833741854568069
2024-08-05,-0.01550742002220391,-0.05552480828671924,-0.06435615380781749,-0.03858483673303503,-0.05148732864646374,-0.43406412496800556,0.03104813650326224,0.017925512986448598,1.3643279297689883
2024-08-06,-0.0018771047459243467,-0.047895036554646025,-0.06760008035896133,-0.035906902080047855,-0.04897102519431194,-0.42309227193727905,0.03220996944923346,0.015793717879572396,0.8429709018014693
2024-08-07,0.016152732130070048,-0.0012317926380582408,-0.04124918090257355,-0.018013841482082182,-0.029960057366815847,-0.3098521655866992,0.03210471444043439,0.016458216130730313,0.5752795115386709
2024-08-08,-0.008457952508035799,0.005817674876109914,-0.04020025693261169,-0.024710508759366402,-0.03520777177396831,-0.3031311510254784,0.031119600468599195,0.01605802405031259,0.49504793760581534
2024-08-09,0.0184734246885648,0.026168204310599248,0.008783679542470856,-0.004978099628701031,-0.015083185797461221,-0.1827833919742163,0.03037566344935984,0.016754455911916523,0.9238022519819269
2024-08-12,-0.004075835651398351,0.0059396365291306775,0.020215263913276355,-0.004573617928692895,-0.017958285043678097,-0.18951345894072547,0.02851599972005848,0.01595725101538718,0.7387978695319375
2024-08-13,-0.012741687094885611,0.0016559019422809275,0.009350681564315181,-0.011348558047950466,-0.027114059942145496,-0.15535553443199077,0.02849756594576771,0.014190931052569505,0.790201580686297
2024-08-14,-0.00955949572409765,-0.026377018470381593,-0.016361546289852553,-0.015034670357874211,-0.03272066754932953,-0.14367098670325404,0.028890613854776516,0.014248409103687194,1.0201250269850561
2024-08-16,0.016566972073118875,-0.005734210745864398,0.00866337829130207,0.004642527203174016,-0.014172899443486422,-0.17949598102192924,0.02772643732805733,0.014842260875803323,0.6485254612833805
2024-08-19,0.0158927879158465,0.022900264264867663,0.00608274151858365,0.019201481047493526,0.002279331273483602,-0.29310680786338594,0.025830955851395946,0.014828740524043236,0.9766999468318222
2024-08-20,0.027906881860592335,0.0603666418495578,0.03806545903057453,0.04186291738099136,0.030361944091723304,-0.2224928309203942,0.026538237317508043,0.016014778322227776,1.8699661812244546
2024-08-21,-0.003742000087770789,0.0400576696886682,0.047065146037689305,0.03209512661089885,0.026035545610259773,-0.09516123351631549,0.0262008134870852,0.015939732568425267,1.0033108588746387
2024-08-22,0.0027586298179552047,0.026923511590776775,0.05938327157974197,0.03045539953090292,0.027798283107789857,0.09589247702388846,0.02477932659964415,0.015801870961032354,0.8014630086915898
2024-08-23,-0.006316622814841173,-0.007299993084656853,0.03649967669178198,0.019357713835454548,0.019851786482271254,0.19566860329265012,0.023408764028694996,0.015477848813509585,0.5091882498656353
2024-08-26,-0.00436601798207122,-0.007924010978957357,0.016240870793864198,0.012647983238845813,0.015060316329559897,0.32029453853530154,0.020740987402501465,0.015045317391306403,0.8704614901158887
2024-08-27,-0.0007958278190930822,-0.011478468616005478,-0.01246183888582122,0.00926092412312832,0.015216103314381942,0.17725357010391904,0.019264661438690975,0.01392663891296487,0.7269191266179552
2024-08-28,-0.005388688743292035,-0.010550534544456439,-0.014108527541342467,0.0005806826972833371,0.011067715007847612,-0.002070676580485582,0.01883986235502594,0.01394998434838363,1.5247022271476434
2024-08-29,-0.00020010001276405933,-0.006384616575149131,-0.017067257372061648,-0.00374887008560815,0.011653485325127565,0.00042941624939359715,0.01850050181503212,0.0137912375895539,0.938465168185982
2024-08-30,0.0012002523700923627,-0.004388536385963706,-0.009550382187127922,-0.005190786222291653,0.013104370049661347,-0.030829687972949812,0.017150276251832006,0.013641018776617737,1.0905855251574306
2024-09-02,0.0150795746386273,0.016079726995955775,0.0098952104335706,0.007299821334620654,0.026376923559782432,0.13494009843956717,0.017850102910950055,0.012028397868855099,1.3554113649581208
2024-09-03,-0.01268344605169941,0.0035963809570202622,-0.001992407799035782,-0.003953189512101564,0.011243888440344532,0.1399517430143797,0.017721795652334883,0.011826323754038274,0.707572400068661
2024-09-04,-0.029140104323425547,-0.026743975736497578,-0.025743823379169098,-0.028738986632840274,-0.018590393822027394,0.1090574776647233,0.019331173730651498,0.013736849133088232,1.3247226668468872
2024-09-05,0.0014363758801093196,-0.04038717449501568,-0.024107347486295914,-0.023349883424151934,-0.017268827398958422,-0.010080562974328728,0.019288778754287327,0.013258599441190814,0.9847733509209947
2024-09-06,-0.03335723862625638,-0.06106096706957262,-0.0586648384826447,-0.049049417725162345,-0.04845474194259552,-0.16576779269966976,0.02089704545995972,0.015139331152906405,1.3254096203386563
2024-09-09,-0.0012728175121015373,-0.03319368025824869,-0.0750172306333736,-0.04415045269975916,-0.047686410312452944,-0.3927888574838465,0.02019587789788328,0.01441878377114678,1.0147687818424755
2024-09-10,0.0006365442948489553,-0.03399351184350887,-0.06169724028682507,-0.03748778918298089,-0.045314196689029224,-0.4307603686668196,0.019607235734833223,0.014423985589421245,0.6374777575177826
2024-09-11,-0.012380040635984255,-0.013016313853236788,-0.04493717659938387,-0.04266473838732073,-0.05534814397090513,-0.5545284794257691,0.02048047571806087,0.014409904287317254,0.7908279526405306
2024-09-12,0.018302306325818772,0.006558809984683581,-0.028071246153674335,-0.019863132362397527,-0.03744071392441747,-0.47019536642319565,0.02065130930454348,0.014965125902764284,0.6161670487263075
2024-09-13,0.009862579432289846,0.01578484512212434,0.01514857190487196,-0.00577147725303092,-0.02711049565939353,-0.3167643602031322,0.02097066489337956,0.01463429835277424,1.257885855117609
2024-09-16,-0.0012536694522292558,0.026911216305879372,0.015167719964744187,-0.0008982343810900716,-0.026708064457209236,-0.24007533817713636,0.021295648534914734,0.01409549296871136,0.6667867058046895
2024-09-17,0.0014624836120117604,0.01007139359207222,0.015993659281906835,0.00526769830633696,-0.022329251674730807,-0.1952868952395525,0.02092155219096428,0.012299340753278454,0.6796044121664911
2024-09-18,-0.006703045834644632,-0.006494231674862109,0.02167065408324651,0.0009045234920795369,-0.02577860955349688,-0.19364986378858376,0.021287441427945572,0.01232643444746714,1.061091778659488
2024-09-19,-0.00865434023000971,-0.013894902452642563,-0.005285992472582079,-0.0043691798664191326,-0.030550870022396943,-0.35175991571605236,0.02341074573009019,0.012302366328743588,1.443437402657976
2024-09-20,-0.0014851337015660924,-0.016842519766220438,-0.016633705606438055,-0.005699814733461968,-0.028595591065186006,-0.36104318070596464,0.02242946721537818,0.01229626567501025,1.5270080038872527
2024-09-23,0.03750438312235939,0.027364909190783587,0.0221243469681506,0.028412781465314736,0.009965388102476188,-0.20528455316021493,0.02323983563405195,0.015328788081425527,1.2509532346083065
2024-09-24,-0.003687745967629024,0.03233150345316439,0.016974117388509926,0.021233790062602266,0.007829720507585911,-0.053589168842407844,0.02240205352597973,0.01533651115036906,0.7352035650841717
2024-09-25,-0.0016434457452831797,0.0321731914094473,0.022033717477871372,0.015130915379504806,0.007560799871821147,-0.026987159767764127,0.022541693706036314,0.01530983619788072,0.6689207350008721
2024-09-26,0.007986135015556197,0.0026549433026440057,0.038674192723437265,0.01984356005255584,0.01661877498136392,0.14840040673766366,0.020934693997917263,0.015450944266898307,0.6029982703317671
2024-09-27,0.017989402978055083,0.024332092248327823,0.058148729403058354,0.03398994652593831,0.03517995162130067,0.36834237346097326,0.020475605990255545,0.01601895851359377,1.6493751664381942
2024-09-30,-0.007237677559468864,0.01873786043414231,0.013406668721230093,0.02286799375919274,0.029016347188137923,0.38095613783205495,0.021489096490547005,0.0156796126416441,1.0507273052744157
2024-10-01,0.004469448916283223,0.015221174334869332,0.021563863605142182,0.023474442894038768,0.03401007384103858,0.5063019638019682,0.020862380724271764,0.015487283642503402,0.7295828141704145
2024-10-03,-0.015588380545050759,-0.018356609188236454,0.007618928805374582,0.004685979998120081,0.0176867578860944,0.36693367070811944,0.021531166502617497,0.014421554095790712,1.030182659514164
2024-10-04,0.022315099961160826,0.011196168332393371,0.02194789375097953,0.021186601134852424,0.03919746833166893,0.4529470954431221,0.023025656034785447,0.015239170911374297,2.10797118993933
2024-10-07,-0.032115623118970656,-0.02538890370286042,-0.028157132346046172,-0.013969455046162236,0.004932122161695239,0.30589698352063266,0.026967839415677448,0.015092102892369699,0.9853565814518639
2024-10-08,0.018657042628950578,0.00885651947114085,-0.002262412157626711,0.0034824288987469194,0.021384914635938772,0.39123956364820517,0.028026554960677217,0.01555542222398396,0.7532903040901665
2024-10-09,-0.003728054848660256,-0.017186635338680343,-0.010459915922570093,-0.0013541237406129497,0.015356896374413818,0.5045808180511421,0.028841695924743668,0.01561229826029157,0.924248193965625
2024-10-10,-0.001096721828861943,0.01383226595142842,0.004031742793618605,-0.0036000704514465467,0.01148169324000626,0.642751902004749,0.027886318359469333,0.015257401101774983,0.7804092203400721
2024-10-11,-0.01486305650682934,-0.01968783318435152,-0.03314641367437153,-0.017213597626168094,-0.004529381016808914,0.5463622783562798,0.028766484796730843,0.015282434801225882,0.5911228006357447
2024-10-14,0.008748078291945178,-0.007211700043746117,0.007717287736544133,-0.0065444857476719565,0.003166830284774261,0.5245989752785749,0.02659695968908875,0.015250837411223218,0.4694983264646781
2024-10-15,-0.0030305542272241344,-0.009145532442108388,-0.0139703091196305,-0.007942634260261462,-0.0008237210496292484,0.5253064285772333,0.026900339732943382,0.01527015030340678,0.8379219567753521
2024-10-16,0.0013934979756911297,0.007111022040412175,-0.008848756295279096,-0.0046313699645161585,-0.0003828582307828177,0.5548248817711311,0.026362604837435355,0.015270039786144,0.5336013496250452
2024-10-17,-0.009010277257665353,-0.010647333509198274,-0.01676231172408247,-0.01231137098211409,-0.010171917413580622,0.4610959447700836,0.026958416455131713,0.015339548027102207,1.2710898208517676
2024-10-18,0.024535305213553762,0.0169185259315796,0.022636049996300527,0.013305324482196882,0.011905614231277192,0.4320485362159292,0.02788932479438816,0.016037087171469615,1.248771801531951
2024-10-21,-0.008911637443977223,0.006613390511910973,0.004976334260378083,0.003044592937325166,0.0008307307927323023,0.4164657802894732,0.02840344661786197,0.016219294285996038,0.8469558361159641
2024-10-22,-0.05057189899266247,-0.03494823122308605,-0.04256501050506015,-0.04110154048052576,-0.046418026119447515,0.31846056321308935,0.03264957055420653,0.01797259143647672,1.141412137930095
2024-10-23,0.018278384524034172,-0.041205151912605556,-0.025680123956717305,-0.020051118737367417,-0.027708798378601244,0.3013852106874799,0.033351944302677544,0.01854347344881492,1.4611538715261991
2024-10-24,0.02821641367526918,-0.0040771007933591424,0.011546566976217365,0.00852493106243498,-0.00020419400185846297,0.17669750259184325,0.03185205745146165,0.019671217003106124,1.040045265447841
2024-10-25,-0.021682098218086893,0.02481269998121646,-0.03467083645542332,-0.011926018541499014,-0.020522320199235132,0.2182741802864821,0.03177783668470227,0.020175016999719426,1.1057248281432053
2024-10-28,0.042503948342657395,0.04903826379983964,0.01674474933121127,0.028697509296890918,0.02193990784315789,0.3055502960900071,0.03223316945258393,0.0220567082058182,2.006243133864502
2024-10-29,0.018395668403174397,0.039217518527744945,0.08571231672704822,0.04318033821634614,0.03947648814867948,0.288132000535573,0.031993580227973904,0.022352849971040856,0.8241546616381271
2024-10-30,-0.012173083755495435,0.04872653299033639,0.05526084844751871,0.02747225313616054,0.026361008280693966,0.2746092406889757,0.031982099177950744,0.02253943925944599,0.779161037722625
2024-10-31,-0.0020698746116672396,0.00415271003601169,0.02497456016058228,0.02159119006091921,0.023007084603142443,0.2852643647911651,0.03202275185115091,0.022231749597641015,0.45910664350875674
2024-11-01,0.010858879720879603,-0.0033840786462829894,0.05751553809954878,0.030341671585112827,0.03352120340658259,0.26649192750907774,0.0316515583438152,0.02180223000921955,0.12219017528007416
2024-11-04,-0.004147377187227753,0.0046416279219845934,0.010864212569663644,0.023218286159860234,0.027155655092489964,0.1048415165114578,0.03237398034272937,0.020447090649499084,1.4606533101877417
2024-11-05,0.02056680568933639,0.02727830822298843,0.013035349855825756,0.034322317001388554,0.04623259598165118,0.21961888648067215,0.0332825588421991,0.020533177084914003,1.5086182972283109
2024-11-06,0.017869567379069078,0.034288995881177814,0.043078000990390136,0.042688400818890256,0.061601528017176034,0.37534319462310123,0.03286721000246026,0.02077643833969438,1.708202990032249
2024-11-07,0.0007615575830504026,0.03919793065145597,0.04590943318510795,0.036084549342294665,0.05883540152798904,0.38072390819802676,0.03134701465779381,0.02076040544102846,0.8670302319342682
2024-11-08,-0.02368455532798757,-0.005053430365867992,0.011365998136240658,0.005064514170140382,0.03110598623456434,0.2635263647979471,0.032721858471319275,0.02125407732460792,0.8477975730750857
2024-11-11,0.006796789979675267,-0.016126207765261698,0.022310165303143805,0.008588729104218462,0.03526762875257847,0.26453082408235956,0.030863445501821705,0.02123000582498959,0.6336575621908915
2024-11-12,-0.02211225980237418,-0.039000025150686374,-0.020368900188566817,-0.01275180111691224,0.010826268890049038,0.3217009154281806,0.030965570793423488,0.021920744684359963,0.5119946721865567
2024-11-13,-0.037907747891125866,-0.053223217713824676,-0.07614621545876174,-0.046428311064594927,-0.026609213675796124,0.1830935642587123,0.032616996220638496,0.023651461001514943,1.3504814215653609
2024-11-14,-0.007425787254524041,-0.0674457949480241,-0.08433356029633635,-0.0499606591503458,-0.03372171800701508,0.21882061856668586,0.0312037880974701,0.02362294248526315,0.673355525189142
2024-11-18,-0.0004142122449787367,-0.045747747390628576,-0.06106321721332735,-0.045736686851534245,-0.03285067653565932,-0.03892175951719423,0.02933483836728276,0.022901555195710566,1.4431705766267409
2024-11-19,-0.017551623290779046,-0.025391622790281645,-0.0854116304837817,-0.056577528862147126,-0.04804334188909812,-0.19982322225575047,0.030534814599169114,0.02313217464307995,1.1266838326387374
2024-11-21,-0.03736743165627975,-0.0553332671920374,-0.10066680233768731,-0.08042738697565384,-0.08201042438100371,-0.4170353028681544,0.03537667500411724,0.021817193381230657,1.9684660514064767
2024-11-22,0.03229558444651951,-0.02262347050053928,-0.03046347000004196,-0.03998699472738247,-0.05150605045421635,-0.2828801068768254,0.03531779245886722,0.022681004733229208,0.9658080064358895
2024-11-25,0.04596131949976456,0.04088947229000439,0.022923636754246555,0.011606249396722662,-0.007359441231554172,-0.18078848722018506,0.03635023133827747,0.02415883935912934,0.9870834997278731
2024-11-26,0.0016174642393414927,0.07987436818562536,0.024955313238566777,0.017032730815312962,-0.007343656660743451,-0.08213491517031243,0.035295813540847314,0.02358927725093044,0.3361817675113961
2024-11-27,-0.004251428284337868,0.04332735545476801,0.038255508245007716,0.01769456907523635,-0.01086660464306341,-0.2227260534232718,0.03447526318481659,0.02155537072011337,0.557297735379258
2024-11-28,0.010293740819325692,0.007659776774329134,0.0859166807206132,0.02979796881558405,0.00048416378393378363,-0.2920074392327416,0.03420826179668767,0.021251621170656983,1.0050611927628126
2024-11-29,-0.01049666573152739,-0.004454353196539651,0.04312443054256627,0.017740237382414578,-0.008951219799438288,-0.4171209768139352,0.034801137451666485,0.02120892847773758,0.8098074140900917
2024-12-02,4.0613900247772886e-05,-0.00016231101195401276,-0.0027962750569504877,0.01572164069062065,-0.008003260153828583,-0.3954481189401335,0.033234384447149073,0.021208682164935638,0.8648852472771613
2024-12-03,0.03250047221117424,0.02204442037989453,0.0280867329148824,0.04361839878605914,0.024591433461303804,-0.23969236179770775,0.03268793635582885,0.02236173940752466,1.4446436885158365
2024-12-04,0.02337424736266622,0.055915333474088336,0.055712408561886535,0.058160891869390975,0.04715347085813277,-0.10312093206150408,0.03165313707155869,0.022922039039819864,1.3241065608081202
2024-12-05,-0.002266828899224337,0.05360789067461617,0.04315183884333651,0.04243854753346677,0.044345960828295256,0.04409429039786701,0.029768777636070352,0.022489217536217194,1.0066863336897716
2024-12-06,0.01761452154768216,0.03872194001112407,0.07126302612254616,0.04893440472253994,0.06246711722709367,0.1730078713027497,0.030031865414719326,0.0224788611280916,1.3197474265911062
2024-12-09,-0.006331415381211973,0.009016277267245883,0.06489099684108642,0.03581402815798892,0.05572329670464101,0.20065840614657418,0.029076182910368963,0.022528569983230457,0.6692792808310589
2024-12-10,0.0,0.0112831061664703,0.032390524629912265,0.02955571280471534,0.054383368052767486,0.20537523327749482,0.027364704139018634,0.021827752567694016,0.8088327331967916
2024-12-11,-0.008249056159432134,-0.014580471540644104,0.0007672211078138591,0.01540412423167505,0.04521431261100631,0.3463934486843209,0.02415649433357244,0.02188458038581043,0.7509766884417867
2024-12-12,-0.006038784591903431,-0.014287840751335571,-0.003004734584865243,0.005298002533524635,0.03756990549707326,0.2127001278540915,0.022566704507697058,0.021299089742785087,0.782062771294056
2024-12-13,-0.004679216247618942,-0.018967056998954495,-0.025298472380166494,-0.0038727436131903675,0.029698734559299732,0.028302177530093075,0.02150694462017151,0.019282762629891093,1.2019610554336888
2024-12-16,0.004216043892506353,-0.006501956947015968,-0.014751013106448177,-0.004533996109926202,0.030434090404589415,0.024857945351221246,0.02099187959385052,0.019128759035441603,0.5422768046612044
2024-12-17,-0.011998402777688374,-0.012461575132800912,-0.02674941588413648,-0.016950544450228602,0.015198873289317875,0.025045579517243226,0.021384771537430527,0.01942700030772657,1.0042741888401732
2024-12-18,-0.021001091697769862,-0.028783450582951873,-0.03950145142247411,-0.033706739424500594,-0.008547217186027693,-0.1155439023051801,0.021798736632737757,0.019632669440446074,1.0820131752606423
2024-12-19,-0.00945934583319882,-0.04245884030865706,-0.04292201266376963,-0.03847864447709665,-0.021714063941236136,-0.09990042730460388,0.021991532964843328,0.017507076830442826,0.7377689177216818
2024-12-20,-0.03158374187401427,-0.06204417940498296,-0.06982653829016497,-0.05962961542814659,-0.052985425854777966,-0.11724489868103945,0.025375134751924145,0.017925372555354854,1.3423879862161023
2024-12-23,0.0232530267231173,-0.01779006098409601,-0.05078955545955408,-0.031190746547668957,-0.030544267500398944,-0.1537334671681765,0.024693271488065282,0.015477112820016,1.1815339715226232
2024-12-24,-0.005293140251213906,-0.013623855402111053,-0.044084292933079694,-0.0294397110264476,-0.03517788275580162,-0.22795866974248014,0.023923261137669977,0.015512153869304079,0.8385215274300277
2024-12-26,0.007037768403105411,0.02499765487500873,-0.01604543283220441,-0.017097638355411386,-0.028407744738888754,-0.29651519886388655,0.0237323121116463,0.015574416066979957,0.6314943626576722
2024-12-27,-0.00687449003077366,-0.005129861878882103,-0.013460577029779172,-0.01827286905655657,-0.034301424983225116,-0.5317385863763997,0.02233910354851462,0.015452555137348733,0.6111255212136611
2024-12-30,-0.0164204451852957,-0.01625716681296385,0.0017027196589394268,-0.027641578092326317,-0.04901703085027644,-0.5780874295658265,0.023924130981761552,0.015702709575323315,2.29327384081762
2024-12-31,-0.001868984377424483,-0.025163919593493848,-0.023419291441602264,-0.022146518881444036,-0.0496940231734708,-0.575090169312,0.024084687913263302,0.01570116366381552,1.037141568458588
2025-01-01,0.0027813923337280094,-0.015508037228992196,-0.015344758856660338,-0.013499874611569354,-0.04453137642539932,-0.49277502562618053,0.02342555983328315,0.013610692555152326,0.4371850414303546
2025-01-02,-0.0004146276910595586,0.0004977802652440113,-0.022797154950825405,-0.010042447842108837,-0.041234236748631956,-0.5088058648226306,0.02452245809155648,0.01217705687083342,1.204156643666721
2025-01-03,0.002154254427870354,0.004521019070538942,-0.013768410492181306,-0.005183241664905379,-0.035650305186828164,-0.33667511354085006,0.023349364786594638,0.01224778374016935,0.8678941345838036
2025-01-06,-0.05827878893022134,-0.056539162193410444,-0.05562675423710698,-0.05659749754281831,-0.08354470035483967,-0.498164465915969,0.028300691824459115,0.016372488117843392,2.0790025409403077
2025-01-07,0.019547985403689797,-0.03657654909866108,-0.03420978445599279,-0.03245272860063614,-0.05969437449032767,-0.5003953584912264,0.027771282246501387,0.01745277646051431,0.7615377878065037
2025-01-08,0.0021056156582692147,-0.03662518786826228,-0.03488556113145142,-0.025546237723419518,-0.05196396113421789,-0.3818983210209291,0.02718853406632515,0.01749817350929865,0.639280241535431
2025-01-09,-0.008233007933084199,0.013420593128874886,-0.04270394137347609,-0.02717138103150334,-0.05401426484312743,-0.3770963074464893,0.026578567421916922,0.01749806788219784,0.4088188344206617
2025-01-10,-0.02471424464189196,-0.030841636916706865,-0.06957244044323845,-0.04302567379049386,-0.07067645454427522,-0.36328690821939946,0.025320053967444113,0.017988725809173038,0.6443395621824821
2025-01-13,-0.03480448257679939,-0.0677517351517756,-0.046098134089816487,-0.06652140011620088,-0.09494564183115563,-0.5142321998976186,0.026479309571837802,0.019017236837244857,1.4996739317216197
2025-01-14,0.02732318685955112,-0.03219554035914017,-0.03832293263395504,-0.03369039695750023,-0.06298821074211924,-0.4933088669781185,0.027160839379217906,0.020475925515039916,1.1207453241858167
2025-01-15,-0.0076277617469612015,-0.015109057464209472,-0.048056310039185535,-0.03301390522495942,-0.06344580003795566,-0.47038393070360596,0.027655144225599705,0.020446861055200525,0.894165301325653
2025-01-16,0.030299308471598785,0.049994733584188614,-0.009523993634502683,0.002088727520526117,-0.030171234952449544,-0.34704594985353365,0.02849025353792651,0.021787481477746642,1.1926250384858845
2025-01-17,-0.003721152953396897,0.018950393771240664,0.011469098053992417,0.004365485631802767,-0.029597260282853494,-0.2650728048425084,0.02718042617964904,0.02175723965306606,0.5751350050157154
2025-01-20,0.017908845130611247,0.04448700064881301,0.06418242576140301,0.020644184600720924,-0.010277963912219601,-0.13944396041686574,0.028199676883764246,0.021296431650778304,0.9140477311632237
2025-01-21,-0.010872244800918897,0.0033154473762952905,0.02598699410093292,0.01087438274714535,-0.017494732337356274,-0.20565119520582711,0.029130116458502976,0.02053776197470218,0.7050009578089617
2025-01-22,-0.00537132250813851,0.0016652778215538607,0.02824343333975561,0.007486238419163802,-0.019281125946127547,-0.18003982711748648,0.029509067697208076,0.020538129028111397,1.1429410305366077
2025-01-23,0.0034095345833153857,-0.012834032725741979,0.0013536594514723121,0.011766263187939262,-0.012215825236653087,-0.21420427900473016,0.029854351821337895,0.020455990454440964,1.0109583466406125
2025-01-24,-0.017387141023289664,-0.01934892894811276,-0.012312328618420396,-0.005589996029722474,-0.025086021747251025,-0.07574361688215717,0.027529835249885917,0.020676179312770774,0.944875629819931
2025-01-27,-0.025134553915029837,-0.039112160355004005,-0.05535572766406155,-0.031098237159438515,-0.04486467349831811,-0.05182929341640289,0.02855579585375451,0.02103573713623339,1.0045134248625522
2025-01-28,0.009696953696397372,-0.032824741241922174,-0.03478652916674522,-0.020810440248800223,-0.03160091807960567,-0.028655275702581095,0.02864098017254628,0.021273701623040115,1.3966102522389419
2025-01-29,0.003735746384448825,-0.011701853834183673,-0.02567946027415792,-0.017392896206558244,-0.02400636150500179,0.07968847645076821,0.0286561220566286,0.021290933737352864,0.9597273869981691
2025-01-30,-0.0008988787607801845,0.012533821320065936,-0.02998787361825363,-0.015468131004544715,-0.020862649227667125,0.22083892298571328,0.028039519895902244,0.02128689411771106,1.1396311541119009
2025-01-31,-0.04131110657192131,-0.03847423894825281,-0.05391183916688534,-0.04916162768977435,-0.0546084442297144,-0.031344547927548094,0.029988665533365412,0.022786815146158452,2.8009460541690214
2025-02-01,-0.012021973842312853,-0.0542319591750145,-0.04079925909416842,-0.051530664066005975,-0.06234994697706068,-0.18165111642829487,0.030368307667885338,0.01930607400907709,0.8146309624572412
2025-02-03,-0.013609463026769008,-0.0669425434410032,-0.06410567581733465,-0.05516206487370529,-0.06996394138448869,-0.2953601780620127,0.030750084811163373,0.01859686703357079,0.6661060869241748
2025-02-04,0.02328558533290858,-0.002345851536173269,-0.04455583686887485,-0.02604945313015991,-0.04376472682195601,-0.3086482030747098,0.029230369836938136,0.019630751906280376,0.587419601392159
2025-02-05,0.03294287432088552,0.04261899662702508,-0.010714083787209193,0.010796208942877689,-0.00928704528319028,-0.17577432294181178,0.02995829920815315,0.021306560853866358,0.7283341541878722
2025-02-06,-0.001410004182907079,0.054818455470887,0.029187018601805,0.011928890122529146,-0.009413977490445058,-0.16852805775922092,0.028651391117231393,0.020651690613698717,0.753525250160043
2025-02-07,-0.015549657523923947,0.015983212614054356,0.02565933492019408,-0.002167955665105501,-0.024396807159562422,-0.18262347112891975,0.02935134646266802,0.019418503711260634,0.7848445708712106
2025-02-10,-0.005051610690798665,-0.022011272397629657,0.03421718725616435,-0.0041964133438625465,-0.02745080814850268,-0.15566793725405048,0.028152598225898842,0.01831106130224469,0.41344757670021115
2025-02-11,-0.020892328648585166,-0.04149359686330773,-0.009960726725329348,-0.019427273838899785,-0.04513397477510793,-0.23190266325066106,0.02934338616349926,0.01876277891106588,0.6237329730734232
2025-02-12,0.008315290783007715,-0.01762864855637601,-0.034588310263207016,-0.006687844570650235,-0.033590634377636555,-0.23459032089011017,0.030135499005755444,0.017322808246253037,1.1359694363340427
2025-02-13,-0.00822033876328528,-0.020797376628862694,-0.041398644843585256,-0.013625789951698601,-0.03773948090894259,-0.1620508242364086,0.029350766498217787,0.017352329477734747,0.8742951397618568
2025-02-14,-0.027119641050579485,-0.027024689030856995,-0.05296862837024081,-0.0374582169893897,-0.05768657176224415,-0.2933510400423404,0.031877551616123066,0.01729184305637384,1.5024287386127544
2025-02-17,0.00873538732718983,-0.026604592486675033,-0.039181630352252354,-0.028543764284303486,-0.0444486017070898,-0.38331415842901434,0.0327875626706503,0.017565084132462067,0.9335531368593242
2025-02-18,-0.00421266002762096,-0.022596913751010694,-0.02250196173128815,-0.02952994811374589,-0.043543873068976446,-0.4238544645334423,0.03287052132074503,0.01756637515443686,0.8222469183918707
2025-02-19,0.013494867308893002,0.018017594608461772,-0.017322385205402958,-0.011162240410943335,-0.025967666076565796,-0.1366302803430078,0.030730459211981868,0.01796480234347789,0.8208020906669583
2025-02-20,0.022156881208650236,0.03143908848992223,0.013054834766532547,0.013938893230423955,-0.001435373079599534,0.027428694411587174,0.029398188319398482,0.018649967192297855,0.7400837414090006
2025-02-21,-0.015572237840799282,0.02007951067674402,0.02460223797631281,0.0011474757765008647,-0.014711134350643494,0.07306189949694257,0.03029438159737242,0.018159421286298733,1.2188860469835783
2025-02-24,-0.007830039972018811,-0.0012453966041679227,0.008036810677104104,-0.003529612900444074,-0.01937923316173503,-0.07609310038228799,0.029594426425509503,0.017978338423951138,0.7670585944075368
2025-02-25,-0.01867499720489273,-0.042077275017710865,-0.006425526500167632,-0.01915045577374332,-0.03347462271962467,-0.3062634676916312,0.029105824717419473,0.018229674858158535,0.9358396859388605
2025-02-27,-0.007795129913578387,-0.03430016709048995,-0.027715523722639114,-0.022383493177923194,-0.03661189790161508,-0.5153762727889515,0.03009294587645322,0.018229722552865407,1.4245817397621816
2025-02-28,-0.03053321646331692,-0.057003343581787956,-0.0804056213946061,-0.04547630326610112,-0.06195330091488995,-0.5328450571876098,0.03153338334378737,0.01721590807205267,1.7206713138942429
2025-03-03,-0.005903696161709415,-0.04423204253860474,-0.07073707971551635,-0.04682439427921929,-0.06414955923696339,-0.5590339481486711,0.03267899429240872,0.01711954088917312,1.2399959892528987
2025-03-04,5.100009536423119e-05,-0.03638591252966201,-0.06285603964813312,-0.041627996796989454,-0.061395939474280674,-0.5923363859361848,0.0324768074146287,0.01697409437843365,1.3960496337066841
2025-03-05,0.046376241139943,0.0405235450735978,0.0021951986967024676,0.004291818308325825,-0.015032236362098887,-0.42885096105003867,0.03147841147129446,0.019458728899828984,0.8302646814721906
2025-03-06,0.009408850495410721,0.055836091730717956,0.019399179105691573,0.014644655776621943,-0.0026431189250157136,-0.40940677585285246,0.03168358031268015,0.01789361549019334,0.6578392585463281
2025-03-07,-0.0061008744530175,0.049684217182336184,0.043831521115991055,0.012276078082080632,-0.005402942074318976,-0.3869127330621723,0.029438698393350143,0.017902261915053848,0.6185588475860958
2025-03-10,-0.009123531763757289,-0.005815555721364092,0.04061168551394315,0.0061692768577085695,-0.011501716436510366,-0.4004604086811676,0.028497203407879642,0.017726619806545666,0.9894692747625726
2025-03-11,-0.007230945615238156,-0.02245535183201299,0.0333297398033407,0.0019191233674561428,-0.015602375411811238,-0.5338869085228061,0.028495967374855744,0.017747069373395062,1.3846510736494282
2025-03-12,-0.000790168031326455,-0.017144645410321877,-0.013836669367928645,0.00230272118813816,-0.014372927448729714,-0.651691228413032,0.027572702146367662,0.01724453100270657,1.378256279241554
2025-03-13,0.01529746256325674,0.007276348916692099,-0.007948057300082753,0.016575283837781528,0.002534173134709516,-0.612603433567659,0.026740533723856937,0.017533216368837746,0.8343394311052893
2025-03-17,0.0010698374851462506,0.015577132017076547,-0.0007773453619189749,0.01331783778407331,0.004847422980106583,-0.5150743447806146,0.025625274843474443,0.01747376647226353,0.59403866029279
2025-03-18,0.0,0.01636730004840305,0.008346186401838394,0.008435490739296673,0.004705120852066931,-0.49744912315135337,0.024316411191217212,0.016375464057922277,0.0
2025-03-19,0.03824061354262343,0.03931045102776966,0.05381774555969989,0.03866314645981239,0.0421394201680962,-0.37370554360166636,0.02441657606121586,0.018394994797492202,1.1753340297017671
2025-03-20,0.00880286384415128,0.04704347738677468,0.06341077743517759,0.04256306160215197,0.04890936648828038,-0.23260031979485774,0.023295033866661798,0.018408146985538703,1.3796942020369505
2025-03-21,0.004857162023814445,0.05190063941058921,0.052970476895735516,0.042829619879191476,0.05201831233950397,-0.053373528191744984,0.021751612415323317,0.018231341342859222,1.4382986823274964
2025-03-24,0.03522820384874653,0.04888822971671235,0.08712884325933581,0.0706535140389177,0.08686390361056494,0.13769592849800064,0.02172738249232993,0.01920640056264662,1.6490712174530056
2025-03-25,-0.006256461115954279,0.03382890475660666,0.08087238214338142,0.05440038724586292,0.07674855731922613,0.3386956479306531,0.021306583258033567,0.018855082584633198,0.9592752022061162
2025-03-26,-0.012313827323218843,0.016657915409573357,0.03031794127753907,0.032816303591131996,0.060573591928921464,0.1884738713187336,0.020150685614085104,0.01901603252783231,0.8735406995028903
2025-03-27,0.0471592786544377,0.028588990215264544,0.06867435608782556,0.06837740284568188,0.1048185179933824,0.36199551297498717,0.021646906215974916,0.020735931023509357,2.40525865318237
2025-03-28,-0.010663559599853899,0.024181891731364865,0.053153634464157155,0.0459134958289205,0.08651263387001724,0.46354508545075646,0.022913536213540153,0.02084615621410514,0.7415018010924219
2025-04-01,0.000218721912812206,0.036714440967395984,0.018144152528222622,0.035319897475200195,0.07867054287638757,0.49299592313348767,0.023202264756814292,0.019078235274581013,0.3790388121697694
2025-04-02,0.012780011417079512,0.002335173730037637,0.037180625061256356,0.036532949634040184,0.08344115085636769,0.646606670169927,0.023820843099735155,0.0188477180382697,0.7659358441784496
2025-04-03,0.022465168335434594,0.035463901665326134,0.07195962071990997,0.049268362835851155,0.09756293329178205,0.8087705776900012,0.025270600919372402,0.0189940620581864,0.6692593999502345
2025-04-04,-0.010443696530311549,0.024801483222202474,0.014356645535160804,0.029846772781726514,0.07888347770390666,0.8165807735368292,0.02671255950759319,0.01736286903811484,1.2591931819033308
2025-04-07,-0.021394926667997843,-0.009373454862874712,0.0036252784670167937,0.0024694410635333636,0.05067623430363796,0.6628865182176376,0.031223538186131414,0.01843646531588091,1.2166787134799344
2025-04-08,0.02786082734543271,-0.003977795852876539,0.03126738389963741,0.025694575545366614,0.07300230020711176,0.6815660014455593,0.03255840672497022,0.018909427244466974,0.7950572354071416
2025-04-09,-0.02416162963591141,-0.017695728958476504,-0.005674257153353385,-0.0018902831245942513,0.04118665450166058,0.5782538068575769,0.03291405988177843,0.0198509742711462,0.8059087691110404
2025-04-11,0.009898244223006444,0.013597441932527876,-0.018241181265781562,0.0027516493748196637,0.04447205956225717,0.5766940107137134,0.03270046678355879,0.01961657272264144,0.7241224513711725
2025-04-15,0.010482494742229734,-0.0037808906706750757,0.0026850100067597614,0.011586204509934458,0.04781740614642011,0.5827374159280067,0.032803335529998125,0.019546025250420134,1.115507778615016
2025-04-16,0.024552413107453538,0.0449331520726899,0.04863234978221113,0.03128676716102144,0.06548251355393667,0.5780088183320382,0.03185348424502271,0.01984864409527384,1.1101219006668677
2025-04-17,0.008354097641306455,0.04338900549098962,0.029125620078084672,0.03363869868197166,0.06568061877463409,0.581463879622238,0.031200178691425603,0.019783071936062505,1.0482995634785508
2025-04-21,0.026858961352221922,0.05976547210098178,0.0801462110662182,0.0537477943982811,0.08429805272338292,0.6890923491268688,0.031052042892882808,0.02010027587593855,1.2308730272171
2025-04-22,0.012075009366451272,0.04728806835997963,0.08232297620966302,0.05953455365651815,0.08831778259252855,0.6485703321488807,0.029225027041500096,0.018958935253719267,1.2944005543664963
2025-04-23,-0.0038895341537389058,0.03504443656493441,0.06795094731369417,0.04787897168562781,0.07578676086287324,0.4851783974759309,0.029154293095726144,0.019153282562917873,0.9796096086331472
2025-04-24,0.0021450429128981987,0.010330518125610567,0.045543577119139006,0.04031038455869822,0.07001524114801215,0.5718545633982837,0.029244876165092925,0.01918392164238227,0.8521891609320039
2025-04-25,-0.020930995882399692,-0.02267548712324038,0.016258483595432936,0.014177656828290175,0.042909746668624724,0.41162295479287936,0.03055519060200551,0.01902847160191391,0.9984168376909822
2025-04-28,0.023071509934203774,0.004285556964702323,0.012471032177414616,0.028406919895461274,0.060644236931305294,0.39512287404539054,0.028896683568918856,0.01926504919658131,0.49823801491254055
2025-04-29,0.0026494708118122066,0.004789984863616135,0.0030454936227755835,0.022507980953888077,0.05616594406654566,0.3985102900014263,0.028312481583851797,0.01879272643190537,1.2304311570473776
2025-04-30,-0.013077838615215831,0.012643142130800153,-0.006142810838701409,0.0031548076485864497,0.03834001390824276,0.4347571614713431,0.025498569705998415,0.016723118255359378,0.8163675817040547
2025-05-02,-0.009406708085039222,-0.019835075888442827,-0.01769456183663888,-0.008942276290316027,0.02456194100460184,0.35687859116995585,0.02531546215968901,0.01666761186646127,0.4846253252448349
2025-05-05,0.0062006874734906615,-0.016283859226764463,0.00943712151925137,-0.005294332872808815,0.02656975451806214,0.4647045410010554,0.024141145852753402,0.01664974852549222,0.7867198873741021
2025-05-06,-0.10673067903445536,-0.10993669964600403,-0.12036506744940757,-0.09679111473663302,-0.07590337850071388,0.04489372059336375,0.035042773832090396,0.029744427344745625,3.1321314638070032
2025-05-07,0.002631515806568536,-0.09789847575439618,-0.12038302245465125,-0.08408470505320702,-0.07111457485740101,-0.14530258389818598,0.03555202035214741,0.029223433645739948,1.4519956527477806
2025-05-08,-0.03273482062958601,-0.13683398385747278,-0.14004000446902146,-0.10103847376063,-0.09784702969633843,-0.27043350818425776,0.03762928086639611,0.029951814252523995,0.832250384367443
2025-05-09,0.01289569180572243,-0.01720761301729491,-0.11773760457825973,-0.07718303276592563,-0.08437563858786552,-0.37560838568342175,0.03846802483733134,0.02987159438065299,0.5922276403451116
2025-05-12,0.030252510412943034,0.010413381589079602,-0.09368578163880718,-0.040819555597071636,-0.05448431627131498,-0.37777706499773134,0.037658614833559596,0.030002193542147216,0.5330068202478971
2025-05-13,0.025675850495278242,0.06882405271394368,0.038720747890926326,-0.007564266665898667,-0.03040628786802988,-0.401964946672982,0.03667945165211659,0.030129080301210507,0.7473888889512856
2025-05-14,0.003516955706466687,0.05944531661468788,0.039606187790824476,0.004347326831309222,-0.027207075741194,-0.3137898038677062,0.03615311677689466,0.03005856384838028,0.5752399914025979
2025-05-15,0.003461866013659574,0.03265467221540447,0.07580287443406984,0.01461446038573843,-0.02371767708775374,-0.34541302292836606,0.03531505407800403,0.02997339954674017,0.5677237547458487
2025-05-16,0.010778813079386561,0.017757634799512832,0.0736859957077341,0.030369193387487097,-0.012341543226048367,-0.26276204457836727,0.03338981114539364,0.02953162403782732,0.5904476199872913
2025-05-19,0.012833040174609121,0.027073719267655397,0.0562665254694002,0.04784692075269361,0.0010052633310045761,-0.2365443164289843,0.03288964974132186,0.02962162219063437,1.163360986152766
2025-05-20,-0.014903469499734224,0.008708383754261554,0.015687205474387803,0.02673329797711779,-0.0111235075460526,-0.3723649723521683,0.033162944536595615,0.02905159953284081,1.4245359903308188
2025-05-21,0.02038888517544393,0.018318455850318986,0.032559134943365056,0.04029249040288382,0.011604346866777462,-0.25640957093533273,0.03320407065765369,0.02933188107280283,1.388142374009861
2025-05-22,-0.000290157800444892,0.005195257875264705,0.02880711112926051,0.029357798474105738,0.013486273120720775,-0.18338371437543743,0.03276067150794241,0.02933238987093203,0.9302290117473451
2025-05-23,0.007475179859614669,0.0275739072346137,0.025503477909488738,0.02702357800262081,0.023018318626073942,-0.18424577152455326,0.03246966816709728,0.029396928133188064,0.5912753280020318
2025-05-26,-0.006273747963151386,0.0009112740960184918,0.006396689771728203,0.014312581783037586,0.017749074185496677,0.052870135956956686,0.025105876462929305,0.02907616285595662,0.6144123246159481
2025-05-27,-4.143621855496358e-05,0.0011599956779084417,0.021258723052907467,0.010552792923308182,0.020079702695002217,0.20401525939530743,0.02472834209435485,0.028519751320152442,0.9191017005711182
2025-05-28,0.006274072064507723,-4.111211719855075e-05,0.007143909941971177,0.01290357346138046,0.028713672447090867,0.3954348405524277,0.022228292182922882,0.028563905153082766,0.6878483456713481
2025-05-29,0.0008637135438812303,0.007096349389833946,0.008297781286297462,0.010049018672856931,0.031062443662154084,0.5925731345944257,0.020990436323374082,0.028450601609547665,1.4614969856759727
2025-05-30,0.025610656206226875,0.03274844181461568,0.026433257632909563,0.030844785332788536,0.057370434156157855,0.6126865277043507,0.020591345034756146,0.0290012854670229,2.0333213827803442
2025-06-02,0.020701879880507625,0.047176249630615515,0.05340888547656843,0.04601702291448875,0.0781998367332302,0.6231520880872927,0.01986665247300297,0.029333461509569815,1.385051687698291
2025-06-03,-0.004366359712438449,0.041946176374295936,0.04908396198268492,0.03414397047414248,0.06678667840854671,0.6503628554297759,0.020589987223003467,0.014908732593845,1.2905607138744233
2025-06-04,0.003738171649862971,0.020073691817932005,0.04654806156804001,0.03241478006893384,0.06404497430906986,0.6570220046090958,0.02090031011797101,0.014896693484642624,0.6082124087845941
2025-06-05,-0.015715305107588295,-0.016343493170163866,0.02996904291657059,0.012453720737222942,0.040200721492469976,0.42380647284391104,0.022308598565068505,0.012902537855176827,1.2845386078500451
2025-06-06,0.01592755484400287,0.003950421386277326,0.020285941554346563,0.023901007618002994,0.04937257805622447,0.4852360288819861,0.022368065143600426,0.012991180031511647,1.552389472141159
2025-06-09,0.007446459370230187,0.007658709106644665,0.00703052104406922,0.025350552257395118,0.050782218411976825,0.616558423324729,0.021410865850009907,0.011817992638849808,0.6870002486430802
2025-06-10,-0.004404539309353507,0.018969474904879498,0.0069923414471541375,0.015192738115374532,0.041325800949014994,0.5260480270852526,0.020643040809612788,0.011094903311679205,0.42456456754847655
2025-06-11,-0.017732105542466604,-0.014690185481589915,-0.01447793574517545,-0.005779679674181485,0.019412249905850408,0.3605509238207668,0.021218827583310604,0.012174145771786719,0.9811174567555327
2025-06-12,-0.007987596222123201,-0.030124241073943212,-0.006750226859710334,-0.01591716023330485,0.008317315218832127,0.2696818784327887,0.02198673839846989,0.01244657164543682,0.6541968383992055
2025-06-13,-0.00600152850279272,-0.031721230267382466,-0.02867931020650573,-0.02099829720447958,0.00014836177746389368,0.25289596208779,0.022592926933334544,0.012461324488045088,0.7699460900813323
2025-06-16,0.005835269588582919,-0.008153855136333018,-0.030290499988153134,-0.01298161225661785,0.004188934777694138,0.3326454985732994,0.023623129430685702,0.012242706126128997,0.7704329345276116
2025-06-17,-0.01078020674088353,-0.010946465655093376,-0.036666167419683135,-0.020684684276585003,-0.008540922435231987,0.26528765507023694,0.02469194152192031,0.011977992741862302,0.7531042538095293
2025-06-18,-0.006448231461621027,-0.011393168613921771,-0.02538229333883764,-0.02311385824414283,-0.015579554320113247,0.1819403489574826,0.024962392929254992,0.011297365534986286,0.8617061512147817
2025-06-19,-0.020719671797923292,-0.037948110000427866,-0.03811436891463772,-0.038926640340096866,-0.03545874163612808,0.016739802182823952,0.024687084356919537,0.012272324075133253,1.4622380604607033
2025-06-20,0.010691114250538888,-0.016476789009005358,-0.021421726161306033,-0.023724166185646302,-0.024930388918392908,-0.02982175759236142,0.024172340633372032,0.012400371650268726,0.9855605217712621
2025-06-23,-0.001281999290834171,-0.011310556838218386,-0.02853899504072307,-0.01918016290718871,-0.02625589520431422,-0.1779167504898865,0.02326864243675821,0.01232101538726833,0.7152582110021592
2025-06-24,0.016834205534727077,0.026243320494431788,-0.0009245827651124431,0.0012968094796608257,-0.010622182541436643,-0.19568468669135045,0.023650373072518112,0.012877507010143861,0.8209082852795713
2025-06-25,0.005200440430556723,0.020752646674449624,0.010724089127065304,0.008015710674020734,-0.006316503627080909,-0.031679796375576504,0.02233449171331998,0.012856252181147915,0.6587566169146329
2025-06-26,0.0011705636071943737,0.023205209572478118,0.03261432453218291,0.009758371186591936,-0.006021003960808875,-0.35011341987468314,0.021439902266807,0.012856426629797172,1.309843039886249
2025-06-27,0.008280179210365909,0.014651183248117015,0.030203389492010024,0.01724851367213246,0.0022239909994906455,-0.30688819819692015,0.021881703653346872,0.011627581251278642,1.9090304203526791
2025-06-30,0.030403667820191264,0.03985441063775154,0.06188905660303533,0.04505700169261705,0.0326276906738659,-0.08538236860389631,0.02265626493658603,0.012689706781805787,1.720640469758264
2025-07-01,-0.00499680888553786,0.03368703814501931,0.04005804218277048,0.035714858251318045,0.026983977368165775,-0.06180527570303766,0.023078511807386355,0.012703219158880565,1.0358174592592069
2025-07-02,-0.01830496194196825,0.007101896992685251,0.0165526398102455,0.014153514032749875,0.009000273380145404,-0.11072206601673173,0.02372526646378118,0.013345053246396957,1.122968924620022
2025-07-03,-0.003007999103174303,-0.026309769930680463,0.01237407709987682,0.006630027630233655,0.00596349764017336,-0.10250987568990126,0.023095186400211565,0.012883510836922558,0.4633791375071089
2025-07-04,-0.006375548507286558,-0.027688509552429012,-0.0022816506177756866,-0.002514643521364419,0.0006919783345214833,-0.23086402349949225,0.021949485627635844,0.012388614251137067,0.8600493959177913
2025-07-07,0.0012866441343123323,-0.008096903476148581,-0.03139867430365469,-0.004217089363503154,0.0034253446672913627,-0.1198935747438452,0.02180571613597687,0.01224040760959717,0.7548584811367182
2025-07-08,-0.005531892474093393,-0.010620796847067572,-0.031933757892210105,-0.010503308991899912,-0.0006190053257836177,-0.11558053036634149,0.021876031936866616,0.012257473538191514,0.6028940763569123
2025-07-09,0.005697827296010249,0.0014525789562291561,-0.00793096865423171,-0.0056986649390084075,0.005397471651880689,0.00792096251766182,0.020637938705431718,0.011730071131439479,0.7764964659240254
2025-07-10,-0.0095423710474297,-0.009376436225512786,-0.01446534059848703,-0.014938436460650533,-0.003772778402198394,-0.08251912016524628,0.020222732982157616,0.011788693394012225,0.58292031842135
2025-07-11,-0.0058788860846751565,-0.00972342983609459,-0.013968678175875658,-0.019138842991678735,-0.009244506522665931,-0.0862245391264969,0.020510437739444467,0.011785646608495884,1.0083438549937571
2025-07-14,0.014549950314041668,-0.0008713068180631201,-0.0007053719961462883,-0.0015210158173301186,0.005213402366174437,-0.09066059197210706,0.019802061898130042,0.012181716146241575,1.04102844018381
2025-07-15,0.01401395087303645,0.022685015102402745,0.018840471350983296,0.01392321040791947,0.018065780081393396,-0.06623315772938299,0.019932867718301085,0.012281438747171834,1.3123242073267292
2025-07-16,0.019295265907226286,0.04785916709430414,0.0324379099621994,0.031096838210870857,0.03518929287108831,0.09440634032319721,0.02027173467049224,0.012765899722402324,1.7706113371148082
2025-07-17,-0.010330993930387897,0.022978222849874576,0.03164928707924103,0.018728216998508306,0.021395796013200304,-0.0702545878232769,0.02018670803374379,0.011953039112805269,0.8008476559132515
2025-07-18,-0.007369280008521561,0.0015949919683167484,0.030158893155394734,0.009608861337369056,0.011683309109533717,-0.2912729378211262,0.018920351870443552,0.012031998828544832,0.6939344349719949
2025-07-21,-0.0054087708492399425,-0.023109044788149447,0.010200171992113089,0.003210892324086585,0.004245726672919512,-0.23888024324205176,0.018682534369577633,0.012129942690431812,0.6611563865297658
2025-07-22,-0.016195204350797316,-0.028973255208558847,-0.020008983231720574,-0.012791522734836419,-0.012225522238607036,-0.16603738874024046,0.01886826088532013,0.01225172480539918,0.9677149813751741
2025-07-23,0.014879609616732719,-0.006724365583304683,-0.02442463952221413,0.0012068909688172551,0.0017536214112105748,-0.051665879200044174,0.01905682339909655,0.012638561979966795,0.8503330861627031
2025-07-24,0.015471878954934659,0.014156284220869909,0.0013782333631085063,0.013469955118942951,0.01579907723570654,0.1826547384530815,0.01982326429597097,0.013056403980535869,1.6930561519989786
2025-07-25,-0.013909806694993532,0.01644168187667367,-0.005162293323363651,-0.002989617812017121,0.0013305676074141042,0.18606844179330678,0.02059971021776035,0.013392600283115947,1.1726087686619848
2025-07-28,-0.01285699784729887,-0.011294925587357809,-0.012610520321422512,-0.015492275520141905,-0.009742317247081987,0.11774331487461055,0.02253057675879907,0.011682319462087472,1.3461803009217344
2025-07-29,0.007956934668041694,-0.01880986987425083,0.011541618697416345,-0.006789246531136321,-0.0007445378703475723,0.005735463121047815,0.02283850230350746,0.011849314816154958,0.6784422339477322
2025-07-30,-0.01074853739183146,-0.01564860057108866,-0.014086528311147723,-0.01360222998684919,-0.01073796225937908,0.01562389286817023,0.023481685719439017,0.011382386117230343,0.3829670583794251
2025-07-31,-0.007538684096975096,-0.010330286820764891,-0.037097091363057284,-0.017512717290977378,-0.01726511852095105,0.01925866363106806,0.023656369889571583,0.011475438372086248,0.818992797578837
2025-08-01,-0.01158571197923358,-0.029872933468040125,-0.034772996647297334,-0.02497177732711944,-0.027450019776218394,-0.08307980021850568,0.023537120377474532,0.011663246031942675,0.7621846245081769
2025-08-04,0.025363497969645165,0.006239101893436521,0.0034474991696468605,0.0009961374293961727,-0.0024837687546882875,-0.11233657543519997,0.023605153162788786,0.01308762443486898,1.068260854874626
2025-08-05,-0.002158501029103941,0.01161928496130777,-0.0066679365274987445,-0.001647001215609701,-0.004817758432555259,-0.24710960551682448,0.022281908732484174,0.013033981367502421,0.6402301780259744
2025-08-06,0.004560563946910193,0.027765560887451513,0.008641164811242864,0.003465961619801798,-0.00039694643898842977,-0.11230937864569185,0.021893916480173903,0.013011126716329431,1.151365080551961
2025-08-07,0.0012401946602640431,0.0036422575780703423,0.017420043568482136,0.006721199816019241,0.00017975883942497852,-0.11313914848177106,0.02236844699138537,0.01281117550593697,1.1543746177165604
2025-08-08,-0.011760693269501944,-0.005959934662327646,0.017245062278213666,-0.003295671112077278,-0.011877539897385495,-0.1065955250958298,0.022433018614621828,0.013034919601680602,0.9324151950507571
2025-08-11,0.019661636193789016,0.009141137584551219,0.011543200502357591,0.01496002983631767,0.007108421463225815,0.06781177620239234,0.02209579934462415,0.01337324139209514,1.5320728408069593
2025-08-12,-0.003654657118075947,0.004246285806211247,0.01004704441338555,0.010912608035813278,0.0036913850090188466,0.07789090140258295,0.02148028134044513,0.013021465203921414,0.9848093526047956
2025-08-13,-0.005238331077756305,0.01076864799795672,0.0002481493887190936,0.004736767628765641,-5.1700271175342946e-05,-0.11445677277139737,0.02031700928560705,0.01221338178583226,0.8304674591232051
2025-08-14,0.0039622269436937274,-0.00493076125213856,0.0029701816721485626,0.006676080851030762,0.004697185530926973,-0.16264830235450303,0.019003876450133336,0.012085792804532132,0.9512886681225994
2025-08-18,0.0,-0.0012761041340626023,0.014730874941650507,0.0034969813711063897,0.005100665520622252,0.07429623690385824,0.017444492506928984,0.01198581587813489,1.045298784871377
2025-08-19,0.017476246978736818,0.021438473922430347,0.012545485726598169,0.018712484308999664,0.022046090928504094,0.23303484974929858,0.01752103105101552,0.012560860388523198,1.0292577731993189
2025-08-20,-0.008822443067783074,0.008653803910953784,0.007377699776891131,0.008006268053095627,0.011938479167529256,0.35640467568827544,0.017390440194727408,0.012138580730816403,1.2401179447685204
2025-08-21,-0.006226483557768065,0.002427320353185757,0.006389547296879409,0.0010859841819683413,0.005596982629168419,0.37881197208063727,0.0174227483274266,0.011791419547921398,0.7492938348089541
2025-08-22,-0.012945051036775344,-0.027993977662326523,-0.010517730683589667,-0.011049201450387224,-0.005975007903681482,0.3560146664336139,0.017801396114663127,0.01154606650143197,0.9987609434513781
2025-08-25,0.003532056227832638,-0.015639478366710806,-0.006985674455756954,-0.008309336413595913,-0.0019684842589086865,0.2071278467064802,0.016535716552976674,0.01120194513139718,1.0382134465849162
2025-08-26,-0.024947757366158646,-0.03436075217510133,-0.04940967880065237,-0.029217610299410755,-0.025510217922779233,0.05448344419575804,0.018135101161855956,0.01218743687097516,1.3785461966867258
2025-08-28,-0.008113088938393324,-0.0295287900767193,-0.048700324671262715,-0.033133925122992805,-0.03157429468446267,-0.09507248540966756,0.018527828200476677,0.012088674770733282,1.135097615777458
2025-08-29,-0.0017594085070085125,-0.034820254811560494,-0.04423324962050327,-0.031227246295658873,-0.03190195135296121,-0.09491427996925708,0.01808800926726535,0.011908018645870332,0.8296957582110186
2025-09-01,0.0068057890855349945,-0.003066708359866831,-0.02448240949819285,-0.02121086983118317,-0.024591199071708387,0.011986239364215407,0.017486937473490873,0.0119537477262456,0.7515069008695073
2025-09-02,0.009552387554332256,0.014598768132858653,-0.018462078171693364,-0.009292991494302976,-0.01554448311443274,-0.04068843435184405,0.017124518301470198,0.011877689426864386,0.6111960897846338
2025-09-03,0.00736705857153516,0.02372523521140243,0.013852737766000494,0.0016510637070324301,-0.007697616875378105,-0.03980492014423675,0.016911945054388786,0.01048063867913573,1.0684906290525142
2025-09-04,-0.01896913395130441,-0.0020496878254370504,0.002996692753089359,-0.012632253588086836,-0.024981864551464318,-0.030004948839747813,0.018328884289744492,0.01125959740412661,0.8183778898553932
2025-09-05,0.0013669035341259848,-0.010235171845643116,0.006123004794223991,-0.007469632489669627,-0.022121879360224417,-0.14196442532308126,0.018742916271573422,0.011192856115322666,0.7945265804635914
2025-09-08,0.001620835875247052,-0.015981394541931208,0.0009380515839360866,-0.0034994757140369057,-0.019018438552386312,-0.1663689017045924,0.01823462829680606,0.011198214822477416,1.0916265837082566
2025-09-09,-0.0006394555881493878,0.0023482838212237982,-0.00925379155854542,-0.001341516626998113,-0.018675240498699758,-0.33935981109793145,0.017204518292591172,0.010937836884621327,1.6198353123730254
2025-09-10,0.014899700036143859,0.01588108032324154,-0.0017211500939367395,0.01241213946971476,-0.002700582102713735,-0.2657834309201391,0.017493270135414057,0.010507808261959663,1.8390820325702713
2025-09-11,0.0010918358617671951,0.015352080309761654,0.01833981971913488,0.011354250222210687,-0.000603976398279643,-0.10850336713699477,0.017402236516925775,0.010503921813557814,1.1308068554040167
2025-09-12,-0.0033211109660815333,0.012670424931829594,0.013651805218927273,0.0060154056111736505,-0.003012226748702303,-0.11815234791524035,0.01721348783498536,0.010471899120054537,0.8450074518864569
2025-09-15,0.006589356426652604,0.0043600813223380825,0.018620325770332746,0.010683965126303053,0.0043632450534726915,0.02755383273335852,0.017187085426521177,0.010552313215346694,0.8138538912192401
2025-09-16,0.006379934338625119,0.009648179799196048,0.025639715697107057,0.015473977447657355,0.011256741847480033,0.20512872056550563,0.016005967278656677,0.010672628781506445,0.8312950827079336
2025-09-17,0.02183159679830337,0.034800887563580934,0.03257161245926662,0.03462494614808458,0.033828892623941745,0.41135228055256334,0.016331353705731157,0.0110938408636592,1.581855039521088
2025-09-18,0.01236778185444362,0.040579312991372005,0.04384755845194287,0.04092622346571334,0.04579967068681068,0.5885499115962136,0.01690529636151707,0.01124146735111443,1.7965960649153627
2025-09-19,0.012494443883128524,0.0466938225358755,0.05966311330115301,0.046218214919775215,0.057012338077171175,0.6286392456741561,0.01753979007923617,0.011401755285926515,1.2665451337764444
2025-09-22,-0.0037359545823094057,0.02112627115526265,0.04933780229219108,0.03522757832801852,0.050667489273087965,0.6434058402959199,0.01749451790518184,0.010953785123860554,0.6484816614054266
2025-09-23,0.008287599661384896,0.01704608896220417,0.05124546761495093,0.03584107730341675,0.05672548194152371,0.6581402267606467,0.018170949761825674,0.011035063084357094,0.7920509012694744
2025-09-24,0.00449173099643347,0.009043376075508874,0.03390560181308098,0.03358740943310296,0.05724069015074712,0.7474043617704694,0.01754475411084681,0.008954207069808758,1.2807130038316847
2025-09-25,-0.006112078750808616,0.006667251907009544,0.0154257412078288,0.02125153073898439,0.04654005834800208,0.6659357031779729,0.01779358109682212,0.008822769740023629,0.7908989935940701
2025-09-26,-0.017436196272361006,-0.01905654402673618,-0.014504898947660744,-0.0008284650594373101,0.025136358373361277,0.5739964495081631,0.0190294162416179,0.009984176116829878,0.6795525023295738
2025-09-29,0.022053312027113588,-0.0014949629960560793,0.011284367661762197,0.015350811485764882,0.04378096058807358,0.6879093221158638,0.0199726699013082,0.010817603495987808,0.9829662686194203
2025-09-30,0.017755536114221527,0.022372651868973893,0.020752304114598802,0.02617230619245165,0.057726172000693306,0.6970223651316146,0.01978141935889005,0.011188018593247,1.2401647187443767
2025-10-01,0.004091554434688402,0.04390040257602342,0.020352127552853705,0.02480293358691863,0.05748121244237018,0.7018631331022687,0.020195907833355942,0.011166548673526788,0.938710066197775
2025-10-03,0.016617729175972103,0.038464819724881937,0.04308193547963432,0.035841443999271125,0.06866895530019258,0.7902788709685885,0.020891409058942736,0.010050584319261221,1.0504969549812824
2025-10-06,0.009989693121377263,0.030698976732037708,0.07050782487337258,0.040313118928739976,0.0723774487207157,0.7997048619580351,0.022050155708817163,0.010024721469186752,1.0808377884737377
2025-10-07,-0.017977586603812556,0.008629835693536567,0.030476926242446512,0.017525460739496262,0.04753829064516818,0.7015138701761177,0.0231730215525073,0.011388382695798763,0.7107844193405172
2025-10-08,0.00019088417420728786,-0.0077970093082280895,0.012912274302432327,0.014302439740912125,0.04202513475498166,0.617235923569356,0.02248404219272923,0.011366369064110806,0.5874588005298755
2025-10-09,0.008554372295165941,-0.00923233013443933,0.017375092162909896,0.01915616322018272,0.04554024462445814,0.5843536136806687,0.021978845931638933,0.011177993135729624,0.5837980600202975
2025-10-10,0.010544320169899807,0.019289576639273033,0.011301683156837744,0.0243747379315111,0.05065958048039854,0.5677649717069582,0.021587770242601858,0.011194517248027802,1.0847669158989228
2025-10-13,0.004298647333755151,0.023397339798820915,0.005610637369215551,0.021088275692942866,0.04886556866946461,0.5601432325849314,0.021460538700693366,0.010999925459754279,0.7751250189470116
2025-10-14,-0.015600330490592808,-0.0007573629869378553,0.007987893482435398,0.0014835633054265185,0.027624625066461645,0.47995211205618943,0.02175466428452341,0.012016238078686747,0.6786602357935813
2025-10-15,0.016718644840017383,0.005416961683179781,0.024515654148245532,0.014572150529265405,0.03932107753034163,0.4404758189706513,0.021880992747819326,0.012299832005732193,1.2933774003222611
2025-10-16,-0.008418345671004697,-0.0073000313215800475,0.007542936182074889,0.0035821675482453903,0.02658154560337287,0.472307070608999,0.021921046082420372,0.012039279064860159,1.0117896898420469
2025-10-17,-0.006218785387796497,0.0020815137812161587,-0.00922016937562151,-0.002846324577643863,0.017166844628462696,0.47572087861305734,0.02181204544219847,0.012073327195239328,1.0800293604851436
2025-10-20,0.02593675402282771,0.011299622964026541,0.012417937313451182,0.021487204459870523,0.04002041812909056,0.5009017878463214,0.02165355494154754,0.012968915851618568,1.960676163254259
2025-10-21,-0.004615534617322601,0.015102434017708789,0.02340273318672134,0.01359845864681331,0.03146506050440423,0.4393255129506406,0.02102939607112903,0.012996925895767467,0.13965553943202164
2025-10-23,-0.012288437161555109,0.009032782243950157,-0.005604348814851004,-0.0006552809258584895,0.01621601510460964,0.2948647105246192,0.021209129243130558,0.01341866717900877,0.9281894393481365
2025-10-24,-0.0026260817246778114,-0.01953005350355538,0.00018791513147595697,-0.004040678898725493,0.011273333978157926,0.13775575537430057,0.020392837563720633,0.013460980594532258,0.836575217117883
2025-10-27,0.027601943468205326,0.012687424581972416,0.03400864398747784,0.021272591079708116,0.03547829210459663,0.11694560126665564,0.021299375751379176,0.01443165844309734,1.289965548275101
2025-10-28,0.01198713326994109,0.03696299501346856,0.020059023234591054,0.03018583307373683,0.04234493791178628,0.2988062014948011,0.020645821912100248,0.01361233127379184,1.4707997574345457
2025-10-29,-0.008521512994970094,0.03106756374317638,0.016153044856943445,0.017413868094164064,0.02950742823464614,0.29396842573509446,0.020601404891331655,0.013361710638485094,0.7274136340023852
2025-10-30,-0.006759890847622589,-0.003294270572651556,0.021681591170875886,0.00893334679259334,0.01985490560104976,0.10415660458829308,0.020754238846446577,0.013146599505834203,1.4296269313146943
2025-10-31,0.020503281823536584,0.0052218779809440384,0.044810954719090385,0.02518776749939116,0.037335086124969816,0.20308340577745682,0.02129517211997436,0.01373852396327648,1.7707370891833962
2025-11-03,0.04495145170556343,0.05869484268147744,0.06216046295644836,0.061882387127807435,0.07954811934737728,0.3753724124345348,0.022885607564023358,0.016371408436329237,2.081193568651281
2025-11-04,-0.010702694966391034,0.054752038562708896,0.03947063472011625,0.04423785005908118,0.06381604782687907,0.3077509946668886,0.023416970844961915,0.01668451256583338,0.6324453486135083
2025-11-06,-0.00609280312114392,0.028155953618028428,0.04189934459394248,0.03185471631563105,0.05259289475001581,0.21296430875831093,0.02322332912247756,0.01606528813977215,0.40371430537293496
2025-11-07,0.009384781142183149,-0.007410716945351941,0.058044016583748026,0.03333625753678342,0.05724207961419879,0.29424869122806685,0.02394544406709207,0.016067873279898632,0.39425472650189947
2025-11-10,-0.004681328309704151,-0.0013893502886649953,0.03285940645050726,0.020665220726237516,0.047791636423752976,0.37458781119580126,0.024380564714734834,0.01618297628750126,0.490270389562288
2025-11-11,-0.006451093925081659,-0.0017476410926026923,-0.01854313918013773,0.009731721822979204,0.03748333549578769,0.23213775918939916,0.024375925492301928,0.016282086258932526,1.0683423793470601
2025-11-12,-0.0029780387934919116,-0.014110461028277711,-0.010818483007238635,0.0038745929426482755,0.031235570529134872,0.27844481738068266,0.025087728476464597,0.016342614485874412,1.3377115579907088
2025-11-13,-0.006159280360534849,-0.015588413079108479,-0.01088496024662949,-0.005320184813504139,0.021337193422385187,0.2839198413809203,0.02511664017679832,0.01590587009629537,0.7641852732176505
2025-11-14,0.01228085610136445,0.0031435369473376317,-0.007988885287448127,0.002044266607037345,0.030548056981192912,0.3550307579071881,0.02527090365540151,0.01574229394928789,0.7316675036044819
2025-11-17,0.004176140336085417,0.010297716076914928,0.0008685833583414883,0.002890804967328777,0.03082268245673274,0.35017018543088113,0.023168717528376206,0.01549860228308035,1.1189635401609037
2025-11-18,0.001734906676733111,0.01819190311418304,0.00905458396015613,0.00559538395532174,0.02820481219189296,0.2522103235412719,0.023301900095687184,0.015325388997490676,0.8536629476702402
2025-11-19,0.016674131341497117,0.02258517835431564,0.028706754095145285,0.02065312512358784,0.04143729111576517,0.3468141071626434,0.02363500386423219,0.014768020165943556,1.4290026848660333
2025-11-20,-0.017367775214627318,0.001041262803602835,0.01749825924105272,0.002416922552276164,0.02023660002950621,0.3956301168663589,0.02454467818811176,0.015414833342684103,0.9078560639260883
2025-11-21,-0.014325912885945376,-0.015019556759075575,-0.009108509746256958,-0.010154524306796565,0.0026640947884938398,0.23675752212789747,0.023981311928012117,0.015529121465794259,0.8495279324689642
2025-11-24,-0.007949869794506648,-0.039643557895079305,-0.02123451987684917,-0.016004351725566458,-0.008023111830106195,-0.11041392746086359,0.021638893422355233,0.015677922086764627,1.074259208669961
2025-11-25,0.018800540260148577,-0.0034752424203033146,-0.004168886293433617,0.002180549498473615,0.00839007879606251,0.0620865876775801,0.021459666499595922,0.015058313508771407,0.940758998654377
2025-11-26,0.003995467518559599,0.014846137984201601,-0.01684755011637101,0.005000590698824133,0.010396477847092606,0.18599575543858562,0.02144839470325003,0.014896386638795875,0.7919497061206893
2025-11-27,-0.0017352078294185272,0.02106079994928978,-0.0012149827311621307,0.0016351637587710827,0.006300276242495714,0.07774350752440227,0.020542852197171026,0.014719740033309165,0.7366804818586343
2025-11-28,0.006577811346313916,0.008838071035454989,0.019688741501096934,0.007176708609992701,0.009932001369467718,0.08510649735071411,0.020223312078940972,0.014586108635964101,1.1059508208117939
2025-12-01,0.019646998203295754,0.024489601720191066,0.04728560949889942,0.024454471637941212,0.02690162037596047,0.2828555471805356,0.019829869786842633,0.014533286939886828,1.6885414392356397
2025-12-02,0.004557375244618725,0.030782184794228323,0.03304244448336937,0.026128432936249325,0.030571761342299938,0.3423484333465913,0.02028101105738381,0.010694653890269091,1.9434032739599774
2025-12-03,-0.033913145452613466,-0.009708772004698992,-0.004866168487803639,-0.005922879496280956,-0.003601956271725879,0.262399251908367,0.02284719221267966,0.013031839116359927,1.1334555535143942
2025-12-04,0.0041725101619109264,-0.025183260046083872,0.0010415495035257627,-0.0017491332951661345,0.00024299249655007795,0.15409129232088872,0.022305937391679923,0.012989253623866777,0.6402389343890429
2025-12-05,0.01515178352408026,-0.014588851766622226,0.009615521681292202,0.010533618329889367,0.014888639432671876,0.14194854973699236,0.022409924908611538,0.013262172409419612,0.5758218533865509
2025-12-08,-0.02561577810382004,-0.0062914844178288175,-0.03564725462582351,-0.016144565309691487,-0.010349301192651657,0.14483664282320746,0.024368859854830865,0.014472686114264086,0.5624495623553522
2025-12-09,0.016172837501446758,0.005708842921707043,-0.02403179236899543,-0.0009994943363302387,0.00508874987297901,0.12147212307628465,0.024520071442070787,0.014856881076498508,0.8932915388226657
2025-12-10,-0.013022147453670214,-0.02246508805604348,-0.0031407943700522555,-0.01314199061368947,-0.008103987506771397,0.2265686779375197,0.024491936887876053,0.015154350494220604,0.8252323912435778
2025-12-11,-0.0038522411209182656,-0.0007015510731418027,-0.011165545652881482,-0.01595194116853297,-0.012217312191317832,0.21348448077717763,0.024636588419290416,0.015112178110421107,1.1758452995867696
2025-12-12,-0.0019316461574889923,-0.01880603473207753,-0.028248975334450747,-0.016033316831943464,-0.013730412936236416,0.2212020388107581,0.024445672582625214,0.01485145140073035,1.0904384811237047
2025-12-15,0.0022824832157971094,-0.0035014040626101654,-0.00035071401483357915,-0.010206913392515619,-0.010988037840918074,0.20960511488924283,0.023675910330833813,0.014826739440010344,0.8405161882713195
2025-12-16,-0.007923273959163772,-0.0075724369008556185,-0.02444682547544418,-0.013204948878173637,-0.017839294748849814,0.11786846812612296,0.023498079956623254,0.014907273599046778,0.8526985587793963
2025-12-17,0.01665390370133429,0.011013112957967693,0.005229225679560575,0.0031566604097623034,-0.00035625276695747284,0.2499547650764913,0.02373088784033856,0.014906013432614947,1.6368046596745125
2025-12-18,0.0017370162067597659,0.010467645948930465,0.010818483007238625,0.0049357286098351445,0.0014077578028607479,0.23811186267043524,0.02350375534778288,0.014404343554127903,0.7402051433675416
2025-12-19,0.013617315412684067,0.03200823532077826,0.02636744457741157,0.018909335442296726,0.013745658873466167,0.19652876234971586,0.022354300446199897,0.014299116430981414,0.9150830550789363
2025-12-22,0.0066547886501085,0.02200912026955239,0.030739750011722928,0.022573114866353817,0.01837579021758419,0.07936725547459446,0.021064142907441994,0.014170393336986414,0.7099633444485508
2025-12-23,-0.005115100666770377,0.01515700339602205,0.033547923304116156,0.01641906662543706,0.012259584071469164,0.19073319236828723,0.019096469529819138,0.013687908888000517,0.5137277680217214
2025-12-24,-0.006689030164327885,-0.005149342180989802,0.010204989438453932,0.008084055799033353,0.0051372074541648945,0.2469327570434193,0.019114003929525662,0.013769227855770618,0.7246439896904053
2025-12-26,-0.00812091058605132,-0.01992504141714955,0.0003470626456429385,-0.0011783123015813534,-0.003044104118062531,0.13765541043903043,0.018476756010929452,0.013894117051570712,0.745539419335959
2025-12-29,-0.002084078852402763,-0.016894019602781897,-0.015354331619443782,-0.004344725622141246,-0.00474096491000789,0.1264389408204127,0.01668985726665858,0.01381477056292786,1.5427840465873757
2025-12-30,0.01860196194793794,0.008396972509483909,-0.003407158321614309,0.011583140620957682,0.014393645653765918,0.16117289025503992,0.01621161153524576,0.013736787566054792,1.9400115673994935
2025-12-31,0.009848929762142678,0.026366812857677908,0.011556872107298832,0.017013211536292788,0.024611063157571878,0.1781436634070107,0.01623377393538875,0.013888094811549293,1.139423248553966
2026-01-01,0.016257816075578378,0.04470870778565899,0.034503718347204934,0.02903187390919615,0.03893186580204062,0.3521053289223067,0.016470736639613764,0.011854357502112974,1.102763665367728
2026-01-02,0.014196302726579131,0.04030304856430011,0.05682093165983542,0.0377261883469859,0.050728019868840825,0.5265523084390844,0.016542961866024032,0.012144270712570179,1.14091693127118
2026-01-05,0.0058833911446153474,0.03633750994677284,0.06478840165685348,0.038620385653395574,0.054340556466408604,0.574502287995129,0.017097700306349335,0.011822345864812154,1.5040240549821848
2026-01-06,-0.005883391144615432,0.014196302726579131,0.04030304856430011,0.02868026665949038,0.04459335794271072,0.5208815880802143,0.01752640295472651,0.010054416969516899,0.8819357785996528
2026-01-07,0.01043548446308628,0.01043548446308628,0.040889603265243685,0.03397961187868384,0.05223632001558621,0.4924610698109555,0.01710115127112661,0.009746878720573227,0.6578020871245442
2026-01-08,-0.028629834265751646,-0.024077740947280837,-0.003998047076086187,0.0017724220027717755,0.020196131408990837,0.35414371810736983,0.019004693930735537,0.011559921387304632,0.7972661452807418
2026-01-09,0.003665469405808899,-0.014528880396856462,-0.014528880396856462,0.001282192607494274,0.021220928897642433,0.19031075344377996,0.019802334892402098,0.011471331992853955,1.0115292335373642
2026-01-12,0.00514231304800966,-0.019822051811932917,-0.0152699584934621,0.0015743318041049454,0.02340076816575411,0.09219598112730339,0.02078802546487947,0.011430872536108602,0.7087911679105752
2026-01-13,-0.0011588647697259005,0.0076489176840927224,-0.010545432118572609,-0.002511455210368523,0.019324469107603635,0.17176885501235917,0.021072430959640783,0.011468501945940087,0.781131021337261
2026-01-14,0.01919509653706039,0.023178544815344034,-0.0017858200445985204,0.012870775289636042,0.034737910760359786,0.2834749167939114,0.021867305342022567,0.011727358968443173,1.3671984926933936
2026-01-15,0.0,0.018036231767334408,0.026844014221153064,0.010558850486017625,0.0312526592611018,0.3197860644780374,0.02088072290286694,0.011383524662604195,0.0
2026-01-16,0.0017858200445985363,0.020980916581658963,0.024964364859942745,0.011302301957809605,0.029619300774811067,0.4821249511385551,0.021828289118167796,0.01138315966966484,2.1324422500165077
2026-01-19,-0.003574934305966665,-0.0017891142613681086,0.01624711750596623,0.0075942502714505455,0.02336427103072554,0.3244229760625575,0.021162298971722032,0.011217340781234292,1.0990462096927103
2026-01-20,-0.016743681567679747,-0.018532795829047925,0.0006623007080124079,-0.008160023683328159,0.005024251036091352,0.19819934165803602,0.022311816728307073,0.011959120619925807,0.9058881117574896
2026-01-21,-0.009981783499607553,-0.030300399373253975,-0.028514579328655386,-0.015035527249499095,-0.006040901704910799,0.07172429331882327,0.02276254834726027,0.012145660962093715,0.9226174080190502
2026-01-22,0.02068411708590661,-0.006041347981380665,-0.007830462242748826,0.0036489970266855324,0.012251086781143635,0.0503989362349121,0.023173918215286377,0.012748227657098746,0.7529665755964876
2026-01-23,-0.030428797643673625,-0.019726464057374434,-0.04004507993102094,-0.024988495122196128,-0.019378991924514328,-0.15788711772563715,0.025023509230520536,0.01456993340579099,0.9585058366423476
2026-01-27,0.019560955261436922,0.009816274703670006,-0.01690919036361738,-0.005663104765292961,-0.0023866662187997075,0.02154203863561804,0.024917212768670177,0.015095031267738847,1.3391670085053455
2026-01-28,0.01381150571491569,0.002943663332678876,0.01364599691897794,0.006723589735305624,0.009287002563071271,0.04930480993332097,0.02477371161194513,0.014861325858408544,1.13729175521247
2026-01-29,-0.012322508176369333,0.021049952799983226,0.011305272242216129,-0.003886264786120025,-0.004148651283262355,-0.01883949790182541,0.02450227081100113,0.01508621843083938,1.5333712106762618
2026-01-30,-0.01013556331371185,-0.008646565775165599,-0.01951440815740225,-0.011228543877227977,-0.013972039157457284,-0.029841601105233765,0.024346301974368524,0.014842427100058593,1.0189890929479348
2026-02-02,-0.07559920098032707,-0.0980572724704083,-0.06468481149405579,-0.07384853832676337,-0.08161575285743122,-0.09392103340115412,0.03155875892400035,0.02207141474403271,1.2322119044835673
2026-02-03,0.027710433037529725,-0.058024331256509167,-0.056535333717962946,-0.040865720398841246,-0.05244899189404553,-0.026947317539823247,0.03378715132944475,0.023136948400247742,1.1083979357783569
2026-02-04,0.01891600768496105,-0.02897276025783617,-0.05143083174791736,-0.018857081694920636,-0.03207286125540792,-0.04263925974159918,0.03347330592969444,0.02366789353060831,0.6816922526354099
2026-02-05,-0.0013762048753318838,0.04525023584715898,-0.04048452844687996,-0.0173556722113954,-0.03053259251056737,-0.009604289634036433,0.0345153996722597,0.02347779396759806,0.42963353095550244
2026-02-06,-0.004312953972275587,0.013226848837353615,-0.034661919105443716,-0.016226118298140014,-0.033034604666093585,-0.16792998122985595,0.034504037066584906,0.02269585398851915,0.48781402276308583
2026-02-09,0.004829239645072744,-0.0008599192025347277,0.045766521519956145,-0.009593917614803216,-0.026718343722016168,-0.03801179882992414,0.034509863807021736,0.02271197723409873,1.0051657127732272
2026-02-10,-0.0008606593000393411,-0.00034437362724217403,0.017195429182387135,-0.006501283012213157,-0.025622081574509438,-0.030470435702989532,0.03316193619565772,0.022656392552241323,1.0536974187538513
2026-02-11,0.002923245402986404,0.006891825748019832,0.0012026669004124573,0.0015477423699706897,-0.021020129879749917,-0.023483763355647936,0.032746270212841835,0.02268274188497418,1.0579138495181089
2026-02-12,-0.00464678939904108,-0.002584203296094021,-0.002067917623296941,0.0012435683564905092,-0.022626099218978596,-0.12594359878063244,0.031728233147403154,0.022141540163800003,0.9259779252939041
