Date,ret_1,ret_3,ret_5,ma_dist_10,ma_dist_20,mfi_14,atr_14,rolling_vol_20,vol_change_5
2021-03-15,-0.04357411935131614,-0.0475239519898497,-0.03676671720581683,-0.04788925357473928,-0.03540844809279992,0.042892173614601604,0.03589081474115689,0.019300925950958794,1.486423232404265
2021-03-16,0.05309270544220273,0.003787108560640095,0.005756466829737968,0.003934195667302133,0.014817292980520442,0.21946030324066512,0.03442207562709614,0.022589775028887166,1.5017364657814096
2021-03-17,-0.023944777237388824,-0.014426191146502145,-0.018376023785035795,-0.015620409825626763,-0.011202765040219826,0.10369857792059875,0.03499966879799478,0.022870916603314636,1.0218715147988624
2021-03-18,-0.014637547226121601,0.014510380978692224,-0.034795215902870415,-0.023811685179383466,-0.025808745694712965,-0.07700690432327875,0.034888442756431944,0.022647800836153045,0.6059455357054733
2021-03-19,0.0011634880732003029,-0.03741883639031012,-0.02790025029942353,-0.018002356320726883,-0.024365592144560033,-0.49456424804619703,0.03675837211217985,0.022461371590477338,2.7803228162700835
2021-03-22,0.005025817468693819,-0.008448241684227533,0.020699686520586374,-0.011474399093789554,-0.01900515138871566,-0.41895333482512,0.03776731813112541,0.022417937836428575,0.31799433312249953
2021-03-23,-0.015888334651696596,-0.00969902910980248,-0.0482813535733129,-0.022926550075527335,-0.03364799697654635,-0.5575344348886898,0.03897194737645203,0.02263149446083723,0.5278988331293764
2021-03-24,-0.018038116552054864,-0.02890063373505768,-0.042374692887978946,-0.034590612476605276,-0.05031758980174046,-0.657280102164628,0.040436652564738704,0.022447051348463958,0.2953404097666221
2021-03-25,-0.020047033530995285,-0.05397348473474668,-0.04778417919285258,-0.04598027973551426,-0.06620771391267927,-0.6474544380464519,0.04158152464157769,0.021414601516172735,0.42099727129986736
2021-03-26,0.004264598351186875,-0.03382055173186338,-0.044683068914866106,-0.03494232964477041,-0.05798717208625962,-0.5803272162579711,0.03882085051655357,0.020050917525383835,0.6874621900250271
2021-03-30,0.013335864408168394,-0.002446570771639927,-0.0363730219753914,-0.020472933445839326,-0.0420493287341704,-0.5292662529532015,0.03759244239877784,0.02041551484956182,0.6537752078159649
2021-03-31,-0.00526268752730189,0.012337775232053443,-0.025747374850996756,-0.018264121078390157,-0.04362127408234383,-0.6209069130377864,0.03669957973187008,0.020414535355253186,0.8448699227449605
2021-04-01,0.040091812255845634,0.04816498913671215,0.03238255395690382,0.022944854884686866,-0.0018165249726481193,-0.35467603919899315,0.03781609654929511,0.02209020074324294,2.944423326253234
2021-04-05,-0.03512914606710368,-0.00030002133855996444,0.01730044142079542,-0.009337976970873262,-0.031723946647459936,-0.3474976940388646,0.04082188706078425,0.023150365726822258,0.8487378115033387
2021-04-06,0.0003500380239266795,0.005312704212668557,0.013385881093535045,-0.005858981649852256,-0.027521535956736502,-0.31800854172519055,0.038533166577528394,0.023071102695260227,0.470953147187413
2021-04-07,0.0056327000439892905,-0.029146407999187895,0.005682716729355854,0.00288134664737391,-0.019733928388376096,-0.39953581465122256,0.03518522085354208,0.02253290940347829,0.5832673617355769
2021-04-08,0.004414069085679573,0.010396807153595238,0.015359473342337265,0.008378577339941918,-0.01275647507335727,-0.31822726151213543,0.03352442266773331,0.022388908915127438,0.4029008908998144
2021-04-09,-0.009846793025063857,0.0001999761046048216,-0.034579131938572226,-0.0012827047133843967,-0.019315622351051956,-0.3078745780626687,0.03332782600502366,0.022434460998027234,0.8245530286721018
2021-04-12,-0.04398399426027634,-0.04941671819966062,-0.043433980131744813,-0.04183348469264707,-0.05643039335176841,0.04062328576688785,0.03342383753462455,0.02417197839834428,1.224298844838864
2021-04-13,0.01395059675589382,-0.0398801905294463,-0.02983342139977763,-0.026804704241665697,-0.038893336215366434,-0.05219766170669615,0.031662227217240026,0.024556889879764503,0.6670815005883424
2021-04-15,-0.0019073475667463842,-0.0319407450711288,-0.0373734690105131,-0.02561171103559846,-0.038487873161848325,0.01115581713435617,0.03077914081520267,0.02276524003741761,0.8407862608274658
2021-04-16,-0.0046546643739977635,0.007388584815149641,-0.046442202470190416,-0.027157837747476123,-0.03785004709997512,0.09651369557838621,0.030859794120062643,0.018651152595175118,0.7014858341550774
2021-04-19,-0.025517340903645738,-0.0320793528443898,-0.06211275034877228,-0.04244926397849369,-0.05711287817974137,0.11481432122831293,0.031623208596556006,0.01873720420300455,1.3455265823911455
2021-04-20,0.011789473446253864,-0.018382531831389468,-0.006339282642242005,-0.026278777187164114,-0.042112462786977584,0.1051644740266201,0.030723261757062914,0.018976886513576326,0.9318527854501681
2021-04-22,-0.002683979891732067,-0.01641184734912374,-0.022973859289867945,-0.023747784656548074,-0.04065926451237982,0.03953462608883726,0.030779486989614666,0.018941118572056517,0.5879642051103992
2021-04-23,0.008448715407878388,0.017554208962400265,-0.012617796315243287,-0.010470695041656215,-0.028571205757392804,0.12122709934879339,0.030714627315912225,0.019044100789797316,0.8535983525654268
2021-04-26,-0.0026687377584079844,0.0030959977577383214,-0.010631869699653376,-0.007354162139362325,-0.027873726247695903,-0.28356511772163,0.027574468122795796,0.018839321424577934,0.5929037070109769
2021-04-27,-0.0045160756065301755,0.0012639020429400826,0.010369395597462158,-0.00661389052116257,-0.02965185818427525,-0.2315658192740001,0.024729353208780256,0.018525348168670897,1.5118039846998919
2021-04-28,0.01851181159374745,0.011326998228809178,0.017091733744955553,0.01085274409669979,-0.01076383843204591,-0.034545361090521566,0.024504589888694053,0.018630807127316306,1.758833442828987
2021-04-29,-0.02236125226090466,-0.008365516273687484,-0.0025855386242171477,-0.00896416557946077,-0.03062739088110571,-0.22681763076948586,0.025888974611691692,0.0191949432259989,1.1370638977102718
2021-04-30,0.01145209557689927,0.007602654909741818,0.0004178415448037913,0.003685518366491164,-0.017300543834555617,-0.3628805307878426,0.02594116255755101,0.01911968634375017,0.715327623102472
2021-05-03,-0.004659563901489305,-0.015568720585494852,-0.0015729845982777092,0.00024672302481209293,-0.01974803292301888,-0.35290517424168455,0.02548132308189281,0.01911506753689163,0.8738017098275682
2021-05-04,0.0010490918825213952,0.00784162355793113,0.003992182890773759,-0.0001309318389521569,-0.014570063274916386,-0.12143424069713234,0.02377335148823135,0.016368863757367895,1.3168684291734687
2021-05-05,0.015242759530725453,0.011632287511757463,0.0007231308277518163,0.013409943826090918,0.0021938807603679535,0.04839204761712509,0.023612860714868643,0.01517786843357075,1.2802484625254664
2021-05-06,-0.01100554393004455,0.005286307483202108,0.01207883915861196,0.0013696394282642513,-0.006595943028975238,0.05800898414583202,0.022986762971277896,0.015312958910093344,0.6943390441633864
2021-05-07,0.0027106753214980244,0.006947890922178977,0.0033374189032110355,0.0037099593878187425,-0.0015462873562633664,-0.042491914259693286,0.021808989242462346,0.015248441833195701,0.6380737721580745
2021-05-10,0.008398178756616498,0.00010331014807005638,0.01639516156131674,0.010669701029472603,0.009066607510791715,0.135043666158885,0.020409749811254794,0.01536650024176998,0.9210252005013476
2021-05-11,0.032255008993409204,0.04336386307152388,0.04760107867220473,0.038350270137711286,0.04215280987895339,0.29072936091673685,0.021804177120309454,0.01704351017441531,2.4168900284273134
2021-05-12,0.007321034186418181,0.047974221936444024,0.03967935332789753,0.041665606201818486,0.04706960607275704,0.454417887081745,0.023080578288691186,0.013586582175551268,1.7763498168074803
2021-05-14,-0.024512732483539402,0.015063310696288131,0.026172164774402762,0.01257939244257444,0.021057263012941422,0.3439468745701123,0.02469216559074638,0.01457530629796151,0.6061116833015526
2021-05-17,0.018740046878110997,0.001548348580989844,0.04220153633101545,0.027016972728798064,0.038600843364385705,0.35004431432607247,0.024714988601560794,0.015107304433587439,0.3188506094643454
2021-05-18,0.006119966743224428,0.00034728113779600693,0.0399233243176233,0.027507229265989766,0.042625637444239944,0.4669605032472941,0.025747586550080123,0.015062054471715025,0.6483799989922233
2021-05-19,0.006674071416509403,0.03153408503784457,0.014342386740723445,0.028000908537357944,0.045576199122171215,0.46834317380511126,0.025227884243758106,0.013591852036914997,0.9327146488689568
2021-05-20,-0.004197030160067428,0.008597007999666418,0.0028243223942379546,0.019353047459444092,0.038033833323328846,0.4114281976954112,0.026132743945293833,0.01356826879383215,1.416601692116644
2021-05-21,0.014637511189493363,0.017114552445935283,0.04197456606727077,0.0273828169661308,0.04921183680703923,0.495315512425999,0.025843569459707765,0.013737062852575173,1.0321002833164057
2021-05-24,-0.01044048102942605,0.0,0.012794038159733666,0.011210759280652046,0.03524791003275665,0.4357877229684627,0.026449157623177507,0.014052288755109664,1.118060409682967
2021-05-25,0.011853586339359613,0.016050616499426972,0.018527657755868947,0.0173580507824249,0.04372971432295319,0.4325608034330736,0.025459269885432838,0.014122378941361119,0.8449962045651138
2021-05-26,0.008678285846986383,0.010091391156920022,0.020531872186346178,0.022628607768471642,0.04825596647680925,0.42331596330238397,0.025415137328955468,0.014028024667630798,0.7178591965056669
2021-05-27,-0.001981072478584804,0.018550799707761384,0.022747829867828823,0.017981558481300137,0.0426990564438042,0.4348688220328282,0.025292790799633633,0.013681259748058104,0.442855302004851
2021-05-28,-0.003925626821893691,0.0027715865465079382,0.004184691856441625,0.00937615278582244,0.03426621698949691,0.4333687769094533,0.02550326360342384,0.012424770373899005,0.6247379210734753
2021-05-31,-0.00892566405943784,-0.014832363359916351,0.005699508826429638,-0.0014236068065940747,0.021827349297602057,0.35095616031716703,0.025861396427752308,0.012634303746762339,0.9380449381216404
2021-06-01,0.010865967781851824,-0.00198532309947969,0.004711890268922074,0.0071505251562575135,0.02892684635156225,0.35639313320143,0.0257895896621176,0.012602795724355088,2.7208126999653564
2021-06-02,0.005172441740174823,0.0071127454625888285,0.0012060461621102266,0.010174357255328625,0.029986902595013683,0.16607199975679093,0.024237676613258076,0.012586077604000469,0.7619881065700453
2021-06-03,0.011552419151133872,0.027590828673160622,0.014739537791828869,0.01808402487744933,0.03779832148039755,0.29477382118565915,0.02254990603493314,0.01244164200134307,0.8315372614237125
2021-06-04,0.01264482384110112,0.029369684732409692,0.03130998845482374,0.02734548063908079,0.04559487828798876,0.399481160561202,0.02459272569281805,0.012058444249516395,1.7873677021534646
2021-06-07,0.0027260491036351624,0.026923292095870157,0.04296170161789694,0.025134095636584527,0.04306502242362172,0.4065651480418805,0.02417042353815561,0.01205827890269161,0.6742594237021262
2021-06-08,0.004448621562637463,0.019819494507373955,0.03654435539868253,0.02543708983413867,0.042532831385703095,0.40250652891043953,0.024864126500841965,0.012035168704455536,0.7279966896465573
2021-06-09,-0.021393449419356274,-0.014218778753083475,0.009978464239151576,0.00261316149745031,0.01812793114911974,0.37948064218176625,0.02577343858465416,0.011608437388908086,1.0709490652356521
2021-06-10,-0.006368902394727425,-0.023313730251446018,-0.007942857306709768,-0.004423929144837493,0.010036904598507649,0.2841580041061843,0.02622978474685832,0.011700223512750116,0.4637975601491508
2021-06-11,0.005557000933821653,-0.022205350880262036,-0.015030680213989268,-0.0004918829346579205,0.012552847188384035,0.42764330194710853,0.026162901989138523,0.009969622068863336,0.8412132781424957
2021-06-14,0.005051369833424198,0.004239468372518273,-0.012705359484200453,0.001571132274194479,0.015222613608543073,0.3194579138937428,0.026689752196832672,0.009287518627020756,0.8149375547765119
2021-06-15,-0.009456125316980233,0.001152245450265452,-0.026610106363818158,-0.008827295793484487,0.004020465941448776,0.3102565876337172,0.02621671218235016,0.009609942493015751,0.634165074648392
2021-06-16,-0.011728744720536232,-0.016133500204092273,-0.016945401664998076,-0.019713224802055528,-0.008408014037308535,0.30543445578277584,0.026976840115541384,0.00997841109017526,0.6777852564592862
2021-06-17,-0.0024305707145106676,-0.023615440752027022,-0.013007069984781433,-0.0200642083021556,-0.011617001216887317,0.3849231853364617,0.028088865422942224,0.009940169512517626,1.2543967338548507
2021-06-18,-0.010666556727128724,-0.024825872162175574,-0.02923062764573165,-0.026188415351157467,-0.021682424897674846,0.38162330381384296,0.029897423842870034,0.009697212801333257,0.9722224333647007
2021-06-21,-0.008794572387532435,-0.02189169982917179,-0.0430765698666882,-0.029340037358791315,-0.02991245261858232,0.1803506611246361,0.028555803789476097,0.009614493175923158,1.2251348029468305
2021-06-22,-0.006472148501148778,-0.025933277615809876,-0.04009259305085674,-0.029143687874709355,-0.03497212833375929,0.1700327655650608,0.029133665608684082,0.009256211087287563,1.2148457834017863
2021-06-23,0.019880064283249312,0.004613343394568297,-0.00848378404707118,-0.0071173558714258895,-0.014899722177975203,0.26715332756083926,0.031347683050803765,0.01018256069153679,2.316269597978872
2021-06-24,-0.0019113469323235983,0.011496568849777103,-0.007964560264884157,-0.00692762995742397,-0.016090268226869393,0.14820752777261476,0.029340209536344287,0.010182115332194812,0.5365234847259259
2021-06-25,0.017313763307958505,0.035282480658884216,0.020015759770203215,0.011361913439351435,0.0007406152640366451,0.12344786902147532,0.028815933232675818,0.010910499477738906,0.6405652045922873
2021-06-28,0.005481606226388287,0.02088402260202315,0.03429193838412392,0.017834288690156897,0.005167050580850927,0.14437166255162567,0.028038456354346937,0.010739903714431101,1.0086664809544763
2021-06-29,-0.006156728925177527,0.016638640609169374,0.03460735796009516,0.01215017428665086,-0.0012239416163109071,0.38752010733247205,0.027615397737021128,0.010596581352870863,1.215377791292437
2021-06-30,-0.014090924751525997,-0.014766047450315178,0.0006363689253197686,-0.0012266654992144088,-0.014474676181655705,0.38031531248835165,0.02815756692505957,0.01099109599432621,0.7118785457013459
2021-07-01,-0.007909484450682269,-0.028157138127385725,-0.00536176859303896,-0.007776275443982423,-0.02056924395869936,0.2261643788721922,0.0282191166990756,0.010703200095236379,1.0494103794309415
2021-07-02,0.0517099087446853,0.029709499542477202,0.029034376843687953,0.039681289917789526,0.031155306110084977,0.4663794364721659,0.028797563484789478,0.015808443594026896,2.2633634161057428
2021-07-05,-0.005071083664363763,0.03872934062963934,0.01848168695293586,0.028950902665239996,0.02609805011017799,0.5090356571019072,0.030329289587658226,0.01584000528915793,1.025966114523087
2021-07-06,0.03560567955749662,0.08224450463781824,0.06024409543561008,0.05605787495570372,0.06172444911397957,0.7354778238777473,0.0330908061135296,0.017734917452231432,3.041736858180171
2021-07-07,-0.0009998114660907333,0.02953478442704213,0.07333520872104532,0.04712567734705698,0.05800482335256244,0.7675906311899768,0.03366634316801179,0.016922638240596775,0.9982981852924327
2021-07-08,0.04229266785792428,0.07689853594933012,0.12353736102965183,0.07922122868207494,0.0980971268498968,0.8310426263658761,0.03321562559879339,0.01896622001257174,1.03737074086513
2021-07-09,-0.025160604121364904,0.016132252270468637,0.04666684816360148,0.04439275152376929,0.06713783506052295,0.7488201519386248,0.0351954358233166,0.020115740104551385,0.4545373509724563
2021-07-12,-0.006322632021771272,0.01080943171478804,0.04541529980619389,0.03118606003680024,0.057405766334105525,0.7088564511159745,0.0355857593142876,0.02022482780700632,0.31702993500348725
2021-07-13,-0.013632891418658638,-0.04511612756179481,-0.0038232711699613454,0.01157843864421856,0.04039347299238638,0.6317018443120281,0.03464753798894196,0.020378541128556932,0.42358485453567724
2021-07-14,0.00930488204065584,-0.010650641399774051,0.006481422336785272,0.01309957280502809,0.0463045239547727,0.6462777844960541,0.03511405501170224,0.02014444486467854,0.797038370696784
2021-07-15,-0.010308765049701216,-0.014636774427703869,-0.046120010570840086,-0.0047251227364281815,0.03225569702501818,0.6049447016473078,0.03600285114365987,0.020344575032357846,0.523669836245288
2021-07-16,-0.018985529075429757,-0.019989412084475057,-0.03994493552490503,-0.02408117638763058,0.010067887856233852,0.5323629151773014,0.038228153426025716,0.020724590900868776,1.0533530221362764
2021-07-19,0.006815554429120608,-0.02247873969601033,-0.026806749074013064,-0.019183833403507503,0.013425365315660895,0.4802967488069163,0.0369123460712114,0.020558680189730196,0.6698976885027738
2021-07-20,-0.014287115695533405,-0.026457090341842498,-0.027460973350887773,-0.03011708507151982,-0.0040147885646444345,0.47953416769146373,0.03801600534675852,0.02083202432392209,0.5483088595983664
2021-07-22,0.03730804511227178,0.029836483845859192,0.0005421897207280881,0.0060419261541351296,0.02970410696506352,0.5936704412561852,0.04097160659886464,0.021904329360412256,3.1984610094823203
2021-07-23,-0.0038455597322276706,0.019175369684510866,0.007005395038201811,0.006203023372532288,0.02176835470295676,0.5873365648190767,0.04062438029708074,0.02193628029054919,1.0906267711073705
2021-07-26,0.0016304685641628422,0.03509295394420701,0.027621392677794142,0.009106030449673152,0.020229588411340985,0.49072270262069195,0.03997959090035241,0.02171271137306515,0.8306381782231913
2021-07-27,-0.004308460363766522,-0.006523551531831334,0.016497377884907127,0.005814954396610467,0.013158364572410292,0.2785777096708,0.037110289289620034,0.02176811356426907,0.3908862256756036
2021-07-28,-0.0042816713170164425,-0.006959663116620143,0.02650282226342413,0.0016137533030842288,0.0060915969034059615,0.138014710819768,0.03650006892550699,0.021732062433092475,0.3190373013987458
2021-07-29,0.00409999029074229,-0.004490141390040619,-0.006705232558105566,0.0063544898309439435,0.006614676430213837,-0.010656565026753526,0.03421739823373706,0.021366706550228376,0.7090042830107242
2021-07-30,0.014844990220773579,0.014663309194499262,0.011985317394895561,0.019446466342970828,0.01689509845044451,0.12059506706858172,0.032478289058197045,0.02132272995384335,0.7345971053613991
2021-08-02,-0.016574162875547593,0.002370817635968162,-0.0062193140448147605,0.000564884947505998,-0.0012053703241375676,0.15596653885770706,0.03323574628029105,0.01872864881028891,0.8642714294291798
2021-08-03,0.002410604621456807,0.0006814319666826603,0.0004997509404087006,0.0012872137042802107,-0.0005448835197830691,0.18961616268013443,0.03175719709165885,0.01866708091442556,0.68090388573975
2021-08-04,-0.019449350988286186,-0.03361290924237692,-0.014667928730861233,-0.01913224588301542,-0.01885141941776179,0.07088377785147984,0.03256286574509984,0.01743518143643569,0.9552589616682888
2021-08-05,-0.0003704698920613889,-0.017409216258890678,-0.01913838891366478,-0.016972122038601982,-0.018300228959118058,0.07438382715785423,0.03226050188896891,0.017435697399989545,0.9846181707054815
2021-08-06,0.0006486274980507653,-0.019171193382296812,-0.03333475163638756,-0.01424187812055498,-0.014646681375307693,0.1263040661428849,0.03041045499899941,0.01418437403347667,0.7045079498458626
2021-08-09,0.005679200275522696,0.005957357881512154,-0.01108138848531712,-0.006909520761180176,-0.007556211240345415,0.2277909333713842,0.030649320400874248,0.013299872286235054,1.7163667131651765
2021-08-10,0.017119802656173525,0.023447630429746895,0.0036278095493993494,0.009818149421963136,0.009896616700546857,0.4098813523535915,0.03194609695060222,0.013871452088085837,2.957970721211645
2021-08-11,-0.009093870931064174,0.013705132000631927,0.013983289606621414,0.0007452072058307807,0.0008367172494015088,0.12216752626385827,0.030065025446600845,0.01367776728255554,0.6957142043301323
2021-08-12,0.00895787733776948,0.016983809062878698,0.023311636836452335,0.009325594648354673,0.009943934356848178,0.051895371930638985,0.028952955890228428,0.013665447687085755,0.6814375378967896
2021-08-13,-0.014178836885655632,-0.014314830478950328,0.008484172452745839,-0.002386562209434893,-0.003983423047314946,0.3351895026452621,0.03159330389012181,0.013843855924170376,1.3975267356840235
2021-08-16,-0.018583765925700765,-0.023804725473586943,-0.015778793748477623,-0.018137211459861607,-0.022060591472812745,0.3291420438212322,0.03190859196397494,0.013815567095076501,0.4808887288211129
2021-08-17,-0.0018727134311477382,-0.03463531624250413,-0.034771309835798805,-0.016926545848973195,-0.023211090146563813,0.41909780347267656,0.032159217078580105,0.013717194004724336,0.6153467039977433
2021-08-18,0.04870536599361824,0.028248886636769895,0.023027927088883803,0.028283284756797707,0.02304056773987724,0.4873332468233187,0.033085451949317356,0.01721973574684388,1.763389671973348
2021-08-20,0.005652761503898961,0.05248541406636954,0.019722811255013198,0.029627484245217998,0.027938679379442933,0.6038701914306165,0.035555741375376995,0.015180408193283364,2.1957338029742464
2021-08-23,-0.012730448057252151,0.04162767944026531,0.0211712000834168,0.01359205928221201,0.014509658726152081,0.5089387562637256,0.037780536643868316,0.01545290611215306,0.823750109282784
2021-08-24,0.042035149389027,0.0349574628356739,0.08179011539814446,0.050016200833714435,0.0554091553788748,0.5818945195797158,0.038959342653628104,0.018044043200087345,0.8666419992185076
2021-08-25,0.07332240148332521,0.10262710281510024,0.15698523031261752,0.11540022461350484,0.12809900866907623,0.7378345469079783,0.039592556228011264,0.02391245201256354,2.2070929197172533
2021-08-26,0.032589620863467575,0.14794717173581984,0.1408694851824667,0.13261908755792118,0.15533050033454096,0.8186415086253988,0.040485967317054415,0.02446720744964041,1.5484288944343416
2021-08-27,0.06876534605852683,0.17467736840531958,0.2039820697370945,0.18443956967055217,0.22216159303067054,0.8787144069004336,0.0437651216467632,0.02792998939970651,1.8781838298958395
2021-08-30,0.013338850074938416,0.11469381699693287,0.2300513678692851,0.1691677432036242,0.22322713826846471,0.8999492353434178,0.04715222376324412,0.02792222398497785,1.2103547359407527
2021-08-31,-0.017401026717888686,0.0647031694155765,0.1706151917623693,0.1202852638831252,0.187711080607737,0.7664422122443969,0.04736465321040014,0.027966274618718673,0.43024111337130283
2021-09-01,-0.01900469160406751,-0.02306686824701776,0.07828809867497667,0.07443619846238857,0.152947873286913,0.7265480724750705,0.04772575366841225,0.028723350040926642,0.2719202219107289
2021-09-02,0.021944036363696216,-0.014461681958259929,0.06764251417520542,0.07603216166175518,0.1636005181798284,0.7495662435681058,0.04881482545293907,0.027955054395816647,0.857485749696784
2021-09-03,0.010597038367547353,0.013536383127176286,0.009474206484226031,0.06522903710732661,0.16055819015407471,0.7696552227140439,0.04761392383487014,0.027801064095065168,1.2404020352609266
2021-09-06,-0.024241769480823627,0.008299305250420004,-0.02810641307153601,0.02031792920807272,0.11965225509633115,0.7126368174083373,0.050907578372437735,0.028909810576066428,0.6611339887057532
2021-09-07,0.015201768204768174,0.001557037091492116,0.004496381851120791,0.018989941479639536,0.12312524256331724,0.6390542874372688,0.05140323958731489,0.02888591834511574,0.7240404788666692
2021-09-08,-0.010218436243018497,-0.019258437519073825,0.013282637212169749,-0.00019365687784367837,0.09993891186209286,0.5837955043759803,0.05077722517986963,0.029277867207887272,0.47574150856257913
2021-09-09,0.004631243758423584,0.009614575720173282,-0.004030155393102889,-0.0017323890093864879,0.09275889880071915,0.4995031935656405,0.05074270783267953,0.028948762136468877,0.7662798791977213
2021-09-13,0.022270590868753427,0.0166833983841584,0.007643397108103217,0.018983732916183833,0.10416590560045962,0.5499238468882655,0.04938876219755302,0.02904314644116556,1.0758589939840346
2021-09-14,0.003339206503679672,0.03024104113085675,0.03522437309260634,0.021651166289825427,0.09406168326478602,0.5805940548928138,0.04998655117363174,0.028469259199394314,1.963010594762126
2021-09-15,-0.004905931441118496,0.020703865931314548,0.015116673446719629,0.014647830429616295,0.07477373271593325,0.5468791132293166,0.04666618096593093,0.027829820638990744,0.6587475238175816
2021-09-16,0.020388620759739073,0.01882189582230011,0.045723730449477154,0.029439145534935707,0.08178638166972818,0.5500857622342283,0.046931490559188965,0.027622779217986143,1.7081280466132494
2021-09-17,-0.0009430081703114954,0.014539681148308921,0.04014947852074223,0.02473013338176505,0.06823981327058812,0.5113918343059731,0.04362052937972506,0.02661995698380837,1.2126272113639447
2021-09-20,-0.03804150417697725,-0.018595891587549696,-0.020162616524988543,-0.012292501246805624,0.01882938467805107,0.33603299505211565,0.0440567558487778,0.028884945606562625,0.6709826916813632
2021-09-21,-0.013119315296774757,-0.052103827644063454,-0.036621138325443,-0.02503307184530163,-0.003553523605285567,0.30106811541309697,0.046422628436689754,0.028901210974700272,1.0735856873639285
2021-09-22,-0.0017673574375742201,-0.05292817691132618,-0.03348256432189861,-0.02499578990545014,-0.012438682411838112,0.3040399356183997,0.046091500337637224,0.027993427849432373,0.37207259769433504
2021-09-23,0.002134862304389043,-0.01275181042995997,-0.051736322777248635,-0.022335975433445242,-0.014327652362968861,0.25591601423229293,0.043582062076450906,0.02337322105432394,0.5164063627060751
2021-09-24,-0.01358692749751123,-0.013219422630696443,-0.06438024210444845,-0.0332426999064393,-0.029451511736660118,0.1073069926915467,0.044156948334527726,0.022700367829013166,0.63498224596005
2021-09-27,-0.0036220441849492586,-0.015074109378071599,-0.029960782112420547,-0.03194492427460576,-0.03138892741259738,0.1395831594516166,0.04191493919103947,0.016380910028857276,0.5733686524505626
2021-09-28,0.0074910119144263885,-0.009717959768034091,-0.009350454901219368,-0.020170105492493824,-0.02221558799268348,0.23448452974636125,0.040387425810246375,0.01614983994859811,0.8321849122180904
2021-09-29,-0.005510525320274889,-0.0016415575907977736,-0.013093622783920001,-0.021006277201467898,-0.026295019843708387,0.19445412122044048,0.04091728187666549,0.015765099949987968,1.7842445214374782
2021-09-30,0.011323233207845826,0.013303719801997326,-0.0039052518804630694,-0.004216329170736073,-0.015369733538263439,0.29943696303693573,0.038816497234499266,0.015432451952041642,1.185403280034599
2021-10-01,-0.012219310348286673,-0.006406602460715678,-0.0025376347312386365,-0.009567324512666063,-0.025846193557021956,0.20669607789672967,0.038714497108800344,0.014771879849224406,0.8902014555426642
2021-10-04,0.005663788106485342,0.004767710966044569,0.006748197560196024,-0.0016064131665904046,-0.018564273685084794,0.10141223012302973,0.03608056597819868,0.01459872196938998,0.5829647332322906
2021-10-05,0.02161382871235683,0.01505830647055555,0.020871014358126466,0.01901677291463048,0.0023729284725174725,0.13027128670655175,0.037441564285431606,0.014486906454790078,1.393598803830492
2021-10-06,-0.020648131372623203,0.006629485446219036,0.005733408305778107,-0.0010716695336775435,-0.016854153082011183,-0.09974971024108896,0.03614650864881449,0.014787660613958187,0.7802481894638016
2021-10-07,0.007581220394626688,0.008546917734360343,0.0019913954925588552,0.006724322099123388,-0.008981755355637795,-0.24233661053112526,0.03462877535678525,0.01475739222617861,0.9874760075986667
2021-10-08,-0.004060689660356707,-0.01712760063835322,0.01015001618048902,0.001882830648049793,-0.012180915255733777,-0.18825307465298194,0.031847321153541344,0.014729500582915089,0.6593986003247916
2021-10-11,0.009681920846667514,0.013202451580937405,0.01416814892067116,0.009516179184879863,-0.0010940185584177979,0.03558856166630875,0.029350199807375216,0.013938061994545626,0.7851866337453356
2021-10-12,0.023140109940272647,0.028761341126583524,0.015694430148586895,0.02933054796282098,0.02278435517497779,0.179453753654643,0.02925158648423697,0.014962523485770589,1.2625257448677187
2021-10-13,-0.0015048038247790177,0.03131722696216106,0.0348377576964311,0.02359995443898103,0.021560606646723633,0.2038440167910278,0.029684878887835123,0.014928746750362919,1.3512274888031894
2021-10-14,0.03460058786730744,0.056235893982801204,0.061857125169111855,0.05273716035317904,0.05706898404883392,0.42498142243505926,0.02976872647578691,0.016245521247179907,2.2478746187619736
2021-10-18,0.025068243684427345,0.058164027726955884,0.09098605851389595,0.0683677759834583,0.08193032270328088,0.6245054129923102,0.03370470222965687,0.017147614953340034,2.2989455048671585
2021-10-19,-0.03460284890966381,0.025065982642070942,0.046701288757564643,0.025779835422865473,0.043118271179967124,0.4537097477869483,0.03924688966726224,0.016740459513370907,0.8298425558150853
2021-10-20,-0.014190605921395089,-0.023725211146631554,0.009370572895896916,0.008800777123537698,0.026524057759121013,0.4660388535084121,0.041378324273824915,0.016792621080650875,0.5435415559794423
2021-10-21,-0.02775961042878102,-0.07655306525983996,-0.016884233708105104,-0.020528031961443385,-0.0021048972840167677,0.37325048791293397,0.04406142154685123,0.018044735360110257,0.3795737169123752
2021-10-22,-0.03272529973565294,-0.07467551608582906,-0.08421012131106549,-0.05002715400185307,-0.033085853767431964,0.34497812400363614,0.048807592924592136,0.01950599303260831,0.6239786719154515
2021-10-25,-0.0030942520260783886,-0.0635791621905123,-0.11237261702157124,-0.05101931170958591,-0.03542832999323448,0.28042752460281006,0.05051909869258813,0.019295648439420943,0.6363023435966907
2021-10-26,0.0013972950649348821,-0.03442225669679641,-0.07637247304697255,-0.04696486506571681,-0.0336692152217863,0.25379191348180924,0.04778528233305187,0.019288128600264853,0.8153855148423085
2021-10-27,-0.005904455233322368,-0.007601412194465833,-0.06808632235889979,-0.04711595370092357,-0.038323492837918784,0.32186667688870785,0.04778354696692391,0.019230805993423042,0.7162984718731937
2021-10-28,-0.039017405997336586,-0.04352456616572405,-0.07934411792745533,-0.0750166493614562,-0.07266859799847851,0.2275131857483079,0.05052781656062376,0.02101164069633283,1.1562620692249175
2021-10-29,0.031013231027120662,-0.013908630203538268,-0.015605587164681781,-0.03622815663835965,-0.04178010887900529,0.3044387052140746,0.05244528517640739,0.022138441114252068,1.3897438063715237
2021-11-01,0.01692327891436923,0.00891910394415342,0.004411943775765899,-0.008701519911997253,-0.025100577870311006,0.312950300269643,0.051371700763377014,0.02237425673088789,1.036331468060364
2021-11-02,0.0026302845257196476,0.05056679446720952,0.005644933236550503,0.0012023049634788912,-0.022059439303411758,0.317963538818579,0.05073283040825196,0.022341664488587952,1.1458878876370877
2021-11-03,-0.0065132897396387186,0.013040273700450232,0.005036098730234288,0.0011835931530892031,-0.026577536653882943,0.20889954386528103,0.05122353035240598,0.021754406790903878,1.0380960461564568
2021-11-04,0.012275579651661516,0.008392574437742517,0.05632908437923244,0.015946814135698074,-0.014308121282564425,0.08790800666066474,0.047901532930088746,0.021505247234168776,0.0974120680432621
2021-11-08,0.008175014354368855,0.013937304266391773,0.03349086770648066,0.022429830244560984,-0.0059958891875414085,-0.16069764989125745,0.042798470195593116,0.021517039013536566,1.37853222621919
2021-11-09,0.013161390774302131,0.03361198478033259,0.0297289795664136,0.032385540605340164,0.006530676139192531,0.0519899227354675,0.03817437634651311,0.021699228375687763,1.0376560133231105
2021-11-10,0.004300465247280735,0.025636870375951904,0.03139916028797454,0.03294004505052231,0.010493369375135017,0.21465334722088045,0.03519217453775316,0.02161437611448973,0.8244751576626059
2021-11-11,0.014549232191289325,0.032011088212872144,0.05246168221890271,0.04197632028561788,0.02536680552132503,0.40807297580861274,0.03394400388180832,0.021219781148762846,1.9791898182635264
2021-11-12,0.0157175604749025,0.03456725791347251,0.05590366304214363,0.0467207570972754,0.04074981262548345,0.6009622380042754,0.030529087282389154,0.021505626606345026,1.2775867591702819
2021-11-15,0.003768145370542445,0.03403493803673419,0.05149679405831715,0.04175445600076713,0.04549470493660501,0.7074613087950768,0.02924931141823401,0.020008102652662063,0.6660230564481678
2021-11-16,0.004838738203450234,0.0243244440488952,0.043174141487465185,0.03915922632087967,0.05253847872918863,0.7169242907177533,0.03014752306928518,0.019126583538966343,0.946053021695778
2021-11-17,-0.01643487729967334,-0.00782799372568069,0.022438798940511116,0.016772579201108574,0.03629529857557183,0.5819382778302687,0.030212752807536863,0.017874760948642526,0.7925691677609541
2021-11-18,-0.016131094726658163,-0.027727233822881215,-0.00824152797743628,-0.003808854946053145,0.02070205001403164,0.6333459741914615,0.030396902284935544,0.017956098131525704,0.4573953060199865
2021-11-22,-0.015477498562058371,-0.04804347058838995,-0.039436587014397194,-0.020677583836201514,0.005357654916697839,0.5177689604519139,0.029733293174093345,0.017184064712651517,0.8703987016261828
2021-11-23,0.04158250373232804,0.009973910443611535,-0.0016222286526115326,0.01585804034029691,0.04445853117744362,0.5276180097685784,0.0304359581686758,0.017831496152988867,1.2818769165702835
2021-11-24,-0.021319915659609116,0.004785089510660558,-0.027780882515670922,-0.007079002100838725,0.01990671891439093,0.5095296103841506,0.032043142428835734,0.018628127189852066,0.6966233044434451
2021-11-25,-0.01715263051021893,0.00310995756250001,-0.02849863572621654,-0.02338559233430053,0.0010308736853340743,0.5365415373807673,0.0317054814344986,0.019139482726798926,1.1211695466965086
2021-11-26,-0.050532972283272935,-0.08900551845310091,-0.06290051328283112,-0.06511028303045378,-0.047674796591470975,0.4692460355441028,0.03648829458365079,0.02238125131070992,0.7800165113282359
2021-11-29,0.009751019710746479,-0.05793458308274526,-0.03767199501002622,-0.048751037815597496,-0.03993650951933224,0.32288932061824793,0.038804331683915054,0.020568032364120397,1.167844739145576
2021-11-30,-0.01677437649403906,-0.057556329066565305,-0.0960288752363934,-0.055511808578840735,-0.05533837248563067,0.2992071371156612,0.03953962316807904,0.019749832205470764,0.7155261930150825
2021-12-01,0.024789927895019933,0.017766571111727577,-0.0499190316817643,-0.024171633464444814,-0.031402097680125696,0.28924365417629927,0.039662411555807936,0.020191285774947127,0.7392699072649851
2021-12-02,-0.006207289059463131,0.0018082623415179389,-0.03897369023100844,-0.02360068243538885,-0.03675941186931046,0.1805529056189995,0.037955130762849315,0.020221848668504395,0.407088886541368
2021-12-03,-0.003349624587040786,0.015233014248516181,0.008209657465223633,-0.02151308612925953,-0.03949521882485328,0.09612533080625156,0.03768620781640049,0.020186173183039308,1.1339193134474124
2021-12-06,-0.0140199716660684,-0.023576885312572255,-0.015561333911591308,-0.030018626219096418,-0.05118475881955707,-0.04421366361570222,0.03897974458341865,0.020164995503480714,1.2637962989552356
2021-12-07,0.006160337010465542,-0.0112092592426437,0.007373379592913307,-0.015113820764313292,-0.04351630564602697,-0.11475401816629358,0.03826202199819228,0.020117317182661534,1.17266861084774
2021-12-08,0.004343855355156585,-0.003515779300446438,-0.013072692946950223,-0.004423348588436297,-0.03709775553510638,0.056760417844557765,0.037764415504874436,0.01986399382779346,0.9979164357653749
2021-12-09,0.00034838398059638297,0.01085257634621822,-0.006517019906890845,0.0005613124993397359,-0.034301754366611925,0.0352261133674358,0.036070213089737214,0.01981363417781739,1.102077507370851
2021-12-10,0.00977859167559649,0.014470831011349211,0.006611196355746293,0.008893719698487249,-0.022049560760329986,0.20444894205281672,0.033574337094264814,0.019624409775629462,1.2658309344901193
2021-12-13,0.004891969540704981,0.015018945196897646,0.025523137562519754,0.012823446978388844,-0.013888426916082178,0.1491016940647249,0.030630141337211748,0.01923167712522785,0.9537343012891428
2021-12-14,-0.018391381598228267,-0.00372082038192686,0.0009714189538259855,-0.006454523312115652,-0.027460831650877104,0.03191201402139356,0.02986729403632111,0.01943679145209442,0.7255749048057328
2021-12-15,-0.0008157466712442695,-0.014315158728767555,-0.004188183072574873,-0.005545837526921251,-0.02352766857912371,0.18282753958799292,0.029777850814799493,0.019335192426308188,0.5651950320318868
2021-12-16,-0.004401491126171233,-0.0236086193956437,-0.008938058179342366,-0.008384156494220685,-0.023712927675265547,0.1758962648880001,0.027146071406601267,0.019138609992183916,1.1403160711046618
2021-12-17,-0.026260997994623458,-0.03147823579203891,-0.04497764784956218,-0.030423079794657568,-0.044587033421863875,0.13124031614922757,0.025873299649997673,0.019600931569813112,1.9419509670557846
2021-12-20,-0.02569405899748873,-0.0563565481182833,-0.0755636763877558,-0.05041352489968096,-0.064082006412449,-0.0528730376439762,0.028050413051592744,0.020026395857712452,1.5032376505481448
2021-12-21,-0.0011107678677241234,-0.05306582485983629,-0.05828306265725178,-0.04613081883258131,-0.05820238973197628,-0.08474243719658588,0.027134853354649508,0.016796236386177832,0.3357001834991352
2021-12-22,0.02504008900469023,-0.001764737860522611,-0.03242722698131728,-0.018363717812455202,-0.02941360265488583,-0.07462513016061251,0.0280122707777989,0.017920682047888704,0.4354107452034774
2021-12-23,-0.0024115286964908533,0.021517792440475324,-0.030437264551636926,-0.016861588796976967,-0.027581700287709527,-0.13189244182985263,0.027091117888473466,0.017695428610745266,0.30745853622187386
2021-12-24,-0.009908231767524547,0.012720328540674734,-0.014084498324538005,-0.020755019931430436,-0.03506777619802731,-0.07812004004817495,0.026086458407499333,0.01406053646672494,0.33120144272509777
2021-12-27,-0.007956738307236783,-0.02027649877125219,0.0036528223657138043,-0.021427564435394557,-0.03977778733640515,-0.20166806947260382,0.02572423519079361,0.013823097914950823,1.333460957008651
2021-12-28,0.013711205981626753,-0.0041537640931345555,0.018474796215064686,-0.003904512550148745,-0.02500441330371418,-0.2478907135499419,0.02516033230118917,0.013916077217907672,1.014396919572117
2021-12-29,-0.007300046533240416,-0.001545578858850506,-0.013865339322865773,-0.006494756840812394,-0.029012620257130677,-0.1964580479105807,0.02521092812736822,0.012493751155864293,0.9511026416731825
2021-12-30,-0.014060078633520802,-0.007648919185134505,-0.02551388925989586,-0.014811871298105066,-0.03916469705020424,-0.3810529650773114,0.025122644685817687,0.012715401805703717,0.9100515291168961
2021-12-31,-0.0004543967253442187,-0.021814521892105466,-0.016060054217715485,-0.012282801196516535,-0.036319664714835366,-0.3822044842838423,0.024989515247799802,0.012734512831443182,1.9834250448804895
2022-01-03,0.018860424345730455,0.004345948986865292,0.01075710843525161,0.005075446263502035,-0.016219597167587394,-0.2070675904419967,0.024783177092304966,0.01339983385070962,1.6204537048452718
2022-01-04,0.012005264378508972,0.030411291998895067,0.00905116683213376,0.014412761692623136,-0.0028370164466290774,-0.06475148694795678,0.024967966934340165,0.013643679259184364,2.072190528036126
2022-01-05,0.016757657032191356,0.04762334575643058,0.03310887039756568,0.029531015746838883,0.014915608449215821,0.1395879057987514,0.025157803596116777,0.014194272214577176,1.2174647679006074
2022-01-06,-0.016958036150151762,0.011804885260548497,0.03021091288093465,0.011739496633577852,-0.0003904073359137731,0.20411946009031637,0.024709767388020117,0.014636801880527068,1.0359394708773726
2022-01-07,0.006587058710950023,0.006386679592989675,0.037252368317228855,0.0162555954012697,0.008173481773195624,0.4732437458454069,0.022168663931284714,0.014521626188840099,0.6547474977081372
2022-01-10,0.03106576068632627,0.020694783247124707,0.04945770465782489,0.04193877069219754,0.04062132582177571,0.5673451957052884,0.02238599963151947,0.016242717198194433,1.5945280822488959
2022-01-11,-0.01245918073733074,0.025193638659945755,0.02499325954198526,0.02550541727231843,0.02804184091523788,0.6314143125223382,0.022078008387124193,0.015951997765067772,1.4933067116166112
2022-01-12,0.024993673625146984,0.04360025357414266,0.033229276134940845,0.044410975535846824,0.05295883954703815,0.6607042636098163,0.02259146798435231,0.016921562899337612,0.851943581140667
2022-01-13,0.005432228757463071,0.01796672164527914,0.05561954104255555,0.041107750630767895,0.0570471663001377,0.6966891509498427,0.02267745000194944,0.016899135992992868,0.42477076890168164
2022-01-14,0.03418826248157195,0.06461416486418185,0.0832207448131776,0.06430314183478451,0.08866823134407507,0.7731725380596418,0.023821724908790417,0.01707862408266322,0.8802824436931689
2022-01-17,0.022589443288758393,0.06220993452779329,0.07474442741560958,0.07495084143415248,0.10557317597773007,0.7941152396054446,0.02506916479568658,0.015959330112396895,1.1778562083002102
2022-01-18,-0.005240010693268429,0.051537695077061865,0.0819635974596717,0.057858401501573654,0.09223740135280278,0.8410863043772318,0.02672757770501301,0.016094967824566014,1.1794717865774034
2022-01-19,0.030231769181797357,0.04758120177728703,0.08720169301632205,0.07700399651301691,0.11756159867628524,0.8791791038959746,0.0283804350844875,0.016444001866697675,1.0699955453302938
2022-01-20,-0.0007681353661115738,0.024223623122417173,0.08100132889274744,0.06158795924094047,0.10854643351266695,0.8805186666990713,0.028898862312340994,0.01639862680458078,0.6771013065483406
2022-01-21,-0.009090181368173668,0.020373452447511962,0.0377228850430018,0.039524246484861754,0.09057854257505983,0.7388927004588317,0.03071658352517338,0.016355022767431716,0.9515773044937331
2022-01-24,-0.041207012657403896,-0.051065329391689195,-0.026073570903160384,-0.007145957341563706,0.04093291958360103,0.5607869679932975,0.03543611248476334,0.019377528640881117,1.2348404587544053
2022-01-25,0.04342559922249468,-0.006871594803082921,0.02259203901260279,0.026353841557876352,0.0795373158810217,0.5703840155268273,0.037317453942859326,0.021106714805730346,1.0754203263053692
2022-01-27,0.0011602858271068893,0.0033788723921975316,-0.0064794443420877115,0.019422001642270974,0.07286179397459071,0.6846005087781495,0.0372591246725821,0.020890178063367074,0.9032484856385926
2022-01-28,-0.004119679816292962,0.04046620523330852,-0.009830988792269046,0.008199455056108753,0.06022147626839662,0.6982027481808416,0.039477004138499604,0.020467885920686848,1.0344858747337393
2022-01-31,0.018596716124067807,0.01563732213488165,0.017855908699972382,0.021452064752370992,0.07078749611847115,0.6878346909846783,0.03924441113023156,0.020504342122838894,0.9140190532601944
2022-02-01,-0.0013515283044334633,0.013125508003341326,0.05771139305294297,0.016842202921173173,0.06115393636939347,0.5415238805096618,0.04041468332040224,0.02048061088630403,0.8904186696439556
2022-02-02,-0.014813608586769032,0.0024315792328653265,-0.0005278147563208014,-0.00029561626855452065,0.03897573215406889,0.4280117455031288,0.04140247736152997,0.0210600048057901,0.7837327276758935
2022-02-03,-0.002749118258575386,-0.018914255149777844,-0.004437218842003095,-0.0019479695466328858,0.030585138378767487,0.3226474867317407,0.042514788027336145,0.021009200538215374,0.9400429275656297
2022-02-04,-0.011679959140951537,-0.02924268598629595,-0.011997498166661671,-0.011385175875191913,0.013022647424321247,0.23992741602487938,0.04193789483279276,0.020744047585566045,0.4477068624483934
2022-02-07,-0.00961609539185956,-0.024045172791386536,-0.04021030968258911,-0.018674075048582272,-0.0013753907641933488,0.1278914759362017,0.04121513468468282,0.021023730200733823,0.5733475071879258
2022-02-08,-0.006329415587878486,-0.027625470120689662,-0.04518819696603406,-0.026047633979637816,-0.01059013305357991,-0.009097034744496142,0.04097923379486295,0.020224637935726375,1.0108288717049556
2022-02-09,0.02610663969513887,0.01016112871540095,-0.004267948684126033,0.00019448263318976188,0.01070730717768491,-0.043202412460305484,0.038620414108279,0.020503713469605403,1.1997531941455777
2022-02-10,-0.0118408867489183,0.007936337358342233,-0.013359717174468998,-0.009821464202233817,-0.004222619479573545,-0.19736289924516626,0.04018161524951487,0.020265069502994407,1.8546261276749023
2022-02-11,-0.012888051685286976,0.0013777012609336933,-0.01456780971880445,-0.019921923558143744,-0.019077216563466774,-0.14930803467136045,0.03879541125472741,0.020568089576793014,0.5211948857954102
2022-02-14,-0.03472776393748844,-0.05945670237169378,-0.03967947826443334,-0.04586182235735776,-0.05145195969733112,-0.07816486418353037,0.03774941105509838,0.02070467705554696,0.6416491064426744
2022-02-15,0.025591906463908767,-0.022023909158866657,-0.007758156212646134,-0.015890621121296484,-0.025842666991993873,-0.15969826515237032,0.034225537013626836,0.020896361636350624,0.6416688890864373
2022-02-16,-0.0033331804528101516,-0.012469037926389762,-0.03719797636059506,-0.015075354136042862,-0.028160018641146214,-0.20113479875912732,0.034669993888674706,0.02088065639473841,1.0295698267074413
2022-02-17,0.020508516867828116,0.042767242878926845,-0.00484857274384869,0.007193135790539871,-0.0065670601011895945,-0.2678878129732985,0.03263145353480734,0.02021864950627894,1.3878675147780108
2022-02-18,-0.013724790739981067,0.003450545675036934,-0.005685311798542831,-0.004512532967381356,-0.01804080257221421,-0.4769295467110177,0.03213345434164815,0.02040218238362112,1.3078819766052325
2022-02-21,-0.033928277291203846,-0.027144551163356845,-0.004885825152258181,-0.033482583721421905,-0.04767003060009282,-0.461286208715714,0.0329784776585032,0.021572227788807515,1.155879990394567
2022-02-22,-0.015023242661188024,-0.062676310692373,-0.04550097427735503,-0.04290947249712352,-0.06003703543104111,-0.45584061048498653,0.03337688805025706,0.019881862503880746,1.0509135512086023
2022-02-23,0.02199327486596187,-0.02695824508642992,-0.020174518958582927,-0.015941519557041,-0.03616504869961265,-0.28072655336100555,0.032481641617584205,0.017767694434833496,0.983761718607876
2022-02-24,-0.0262153788892893,-0.019245346684515476,-0.06689841471570039,-0.03451954103685245,-0.05695692726262562,-0.3147625741355964,0.03513217941592696,0.01846243281063535,1.1157827900914328
2022-02-25,0.029606093287237182,0.025383989263909678,-0.023567530688482198,-0.002563525477534143,-0.025903798900882714,-0.1953863592430443,0.03518327480689435,0.01997503506936486,0.8970276884522629
2022-02-28,0.05415146014476553,0.05754217454271349,0.06451220674748716,0.046559755476060984,0.029382669808980424,-0.030907584739697,0.03692859067734842,0.02328635730404024,1.1735933032037205
2022-03-02,0.0019076664135124807,0.08566521984551519,0.08144311582218756,0.044690891939648134,0.032261154134522144,0.013646823379448988,0.03809154182151617,0.02329526716886722,1.3231399302918427
2022-03-03,-0.009103417441104428,0.04695570911717354,0.05034642351512128,0.032048367332857104,0.023501256145386416,0.06621526641061123,0.03841911621542666,0.02314966022528786,0.8495229068761811
2022-03-04,-0.004145657624990531,-0.01134140865258263,0.0724161447794202,0.027197784275030026,0.019930800521442568,0.007015305170013448,0.040091169177712514,0.02315870037462498,1.0242356352097586
2022-03-07,-0.03489217266100078,-0.048141247727095646,0.007917878831182399,-0.006470807251645088,-0.013266720793247583,-0.021463372881458297,0.042308621214880805,0.024295144613399433,0.8232466943047715
2022-03-08,0.0004903399381240337,-0.03854749034786714,-0.04574324137545924,-0.007817339024595395,-0.01150771593485747,-0.12209063758957144,0.04159210059447589,0.02422892576476704,0.8516794135279788
2022-03-09,0.007402659917394874,-0.0269991728054819,-0.04024824787157687,-0.00446129075540051,-0.0035609043634513464,-0.1257635117938085,0.041063811268861675,0.024273126936290912,0.805334655750201
2022-03-10,0.02415262245245112,0.032045622307970006,-0.0069922079780211505,0.015482195248388876,0.021534749978681086,-0.11860469427874974,0.0408461050615969,0.024163645357533025,1.0278360738448655
2022-03-11,0.012276462373356103,0.04383174474320213,0.009429912020325533,0.019786842626883128,0.033615840517730936,0.020085381286707074,0.04057720576291691,0.024180227198507247,1.0358216081107647
2022-03-14,-0.002783432399000166,0.033645652426807095,0.04153865228232608,0.011986315219665922,0.029681453134304942,0.1434777337226056,0.039469895174789306,0.023990480664877592,0.8667677442546863
2022-03-15,-0.003226928979209357,0.0062661009951466146,0.03782138336499272,0.009535892848903898,0.023716814427713177,0.16609477744810733,0.0395559671200391,0.022509012387315137,0.7774516764791096
2022-03-16,0.06014583186218659,0.05413547048397703,0.09056455530978448,0.06650750903978903,0.08231628619486758,0.32450112752175586,0.040239134062860824,0.02549579370389427,2.684683069143333
2022-03-17,-0.011244966721718158,0.04567393616125908,0.055166966135615246,0.04937694579674221,0.065915692244764,0.48109495720182904,0.04014332885098666,0.025681377282100945,1.2014716820031575
2022-03-21,0.00027655558615118515,0.04917742072661973,0.04316705934841018,0.044052022272688646,0.06301104516319526,0.3741991161088748,0.03890736209432274,0.025390270529511445,0.5776710503907357
2022-03-22,-0.021986618637434792,-0.03295502977300175,0.023963873109975584,0.01477599674232016,0.037271313576728575,0.25859630638873254,0.03679092900148712,0.025739886013805013,0.5497272495637537
2022-03-23,-0.00542187792774853,-0.02713194097903221,0.02176892416143624,0.003430174886492949,0.027667303028902746,0.23131807927943016,0.03611021062488333,0.02436975944842783,0.49740835012722956
2022-03-24,-0.0008533296436967292,-0.028261826208880132,-0.03923023734444708,-0.0024303029140840702,0.02215296986224786,0.16477814241035602,0.036415386347035096,0.023993173324575956,1.4393288236267876
2022-03-25,-0.00792657227618786,-0.014201779847633093,-0.035911842898916746,-0.012170820841773025,0.010971847877471453,0.19146820422339858,0.03543771948748468,0.023785209262357266,0.7030030436842125
2022-03-28,0.0036139985790416647,-0.005165903340842787,-0.0325743999060262,-0.009628910076507298,0.010107490941849978,0.20026336425587857,0.03328160546707845,0.022761408892787535,0.7472291868703508
2022-03-29,0.0004643271641519486,-0.0038482465329941606,-0.010123454104439485,-0.010516529864429268,0.007454316542363935,0.30046446473704974,0.03222061054372083,0.021997809004771204,0.7941293094895697
2022-03-30,0.0029233088386563253,0.007001634581849992,-0.0017782673380346253,-0.009565080665310994,0.009791737810989822,0.21053894550732422,0.031864666659485986,0.01844390630709459,0.784776163190995
2022-03-31,0.0555949294024278,0.05898256540523586,0.05466999170808985,0.045380443710835806,0.06390691767562794,0.30251463118041727,0.03198146327347639,0.02217350566210826,2.482802175514741
2022-04-01,0.026187750449568992,0.08470598869065311,0.08878431443384667,0.06722027062964371,0.08643439399252668,0.39161062465886287,0.0321131006658253,0.022536770690378127,1.9530469593412922
2022-04-04,0.02375924400676721,0.10554192385876406,0.1089295598615722,0.08416993323324128,0.10511881309042914,0.430854464369707,0.033226100808985394,0.02279961259050533,1.0047147055057346
2022-04-05,-0.00526700215731809,0.04467999229901823,0.1031982305401022,0.06823568359012325,0.09052347119739389,0.5036027369563988,0.033344062818693114,0.020851601637192775,0.6527433718313201
2022-04-06,-0.00319289045617392,0.015299351393275281,0.09708203124527197,0.05462198643761051,0.07863456972733593,0.31135078251645043,0.030794861330214134,0.020936847405804128,0.6046668401191693
2022-04-07,0.01945014592514689,0.010990253311654827,0.06093724776799115,0.06285741002784177,0.09059860952343264,0.3692413196952327,0.031016342531537865,0.021099168476329363,1.510929624048405
2022-04-08,0.02626473323144174,0.042521988700414654,0.061014230549863685,0.07482721290899307,0.10995785626096789,0.505686559769718,0.031210872995278117,0.0211875427414017,1.3808287743563952
2022-04-11,0.03588707974886032,0.08160195890544888,0.07314206629195681,0.09381516032588502,0.13903193833343738,0.628423587267201,0.031125066019643002,0.022051947205085888,1.485966071045903
2022-04-12,-0.005044351192746433,0.05710746178755549,0.07336471725652856,0.06947296188055777,0.12227519974479949,0.47898768093160216,0.031030258224160154,0.022124624719918235,0.8092114713078493
2022-04-13,0.004001756063465742,0.03484448461957965,0.08055936377616821,0.055318290872821634,0.11550517431835249,0.5953927307240554,0.030631714386468927,0.021963885490027365,0.5435193947681389
2022-04-18,0.03531219783670212,0.03426960270742131,0.09642141568772351,0.07612001914698177,0.14510013159330565,0.6733139592725013,0.03209241623349945,0.019541076859841036,1.1201554643214557
2022-04-19,-0.027592993046926174,0.011720960853241804,0.04256368940935546,0.03615988546494343,0.10502184843578811,0.616472328954281,0.03558436793089943,0.02072282292651127,0.645563438668009
2022-04-20,-0.010853528114772725,-0.003134323324996728,-0.004176918454277427,0.018021098325444917,0.0850721318884135,0.5610440886183568,0.037693911251771114,0.02108245923117748,0.4656054672121158
2022-04-21,0.002687272469887679,-0.0357592486918113,0.003554705208356472,0.013104190708452779,0.07881734631218777,0.6054495082968284,0.038127325177903806,0.01997332418572636,0.5190673736821813
2022-04-22,0.000983369719701476,-0.007182885925183713,0.0005363188645923448,0.006153039211451302,0.07053115124728852,0.591172867615628,0.03732387565224588,0.019788850267320898,0.9440960107049613
2022-04-25,-0.031100312135573144,-0.02742966994598419,-0.06587619110768313,-0.027510495408067964,0.03047930412510568,0.4733698763395819,0.03944890138564967,0.021636574354591973,1.062684179167074
2022-04-26,0.011457260895112707,-0.018659681520759207,-0.02682593716564435,-0.01781299303218892,0.03413116675498801,0.4569947821468034,0.038263908483743836,0.021350505698310908,0.9179748684538955
2022-04-27,-0.0024636056188933023,-0.02210665685935391,-0.018436014669764893,-0.01802934837856024,0.023803121359500856,0.38716809802365615,0.03779924934118675,0.021463317164861485,0.739046958785495
2022-04-28,-0.005802999615823792,0.003190655660395442,-0.026926286755476345,-0.021452132313977863,0.010574063327482555,0.3910993277854067,0.03771292907188384,0.021623864618760556,1.0151847938169014
2022-04-29,-0.023084293656534523,-0.03135089889125171,-0.050993950131712304,-0.039026971800157274,-0.01827619582419147,0.25271297058547204,0.03796672440836354,0.02267989142453824,0.9312509491489784
2022-05-02,-0.012554099778546908,-0.04144139305090522,-0.03244773777468605,-0.0416188637497425,-0.03321033784866803,0.10192246891086483,0.03775029944272658,0.019834196632882724,0.9184460332260884
2022-05-04,0.0042444099822500055,-0.031393983452831425,-0.0396605886875486,-0.031131877657576974,-0.030811323444614794,-0.022701152742619257,0.03632158569980444,0.01907353488382409,1.257521821539992
2022-05-05,0.008654479458643774,0.0003447896623468127,-0.028542503610011566,-0.018094784448543216,-0.023425190111982602,0.14557982649435175,0.035878776436241974,0.018449377748916692,0.7530229685131078
2022-05-06,-0.008054136200890957,0.004844753240002752,-0.03079364019507865,-0.020301408636402136,-0.03215054926121316,0.006119881632378679,0.03540401924413441,0.018510421826785375,0.9685960734621437
2022-05-09,-0.010287480893578357,-0.009687137635825653,-0.017996827432122473,-0.02356558169945593,-0.04260798338529019,-0.26425938620552614,0.03352921081993326,0.018661557610612393,0.8230787056390797
2022-05-10,-0.010265254609160418,-0.028606871703629678,-0.01570798226273598,-0.02890753912358442,-0.05158722270596756,-0.21060702611246584,0.03192667528649428,0.01826084126606587,0.7835846250254815
2022-05-11,0.004086579420698004,-0.01646615608204061,-0.01586581282428787,-0.019472036069757732,-0.045859437336075996,-0.21227176430313166,0.03137211985268843,0.017166248582873515,1.1789121087116925
2022-05-12,-0.026059139580838015,-0.032237814769300266,-0.05057943186376962,-0.03712003159239086,-0.06575210346769575,-0.3432354996454157,0.03431460132756135,0.015477956543797418,1.1985554403404013
2022-05-13,-0.00465835558671519,-0.026630915746855104,-0.04718365124959384,-0.03408749926696436,-0.0654593626743994,-0.576981335639002,0.03580887956470223,0.015478252835704616,1.8592996755205788
2022-05-16,0.05821018890825654,0.02749269374070315,0.02131401855224102,0.02346012388891781,-0.007071330401723832,-0.3687510214328222,0.03463863985550765,0.02093452272807069,1.2649385625315603
2022-05-17,0.04355758599308714,0.09710941931462833,0.07513685915448849,0.06247139079343249,0.039271472838501166,-0.3165539851227288,0.03430740234160026,0.021779532132222654,1.0739309934808643
2022-05-18,0.00557762914124695,0.1073454040425905,0.07662790887503729,0.061726616357912885,0.04539794165225468,-0.1690513696024091,0.03427593002371545,0.02097159966573957,0.8492220501844528
2022-05-19,0.002821846812928736,0.05195706194726284,0.10550889526880408,0.058702056399508616,0.04791705238171135,-0.16020786025603287,0.03554796219673764,0.02083139480835205,0.6498454438696779
2022-05-20,0.04151094367046593,0.04991041962464163,0.1516781945259852,0.09162175660300982,0.08961305925508146,0.09124850445806018,0.03565736186705046,0.02277429048458655,1.735861469933347
2022-05-23,0.03280471107699168,0.07713750156038633,0.1262727166947204,0.11083257105902461,0.12117925854457388,0.3174448350995368,0.036644604033721946,0.023764643015805293,1.793471414633977
2022-05-24,-0.01730393980158695,0.05701171494587064,0.06541119090004617,0.07636776569614442,0.0966130739512483,0.19337012685465382,0.03822278031400063,0.022877997829836776,0.5968637635975546
2022-05-25,-0.022238664591868733,-0.006737893316464071,0.0375948971669307,0.040867733864495055,0.06922642444823512,0.0841748029868674,0.040842056180687314,0.023577973688672118,0.6690792258932559
2022-05-26,0.010033167694722912,-0.029509436698732773,0.04480621804872469,0.03615975556895728,0.07601527034136686,0.06728733018331454,0.04179767076667092,0.023592964038167723,0.5597928802626799
2022-05-27,0.017514515963228113,0.005309019066082195,0.020809790341486948,0.037140873840892014,0.08964693681679406,0.16433652053765413,0.04206528648237824,0.023681910068008728,0.78734259415105
2022-05-30,0.015348600749179996,0.04289628440713106,0.0033536800136754518,0.039867636500350086,0.09893197577847108,0.23941436103700284,0.04162844865439707,0.02285127318528208,0.8492347747905857
2022-05-31,0.008961293122352224,0.041824409834760476,0.029618912937614483,0.03934214355718686,0.10009502754773585,0.3376167723320043,0.0415659719686633,0.02240177792708225,1.1101059549165526
2022-06-01,0.029506429349671823,0.053816323221204054,0.08136400687915517,0.05776690812677082,0.1225771768488175,0.47697943105336377,0.04057811443794867,0.02290192445495605,1.908731843575419
2022-06-02,0.0022421822827268325,0.04070990475475086,0.07357302146715901,0.04774072531946095,0.11511519818567967,0.6181161073116499,0.038144047476230535,0.022951640998713187,0.8794063548114393
2022-06-03,5.280105925776303e-05,0.03180141269165637,0.0561113065631886,0.03973026122771797,0.10495216179751815,0.5263036731274824,0.03628640600912835,0.02271114489274168,0.5932805913155258
2022-06-06,-0.005204141670631024,-0.0029091583286462736,0.03555856414337762,0.03026641360563309,0.08903314634260977,0.42189967016130114,0.035051217043197566,0.02251065833054206,0.6768330495405679
2022-06-07,0.005678285782249334,0.0005269451708761862,0.03227555680327484,0.029729666887574203,0.08435202702105751,0.45824205473722684,0.03563529285533213,0.0220581495658617,1.4087914243221886
2022-06-08,-0.030020619789715573,-0.029546475678097157,-0.02725149233611245,-0.005956331970233403,0.04377456812089946,0.4250200631230564,0.03734159823283975,0.023799076107187858,0.9482683204895807
2022-06-09,0.017032364890220354,-0.007309969117245718,-0.01246130972861883,0.005094947186416399,0.051071580424274635,0.3833523250965467,0.035121642052135735,0.022424517874037042,0.7467659998876512
2022-06-10,0.0100078925285473,-0.0029803623709478357,-0.0025062182593294565,0.009853397663321646,0.050360949027672464,0.30134756552203046,0.03338516685231676,0.022138249708223416,0.6650100939779771
2022-06-13,-0.020305657790417243,0.0067345996283504845,-0.01760773437911578,-0.01218458386631172,0.022031347352159576,0.30571315623756734,0.033476981032289195,0.02026506658011164,0.7674949135429354
2022-06-14,0.015486666755834185,0.005188901493964304,-0.0077993534055308894,0.0008047784769240988,0.03194962493180161,0.4273332024299705,0.031474314327605155,0.018524838391663617,0.9304003749620703
2022-06-15,-0.013224938879757148,-0.018043929914340208,0.008996327504427522,-0.010543311803578783,0.013448346179626015,0.46128774690174995,0.031019246173535703,0.01901666567113658,0.6540243055962557
2022-06-16,-0.03391836089740754,-0.031656633021330455,-0.041954398283200585,-0.03839781422144173,-0.02331397019877236,0.3353102421181694,0.033639528709867327,0.020920936082387574,1.209016393442623
2022-06-17,0.054995292147224165,0.007851992370059468,0.0030330013354763576,0.015912624664271968,0.02795100787106787,0.4784064336203062,0.03770437627631279,0.022386564863183474,3.063809143491798
2022-06-20,-0.0960583429266332,-0.07498141167681668,-0.07271968380073958,-0.06901175247303866,-0.06389200650491765,0.2443445173647578,0.04894150191617598,0.03064293197266756,1.5034265766263475
2022-06-21,0.04550487414584872,0.004441823366439568,-0.04270147641072511,-0.02072635107215149,-0.020853835201183453,0.07544989638685308,0.04663573798136643,0.03223086850780005,0.5828727305249978
2022-06-22,-0.013918317652923536,-0.0644717864337079,-0.04339485518389135,-0.03098671379400267,-0.035296717618970755,0.05906934737866479,0.04807180043454695,0.031973647752704615,0.40120949724193533
2022-06-23,-0.005435697465119754,0.02615085902780545,-0.014912191751603562,-0.030773829743337405,-0.04072127363358253,0.0068523239428635915,0.04939081919983822,0.031930337187793346,0.7731836925816065
2022-06-24,0.014467042989431194,-0.004886972128612089,-0.0554404409093965,-0.011419579019782007,-0.026799160124716708,0.07169409563126279,0.04862972952608305,0.031850595816801025,0.2949985758147126
2022-06-27,0.006768808334485425,0.015800153858797,0.04738671035172218,-0.002157292857321636,-0.019833611476163426,-0.013063908242668844,0.04730439056173575,0.03169121807709129,0.4464583607278066
2022-06-28,-0.004627894007380491,0.01660795731653604,-0.0027460578015070596,-0.002156334951765229,-0.023349550153600598,0.025246778350647644,0.044988313358483446,0.031626255212008514,0.5576747290609663
2022-06-29,-0.009180166183643935,-0.007039251856539008,0.001992093667772349,-0.007125046169632756,-0.029387278446258044,-0.05834648715167731,0.04405169027831631,0.03083219682594248,0.8545883909191687
2022-06-30,-0.007823228392735394,-0.021631288583759883,-0.00039543725984324946,-0.013362922320714047,-0.03359061789797145,-0.1256963180647203,0.04387097229182084,0.030824566932355843,0.8294295466602605
2022-07-01,-0.01916770642276606,-0.036171100999145445,-0.034030186672040524,-0.023245853305423423,-0.047739167674918294,-0.10581313578011318,0.044701470920954896,0.0310075029959642,1.0456691091137422
2022-07-04,0.022861764455063886,-0.004129170360437612,-0.017937230551462086,-0.003548125014279563,-0.022729800862210735,-0.09975262726531398,0.044619975576414866,0.03160085024424288,1.613841937871302
2022-07-05,-0.009786706847179822,-0.00609264881488196,-0.02309604339126134,-0.010696978576038543,-0.028518163283278324,-0.10055951909454251,0.04540598802108132,0.03156538052145857,0.8748097862909067
2022-07-06,-0.0068166596730645625,0.006258397934819471,-0.020732536880681916,-0.015587996997521166,-0.03257068318673945,-0.09802143577299177,0.04311020277190808,0.030972437307643447,1.381917071706482
2022-07-07,-0.006546480720186562,-0.023149847240430895,-0.01945578920813305,-0.020089950499315702,-0.035186238581029934,-0.5883577829599941,0.037728691350759076,0.030630400174143854,1.1993207235921088
2022-07-08,0.002790387353298783,-0.010572753039952277,0.0025023045679318148,-0.014249214977320786,-0.028374774058692133,-0.5091327914059601,0.029500098813582218,0.030500957265083152,1.1213444245674822
2022-07-11,0.0031835869563526663,-0.00057250641053511,-0.017175872930779486,-0.007598849776300901,-0.02230756844622733,-0.3339049757469499,0.027025521119150568,0.030299596554279485,1.0193929824521575
2022-07-12,-0.0025516502338396307,0.003422324075811797,-0.009940816317439271,-0.00682573147446202,-0.020901241355820305,-0.487623530049384,0.026024161569837015,0.0299865021860817,0.7553997655787292
2022-07-13,-0.010127947385042513,-0.009496010662529584,-0.013252104029417325,-0.013480920049709043,-0.02707556434460574,-0.4359474814791031,0.02455732271209042,0.029943911819346188,1.063073619997879
2022-07-14,0.003416278182036506,-0.009263319436845763,-0.0032893451271942867,-0.0078454692523452,-0.0218943000794495,-0.3947755321498181,0.02420107126722203,0.029117816375268696,0.9011066130587946
2022-07-15,-0.0022569948451087326,-0.008968664048114769,-0.008336727325601803,-0.009508491537167284,-0.019314401864738654,-0.49528373069873455,0.024170921226771534,0.02586193835603431,0.8670089207224301
2022-07-18,0.02714703460595145,0.028306317942879137,0.015626720323996864,0.017909330840105424,0.006277965626006125,-0.3139103475727126,0.024804281924941034,0.01561535127823856,1.3950539976168914
2022-07-19,0.0280752700799071,0.05296530984074966,0.0462536406377437,0.042998463576537395,0.034372290543862434,-0.07707649111808124,0.025294277991073127,0.013345433962058494,1.6785449705011193
2022-07-20,0.003830072971134981,0.05905237765699359,0.06021166099392134,0.04199616208610272,0.03684380894408715,0.05427634279697642,0.025103967544840813,0.012917811695176142,1.0636122525506617
2022-07-21,0.009078953158136687,0.040984296209178886,0.06587433597002167,0.04483435975657404,0.044015276470639596,0.16192329916839823,0.024316573776339744,0.01292063851389441,0.7925973942831258
2022-07-22,0.011380991775364502,0.024290017904636342,0.07951232259049493,0.04917615329757594,0.053802279399684454,0.21654292647691079,0.02340506091380046,0.012783332911912738,1.3143743072917098
2022-07-25,0.018291231690226468,0.03875117662372763,0.07065651967476992,0.05918746772804337,0.07038970385655355,0.33829491863203914,0.022444223598598465,0.013261119884565558,1.002879207768413
2022-07-26,-0.010456539296807772,0.019215684168783047,0.032124710298054915,0.03995236905044829,0.05677436943769529,0.30831169005848497,0.02284699414164224,0.013489444459332403,0.9141560597881381
2022-07-27,0.029038329472987748,0.03687302186640644,0.05733296679990775,0.05803178714248735,0.08318790737744633,0.4401822179593495,0.021743709270508622,0.014454948566173536,0.9096929851464812
2022-07-28,0.04314714526516242,0.061728935441342316,0.09140115890693339,0.08720348937092029,0.12295431404929681,0.6034390949358942,0.02268824204685666,0.01656666141769016,1.477769826525934
2022-07-29,0.00017275587082391097,0.07235823060897409,0.08019292300239268,0.07021392228224468,0.11422448682407685,0.6148510623840864,0.023585559093799245,0.015506143781527232,0.8180613455101179
2022-08-01,0.0020719395352962705,0.045391840671282505,0.06397363084746253,0.05813979096474278,0.1088221412333095,0.6964458922044239,0.0238500214614768,0.015128025525362495,0.7674656554389429
2022-08-02,0.009393047596743366,0.011637743002863361,0.08382321774101358,0.05577983257979554,0.11050879158287742,0.7973367610199688,0.024141392962196185,0.014630711114715431,0.7809872964327292
2022-08-03,-0.011514405862333656,-4.941873029417484e-05,0.04327048240569216,0.033370515122835225,0.08959019210076465,0.7135755821922038,0.02549333551051286,0.014909615293743664,0.5497568620373068
2022-08-04,-0.010050734570811102,-0.012172092836401438,-0.009927397430281332,0.014912479857354097,0.07094445580738658,0.6703476908793232,0.026846516820479772,0.015101224462448904,1.0035215714419834
2022-08-05,-0.003673221038812473,-0.02523836147195716,-0.013773374339917675,0.004662922337176444,0.05974989970087081,0.5683010178875583,0.026314089716263436,0.01526886053831399,0.8986130023473529
2022-08-08,0.07796470081729519,0.06424074520767167,0.062119386942081314,0.0723278458709134,0.13325789690310222,0.6319125927321787,0.02833821333615557,0.02199212864719911,2.7180768348910225
2022-08-10,0.0041823649551892515,0.07847384473367189,0.05690870430052713,0.06181202413158921,0.12540733785576624,0.6522039989252257,0.02914725970665913,0.02183083302574937,1.1592286218648842
2022-08-11,0.043388451020258186,0.1255355167927425,0.11181156118311895,0.0915088919821999,0.15905855655658144,0.6939743169528535,0.030808491489971446,0.022383385513436545,1.434624153834323
2022-08-12,0.002536157666871467,0.05010697364231878,0.12439845342080133,0.08148025926948972,0.14615615425106226,0.7019858233076971,0.03146984842188559,0.022405379799167492,0.8157344935734367
2022-08-16,0.011866407467538621,0.05779101615466813,0.13993808192715237,0.08037552771561782,0.1433518374084452,0.707048894225482,0.03226148142823363,0.022100208768086226,0.5824275832320761
2022-08-17,-0.002942435177426537,0.011460129956983483,0.05903094593243089,0.0641223674055551,0.12551378088772694,0.7967701081776067,0.03230977617893608,0.022203082388393733,0.5273642548501439
2022-08-18,0.01076906939932036,0.019693041689432405,0.06561765037656182,0.062465035567800316,0.12413246766852619,0.802436807400272,0.03213953780525104,0.021911299845564145,0.8350574637017765
2022-08-19,-0.027752713281701206,-0.019926079059807388,-0.005523513925397392,0.02272726549054577,0.08230570017682619,0.6724227144782094,0.03320689973707435,0.02359843260123092,0.8992483677490921
2022-08-22,-0.005590396074242145,-0.02257403995662306,-0.013650067666510961,0.006296536649646624,0.06623798372669945,0.5619951863766406,0.03379141343370357,0.02386629026849278,0.9355678558326274
2022-08-23,0.003916476936256194,-0.029426632419687106,-0.021599998197793357,-0.0010178999720969657,0.06084402280155887,0.4882073309856429,0.03384380454816436,0.02389550363801384,0.6478135853145921
2022-08-24,-0.009515746824473705,-0.011189665962459641,-0.028173309844840518,-0.013445246408836783,0.0428386369762923,0.4017115857523902,0.03430641400370127,0.02414864147620891,0.8096220477554484
2022-08-25,0.001509536131546299,-0.004089733756671125,-0.03743284311261439,-0.014660533198976464,0.036005618524942676,0.4626436470397607,0.033332259273774964,0.023817234603173663,0.7889761067360064
2022-08-26,0.023410854751176307,0.015404644058248833,0.013730724920262966,0.007848314951464468,0.052140188328634,0.5652436270297188,0.03291911057476359,0.02359334228029401,1.7387611893937254
2022-08-29,0.006991769370328257,0.031912160253051026,0.026312890364833346,0.013625177336286027,0.0528634386050304,0.6391850427370184,0.03460449164075617,0.02211036524150593,1.1938825725420346
2022-08-30,0.0026174079671861133,0.03302003208869056,0.025013821395763258,0.015929856686651964,0.04889445260342275,0.5832188685049294,0.03021976425507893,0.022081117349350206,0.6036207855488092
2022-09-01,0.0034362682424054834,0.013045445579919842,0.03796583646264255,0.01841517080391295,0.045750633507004715,0.5729354888392822,0.029773295571582082,0.022068890094354154,1.1056904825905747
2022-09-02,0.028423002520728363,0.03447667873031983,0.06487930285182443,0.04481309490765862,0.06789978962475225,0.57616710859087,0.028720723182177048,0.022601850632752146,1.8215692531307606
2022-09-05,0.003370231923563812,0.035229502686697604,0.044838680024211965,0.04212535771169556,0.062850504735103,0.5614938417270702,0.028136683859456772,0.02218403834102219,0.7831322832629017
2022-09-06,0.007083234342192449,0.03887646878648462,0.044930144996076296,0.04201291281415587,0.060957483325171036,0.5572589609033138,0.027169554781479224,0.021767321762932782,0.7999962889701159
2022-09-07,0.007903995750199273,0.018357462015955537,0.05021673277908942,0.042347854310248075,0.05940769668265914,0.5717974668514495,0.027183786138549982,0.02156275202492654,0.9144896371871711
2022-09-08,0.0034744499230125432,0.018461680015404262,0.05025491445969636,0.03681819680124146,0.05678883744333871,0.5535310104065946,0.026096314637275995,0.014385899927905364,0.45099241169998083
2022-09-09,0.004963408408346647,0.016341854081558367,0.026795320347314782,0.03255250401180448,0.05571479354827451,0.6960286134358264,0.02437204959136503,0.014381897289896738,1.1174109859940404
2022-09-12,0.07140725043887942,0.07984510877023852,0.09483233886263048,0.09317733918291939,0.12508918482285736,0.852357879727208,0.02645783496368175,0.01887813238795863,2.3356709607496264
2022-09-13,-0.00633210920378533,0.07003854964344079,0.08141699531665256,0.0724498370332184,0.1099353055777444,0.9223496457811865,0.026817017038943805,0.01910107096856457,0.8384381775587982
2022-09-14,-0.011032859430004512,0.054042281805089624,0.062480140136448814,0.048826117549135274,0.09119116546893544,0.8537715015385027,0.028104349988716665,0.019473576557684204,0.8289368556459341
2022-09-15,-0.009720075229777756,-0.027085043863567675,0.049285614983658375,0.02855862273998283,0.07462252414362328,0.7543568312790856,0.02937975826581771,0.019691574825324232,0.5730558206935454
2022-09-16,-0.024168174007936482,-0.04492110866771882,0.020154032567375153,-0.0006037609094539458,0.045032544497390095,0.6047926548528764,0.03202265065801482,0.020719277893886685,0.8199842165219474
2022-09-19,-0.0009263460496155441,-0.03481459528732994,-0.0521795639211198,-0.005674669271301061,0.03884422897659836,0.4900226557576235,0.03188967308279176,0.019400985375034055,0.8975604866481302
2022-09-20,-0.008114027574689806,-0.03320854763224194,-0.05396148229202427,-0.01633744445643182,0.025483427531747444,0.4138972503783694,0.03306082529118708,0.019481945305052744,0.7175348038697746
2022-09-21,-0.0026038823599273237,-0.01164425598423277,-0.04553250522194706,-0.020510367826201862,0.01823123467595566,0.29385659158441313,0.0335718765198362,0.019554308075265345,1.1133556908475406
2022-09-22,0.013314172992900232,0.0025962630582831276,-0.022498256999269047,-0.009979551941898633,0.02612712300502817,0.24758384387047813,0.03217596829635664,0.01935168122449816,1.1243924346411023
2022-09-23,-0.019792126368722737,-0.009081835735749812,-0.018122209360055236,-0.029572711360942115,0.001511334718495528,0.1562625320045538,0.033904280489589246,0.020166428167611307,0.7056554751568497
2022-09-26,-0.041504908088381975,-0.047982861464204406,-0.058700771398821606,-0.0587504413670966,-0.040513623178133965,0.026807351387305545,0.03886114735165069,0.022123101384950685,1.2816918099115664
2022-09-27,-0.024795726830955617,-0.08609276128806026,-0.07538247065508738,-0.07001146986970955,-0.06388076186686212,-0.09164101412805081,0.040957166459725323,0.022833654803184746,0.820239114377886
2022-09-28,0.0034335233240441253,-0.06286711159529348,-0.06934506497111603,-0.05608978267395791,-0.06056472771432775,-0.15730900763729622,0.04225302571760434,0.022839588866203086,0.6463922543519982
2022-09-29,0.010684298970798048,-0.010677904536113504,-0.07197493899321822,-0.036846300204808835,-0.05070151163182608,-0.1277669189580679,0.04245352694831198,0.02295601028471388,1.5869747439450794
2022-09-30,0.012897981967119979,0.027015804261962064,-0.03928483065737547,-0.018685977538912744,-0.03789187189878439,-0.34813707729384363,0.03773619518619261,0.02220348046995631,0.6832780820558809
2022-10-03,-0.02297116188792632,0.0006111190499919117,-0.020751084456919762,-0.0333045475985271,-0.058080799820359845,-0.5140193557469479,0.04011233940044656,0.022735286408030023,0.9478490010554474
2022-10-04,0.03279548312838192,0.0227223032075757,0.03684012550241774,0.002860764225433532,-0.02614961652679433,-0.3868529422996281,0.038605520004040335,0.02396039049787262,0.8208594222986968
2022-10-06,0.04459853059813441,0.05442285183859007,0.07800513277650811,0.04765197502709396,0.016956700263365966,-0.20313174769007616,0.03852844516605662,0.025963354637375223,1.3456161669386426
2022-10-07,-0.006604883549714427,0.07078913017680202,0.060715950255995625,0.04198303666765493,0.00947625009415615,-0.051761532656688584,0.036521585876414936,0.026016294277048383,0.878594315506974
2022-10-10,-0.01637505207662421,0.02161859497179572,0.03144291621225144,0.025887344742686315,-0.00663195482477384,-0.01972164444646765,0.0358227553787516,0.026271837385244592,0.6775425500299701
2022-10-11,-0.021280642758537388,-0.04426057838487605,0.03313343534164032,0.0030468173032702616,-0.022628982904534627,-0.0024596595693542156,0.03724608544239384,0.020499608345980337,0.6593172258845453
2022-10-12,-0.0036373990944507176,-0.04129309392961239,-0.0032994468811923024,-0.0038787306182125753,-0.021386784467440398,0.0372801297759591,0.03666001668337705,0.02049872813506242,0.8279799874118793
2022-10-13,8.464357450896627e-05,-0.024833398278479187,-0.04781333390481789,-0.006737224014594595,-0.01705308175316878,-0.011762045532147027,0.035491856467599656,0.020471253015727248,1.019630218855081
2022-10-14,-0.009962883892447864,-0.013515639412389693,-0.05117133424755141,-0.01750167208839171,-0.0225816450405197,0.013109336303561606,0.03519315345181981,0.020474749277991772,0.7037513990126658
2022-10-17,0.011465915062014,0.0015876747440750152,-0.023330367108913067,-0.0069689896383306376,-0.008834312102679459,0.196187258518748,0.03136545774354432,0.020198494235760055,1.2467395817203255
2022-10-18,0.04709770318062078,0.04860073435018694,0.04504797883024514,0.032834261864229324,0.039032694054159364,0.3775654519769029,0.03097604432889138,0.02304498619628825,1.7822088514531893
2022-10-19,-0.003233697435535923,0.055329920807098865,0.04545168048915987,0.02514355615475485,0.03548498478702888,0.5225534103066696,0.03200033556882696,0.02298100460328462,1.6929225743530956
2022-10-20,-0.008926693182103068,0.03493731256298177,0.03644034373254786,0.017215273395636655,0.026425746316762973,0.33972999141610216,0.032759958775845685,0.02306466207279827,0.9354299590251361
2022-10-21,-0.01874070059512478,-0.030901091212763937,0.027662527029871015,0.0007059002234707089,0.009167269980556213,0.22721711625951285,0.034643230640031386,0.0231942242879068,0.6365902640592852
2022-10-24,0.005148151475707528,-0.02251924230152034,0.02134476344356465,0.006072108144206006,0.014884364868159123,0.2969583532090587,0.03213461985283459,0.02284024027390627,0.18572764323914395
2022-10-25,0.03615082173961358,0.022558272620196315,0.010397882002557398,0.037271959808084607,0.048626467840230524,0.3244491473660935,0.03174679944598484,0.02208938200157742,1.2466660240652314
2022-10-27,0.006608055168636908,0.047907028383958085,0.02023963460673023,0.03726291720599128,0.0503419067112767,0.2771000432380022,0.02917844193095069,0.021073052582115122,0.8779480506205698
2022-10-28,0.0016647958377201532,0.04442367274597062,0.03083112362655343,0.03201524296708632,0.04697738793868117,0.16274733424715435,0.028849806617423947,0.021083511686726966,0.7859346013093271
2022-10-31,0.002136731380153271,0.01040958238651041,0.05170855560183154,0.026125155154246703,0.04455480390145394,0.26550911920935605,0.028501681497113455,0.021046115471458925,0.789383377918299
2022-11-01,0.0005137895734498717,0.004315316791323229,0.04707419369957372,0.019729213411561888,0.041083532050130926,0.2824390293442019,0.02712271857538014,0.02096638047476414,0.5997205471392851
2022-11-02,-0.01492506509780799,-0.012274544144204765,-0.004001693137847679,0.003979627715410808,0.0214125803188479,0.29070412530622036,0.02827095868971999,0.020497061932433492,1.1118761955176129
2022-11-03,0.020361729255965872,0.0059504537316077384,0.009751980949481116,0.021539314209927395,0.038655468679234736,0.30686594145649193,0.029293799402768873,0.019760339748047622,1.559189627626413
2022-11-04,0.006188779767212113,0.011625443925370087,0.014275964878973074,0.023242174298333994,0.04329498416565104,0.40658881347910436,0.02837812452890327,0.017277242187941258,1.3437993262745715
2022-11-07,0.012283019920865706,0.03883352894404361,0.02442225341968567,0.028081366238520734,0.053337346223055304,0.42046149795111576,0.02806061741142594,0.01731633342479018,1.319913535197578
2022-11-09,-0.03535116848603791,-0.016879368797960093,-0.011442704639802256,-0.01106290235062599,0.01504380960894656,0.23156623158633807,0.028672170974836906,0.018863312929154736,1.0594616632852025
2022-11-10,-0.02896633641075684,-0.052034484975929086,-0.02548397595275106,-0.03652802427575705,-0.015180806317840596,0.012221385290652904,0.02902858964308752,0.019425641640665906,0.8683442848558857
2022-11-11,0.019551860981931037,-0.044765643914863804,-0.02629384422678588,-0.0158922893386793,0.0018509699393118413,0.2373626266275501,0.029026944476395866,0.01980392472084041,1.435646140453979
2022-11-14,0.00448744990482059,-0.00492702552400513,-0.02799517408917742,-0.010114507804996491,0.0037233062193060347,0.2314271155234016,0.02833765575572765,0.01980063064891488,0.7865069001675952
2022-11-15,0.012986328052308517,0.037025638939060246,-0.027291865957734498,0.003113384148216775,0.01304968102918134,0.30562558551348845,0.029353718913815954,0.019694226565091254,0.8588800678593548
2022-11-16,0.06087618682392923,0.07834996478105859,0.06893548935223263,0.05976384700902927,0.06982271857536426,0.4765753244224402,0.029687408381488783,0.023445083609225297,2.764753421345154
2022-11-17,0.00044774347035454536,0.07431025834659237,0.09834956923334413,0.05239731396138904,0.06595491700071966,0.5221355535198845,0.030449021915677166,0.02140381252827564,1.0216735806815753
2022-11-18,-0.015062164076574997,0.04626176621770883,0.06373554417483797,0.03273033830073004,0.04643707279175183,0.4636123991450492,0.031634337243612656,0.02177336798546441,0.600136977419968
2022-11-21,0.01207145215524209,-0.002542968450978406,0.07131954642525942,0.04066035989640425,0.054419735281083584,0.4836409987508046,0.032446707243112966,0.02165507362431214,0.5663088733083548
2022-11-22,0.027771381223053285,0.02478066930172024,0.08610459959600421,0.06346682646015263,0.07674505387902902,0.5845011548624325,0.0326119193777276,0.02153388516306289,1.1292261489639404
2022-11-23,-0.00385460126399977,0.035988232114295554,0.021373811508074925,0.04977230516618357,0.06583858262345803,0.6519916478469434,0.03184198211817447,0.021662779549488764,0.6504969792405051
2022-11-24,0.0033964831205163595,0.027313263079569883,0.02432255115823684,0.04068863637176319,0.06440057618355377,0.6541178513905206,0.030350111084193117,0.020493602232102403,0.7011656444788511
2022-11-25,0.0013372905138718445,0.0008791723703884089,0.04072200574868378,0.031420418455538654,0.06106596154386436,0.6522413564904255,0.03041181974968736,0.020501111916817284,0.5575584603969025
2022-11-28,0.011284941585504487,0.016018715219892753,0.039935495178946116,0.031793654030012206,0.06778365968037818,0.6481704022103514,0.029711403513216546,0.020546469841470523,0.5945909472645026
2022-11-29,-0.0037719283570239715,0.008850303742352378,0.008392185598868984,0.01846935920779414,0.05883278864677373,0.6811433248938948,0.027778525812328297,0.020630250974450693,0.6033519525730621
2022-11-30,0.0006903324765320072,0.008203345705012547,0.012937119339400813,0.015681213139025197,0.05466294240840285,0.702855436410409,0.026637138211390927,0.020628456658644583,0.6892519280986389
2022-12-01,0.0004899813457855577,-0.002591614534706521,0.01003061756466982,0.012703789456178892,0.049549992911583275,0.6876005977063716,0.024887680560489248,0.02014319361998443,0.7379060873340666
2022-12-02,0.00681793794091175,0.007998251763229124,0.015511264991709689,0.013978504347719776,0.05176094290895507,0.7703507607016894,0.02400215943945207,0.019837688922734412,1.5124852585621533
2022-12-05,0.003256740715648446,0.010564660002345665,0.0074830641218537625,0.01251594544929699,0.050384476013450516,0.769275982114948,0.022917894554712197,0.01983681522051146,1.126237853244278
2022-12-06,-0.008950102418929904,0.0011245762376302347,0.0023048900599477668,0.0024239442211826507,0.03739946249739973,0.6028256623797494,0.01984684251492373,0.01996819916684825,1.1155195434236647
2022-12-07,-0.011613429506805406,-0.01730679121008675,-0.009998871923389524,-0.009438262261394232,0.02076184418757668,0.47693978818309374,0.01968661241945089,0.018162776609841943,0.7700409351566484
2022-12-08,0.009617660115445343,-0.010945871810289966,-0.0008711931537297386,-0.0007765907572476632,0.0241083987138004,0.6372078364254301,0.018858621470387364,0.016362780009526057,0.7606472686243427
2022-12-09,-0.011930795606851032,-0.013926564998211093,-0.0196199267014925,-0.01222574366564001,0.007097263551967016,0.510662241502597,0.019377737977564508,0.016563470080560357,1.0772966974216074
2022-12-12,-0.0025581379320653744,-0.004871273423470999,-0.025434805349206273,-0.012987888805008493,4.9746848715362144e-05,0.2959767538726538,0.018251998081663705,0.01665003369577743,0.82671333363168
2022-12-13,-0.0019920363270574497,-0.016480969865973857,-0.01847673925733382,-0.013367608282220726,-0.005678552018499759,0.1519160273524736,0.018095840483260153,0.016592813639290445,0.792963305246839
2022-12-14,-0.009032610722707649,-0.013582784981830397,-0.01589592047323605,-0.019724983435573048,-0.015026140501983353,-0.010339448969997136,0.018011169664114816,0.010026239179933932,0.8666692899380012
2022-12-15,-0.03020588512038055,-0.04123053217014572,-0.05571946570906205,-0.04359615409870479,-0.04330534201651283,-0.19704889240960782,0.01981717381620638,0.012141696886517063,1.4818503137344798
2022-12-16,-0.006685596755765087,-0.045924092598853244,-0.0504742668579761,-0.04337002833224772,-0.04904941190507996,-0.3772339387710636,0.020782748277338673,0.011774063196669978,1.3241590517495034
2022-12-19,0.02215778109704636,-0.014733700779099322,-0.025758347828864377,-0.016886007317652926,-0.02756450736639015,-0.2369978260578405,0.021956093358853575,0.01254063690600244,1.067461845989818
2022-12-20,0.004546681154366844,0.020018865495648352,-0.019219630347439967,-0.008644791582441743,-0.021825561342845353,-0.10522564337189905,0.02224907088907868,0.010764881706409584,0.95306002700332
2022-12-21,-0.02840709333583543,-0.001702631084422126,-0.038594112960567764,-0.031182054701790106,-0.04682446726228624,-0.24792785901575357,0.025108777323739968,0.012348971078790063,1.2360292541930356
2022-12-22,-0.02254064464825554,-0.04640105682972395,-0.03092887248844263,-0.044584179727216615,-0.06455739532136835,-0.4490141379805723,0.026982702812273336,0.013031625408682536,1.11400839043885
2022-12-23,-0.03418840699558213,-0.085136144979673,-0.05843168272825971,-0.06678241641300867,-0.09108264193810364,-0.6083002731416483,0.029850580034842908,0.014609499886430847,1.0868403175773704
2022-12-26,0.03523762580396005,-0.021491425839877506,-0.04535183802134592,-0.026375257940114454,-0.05433680199324431,-0.442999601142167,0.030805435153929358,0.01687674574672678,0.9869756900769366
2022-12-27,-0.0020003321094333483,-0.0009511133010552792,-0.05189885128514623,-0.021311424103124803,-0.052146762563318856,-0.25304414160848027,0.030976149888532263,0.01688515624653674,1.2378386246096977
2022-12-28,0.0011688683412683979,0.03440616203579516,-0.02232288960804248,-0.014099168183726078,-0.04693704241959325,-0.23729389949055815,0.031352970972533076,0.016893033331690118,0.7799405887388883
2022-12-29,-0.007353500479081496,-0.008184964247246462,-0.007135745438868412,-0.017592090761235742,-0.04945561133406698,-0.2394491190519068,0.029648020862089845,0.016866010871114757,0.8781761791443456
2022-12-30,0.009806104675296778,0.003621472537483714,0.036858766232010426,-0.005760091566235478,-0.03564528947685289,-0.14812556943782057,0.02957600538586608,0.016986523544509927,0.5882161186310048
2023-01-02,0.0036475810027766027,0.0061001851989918865,0.005268721430826889,0.001962138942515432,-0.027623980222090342,-0.05795105564280064,0.029905525435150647,0.016996239877773277,0.7037180141635949
2023-01-03,-0.0005710336310038809,0.01288265204706935,0.006698019909256344,0.006048376911971676,-0.024080482772284237,-0.0665982333902744,0.029857902269002694,0.01698569607267708,0.9419364672430439
2023-01-04,-0.022745362989237673,-0.019668815617464978,-0.017216211421249666,-0.012660230473421586,-0.041520148671147984,-0.04998388647346843,0.02999656828781776,0.017420143713716085,1.1672408161797898
2023-01-05,0.01191516598442235,-0.011401230635819219,0.0020524550422539815,-0.0003165058032097292,-0.025490887211501688,-0.03575059773218769,0.029574442015392274,0.01752678829321968,1.135218450752093
2023-01-06,-0.004509104003854648,-0.015339301008669922,-0.01226275363689728,-0.007214494532542804,-0.025717992162187,-0.055042514274205416,0.028675408270518867,0.01744146948056895,0.8704881978665601
2023-01-09,-0.0018012537392999473,0.005604808241267876,-0.017711588378973717,-0.007769994305550061,-0.023332765178754863,-0.17572759672748547,0.028584014496610913,0.01744607538843579,0.910441779565357
2023-01-10,-0.006652921654528605,-0.01296327939768317,-0.023793476402498456,-0.01267134732245661,-0.025449102530298084,-0.12871503537135653,0.026906530753622135,0.017446473370293092,0.8068785035085521
2023-01-11,-0.0059465185832511145,-0.014400693977079635,-0.006994631996511898,-0.016158726648375126,-0.027039393648500075,-0.1085260044019806,0.02558751521032254,0.017417066178122616,1.1971342007888741
2023-01-12,-0.006431414674366565,-0.019030854912146206,-0.025341212655300774,-0.020209189788779513,-0.030311082163194347,-0.062275462025620384,0.024020020356788407,0.016330183489511468,0.7848024157473825
2023-01-13,0.005659991945207868,-0.0067179413124096934,-0.015172116706238213,-0.011939857221006727,-0.022412855751235746,-0.09939952973109896,0.02120741849887331,0.016419316198380086,1.0173887911118553
2023-01-16,0.006011808510791781,0.005240385781633198,-0.007359054456146535,-0.00346711861885212,-0.013251403489803434,-0.17970266492625683,0.02104715455325802,0.015517896396082025,1.1111327264011714
2023-01-17,-0.008104998707677566,0.003566801748322125,-0.008811131509295363,-0.008262395662615976,-0.017325499712496688,-0.34452179796366805,0.020847864541400526,0.01544068797279377,1.0622339383680415
2023-01-18,-0.009361770106842783,-0.011454960303728471,-0.012226383032887058,-0.01562656276476905,-0.023605780392139234,-0.334682177912095,0.02176566499324964,0.01440140453915744,1.1816511802159537
2023-01-19,0.007386235908649586,-0.010080532905870809,0.0015912675501288916,-0.005959629918299486,-0.014950003585696873,-0.45833402886333485,0.021703038667916407,0.013799607564089392,0.930994190770623
2023-01-20,0.022873705966405606,0.020898171768212247,0.0188049815713267,0.01666484289574536,0.0064297689577661,-0.3926450299086159,0.021985026065524264,0.012511547841932858,1.3519191465606992
2023-01-23,0.005939667756394294,0.03619960963144939,0.01873284081692906,0.021539918451311053,0.012480238779810592,-0.25087135255330184,0.02163272011305479,0.009753848009464612,0.8994885705196489
2023-01-24,0.007753760261061745,0.036567133983861765,0.03459159978566837,0.026801100701746457,0.019911323925268554,-0.11898174318721175,0.020241516910276668,0.009894226422947367,0.6797219581733588
2023-01-25,-0.00908150117853669,0.004611926838919423,0.034871868713974546,0.015205450844168694,0.010770948207319256,-0.1280856505004161,0.020009694282493055,0.010117142769005742,1.1475008107482785
2023-01-27,-0.022503497487335752,-0.02383123840481073,0.004982135317989271,-0.00803020961916235,-0.010897074084387436,-0.2799544362614151,0.02235873718705837,0.011199766847330917,1.1773403052638505
2023-01-30,0.0025929235105227036,-0.02899207515534984,-0.015298647137893695,-0.005800861140062689,-0.007136877024155542,-0.28271033936919765,0.022926564876364342,0.010952446848364569,0.9261441256003942
2023-01-31,0.03242556646494749,0.01251499248813449,0.011187251570659635,0.02386554216273804,0.025330558560790112,-0.07572526015587613,0.023602473437344552,0.013267949399826317,1.615845739103985
2023-02-01,-0.07670725617541779,-0.04168876619994751,-0.07327376486582007,-0.048175941203676256,-0.04703556613410482,-0.2125513840055966,0.032615429873415466,0.021734636282927655,2.0667228686798094
2023-02-02,-0.003219676563622829,-0.04750136627409306,-0.06741194025090612,-0.04824892117697119,-0.04769608038426311,-0.245599090211295,0.03479822328920545,0.021261081752431587,0.7883828913510769
2023-02-03,-0.007175251049317025,-0.08710218378835766,-0.05208369381288743,-0.050727382694002766,-0.05121139978080799,-0.34440421669318366,0.0363599120574341,0.02100265036104682,0.5800584263594124
2023-02-06,0.026526509091478627,0.016131581478538784,-0.0281501082319314,-0.020971619912893803,-0.023774863857667205,-0.3164632153291393,0.0359283112721667,0.02204799824847123,0.7211969021766129
2023-02-07,0.009897550606417714,0.029248808648579504,-0.05067812409046115,-0.007279668053898363,-0.012676720435307588,-0.20204606992156657,0.03561566869785369,0.022207898110962628,0.6637055462812307
2023-02-08,0.0029420328573136157,0.03936609255521021,0.028971164942270138,0.00015608725541605952,-0.008850291396967894,-0.11597693173294545,0.035293860736989494,0.022192214472990756,0.5614257017347634
2023-02-09,-0.01065716506860997,0.002182418395121423,0.021533676437283118,-0.005827565174375232,-0.018225567708646046,-0.1586381658173292,0.03774837328952146,0.022273152040042123,1.50767886441244
2023-02-10,-0.0021200273991180876,-0.009835159610414495,0.026588900087482107,-0.005385029106598119,-0.019387207823029932,-0.3234059525696324,0.0377898414176035,0.022240303982003204,1.4177626842716198
2023-02-13,0.018124600579759786,0.005347408112031806,0.01818699157576326,0.013834471494713561,-0.0011289006712899778,-0.27026923379838425,0.038080232993887776,0.02260679146924818,1.2167997483332358
2023-02-14,0.008302888504956927,0.024307461685598723,0.01659232947430227,0.02592377332891561,0.007410920333895029,-0.24387962761164772,0.03790721890210339,0.022646350181342024,0.7638127871445074
2023-02-15,0.006161633614519798,0.03258912269923655,0.019811930231508484,0.02721604096966508,0.013121339564019811,-0.13983885624497902,0.037249975665060095,0.02260918222088515,0.6663409830927656
2023-02-16,0.07106789615605986,0.08553241827553655,0.10153699145617842,0.08896735879287869,0.08264545581228015,0.14642142263688115,0.03747090299951868,0.02740595633815288,2.2844482828138615
2023-02-17,-0.009878330213832491,0.06735119955674719,0.0937786886414639,0.06523730853541894,0.06795937584540182,0.3788556179328475,0.039151457207440295,0.02758247081104612,2.1508491705299178
2023-02-20,-0.01991903026804691,0.041270535674180486,0.055735057793657214,0.03651628837772677,0.04525496766483616,0.25575243019291094,0.03937176907411841,0.0276734596813182,0.5767726761718068
2023-02-21,0.013476001709718216,-0.016321358772161107,0.060908170998418464,0.042412117644302534,0.05734721151809185,0.4692164908073465,0.03287932158332288,0.027787828180191106,0.7025550573239745
2023-02-22,-0.02420132092153308,-0.030644349479861797,0.030545216462365705,0.012428185247634865,0.031743797314469246,0.44253877966565597,0.033351268105087276,0.02834662455970813,0.5247146600743958
2023-02-23,-0.0072934873146817585,-0.018018806526496657,-0.047816167008376,-0.0001849700882734977,0.0238365612221498,0.43312166768655574,0.03263401029361901,0.028318275888986413,0.41558070469534647
2023-02-24,-0.0028374424953509694,-0.03433225073156586,-0.040775279289894543,-0.008122803655481181,0.01952347174602003,0.3589587551555584,0.03210795687021673,0.027818446179604765,0.6255168823470616
2023-02-27,0.015508017362199195,0.005377087552166575,-0.005348231659648308,0.002417065474536257,0.03333799706429287,0.3604935324132799,0.03187894784120368,0.027997519384068543,0.7700740527601607
2023-02-28,0.00036906127482103936,0.013039636141669177,-0.01845517209454563,-0.0013752141774466783,0.033274439571252194,0.37349936263232164,0.032058641701776164,0.027067442956859727,0.9402546631916957
2023-03-01,0.04182368596702963,0.05770076460405,0.0475698347940172,0.033192597144028765,0.07053331835127069,0.49686971252534873,0.030657668165274453,0.021744744048730093,1.6382563532645198
2023-03-02,0.009750248544700184,0.051942995786550886,0.0646135706533991,0.04150575895705701,0.0734490102899222,0.6309519242241117,0.0302877326051196,0.021637623321714625,1.6728645039335097
2023-03-03,-0.00684861991737339,0.0447253145943564,0.06060239323137681,0.03230094433752557,0.05873986007693965,0.6358941309881405,0.03087662714848926,0.021626486712922346,1.0685624654676995
2023-03-06,0.006922424476427913,0.009824053103754666,0.05201680034560544,0.03456831010335355,0.05967736275913015,0.5606699325444657,0.030533197748185702,0.021134009475979543,0.6249113336327169
2023-03-08,0.05473195062001703,0.054805755179071595,0.10637968969080142,0.08281095115434813,0.10982228971108494,0.6351865304455879,0.03265645232627302,0.023778294738494164,2.2798570543269268
2023-03-09,-0.00019220790618037768,0.06146216719026456,0.0643637958175915,0.07033215734943579,0.10046271023522169,0.6080467599072091,0.028454661542097266,0.023825547002638888,0.704714227266474
2023-03-10,-0.004691754231621993,0.04984798848221465,0.04992179304126932,0.05318020211511805,0.08610032645515849,0.3841257569386238,0.027885295992421694,0.023614583002774556,0.8410814642089222
2023-03-13,-0.019831781211429828,-0.024715743349232218,0.03693863174721267,0.0226863002916322,0.05690909607706769,0.31464275590356633,0.029944843724654707,0.02435100021113475,1.004955887777932
2023-03-14,-0.0038198974406071433,-0.028343432883658978,0.02619630983017778,0.011037985240715696,0.046233028965335266,0.1900461144949756,0.03025067991269297,0.024342758178603287,0.5291524454951243
2023-03-15,0.0002337627051212749,-0.02341791594691568,-0.028301878084717985,0.003651190190168904,0.04029682024447431,0.3180644498375375,0.030244894065419716,0.024376927932833414,1.002968196451277
2023-03-16,-0.022013033190282957,-0.02559916792576882,-0.05012270336882056,-0.01956194290441455,0.013099320173079104,0.2805954793227102,0.033196481757276665,0.025169913686729075,0.8520525210650847
2023-03-17,0.02760196580710831,0.005822695321946686,-0.017828983330090375,0.004678915155452945,0.03887116297467459,0.3829928628670504,0.03415439236582115,0.02059018597756339,1.2806065614915152
2023-03-20,-0.04945878918932691,-0.04386985657250163,-0.04745599130798746,-0.04283481984363527,-0.011712954275031485,0.24740831474549893,0.038856589187109415,0.0235292974208442,1.2728956889879839
2023-03-21,0.004037413334880381,-0.017819410047338374,-0.03959868053249993,-0.037714752933068495,-0.00932295821804951,0.15809986208915747,0.03949386830025557,0.023041682395614216,0.8125341224345178
2023-03-22,-0.011646968679254558,-0.057068344533701104,-0.0514794119168759,-0.041284304165960774,-0.02118307368385066,0.0771906436591037,0.03848913051411839,0.023048608898259267,0.45241133246295756
2023-03-23,-0.05017514932251913,-0.05778470466689338,-0.07964152804911202,-0.07653418147104982,-0.06830341501062714,-0.18292393733317552,0.04274450607480583,0.025144623614382904,2.3387868327322634
2023-03-24,0.028102953738847032,-0.033719164262926586,-0.07914054011737318,-0.04093852330843058,-0.04254738179294237,-0.05335954213936333,0.042606905551383904,0.025904520503882415,1.6956966361026689
2023-03-27,0.023690059188600794,0.0016178636049287755,-0.005991691739445483,-0.012623454223264465,-0.021663168573243182,0.06076719729502088,0.04368238815026322,0.026379042807817634,0.968945105241443
2023-03-28,-0.00022839345668281458,0.05156461947076498,-0.010257498531008711,-0.00784220541295471,-0.023222172643661807,-0.026479368561596175,0.039353922547125095,0.02619540238262914,0.6002807227367335
2023-03-29,0.029354344004622574,0.05281600973654038,0.03074381415286837,0.02390548573191091,0.00306406537657943,-0.0205517542768024,0.039276877837268534,0.026925944856779363,0.48462884906214604
2023-03-31,0.008955911591688369,0.038081862139628,0.08987487506707598,0.03203115397660022,0.010851008920059002,0.13702795563270415,0.03999918363561519,0.02538189142282404,1.095862189951127
2023-04-03,-0.006870744750182413,0.031439510846128484,0.05490117657804641,0.027548719452983546,0.0035354551333608027,0.17778804121098205,0.03830498213954432,0.025360115491457412,0.4832767399947144
2023-04-05,0.0034412272990274693,0.005526394140533346,0.03465234468847302,0.02809576318832545,0.006084016865852373,0.17570975064047048,0.03788817820423693,0.025309803617219503,0.6676967506484628
2023-04-06,0.016795842148954437,0.013366324697799418,0.051676580294110284,0.04109306264877251,0.021680770547622363,0.1732730743474194,0.03637418589816494,0.02552865214490772,0.8653406603978067
2023-04-10,0.017317649019187416,0.03755471846716938,0.03963988530867531,0.05170783305919635,0.040038373572493124,0.25077562815305965,0.033965255409419304,0.022620059966407258,0.5999402248833297
2023-04-11,0.0029605709308290354,0.03707406209897103,0.03364454464781594,0.04205405534613798,0.043462967949174994,0.21364579770016348,0.03156003353547375,0.022633078997097447,0.6428855907039942
2023-04-12,-0.0046131020847059445,0.0156651178653105,0.03590218731329243,0.028002217517445627,0.03899419472610679,0.28132580601646223,0.02852013047726696,0.02263228480388479,0.5309035100873932
2023-04-13,-0.0023504080561113027,-0.00400293920998814,0.030110551958153774,0.019034905897806546,0.0359509011003518,0.3237112240785382,0.027339448965203426,0.022171473182655416,0.5374826573872897
2023-04-17,0.009403389047710167,0.002439878906892907,0.022718098856909442,0.021131666023680894,0.04441457491118843,0.3763168771711571,0.0267821106854935,0.02223089025780087,1.107500336639885
2023-04-18,-0.0008127201260400637,0.006240260865558752,0.004587729711681809,0.015818066323691145,0.04230336520414062,0.7058642515392108,0.02415921598872697,0.02223458209284156,0.9180915166150547
2023-04-19,-0.0028493342499615383,0.0057413346717085905,-0.0012221754691086773,0.00966506566499178,0.037087167026841096,0.5881936083355686,0.022168422503936438,0.0215862035483443,0.776870883438572
2023-04-20,-0.01606194691204973,-0.01972400128805129,-0.012671020296452408,-0.008684353264104817,0.02061512512451787,0.44330846782541644,0.02144158707312926,0.02107675421227747,1.1954555353150462
2023-04-21,0.0020870490811669496,-0.016824232080844298,-0.008233563159174243,-0.008744103350551913,0.020176431089500013,0.30801244440611586,0.022120938123316655,0.01757823699545936,1.0451218830826081
2023-04-24,0.015568720361764384,0.001593822530881735,-0.002068231845119835,0.004741755282864627,0.03296280183038205,0.26010830740468366,0.020903286602323507,0.017817869785754305,1.144620495483068
2023-04-25,-0.00040707453049997105,0.0172486949124315,-0.0016625862495798305,0.004038296592573177,0.028788011443414807,0.06779597418453222,0.018247554572819624,0.01750260945681572,0.8375269315733493
2023-04-26,0.005842441069984615,0.021004086901249098,0.007029189070366451,0.009331280701971987,0.028361389162074303,0.2459147732825862,0.017798062461477616,0.012073278303984957,1.1886897475889964
2023-04-27,-0.0007218653312814161,0.004713501208203392,0.022369270651134605,0.007622082292320745,0.022595450015248528,0.34604325475033193,0.016761735488114722,0.011029862828330031,0.6978776498518999
2023-04-28,0.028217906325809148,0.03333848206451253,0.04850012789577695,0.03223759833159391,0.04637511880907656,0.31703352300164056,0.01690442561504852,0.011470787323633807,1.5436583550934853
2023-05-02,0.006178985929341164,0.03367502692386883,0.0391103934633536,0.03472741683317444,0.04704817391148314,0.30759396690326524,0.0162375242021434,0.011398935527614734,1.1401321504945203
2023-05-03,0.022679289545485457,0.05707618180063584,0.06219675753933911,0.05192237650033832,0.06539103878140787,0.39383459229042556,0.01762960369692867,0.010744909284045923,1.9052054517686823
2023-05-04,-0.01537188934895717,0.013486386125869462,0.040982427120397055,0.030870181694790118,0.044903061768610246,0.31986501214662155,0.019449586951409664,0.011641498723525576,1.0019507701643044
2023-05-05,-0.0052505293601885885,0.002056870836339715,0.036453763091489955,0.019499372202632516,0.03519284436313734,0.31230062765426764,0.019959537559354378,0.01156711079382136,0.46205747246228096
2023-05-08,0.00489574207181679,-0.01572667663732905,0.013131598837497604,0.018267407484521183,0.03595629628665824,0.20237530259523595,0.019784809295544818,0.011567305445102816,0.5063786984699589
2023-05-09,-0.01515407815270212,-0.015508865441073917,-0.008201465244545755,-9.946098292760511e-05,0.017766331480258562,0.09359116184497139,0.021291567667754786,0.01193306801182553,0.6516286815183087
2023-05-10,0.013665931646462461,0.003407595565577023,-0.017214823143568682,0.009159465571931051,0.029286664977151752,0.18075999464055742,0.021210500113729724,0.011721734006747246,0.8258953378410165
2023-05-11,0.021414729203250868,0.019926582697011225,0.019571795408639438,0.024795296740894975,0.0480282173693888,0.3339660482646849,0.02078003965599269,0.012470958439073426,1.708480005519124
2023-05-12,-0.014819302801003135,0.020261358048710314,0.010003021967824736,0.005113537312807339,0.02970850828654919,0.23641682867138172,0.02179160536088979,0.013009760689931413,1.7605898865175544
2023-05-15,0.016805217251610844,0.023400643653858594,0.021912497147618837,0.018562092877722317,0.04319683836758291,0.25973503946390053,0.021367049857367284,0.0133116472922267,1.0832264506404559
2023-05-16,0.02365696413672803,0.02564287858733578,0.06072353943704916,0.03740942935118353,0.06330475387699665,0.32832159118556176,0.02236331358354374,0.013993465598559232,1.4395427585600864
2023-05-17,0.011925089243117856,0.05238727063145677,0.05898269703370451,0.045365152225199566,0.07046004202988847,0.3621592550693012,0.022612183120893976,0.014029806510228986,1.05268067183862
2023-05-18,-0.01284586438370546,0.02273618899614054,0.024722103446748127,0.027428302201205308,0.051896141333669064,0.3067780878053833,0.024158149927085995,0.014498714074874039,0.7426548757893302
2023-05-19,-0.006680481964672659,-0.007601257105260298,0.032860924283078546,0.016235727882540064,0.03964073258634438,0.19443390225150325,0.023831999298434794,0.013935353559496806,0.5768880954496742
2023-05-22,0.008424331030257842,-0.011102015318120344,0.024480038061725704,0.020093783185140504,0.04283837506462002,0.18599779441082007,0.024105687020825998,0.013935662531742117,0.6048589332774074
2023-05-23,-0.017215813504289648,-0.015471964438704456,-0.01639273957929208,-0.0016583312053757516,0.021245118973865478,-0.009244963301994886,0.023995550568448626,0.01458958085153434,0.9053073178090524
2023-05-24,-0.014931624424854477,-0.023723106898886317,-0.04324945324726451,-0.01796220290451075,0.0031368221118898637,-0.014773137332811643,0.023473563842929892,0.015158432442745165,1.33929194035166
2023-05-25,0.004471444911405022,-0.027675993017739164,-0.02593214395215405,-0.013443413288756747,0.004715777348744837,-0.05505612407106483,0.023449392847589633,0.015148168477663333,1.2217445742588708
2023-05-26,0.0018227537142760752,-0.008637425799173442,-0.01742890827320532,-0.013137165189819132,0.003517891624001659,0.07172711831924261,0.024081900215795673,0.015126223151909335,1.3201312779161476
2023-05-29,-0.002154566009164801,0.00413963261651616,-0.028007805312627962,-0.014918322607903585,-0.0001949734754160793,0.034821251428283656,0.023224895329243146,0.013950078406318869,1.0146427304975243
2023-05-30,0.02892697689666114,0.028595164601772277,0.01813498508832267,0.013814311575089604,0.026359194556242048,0.14442886544330677,0.023869396525538836,0.015215145359289806,1.711743701807258
2023-05-31,0.004791593818885753,0.0315640047063821,0.03785820333206315,0.01924503368442862,0.029392715867918365,0.500828854634932,0.02564353279612364,0.014488088384786072,3.43091671142714
2023-06-01,-0.011713980462913528,0.022004590252633405,0.02167277795774454,0.007808624819089625,0.015377742443922341,0.5141277717872961,0.02526983307627731,0.01428126579144469,0.3145463693651081
2023-06-02,0.027911552696826155,0.020989166052798477,0.047761576940294787,0.03313549652973232,0.04028450288718661,0.5224931516643474,0.025313807153674733,0.01528479496306287,0.38700981540799684
2023-06-05,0.03582536890311516,0.05202294113702795,0.08574151185257486,0.06442476989647536,0.07251091244719662,0.5399086559995748,0.025712991085048775,0.016896179047247335,0.637157370161107
2023-06-06,0.03871097860975471,0.10244790020969625,0.09552551356566852,0.0934394069957152,0.10583445684003401,0.5596930888250075,0.026503974482010462,0.017751325276800897,0.6132257082707805
2023-06-07,0.021721829083102613,0.09625817659597269,0.1124557488298853,0.10029128163960888,0.12043180262184525,0.6524046148873779,0.026534469107776373,0.01797899440967306,1.4630725269482716
2023-06-08,0.011218220087359277,0.07165102778021668,0.1353879493801581,0.09499482887722327,0.12388311701664943,0.7037536252807826,0.0263508494508281,0.017730452734989133,0.776062906278073
2023-06-09,0.05662429299279238,0.08956434216325425,0.16410068967612434,0.13370508463210803,0.1751501362766802,0.753026143097419,0.028711875879362764,0.01998821525769329,1.9367983123339254
2023-06-12,-0.01262988836272984,0.05521262471742189,0.11564543241027918,0.09707462333270347,0.14843993472819864,0.8110762842041589,0.03036253613964275,0.020639597656585233,1.1764988885081014
2023-06-13,-0.012791582542827095,0.03120282208723545,0.06414287125769726,0.06609013383977136,0.12434200289417961,0.7738184809723271,0.03071514291961575,0.0209668693369343,0.5035875540159371
2023-06-14,0.020776307364393176,-0.004645163541163887,0.06319734953898778,0.0697145504561859,0.13772257466232535,0.8225955426608746,0.031017863847831794,0.021145168052704114,0.6366671703378081
2023-06-15,-0.0021553212669117028,0.005829403554654229,0.04982380818471684,0.04848946411552823,0.12470555066404512,0.8229755549527105,0.03079003187563452,0.0207074104924496,0.36765111531387973
2023-06-16,0.03631065211658556,0.05493163821406702,0.029510167308509916,0.06684306671187039,0.1528067093795051,0.8747985772622358,0.03197071713014145,0.021213982505701712,1.3382366769035214
2023-06-19,0.01258738562466228,0.04674271647433615,0.054727441295902235,0.06237729009735338,0.1536744331390435,0.8774583731108336,0.03162310379548795,0.02120576570222525,1.2442119082757743
2023-06-20,-0.011547378694658713,0.037350659046589095,0.05597164514407064,0.0378442982942407,0.12703244272505923,0.7253691429725978,0.031006749889827163,0.020837789452164857,0.9187862342350845
2023-06-21,-0.007393422099798418,-0.006353415169794823,0.027801915679879167,0.021049907496694876,0.10547256511579453,0.6841346159471988,0.03261667518660703,0.02039440020829399,0.800527510244514
2023-06-22,-0.01580350117967031,-0.03474430197412743,0.014153735767120477,-0.00118069895387352,0.07652421393055982,0.5823375692404227,0.03291494402380262,0.02127657971449938,0.8246828262427126
2023-06-23,-0.03240372680115138,-0.05560065008062006,-0.05456064315061654,-0.03064967767550017,0.03302712119991174,0.37310065959886457,0.03558723188209452,0.023334869697542875,1.7459781864536514
2023-06-26,0.016481720406667993,-0.03172550757415368,-0.05066630836861081,-0.014934161665932434,0.040051706062376145,0.2370490358058342,0.034685131821708945,0.02322351159205438,1.1037357018441702
2023-06-27,-0.010852888820845142,-0.02677489521532849,-0.04997181849479707,-0.026134826545389768,0.020808076276340074,0.2246993277042634,0.035159220308721296,0.0232452160697595,0.862739164523184
2023-06-28,0.016470554523905563,0.02209938610972854,-0.026107841871093128,-0.010127784805163196,0.029082961747680165,0.22885096588786497,0.03484107163907749,0.02329951204382051,0.688047344876469
2023-06-30,0.018791217106430412,0.024408882809491033,0.008486876415007673,0.006376601777847308,0.0383860766143694,0.13284035826115884,0.031332513353968604,0.02287591362993015,0.6852887099785234
2023-07-03,-0.005937183589842766,0.029324588040493288,0.034953419626316165,0.0024049263945712454,0.023800325084546877,0.03754115117914338,0.029559097757941515,0.022763432814275408,0.3777480052965594
2023-07-04,-0.012800196885344286,5.383663124322772e-05,0.00567150233430382,-0.0058161383551769835,0.0047950965540393565,0.06949428866019872,0.029921662052994943,0.022305972541927347,0.49753166652292036
2023-07-05,0.003432898721160462,-0.01530448175402681,0.01995728987630919,0.0006442632541450798,0.003889935312355987,-0.026238732385994154,0.029038836268852383,0.020959735008892987,0.6993799845805988
2023-07-06,-0.0010312141529397727,-0.010398512317123762,0.0024555211994639102,0.0020102251174796987,-0.0004091784821768508,-0.0333069254019523,0.02904486652236199,0.020590295015991723,0.9020421883703068
2023-07-07,0.007596260417175591,0.00999794498539617,-0.008739435489790904,0.00967648829747366,0.0040910520309618,-0.09839414992726901,0.02685673469093314,0.020533459601056816,1.6954077994462595
2023-07-10,0.004498376391542993,0.011063422655778815,0.0016961244915948415,0.01054034265957308,0.008031762714514182,-0.17849601433507276,0.025859506755250374,0.016256299021154372,0.9494737140219726
2023-07-11,0.036656501038737944,0.0487511378474565,0.05115282241567712,0.04223530591285069,0.0424488528387334,0.04528413492271156,0.026196886071079728,0.017809869911758237,2.191023866637499
2023-07-12,-0.01896639320320487,0.022188484227076095,0.02875353049131194,0.017705999223876005,0.020086071212429817,0.0493136608600706,0.02648199872675977,0.01814912865730398,0.9461988943356608
2023-07-13,0.0026370577874808405,0.020327165623014093,0.03242180243173264,0.016836890998908092,0.02090481790342773,0.07031510300890219,0.026340899964400758,0.017646402741751138,0.7656782929237944
2023-07-14,-0.004498939714084051,-0.02082827512980806,0.020326602300472865,0.011093373931647449,0.01458730961104758,0.2208809432610596,0.02371922337026616,0.017681995639843646,0.7257556370988579
2023-07-17,-0.005488518914421708,-0.00735040084102487,0.010339706994508239,0.0043509158931925055,0.009421033425925245,0.43788966360774995,0.023276946071895805,0.015740958228294005,0.7851473697265462
2023-07-18,0.009013987615355327,-0.0009734710131504604,-0.01730280642887439,0.0100380874796983,0.01914275724638629,0.4003923061701482,0.02206071414154137,0.015605739886047527,0.6984034243182482
2023-07-19,0.0027622113396595298,0.0062876800405931455,0.0044257981139900334,0.009495127995408551,0.02179675755123661,0.3692508745826274,0.02120526876717972,0.015402051480767315,0.7131054016480375
2023-07-20,-0.006222544918607261,0.0055536540364075964,-0.00443380459209818,0.00046280182774333643,0.015235317369363227,0.25827508821165834,0.0203258506674097,0.015374036340444392,0.5636392873142114
2023-07-21,0.004550505535742898,0.0010901719567953034,0.004615640657728755,0.0025437338187023146,0.018598956092486213,0.26790052306929396,0.02037440593835265,0.01492485776350434,0.9985742214392426
2023-07-24,0.007959129145574985,0.006287089762710597,0.0180632887177254,0.007703248576014243,0.023429421121041412,0.36140276961596274,0.020192662284982246,0.012699999605685224,1.1716083447736425
2023-07-25,-0.012665992185570688,-0.00015635750425295578,-0.0036166910832005567,-0.0028824274282048825,0.00875082990513629,0.37990991641190164,0.020784257127490786,0.012774200718952177,0.7358699873473425
2023-07-26,0.005783075919265005,0.0010762128792690482,-0.0005958265035952747,0.0025163469739708,0.011973735159537756,0.3182368156208875,0.020359893370749848,0.012444643187773987,0.5211536669462306
2023-07-27,-0.0014653772120475654,-0.008348293478353414,0.004161341202964356,0.0010756661673098369,0.008758355756089842,0.21273503777556002,0.019594438426296944,0.012034017190017388,0.6451764967572511
2023-07-28,0.01954586865019459,0.02386356735741197,0.01915670431741599,0.018392782481008684,0.026834534514213946,0.2374106533319079,0.02028686719402005,0.012091373675268913,1.8997390859448517
2023-07-31,0.008237819675622737,0.026318311113769758,0.01943539484746382,0.02295090544936237,0.03274467907801773,0.11283034183539713,0.01834170672776597,0.012031248564492773,1.4411790816173733
2023-08-01,-0.024428354273970353,0.0033553340518467953,0.007673032759064116,-0.002138597614411118,0.005936554150954271,0.1742918888146835,0.01880636953120026,0.013046488057647512,1.0460784656046527
2023-08-02,-0.03314894346805058,-0.04933947806639813,-0.03125898662825125,-0.03164876510838085,-0.026925218644460954,0.20893511733569484,0.02087458894921783,0.0152053153830239,1.047668616388565
2023-08-03,0.007114043039762126,-0.05046325470225875,-0.022679566376441463,-0.022954309768841594,-0.02043044428170439,0.25889221387126216,0.02072092317393704,0.015283256740171823,0.7215132607490237
2023-08-04,-0.004403684804411035,-0.03043858523269943,-0.04662911983104709,-0.024604682861161263,-0.0246141806887672,0.1999920313005866,0.019866655775361605,0.01522434650524685,0.6135274378006959
2023-08-07,0.0005465384628177562,0.0032568966981689432,-0.054320401043852065,-0.020678481481061228,-0.023771169052514793,0.07517063763965524,0.019329423810513217,0.015186760826314863,0.7249785471190405
2023-08-08,0.0062965799875807655,0.0024394336459873677,-0.023595466782301032,-0.012931378133449661,-0.01579056610282159,0.03792825776626984,0.019435109464604035,0.012591347617538913,0.6334632940738478
2023-08-09,0.012763384669394279,0.01960650311979269,0.022316861355143793,0.000646276521217888,-0.0028934983054267924,0.15194155376086044,0.019667711703636268,0.012316096162463205,1.1442467357046375
2023-08-10,-0.008561126245115522,0.010498838411859432,0.006641692070266073,-0.006289934521439482,-0.010589187711266363,0.10796311652784396,0.02022488317311187,0.012431670988489288,0.8075864927401906
2023-08-11,-0.0001714233120766746,0.004030835112202078,0.010873953562600585,-0.0028538964290938515,-0.010168584033616045,-0.10197376475042702,0.02092360880311409,0.012401810798672294,1.8070237896620263
2023-08-14,0.022908938575570952,0.0141763890183788,0.03323635367535367,0.02247613894229655,0.011934872916974499,0.08145445730370056,0.022284765833140596,0.013398146618988646,1.7169198031031137
2023-08-16,0.005476183618140675,0.028213698881634944,0.03241595730591381,0.027163402288785367,0.016829756866988056,0.1713829609369752,0.022944167548122382,0.013307327446586963,0.803582886140924
2023-08-17,-0.00795426998308926,0.02043085221062239,0.011698302653430205,0.01556449049876959,0.008663910264916995,0.25638427084173687,0.023772600014306457,0.013432702035862689,0.6914820501173593
2023-08-18,-0.021222499031742507,-0.023700585396691114,-0.0009630701331967876,-0.0063206650495599825,-0.01188646078137466,0.08530942713296881,0.024001544889667745,0.014201514338862563,0.6835539871779919
2023-08-21,0.008634815002519529,-0.020541954012312253,0.007843168181399364,0.00043734733347854847,-0.0028803742035363785,-0.07069732102036895,0.02347738168057129,0.01430906985544513,0.6238122480281563
2023-08-22,0.018308806535699024,0.005721122506475809,0.003243036141527368,0.015217336596639744,0.015461699602631012,0.11322719712304646,0.022464989958692786,0.01480720030740919,1.439417268329299
2023-08-23,0.03525753174024906,0.062201153278467605,0.033024384263635756,0.04469048285283471,0.04923693272403406,0.4150692000265508,0.021770013432619816,0.016425273479849303,2.5321677596774346
2023-08-24,-0.012692013928843306,0.040874324347104724,0.028286640317881744,0.027361283509571222,0.03436642090770161,0.6069438476492146,0.023614116396468057,0.016745877970739398,1.8042881427260544
2023-08-25,-0.013979664801844136,0.008585853009561578,0.035529474547780125,0.009623827933109579,0.01905283003665981,0.4545883311118959,0.02517901571733735,0.01709472887970014,0.7703967705357311
2023-08-28,0.0012395246322724387,-0.02543215409841504,0.028134184177533144,0.007277839816222606,0.020305190407527533,0.42878457344102344,0.025601721940937877,0.01652593439834229,0.46892831042304967
2023-08-29,-0.004582297145159607,-0.017322437314731248,0.00524308049667447,0.0018239274160724123,0.01629483012904003,0.31958210690043304,0.025739414370169876,0.016438444183881365,0.6041840643144103
2023-08-30,0.002037765212706242,-0.0013050073001807919,-0.02797668603086828,0.003360347061991543,0.01765425945587851,0.3279784186536284,0.02539230452508638,0.015457843437518305,0.6422051740025104
2023-08-31,-0.0012811520189965466,-0.003825683951449896,-0.016565824121021592,0.0009069957443280075,0.014047567865520066,0.22502395772847947,0.024967729691809774,0.013273974907764021,1.066831851984347
2023-09-01,0.010571355817341454,0.01132796901105112,0.007985196498164126,0.007205721965192935,0.022309684679672866,0.3572718876974068,0.02421761016370178,0.013362366110154377,1.014912052444408
2023-09-04,0.006196198749378337,0.015486402547723287,0.012941870615270096,0.009349233122932498,0.025602139418062334,0.3458031606831321,0.022290640497432585,0.013285809560673146,1.0826143228776601
2023-09-05,-0.003384143994465431,0.013383410572254596,0.014140023765964163,0.004000450972588476,0.01930693256703322,0.2776291582206227,0.021609292108041793,0.01335275644720632,0.5100640990815737
2023-09-06,0.009216444549100464,0.012028499304013467,0.021318703102358307,0.013982905151284572,0.025732729342803348,0.28085587242956706,0.021071732673081395,0.01340892190902731,0.775923255562205
2023-09-07,0.012653276461958744,0.01848557701659377,0.035253131583313765,0.0249460296892411,0.03572857895270724,0.38953373889562415,0.020414899044885124,0.013404697922178552,1.5404431779406056
2023-09-08,0.016033111352524058,0.0379028323635831,0.04071488711849599,0.03638079554770757,0.04806200064850276,0.4815694619122965,0.02088958120881045,0.013422794095873764,1.5139056695361486
2023-09-11,-0.005581128733394991,0.023105259081087716,0.02893755963572272,0.02627465155678571,0.038176600865912035,0.4807586967245763,0.021303488314283664,0.013568457440513418,0.8982688968117524
2023-09-12,-0.03537481487132951,-0.024922832252200593,-0.0030531112411413793,-0.010475768529100267,0.0011210255387999039,0.29461269333242457,0.022324150038576383,0.015404108347919864,0.9234388216080108
2023-09-13,0.007457915127924396,-0.03349802847680012,-0.004811640662317451,-0.004692867258753905,0.007531720962323774,0.08058319587308788,0.020751399766480307,0.015440891072388711,0.702013174363241
2023-09-14,-0.0030523280974056022,-0.03096922784081066,-0.02051724522168173,-0.00916442004122262,0.003145653895150152,0.21198679745865945,0.019418099599942718,0.015328473764101323,0.4177217181420728
2023-09-15,-0.002668902065318958,0.001736684965199864,-0.03921925863952467,-0.011951259120182542,-0.001725930909393864,0.24713500233291796,0.019072828184239145,0.014427149344984697,0.6015573067077672
2023-09-18,0.009065500049882637,0.003344269887158205,-0.024572629856247093,-0.003386164646585027,0.005116060628254212,0.4342740989170389,0.020866798530158805,0.01443749793615892,1.8814676552710035
2023-09-20,0.002256650574779851,0.00865324855934337,0.013058835589862384,-0.002126954538180378,0.005919427179144712,0.2606840482047481,0.02138956779512995,0.013936556724025785,1.4572977242703637
2023-09-21,-0.01951233605487914,-0.008190185430216806,-0.013911415592941243,-0.0195958183630508,-0.012265790508309737,0.28226741412596196,0.023088019155641588,0.012223656253512433,0.9111179920845078
2023-09-22,-0.011675714344429657,-0.028931399824529094,-0.02253480183996543,-0.026827584143005075,-0.02255444928153096,0.1551490302800265,0.02382058909339124,0.012175688871627038,0.8104251964463204
2023-09-25,-0.0038834970193533792,-0.0350715474186623,-0.023749396793999913,-0.02445316520499164,-0.02566133390890743,0.008667856871050787,0.023860473041672207,0.01182293384932451,0.823110749518872
2023-09-26,0.004180534084879355,-0.011378677278903725,-0.02863436275900311,-0.01509363048367488,-0.021033967766074024,0.10667381341490198,0.024130881591726983,0.011866711287538842,0.9496564409309003
2023-09-27,-0.008678349914256553,-0.008381312848730614,-0.0395693632480395,-0.021036097340634052,-0.028760473499408124,-0.007641128257367597,0.024415658566529937,0.011974524487270747,1.0586806304128267
2023-09-28,-0.015599004615071988,-0.020096820444449274,-0.035656031808232284,-0.03144473051255614,-0.04225414791016849,-0.19148675784593563,0.025418636425928787,0.01239867755606852,1.1693683210014294
2023-09-29,0.0204339209354869,-0.0038434335938415747,-0.0035463965283156723,-0.008860728608469298,-0.021936888822440347,-0.28898346354285026,0.025062866862926077,0.01334745061289991,0.7020960524868796
2023-10-03,0.014877241429340294,0.019712157749755172,0.015214341920378084,0.006863136050941209,-0.006929017485690796,-0.2743950013575342,0.024170840362504147,0.013569453305456666,1.178314834724008
2023-10-04,-0.021068045132642675,0.014243117232184513,-0.010034237297144024,-0.010280671829912418,-0.025979583370880324,-0.2700428041068467,0.024127275377559303,0.014230400058021514,1.0514257636647755
2023-10-05,0.014300393566504447,0.008109589863202078,0.012944506183616965,0.00670151223620987,-0.011131966932172766,-0.11973412012651238,0.02399783041535257,0.014664058401247057,1.1039623117447253
2023-10-06,0.006282073461672073,-0.0004855781044661042,0.03482558426036126,0.013130859409099225,-0.00392166642489794,-0.10596991184217729,0.023710612510969422,0.014572634712873123,0.6443986987769209
2023-10-09,-0.018184853891537987,0.0023976131366386048,-0.003793190566663724,-0.0043966122132738815,-0.019392895725528093,-0.10661519867381727,0.024949873043003827,0.014685486227019968,0.5376296111918634
2023-10-10,0.019896002631657504,0.007993222201791694,0.0012255706356532963,0.013931209074972042,0.0027012353506232533,-0.17289891927106596,0.023184332612917913,0.01496507603475352,1.1335874663791194
2023-10-11,0.0010967057914038332,0.002807854531523492,0.023390321559699914,0.013678694555906807,0.005853959989273758,-0.02589789032648568,0.02229410152338412,0.014963133168784067,0.7012773266992044
2023-10-12,0.0034859637553742505,0.02447867217843553,0.012575891748569783,0.014617903439906908,0.009416914815829434,0.07617522510893181,0.02059813412122726,0.012761252770985106,0.5439143611419809
2023-10-13,0.003372594314836198,0.007955263861614313,0.009666412601733836,0.013555319046631873,0.013088069364312675,0.19480799064879847,0.019921216015942978,0.012667107790416651,0.822489356940056
2023-10-16,-0.005992290328654946,0.0008662677415554051,0.021858976164616788,0.005685920605846975,0.007443732353289668,0.24865306777630608,0.019529780677066528,0.012718248969368727,0.845925998897445
2023-10-17,0.00020359923921171673,-0.0024160967746070503,0.0021665727721711598,0.0055481739573898506,0.007910702940003156,0.14511363078185013,0.01886652105484855,0.012707502052109042,0.6532937106210785
2023-10-18,-0.0005347269198895249,-0.006323418009332809,0.0005351400608776314,0.0026283814330053347,0.008126061294042863,0.3005013646795345,0.019175955914167084,0.012516701835164758,1.142412086411366
2023-10-19,-0.004468296641245047,-0.0047994243219229675,-0.007419120335741708,-0.002353859482792998,0.0047255992855771735,0.4304039316699487,0.017901915556681355,0.01252237144663972,0.6840370816202104
2023-10-20,-0.021311421461533486,-0.026314445022668113,-0.0321031361121113,-0.02122123031996862,-0.015320092283124077,0.3126580311443027,0.018134420074726095,0.012667420385676979,1.2058902693420706
2023-10-23,-0.03587406084527867,-0.06165377894805726,-0.061984906628735084,-0.05204677111815989,-0.04781993333459661,0.10809070867392691,0.020306411937726265,0.014714569357210317,1.6139444748728207
2023-10-25,-0.019397921981037583,-0.07658340428784974,-0.0815864278489844,-0.06305736284143734,-0.06326891280116975,0.1310471325877397,0.02144218221439932,0.015199334150823845,1.7151999939212856
2023-10-26,0.00529023026238348,-0.049981752563932905,-0.07576147066671139,-0.051104678957252805,-0.05546176403738322,-0.12149488099026484,0.021654887599763722,0.01522949419245252,1.353048619293496
2023-10-27,0.019027051748939747,0.004919360030285422,-0.05226612227652667,-0.02709023843360053,-0.035704743588830516,-0.11729832931608626,0.02206335285333863,0.015938305155474872,0.9250217060527651
2023-10-30,-0.010734752190537418,0.013582529820785786,-0.04168945300553053,-0.03033057706118837,-0.04464585984868382,-0.11310647822333308,0.02228200963032425,0.015751196125403044,0.6433107334228283
2023-10-31,-0.00631555375802005,0.0019767458003822932,-0.012130945918272011,-0.02923917049922783,-0.04805543990857764,-0.3168352158059048,0.0217394709465679,0.014906886853833092,0.6029626207455334
2023-11-01,-0.00019202932084903072,-0.017242335269406536,0.007074946741916601,-0.022083229348201908,-0.04488798945097492,-0.45175883750853074,0.021361559677810737,0.014336147340882881,0.614727654494859
2023-11-02,0.01780840219973122,0.011300819120862143,0.01959311867926456,0.0012465737143829512,-0.02617532435363484,-0.43352879827915186,0.02171595700254418,0.014471699723735467,0.9262056580137902
2023-11-03,0.024647237918049673,0.04226361079693202,0.025213304848374415,0.02912727828689749,-0.000771049147377179,-0.4071143738615845,0.021731873152206423,0.015235286609196014,1.3499309529331995
2023-11-06,0.017203591792660525,0.05965923191044143,0.053151648831572425,0.04573733489675285,0.017138499737820036,-0.25583549294921454,0.021844842913442096,0.015702185827513915,1.2184691013867188
2023-11-07,0.04170750436076291,0.08355833407147296,0.10117470695035523,0.08024088825486872,0.057780292645720106,0.021983573334960767,0.023792418888426214,0.017740550442331377,2.333016024754256
2023-11-08,0.013492151746114104,0.07240324789953746,0.11485888801731835,0.08132342768357667,0.06976177943170449,0.08851830115287214,0.023655229756867575,0.017464668833653187,1.1844328615989934
2023-11-09,-0.006747958156791258,0.04845169795008566,0.09030252766079583,0.06217833576738398,0.060647218560016966,0.15917316643529106,0.023968394128591117,0.01757672581682224,0.4635358193989692
2023-11-10,0.013741976920063733,0.020486170509386482,0.07939726666280979,0.06547910716136414,0.07278927873341805,0.41190174770572013,0.02594659455996546,0.01777899162163788,2.1504682128400994
2023-11-13,0.0007040858170724898,0.007698104580344866,0.06289776068722187,0.05391712421402182,0.0711658494116803,0.5246497722335612,0.024420262625682195,0.017780107125219723,0.525439998096912
2023-11-15,0.014766536509438299,0.029212599246574572,0.03595679283589735,0.05513336054528811,0.08350389869628981,0.6776779186866821,0.023201478859208768,0.01788764405815673,0.8169597745297471
2023-11-16,0.01108131689878191,0.0265519392252927,0.0335459579885651,0.05141970467552889,0.09131914676537949,0.8222030422864421,0.02314680977722933,0.017958548238244127,1.1445923148000323
2023-11-17,0.005518452647546295,0.03136630605576668,0.04581236879290271,0.04320253813625164,0.09275143405814536,0.8230774800344176,0.02276407169443445,0.017934509513966582,0.48948023922781897
2023-11-20,0.00964313361548052,0.026242903161808644,0.04171352548831964,0.04080616659698255,0.09790276347619696,0.8957746733434999,0.022913302531162822,0.017861363356096685,0.9299776670235163
2023-11-21,-0.0010721089794198712,0.0140894772836069,0.03993733069182718,0.029233583928044052,0.09026896464015283,0.9532679392567027,0.02285793434117201,0.01685489478821111,0.558284282399294
2023-11-22,-0.015130536099087797,-0.006559511463027265,0.010040258083301105,0.009178656336236223,0.06666191557272926,0.90671141677545,0.02491088644826945,0.014655768430940654,0.7416058016262559
2023-11-23,0.016039504028891108,-0.00016314104961650662,0.014998445213410202,0.02053678897110528,0.0747788643444823,0.9093665682034151,0.025038681536539095,0.013417751976081785,1.1155514047885047
2023-11-24,0.042887625709876497,0.04379659363967982,0.052367618275740324,0.05475023313260075,0.11017784274812056,0.9172075099008634,0.02576663263263588,0.015424545061173056,1.9479276535024126
2023-11-28,0.020631118133665256,0.079558247872433,0.06335560279392521,0.06529657877659226,0.12130104609943039,0.9259548615148736,0.027045721921827068,0.01547582867329082,1.8350685092916779
2023-11-29,0.024361869913019325,0.0878806137565612,0.08878958168636455,0.07736329248266999,0.1347990839629585,0.9255916763112532,0.025664783473001787,0.014923130099992727,1.0658996750673748
2023-11-30,0.015413686127848306,0.060406674174532944,0.11933380391330052,0.07976164444647141,0.13709748760381021,0.9398898880993707,0.028206147618219383,0.014278256552559316,2.1043898951302284
2023-12-01,0.034059102322138976,0.07383465836300655,0.13735340220654857,0.09980794001134428,0.15878769134555973,0.9462881447865891,0.030059609910108847,0.014621578250547263,1.00139762473676
2023-12-04,0.022945210060442953,0.0724179985104301,0.11741098655711497,0.1059021774764322,0.1674441939260565,0.943554778224686,0.0281387856262585,0.014717607896247542,0.603741703990377
2023-12-05,0.013228689236227234,0.07023300161880913,0.1100085576596768,0.10099074617037773,0.16540722928653417,0.9451716638733145,0.02873706816348155,0.01455629790335876,0.5162098918951634
2023-12-06,0.06139514203610243,0.09756904133277255,0.14704182978275987,0.14260220824519124,0.21752782005480378,0.9529038602741735,0.030624089659518912,0.017918316323406194,1.409861862996955
2023-12-07,-0.009196308875083638,0.06542752239724602,0.12243183477982801,0.10526927523773313,0.18845639024864524,0.9538372086476354,0.031187182867602904,0.017829149764677525,0.7719380030743648
2023-12-08,0.016189408026254317,0.06838824118727287,0.10456214048394319,0.096833868472432,0.18974098811706877,0.9563844123132261,0.03222406219568131,0.017832216686377324,0.9017334782518207
2023-12-11,0.021030950331556556,0.028024049482727107,0.10264788075505671,0.09589770170877406,0.1952353639403274,0.9581566942368059,0.03256790230463004,0.017157302582317884,0.8208872167346276
2023-12-12,-0.018747248738684465,0.018473109619126377,0.07067194278014503,0.056756445592860735,0.15618204864302535,0.8371442065478416,0.035217662331051475,0.01883007241770223,0.7237577823596261
2023-12-13,0.010925957987885917,0.013209659580757958,0.020202758731928533,0.05107189374642805,0.15164031677410758,0.8791649433523807,0.034275398492341104,0.01857903145693565,0.6046006136078947
2023-12-14,0.0010824455907748694,-0.006738845160023769,0.030481513197787066,0.03674213695805228,0.13677130513315805,0.8798581794995144,0.03416233074609415,0.01883054105379194,0.5694094282447129
2023-12-15,-0.0040472006157108295,0.00796120296294996,0.010244904555822056,0.02111891726030147,0.11735049931499282,0.8036575126199659,0.033561186893098685,0.01925780211032342,0.7875477357717668
2023-12-18,0.01840445078522331,0.015439695760287355,0.007618405009488964,0.028913134160953473,0.12250331688399141,0.8039895613663373,0.03303675938009217,0.019197180498707927,1.5570470321137935
2023-12-19,-0.009159840808104539,0.005197409361408039,0.01720581294006884,0.010861298898535682,0.09822657980760073,0.7331098536037388,0.03279238345785087,0.01987050948911137,0.7704388611825473
2023-12-20,-0.0445855358636301,-0.035340925886511304,-0.03830568091144728,-0.031508082324547916,0.039654374980320914,0.5861396447317918,0.03514358126467548,0.023542468430538775,1.1110660402385903
2023-12-21,0.01511458952392915,-0.03863078714780553,-0.024273536978292914,-0.01735648042281465,0.04339444372676341,0.4360239460734391,0.0354807154447146,0.022741065727308416,1.1285970606748505
2023-12-22,-0.0010351242458254326,-0.030506070585526474,-0.02126146060840758,-0.017304535701557384,0.03123409840768115,0.41518067289140165,0.034913786170367306,0.022917012427789873,0.5351046367739507
2023-12-26,0.04234617589628128,0.056425641174385054,0.002680264502650314,0.024126766114580273,0.06406393656268462,0.4240621812990247,0.03500838272073227,0.02287832489570444,1.2581515483181966
2023-12-27,-0.004423682956002454,0.03688736869445352,0.0074164223547524815,0.017084149927253014,0.049054116080793415,0.3239258744119485,0.03129100245464129,0.02303844870927329,0.6825838034887067
2023-12-28,-0.0008549515276537631,0.03706754141262515,0.0511470066907288,0.01489903380872523,0.039182295610006405,0.20371573320950576,0.030055073017491506,0.02291606691565634,0.6663477144770817
2023-12-29,-0.0006416270053548051,-0.005920261489010949,0.03539079016144484,0.01311203256131028,0.030421228732990215,0.06896147133602568,0.028865633447240163,0.022960894926210097,0.6291378107639841
2024-01-01,0.007939093507821762,0.006442514974813117,0.04436500791509201,0.01881110454239975,0.0317320884119904,0.0022574798879318792,0.02775915181762862,0.022140928173102804,0.8475190065707451
2024-01-02,-0.012299646843111894,-0.005002180340645031,-0.010280814824301154,0.007130111555247407,0.01407802717553015,0.06694149803708697,0.02772786805651253,0.022198797818417746,1.0452364195659856
2024-01-03,0.02762559485688913,0.023265041521598938,0.021768462988590472,0.032266500137726264,0.036514641808066385,0.1012396805978713,0.02901566062089618,0.02270282929786025,1.7980519791190448
2024-01-04,0.011863020508760997,0.027188968522538232,0.034486435025005195,0.03570627506356624,0.04530426060384547,0.1265674918791278,0.028778001393702006,0.018668130791303618,1.2877549806174475
2024-01-05,0.03205370116347271,0.07154231652912277,0.06718176319383262,0.058407639496628944,0.07338211956401049,0.38552328464735297,0.030206797030703936,0.01946752906717881,2.40683416537276
2024-01-08,-0.0010843287795688447,0.042832392892664654,0.05815834090644216,0.046479499466157974,0.067215741088425,0.21488558181049228,0.02910576193050596,0.019348294407211714,0.6898236376647346
2024-01-09,0.004878526473828963,0.035847898857732687,0.07533651422338299,0.044677872031563384,0.06827701168114084,0.33856269761758284,0.029712746196956377,0.018958449292631976,0.753818939747141
2024-01-10,0.002339345233428274,0.006133542927688558,0.050050264599922054,0.03958075631526512,0.06553425077686403,0.3671783610551853,0.026764684440682956,0.0182120802483911,0.5112654953537996
2024-01-11,0.0010434467826097936,0.008261318489867045,0.03923069087377078,0.03302626919134556,0.06195048758542184,0.5068321545559865,0.023825666644188035,0.018171774504182225,0.32322206158026423
2024-01-12,-0.006143731095701081,-0.002760939079662939,0.0010332586145972208,0.019794981875337556,0.05121523103781624,0.42899834648633034,0.023725039903458634,0.01831100605529439,0.6672678220128988
2024-01-15,0.009482058609228705,0.004381774296137558,0.011599646003394894,0.022418319090922862,0.05626007745837973,0.4062760581058146,0.021745212587451084,0.01824917125867891,0.9533972031805492
2024-01-16,-0.012284193236273128,-0.008945865722745344,-0.005563073706707248,0.0031079560230035694,0.040093385545154486,0.24160980320839015,0.02377371820666052,0.018321227534138503,1.7887619220878344
2024-01-17,-0.011845207655735178,-0.014647342282779537,-0.019747626595870885,-0.011628395937116792,0.02480427870528982,0.20542053433262963,0.025151981752965923,0.01842541378758852,1.2478387208872816
2024-01-18,0.003138873296993944,-0.020990527595014304,-0.017652200081486647,-0.01061522472854608,0.02268183497722759,0.14210626665627132,0.027222561726888753,0.01464424165087634,1.3034610024595923
2024-01-19,0.02019816376519996,0.011491829406458704,0.008689694779414545,0.008586481314957194,0.037796394253186705,0.14997138537176866,0.026878730905406805,0.014864906291180804,0.7281851147297025
2024-01-23,-0.046522284899252656,-0.023185247837058675,-0.047314648729066995,-0.033878574098675285,-0.012539252413550894,0.12265148855767194,0.03039758787872081,0.018874852579849312,0.9297406586659058
2024-01-24,0.014067669132557626,-0.012256452001494953,-0.02096278636023624,-0.017604011836530733,-0.0004415679264638134,-0.0076129424238081354,0.029933969768944586,0.016737260936619616,0.8453262976811083
2024-01-25,-0.009476948823343087,-0.041931564590038085,-0.018594527527844094,-0.023154579958058995,-0.011480750000551486,-0.02444831847211816,0.030972942767648844,0.01687573645185241,0.8683689961629729
2024-01-29,0.024879029188476603,0.029469749497691138,0.0031456283636385244,0.0029208536537505543,0.01047744440924851,-0.2485008556628695,0.027967246720672006,0.017636675078292818,0.9074977721310006
2024-01-30,0.011887678749025151,0.027289759114158745,-0.0051648566525362505,0.014552093188256277,0.01895482568588978,-0.07095026629465252,0.028540118155303804,0.017724296705664264,1.2636533640932084
2024-01-31,-0.004374692040873046,0.03239201589662875,0.036982736205843435,0.011184227994271642,0.011546566997406322,-0.2332226185062862,0.027651948930526256,0.017778948764955373,0.7922815300984789
2024-02-01,-0.000616911985346839,0.006896074722805279,0.022298155087939003,0.010424345865617999,0.007427495658627502,-0.06657130013322372,0.02937278541084896,0.0174394869714591,1.3027485797487508
2024-02-02,-0.008997737453655685,-0.013989341479875413,0.02277736645762624,0.0009552091819260498,-0.0032830344626237884,-0.16145701222270645,0.030906600563949227,0.01668551992858045,0.8581334084692724
2024-02-05,-0.012942293258613154,-0.02255694269761554,-0.015043955989463455,-0.010746008010819682,-0.016565787601129558,-0.16353935594023625,0.032607462116763325,0.01681364382949305,0.6650188380749235
2024-02-06,0.008810170441190548,-0.013129860271078181,-0.018121464297298006,0.00036010380225961135,-0.007190737338961519,-0.2833282234747622,0.03250856193329322,0.015246984401712647,1.0756528543314234
2024-02-07,-0.002945118582687429,-0.007077241400109965,-0.016691890839112416,-0.0045760246853688655,-0.00934824022699249,-0.14418852940783425,0.030989296704628917,0.015255268466302393,0.6947359267519545
2024-02-08,0.04877814203973274,0.054643193898235895,0.03270316318596725,0.03936899210587757,0.038655321095401055,0.15053386504157074,0.0319574278864985,0.01884647233415536,2.4908933698522535
2024-02-09,-0.0435034467258105,0.0023295767312349683,-0.0018025460861876164,-0.006928922873226167,-0.004694019569655793,0.09393096304124797,0.035105459176296115,0.021350631177931963,1.4566551109889856
2024-02-12,-0.0410629397701487,-0.035788244456226304,-0.029923192597723247,-0.042684836075022166,-0.04193235563250534,-0.07040441410836137,0.03895248243684076,0.023152174920388794,1.1240768788450175
2024-02-13,0.026541533085458775,-0.0580248534105004,-0.012191829953455035,-0.013952627160374237,-0.014847556901198879,0.06130249994626325,0.036154211842499576,0.024052709132196114,0.6819223523361024
2024-02-14,0.011735460883851226,-0.0027859458008386846,0.0024887495130837566,-0.0008868660799883811,-0.001982760253322911,0.15607873447953055,0.03547032194463405,0.024111274658784886,0.41309767666059405
2024-02-15,0.022106778690662326,0.060383772659972426,-0.024182613835986796,0.020561803514617373,0.019815606087410755,0.17337482264969964,0.03454357716154523,0.024504314867814923,0.8302024724928694
2024-02-16,0.01822404601129268,0.05206628558580638,0.037544878901116505,0.03555213060953607,0.03646462891628,0.22199790619986728,0.033933675682565556,0.0246296039173753,1.3226933028999635
2024-02-19,-0.01870379457881602,0.021627030123139105,0.05990402409244911,0.013321479759900784,0.01633262613181208,0.09406604692757625,0.034787071843658424,0.025056842661515314,0.8919848517361076
2024-02-20,-0.001484571331828154,-0.001964319899351487,0.031877919675162,0.009826469754960312,0.015010683828984201,0.09769430941327528,0.03511101339617448,0.024643778776943657,0.5952607082019156
2024-02-21,-0.015900435605889416,-0.03608880151653376,0.004242023185421447,-0.006765443145216061,-0.0023293501743291874,-0.021703629360572733,0.03499328415778103,0.022468271625658755,0.7631167709105319
2024-02-22,0.01934979069649543,0.0019647837587776855,0.0014850351912544808,0.015000186864102743,0.015521600235978563,0.061786208159962684,0.034037539106418165,0.022655879061178327,0.6108749811735037
2024-02-23,0.013171304210121155,0.016620659300727154,-0.003567706609917116,0.024936111079770736,0.026162883672140477,0.14893320028039994,0.03284684788889728,0.02263828785728548,1.1222099285289622
2024-02-26,0.0013945701548735458,0.03391566506149025,0.016530658123772614,0.018672744914493444,0.025961996083714554,0.239241639986014,0.0327964147356086,0.022030844393208862,0.7835801200979297
2024-02-27,0.014889853375147033,0.029455727740141786,0.032905082830747695,0.027291202147399395,0.039518823824066046,0.27410086081936014,0.033163343011440305,0.022114887889152814,1.5799700507362349
2024-02-28,-0.0033329465211367477,0.012951477008883864,0.04547257191550043,0.018813884283216408,0.03419081728013723,0.22492946910976627,0.031603099662607576,0.022100991326427802,1.717817370533998
2024-02-29,-0.0003728948558734781,0.011184011998136812,0.025749886363131677,0.01565494155969763,0.03193171267860045,0.31570018945177225,0.028960838730633386,0.022099668355766457,0.8232557197789208
2024-03-01,0.022522948650542586,0.018817107273532512,0.035101530803552904,0.035451134344521934,0.05182613172915222,0.5267174535195202,0.026550861170043228,0.022411761531298577,0.8894707341691134
2024-03-04,0.019045135886003123,0.04119518968067239,0.05275209653468254,0.04795735761696462,0.0666474702793306,0.5326523428743044,0.02574976723958941,0.022328067512717608,0.9888573593365213
2024-03-05,0.0068352570782679424,0.04840334161481381,0.04469750023780363,0.046896926321119546,0.06864339893224161,0.5436039521878644,0.02459150688323909,0.022314521703726126,0.8329440712098555
2024-03-06,-0.0027223061860906957,0.023158086778180407,0.04530814057284961,0.0346761576724952,0.06048793370214824,0.4141956321675849,0.024976276700655525,0.02231047279625605,0.8519880593583712
2024-03-07,0.027226491245686962,0.03133944213786413,0.07290752667441,0.052718409085903715,0.08543185095725625,0.40636315281691965,0.02483502816947669,0.020527633597663356,1.3313795796350567
2024-03-11,0.016191761871450102,0.040695946931046584,0.06657633989531771,0.058949000305547596,0.09548477595040704,0.5742693383403735,0.02474031428292078,0.017387676586370332,1.3320056013198731
2024-03-12,-0.031302441321486595,0.012115811795650702,0.01622876268782792,0.019341480319412227,0.054150987893419315,0.5364073430185511,0.027518435583353037,0.016060417187224403,0.790783762586908
2024-03-13,-0.07234744577111409,-0.08745812522115047,-0.06295394016155416,-0.05014138739217629,-0.02160144260888312,0.4031878732768266,0.03345358261175941,0.023372893509040895,1.577034761422211
2024-03-14,0.04076007287169295,-0.06288981422090772,-0.019471561103770463,-0.013115580871330143,0.015337301808342274,0.43521939626618517,0.034167136779807795,0.024842716203943557,0.9729728262186182
2024-03-15,-0.02134135772631754,-0.05292873062573868,-0.06803941007577505,-0.034406882586801774,-0.007659786888295034,0.26526512748221776,0.037593863912669966,0.025054323138817326,1.1382308124785194
2024-03-18,0.00734603828186392,0.026764753427239208,-0.07688513366536137,-0.026306060064870053,-0.001391423834781504,0.29374703965042104,0.03785866386747013,0.024791251251268333,0.8176441078260454
2024-03-19,-0.020402422930075,-0.034397742374528584,-0.06598511527394976,-0.04130454047076331,-0.022483760545145677,0.17210164775084308,0.0390488123217524,0.024865326355100508,0.6787267991537582
2024-03-20,-0.025964371266808818,-0.039020755915019946,-0.019602040769644544,-0.05830579308812121,-0.047312399873014235,-0.01799920569596722,0.0414575639413257,0.025584932320229854,1.2603596826756918
2024-03-21,0.046174592702549644,-0.00019220149433418055,-0.014187520938787822,-0.010463306610330016,-0.0050467177730001735,0.09249514948963522,0.04089232920557356,0.027294243086711453,0.858057421895698
2024-03-22,0.015718309761696626,0.035928531197437455,0.022872146549226344,0.009903788760570725,0.00806245767660042,0.1098650052456128,0.041267181927315405,0.027190626769380957,0.978679882236788
2024-03-26,0.04018093362854677,0.10207383609279297,0.05570704189590924,0.05367995087804915,0.0451506313016443,0.1313056039303423,0.04051506070301968,0.028383971343311862,1.142198642887125
2024-03-27,-0.0060013094802644044,0.049897933909979056,0.0701081553457197,0.0469242580321593,0.035106693679675234,0.13199191446122613,0.04106697904657619,0.02846809789782695,0.6772898299711948
2024-03-28,0.013907504737654881,0.04808712888593718,0.10998003135018354,0.051936027597809555,0.04578414130611416,0.220356565571297,0.040119786472126384,0.02844853471032233,0.7285117452956053
2024-04-01,0.022689274836009587,0.030595470093400082,0.08649471348364327,0.06805949479707468,0.06446089406367517,0.22921459877413908,0.0396699349773098,0.02870835563348644,1.2490944399957309
2024-04-02,0.04021350439144566,0.07681028396511003,0.11098990811339231,0.09660863813201619,0.10024221370765109,0.24902257565387373,0.039516533825025645,0.029731710736987906,1.4218123453223597
2024-04-03,0.012983399330570241,0.07588617855802561,0.08379237381541602,0.0950984150303164,0.10714232823681794,0.3580617653217448,0.038282417858726187,0.029544431719470535,0.975364255298453
2024-04-04,-0.013562199542680033,0.039634704179335935,0.07623148375300046,0.06468795899055842,0.0867643273550863,0.4269894313036991,0.03574200525648136,0.029712575576700682,0.741157178249515
2024-04-05,0.012656370552621088,0.01207757034051142,0.07498034956796655,0.0589674147062367,0.09474234409542184,0.40757803322222513,0.03382450302610078,0.02976173124005977,0.5361006893253604
2024-04-08,-0.005284408117619003,-0.0061902371076779815,0.04700666661433798,0.03969897825601122,0.08336751675238008,0.5654912299674032,0.0316088477668261,0.029802750784973162,0.4901305422809589
2024-04-09,-0.005791706021440873,0.0015802564135611367,0.0010014562014514085,0.02249658228290809,0.07337443342897176,0.49292542560747477,0.031331235568016445,0.02941829753518222,0.5150374724033988
2024-04-10,0.005300934377608133,-0.005775179761451767,-0.006681008751510699,0.020148841853656244,0.07592162459375797,0.6067664223521178,0.030504480813924137,0.029268324524998758,1.0766228182123068
2024-04-12,0.020185446142401253,0.01969467449856861,0.02706663693357068,0.030423343834781878,0.09175624907077282,0.8187053892720081,0.02913214973684239,0.028361512335273023,2.2235474171050407
2024-04-15,-0.0024355792455822475,0.02305080127442726,0.011974687135367283,0.01919176186931051,0.0795476212363111,0.8336667627832611,0.028967011925367374,0.0218361440521282,2.0112339079189794
2024-04-16,0.02527532679061628,0.043025193687435515,0.04253442204360264,0.03600537630365574,0.0980975112417707,0.8407182723166722,0.028794792468975153,0.0209002543172332,1.2626987716456701
2024-04-18,-0.012163442731074033,0.01067630481396016,0.03616268533396945,0.019672992287195056,0.07564999479786243,0.8408681578424537,0.02878004526322902,0.020312471002811878,0.8634751049727731
2024-04-19,0.01996453870270001,0.033076422762242236,0.05082628965906139,0.0355827569184201,0.08733180355616406,0.8461454725955775,0.029358383919888653,0.020468436385426735,0.7844628225829892
2024-04-22,0.009075448292140523,0.016876544263766346,0.03971629180880045,0.03801622249594786,0.08581070127855756,0.8468222064579265,0.029176170432015036,0.01925110120863841,0.5276516848463736
2024-04-23,0.002690935320729688,0.03173092231557017,0.04484280637511239,0.034864015305713494,0.07615476400931144,0.8414315842741366,0.027621470930094053,0.01735514489587109,0.6509651896442549
2024-04-24,0.03901093081570219,0.05077731442857243,0.058578410400198365,0.06501197435634803,0.1060255371590733,0.8506805098016579,0.026992709119066614,0.016675250075406208,1.9027124434329463
2024-04-25,0.013602040623354468,0.05530390675978642,0.08434389375462685,0.06652537771562257,0.10828397304901277,0.8548839690946789,0.02651198928183668,0.016655317367787355,1.0990028620855485
2024-04-26,-0.0040951187081714364,0.048517852730885325,0.06028423634375543,0.050433665630863565,0.09340181082136594,0.9579767628740288,0.026098205322088674,0.015566910886285987,0.6422663834238774
2024-04-29,0.008322882577689324,0.017829804492872366,0.05953167062930434,0.048717597873083024,0.0915075204748374,0.958288531928589,0.02556721628603069,0.015144268430478128,0.5455256023909124
2024-04-30,-0.019693858982576216,-0.015466095113058406,0.0371468763259983,0.0200100139854595,0.06139314402650417,0.819306610412109,0.026962385066990335,0.016505481915373852,0.8740867281281525
2024-05-02,0.0019906793469344868,-0.009380297057952559,0.00012662485723036526,0.016121418378687562,0.05577295025254142,0.7933782668041124,0.026541419540126062,0.016211785173187464,0.6052335346406725
2024-05-03,-0.006863757210654736,-0.024566936846296527,-0.02033917297677869,0.0028959669966086687,0.04328826488040345,0.7156991949650257,0.026905512927756423,0.014528903220177733,0.8581000769867713
2024-05-06,-0.026835042192253192,-0.0317081200559735,-0.043079096460860514,-0.025282228972774188,0.012603876286046858,0.5938966973153587,0.028120173175409494,0.01603582437881755,1.1427405007579106
2024-05-07,-0.02692890948730264,-0.06062770889021049,-0.07833088852585242,-0.04946854357144189,-0.016571333426660485,0.4298590096407014,0.029073250846965847,0.017014096937893394,1.2612669324001295
2024-05-08,0.037381268041425365,-0.01638268363813052,-0.021255761501850826,-0.014796624496906965,0.01724484208645603,0.4119705931191834,0.02909188585225116,0.018620985079766908,1.2827873219181114
2024-05-09,-0.0025573094072182836,0.007895049146904419,-0.02580375025600355,-0.014794757848120482,0.010920256377596818,0.41513453068083406,0.02950526305535091,0.01856212226290349,1.283427787976383
2024-05-10,0.006800923683490261,0.041624882317697405,-0.012139069361858483,-0.004812879918194647,0.01347277502426703,0.28760333422683004,0.028325950958575676,0.018433781733242095,0.7795725088986466
2024-05-13,0.012534396131395729,0.0167780104076676,0.02723036896179037,0.009364633190408386,0.021493235688123728,0.29609754845722136,0.02973982224464893,0.018523103557634545,0.8624895326612929
2024-05-14,0.038259106920267336,0.05759442673515346,0.0924183853693604,0.04719399171363987,0.055331248382160685,0.34095890607148505,0.03065168668628912,0.019717482444826257,1.4287968168836855
2024-05-15,0.026076241141525756,0.07686974419318876,0.08111335846946086,0.06818909221299065,0.07550888457916449,0.290418758056291,0.02880899053553805,0.0201272991496702,1.080591960676858
2024-05-16,0.09598710885788526,0.16032245691967834,0.17965777673456437,0.15641373958486196,0.17059254776370927,0.4697262251643528,0.03243120776305799,0.028115085830466676,2.7271796470010425
2024-05-17,-0.015763241339047343,0.10630010866036368,0.15709361171202676,0.12110716375738742,0.1399005337759614,0.5380766813157115,0.0346377482410033,0.028279714197013545,1.2539094280185568
2024-05-21,0.053813917014939414,0.13403778453377727,0.1983731325955704,0.1554816742171214,0.18752587882213673,0.5945435590163405,0.03683861033284852,0.02984861293573291,1.0449592726356678
2024-05-22,0.028641312533322236,0.06669198820921436,0.18875533820862533,0.1553821455779892,0.20503790991527188,0.7127252077326134,0.03753657756321105,0.030062739630566264,0.8804681251903244
2024-05-23,0.005814841893533414,0.08827007144179519,0.16849393896063308,0.13303456680831333,0.19517609599777097,0.7686963861482673,0.03794377108718916,0.030013784497388944,0.5633610608828177
2024-05-24,0.0428572344267478,0.07731338885360368,0.1153640645294957,0.14796330930102158,0.2294046741295536,0.8451042165552272,0.04146580009389586,0.030199119283174515,1.5837958915301973
2024-05-27,-0.0047143924210919595,0.04395768389918931,0.1264129134474512,0.11122149223533123,0.20722565482330219,0.7369831989699028,0.04228056582227198,0.03047132228170744,0.7769411759517341
2024-05-28,-0.02413003932984699,0.014012802675808917,0.048468957102664745,0.05958784734915787,0.16429421849661022,0.6444331470872635,0.04484002948422241,0.03136363987749537,0.8442853534092432
2024-05-29,0.006354665015884541,-0.022489766735054435,0.026182309585226826,0.044794818728072845,0.1578317371201673,0.5153907492546534,0.04441176891166198,0.03137738243351058,0.8362679237404277
2024-05-30,-0.015058168664435923,-0.0328335429783985,0.005309299027257479,0.012554540140260396,0.12713427043975886,0.4305126629994612,0.045134394539595245,0.031151513738079107,0.5574889147306358
2024-05-31,-0.0004823957957020584,-0.009185899444253473,-0.03803033119519253,0.004500603536216797,0.11364240783473752,0.36735534911595663,0.04649962085438157,0.031196887101779924,1.0020977220443497
2024-06-03,0.05852851683849681,0.04298795237835888,0.025212578064396234,0.04932387983305757,0.1631436872659624,0.40225489755133764,0.0478619458607289,0.03256131773676361,1.1599824906559746
2024-06-04,-0.19638185690488336,-0.13833573586208855,-0.14703923951064,-0.13000142741525858,-0.04966441678448507,0.13239308737122285,0.07726784646262022,0.05693088004912626,2.4981747634257885
2024-06-05,0.0072543874965968055,-0.13059895256978968,-0.1461395170299277,-0.1137690906436519,-0.04951874711853909,-0.038448046684829366,0.08303414917050377,0.056389701661801496,1.69746879083164
2024-06-06,0.06683549322654192,-0.12229197618174471,-0.06424585513894998,-0.04703170546474932,0.007293602752299943,-0.04444565081828642,0.07668171592390995,0.05756806783234731,0.9730938936419098
2024-06-07,0.016692266259186128,0.09078214698232476,-0.04707119308406179,-0.022577863197570294,0.014411843903755802,-0.055433313483154764,0.07627186631914416,0.057516175194966615,0.47781234574705467
2024-06-10,0.01413536568091613,0.09766312516664409,-0.09146434424164251,-0.0018861126535553723,0.01862023612065409,-0.08773591314294649,0.07164749265716973,0.05751475747978766,0.31414907133176834
2024-06-11,0.00908027668088714,0.03990790862098946,0.11399778934412802,0.010637891458492336,0.017842026803640082,-0.11805474773480824,0.06929745158609579,0.0575146596467061,0.41151031497425516
2024-06-12,0.0066491229852583215,0.029864765347061527,0.11339252483278953,0.020837473345194497,0.015963106142561138,-0.1365432053126132,0.06881995025339327,0.05715035612969102,0.4769845599689753
2024-06-13,0.042194060820334486,0.057923460486479825,0.08875109242658206,0.062094641793336416,0.0497422878353869,-0.2121945308127674,0.06324040953230138,0.05751467936500702,1.3198869337396129
2024-06-14,0.019582494763267663,0.06842567856886037,0.09164132093066363,0.07800839158142142,0.06396563491060478,-0.06434103057999523,0.06149760713568756,0.05392200143714118,1.7255613464297694
2024-06-18,0.06204725315305979,0.12382380873666206,0.1395532084028075,0.1408705617459525,0.12058988817992128,0.12515342733563373,0.0592635874643235,0.05505699475735994,1.9579455286845853
2024-06-19,-0.04085256373187014,0.040777184184457416,0.0896203679900502,0.0735419465822972,0.06999446005689057,0.07795822427318853,0.06334436499046268,0.055159917490335476,1.225149994392032
2024-06-20,-0.0044053849776017374,0.016789304443587838,0.07856586002719018,0.04923591787071228,0.061363726823878396,0.04925358378230598,0.06480919413971319,0.054916846427987165,0.7411028128071209
2024-06-21,-0.022574586501623743,-0.06783253521109574,0.01379721270523196,0.015660472314764046,0.03537985930061723,0.04502010346946605,0.0664256426685099,0.055222635149675584,0.624409048020178
2024-06-24,0.029442929746465302,0.0024629582672396457,0.023657647688429477,0.03422811002819801,0.06462925576618705,0.03427950382963388,0.061274404459787185,0.0547822953268819,0.6182690993062638
2024-06-25,0.008713110059640629,0.015581453304482072,-0.029676495404989855,0.032074745510610576,0.07148996953239754,0.26294010021803343,0.044939631241478935,0.05478427935204817,0.7441902985071448
2024-06-26,-0.01617727247985642,0.021978767326249444,-0.00500120415297606,0.00721382247176582,0.05150915922947949,0.4298203379756504,0.04035200561197186,0.054611844260461964,0.636506034080494
2024-06-27,-0.0007476626759208982,-0.008211825096136665,-0.0013434818512951705,-0.0010110083635887772,0.04832746470227133,0.2869283564077222,0.03580218666413271,0.05460909139585647,0.8695917959008642
2024-06-28,-0.003271444136745065,-0.020196379292522406,0.01795966051358349,-0.0073633201793220525,0.04192542573488693,0.25661311210665533,0.03396494736635204,0.05447620921858717,0.5601341692544128
2024-07-01,0.0243577737755891,0.020338666962922972,0.012874504542707364,0.01341435044797747,0.06319483516391124,0.2530327165153197,0.03390044041387024,0.054679906222515645,0.9167099178216136
2024-07-02,-0.009312696402929223,0.011773633235914743,-0.005151301919862633,0.0076059922070449365,0.0526092744810002,0.24287101880366918,0.03435329288965639,0.05320722941260523,0.7902677240565208
2024-07-03,0.021336733672757912,0.03638181104541764,0.03236270423275163,0.026484196937622974,0.06351667833407983,0.25654921834754973,0.034475900145723506,0.02617734169255527,1.262584809033833
2024-07-04,0.010169283556222888,0.0221933208260517,0.04327965046489562,0.03257856037041997,0.06248360359586734,0.2534149075459268,0.032156526503895146,0.026160281599066058,1.5373296171970603
2024-07-05,0.006668481353728044,0.038174498582708924,0.05321957595536862,0.0321161318249408,0.0605474302517648,0.21852024170116593,0.03171316975314466,0.022718647562061517,1.226042690247697
2024-07-08,0.012520386659414469,0.02935815156936543,0.04138218883919423,0.039383101244601836,0.06499075461777211,0.11296808916385373,0.028066021337868608,0.022660349248098666,1.1569039931554803
2024-07-09,-0.014756409620420326,0.0044324583927223,0.03593847562170302,0.02098792861196961,0.04221506253573109,0.23940863151970476,0.026368607340633936,0.02319530336940942,0.749098699086453
2024-07-10,-0.009695462720930704,-0.011931485681936499,0.004906279228014549,0.007410353596022098,0.02608251970149721,0.31991844835651706,0.02709812916810506,0.023486223140653725,0.6959401699447875
2024-07-11,0.011138564174168105,-0.0133133081671831,0.0058755598459595765,0.013740708495075199,0.031224242912811048,0.48958042386612705,0.025761485278956792,0.023513242545678992,0.6908550004197498
2024-07-12,-0.010582745102226286,-0.00913964364898896,-0.011375666609994756,-0.0010372514118143546,0.016688049334559217,0.3797583829465427,0.02476879254715529,0.022199982971186593,0.6150129671221852
2024-07-15,0.0028015293899650586,0.0033573484619068114,-0.02109452387944423,-0.00024607973927209733,0.016677612291850937,0.2611624623681745,0.024388712899445,0.021882159614735802,0.7262908381240244
2024-07-16,-0.03234550079641167,-0.040126716508672826,-0.038683615055435515,-0.03180861459770411,-0.013822863328607897,0.248821564729668,0.025961133931104597,0.01833167718382661,1.4264388654206746
2024-07-18,-0.06065566314246147,-0.09019963454890813,-0.08964381547696637,-0.08138718991147267,-0.06931153150037708,0.09703014826734034,0.03125798420166785,0.020902179047023454,2.6222449616870143
2024-07-19,-0.04391497160374727,-0.1369161355426205,-0.14469735125488173,-0.10919248567678563,-0.10524434250700913,-0.08147491236615806,0.03478838166701781,0.022832914013514297,1.6183944227498337
2024-07-22,0.04021980112262494,-0.06435083362358382,-0.09389480503003031,-0.06298778610115753,-0.06701706293697772,-0.000962112609549024,0.036849564699555845,0.024521471054324936,1.2827642565852664
2024-07-23,-0.028652176321389968,-0.03234734680251223,-0.12534851074138542,-0.07618820168872208,-0.08938338290939549,-0.15773429157043636,0.04437792473162202,0.024074450255311634,1.1687240822606706
2024-07-24,-0.001359956546610748,0.010207668254624299,-0.09436296649158449,-0.06517100218342506,-0.0861470108897757,-0.16954914980840172,0.04466661845753869,0.023885694785813733,0.42866122408069
2024-07-25,-0.004018875192413049,-0.034031008060413676,-0.037726178541535975,-0.056993729912964995,-0.08588999864011378,-0.29502409627318316,0.04561991646523543,0.02374357400602339,0.45324718442349854
2024-07-26,0.015479779740968879,0.010100948001945107,0.021668572803180245,-0.03012216283316336,-0.0683138748313196,-0.3559086567606369,0.04435491648036946,0.024152473784214146,0.3777575662114862
2024-07-29,0.02508336649466332,0.0365442710432193,0.006532138175218481,0.0036253816405555396,-0.04251850617984771,-0.3982882876037317,0.043627525665987175,0.024996039765535594,0.7707344685553343
2024-07-30,-0.015295278249206073,0.02526786798642632,0.019889036247402462,-0.0006223936423904528,-0.05308292524310712,-0.3961544041860091,0.04400002293608497,0.024336207026131297,1.108550115317979
2024-07-31,-0.006237033434497917,0.003551054810959461,0.015011959359515272,0.001377116929501362,-0.05516685354795384,-0.3830463160982481,0.04158958195323928,0.024312294637903877,0.6512344128410182
2024-08-01,-0.022504759313489192,-0.044037070997193145,-0.003473924761560945,-0.016858244626831182,-0.07042995777770542,-0.47131504558261045,0.04311935943638618,0.02387009595799204,1.163598839980616
2024-08-02,-0.024725014835583384,-0.05346680758357051,-0.04367871933811326,-0.03881677694391849,-0.08589954681166855,-0.48721627066460543,0.044951727089880066,0.023878452089987182,1.35823096526887
2024-08-05,-0.022538281612240012,-0.06976805576131255,-0.09130036744501652,-0.052359603462239175,-0.0978336656397249,-0.5059572430838156,0.04768231152978085,0.023824517143717184,1.396101981704979
2024-08-06,-0.01686943781213494,-0.06413273425995832,-0.0928745270079454,-0.061591179348131304,-0.10316493369605802,-0.4196955208335723,0.04919287471270893,0.02329519272760949,0.8408148263567745
2024-08-07,0.04888200663084273,0.009474287206467914,-0.03775548694260471,-0.012341342569734627,-0.05070099795144713,-0.25233744856922596,0.04504243340444444,0.026829156380697654,0.7523536629125915
2024-08-08,-0.015433489153655361,0.01657907966505247,-0.030684216782770887,-0.024169637517815628,-0.05751734586748923,-0.09442531907349448,0.04364735003727418,0.02688124035378381,0.5313060055002305
2024-08-09,0.011936002773256328,0.04538452025044357,0.005976800826068651,-0.008690988913821541,-0.03820250610548527,-0.26343992211782846,0.03874144017532431,0.02691181525702714,0.515351091471477
2024-08-12,0.0005608895125617088,-0.002936596867837321,0.029075971950870586,-0.0017782563139135774,-0.03013296641142268,-0.10897967520753297,0.03144470509470719,0.026971616365023876,0.6881649499954265
2024-08-13,-0.005345826277499506,0.007151066008318514,0.04059958348550585,-0.001781394383695855,-0.027287587700870714,-0.2597737268500218,0.030474526779708067,0.02686949955356875,1.0716659465313416
2024-08-14,-0.008469413148337239,-0.01325434991327497,-0.016751836293674098,-0.004681095285943529,-0.028782542870894573,-0.2997702534508053,0.03159254352888233,0.026248843941591868,2.241002610875499
2024-08-16,0.022924053671444514,0.009108814245607671,0.021605706531425795,0.019345916815518695,-0.003708589528030706,-0.24408621221502955,0.03133928824854181,0.023738645822252522,1.391674904087988
2024-08-19,0.004695573663815323,0.019150214186922584,0.014365277421985019,0.022035867432865824,0.0010642144992519592,-0.2514099449800538,0.030471066978565522,0.021675506807095405,1.0127319904439354
2024-08-20,-0.01179652122785898,0.015823106107400762,0.0020078666815640626,0.006937457298371155,-0.007969083359386123,-0.22238194208095252,0.030673537092473224,0.019607045263005527,0.6082155975342669
2024-08-21,0.0017135044996020438,-0.0053874430644416,0.009067197458665667,0.003758621348514881,-0.005101514811946882,-0.14730444612580826,0.03053962806785541,0.01864232553148287,0.4094244800558458
2024-08-22,0.007779695371487022,-0.002303321356770024,0.02531630597848994,0.010726078389895493,0.003387011114877096,-0.025208883324084896,0.029450719819026826,0.01874903468211115,0.6858468455972027
2024-08-23,0.011396387165249666,0.020889587036338766,0.013788639472295094,0.018689032988971697,0.014823783983963282,0.16111362047607217,0.027849929459581365,0.018921864108385672,1.1815857203700528
2024-08-26,-0.004311837276532723,0.014864245260204073,0.004781228531947062,0.012358726748113029,0.011414474229540788,0.2580667015126237,0.025961311939754043,0.018587674875929043,1.0095502864853692
2024-08-27,-0.01691643442197125,-0.009831884533254277,-0.00033868466216526653,-0.004787948569633428,-0.002454782564847104,0.13822128269152445,0.02414326865654836,0.017852304053318287,0.8274291579849622
2024-08-28,-0.007718033106556112,-0.028946304805060014,-0.009770222268323395,-0.01237086964812944,-0.0074515207056782915,0.023838907203922163,0.02217982665438642,0.017657600683502306,0.6298602322642682
2024-08-29,-0.017917792549850174,-0.04255226007837743,-0.03546771018966053,-0.028948267590386843,-0.021892708253752377,-0.10424878301052061,0.02327965766654425,0.017972887160112326,1.2546220481055745
2024-08-30,0.016807234484143396,-0.008828591172262736,-0.03005686287076672,-0.010887640487172378,-0.004042951380552296,-0.07774074497492223,0.022817488592695296,0.017903840267560093,1.2334699256168402
2024-09-02,0.0017186396943659186,0.0006080816286592776,-0.024026385899868018,-0.00727495398625547,-0.002384346198328816,0.0122527076857439,0.022394547830882985,0.017035709364594816,0.8847145854571882
2024-09-03,0.030326824592377843,0.04885269877088711,0.02321687311448097,0.020929434729819552,0.02556353912596351,0.2198784481315785,0.023915357542093722,0.017442084274270367,2.1461467034244905
2024-09-04,0.006086123216155071,0.03813158750289888,0.03702102943719225,0.024333387386987846,0.027898224912792896,0.5018336094961335,0.02285198457758884,0.01683127100117888,1.3647540902296407
2024-09-05,-0.014377241596217637,0.02203570621231526,0.04056158039082482,0.009193917733117792,0.012529756380094147,0.33270960846372705,0.022849337854084426,0.013545799010996484,0.7712123060851844
2024-09-06,-0.018745429801526697,-0.02703654818158921,0.005008916105154537,-0.0070531555743093615,-0.0067817143209062125,0.18609608308238734,0.023502546724645645,0.013771554226834558,0.6182827818039611
2024-09-09,-0.009957104365117077,-0.04307977576286147,-0.006666827954328469,-0.013869207426882108,-0.01606036140417788,0.18261676906012297,0.023680167748404705,0.013685990246383374,0.6594686737168998
2024-09-10,0.006112040641116254,-0.02259049352552752,-0.03088161190558992,-0.007065473396568835,-0.00973330046871707,0.19275994388934067,0.02368450890461812,0.013766342791727934,0.6828565393891992
2024-09-11,-0.018666726903881447,-0.02251179062788232,-0.05563446202562659,-0.023640676105961676,-0.02712473016308495,0.09469044802056288,0.02461848207220434,0.014333878853541801,0.8126196087541667
2024-09-12,0.009296070506490636,-0.003258615756274641,-0.03196114992291841,-0.015353015491550721,-0.017963806158231753,-0.022773890886150384,0.023800545788751036,0.014394742360539075,0.7341471946788588
2024-09-13,0.0007000419492709326,-0.008670614448119968,-0.012515678172120799,-0.013931371447098254,-0.016112937670158402,0.07723901337738553,0.023445581287814925,0.013345212321441365,0.7474124191819765
2024-09-16,-0.010300587081355832,-0.000304474625594357,-0.012859160888359552,-0.02215456620591424,-0.024317493100920427,0.09916962596532741,0.023468491926739197,0.01341828139466296,0.6593391606096901
2024-09-17,-0.030667696104680474,-0.04026824123676539,-0.049638897634156263,-0.04408652405512527,-0.05112154276443994,0.029358491359144666,0.02548663608782599,0.01474579893310814,2.000668244142915
2024-09-18,-0.004687501822572449,-0.0456557850086088,-0.035659672552847306,-0.03982412363988794,-0.05260008458033251,0.04818998810940897,0.024307435839588644,0.014710225914642367,1.072777432415561
2024-09-19,-0.047497593186062115,-0.08285279111331506,-0.09245333624539989,-0.07312021349388417,-0.09134549883414023,-0.18331397160999502,0.028723862855409277,0.01747197575770329,2.355226266886021
2024-09-20,0.02371355758152922,-0.028471537427105394,-0.06943982061314163,-0.04312125166038505,-0.06462589617228981,-0.09517840367762531,0.03050017319370748,0.018313020353923338,1.3941721161516525
2024-09-23,0.023851755307039035,6.771970250613666e-05,-0.03528747822474677,-0.015263743964035867,-0.03826865310027784,-0.20197088615032144,0.028018100753496162,0.019444905452262618,0.6237218551081071
2024-09-24,-0.008031381679065818,0.039533931209502444,-0.01265116379913209,-0.016969028396288593,-0.042652711319151465,-0.4126741227293354,0.02706530571932776,0.019233225593798173,0.5462607733680347
2024-09-25,-0.003002828105321655,0.012817545522651663,-0.01096649008188126,-0.015310130433406555,-0.04244240785120811,-0.3898925621959856,0.02642415747936041,0.01920765304462425,0.42022885670887955
2024-09-26,-0.004555607080662477,-0.015589816865049975,0.031975496023518346,-0.013758816048098046,-0.04436959378913513,-0.37605095242874426,0.02629141879524489,0.01890098576834654,0.5784054614414958
2024-09-27,0.023713508956615614,0.016155073770631547,0.03197544739860461,0.013816516427471328,-0.019230116131444683,-0.2077585409233275,0.025560339247849048,0.019332258975790717,1.5034661801486786
2024-09-30,-0.012029564515038815,0.007128337360914309,-0.0039058724234731137,0.005720636629321024,-0.028109773713902587,-0.3182750452938936,0.0260167053465549,0.01942796047205262,0.9588217932621026
2024-10-01,0.0012321894014277737,0.01291613384300445,0.005357698657020281,0.007703424996657193,-0.022546422733164737,-0.2362180946584033,0.024767057411963802,0.01782975432849377,0.6588332285842347
2024-10-03,-0.03650245550047612,-0.04729983061408724,-0.028141928738134175,-0.024637456057351813,-0.05135628290069978,-0.2554360934363643,0.027652016150309395,0.019016356424301564,1.1656326284295817
2024-10-04,-0.0025340405677252817,-0.03780430666677379,-0.02612036222519691,-0.027658204199599,-0.04808816915867203,-0.3415693817686335,0.029003366563540026,0.01894306705849612,0.9328586947534093
2024-10-07,-0.021550156430802887,-0.0605866524990044,-0.07138402761261542,-0.04473422130310698,-0.06274911454251283,-0.364715661364055,0.031786139167794936,0.01905301208950218,1.2127642904476508
2024-10-08,0.04744155999276895,0.02335736299424072,-0.011912903104807781,0.0032796580279028775,-0.014012412291372432,-0.1968992656539679,0.031481681620783034,0.022455533934324208,1.3372178188287684
2024-10-09,0.004169056984782739,0.03006046054674865,-0.00897603552145281,0.007839179384363584,-0.006542516505520723,-0.09022476332521932,0.03160880158884121,0.02241730527702523,0.8449285714552797
2024-10-10,0.021582262532971956,0.07319287951052345,0.04910868251199523,0.027631274413877797,0.016472558623814616,0.19936038906492812,0.029035163650599334,0.022768629029383074,1.3205484499868636
2024-10-11,-0.00808664201976605,0.01766467749798861,0.043556081059954586,0.017561842239555963,0.01052651035356607,0.09970504896645409,0.02738886081483953,0.02267512524708531,0.5262506750033789
2024-10-14,0.013715255549383104,0.027210876062588957,0.07882149304014043,0.030826130715238594,0.026083773587809365,0.09152640248745414,0.026559403976741367,0.022946428940854444,0.9262134260109749
2024-10-15,0.014940336314333788,0.0205689498439507,0.04632026936170536,0.042652738675696446,0.041789175455192326,0.24340193839846036,0.026437962094286505,0.023130386091179487,1.1352696877110138
2024-10-16,0.017516280338016214,0.046171872201733036,0.05966749271493903,0.05554103141253313,0.05781672202532709,0.3869226805516473,0.02649663562274801,0.022288265667634026,1.3630792712179094
2024-10-17,-0.03000808682328666,0.002448529829063374,0.008077143358680256,0.018537840327441813,0.025602142401859342,0.36187169064565694,0.028548653740836285,0.023390181473416444,0.8578849891915757
2024-10-18,0.0013490317497847387,-0.011142774735485658,0.017512817128231224,0.013787377870881473,0.023584216263399724,0.21008656183796945,0.028836946170857344,0.020433599852150392,0.8193023080217454
2024-10-21,-0.002267908045196795,-0.030926963118698525,0.0015296535336514292,0.003652787581994481,0.019177726240389128,0.3256610618601155,0.02902346402440593,0.01988922647410623,0.6871469841011727
2024-10-22,-0.04827308037960989,-0.04919195667502181,-0.06168376316029232,-0.04222769993464479,-0.027356602206638783,0.20930237860986778,0.03338214377220417,0.022139066820685144,0.995779918629299
2024-10-23,-0.01592218555907105,-0.06646317398387765,-0.09512222905737946,-0.05413887885639242,-0.04089135059321897,0.21098317301811848,0.032892138901077395,0.02232996766084621,1.1637508270149723
2024-10-24,-0.008682420518027537,-0.07287768645670839,-0.07379656275212033,-0.056304911860365424,-0.047109287956612074,0.23385283005241006,0.032584179370780904,0.022380071382775795,0.7255694710350696
2024-10-25,-0.007545483891593911,-0.032150089968692556,-0.08269107839349911,-0.057453221163232884,-0.052080347053223765,0.24214744542791608,0.031894735357930325,0.022406340284869583,1.1278346071037506
2024-10-28,-0.004053170682652405,-0.020281075092273806,-0.08447634103095482,-0.053582264045839254,-0.05240629898765352,0.21237906935604642,0.029887654947404422,0.021547769071018078,0.8809460123811279
2024-10-29,0.029860019394764174,0.018261364820517753,-0.00634324125658081,-0.01815652005799851,-0.022052187553779405,0.21637017526492017,0.030511496554339296,0.022707869201798198,1.114867975188255
2024-10-30,-0.008976989434190074,0.016829859277921536,0.0006019548683001036,-0.01745325924646662,-0.028683009109153938,0.18351320270486268,0.029708361679535313,0.022753638161555408,1.1335096979502253
2024-10-31,0.0024521951116317736,0.02333522507220573,0.011736570497959344,-0.00879002258243276,-0.02606654974265493,0.08518204695998591,0.029484230499396035,0.021281666597924454,0.8222701525495544
2024-11-01,0.00967808297998697,0.0031532886574286846,0.028960137369540298,0.006409728016224554,-0.016948377489497,0.020200000451151397,0.02837068297773764,0.02138742480157463,0.15288349449835778
2024-11-04,-0.018773554205136038,-0.006643276113517273,0.014239753847056693,-0.005158342133595703,-0.03569971365720034,-0.13238554289335355,0.028781886209982743,0.02124621454048116,0.943801280849496
2024-11-05,0.012680031440118665,0.0035845602149695986,-0.002940234107588731,0.008484269255779366,-0.0222030867958836,-0.36239871694035714,0.02923710157147549,0.01844116413384227,1.2004190702643776
2024-11-06,0.0296365828643083,0.023543060099290736,0.03567333819090965,0.03498928665762137,0.007167556178929338,-0.20957438189843586,0.028258048153652553,0.019671967972251875,1.2892566561529024
2024-11-07,0.009893579125791174,0.052210193430217856,0.0431147222050688,0.03948050490024257,0.017747123814038836,-0.05487722859573012,0.02696733760992986,0.019165425095563245,1.2309936849373946
2024-11-08,-0.007516116733995794,0.032014045256103435,0.02592052249108609,0.026043990792954965,0.010654644046210283,-0.18933964549790347,0.02717160719829626,0.019154027848410433,0.938733293848106
2024-11-11,0.009746498351966249,0.012123960743761427,0.05444057504818832,0.029016610828946698,0.02130196235168039,-0.026009744943943217,0.025601233959434304,0.019018924715332577,0.9843455956938861
2024-11-12,-0.046098958295551606,-0.04386857667758116,-0.004338414687481796,-0.016637296121987923,-0.020976243189050534,-0.012011547167625451,0.02906292368766201,0.021152578709382898,1.1378010862360055
2024-11-13,-0.04250742698650369,-0.07885988693008898,-0.0764824245382937,-0.05384738142741243,-0.05529738610014013,-0.0719651464403691,0.03205581436422503,0.02220610002292231,1.5145790026590567
2024-11-14,0.004942419426451021,-0.08366396585560429,-0.08143358423763392,-0.0456147259638806,-0.045834190138382275,-0.17687125723061597,0.03401159073851725,0.02164906098983491,2.0310047243738225
2024-11-18,-0.0022535156109483095,-0.03981852317100118,-0.07617098311458645,-0.04306707045478857,-0.04299013950592988,-0.1362041506027282,0.03526629378376239,0.021608237420513574,0.9312728747620103
2024-11-19,-0.005089206882621989,-0.0024003030671194193,-0.09100668834917466,-0.04453684540341589,-0.04271130541126153,-0.2797656118362775,0.03437053331813604,0.021597301167509887,0.6669080209856613
2024-11-21,-0.01833243030668195,-0.025675152800252298,-0.06324016036030504,-0.055699837597306776,-0.05655863123112056,-0.44251015614351874,0.03571921052124195,0.019389585851229952,0.9056485026808117
2024-11-22,0.031603086423111694,0.008181449233807918,0.010870353049310388,-0.018896227027055058,-0.024853393220783965,-0.31896230592108593,0.035806783914652925,0.020699301081381464,0.6557829144527458
2024-11-25,0.042523830556292296,0.05579448667272212,0.04845176417915179,0.027250092471607354,0.016389297190585614,-0.19857178618797292,0.03696180524877582,0.022818241336089746,1.2384116666727236
2024-11-26,0.017239819451887975,0.09136673643129192,0.06794509924198804,0.046016201653012886,0.031632232561788404,-0.06382677922896321,0.03676209425952467,0.022996713665568696,1.0798858943907153
2024-11-27,0.024913108055210294,0.0846767580633904,0.09794741417982017,0.0716081769463524,0.0535981948078897,0.07688795024493189,0.03559735770468182,0.023480416161835403,1.0913069125920802
2024-11-28,-0.0017447558697230435,0.04040817163737508,0.11453508861677918,0.0640486580890271,0.049385164015372726,0.08687389891144448,0.03438345233937079,0.022682880035424204,0.7886609125270487
2024-11-29,0.002236384439749474,0.02540473662523672,0.0851683866334168,0.056117497465493,0.04877121063759421,-0.002263235846721301,0.034392799599010856,0.022530118877314306,0.5509420011733955
2024-12-02,0.0062126357888948715,0.006704264358921207,0.04885719186601938,0.05232973854298591,0.052126961599224794,0.08738952702336973,0.03395146316698509,0.02254308930081821,0.7028260410631244
2024-12-03,0.0031251568639341274,0.01157417709257842,0.03474252927806578,0.04485948239993533,0.05258254844665356,0.0858126635636647,0.03259521322090244,0.02248770035194157,0.8101238117060475
2024-12-04,0.0005530732057913783,0.009890865858620496,0.010382494428646718,0.03433564040319396,0.049338404368873115,0.23358195140692628,0.03082360547620944,0.021928204549749208,1.7286275063246894
2024-12-05,0.010450902355952835,0.014129132425678328,0.022578152654322628,0.03138967469599381,0.056599528250318006,0.36758296953280395,0.028405087988898632,0.02188518331870815,0.845723346423283
2024-12-06,-0.0020157436742216663,0.008988231887522317,0.018326024540351413,0.019000372260068572,0.052409185812175345,0.6185845401641763,0.02527372130272472,0.02102129223205372,0.6888619463353075
2024-12-09,0.012921636688530014,0.02135679537026114,0.025035025439986633,0.02471866508133762,0.06382318612858767,0.6146360180188265,0.02352653760183036,0.02109272280924704,1.0772156009877392
2024-12-10,0.0018926437630884304,0.012798536777396778,0.023802512339140856,0.020701051965645673,0.06305836299038281,0.7373313787609561,0.02255903468157055,0.0209728250144436,0.9000081919177279
2024-12-11,0.004742635921469932,0.019556916373088585,0.027992075054819685,0.021608969601317345,0.06559076739630774,0.9049953921528506,0.021218735076896856,0.02091178695621175,0.6797556921439109
2024-12-12,0.002330774692964646,0.00896605437752338,0.019871947391831547,0.019653355029296955,0.0629974099240029,0.9054989708567288,0.020170075576867327,0.017550438108145935,1.1356895166753107
2024-12-13,0.0019505881324626884,0.009023998746897481,0.023838279198516048,0.017352883572724527,0.05780169892813526,0.9112475100993848,0.018397686388247583,0.013637536393974099,2.008267505600885
2024-12-16,0.0014338561193849128,0.005715218944812182,0.012350498629370864,0.015017956919951446,0.05229584816793926,0.8311951646580905,0.017293724610668002,0.013686658745135203,0.496809275811596
2024-12-17,-0.011560536499955929,-0.00817609224810839,-0.0011026816336736408,0.0010969657560623669,0.033864112563288376,0.7212079621744618,0.017137866005622067,0.01415843620227239,0.6610670975959773
2024-12-18,-0.030698365572556098,-0.04082504595312714,-0.03654368312769967,-0.028358020212414816,-0.002141907602037124,0.5880141755551972,0.01890539913069204,0.01624414048847637,0.8204203867295428
2024-12-19,-0.022046589081385664,-0.06430549115389766,-0.06092104690205014,-0.04574447402877508,-0.028244536514553734,0.5797601678243188,0.01980817069343596,0.016543266223400313,0.7411608798204465
2024-12-20,-0.04546398096707366,-0.0982089356210155,-0.10833561600158644,-0.08076692660025019,-0.0722457168386044,0.4356692199087627,0.023500431984277086,0.018794600999973488,1.4266366252704796
2024-12-23,0.008507374167651814,-0.05900319588080756,-0.10126209795331953,-0.06485193287830121,-0.06365639153176697,0.33876443099768666,0.023914056609177874,0.016193514147054614,0.8159409486329493
2024-12-24,-0.00232153664646209,-0.03927814344588402,-0.09202309809982577,-0.05844674258292901,-0.06428981374099556,0.2815254406161205,0.02293197427997052,0.015630661475766378,0.8144414595117658
2024-12-26,0.0030785117820962553,0.009264349303286097,-0.05824622074517334,-0.046590678949549734,-0.05884138050939646,0.19029790145854464,0.022629257419715044,0.01438476010405312,0.6110867595248258
2024-12-27,0.0009809387183281402,0.0017379138539622531,-0.03521869294545953,-0.03637472153938749,-0.05546368514560666,0.18544539294875137,0.023091315631596356,0.014408383590465024,0.8724079537047732
2024-12-30,-0.036639406613985806,-0.0325799561135613,-0.026394118592371625,-0.058427090507901194,-0.08540621821116157,-0.07310979582923338,0.025774189789159387,0.016218223115409443,2.457270968088728
2024-12-31,0.023562126997761404,-0.012096340897896142,-0.011339365762261936,-0.024773061851880853,-0.06016316839898297,-0.10365698955436116,0.026353543397720162,0.01725918140896273,0.67756104756018
2025-01-01,-0.0019523744034567042,-0.015029654019680922,-0.010970203519256538,-0.016288184623351187,-0.05830381500531117,-0.11257361939135734,0.02626459007203942,0.017189765132507643,0.5444054083825711
2025-01-02,0.01560813276261874,0.037217885356923615,0.0015594174612658317,0.0050432420065340145,-0.040396551560204226,-0.11978316277603752,0.025745686197280356,0.01772172315047449,0.9476970444406284
2025-01-03,-0.007060132564442206,0.006595625794719893,-0.006481653821504373,0.002231544521462674,-0.043215128333693224,-0.3138527772591425,0.025564664357012188,0.017438890358306838,0.6015330063773483
2025-01-06,-0.025098395358964604,-0.01655039516078802,0.005059357433516867,-0.020545476688041655,-0.06204501318197912,-0.32565494601238243,0.027993271894413856,0.018044391406946362,1.147461365340118
2025-01-07,0.014918425442656178,-0.017240102480750474,-0.0035843441215884053,-0.004335695314517335,-0.042962506434162905,-0.22630187272289973,0.027349725624905903,0.018155650074185844,0.7457733925566262
2025-01-08,-0.012957816367948261,-0.023137786284256553,-0.014589786086079953,-0.014646837584052568,-0.049626552795835,-0.20717831252144905,0.026421173916938864,0.01815433955234846,0.9588475101367714
2025-01-09,-0.003033915558145251,-0.001073306483437342,-0.03323183440684402,-0.01451648031447933,-0.046415535928307126,-0.2056909434423916,0.025948832848826348,0.017996216792522304,1.1857926193301942
2025-01-10,-0.023921062778624512,-0.03991279470471803,-0.05009276462102636,-0.03239152195918608,-0.061749162468088134,-0.18757930299421077,0.024280005545826815,0.01828682659880859,1.2579406283495547
2025-01-13,-0.05451516304190923,-0.08147014137867895,-0.07950953230397102,-0.07719348461401414,-0.10224981575066712,-0.22939657170422292,0.028059506938620957,0.020900918769028717,1.6112987523343663
2025-01-14,0.01052974428026652,-0.0679064815402671,-0.08389821346636059,-0.05940581815078881,-0.08353811498678722,-0.3720145947427392,0.028105168549050492,0.021269041277932225,1.256400998631035
2025-01-15,-0.0014507932566084991,-0.04543621201825109,-0.07239119035502088,-0.05268376572134167,-0.07602137088559555,-0.2727512608706627,0.02856544768963256,0.021350087489648315,0.7290776893617921
2025-01-16,0.024789617078308963,0.03386856810196697,-0.04456765771856669,-0.021216638488625733,-0.04632865430416495,-0.2640593648145723,0.028449309881001233,0.022044234334076988,0.7456130026707194
2025-01-17,0.049254809775992184,0.07259363359769265,0.02860821483605001,0.03050121753830815,0.005104097168003804,0.0816116694154553,0.028119605717274287,0.02500285552230525,1.650449405163987
2025-01-20,0.017076394115606214,0.09112082096990717,0.10019977199356538,0.0460042483703435,0.022448733324364836,0.13988756330412655,0.027969302189766104,0.023285344791307054,1.157197613213683
2025-01-21,-0.03318958337274063,0.033141620518857634,0.05648044434055824,0.01471164339726539,-0.00880889676853969,-0.020129334430462224,0.031312166045926126,0.02432401035617472,1.2301298606527409
2025-01-22,-0.037053557360311205,-0.05316674661744571,0.020877680236855295,-0.01711847033974702,-0.041195226459511895,-0.1965952196035407,0.03590140157690884,0.02554839836492631,1.1527671709390768
2025-01-23,0.004881165742902343,-0.0653619749901495,0.0009692289014487905,-0.007942666246413191,-0.03286133983743105,-0.30168548417075897,0.03612538357706902,0.0255773051874153,0.7205489742182467
2025-01-24,-0.018720782483521763,-0.05089317410093069,-0.06700636335806523,-0.022616821660645405,-0.04628899674956093,-0.3000817772337635,0.036581693121962744,0.02576367630239734,0.5930856216840923
2025-01-27,-0.047652391375174685,-0.06149200811579416,-0.13173514884884602,-0.06530856232043608,-0.08602365780566544,-0.3997529194464735,0.04024588826889061,0.02658573041025527,1.1169339996508576
2025-01-28,-0.019671089574991037,-0.08604426343368755,-0.11821665505109653,-0.07813499060556421,-0.09731772038405548,-0.45002120112962357,0.043622401219327284,0.02586333812663653,1.6004497734132468
2025-01-29,0.02777023126978561,-0.039553249680380057,-0.05339286642099952,-0.04919740065634932,-0.06639967137975383,-0.34600093792518805,0.043514384929508806,0.027024406412962033,0.783145782650479
2025-01-30,0.021031198614476044,0.029130340309270687,-0.037242833549425876,-0.02549370011721267,-0.04103295945052898,-0.24064949320761073,0.042267629357387045,0.027278372846640506,0.7590594751613958
2025-01-31,0.040869113931173075,0.08967054381543475,0.022347062865268906,0.019887151518387908,0.002394751385129822,-0.0963808278194442,0.0398801079490591,0.029191207223042148,0.9152685254578549
2025-02-01,-0.041981150057106516,0.019919162488542384,0.02801830418333705,-0.011477529744345152,-0.034800113129308134,-0.1788257257209206,0.04683601374729372,0.030084942993869053,1.734816226086299
2025-02-03,-0.06750008994368104,-0.06861212606961443,-0.019810696185352774,-0.06318905928494199,-0.09041873717118284,-0.30355113087765234,0.05394264494981041,0.03285273463965401,1.3843948470703473
2025-02-04,0.05545419239229467,-0.05402704760849279,0.007873264937156151,-0.005183802276324144,-0.0338211240676378,-0.25487522897408466,0.05272854693057162,0.035771082776343756,0.8674723985367736
2025-02-05,0.02320220610448205,0.011156308553096005,0.010044272427162429,0.021034310453691852,-0.007541611740087453,-0.311040097458671,0.04897908753938105,0.03631813753737073,0.5657100496023146
2025-02-06,-0.011964572862176613,0.06669182563460024,-0.042789414366187224,0.010997410890170475,-0.016422319875344576,-0.43129779213839325,0.048829129184551505,0.03606249648061718,0.46054147198674744
2025-02-07,0.012370538192807307,0.023608171435113057,0.01156227388372668,0.01953181938476847,-0.004576510688118559,-0.3202227414039984,0.04616012023711983,0.03407466304315793,0.667262508138301
2025-02-10,-0.008467673829415021,-0.00806170849878419,0.07059468999799276,0.005899920054274847,-0.012433123962637795,-0.29120573940604916,0.04348548011967158,0.03404226109167516,0.8284528509337215
2025-02-11,-0.03690524429901378,-0.03300237993562142,-0.021764746693315896,-0.029229922540591768,-0.046058799177034385,-0.28643278602835265,0.046739926235623404,0.03500138804121401,1.0843396230898923
2025-02-12,-0.015268970983716894,-0.060641889112145644,-0.060235923781514863,-0.039211869380397904,-0.05651119235367702,-0.32643045267433707,0.04846666196375418,0.03451111903821129,1.7954650555023197
2025-02-13,0.01823762270178826,-0.03393659258094243,-0.030033728217549953,-0.014242487362998574,-0.03335702072248968,-0.18822130213547794,0.0464891756273665,0.03262192498683063,1.1579922499621496
2025-02-14,-0.04087547948763137,-0.037906827769559906,-0.08327974589798873,-0.04701847657746318,-0.06374235408348557,-0.15770224718190876,0.048946176427717376,0.03304706185088693,1.1144604591983986
2025-02-17,-0.010873735889287169,-0.033511592675130125,-0.08568580795786081,-0.0559716487108127,-0.06671697710438365,-0.2582395629371112,0.049943702453061414,0.03255226083447498,0.741144336477843
2025-02-18,-0.031229951116916562,-0.08297916649383502,-0.08001051477576349,-0.07593958681422634,-0.08887314796377595,-0.37064152027119746,0.053648885040235794,0.03230053136667737,0.9963305264858915
2025-02-19,0.0057092386265713115,-0.036394448379632405,-0.059032305165475404,-0.05957789956549074,-0.07698576849653883,-0.5096865160990061,0.05266958783233873,0.03231758087160869,1.2020987764795361
2025-02-20,0.013230572655660801,-0.012290139834684504,-0.06403935521160294,-0.038010321585539894,-0.05935536312721337,-0.3540891876703677,0.046423433119035115,0.03251365039508803,0.713888223861797
2025-02-21,-0.011819431525611736,0.007120379756620365,-0.03498330724958325,-0.03783013048152754,-0.06685732933752374,-0.1951514762913405,0.04401697523295239,0.0310353813232434,0.7619290959281888
2025-02-24,-0.005387819880103637,-0.003976678750054572,-0.029497391240399785,-0.03168743482626627,-0.06899753423212406,-0.345422069097738,0.041389718338262035,0.030817769594847704,0.5715985807903078
2025-02-25,-0.018982782093190417,-0.03619003349890573,-0.01725022221667373,-0.04058410778771233,-0.08157212968868752,-0.4674772776376983,0.041832923619115156,0.03010835336136155,0.7277394241550255
2025-02-27,-0.013706030782311054,-0.03807663275560522,-0.03666549162555603,-0.044563800256104694,-0.0875827652840496,-0.4700145379545148,0.042177940459228486,0.029489377300445253,1.1768752952400534
2025-02-28,-0.048802538363146394,-0.08149135123864792,-0.09869860264436325,-0.07520031610492352,-0.12089659843791004,-0.5996463033946654,0.046081462093071894,0.028584116243438318,1.587178348142134
2025-03-03,0.03150737340652457,-0.031001195738933,-0.055371797712227014,-0.03690640271899567,-0.08545818886820954,-0.4525845295135116,0.04609073987898126,0.02921369139853267,1.3639636253183531
2025-03-04,0.03819981998311167,0.020904655026489714,-0.011784157849011719,0.004832755586091635,-0.047222057623689036,-0.2914426541558066,0.04532600781630887,0.027408029723012543,1.2955874485510517
2025-03-05,0.03365991211501072,0.10336710550464685,0.04085853635918937,0.03671726749308021,-0.01064263351048282,-0.11482732854139059,0.04284239197815756,0.025323189184656952,0.8745060191769191
2025-03-06,-0.001987643955939464,0.06987208814218288,0.05257692318556102,0.03297157613556007,-0.0072705435145364586,-0.15978056927904333,0.04199525605090007,0.02451744262437438,0.6319120152743191
2025-03-07,0.010000426731675694,0.04167269489074692,0.11137988828038317,0.04198360779521891,0.006987957698595552,0.004372006933550097,0.03940588994685909,0.024688322975912474,0.8793224413003741
2025-03-10,-0.009941941809373064,-0.0019291590336368404,0.0699305730644855,0.030139539104777863,0.0024870623927098516,0.15375763647855337,0.03927954881357278,0.024408871233960454,1.108779672902015
2025-03-11,0.012198951743641533,0.012257436665944345,0.043929704825015584,0.03935452340183591,0.019269071831631377,0.1902988732699582,0.03713311254128471,0.024698333743382546,0.8735040567037592
2025-03-12,-0.012930689573259034,-0.01067367963899061,-0.0026608968632543086,0.022071424739614234,0.009263310979735942,0.3646905813554767,0.03655501801741668,0.023581540383591223,0.6905162681254674
2025-03-13,-0.005652157109790927,-0.006383894939408386,-0.006325410017105786,0.01166369080384291,0.006134007188987047,0.24977426416221818,0.036578185887614974,0.023414652431844957,0.7993327502297141
2025-03-17,0.012799933264632999,-0.00578291341841702,-0.0035259034841485003,0.014072090447823763,0.02203333798793857,0.23941081732206881,0.035433963558794655,0.023192029772733037,0.7970080662736383
2025-03-18,0.0,0.007147776154842019,0.00641603832522459,0.006569188979767234,0.022770648141530108,0.29713495919020433,0.033888031472235736,0.0213855958183327,0.0
2025-03-19,0.08381701682350531,0.09661695008813849,0.0780341034050883,0.08098773729777463,0.10741787727695165,0.4518297368664054,0.03546843746106582,0.028359455107789828,2.2943679960188725
2025-03-20,0.020716112003903903,0.10453312882740934,0.11168090498225126,0.09117687718299217,0.1227153440600379,0.608929531338058,0.03581014807474602,0.027319484457747064,1.7961257357637914
2025-03-21,0.018754948267841184,0.12328807709525043,0.13608801035988338,0.09699200240697921,0.1351685659456226,0.7960955542097787,0.034636320440148353,0.02745172843114886,1.6056639665842496
2025-03-24,0.059498553583337596,0.09896961385508257,0.18278663067858816,0.142414566613183,0.19221674816894213,0.8162510575837755,0.03450098716040768,0.029826109784863785,1.5824965991428217
2025-03-25,-0.028826950128269115,0.0494265517229098,0.15395968055031894,0.09199252543751588,0.14767182704374499,0.8270587399898867,0.03538807551051146,0.030698548496561354,1.064614441207674
2025-03-26,0.028463633348233253,0.059135236803301745,0.09860629707504677,0.10344734384798655,0.16781608124909775,0.8463726136936995,0.03567449772117347,0.030811217888107298,1.282490986344841
2025-03-27,0.007877745587094595,0.007514428807058698,0.08576793065823761,0.09044430119778615,0.16268657318160923,0.8555792883064544,0.03533533957112203,0.030036924817459253,0.7787251114033926
2025-03-28,0.003957650289895134,0.04029902922522293,0.07097063268029147,0.07280256143545585,0.1522482883956237,0.8638864023707419,0.03524193595015989,0.029502978630715604,0.8658966810931021
2025-04-01,0.01101050452119806,0.02284590039818775,0.022482583618151995,0.06327761680180652,0.14704252698321052,0.8819368099355762,0.03719910417945538,0.02573511582514692,1.548810261180315
2025-04-02,0.002530115969460694,0.01749827078055401,0.05383964971588169,0.045069007529476464,0.13382357167550135,0.8192501788848474,0.03685966978727055,0.025611136079649627,0.6208837613951339
2025-04-03,0.019828512306909834,0.03336913279756863,0.04520452867455851,0.05099101049585238,0.1411292781251045,0.8260767516781559,0.03674374711166333,0.025028149617983542,0.6661411683987379
2025-04-04,-0.018719204572598933,0.0036394237037717333,0.018607578514864942,0.02106145249517753,0.10804346203065526,0.7595251638162364,0.03833277213328067,0.02551996286942323,0.7216817918580642
2025-04-07,-0.05600874877112564,-0.054899441036814635,-0.041358820546155854,-0.03726684904837979,0.03966573980120121,0.6407208183104461,0.04644230066845712,0.029481486586000145,0.8866252642313855
2025-04-08,0.008384990071383668,-0.06634296327234089,-0.04398433499597023,-0.02710752234137064,0.04045988613877685,0.6563372656711246,0.048464943672377706,0.029477839976438512,0.82967128435842
2025-04-09,-0.002787171719254578,-0.05041093041899665,-0.04930162268468571,-0.030241356041645285,0.029444541678964358,0.5809017528496528,0.0445535883671024,0.029292905200111165,0.6863026028606769
2025-04-11,0.01880152526122962,0.024399343613358396,-0.050328609730366076,-0.01133404243492017,0.04038224913062547,0.5695859760884764,0.04316983540530227,0.02937688791039873,0.709918416976553
2025-04-15,0.0237942897239826,0.03980864326595744,-0.007815115433784495,0.011373477400934185,0.05487028124596642,0.5544810617799982,0.042288070984252635,0.02910838663748811,0.8048359777453236
2025-04-16,0.0007368129680805538,0.04333262795329285,0.048930446305421774,0.011346837731561974,0.04499361658986158,0.4498498314741704,0.03893002704910094,0.028957478448566693,0.9031226341036352
2025-04-17,0.0026572345493995346,0.02718833724146294,0.04320269078343775,0.014118209295253238,0.03772013845774721,0.4159621673176116,0.036232176530311876,0.029008118197692955,0.8241153822234646
2025-04-21,0.020799179360123255,0.024193226877603436,0.0667890418628155,0.033576689581204855,0.048327430515237746,0.36095193970036915,0.03385609018438615,0.028995104587078966,1.0325429771573464
2025-04-22,-0.005375169821691769,0.018081244087830912,0.042612346779894346,0.028855250111507524,0.035836182606624196,0.3277753478911825,0.033681921248891473,0.023607341993878476,0.873533976452321
2025-04-23,0.0048876377868274905,0.0203116473252588,0.023705694842739076,0.03221378829091335,0.03480851050155327,0.2962809284728752,0.03304753586522319,0.023380656567379032,1.245552761331076
2025-04-24,-0.0016264837476750158,-0.002114015782539337,0.02134239812698327,0.023379499460010725,0.028078544506983855,0.15534996142170215,0.029878740053116058,0.023239817992352082,1.0633589773205627
2025-04-25,-0.024388058954994737,-0.021126904915842376,-0.0057028953774109605,-0.004934558042142118,0.002510810364018008,0.16502081189394105,0.032149155858787866,0.020264622488403605,1.3698199780594498
2025-04-28,0.05333693488396827,0.027322392181298526,0.02683486014643423,0.03982588771092889,0.05223175255532058,0.21835905131258798,0.03210517621227955,0.02218022802723307,1.8423618427555886
2025-04-29,0.040511996905246137,0.06946087283421964,0.072722026873372,0.07019297709863927,0.08950605838436189,0.4643891933018577,0.03216091248677272,0.02300206403468047,1.7453166993075677
2025-04-30,-0.026691053888465422,0.06715787790074902,0.04114333519807939,0.03523284775953629,0.05672737276419969,0.47099539074072083,0.02908057274642692,0.0240879869437385,0.8073791225186675
2025-05-02,-0.0008025825918743468,0.013018360424906412,0.04196723635387994,0.027879633787104854,0.052078903791331156,0.3451263583530516,0.02882676569267733,0.024109668784924345,0.5508893368481427
2025-05-05,0.023471915435456653,-0.004021721044883112,0.08982721074433128,0.043432355852988845,0.07244699024563424,0.44755885359429387,0.028314399918138545,0.02447109322053942,0.5010144917743106
2025-05-06,-0.01831154856843982,0.004357784275142367,0.01817872729192328,0.0199002449191671,0.04963927591786077,0.3075666658031628,0.029994455397102424,0.02498288491965671,0.8595426151143015
2025-05-07,-0.008287172010780948,-0.0031268051437641146,-0.030620441624103874,0.0072826081688813745,0.03914850906521727,0.15353939871597588,0.03083846037684498,0.024783754049379436,1.30455438193837
2025-05-08,-0.010659895028069322,-0.037258615607290164,-0.01458928276370786,-0.00599379326105986,0.0259384423149655,0.12144951355256182,0.03248192217887887,0.024497819187435075,1.0787378717813587
2025-05-09,0.017548428370525053,-0.001398638668325245,0.003761728198691562,0.007049744564289549,0.03816489455728876,0.18321898679244683,0.034425743895760454,0.020507949046085293,1.4230240320002807
2025-05-12,-0.013757200382934737,-0.0068686670404790266,-0.0334673876196999,-0.012087118250319537,0.01930500314938214,0.24097242954714646,0.03606743315895892,0.02095387867146635,1.345340408676093
2025-05-13,0.03759762562524729,0.04138885361283765,0.022441786573987318,0.02159176794799042,0.05136877350453773,0.3029897836073479,0.03693993807390824,0.02210912167374962,1.2748656983205562
2025-05-14,0.033742460300521665,0.05758288554283431,0.06447141888529005,0.052947731593432565,0.07931664541433799,0.40902001197198246,0.03741011320449724,0.02278130922581515,1.8644380130619296
2025-05-15,0.020098685131547434,0.09143877105731665,0.09522999904490692,0.06545656332548165,0.093079624185666,0.4527948549973988,0.03758045637128481,0.022656487398444287,0.966646573460475
2025-05-16,0.052631632918774415,0.10647277835084358,0.13031320359315635,0.10743005057084197,0.1403834967013487,0.5829281753803776,0.03760248247938538,0.024743832679698135,1.187810860832068
2025-05-19,-0.021964670621315446,0.05076564742900655,0.12210573335477558,0.07350589020972081,0.10582160890572348,0.5938455268375327,0.03761736431048999,0.025714996868068375,0.8222395755926614
2025-05-20,-0.033445938876550355,-0.0027789765790913585,0.05106216885297799,0.030612604292954912,0.06309468351471045,0.43489283866413897,0.038079623980184524,0.02718359764256109,0.6837495877051399
2025-05-21,0.03041122665578235,-0.024999382842083365,0.0477309352082386,0.05058943830263423,0.08740130160227239,0.5351947857361455,0.03779310937546517,0.027575539317781877,0.7310840402191984
2025-05-22,0.007748217111989958,0.004713504891222022,0.03538046718868098,0.04521162836151758,0.08719569405712659,0.601436122615165,0.03726756822997882,0.027567518891062025,0.5452997472767441
2025-05-23,-0.015677792970524042,0.022481650797248485,-0.032928958700617315,0.01922135131418751,0.0627005648404347,0.5222168546915785,0.03781613042186121,0.02799765625711505,0.6870545204822202
2025-05-26,0.008349457777689476,0.00041988191915551677,-0.0026148303016124887,0.016006118467496763,0.06243103882222196,0.5957107246958196,0.036061195508659966,0.026995455785772282,0.5831416052060865
2025-05-27,0.005163320342886472,-0.002165014849947944,0.03599442891782429,0.012643215583682501,0.061139348200092807,0.6910871964028402,0.03517953024014366,0.02487788167467654,1.019348398224226
2025-05-28,-0.002249479040870929,0.011263299079705025,0.003333723221171053,0.005311249870777332,0.054211711324330586,0.7155372532724283,0.0341484219317834,0.02359487921811064,0.6368907183374329
2025-05-29,-0.0034136647385075393,-0.0004998234364920252,-0.00782815862932646,-0.0008351650361074506,0.044989947515050956,0.6502467719152111,0.032265472456329665,0.02253901372979608,0.7717785885405576
2025-05-30,-0.005333460188089184,-0.01099660396746759,0.0025161741531084104,-0.0030904631609996393,0.034139010972537506,0.5618670504339474,0.0312691081141275,0.022627337692234635,1.0757085249195306
2025-06-02,0.008607591075863294,-0.00013953385073331562,0.0027743074512822717,0.005511440524811346,0.03847687513635319,0.5343879659944619,0.029234299252601622,0.02223573580707877,0.669106929292655
2025-06-03,-0.0055764633427151725,-0.0023023324549409523,-0.007965476234319478,-0.002836070873424346,0.02757917938624443,0.45371763035168927,0.02750798239771499,0.021726434564936985,0.8589776700132378
2025-06-04,-0.005910250209807435,-0.002879122476659243,-0.011626247403255853,-0.007893247298496591,0.016400284429444613,0.2979137136218844,0.028005160355714757,0.02165587192845194,1.4154928981057489
2025-06-05,0.022291052353281167,0.010804338800758574,0.014078469688532689,0.013829342992453168,0.032448810802140016,0.20414756152664026,0.02468086006058676,0.02163955401720591,1.410550952108076
2025-06-06,-0.016360770098092284,2.0032045381443328e-05,0.0030511597785295736,-0.003174706962267888,0.010673318646569138,-0.013444023814830359,0.024273380324916296,0.022080540804393107,1.1858108037005064
2025-06-09,0.0038608436741766213,0.00979112592936556,-0.0016955876231570704,0.0005733694940201638,0.008770326358770213,0.08952973105676477,0.022301648837390477,0.021633551664276943,0.586122481004212
2025-06-10,0.02045380119906331,0.007953874775147599,0.02433467691862144,0.01955910450602105,0.02443402539226915,0.07715981368471801,0.02056186305722382,0.020633371072157302,1.3923210520872065
2025-06-11,-0.01424394450022953,0.01007070037301057,0.016000982628199354,0.004698677936581378,0.007202510734141234,-0.08003617653392837,0.021175731094942897,0.019913614534685126,0.8422011340431149
2025-06-12,-0.016767310222954614,-0.010557453524120748,-0.02305737994803637,-0.011125780265375385,-0.010446566950389008,-0.04046076018260905,0.021930129613419266,0.019931596369897896,0.6764297633951394
2025-06-13,0.014025401557379776,-0.016985853165804202,0.007328791707435659,0.0018038671427240542,0.004550035506453636,-0.0029426300204156066,0.023149622363909928,0.016176506819172258,1.312397370520317
2025-06-16,0.007473059283013548,0.0047311506174388795,0.010941007316272738,0.00838180800736323,0.01160602327546985,-0.03825214288054894,0.0228221026123112,0.015493548844057603,0.794364292004336
2025-06-17,-0.003244047817769506,0.018254413022623952,-0.01275684170056015,0.003954298477996522,0.006359384005492397,0.08074747175163921,0.02315948438044279,0.013335413479327572,0.9575567677156769
2025-06-18,-0.010616258885215665,-0.0063872474199716065,-0.009129156085546396,-0.007322857596975107,-0.004197392175357615,0.09608166340349811,0.023463872691111082,0.011798813521843265,0.6427705511936669
2025-06-19,-0.01853269333271651,-0.03239300003570169,-0.010894539195308226,-0.0222600763707936,-0.02113849079699442,0.10203966457068646,0.025081521599390363,0.012333492757225518,1.0114868895341416
2025-06-20,0.014338939977891502,-0.014810012240040594,-0.010581000774796645,-0.007818753231447189,-0.007115538020968935,0.12983263918968163,0.02537077980127538,0.012329038891739794,1.1893728293794565
2025-06-23,0.011018680002092841,0.006824926647267727,-0.007035380055717463,0.0027821010285488277,0.003634763581947741,0.15318189140960725,0.02510838936173274,0.012436835077292215,1.1306150422727654
2025-06-24,-0.028585824513966074,-0.0032282045339818728,-0.03237715675191408,-0.02107304911207579,-0.023258724954836503,0.14248770033306726,0.026096679712272926,0.013934401693382692,1.3545381159604233
2025-06-25,-0.01938232080306327,-0.03694946531493661,-0.04114321866976161,-0.03508770285881638,-0.0398478832449137,-0.027320316037545637,0.026246752594715626,0.014501975687661813,1.039071388043632
2025-06-26,0.005078114424444802,-0.04289003089258458,-0.01753241091260026,-0.027455609296407057,-0.0331816541213265,0.007486490650712483,0.025087695177485818,0.014591530642731406,0.6748894035899197
2025-06-27,0.016634464984673476,0.0023302586060550646,-0.015236885905818265,-0.008578473300898904,-0.016212349655832174,0.10416433979322022,0.025280505560133594,0.015133868637045477,0.796355364748779
2025-06-30,-0.005753712399415005,0.0159588670097034,-0.03200927830732606,-0.0103823105416122,-0.02040738852706229,0.023261930485074488,0.024496456454923463,0.015005572581856435,0.59701402111613
2025-07-01,0.008669168252349571,0.01954992083760796,0.005245714458989423,0.0009822717862870505,-0.011112374319641542,0.15831029722195722,0.023706282965493115,0.01513889812625632,0.9320788139228215
2025-07-02,-0.0028338365417601365,8.161931117437006e-05,0.02179419872029267,9.998957291604839e-05,-0.01329995120750263,0.18106808664448296,0.023129023598492664,0.015099581349991948,0.6964911884270025
2025-07-03,0.006694258502179033,0.012529590212768454,0.02341034279802692,0.0062236394409311635,-0.005265924770917809,0.12612598550818588,0.021517513889380297,0.014231633489057526,0.9807863057819258
2025-07-04,0.012494644687294991,0.01635506664771399,0.019270522500648448,0.018457198749201063,0.0072012732796086065,0.12871535108593732,0.02080401056440179,0.014097530014730617,1.426843989148425
2025-07-07,0.003877674882210399,0.02306657807168461,0.028901909782273957,0.022739542991196182,0.011073667316468772,0.09678829927640038,0.020737745313917415,0.014097770665535574,0.8138799796411347
2025-07-08,-0.0020169196152800607,0.01435539995422539,0.018215821914644468,0.01826880337882373,0.01015304058055888,0.19512311858678644,0.020783894722342072,0.01325549077589889,0.8477940506022091
2025-07-09,0.0009789806765859498,0.0028397359435164493,0.022028639132990493,0.014831085669285616,0.011473322099424086,0.3323774234753495,0.019104586994136766,0.012892115258731207,0.6844537719278235
2025-07-10,-0.01850297007045023,-0.019540909009144368,-0.00316858943963883,-0.005758420662990204,-0.00666454281423011,0.17245184869774433,0.01966189404669368,0.013013906012578035,1.169540656139231
2025-07-11,-0.010120957349973174,-0.027644946743837363,-0.02578419147690691,-0.01513689544193373,-0.015076090762245897,0.017147966860245275,0.020057127077109792,0.012721052858913276,1.074149547790839
2025-07-14,0.00412204868828857,-0.02450187873213486,-0.025539817670828913,-0.011397009673075678,-0.009228036622942047,0.21486739222858303,0.018486467537621308,0.01261667109137731,0.8406909000897105
2025-07-15,0.0021670327765025256,-0.0038318758851821296,-0.021355865279046347,-0.008943550358450354,-0.005561320585835672,0.4146854313620389,0.017498309149465274,0.012641709824524871,0.7915421458999382
2025-07-16,-0.0051594700734352884,0.001129611391355808,-0.02749431602906774,-0.013510641546440013,-0.009447784207928656,0.48224399016725383,0.01745980145121756,0.01249292132285384,0.6240585836204908
2025-07-17,-0.017038203693611285,-0.020030640990544066,-0.02602954965222859,-0.027381497826284865,-0.025062015593596318,0.33809664041365467,0.018071535574768642,0.012388078095515082,1.0719255581613758
2025-07-18,-0.029151434400744927,-0.05134910816779142,-0.04506002670300041,-0.048728148188981,-0.04996474753289021,0.1486253511605159,0.019997298539627555,0.01330618166524817,1.7768479280328506
2025-07-21,0.021122302702904175,-0.02506733539145201,-0.028059772688384846,-0.023195767044834222,-0.026929931892917085,0.13379148680981046,0.02017920774990502,0.014050986167749482,1.1232567717282154
2025-07-22,0.0015143129448626264,-0.006514818752978036,-0.028712492520024564,-0.016776923841574767,-0.02417316521694659,0.24987810533166224,0.01965478312618207,0.012694187700153852,0.8790359409898585
2025-07-23,-0.008950903654743936,0.013685711993022908,-0.03250392610133322,-0.019631125037378017,-0.03210549198105923,0.117909085224765,0.02017533285032361,0.01211450610378341,0.7926130780348143
2025-07-24,-0.007492203526520673,-0.014928794236401987,-0.02295792593424264,-0.022171701842351135,-0.03798246797565371,-0.06484321645818085,0.02013477928232694,0.012119093526255132,0.7918805678018193
2025-07-25,-0.027705854430676344,-0.04414896161194096,-0.02151234596417414,-0.04262320929516456,-0.060938826323245036,-0.20775639852709574,0.021389190445562922,0.0126817781163144,1.027656902741032
2025-07-28,-0.010177489336421831,-0.04537554729361888,-0.05281213800350009,-0.044691718322549874,-0.06695266690741092,-0.33579616787295236,0.022165905160291006,0.01275866761273257,0.8012957757617131
2025-07-29,-0.0019101707844414741,-0.0397935145515396,-0.05623662173280424,-0.03838552150034729,-0.06472295754661696,-0.4756990361947595,0.022951470619376736,0.012426174146286169,1.484337265443683
2025-07-30,0.01039488784821664,-0.0016927722726465856,-0.036890830229843664,-0.021505376570916737,-0.05146608043305661,-0.3437814856165977,0.021428575306998918,0.012858726505519882,0.7768524048438732
2025-07-31,-0.0024452867803057498,0.006039430283469319,-0.031843913483628715,-0.018498344432600268,-0.049843527808952286,-0.32419870145141005,0.021687421600206615,0.012628624198396426,0.8387842738524062
2025-08-01,-0.021220835546771247,-0.013271234478860354,-0.025358894599723625,-0.03465594555373541,-0.06435789336951524,-0.4462279185798181,0.022762458602983416,0.012532740086211495,0.7605230962962928
2025-08-04,0.022102743302595977,-0.0015633790244809161,0.00692133803929419,-0.008486401145213634,-0.038637561203890704,-0.45469690141483654,0.023377710105266486,0.013871110416102332,0.85912610893391
2025-08-05,0.008841628826822868,0.00972353658264763,0.017673137650558456,0.00426877790810503,-0.025721029910490023,-0.34456887247418905,0.023717990258735364,0.014201537228666362,1.0587639808533813
2025-08-06,-0.008687361408103295,0.02225701072131562,-0.0014091116057614289,-0.0005329174861506996,-0.0293062470184004,-0.20852481221836555,0.023932803520258034,0.014172164897523983,1.1533061540838263
2025-08-07,0.002640551757065622,0.0027948191757850085,0.0036767269316098556,0.0049867808774674265,-0.02292595970747639,-0.1427431943089725,0.022478978129403693,0.013891027141721614,0.9550271549128939
2025-08-08,-0.024469616000251066,-0.030516425651288745,0.00042794647813021187,-0.016872501504684646,-0.042169044088389875,-0.3041799350490911,0.02290713431289625,0.01458474257612579,0.8726312678074175
2025-08-11,0.0009677767299736339,-0.020861287513211767,-0.020707020094492292,-0.014574487338955737,-0.036656701411747886,-0.2983904296966853,0.023595263542089913,0.014502567473546677,1.2590932162463164
2025-08-12,-0.008018753143337061,-0.03152059241361446,-0.03756740206465213,-0.020520834094005232,-0.039276356311665026,-0.39828792219404335,0.02461300728171223,0.01442615582308908,2.3635565218676486
2025-08-13,0.025746415196530578,0.018695438783167245,-0.0031336254600183196,0.005484789521814546,-0.01047721074519258,-0.12155561345006945,0.02529775883399343,0.0160044274875257,1.6832037994937814
2025-08-14,0.00676256240057661,0.0244902244537701,0.0009883851834927519,0.011830759565677694,-0.001204840238096419,0.02272729776089989,0.024478063707272846,0.01584427046574555,0.7358406951561877
2025-08-18,-0.008997467160356412,0.02351151043675081,0.016460534023387426,0.001086552514099208,-0.008657811436736874,0.1339508103659844,0.024368604425335144,0.014656885913788983,0.623919326299847
2025-08-19,-0.013761896363065728,-0.015996801122845523,0.0017308609303480435,-0.010724614582581771,-0.018992902985155824,0.1457632535589913,0.024244268265287316,0.01387815793339588,0.678407590336656
2025-08-20,0.0035422322301667153,-0.019217131293255422,0.013291846303851947,-0.004786300489478437,-0.012358771081759118,0.25507683933182607,0.02560361198313061,0.013922086245748082,1.6390575973097108
2025-08-21,0.004615035608188439,-0.005604628524710461,-0.007839533284490175,0.0009214341268871331,-0.00529782534393866,0.18777193018075677,0.025215596650467707,0.013954607662093372,1.0651940328344036
2025-08-22,-0.00022353861722682067,0.00793372922112851,-0.014825634302293719,0.0020949504104493697,-0.0033942804819794047,0.2817580271933832,0.024526256046388667,0.013911336861341066,0.8120959711598913
2025-08-25,-0.003448797939552698,0.0009426990514090238,-0.009276965081489914,-0.002068454221370947,-0.005941556005891829,0.18256718532218727,0.023667260876931936,0.012552480499323984,0.682186334267523
2025-08-26,-0.01674019962642152,-0.020412536183200977,-0.012255268344845681,-0.017614983914748902,-0.021266576635590374,0.09114238697981193,0.02409756725373024,0.012889373453103665,0.6436221614713297
2025-08-28,-0.008913570476064375,-0.02910256804203849,-0.02471107105107683,-0.025242633402867795,-0.028452908653087916,-0.0042571219403494355,0.024023438973894175,0.013003862363063234,0.86301143774664
2025-08-29,-0.002788910165746786,-0.0284426802682326,-0.0321150168250121,-0.024090429159059415,-0.029018436652455307,-0.017161377756734167,0.02439154660452051,0.012696163778672812,0.871454132209796
2025-09-01,0.022141462329985095,0.010438981688174016,-0.009750015877800096,0.00024166368345033832,-0.0062878018517182254,0.04891290361033214,0.024000818891739075,0.013814757170411153,0.7537671038735931
2025-09-02,0.004931809458677788,0.024284361622916157,-0.0013694084795695487,0.00626947088895761,-0.0016850797715663342,0.04233233783441435,0.02323698523523111,0.013014111697962337,0.8724028845445194
2025-09-03,-0.00011232799787152607,0.026960943790791572,0.015258463148980432,0.0058529639750707465,-0.000994397461945538,0.15520879326822354,0.021446302766667893,0.011961886257616456,0.8234835204348677
2025-09-04,-0.0031728776516747777,0.0016466038091316577,0.020999155973369873,0.0030405799471361827,-0.0027497451608547207,-0.03808643938871328,0.01982785218219351,0.011752115911545458,1.1336826019839463
2025-09-05,-0.007261101316670438,-0.010546306966216766,0.01652696482244639,-0.00265598207904464,-0.008643727587411405,-0.1538464291918203,0.01981379551356686,0.011709815302702797,0.86290175122513
2025-09-08,0.008770069636889815,-0.0016639093314554509,0.0031555721293508913,0.006799466721681364,0.001122114588907061,-0.1915332915680753,0.01912524187377804,0.011897853663239647,0.7536545094593521
2025-09-09,0.0023376881329140245,0.0038466564531332696,0.0005614508035871698,0.009238125008775203,0.00314529291353022,-0.06585709087644374,0.018397402317679404,0.010551035058661161,1.1124903095579455
2025-09-10,0.0229716587355051,0.034079416505308935,0.023645437536963812,0.02863707108924526,0.024984001508985762,-0.1641662084491729,0.017727444704568607,0.011706241312510381,1.7364013901300122
2025-09-11,0.0051867876042224585,0.030496134472641625,0.032005102792860965,0.028496291249673192,0.028156754252330555,0.06259692468208072,0.017535956695105125,0.01151678870753114,1.4011498434698926
2025-09-12,0.03525687836484466,0.06341532470457226,0.07452308247437608,0.05561699117992389,0.06223524079077134,0.15018427544055513,0.0184306060170309,0.012682748038146051,1.8654492954529678
2025-09-15,0.010397564771347576,0.050841230740414814,0.07615057760883402,0.05804559099475747,0.07027835948383646,0.3370618223894564,0.01880600762335733,0.012771953388253312,1.1268579720496887
2025-09-16,0.00929926241744448,0.05495370555363677,0.0831121518933645,0.058853893252407585,0.07618388416175166,0.46956046491652387,0.01855814639905549,0.012540413636298993,0.6373730995288289
2025-09-17,0.01031852165693966,0.030015348845731774,0.07045901481479902,0.05965462817646124,0.08190268639053552,0.6120834780240142,0.018447973929730032,0.011921262869901528,0.8514994291631922
2025-09-18,-0.006853497765629355,0.012764286308754796,0.05841872944494716,0.042927740175983276,0.06973962597820299,0.61216514798525,0.01800274353016833,0.01220479545578255,0.5453934914864763
2025-09-19,0.012156169467239597,0.015621193358550013,0.035318020547342094,0.04421597010493296,0.07757527758816232,0.6225312517079072,0.01709363145256792,0.012329731845467953,0.8561439806599765
2025-09-22,-0.02210909615279646,-0.01680642445118617,0.002811359623198041,0.013522935043931756,0.05014891220208862,0.5132079770262564,0.018632892337911863,0.013687325676060045,0.8407882952705729
2025-09-23,-0.0018317539162751085,-0.01178468060183191,-0.008319656710521463,0.004345942437059269,0.04432373106626445,0.5099456994978294,0.019030148580833992,0.013648101912411163,0.6951336761523605
2025-09-24,-0.01596035508103137,-0.03990120515010285,-0.034598533448492584,-0.014986157591206513,0.023997437208672732,0.5303134439071931,0.020060592279632614,0.013587613611634217,0.7911530507814771
2025-09-25,0.010801189836742883,-0.006990919160563539,-0.016943845846120256,-0.008300822708115458,0.030310385532499904,0.6339440502591759,0.020317761722020173,0.013334217591675412,1.7380832029642053
2025-09-26,-0.00822186593052699,-0.01338103117481546,-0.037321881243886974,-0.01622692141070878,0.017445088008281023,0.4760770384836224,0.020951516796883785,0.013548938832067448,1.4562225410749092
2025-09-29,0.0008231028637816465,0.003402426769997678,-0.014389682227308803,-0.014286615536535029,0.014899095766758215,0.35991615682319095,0.022188048911712627,0.012907448908588519,1.006729577064005
2025-09-30,0.0013703686327309346,-0.006028394434014309,-0.01118755967830275,-0.011011917924392652,0.013091312776843632,0.2575008910397783,0.02096129367174685,0.012909572838757384,0.5410115895200897
2025-10-01,0.011916475827157979,0.014109947323670862,0.016689271229886674,0.0026572238873897513,0.021394741080614347,0.23065547366868044,0.02095388774410378,0.01302640038311953,0.6066775113094607
2025-10-03,0.013852069027329385,0.02713891348721835,0.019740150420473182,0.016354211590442404,0.030890274678638908,0.1501349492499166,0.01946450213946015,0.013102135925184695,0.8813373771390756
2025-10-06,-0.005187484723180838,0.020581060131306613,0.022774531627819356,0.012595830168175273,0.020798600327916687,0.0692550441010691,0.019158852066036104,0.013010713154768445,0.6408290760931019
2025-10-07,-0.001569814307235666,0.007094769996912902,0.020381614456801884,0.010397232544650565,0.014984755745789547,-0.04953133290318632,0.018912837706457228,0.013048556382591035,0.8359347863303852
2025-10-08,-0.010076227443915129,-0.0168335264743316,0.008935018380155906,0.0004930408951584527,0.0012889656637555535,-0.2164705408357095,0.019023832529629844,0.013433761425607831,0.9671466169957912
2025-10-09,0.011872964184152478,0.0002269224330017288,0.008891506737150402,0.009860381810665352,0.010198234526468019,-0.07625274423378528,0.01972931760547594,0.012807222420174983,1.302302172913182
2025-10-10,-0.0027688055438377496,-0.0009720688036002706,-0.00772936783401672,0.005858765251834122,0.004769242987686193,-0.11709979799407691,0.01970569068359391,0.0128615156015805,0.9558831817152029
2025-10-13,-0.01827097416803734,-0.009166815527722524,-0.020812857278873248,-0.01254350651104322,-0.013420123232605942,-0.12049193060093004,0.019566301087550236,0.011184504902153662,1.2951870900605607
2025-10-14,0.0002949584705560061,-0.020744821241318996,-0.018948084501081527,-0.012391946656942064,-0.012632308094516508,-0.12291565529589775,0.019366416418768507,0.010914986664010766,0.9364092966959229
2025-10-15,0.02051789880831724,0.002541883110835944,0.011646041751150745,0.0060151228162344545,0.007781159441257009,0.0029255669390002483,0.019436015628385452,0.011705144657281338,1.099235409334869
2025-10-16,0.0033172872073081246,0.024130144486181428,0.003090364774306231,0.008145929345590663,0.011433804611641748,-0.09028142545556463,0.01854735163612415,0.011484615067513481,0.8529611707303232
2025-10-17,0.003531943887536788,0.02736712990316201,0.009391114205680784,0.011543019297113774,0.014783365549785002,0.19662218494222458,0.01893877672760582,0.011407057983291502,1.7023111949538807
2025-10-20,-0.003799357653465226,0.0030498734413795846,0.023862730720252877,0.007397957293681861,0.011526406862372838,0.26296872224308787,0.018173126274526014,0.011081861045264575,0.6219129960783126
2025-10-21,-0.00037039877176947745,-0.0006378125376980519,0.023197373477927385,0.006595065194460882,0.010631202472017362,0.3242323077116322,0.017797589099041198,0.009856965931687587,0.1502913732679504
2025-10-23,-0.00992933524198874,-0.014099091667223555,-0.0072498605723786405,-0.0037858260218934145,0.0005387678163605682,0.19842059174598903,0.017621774842250536,0.010121073682178199,0.8530621448135233
2025-10-24,0.0008312206616435837,-0.009468513352114637,-0.009735927118043216,-0.002294135700995522,0.0004312379433013203,0.058268080940981265,0.01735490334511054,0.009387974252255156,0.8074293801820888
2025-10-27,-0.011994792358233324,-0.021092906938578456,-0.025262663363813304,-0.012632731441147387,-0.011308019537745196,-0.05812938542010229,0.017720498566123958,0.00951159496309049,1.3243622686251324
2025-10-28,-0.006813396961510796,-0.017976968658100504,-0.028276702671858864,-0.01891157623331889,-0.017903079121735742,-0.08438444051091949,0.017802344742168484,0.009454061289984519,1.5182802491051905
2025-10-29,-0.006242302753007069,-0.025050492072751302,-0.03414860665309648,-0.023968890321287083,-0.02355885082117658,-0.09952299453737609,0.017433074098387055,0.00954839865991496,1.171906316870612
2025-10-30,-0.00960916105963846,-0.022664860774156408,-0.03382843247074615,-0.029368146294356766,-0.031927291265602266,-0.27766759383580947,0.016847205448954156,0.009750160577251936,1.3141959556179996
2025-10-31,0.006345060810529676,-0.009506403002115828,-0.02831459232185995,-0.019475196310237808,-0.024510270665949657,-0.23003708163402933,0.016725384154118648,0.009435466413939535,1.1924509062915671
2025-11-03,0.0031789222194350516,-8.517802967355836e-05,-0.01314087774419151,-0.012550531866246982,-0.01960903575634342,-0.11388481533270152,0.01581571384502216,0.008814578172672257,0.5042551589660126
2025-11-04,-0.0018976372892444487,0.007626345740720321,-0.008225118071925176,-0.01079813880521681,-0.019836339582535226,0.02363899774419778,0.015557651818533108,0.008779390769881646,0.9328481684221591
2025-11-06,-0.01987256552475857,-0.01859128059456796,-0.021855380843676595,-0.024814815536583476,-0.03666403974631882,-0.12634680118537986,0.015534042192915947,0.009676219044820827,0.8698086557652785
2025-11-07,0.007158226548535723,-0.014611976265467405,-0.005087993235502544,-0.01396592405399412,-0.02808746647313919,-0.23868549875528586,0.01617973806992661,0.009741420002710497,0.7055756686622023
2025-11-10,0.034666337928519975,0.021951998952297103,0.023233283882487733,0.02134678724213965,0.006793470444755604,-0.2904672532183338,0.01624136752425525,0.012389520414159836,1.7659703942469336
2025-11-11,0.015084678248014658,0.05690924272507042,0.035139039911067316,0.03453633034920596,0.021776811279094598,-0.10227962318758259,0.01626996380086798,0.012858305824889922,1.3535070707464463
2025-11-12,-0.02374451566806,0.026006500508474716,0.013292161532251733,0.009745523347036496,-0.0022315090789192544,-0.2661597175835567,0.01949940253689135,0.01332432187774118,2.003295046836159
2025-11-13,0.0005263435039140833,-0.008133493916131228,0.03369107056092453,0.009077661417535557,-0.0017502525031040616,-0.29481835893722375,0.02027694445671212,0.013324662068327102,0.8761752717233287
2025-11-14,-0.004472245187033956,-0.02769041735117981,0.022060598825354737,0.0028793894408513836,-0.004998402256269545,-0.2058315288881606,0.020292321920597184,0.012446490682244507,0.45731719588055975
2025-11-17,0.01373258129334561,0.009786679610225685,0.001126842190180315,0.014264722703261389,0.009461632215202843,-0.07455423960979062,0.02013472741398921,0.012856801876163745,0.8181474197506898
2025-11-18,0.002644919725007277,0.01190525583131901,-0.01131291633282694,0.014521789494718032,0.0128878074072216,0.04993493194539667,0.020195933749463355,0.012843013657521262,0.7027334422861864
2025-11-19,-0.013337517544614515,0.0030399834737382973,-0.0009059182093814944,-0.00015170418379797002,0.0006887167002443068,0.05390948726177342,0.020876627232846307,0.013136766912566385,0.8562860860865719
2025-11-20,-0.005834638741062209,-0.01652723656066945,-0.007266900454357806,-0.008538583817488071,-0.0036450063497588166,0.07730004086221953,0.02093366687184628,0.013175243613548703,0.8943189430550048
2025-11-21,-0.02611946594277613,-0.045291622228452795,-0.028914121210099966,-0.033457720230474504,-0.027120991426499565,-0.07503481907119863,0.022418781211137884,0.014180773708511278,1.1725478090572798
2025-11-24,-0.03316636793757335,-0.06512047262141159,-0.07581307044101887,-0.05815970012954237,-0.055166796223319985,-0.2711610039944137,0.02536661657901524,0.015739174998076828,2.389089640900156
2025-11-25,-0.000787693993055834,-0.06007352787340537,-0.07924568415908201,-0.05043088054411523,-0.05273752582612066,-0.3757670877517987,0.025420378765664817,0.015638300976510037,0.8043620647828424
2025-11-26,0.017010412582243548,-0.016943649348385693,-0.04889775403222395,-0.029352790309093928,-0.034357949784109366,-0.2978132421931403,0.024498334634867062,0.016261777653684764,0.49037602255230317
2025-11-27,-0.00768798573329283,0.00853473285589483,-0.050751101024454605,-0.031212419836194088,-0.03957836483580458,-0.30414043667228896,0.024105867207184908,0.01628371743964284,0.4986009977656581
2025-11-28,0.013118364511775319,0.02244079136072622,-0.011513270569903124,-0.014428637154169555,-0.02577127311395512,-0.35526522833029134,0.02227582851279821,0.016538502250081404,0.5725760903031378
2025-12-01,-0.0025789891856289973,0.002851389592853575,0.019074108182041298,-0.011293053489772067,-0.02672438821496696,-0.40701501907540205,0.022205650014369048,0.01644511983841306,0.8994911368204677
2025-12-02,-0.004911992094293896,0.005627383231852551,0.014949810080803124,-0.009667207326795962,-0.029552534916855284,-0.32110169826387364,0.01963908822026648,0.01642038030797957,0.8991515291131246
2025-12-03,-0.016143852288259472,-0.023634833568182436,-0.018204454789699853,-0.018891088894222384,-0.04252247071500202,-0.30657211829818837,0.019469244967129408,0.016720882044209014,1.3042359043514642
2025-12-04,0.01354533760249838,-0.007510506780054942,0.0030288685460914642,-0.0006534123201020458,-0.02844998791318033,-0.2813305935068942,0.019807737155338737,0.01658746960748502,1.204446350906525
2025-12-05,-0.012036165318291847,-0.01463468000405286,-0.02212566128397579,-0.00926293227952778,-0.038165955880761195,-0.45067850732713877,0.020435027963329154,0.016641840596553662,1.4957023920177013
2025-12-08,-0.035719287495460536,-0.03421011521125396,-0.05526595959380735,-0.040646780294907786,-0.06683802519350404,-0.5986401889110775,0.02298589419336036,0.015900121381893447,1.481459816213973
2025-12-09,0.0037019173981518187,-0.044053535415600725,-0.04665205010136179,-0.034092945519212076,-0.05763783315891838,-0.6149075816075242,0.023561625013487266,0.015315853130419723,1.2038843831283272
2025-12-10,-0.0020704436198133226,-0.034087813717122266,-0.0325786414329156,-0.031226079987283235,-0.054884304421453235,-0.5103492315289333,0.023537270067216624,0.014759327566782722,0.6906722276485004
2025-12-11,0.006198514857038199,0.007829988635376418,-0.0399254641783759,-0.021617828314156515,-0.04448412245988841,-0.4339393452679738,0.02201641522415468,0.01492526587167354,0.36437078680863755
2025-12-12,-0.004244275990129917,-0.00011620475290517352,-0.03213357485021397,-0.02044040472555867,-0.044014232357023765,-0.32462096897736925,0.020659075521914167,0.014925572772365187,0.7026753861703257
2025-12-15,0.004429477549900538,0.006383716416808687,0.008015190195146953,-0.01138541770210067,-0.03469131873783307,-0.304733803437484,0.021278484572030562,0.014457383603003695,0.8799713174723405
2025-12-16,-0.014028004780800303,-0.013842803221029707,-0.009714731983804969,-0.019615074415749948,-0.04229273224555995,-0.4227943574428798,0.021681331107838386,0.014461949302461759,1.2470244967410682
2025-12-17,-0.00777407405560675,-0.01737260128650649,-0.01541836241959835,-0.02253189971485248,-0.04416911113401664,-0.41797052632093906,0.021475521740194112,0.014367252273264377,0.8651627983493227
2025-12-18,0.007328134683707202,-0.014473944152699762,-0.014288742592929221,-0.009911344198739491,-0.032138586426588005,-0.44644570145845053,0.021382441284083478,0.014661871288735251,0.7281884092596205
2025-12-19,0.010694993996503798,0.010249054624604277,0.0006505273937044263,0.003947848273361436,-0.018501312823818807,-0.4616901078846584,0.020818183788934092,0.01418691686469705,0.8814085357852052
2025-12-22,0.018593695321063242,0.03661682400127411,0.014814745164867138,0.020433832111936254,0.0005920187610287272,-0.3631715824582005,0.02103072162368147,0.013124781111656783,0.934484092681192
2025-12-23,0.00484445245785613,0.03413314177542313,0.033687202403523596,0.022904753928894482,0.005843480083349607,-0.24928766652613646,0.020582267941251717,0.013182375666942352,0.9477900202123344
2025-12-24,0.0031488020410117574,0.026586949819930854,0.04461007850014184,0.02311037657134002,0.010127973068376745,-0.305118559623067,0.019869720875163057,0.012569730634849787,0.8273789575575293
2025-12-26,-0.002740414913586088,0.005252839585281805,0.03454152890284858,0.018227552818504425,0.008215871613249166,-0.13600647787829828,0.019285972629711233,0.01248120218372254,1.123807381441312
2025-12-29,-0.007946849045396682,-0.007538461917971007,0.01589968586094823,0.008495741491073357,0.00216154198149741,-0.05801169424769128,0.018154747087870984,0.012125746797330075,1.2165039039003382
2025-12-30,-0.01121872171991815,-0.02190598567890084,-0.013912731180033118,-0.0028447203153948667,-0.006683719039592629,-0.0038583723258371096,0.0175405022592351,0.012304337421331428,1.475882257719374
2025-12-31,0.014505359535217817,-0.004660211230097107,-0.004251824102671467,0.008764420493439886,0.009217930262222304,-0.04783683490274854,0.017501118865562663,0.01284310338792142,0.7248699192055305
2026-01-01,0.0020940318873523605,0.005380669702651917,-0.005306594256330817,0.006955876983828414,0.011780198975485432,-0.055347202419060014,0.017844559249209174,0.012376139930898417,0.5602849056499272
2026-01-02,0.004514658349372485,0.02111404977194255,0.0019484790066277497,0.007859252375324335,0.017282809488171118,0.09088282872596225,0.016897553143136804,0.01199821351687727,0.8948363863873762
2026-01-05,0.02421887269801336,0.03082756293473824,0.034114200750037744,0.02739122349520592,0.041224809192016695,0.3001496568889908,0.017078723908673855,0.012927750048074888,1.646352716169513
2026-01-06,-0.002234016820832245,0.026499514226553618,0.04309890564912375,0.02208482442680676,0.036173141492157,0.4767349916899121,0.016841710315208622,0.009696491098052675,0.8090724183473509
2026-01-07,0.0020130516488130077,0.023997907525994018,0.030606597762719023,0.02142348468826143,0.03562236046641995,0.5041858665227701,0.016874141143070794,0.009693750690251256,0.6854950935551584
2026-01-08,-0.010061338961487148,-0.0102823041335064,0.0184512269138795,0.009864612255403225,0.023080831484799915,0.322118313434151,0.017644292700943486,0.010050855697990807,1.2750702613611844
2026-01-09,-0.003958829855143945,-0.01200711716781815,0.009977738709362867,0.004676553482591605,0.017397082059155942,0.1430181078636268,0.01836099695496234,0.010090300080516614,1.207994760306089
2026-01-12,0.012538398144117823,-0.0014817706725133166,-0.00170273584453259,0.0140627398023014,0.027704378604869614,0.1520814070835786,0.01851003540968499,0.01027408243185545,1.0059925581656883
2026-01-13,-0.014714672560177349,-0.006135104271203455,-0.014183391583877599,-0.003587407253793025,0.011188605810020527,0.01839768940241157,0.02001649548042793,0.010949376312843475,0.9609611447249993
2026-01-14,0.002019341527857184,-0.0001569328882023841,-0.014177101704833566,-0.0031950418893430983,0.010936656556725086,-0.0865994966748093,0.020238684290746756,0.010322320544882073,0.7323173395156115
2026-01-15,0.0,-0.012695331032320253,-0.00411576274334635,-0.004607277708434778,0.008274965163164089,-0.1640041151257614,0.01903951068119362,0.010066468558169906,0.0
2026-01-16,-0.007356464863384198,-0.005337123335527175,-0.007513397751586662,-0.012143228862016546,-0.0010251577390057518,-0.22800816744610444,0.019528461291274828,0.010243721536243165,2.146923354459247
2026-01-19,0.01692632134989095,0.0095698564865068,-0.0031254745458134405,0.005208670453086769,0.013752453895739114,-0.05355901979357725,0.01960507353758984,0.010611922399363214,1.064519233250471
2026-01-20,-0.03366187439707652,-0.02409201791056974,-0.0220726763827126,-0.024565001889420283,-0.019463438305273778,-0.20503276538804444,0.02230174346111988,0.01262126322499285,1.4354599665036711
2026-01-21,-0.02224229595679906,-0.038977849003984474,-0.046334313867368734,-0.040310401970203844,-0.039431713188222466,-0.31799861208948554,0.023614999892651423,0.013459580412396404,1.190726530326026
2026-01-22,0.02178296934216236,-0.034121201011713204,-0.024551344525206423,-0.01637043252121149,-0.017523700307786168,-0.30500763549660914,0.024067684645099743,0.014423874653137332,0.6713274611456503
2026-01-23,-0.010971480057309359,-0.011430806671946138,-0.02816635971913161,-0.023652965463148386,-0.027107714749868284,-0.49700034007061444,0.023561793976455955,0.014599232801195877,0.7778298898877247
2026-01-27,0.009891186398803658,0.020702675683656573,-0.035201494670219026,-0.010134262838164902,-0.017150426681042358,-0.43543644725980984,0.02392943058669656,0.014709036608214142,1.090096014235858
2026-01-28,0.06142917332239348,0.06034887966388766,0.059889553049251074,0.0484832748964253,0.041604484241123424,-0.209189205683096,0.026119931758893815,0.0199176357715851,1.693954330242397
2026-01-29,-0.004986460196744836,0.06633389952445237,0.07714538880930524,0.03997612177189971,0.03395117329043882,-0.029511984795592097,0.026304839046538797,0.019819007929826923,1.1596217653327061
2026-01-30,0.003991134216127991,0.06043384734177677,0.059353553683270985,0.0404194339793705,0.03550887355846525,-0.07184785246194522,0.02605780192011874,0.019822197345302547,1.2229566926784534
2026-02-02,-0.06268999630210767,-0.06368532228272432,0.007635037438472808,-0.02081721777700151,-0.02655121312507928,-0.270213526070919,0.0327105769769667,0.024580189816592154,1.5392781660542305
2026-02-03,0.029903059148072415,-0.028795802937907133,0.027646910187741482,0.009678005452917785,0.003624601070939866,-0.12337753094616871,0.03350290421775939,0.024916515510893997,0.8304096653264861
2026-02-04,-0.05833015705452668,-0.09111709420856186,-0.09211242018917859,-0.04455177234407696,-0.050055056218321375,-0.30991326218068765,0.0404915880875171,0.028066122116506803,2.170345001059141
2026-02-05,-0.04401750139860773,-0.07244459930506195,-0.13114346139104158,-0.08103431629712309,-0.08592176923307861,-0.45897576418774805,0.047006021890542864,0.029450022016570005,1.8407540362986723
2026-02-06,0.007898350328765742,-0.09444930812436857,-0.12723624527840388,-0.0676816221111344,-0.07435116705926062,-0.32464403432176087,0.046084806680239704,0.029584360640648972,0.5901066288141159
2026-02-09,0.015490948303571762,-0.020628202766270306,-0.04905530067272446,-0.049319843528766893,-0.056345172812730736,-0.2894866744636332,0.04596429983065757,0.029932048626602946,0.4939714981084271
2026-02-10,0.0089887235569578,0.03237802218929538,-0.06996963626383912,-0.03674128285963658,-0.0440019219455407,-0.21496342380439215,0.043167636671514874,0.029840109778251397,0.3051199961056922
2026-02-11,-0.008504696441989987,0.015974975418539494,-0.02014417565130249,-0.0339372469585954,-0.048613263314266374,-0.20872600217296408,0.04299538260213957,0.029755295177587484,0.3814502835093339
2026-02-12,0.006247057219438328,0.00673108433440608,0.030120382966743645,-0.017732742826216143,-0.039306479244460193,-0.3079038358319852,0.04271044614093636,0.029813189886165874,1.6355568170460564
