Price,ret_1,ret_3,ret_5,ma_dist_10,ma_dist_20,mfi_14,atr_14,rolling_vol_20,vol_change_5
2021-03-15,-0.010235400681593685,-0.04820225086875546,-0.05795832596450559,-0.033028254058963875,-0.013086361382697288,0.28452465858184584,0.036743091233293765,0.016781295575345332,0.6642561893749024
2021-03-16,-0.0020596180248058276,-0.03842726219568067,-0.06389379021524948,-0.03405686923968526,-0.015558713497464977,0.32544048754859034,0.03578791132662868,0.016710863050937063,0.6419969263935603
2021-03-17,-0.008281820056503564,-0.020576838762903026,-0.058543688950064794,-0.03876907459227605,-0.023719595836468127,0.30418145550704023,0.03504602839568655,0.016825023430471122,1.132606239514822
2021-03-18,-0.006256474531620562,-0.01659791261292993,-0.05296555678380477,-0.04131570424280077,-0.02955448332793567,0.1976656873323371,0.033472800752013594,0.01688393709660504,0.8898260294990133
2021-03-19,0.020704839951275797,0.006166545363151728,-0.006128473343247759,-0.015136099972792647,-0.009136939818680889,0.40056028954939593,0.036446127856077176,0.017066579687837462,3.118965319300835
2021-03-22,-0.014448365419655287,0.0,-0.010341438081309327,-0.022556477389168383,-0.022258462647523142,0.23933899035558653,0.03504606478192129,0.017295713752604365,0.458703593883261
2021-03-23,0.004149625216301915,0.010406099747922478,-0.004132194840201575,-0.011663469423631148,-0.018392317655766825,0.2020451517023514,0.03342209265510306,0.01656618477416265,0.48662062533630396
2021-03-24,-0.006230770480179256,-0.016529510683532544,-0.0020811452638772703,-0.011735708073574817,-0.024984849733672983,0.07490495200734629,0.03333337338011518,0.01636905545078726,0.6642396604469171
2021-03-25,-0.025317647181314695,-0.027398792445191934,-0.021142317913571337,-0.029246964882181606,-0.04868373670801332,-0.24000806096546953,0.030219813343317428,0.017360599678216997,0.7291472095173991
2021-03-26,-0.006430922396570828,-0.037979340058064796,-0.048278080261418076,-0.030239801519324566,-0.05276019734050673,-0.15906460016045243,0.02872507511856634,0.016475053856271522,0.917321099653221
2021-03-30,0.07456859976175301,0.04282003018386754,0.04073888491999012,0.04157997924565419,0.0187067452442853,-0.0676775796269125,0.03307673636628218,0.02374189496814662,2.1132374343820826
2021-03-31,-0.024243456902832364,0.04389422046234992,0.012345802800855848,0.0157873823936997,-0.005592173937456658,-0.08370431341770726,0.0347648575500545,0.02423277507653714,0.905139719411579
2021-04-01,0.008146693838170125,0.0584718366970907,0.02672326711920529,0.021550020712377178,0.0030519855240324495,-0.06855780707592374,0.03375836045625239,0.02401374046141542,0.3053915443857022
2021-04-05,-0.0020305293806180003,-0.0181272924452802,0.05001038491990186,0.016528926710153012,0.001424823303529139,-0.044134945288594025,0.033536607964221934,0.02400249706902527,0.6569622748538746
2021-04-06,-0.006116164457552032,0.0,0.050325142858920764,0.010121942049617786,-0.0016332332671342552,0.012576457635441044,0.03330413549300971,0.021466118594335847,0.281478183644952
2021-04-07,-0.0020470625975026126,-0.010193756435672727,-0.026290519500334997,0.006600724337895963,-0.0009211788521463938,0.021007519659417825,0.033518759977309694,0.021437400655990292,0.5907762032084718
2021-04-08,0.0,-0.008163227055054652,-0.0020470625975026126,0.0055636342666369335,0.0020534795521810144,0.05535224708653786,0.032933283537245284,0.021392368934106367,0.7761979086103568
2021-04-09,-0.00616654536315169,-0.00821360796065432,-0.016360301798824427,-0.0016467513651418598,-0.0015439414400354827,0.0765386841994453,0.03225334559026937,0.021259724082377477,0.8691498162253485
2021-04-12,-0.033546161791646927,-0.03971270715479857,-0.047875934209853276,-0.03478083870634988,-0.03099171652476589,-0.3431907158826198,0.02969848900993435,0.02229011184310696,1.6399698484330127
2021-04-13,0.012712098646365029,-0.027000608508433555,-0.02904767110593629,-0.02444030204118604,-0.016970129347585572,-0.2451450759363563,0.029473712290610028,0.02191246679596869,1.1496146074899904
2021-04-15,0.008385612361258106,-0.012448450784023906,-0.018614996147175572,-0.011759994534003664,-0.007973598308067948,-0.25264666675385145,0.0299731751019155,0.021924362186429885,1.2850845808797586
2021-04-16,0.004166630727520276,0.025264341735143237,-0.014448365419655287,-0.005993138733703096,-0.0034187663141150263,-0.1403182229620309,0.029700044230178725,0.021948611093116258,0.7130590945397569
2021-04-19,-0.021009253195461486,-0.008457010106683092,-0.029291073251965033,-0.022213204882191452,-0.02312579232319376,-0.07726718678933622,0.02987566783128124,0.022369209591221618,0.7833436563460834
2021-04-20,0.0063494532198355,-0.010493169248105776,0.010604541759517331,-0.012294216755054977,-0.016495479838055344,0.03752805468100078,0.028631732552444486,0.022392385855435848,0.7894012023248753
2021-04-22,-0.002112008065642599,-0.01677180804126875,-0.004219564952490367,-0.011080960925271352,-0.01704079017271485,-0.3899855862781297,0.021292691941906264,0.021833732900113558,0.9396555514393958
2021-04-23,0.031220173460923838,0.03545761861511678,0.01861499614717548,0.020280267232603025,0.013394333752405252,-0.10155401615404187,0.020199085913012903,0.022782457610520744,1.7497767171092937
2021-04-26,-0.012371353076538055,0.01673681231874321,0.0020770123431170834,0.009001517040955536,0.0010384489048402144,0.008930524757033851,0.020746914824093278,0.022950543033589017,0.7417043843864518
2021-04-27,0.008264425738192147,0.02711324612257803,0.03135069127677087,0.01716197088864604,0.008717249610067897,0.1859486106395184,0.019841298154479766,0.02297572869763464,0.6876238852484363
2021-04-28,0.006153989935848601,0.0020470625975026785,0.031155227992783887,0.019174755941029523,0.012736938570858097,0.18943729211258017,0.019135294899644124,0.02216928566050034,0.7328293947694258
2021-04-29,-0.004098605219944379,0.010319810454096258,0.02916863083848211,0.012473895513250012,0.006302136081473212,0.19365990763239466,0.019067209587518848,0.02212761979674197,0.7804758704084094
2021-04-30,-0.004115002740709833,-0.0020596180248058276,-0.00616654536315169,0.007059899458928299,0.0038290939632883666,0.20335549531851782,0.019440384756698962,0.014167472683967744,0.8795552826491027
2021-05-03,-0.006204807713386401,-0.014418415674040704,0.0,0.0006228447477774912,-0.0016569744914882308,0.21037744625728194,0.019857763157169594,0.013192225215073577,1.0514024005855298
2021-05-04,0.01646111020391494,0.006141299749818618,0.00819668446572284,0.01323395250713945,0.015228294961855317,0.5382325951712119,0.020845502663991135,0.013610739645359544,3.1223335790328055
2021-05-05,-0.0061412997498186805,0.004115002740709779,-0.004098605219944379,0.004330651799708612,0.009535501320843355,0.41799264336943165,0.02126725137044344,0.01366907923906442,0.6166030514289071
2021-05-06,-0.0020553847159041536,0.008264425738192147,-0.0020553847159041536,-0.0004113773158878827,0.0077760179960373,0.30325823346068775,0.02072311712483994,0.013611472430236842,0.4572041183935809
2021-05-07,0.0041069273383458615,-0.004089757127376962,0.006166545363151728,0.0037023020347393197,0.011923391526715942,0.3630284884823013,0.020784566163243194,0.013639612240116035,1.208399950222863
2021-05-10,0.014242303470395854,0.0162938460928376,0.026613656546933987,0.015384683610056224,0.02569422154005906,0.4969315616175763,0.020202043321267033,0.01400646930771155,0.9389624744079972
2021-05-11,0.06831917096044221,0.08666840176918393,0.07847171730346118,0.07745475897298303,0.09312157862076179,0.706634298032485,0.02493262729823363,0.02048546903677256,3.4406084419714227
2021-05-12,0.003766530352625235,0.08632800478346334,0.08837954740590503,0.07214837578407518,0.09016398108073868,0.8253455287478871,0.027389916893484162,0.01844136681906884,1.9131422151719744
2021-05-14,-0.028600759931365502,0.043484941381701746,0.0618341721904437,0.03565694483558963,0.054886661448290124,0.6519307901079313,0.029566195861488502,0.01993855667868204,0.5943650332049049
2021-05-17,-0.011673255473635308,-0.03650748505237567,0.04605398937846239,0.01833393888568276,0.03925151177826595,0.5531110949690108,0.0304724763649391,0.02022135111465264,0.3873882473559353
2021-05-18,0.0019551042180268917,-0.03831891118697396,0.033766790126093404,0.0142630925266603,0.038013180319979946,0.47823833618843736,0.030133945825800583,0.020222026257382564,0.3128699460483338
2021-05-19,-0.0019551042180268306,-0.011673255473635308,-0.03650748505237567,0.008088325324500158,0.03180204575018921,0.49782552743536146,0.03214985819160753,0.019459742362193732,0.5622067684407147
2021-05-20,0.0,0.0,-0.04027401540500078,0.003337854051126606,0.0279621123833871,0.47839199201824384,0.032429417922525725,0.019472482559321668,0.5474625609289183
2021-05-21,0.0019551042180268917,0.0,-0.009718151255608563,0.00019535758180134333,0.02594930523362132,0.5077612093244278,0.03222656648276629,0.019429141779488054,0.5802276758675978
2021-05-24,-0.0019551042180268306,0.0,0.0,-0.0062233028334028025,0.02159130399994438,0.4883369818040791,0.03214985451336798,0.018366557133857608,0.8064056618005147
2021-05-25,0.003906482368547117,0.003906482368547117,0.0019513781505202201,-0.0058137796363108,0.02242169252478621,0.464011279080456,0.02951826345015637,0.018039830059908467,1.3153572515308858
2021-05-26,0.0019473114850948488,0.003898689635615181,0.005853793853641918,-0.0007775438898141176,0.021564198893354893,0.3990984064920701,0.028766013246800132,0.018000212896010222,1.7067922034245437
2021-05-27,0.01544425341169484,0.021298047265336777,0.021298047265336777,0.016751070285816138,0.034072888739218106,0.5032687942797165,0.03024086759555992,0.018209951590012645,2.574581794098599
2021-05-28,-0.005763734009988783,0.011627830886801057,0.013579209037321158,0.010513983107870025,0.024881471181033166,0.5157383170900574,0.03165431005809768,0.01824915564425669,0.9639529808510688
2021-05-31,0.0019250843960704229,0.011605603797776596,0.01745939765141843,0.010690094437165119,0.023319999179449605,0.4400755235852205,0.031868152591719406,0.018171857219787996,0.5934896492770706
2021-06-01,-0.009661988403721263,-0.013500638017639547,0.003890926879150296,0.00038852301954820577,0.010200113604334505,0.24805582747819457,0.026629704629658264,0.01828496346502032,0.3139613350653046
2021-06-02,0.0019398450801108936,-0.005797058927539958,0.0038834604741661764,0.0013584270173498546,0.009587174663587852,-0.050790720205992415,0.023809547860663624,0.018021731320014892,0.572114619781551
2021-06-03,0.005797058927539888,-0.0019250843960703509,-0.005763734009988783,0.005619000079147352,0.012287833986357423,0.14991863853748683,0.021194628462600035,0.017914877991783,1.4073978243807392
2021-06-04,0.005763734009988789,0.013500638017639545,0.005763734009988789,0.009475888793018463,0.014577235491061439,0.2894216259648127,0.020662311663623503,0.01787985128529109,1.1525110443018463
2021-06-07,0.00953286449685537,0.021093657434384017,0.013371514110773686,0.016001414837545153,0.020427811244446547,0.41745149106353496,0.02100841714533018,0.017929475858354475,1.2721134201429332
2021-06-08,0.02065806068442476,0.03595465919126894,0.04369156319891968,0.03223325210973362,0.03740835332182041,0.47325754226696176,0.020578881411182425,0.01818093661345044,1.7767448619184556
2021-06-09,-0.013096577715716375,0.017094347465563712,0.02865514040309254,0.015490455196091987,0.023811731707024303,0.2530734700985286,0.022464372940507148,0.010590875501151176,1.7547178938566592
2021-06-10,0.01865732476360149,0.026218807732309935,0.041515406239154146,0.03086889407607004,0.04218838856733641,0.33557092056052057,0.022973351978002647,0.011358237636678484,1.264425799485025
2021-06-11,-0.007421193914281764,-0.0018604468663965081,0.028330478314883615,0.019749317283336894,0.032493724485501314,0.11818198473242802,0.025272704452226638,0.009263094340381755,1.603802550229776
2021-06-14,0.0,0.01123613084931972,0.018797613818028244,0.01646791350560155,0.029919419984105175,0.013112861738705135,0.026735842808205196,0.008714504315838362,0.6094368449781984
2021-06-15,0.009267981992401593,0.0018467880781198043,0.007407535126004999,0.02071570490578722,0.03652710908137523,0.1293009353851592,0.026620990539057515,0.00884371777744986,0.6841876719578985
2021-06-16,-0.0036968241694370564,0.005571157822964438,0.01680728867228417,0.01237355902416132,0.029846556605860185,-0.023501928491577503,0.025264561618109832,0.00890187896564777,0.3892683883826216
2021-06-17,-0.013047752314960257,-0.00747659449199582,-0.014897788406277564,-0.00336568454650881,0.014368672889894239,-0.11242852467748335,0.024524266501128638,0.009567984887666353,0.39244378285323156
2021-06-18,-0.0018779156832237527,-0.018622492167621078,-0.009354510175219552,-0.0070921267391098304,0.010542364988954485,-0.1297540268245558,0.02497315581224607,0.009609498626515701,1.00044313234587
2021-06-21,0.0018779156832238525,-0.013047752314960257,-0.00747659449199582,-0.006338514529076178,0.010330803439460572,-0.08214134186721594,0.025328338327868776,0.00956635725375109,0.6284063096407804
2021-06-22,0.011194118007664362,0.011194118007664362,-0.005550458476733004,0.004659835953976677,0.019192595623935743,-0.00997953587128606,0.02570899357928944,0.009775000420808254,1.0819088974154336
2021-06-23,-0.009319636871424649,0.0037523968194634466,-0.011173271178720507,-0.005216016840603079,0.007832506676172524,-0.09130928560683728,0.02594971526072903,0.010125220566667351,0.7193215347262488
2021-06-24,-0.00940748266414643,-0.007533001527906752,-0.007533001527906752,-0.012322631164663278,-0.0022632738949378106,-0.15446700864955715,0.0260599650927397,0.009899076644844363,0.5306587072947986
2021-06-25,0.005655085844683037,-0.013072033690888147,0.0,-0.00579329327089671,0.0021663837408360887,-0.17981114979976381,0.026315813425686115,0.009837820865617368,0.9812155970792614
2021-06-28,0.0037523968194634466,0.0,0.0018744811362397273,-0.0014958369413902053,0.004609256657004586,-0.2941938382437638,0.024344584763153425,0.00985302125775785,0.5735214723926381
2021-06-29,-0.036229002976767094,-0.026821520312620577,-0.045548639848191706,-0.03213683144984214,-0.031135330122727255,-0.32934122814580663,0.027600579122200347,0.012771340201185479,3.376597085467288
2021-06-30,0.017324869853406057,-0.015151736303897625,-0.018904133123361054,-0.012252527036630103,-0.01494490465449764,-0.4145111860922259,0.027535457548687584,0.013344797226462833,0.9417414515685395
2021-07-01,0.0019065587070451002,-0.016997574416315837,-0.007590091752169445,-0.008872908003313534,-0.013621335712326436,-0.22156845258698013,0.02544219374323363,0.013295916400823048,0.2901914300735439
2021-07-02,0.0,0.0192314285604512,-0.01324517759685233,-0.00756140252784797,-0.013899246668939167,-0.08846999010344916,0.023673482517536145,0.013239871884418306,0.39995141688654007
2021-07-05,0.0019027572365118265,0.0038093159435570872,-0.015094817179804031,-0.004353732482759273,-0.011928356948112742,-0.20637449165547167,0.023356882324702018,0.013068235193134884,0.2974609314196424
2021-07-06,-0.005719516561327692,-0.0038167593248159075,0.015414669235635392,-0.007024800061967357,-0.01617747242969713,-0.20378081056927344,0.023900578352464077,0.012163264975113757,1.2044193095990836
2021-07-07,0.01706193692166834,0.013245177596852451,0.015151736303897606,0.01044633237737754,0.0006583382955310065,-0.09617930603031695,0.02389904247177037,0.012503361101150329,1.2061226508207663
2021-07-08,-0.017061936921668224,-0.005719516561327692,-0.0038167593248159075,-0.0055142912841216,-0.014601889540636128,-0.03590264816572315,0.023900587300148064,0.012260952974965374,0.7490322362608941
2021-07-09,-0.0019140312179957344,-0.0019140312179957344,-0.005730790542811575,-0.005524944449778932,-0.015094405073753082,-0.12358527906610632,0.022851682522129945,0.012187129282900654,0.6981123608150901
2021-07-12,-0.003838649613918344,-0.02281461775358235,-0.01147219739324177,-0.0066857266742909914,-0.01729183164562265,-0.13159994028192729,0.023076931430925603,0.012193871787771352,1.3914024456195537
2021-07-13,0.0038386496139183276,-0.0019140312179957344,-0.0019140312179957344,-0.004196950364330008,-0.011644490325462572,-0.1129478352045777,0.022030666614990653,0.01199785034191658,0.6593543137396007
2021-07-14,-0.003838649613918344,-0.003838649613918344,-0.02281461775358235,-0.007254629382072189,-0.01356344989426804,-0.10925777859996785,0.021428578864384866,0.01199902258755162,0.7565315835704559
2021-07-15,0.0038386496139183276,0.0038386496139183276,-0.0019140312179957344,-0.002865396116796755,-0.008735354015933098,-0.13650070369944772,0.01984127671484529,0.011764169381212091,0.7810120337135295
2021-07-16,-0.007692267357055078,-0.007692267357055078,-0.007692267357055078,-0.009181316174387678,-0.01502186137133353,-0.2711876655096684,0.02054606374066883,0.011857369099881642,2.1560853831419786
2021-07-19,0.003853617743136786,0.0,0.0,-0.004212902179966167,-0.009995190393941469,0.13221881394037197,0.016071429148353498,0.011893705364585188,0.7897836574704383
2021-07-20,-0.01355291528287143,-0.01739156489678973,-0.01739156489678973,-0.015732833221911404,-0.020898849028904255,-0.06703969141141443,0.015316066827377363,0.011819676003783482,0.7145268590667214
2021-07-22,0.013552915282871324,0.003853617743136786,0.0,3.5084282917738866e-08,-0.00621113843617452,-0.07666406164420579,0.015384611459909464,0.012221937097407006,0.5130408898418405
2021-07-23,0.0019212104808644286,0.0019212104808644286,-0.001917439133053979,0.0023086004965548117,-0.0035382809756907105,0.0008001534770274077,0.015492184901889021,0.012089598601692984,1.4697047514800867
2021-07-26,-0.011583198884585538,0.003890926879150296,-0.0058083706605845725,-0.00789832772445189,-0.013409999347311356,-0.17669776316203795,0.016227464486870603,0.012221796357247607,1.7443094505885743
2021-07-27,0.0058083706605845655,-0.0038536177431366756,-0.0038536177431366756,-0.0017344468736342615,-0.006139684920143241,-0.03774454324963543,0.015306124408059731,0.01227791397388356,0.6844120077253606
2021-07-28,-0.0038685255804736312,-0.009643353804474668,0.00583077195926113,-0.004437644632511028,-0.010071997011022411,-0.15719076299712015,0.01453488325661106,0.009212987647614572,0.4916086958806033
2021-07-29,0.007722143323610326,0.009661988403721282,0.0,0.0032799905546044028,-0.002015119215121526,-0.04705766421128487,0.013873627133446594,0.00848973445409821,0.698620649820063
2021-07-30,0.00956944015673006,0.013423057899866694,0.007648229675865582,0.012340932236688938,0.007580878312219105,0.07225574167058099,0.014285717370037695,0.008766897780966424,1.0421395387283205
2021-08-02,0.009478647244227322,0.026770230724567565,0.02871007580467843,0.01962285397683669,0.016688985505794517,0.21090543152664892,0.015498649712692552,0.009019464195889849,2.6876247790052106
2021-08-03,-0.00378077075733824,0.015267316643618968,0.019120934386755644,0.014214257876954704,0.012658116012721557,0.14931454819696527,0.01596320059438886,0.00906151430016291,0.9306510484937187
2021-08-04,-0.009514635811704981,-0.0038167593248159075,0.013474824155524296,0.0026841265970518496,0.0030687349139179544,0.09198315304980255,0.01816443535090699,0.00922994371388833,0.8544959937767163
2021-08-05,0.0019102006177706757,-0.011385205951272456,0.007662881449684859,0.003831474602167668,0.0057582079659299155,0.024063094842316276,0.01881134112163591,0.008334158554752677,0.407662215124064
2021-08-06,-0.0076628814496847155,-0.01526731664361905,-0.009569440156730028,-0.0036404982344142318,-0.0016319048303053926,0.1225522322066614,0.018406591311495298,0.007598960894704697,0.4068410086051745
2021-08-09,0.007662881449684859,0.0019102006177706757,-0.011385205951272456,0.0022953791470683433,0.005854733741048105,0.1122581228210639,0.018538711972463907,0.00779041108602257,0.5684411317327136
2021-08-10,-0.019268485247461237,-0.019268485247461237,-0.026872920441395533,-0.016079651417876498,-0.012772514266611903,0.11128975348153645,0.019455249516034487,0.00889605359355773,0.8716935480760383
2021-08-11,0.011605603797776596,0.0,-0.005752680831914133,-0.005355747952282721,-0.0010565420640381812,0.020971003533618388,0.02046703524123961,0.009261147394910046,1.4216596667019539
2021-08-12,0.0,-0.0076628814496847155,-0.0076628814496847155,-0.005355747952282721,-0.0010565420640381812,-0.05505310603118346,0.02019230890929895,0.009221284592036371,0.7464357823759488
2021-08-13,0.022814617753582452,0.03442022155135889,0.022814617753582452,0.016236840561558046,0.02101522643088816,0.14168605441028193,0.020945219480738672,0.010521599050627103,1.3790793744484493
2021-08-16,-0.015151736303897625,0.007662881449684859,0.0,0.002103683498946154,0.005082993162523528,0.007042001109440293,0.02221918878467695,0.010966825337425557,1.3747586689931195
2021-08-17,-0.0019102006177706282,0.005752680831914131,0.017358284629690503,0.0011485770474484857,0.002876371953166597,-0.037691811403170024,0.022261672561794746,0.010951878519917359,1.2351119858300754
2021-08-18,0.0019102006177706757,-0.015151736303897625,0.007662881449684859,0.0028708275975848317,0.0037353104299596685,0.011246827706094677,0.023037066408060046,0.01045805088564684,1.4146783489225883
2021-08-20,0.0019065587070451002,0.0019065587070451002,0.00956944015673006,0.004592419045964829,0.0051694598022220435,-0.10007689800642168,0.022448966968295986,0.010041823025809063,0.6624851533992347
2021-08-23,-0.001906558707045245,0.0019102006177706757,-0.015151736303897625,0.0019120611629344442,0.0029668261873906764,-0.4659974311288164,0.020992362618763142,0.010049352611547964,0.8596824542335282
2021-08-24,0.0038093159435570872,0.0038093159435570872,0.0038093159435570872,0.0053515051427489345,0.005735965619909001,-0.2634213481480826,0.02104834185582102,0.009674862465177606,1.151478085249834
2021-08-25,0.0037951192503771873,0.0056978764868890796,0.009514635811704971,0.006481010048658991,0.00859587015948371,-0.09305235386248156,0.01920994964039084,0.00963320533349892,0.8247689326037081
2021-08-26,0.0,0.00760443519393423,0.00760443519393423,0.00494850797767263,0.007441212771728629,0.005506598632867963,0.018804106380254444,0.009569863629603085,0.6645828671490203
2021-08-27,0.0037807707573381854,0.007575890007715366,0.009478647244227322,0.006838862024962518,0.010293495311347683,0.1396718945783222,0.018733151644727206,0.00946742481437626,1.1719796329128178
2021-08-30,0.0075189271720887225,0.011299697929426799,0.018904133123361096,0.014052458868500844,0.01704602996592507,0.1452763778054515,0.018191548241993177,0.009379895088312504,0.6413386963707738
2021-08-31,0.009319636871424758,0.02061933480085149,0.024414454051228735,0.020639992683123207,0.02568975640862627,0.39911041084362325,0.017492711274268217,0.009372260577086787,2.7557443218894346
2021-09-01,0.009233750299552848,0.026072314343066214,0.029853085100404225,0.026027958580179398,0.03363101614239437,0.7911037095216551,0.02008928210408576,0.009485530650467507,3.890893483219903
2021-09-02,0.030771592610113852,0.04932497978109126,0.060624677710518146,0.05075855660395398,0.06209763447381511,0.8147707996213523,0.021899663101399593,0.011155544595599578,0.7768913037401569
2021-09-03,-0.012556172695356648,0.027449170214309985,0.04428773425782334,0.03204176823851997,0.04587502008711009,0.743456671729084,0.02166064581618573,0.011719278510016721,0.2327601382469629
2021-09-06,-0.012716003828465933,0.00549941608629109,0.02405280325726859,0.014653988881027844,0.030034719140925734,0.7422045422907473,0.02193784106316795,0.012007280256671167,0.17040640486882658
2021-09-07,-0.001829808198801675,-0.02710198472262433,0.012903358187042168,0.009055577592829512,0.026026406650668056,0.7241295111323524,0.02263212751314363,0.011981335296486042,0.25200525239657334
2021-09-08,0.007299394824665843,-0.007246417202601801,0.010969002712155335,0.012332079043560033,0.03005899962305375,0.7173433949618868,0.021428568017900145,0.010918221085640138,0.21400712325567817
2021-09-09,-0.0036430372815179426,0.0018265493443462761,-0.02344562717947644,0.004951385994379122,0.023629365026317205,0.7222308762826748,0.021897806730996342,0.010846112081928063,0.5575905562299928
2021-09-13,0.007272768375725868,0.010929125918873734,-0.003616686108393906,0.008219169454973413,0.02802865837112726,0.7650211239353439,0.021350928890483588,0.010875443783745647,0.8342416171751899
2021-09-14,0.0,0.0036297310942079385,0.009099317720072074,0.004915346668980576,0.02611764885724249,0.7615283816005782,0.02135093389064792,0.00983266595263565,0.8127172220968536
2021-09-15,0.012601381204578106,0.019874149580303858,0.023530507123451814,0.013966944502831747,0.0357605481173401,0.7701835437491706,0.02210580817221397,0.009248702474440554,2.475826819395251
2021-09-16,0.017953756287795917,0.030555137492373992,0.034184868586582,0.027652109091314644,0.050037085532714076,0.7769758486901412,0.022737197686708576,0.009721802580488518,1.4679000530525703
2021-09-17,-0.014337076641971199,0.016218060850402897,0.02349082922612872,0.013019058363971745,0.03156663132564917,0.6994695864668685,0.024880269075659076,0.010567537771511685,1.202848764072516
2021-09-20,0.008984762266008157,0.012601441911832977,0.025202823116410967,0.019935481117281835,0.036959634327421914,0.7030531922348834,0.02543239621552708,0.010632730562745983,0.7011764026816281
2021-09-21,-0.018050982922213427,-0.023403297298176404,0.007151840194197662,7.49876360646667e-05,0.015436846107014951,0.6490294205065869,0.026822691178218266,0.01165031606601421,0.4161765590132441
2021-09-22,-0.005479566282754996,-0.01454578693896024,-0.010929107293135391,-0.006627232794144285,0.0074109274932615725,0.229730118004952,0.02324013315043241,0.011798897624323505,0.3668570898775533
2021-09-23,0.016349273995210214,-0.007181275209758109,-0.012533589585721153,0.00756807883861414,0.020851264486439692,0.07979428332883856,0.022001045944367734,0.012198817579691388,1.6198664717719125
2021-09-24,0.007181275209757988,0.01805098292221331,0.008984762266008157,0.011549513747471915,0.024664242792455857,0.254581711918496,0.021227121609005712,0.012207720142401696,1.2077659567909966
2021-09-27,-0.007181275209758109,0.016349273995210214,-0.007181275209758109,0.0025130981986930686,0.014390908177776284,0.30096103273961744,0.021658460716990666,0.012437557918883983,0.5792924272155884
2021-09-28,0.019625815346604847,0.019625815346604847,0.03049552305906014,0.01853511011637343,0.030851268123492512,0.5474221061023247,0.02277088624664328,0.012956232290515879,2.1913316932305626
2021-09-29,0.03472569915268831,0.04717023928953522,0.07070078849450362,0.04811296015899907,0.06207856380166162,0.7165951885831047,0.02419845758554572,0.014683120792188118,2.993822015228326
2021-09-30,0.018597336303307597,0.07294885080260101,0.07294885080260101,0.06114461966408556,0.07618204854985935,0.7828509892061675,0.024603598201754697,0.014977911337634733,0.9261687689903385
2021-10-01,-0.025446521000603933,0.027876514455392094,0.04032105459223886,0.029359824407148544,0.04649902501168531,0.6711645453288082,0.026966670336574503,0.015215157237805343,0.47127410022855604
2021-10-04,0.020408861469459482,0.013559676772163295,0.06791119127145649,0.04412029404989836,0.06358805185113307,0.6767679652970995,0.027395929822576576,0.015287357802539446,0.28022765393410004
2021-10-05,0.013378044582073952,0.008340385050929412,0.061663420506925595,0.04841516957150193,0.0719765694050583,0.6826289305697452,0.026578052756580605,0.014883401760013801,0.7008883673821287
2021-10-06,0.00497102929254292,0.038757935344076434,0.03190875064678014,0.04292362886409631,0.07104044787938411,0.6905472028509092,0.025737882788923253,0.014786408637388044,1.0599798123773212
2021-10-07,0.009868460080976157,0.028217533955592993,0.023179874424448705,0.04319614002869311,0.07520131159081155,0.7913137007251635,0.02454990340403364,0.014811618164108576,0.6592575387375307
2021-10-08,0.001635377902549986,0.016474867276068953,0.05026177332760245,0.03553301418840933,0.07028791010573832,0.7918371944948226,0.024743215479914992,0.014679267694313316,0.61224409369667
2021-10-11,-0.0016353779025499178,0.009868460080976157,0.028217533955592993,0.024136750029690773,0.06241579048096038,0.7359892817560314,0.024199191153951683,0.01477831428390914,0.8626915582194394
2021-10-12,-0.01483948937351915,-0.01483948937351915,0.0,0.0029989953322866543,0.04161258551248181,0.704842785851065,0.02527288333216059,0.01543776297460992,0.6627218082024683
2021-10-13,-0.026937721354237155,-0.043412588630306226,-0.0319087506467801,-0.023658849344431254,0.01095481302552796,0.6060848544204254,0.027181846984572777,0.016873384376322135,1.2604040457720658
2021-10-14,0.05316872284988468,0.011391512122128472,0.011391512122128472,0.026066723835988917,0.061035261168471903,0.6274995151402851,0.029126202076390533,0.020054657106560132,1.8359709222323537
2021-10-18,0.13877665094269204,0.16500765243833942,0.14853278516227036,0.15428398634630375,0.2028802712735172,0.7948385609385571,0.03621729740722276,0.03559156951632865,3.713119994845473
2021-10-19,-0.04170282279789409,0.15024255099468262,0.10846534026692622,0.09169601836066302,0.14194679351340084,0.810910204803632,0.04185022531354129,0.03759614719371429,1.0364439940867993
2021-10-20,-0.05276272947427817,0.04431109867051969,0.07054210016616716,0.028334959900416457,0.07451766354021754,0.6887636518964954,0.04621849235106907,0.03969555989776798,0.356678269802181
2021-10-21,-0.037859465966699486,-0.1323250182388718,0.059620355553704894,-0.01254169129575608,0.02809914674168605,0.5858196249724256,0.05167662966173314,0.040921444002187966,0.36011429563405545
2021-10-22,0.04095069188956553,-0.049671503551412255,0.04740232459338566,0.02272733411746855,0.06290501206574194,0.6635629975187766,0.05114639692772952,0.04159675938205491,0.5010971692130005
2021-10-25,0.0,0.003091225922865936,-0.09137432634930637,0.016949208848200187,0.05520279830285429,0.6715928236948469,0.053020301002621235,0.0416328705767284,0.6486949993814166
2021-10-26,-0.028170970300307248,0.012779721589258166,-0.07784247385171947,-0.014238811173691765,0.019664937971322568,0.5757254117302213,0.05680275012841454,0.04227898027066431,0.9719941410826095
2021-10-27,0.0031696804120099403,-0.025001289888297324,-0.021910063965431336,-0.01572957935163889,0.017467671782745654,0.526422149979619,0.05752715122441476,0.04216674259375207,0.43274666530813644
2021-10-28,-0.01594940200126822,-0.040950691889565495,0.0,-0.036704396577472494,-0.00152503478729957,0.4796704029850662,0.05994491559650335,0.04184035053795638,0.5935091174990069
2021-10-29,-0.012945159403114413,-0.025724880992372686,-0.05389585129268001,-0.04850461100572595,-0.01571019280835079,0.43533203893951905,0.061656620965685326,0.04181520183980772,0.7608347120288893
2021-11-01,0.03990949282573349,0.011014931421350873,-0.013986358466946512,0.001253468548559144,0.01970791313469578,0.48533395888340125,0.06103289258154277,0.04215877073818604,0.6411547720253263
2021-11-02,-0.01101493142135081,0.015949402001268164,0.0031696804120099403,-0.002052680044847011,0.005488895479111954,0.5182685216669136,0.06159586385430027,0.04212694853980334,0.7181494992599547
2021-11-03,-0.03871456656587032,-0.009820005161487613,-0.03871456656587032,-0.03415408452429399,-0.03315574540189997,0.5196947344678443,0.06473216871913053,0.04305816528439627,1.2931805999964607
2021-11-04,0.017930401010137646,-0.0317990969770834,-0.004834763554464481,-0.016211050892132064,-0.01675797754811088,0.49531590149690286,0.06081238863320608,0.043226237658669064,0.33840855102496203
2021-11-08,0.03179909697708336,0.011014931421350873,0.03990949282573349,0.017030018261962522,0.012758478806981879,0.13780438774896894,0.048066190001192846,0.04373437939045851,1.4183829239106904
2021-11-09,0.02014022105650106,0.06986971904372215,0.02014022105650106,0.03706065509119496,0.030097217798617685,-0.09270172002371695,0.04228747146361485,0.0439162719629214,1.1553679985934093
2021-11-10,-0.010794327166926089,0.041144990866658314,0.020360825310925746,0.023484576466717474,0.016308170374672474,0.0608253284588983,0.04031008841535937,0.04401660934942563,0.8668935882053113
2021-11-11,-0.006220716844085161,0.003125177045489748,0.05285467503271088,0.015687005007223188,0.006911825132819572,0.14257233588637333,0.03666147250360836,0.04387774596316612,1.0116195643982213
2021-11-12,0.007769955498590728,-0.009245088512420507,0.04269422952116391,0.019731660384403858,0.010006263552987229,0.07864196449270068,0.03482972261633393,0.04330826342030746,1.6380780841336806
2021-11-15,-0.015601039539836832,-0.014051800885331155,-0.004705906995756233,0.0004718372637969188,-0.007025847679011294,-0.1067970198556577,0.03380503424731748,0.04198175648880803,0.7894665874111887
2021-11-16,0.06394873588056263,0.056117651839316524,0.03910260782830539,0.06003744794922293,0.06119886518800627,0.2913411026783166,0.03466077208328872,0.030994262793940273,2.4148027234039677
2021-11-17,-0.022372170608836683,0.025975525731889174,0.027524764386394632,0.03158555672778658,0.03918500995049329,0.45507831566668844,0.03813832868793768,0.02998604579209258,1.2545214442999486
2021-11-18,-0.01673043721946857,0.02484612805225738,0.01701504401101132,0.0075722890493747485,0.021463307045673886,0.38296226437469644,0.03932952845634551,0.027731515362565,0.8863947948441593
2021-11-22,-0.039098055887491566,-0.07820066371579695,-0.029852967375071128,-0.03225805554651867,-0.018087848189246497,0.357582513108872,0.0423786716507302,0.027822831532065596,0.662478251125492
2021-11-23,0.00794290340963973,-0.04788558969732049,-0.006309024425594483,-0.02348573950143002,-0.009016016058243542,0.2682951782164031,0.041704343450749415,0.026223905987209514,0.4402867228846709
2021-11-24,-0.011137828900271927,-0.04229298137812377,-0.08139558920642914,-0.030256042609640498,-0.01822182717415847,0.2917966188128517,0.04274286846739195,0.026314069001970676,0.8058700618087752
2021-11-25,-0.004811573100996251,-0.008006498591628412,-0.06383499169858864,-0.03145442118795197,-0.022320064907728383,0.3242516496755695,0.040307775686754206,0.025590764905538434,0.5713218547316764
2021-11-26,-0.014575059115712913,-0.03052446111698114,-0.06167961359483297,-0.041288654767621995,-0.03502552523434563,0.2611945667813593,0.04089956814817767,0.025758822834683167,0.825647436057325
2021-11-29,-0.011485037039305661,-0.0308716692560149,-0.03406659474664702,-0.04627009200315346,-0.04484201823243321,0.14534134258326448,0.04243282697620701,0.025646355522438713,1.2468326697247265
2021-11-30,0.02606009615501849,0.0,-0.01594940200126822,-0.018927486185544216,-0.020241041700015065,0.14080530733517635,0.04145614698949211,0.02619170671545695,0.9158542810385077
2021-12-01,0.014365817653976942,0.028940876769689948,0.00955424455298063,0.002701411267401846,-0.005437777459845332,0.14903451404968265,0.039959259203023775,0.024760065831455024,1.0372481645713265
2021-12-02,0.021944409658216923,0.062370323467212406,0.036310227312193875,0.027888407039474587,0.015588059397614342,0.23818355832623284,0.03953489271681766,0.025126619047309656,1.0385378463084642
2021-12-03,0.009259425487473433,0.04556965279966753,0.060144711915380324,0.037615618621739184,0.021577151102111527,0.24506966572808436,0.040048301028346195,0.02336186479055966,1.5856496910358235
2021-12-06,0.025778501707614865,0.05698233685330549,0.09740825066230098,0.057798921140209784,0.04423951875890114,0.39547936161589575,0.03956375396400051,0.023682194273169664,1.9472376443368176
2021-12-07,0.004480978105272605,0.039518905300360986,0.07582913261255499,0.05602774514822723,0.04631221910412431,0.3081954165866088,0.0357675342319414,0.022752420579958816,0.670402154409931
2021-12-08,0.004460921657668595,0.034720401470556196,0.06592423661624677,0.05263156784111927,0.04919052410891147,0.2574461115674322,0.034230628792975386,0.022377592270540862,0.669749389259463
2021-12-09,-0.024025169025363363,-0.015083269262422068,0.01995465793266628,0.021897805623964695,0.023248578459843468,0.3058784726704772,0.03506298370870151,0.02295329557759254,0.7175119529476961
2021-12-10,-0.024616686700615033,-0.04418093406830979,-0.013921454255422223,-0.007421202728900057,-0.0017105184596168342,0.2521017105189023,0.034601715252246694,0.023616780016793543,1.2234664418145287
2021-12-13,-0.007818627413206245,-0.05646048313918469,-0.047518583376243435,-0.019849238717791397,-0.008791752098967683,0.25319982782888034,0.03453691157898573,0.023606792034472853,0.69370257974986
2021-12-14,-0.006299230858964293,-0.03873454497278558,-0.05829879234048026,-0.027649798948371274,-0.01478602251582313,0.16977346506287078,0.033626736463434455,0.02338841819231068,0.38409525379133885
2021-12-15,-0.022365103826539053,-0.03648296209870963,-0.08512481782468803,-0.04739918582326014,-0.03213195790730931,0.1266507385333088,0.036348965219454125,0.01834004416625278,1.1547735800413799
2021-12-16,-0.0016168691493556766,-0.030281203834859098,-0.06271651794868036,-0.04496990317760302,-0.030284048583570422,0.11090966392440621,0.03640778412441324,0.017859552306546327,0.9309243987603029
2021-12-17,0.01605173848652986,-0.00793023448936497,-0.022048092761535538,-0.02605459325720741,-0.012733853702697433,0.22922541178455333,0.03503186643423468,0.01808567423330813,1.0669382957275815
2021-12-20,-0.06581318929722586,-0.05137831996005183,-0.08004265464555516,-0.07663313983993968,-0.07277455983633016,0.11937954502029058,0.040208957260962165,0.02162062854579702,1.1636550194726403
2021-12-21,0.05137831996005176,0.0016168691493555747,-0.022365103826539053,-0.01994930865970747,-0.02288869464263053,0.11844757721008606,0.04108009431590556,0.024754404926817308,0.8514652694701207
2021-12-22,0.001614113817780903,-0.012820755519393287,0.001614113817780903,-0.009901047068039032,-0.0209238740506666,0.10261116917264801,0.040898630373466825,0.024644587406021483,0.7300505278840754
2021-12-23,-0.003230982967136472,0.04976145081069605,0.0,-0.006750256366910346,-0.023773825040649666,0.015167998398293463,0.03895053430257925,0.02463223257081725,0.4129894421749213
2021-12-24,-0.017959529287228295,-0.01957639843658394,-0.03401126777375804,-0.01891051442981642,-0.04069527864946891,-0.24504881775954146,0.03895033609614356,0.024746660405486082,0.7002207602276004
2021-12-27,-0.009934038501741665,-0.031124550756106442,0.02186788302172606,-0.022923170870533176,-0.04980244434714872,-0.38888924361782584,0.03767530279211293,0.024712804231515274,1.121469501177319
2021-12-28,0.02789356778896997,0.0,-0.0016168691493556766,0.007170770233530438,-0.02261587807877764,-0.425075730525499,0.036523352434836925,0.024819352220834468,1.3293654903239263
2021-12-29,-0.008123426411892823,0.009836102875335484,-0.011354409379029349,6.612494129648344e-08,-0.029141531071936854,-0.28374413323145803,0.03600559435920239,0.02462756313050634,1.1994866618898243
2021-12-30,0.019386632216709193,0.039156773593786276,0.011263205804816365,0.018412888215947158,-0.008566011120048754,0.3755305360578632,0.036000002322587,0.024506041466938442,3.7757157906636434
2021-12-31,-0.009646336655460644,0.0016168691493555747,0.019576398436584003,0.010117514809012023,-0.015585220651411828,0.3972404411854825,0.035079624268331173,0.024430640975686584,0.24869303216204403
2022-01-03,0.008045073996758592,0.017785369558007094,0.03755551093508431,0.012329658058928971,-0.004149375803879986,0.4413443044953968,0.03479853827574666,0.023659149989411186,0.17124907392778949
2022-01-04,0.004796188149334199,0.0031949254906321048,0.014458131295448547,0.015878178133829444,0.004164017289665554,0.5726729002531763,0.03292322008549994,0.023664785350040053,0.3824363875251712
2022-01-05,0.00477322299762974,0.01761448514372275,0.027354780704971167,0.01908763283341332,0.012536127697578642,0.678985581772219,0.03208616993830136,0.023670341554355667,0.2617387148960531
2022-01-06,0.017309788878850495,0.026879200025814627,0.02527793736711241,0.0330379721954717,0.0316248040776558,0.6973699739708593,0.030755520832507773,0.023576818565489207,2.2879525836154406
2022-01-07,-0.02687920002581455,-0.0047961881493342115,0.008045073996758592,0.0028929555766591206,0.005721652059047083,0.6936803713290038,0.029418511243501224,0.023699648085208334,1.1415638221206466
2022-01-10,0.011155507211682618,0.0015860960647186388,0.011155507211682618,0.009277030808412415,0.017495776761890482,0.6903553928620613,0.026375386013907896,0.02380962323902962,0.6615859299598442
2022-01-11,-0.015974737161305364,-0.03169842997543721,-0.009615418098956873,-0.007194210726228843,0.0023404573075359167,0.6282204804926073,0.026455041664781225,0.024031491951749553,0.5601063401071001
2022-01-12,0.014388641096586703,0.009569411146963915,0.0,0.004464233460616238,0.015965121790954107,0.6399546699093207,0.02709751203989332,0.023711397088019254,0.8745760916277602
2022-01-13,0.00632913257093681,0.004743036506218134,-0.010980656307913762,0.00939335613220202,0.021098358237450137,0.6979508305164879,0.026813883625910924,0.023733905259654475,1.0523052125370391
2022-01-14,-0.01589854371790078,0.004819229949622564,0.0,-0.0073178567114546116,0.005316573918722214,0.6808278935818146,0.027586997888523528,0.023762418086165242,1.1211589013348304
2022-01-17,0.007980938590971797,-0.0015884725559922907,-0.003174568620710942,-0.00015891958394131868,0.010036175389164008,0.6861091172275848,0.02555075999234746,0.018115988169754398,1.289204453167249
2022-01-18,-0.004781045163456627,-0.012698650290385782,0.008019123377137631,-0.004769584276583628,0.0046540399869356925,0.6182176117289732,0.024303972705007497,0.014215563910536586,0.7374394135877317
2022-01-19,-0.006410203869809255,-0.0032103104422942725,-0.012779721589258273,-0.009869503473225036,-0.0019255808711082108,0.2872263546429031,0.022163532213828448,0.014297316778470136,0.4686527914901968
2022-01-20,-0.014575059115712913,-0.025766308148978945,-0.03368391327590795,-0.019827244413108142,-0.015972332731180962,0.27432870926696723,0.022605458334435564,0.01465940383994627,0.9283125859062337
2022-01-21,-0.006546664968928379,-0.02753192795445054,-0.024332034526935577,-0.023881969653134792,-0.022550295767971518,0.19276920772916284,0.023105798234217125,0.014153550625109193,0.8252408295481017
2022-01-24,-0.0215777219997955,-0.04269944608443675,-0.05389069511770271,-0.03932951335218912,-0.04303152788219363,0.07529594023845064,0.024328874083006435,0.014814824057992419,1.0415467970517434
2022-01-25,0.0033501232791589234,-0.024774263689564875,-0.045759526675087064,-0.03251901622306055,-0.03827599604632396,-0.029536226811940056,0.02544196349242887,0.013283646847422165,1.1764562002887806
2022-01-27,0.001670824675933868,-0.016556774044702783,-0.03767849812934403,-0.026016285823999546,-0.03558206903489567,-0.17556909685547667,0.026711188957038383,0.013212586208830078,0.962059178357419
2022-01-28,-0.0067001899160770125,-0.0016792419609843307,-0.029803628929708094,-0.026345957453915183,-0.039703067926623856,-0.19160440448610658,0.0258103258669194,0.012336577285978121,1.8152039983998347
2022-01-31,0.00836822759285274,0.0033388623527094903,-0.014888736367927008,-0.014292795347588368,-0.03014633795830554,-0.21406062641320334,0.024761899826532992,0.012441431106185256,0.6921744821741935
2022-02-01,-0.0033388623527094907,-0.001670824675933786,0.0033501232791589234,-0.012549532515417187,-0.031343659270306995,-0.11295579907724033,0.024366937388188195,0.012237667954595799,0.6952765791133686
2022-02-02,0.001670824675933868,0.006700189916077114,0.001670824675933868,-0.006468756034600931,-0.02751849684255511,-0.16408220771791604,0.023014559258975015,0.012164331442775858,0.7087946730357257
2022-02-03,0.0,-0.0016680376767757889,0.0,-0.0026640240519929187,-0.02506513382740628,-0.323273746924294,0.022060593843377267,0.01206499704707039,0.8323186569681659
2022-02-04,-0.001670824675933786,0.0,0.005029365240143243,-0.0018360810774492278,-0.023274810098363276,-0.2822942771059303,0.02138081125015879,0.011133391699080505,0.7163827404453184
2022-02-07,0.001670824675933868,0.0,-0.0016680376767757889,0.0015047626091631648,-0.019639955839042662,-0.4967462614770611,0.020748881829331663,0.009714040055631777,0.9465323465324511
2022-02-08,-0.01344557536594405,-0.01344557536594405,-0.011774750690010265,-0.011044176063647687,-0.02955666388967871,-0.4900224288917713,0.021029746549011047,0.009510037652259872,1.170193570436668
2022-02-09,0.006745385449866994,-0.005029365240143296,-0.0067001899160770125,-0.003850661662697873,-0.020898481463303416,-0.3966759870065036,0.020528220424954752,0.009266996167475545,0.8477984891965503
2022-02-10,-0.005054711588958413,-0.011754901505035503,-0.011754901505035503,-0.007710306515528128,-0.022779752457233887,-0.39446572505184946,0.02014961993890012,0.008423411268145336,1.380125900521934
2022-02-11,-0.010186955919325294,-0.008496282058416781,-0.020271032748427037,-0.016283416209873038,-0.028836655444615496,-0.39128580128873836,0.019990262943209682,0.008257209423369992,1.0101117114990426
2022-02-14,0.005106487895402009,-0.010135179612881847,-0.016835369528958807,-0.00941806208423059,-0.021025484884882123,-0.21302172278562595,0.020494787855201285,0.007987067027328047,1.4077220250226317
2022-02-15,0.01349084840790576,0.008410380383982452,0.010101054244891019,0.004205173012206925,-0.005082955551472217,-0.02056159248928836,0.020100508280116024,0.00846250774858814,1.4199142102388904
2022-02-16,0.005012558797828771,0.023609895101136643,0.00836822759285274,0.00908171307265236,0.002087650793704909,-0.05807327057756922,0.016785720914377637,0.008612337893646274,0.4343878321722882
2022-02-17,-0.0016680376767757889,0.01683536952895894,0.011754901505035567,0.007399929785188013,0.002342691891686274,0.19577459486756865,0.016098262554822943,0.008553111865047912,0.9866894491655698
2022-02-18,0.0,0.0033445211210530023,0.02194185742436084,0.007230535437075772,0.003518170176502331,0.08659390473336742,0.015740525945429528,0.008019126468602025,0.5579000439396848
2022-02-21,0.0033332976365540116,0.001665259959778166,0.02016866716551282,0.010253787979100438,0.007543967864952922,-0.05719836440475021,0.015569293127336783,0.00797370308307807,1.0369018599928452
2022-02-22,0.002085553796365446,0.0054188514329194986,0.008763372553972536,0.010451288719336059,0.009118382717636597,-0.023809913027707522,0.015585510542353902,0.0062830761409834205,1.4176833150765753
2022-02-23,-0.019281900562752665,-0.013863049129833244,-0.015531086806609048,-0.008138795501942898,-0.009551630139510816,-0.023212905752673266,0.016444232336212453,0.007638714369327405,0.9935769588385894
2022-02-24,-0.036039923893272936,-0.05323627065966011,-0.049902973023106194,-0.03967619171951897,-0.04227074266813392,-0.10808553363812975,0.01905360780478468,0.010972815277747662,1.6885682549313052
2022-02-25,0.016378909631908887,-0.03894291482411676,-0.03352406339119731,-0.02270623046765941,-0.02516493375600023,0.04322890799323105,0.02044829646331472,0.011696977318740342,1.1507815299026294
2022-02-28,-0.010889411433804319,-0.030550425695168432,-0.047746772461555655,-0.030670453033797975,-0.0335251991068388,0.03117395091687527,0.021647102313307985,0.011648173693588578,0.8584642563422569
2022-03-02,0.06019519886992545,0.0656846970680299,0.010362872612004376,0.027466622625498992,0.025528010329276426,0.10522531684747875,0.02531842766735657,0.018182088843554947,1.287554863118629
2022-03-03,0.006849177402364927,0.056154964838486025,0.03649395057712196,0.03231263841839892,0.03138460028715944,0.2521669637145152,0.02750406501152734,0.01823085874843413,0.8778477147455204
2022-03-04,-0.043598758398180414,0.0234456178741098,0.02893511607221437,-0.009654022962774038,-0.011582346535406378,0.21650210672558415,0.030822409817774735,0.02079903473345374,0.9276155739062006
2022-03-07,0.021164833704212068,-0.015584747291603536,0.0337210401445176,0.011509718844661026,0.009465213308103878,0.04742073878431867,0.030426562909146113,0.021381698665719297,1.0564216888846576
2022-03-08,0.0,-0.022433924693968436,0.04461045157832195,0.01183121800701903,0.009455178233519174,0.03601088006615342,0.030643606501151697,0.02137847485798939,0.9108489827524459
2022-03-09,0.006956457551431125,0.028121291255643194,-0.008628289740172318,0.018714631032628305,0.015449645254887538,0.05611792984706028,0.03107711301310364,0.021188551206755852,0.6413434176716155
2022-03-10,-0.010453068880312642,-0.003496611328881503,-0.025930536022849917,0.007054610533541131,0.004718990760056464,-0.046472357722203414,0.032203313774348874,0.021293121619648542,0.6110300775584179
2022-03-11,-0.0035087291267670443,-0.007005340455648498,0.014159493248563552,-0.0007025072320692879,0.0009526338501480078,-0.06075676801224674,0.03297153506973231,0.021275955524006716,0.7877894014831247
2022-03-14,-0.012378649159444184,-0.026340447166523884,-0.01938398961509272,-0.014380985271966783,-0.01149586117843062,-0.133109742314259,0.03457041585565266,0.02133808088744595,1.9812661611331248
2022-03-15,0.0017779078498174792,-0.014109470436393752,-0.017606081765275342,-0.01521771302966595,-0.009708688946547157,-0.10109487635415021,0.03438213810122036,0.02131024952400169,1.3554511469111035
2022-03-16,0.005314303397145761,-0.005286437912480933,-0.01924823591956054,-0.007191791775090545,-0.003996233899187774,0.056562892935870364,0.03369511283407078,0.021114767691613304,1.3857327147252068
2022-03-17,-0.008873055336082548,-0.001780844089119348,-0.017668222375330545,-0.011627874326499235,-0.011677879177976159,-0.014191915762400953,0.03284950790539892,0.021154381688953713,1.5727246107736557
2022-03-21,-0.005361948920719122,-0.008920700859655817,-0.01952144216928267,-0.016393415238400114,-0.015672235000123304,-0.16409340627872013,0.03264209480085386,0.021175424965787247,0.8423925564073897
2022-03-22,-0.001793698616313714,-0.01602870287311546,-0.008936491626152216,-0.015379124769819633,-0.016057471912157426,-0.14767963838052067,0.031161840325200568,0.02117335408442701,0.339961121139901
2022-03-23,-0.01446676151155768,-0.02162240904859049,-0.025181160987527214,-0.02538603345056863,-0.027974430670443824,-0.29501219526267874,0.027452513038626482,0.02133712078735185,0.6335671470894654
2022-03-24,-0.001823208825519389,-0.018083668953390652,-0.03231867321019237,-0.022127027745920527,-0.027334024771351238,-0.4222086661451124,0.02541710698450274,0.021312761126671433,0.7879269041999498
2022-03-25,-0.005489498198104477,-0.021779468535181555,-0.02893511607221435,-0.022947281944224802,-0.03093882142255238,-0.4052499275287391,0.023328969523735053,0.020961122010027398,0.6374682983616026
2022-03-28,0.005489498198104603,-0.001823208825519389,-0.018083668953390652,-0.01385638398744774,-0.025864349923733352,-0.2100330420090704,0.021506783544451232,0.019388954580661623,1.9033245275328101
2022-03-29,-0.001826617736216101,-0.001826617736216101,-0.018116588073293173,-0.012991814960009382,-0.027036746832404385,0.21845271735295,0.021546103689160826,0.01901687525683018,3.524941383397491
2022-03-30,-0.0018298025912193406,0.0018330778706690495,-0.005479629152954784,-0.011764783846202128,-0.028642666632447585,0.11912304862007446,0.02132392968045754,0.01886709003544088,0.5806220655230825
2022-03-31,0.01814923649205144,0.014492816164615896,0.014492816164615896,0.008159409873222688,-0.008559348953837578,0.23245274523467457,0.025051405284412916,0.013309158977721783,0.8653261380954564
2022-04-01,0.0017971541724610533,0.018116588073293142,0.021779468535181593,0.010705914574037783,-0.00420125327189446,0.17594470031885137,0.02590409159733467,0.013173925555663294,0.5368433303680711
2022-04-04,0.02307104424570108,0.04301743491021368,0.0393610145827781,0.03204778125666656,0.01822077107891894,0.2871458968545943,0.025438605560564955,0.010374692940474012,0.3784618952831644
2022-04-05,0.0378703646886143,0.0627385631067764,0.07905799700760847,0.06513141731200218,0.055729006635643646,0.31536096853067447,0.027268345301539147,0.01254617555679584,1.153449517021235
2022-04-06,0.0,0.06094140893431538,0.08088779959882776,0.05695419166581365,0.053943457566161666,0.34154223928100774,0.028112936322052716,0.01254617555679584,1.1755533077526052
2022-04-07,0.038115555191541216,0.07598591988015531,0.10085411829831761,0.0850388133507841,0.09119942003710317,0.5337845365989673,0.030545880766651122,0.014947168032130644,1.7727998752975045
2022-04-08,-0.006525362970913426,0.03159019222062779,0.09253160115494305,0.06557372184714692,0.08026867164670379,0.6258847995157768,0.03121347460903123,0.014783401542900476,0.7484054907899674
2022-04-11,0.046371292858637045,0.07796148507926479,0.11583184976787908,0.09852389361668822,0.124483891510328,0.6915454696896535,0.03325893149206882,0.017514338098782892,1.3251411292100406
2022-04-12,-0.030137035569245598,0.009708894318478106,0.047824449510019275,0.052542450913852734,0.08547463531269525,0.6517866720693416,0.03577180122877929,0.018885175975818128,0.5334223684939416
2022-04-13,0.01597470607719258,0.03220896336658429,0.06379915558721186,0.054302415736754844,0.09643787079865385,0.7055050788392847,0.03678967553224584,0.01902432604416766,0.5542472897952665
2022-04-18,0.047959593782946446,0.03379726429089346,0.07364319417861727,0.08684933151214591,0.14078912588277653,0.7683280775127236,0.03905913191261148,0.021239556605157715,1.95465340163999
2022-04-19,0.017964640509818375,0.08189894036995748,0.09813319765934908,0.08569585829381855,0.15026877379696305,0.7960740317186767,0.04207290839954682,0.02097463448745463,1.6790280633439894
2022-04-20,0.034988968959829926,0.10091320325259474,0.0867508737605418,0.10164137336783645,0.17716497896332115,0.7745606440240789,0.042263602907585164,0.021438236745499616,0.9562751397043344
2022-04-21,0.0324201509281493,0.08537376039779779,0.1493080602579368,0.11523597156136733,0.19936797115819718,0.8627196679832381,0.04309490938195602,0.021710741804453357,1.2922245642747616
2022-04-22,-0.013966823019319273,0.05344229686866002,0.11936653116142483,0.07989061376765412,0.1670085802202302,0.8763788789948888,0.04420333861881636,0.021677832766274625,1.1801398906989045
2022-04-25,-0.04752513435689711,-0.029071806448066936,0.023881803021581285,0.020009008104851317,0.10109620121314604,0.8173934204244563,0.04856721164686786,0.025403329203028294,0.596085517676807
2022-04-26,-0.002954172800515076,-0.06444613017673151,0.002962989711247857,0.007151385097977317,0.08629280565291665,0.7123879538895482,0.049661873229143776,0.02532478996493976,0.6432216916464008
2022-04-27,-0.026988109468034795,-0.07746741662544696,-0.05901408871661689,-0.022288215980157962,0.04810454818292783,0.6286708115450048,0.051128950973409984,0.026685921479636866,0.5351818285734325
2022-04-28,0.029942282268549954,0.0,-0.06149195737621641,-0.0010314016126574449,0.06881056876134506,0.6268320796909896,0.05088493996862042,0.026942651483139853,0.5903204460140419
2022-04-29,-0.02086511932766977,-0.017910946527154612,-0.06839025368456675,-0.026392960024637518,0.03709487806438645,0.5347731235354849,0.05120480123917311,0.027734451558567807,0.7882519039429015
2022-05-02,0.007501876130953268,0.01657903907183347,-0.013363243196716487,-0.020067416740000576,0.03576400329685683,0.455887752273639,0.05124918463755135,0.027667519435632622,0.9377484388990698
2022-05-04,-0.03035126852070951,-0.043714511717425894,-0.04076033891691084,-0.045868830994484626,-0.0023058879853950073,0.35414408643225215,0.0528285041722251,0.0290239751467691,0.989405223863162
2022-05-05,-0.0015419998668214398,-0.024391392256577573,-0.015314229315697463,-0.04028431763374276,-0.009779903824667788,0.36039721726379637,0.05313047926067299,0.028856723603203238,0.6724308279858472
2022-05-06,0.04082203706348873,0.0089287686759578,-0.00443447452075863,0.006561374882915818,0.024979211745386046,0.38893244614735323,0.05343912061800835,0.02903308595055101,1.6860871907702792
2022-05-09,-0.01342309880716099,0.025856938389506312,0.0030075459997503206,-0.00015012561824966203,0.005662526958722763,0.33942130102366663,0.051480022857654344,0.029346183589113606,0.8257462591031698
2022-05-10,-0.04138526262113804,-0.013986324364810171,-0.0458795927523411,-0.03503477563596359,-0.03685284612747504,0.1968350910137903,0.05320811711612434,0.03012524825203576,0.6167226203194364
2022-05-11,-0.04317215203872057,-0.09798051346701958,-0.05870047627035226,-0.06678867623099538,-0.07761870252883296,0.06037498305248178,0.05718952532044276,0.03173697651158009,1.083878706640254
2022-05-12,0.022617999089861816,-0.061939415569996804,-0.034540477313668966,-0.040760130736866115,-0.05552212117603716,-0.04691684481139589,0.05556820772578061,0.030326667580850324,1.108278596517592
2022-05-13,-0.004803719883865359,-0.025357872832724084,-0.08016623426102312,-0.03724305714736748,-0.06019004053578407,-0.2581394080585022,0.053428085784795847,0.029569905185803998,0.7237690456214658
2022-05-16,0.022223115510465873,0.04003739471646232,-0.044520019943396334,-0.011483545506807389,-0.039505415030080544,-0.1016118393617414,0.0510203848688377,0.029778057047611488,0.9664262011780798
2022-05-17,0.032435311002765865,0.04985470662936648,0.029300553680507616,0.02285095675874654,-0.007541436697944076,0.04867578669789651,0.04917496807665163,0.02865630216488329,0.7103475670161401
2022-05-18,-0.02617539076243679,0.028483035750795024,0.04629731495679144,-0.002334525627709754,-0.030770279143400647,0.10304437142299179,0.049476246241983456,0.028874268368103206,0.6041648581973994
2022-05-19,-0.009404603010065673,-0.003144682769736593,0.014274712856863962,-0.009669402934048868,-0.03524767196316183,-0.0321996165677028,0.04881889176511551,0.0275141736217787,1.0837171089094966
2022-05-20,0.007843208728577576,-0.027736785043924954,0.02692164146930681,0.0036067178587839014,-0.02163111756005506,0.08298838884375144,0.046093746770947915,0.026289211670113513,0.6905034210828424
2022-05-23,0.012422555728227544,0.010861161446739242,0.017121081687068572,0.019028188110477125,-0.00460825699892178,0.21320386797542867,0.0447530767746895,0.026527287901867536,0.6860618899897617
2022-05-24,0.022884317896503012,0.043150082353308215,0.007570088580805715,0.03869659114311478,0.01960790106810151,0.39298664684064133,0.042770950764377924,0.025173809085663416,1.6971637853779302
2022-05-25,-0.03843672506929672,-0.0031298514445660835,-0.004691245726054252,-0.004524860419508678,-0.01596356422147591,0.36390105231782033,0.045230634985988886,0.026524084866300944,1.2792079263155705
2022-05-26,0.023238804264209517,0.007686397091416117,0.027952161548221156,0.01460531821959462,0.007560557739641896,0.15490725592678983,0.04386350104864827,0.026500395074646074,1.0812712588483566
2022-05-27,0.018209931218466043,0.003012010413378985,0.03831888403810946,0.02655139777459971,0.027106353231055896,0.13501419163740308,0.043823854785313913,0.025917254491399287,0.8989144489756064
2022-05-30,0.008982105969251588,0.050430841451927194,0.034878434279133626,0.03040540484673011,0.035813542867336005,0.2517231896708321,0.04045136040582894,0.025568220902697746,0.7248201046423896
2022-05-31,0.0029761531829393772,0.030168190370657048,0.014970269565569953,0.031101541053746136,0.038580223478486275,0.4577456043865564,0.037040971582906985,0.025523204984568473,1.3393656242914833
2022-06-01,0.013284216519325893,0.02524247567151698,0.06669121115419273,0.03836771568216005,0.04979591063808148,0.4296491425700393,0.03529535666808247,0.0246141823538834,0.9124817656721784
2022-06-02,-0.0207413379423366,-0.00448096824007112,0.022711068947646438,0.01196790107254135,0.02666566241025738,0.3161511589630058,0.03443114343899725,0.025147897970064177,0.7221406271069716
2022-06-03,-0.025778515281473666,-0.03323563670448427,-0.02127737755229322,-0.015426468458224183,0.0023866728355472922,0.21394319369997916,0.03522054703784288,0.02405550482816869,0.43160850765785
2022-06-06,0.01675575780507706,-0.029764095418733035,-0.013503725716467676,-0.0009056352087804164,0.019637929537755346,0.11425416616036883,0.03398792113944764,0.024234570112256902,0.5332856459096967
2022-06-07,0.023881803021581285,0.014859045545184944,0.007401924122174347,0.020930551997230016,0.04115474832979095,0.220995941433913,0.033501894186868476,0.022760657216876406,1.0232963188551896
2022-06-08,0.0014738835951339246,0.042111444421792314,-0.004408408802017853,0.016162843561376705,0.037353908913392804,0.3789189419767871,0.03313696735050138,0.02002246270378166,1.442240568115502
2022-06-09,-0.02535568661671516,0.0,-0.009022757476396482,-0.010611353807372681,0.008608097963905272,0.3059854376710206,0.03485110680307269,0.02068782719136722,0.6670451231124662
2022-06-10,-0.006060479246968588,-0.029942282268549846,0.010695278558108725,-0.015559487544566413,-0.0001519211221319166,0.2283728067668683,0.03473730533374995,0.020714017106668835,0.8014044909982663
2022-06-13,-0.04507367826752335,-0.0764898441312071,-0.0511341575144919,-0.0529960329079723,-0.04363689135857755,0.07875386342276912,0.03679310249590073,0.022747469450785394,0.753700960456737
2022-06-14,0.011067228144079356,-0.0400669293704126,-0.06394873239199399,-0.03709312937782584,-0.031373790166843316,0.3396376099260999,0.034478888722485404,0.021584715089834033,2.3552407484812465
2022-06-15,-0.015848256505922316,-0.0498547066293664,-0.08127087249305015,-0.04412895525476059,-0.04551355251285519,0.4085712734661172,0.032177088558640356,0.021086165544326057,0.713014063055248
2022-06-16,-0.022617999089861892,-0.027399027451704888,-0.07853318496619685,-0.05744647093518949,-0.06522072303173349,0.24590133837032865,0.03267973947000621,0.021558989314755247,1.091119913523772
2022-06-17,-0.014815102593267904,-0.053281358189052094,-0.08728780831249612,-0.06439099876401064,-0.0763575341275899,0.12383900740195344,0.03352285525246739,0.02161836343921822,0.6734682835683069
2022-06-20,-0.04061469213490813,-0.07804779381803784,-0.08282882217988087,-0.08990881615083084,-0.10840775847706123,-0.07095248863009744,0.03676288852190077,0.02284785228096162,0.5556441653147097
2022-06-21,0.04227181409528983,-0.013157980632886248,-0.05162423622867051,-0.03944010629776901,-0.06566624168793812,-0.14664081507772125,0.03701513752169748,0.024474652518295923,0.7291551173238223
2022-06-22,0.022914166511692643,0.024571288472074293,-0.012861813211055463,-0.007547765861498865,-0.042528462802927006,0.013627505477475665,0.03756356492837451,0.02385530875897702,1.171404456940347
2022-06-23,-0.004866195091226697,0.06031978551575552,0.004889990787579588,-0.00485437434568476,-0.04436329580619711,0.18446894105134035,0.036353077099328696,0.023132420346010506,1.9144585781177164
2022-06-24,0.009708894318478106,0.027756865738944057,0.029413987699325655,0.010906796005156186,-0.03172986714371331,0.26196419568881923,0.03565678116800006,0.02279790887881731,0.45100205247564273
2022-06-27,0.039468373208444714,0.04431107243569605,0.10949705304267851,0.04870132499203144,0.009217342564610338,0.3001220100336502,0.03449801954682212,0.0246175467087422,1.5009772310832723
2022-06-28,0.006172843719479188,0.05535011124640201,0.073398082666868,0.052802078295398784,0.01729401511071562,0.35813751474781214,0.03461539828174268,0.02466120094220298,1.6945938593679837
2022-06-29,-0.048867052734578274,-0.0032258358066542606,0.0016168634205972064,0.0037295554972995113,-0.02642335848019272,0.18133967395526057,0.0386568284892551,0.026514725656257523,1.533590920406033
2022-06-30,-0.006483058511823883,-0.049177267526922946,0.0,-0.0032415179024905673,-0.028666197616142364,0.13046944010591616,0.03983740835776574,0.02625526729545452,0.82280901437132
2022-07-01,0.0032467131890104987,-0.05210339805739167,-0.006462181129467622,-0.002263974349351195,-0.02288388035400699,0.21631772606830238,0.037740225138867996,0.025793989579110055,0.6130997416817395
2022-07-04,0.022436887206660223,0.019200541883846945,-0.023493667131252127,0.01186656191247604,0.001746309746722053,0.19441825582509595,0.03939326419313926,0.026049332535176828,1.0141077475153222
2022-07-05,-0.0063593061213998376,0.019324294274271007,-0.03602581697213113,0.001757473477562276,-0.0005578880318655073,0.19942928196372492,0.038961051186838645,0.025310831547306182,0.38115990957498713
2022-07-06,0.01425197053393352,0.030329551619194085,0.02709320629638074,0.013222832336253197,0.017274436331368603,0.19784527026696963,0.0380727955028757,0.025613353397181928,0.9427491191503979
2022-07-07,0.007831059361007304,0.015723723773540976,0.041407324169211716,0.016976152837164003,0.026996837362039346,0.2870253741116616,0.03677293113003194,0.025178621453847704,0.7960608425280751
2022-07-08,0.007769943357710971,0.02985297325265201,0.04593055433791245,0.02085968059622802,0.036003544952778146,0.3731133387063613,0.03560375143914114,0.02523985855759528,1.0101527233711383
2022-07-11,-0.003100870242799922,0.012500132475918307,0.020392796888452254,0.01802079089780437,0.03155526894068737,0.3218703802438512,0.03371786892603809,0.023022991556746197,0.5177877678647985
2022-07-12,0.024541181072668155,0.02921025418757933,0.05129328408252013,0.041666665250321325,0.05515587447404133,0.3375369627145659,0.032251110522442956,0.023519374737399096,1.2992910540499307
2022-07-13,0.01354417564669093,0.03498448647655909,0.05058548919527741,0.047604090557305745,0.065880609593607,0.31261063788559285,0.031924008096243205,0.023272150794540133,1.0236393633454948
2022-07-14,0.022174008860683492,0.060259365580042454,0.06492843869495366,0.05964379081563144,0.0835644562977514,0.382012324805508,0.03174606074422176,0.02279484423495552,1.8300978828580812
2022-07-15,0.01162788365131544,0.0473460681586897,0.06878637898855808,0.059724289880312684,0.08856372171455286,0.39389291536010773,0.031069397531736553,0.02231253869832301,1.3402526362366747
2022-07-18,-0.010167045385017127,0.02363484712698174,0.06172020384634092,0.04040098610407741,0.06864275624582324,0.2530568782458748,0.03107406375057062,0.019798234901453896,0.5550130765610393
2022-07-19,-0.014706078451023792,-0.013245240184725508,0.02247294432264869,0.017792596891627686,0.04724234405225621,0.4051079530453461,0.028677274733538805,0.018739716063905325,0.45618921884513136
2022-07-20,-0.01342309880716099,-0.03829622264320189,-0.004494330131203066,-0.00030021909554052797,0.02944586040772469,0.4455331246008805,0.02917205223518672,0.018729809918111597,0.6630501476448862
2022-07-21,0.00449433013120302,-0.023634847126981672,-0.02217400886068343,-5.150974819054355e-08,0.029785208947561946,0.47248840031388084,0.029468315854461177,0.018620065732791763,1.5604933378658632
2022-07-22,-0.007501876130953273,-0.0164306448069112,-0.041303768642952106,-0.01013716307396792,0.018717377899539197,0.2893749493808403,0.02689331436710186,0.01874971432551134,1.2384689061599985
2022-07-25,-0.006042299515737625,-0.009049845515487894,-0.03717902277367269,-0.018441409337744612,0.011494249079576623,0.22096076746368212,0.026515178208614928,0.016795015271945695,1.213305265566556
2022-07-26,0.0,-0.013544175646690897,-0.022472944322648854,-0.018441409337744612,0.010719751441395586,0.33033663515114653,0.025000025086576984,0.016753010398689712,0.46300824188909395
2022-07-27,0.0,-0.006042299515737625,-0.009049845515487894,-0.017125847946169857,0.007556673572228158,0.2444214584904782,0.024783566647019098,0.012031992208932795,0.5168718048280592
2022-07-28,0.02099025633164433,0.02099025633164433,0.0074460806849535825,0.005219967331462677,0.024316088370682762,0.25918373575934195,0.024374750206321304,0.012429232880535289,1.3340017186701343
2022-07-29,0.01326488967117005,0.034255146002814485,0.028212846487076882,0.020012055089047437,0.0328142692757348,0.3739764739667234,0.024994788692840438,0.012573686774418445,1.649234860823673
2022-08-01,0.01597707521833536,0.0502322212211497,0.0502322212211497,0.03504854574697208,0.044472956632044716,0.37828334255766066,0.02490739066504147,0.012181239764733986,1.1351582324167853
2022-08-02,0.02138340520941685,0.05062537009892225,0.07161562643056678,0.052084802205697014,0.06050399533515273,0.41869080702102907,0.025085655423715675,0.012425735062618844,1.4116664747524201
2022-08-03,0.014005947374741007,0.05136642780249316,0.08562157380530762,0.058598392039451136,0.06882715254997522,0.4332333027118204,0.024836088702838797,0.012417406416888327,1.3632135395082894
2022-08-04,-0.008379946213372038,0.027009406370785798,0.056251371260291144,0.0430076283753924,0.054265890310703085,0.2966703010804196,0.02424364266956804,0.012823200003210695,0.5506287021753259
2022-08-05,0.0069880560779935295,0.012614057239362368,0.04997453766711466,0.04208991474720854,0.05603759076922263,0.5164911422438433,0.025567057421678804,0.012816536164642695,2.227151721092341
2022-08-08,-0.022536171004628753,-0.023928061140007173,0.011461291444150734,0.012694680073911552,0.028119441080837686,0.4793374547511914,0.026760289215987654,0.014152846579760951,0.45582259847260315
2022-08-10,-0.018964750612882594,-0.03451286553951774,-0.0288868643781488,-0.010442847665423674,0.006681187289053364,0.43436003683085544,0.028462772118937735,0.014223191258866393,0.6470037273127265
2022-08-11,-0.002949881064554446,-0.044450802682065776,-0.045842692817444256,-0.017139391496608418,0.002413347811764592,0.3542024874778247,0.028047876797180127,0.014003412541978314,0.3103351806491623
2022-08-12,0.0044215023835332936,-0.0174931292939037,-0.03304124422053884,-0.015014995362748206,0.006427389262960582,0.37917930287000984,0.02868037630231991,0.013147932219470988,0.4347546614339328
2022-08-16,0.014598868199245177,0.016070489518224148,-0.025430432099287137,-0.0029459643920163865,0.020634384567822243,0.49718441015037146,0.0301413457393764,0.01329711523951068,1.1661358079077053
2022-08-17,-0.011662044417082592,0.007358326165695885,-0.014556305511741086,-0.014204969487751249,0.008296891499585722,0.5215852976755548,0.03281248491465282,0.013364696556688612,1.4167225721972356
2022-08-18,0.01600054591549905,0.018937369697661632,0.02040899101664048,0.002550164613897956,0.022472689597543675,0.5749899383203172,0.03364038002965689,0.013289712743854766,0.8583148298085104
2022-08-19,0.0071889234436436425,0.011527424942059963,0.03054779552483849,0.011357390080787497,0.026707344683270837,0.5895442594335742,0.03282184705192369,0.012818885539101545,1.589092538985223
2022-08-22,-0.027597914460284145,-0.004408445101141557,-0.001471621318978887,-0.012761679349478876,-0.0026727346328423093,0.5005586997076531,0.03377174527842524,0.014525393515324263,0.6108695112175826
2022-08-23,0.0014716213189789216,-0.01893736969766167,-0.014598868199245264,-0.007299298306705552,-0.0030679379924282144,0.37831228926151966,0.03344436121510166,0.014371804704011431,1.0743665176079416
2022-08-24,0.0,-0.02612629314130521,-0.002936823782162589,-0.00555721162830718,-0.005211961385986375,0.3390228839115605,0.03232181987101596,0.014258950151035567,0.5672210442178722
2022-08-25,0.03893779071010687,0.04040941202908559,0.020000421012445074,0.029711524228722357,0.030037410293971348,0.35467049242010545,0.03273562088056832,0.016433715294442885,1.859663150427984
2022-08-26,0.005641874647616689,0.04457966535772351,0.01845337221641816,0.030434797217351615,0.03132733402434999,0.48309614156850555,0.03317855796996407,0.016407005348486145,1.545710163959849
2022-08-29,0.015352727948755692,0.0599323933064791,0.06140401462545796,0.04004612502022761,0.04292624901482756,0.42218108117324876,0.033210003480311875,0.01615416351471241,1.3542962432577998
2022-08-30,0.061764687371994226,0.08275928996836651,0.12169708067847324,0.09401721643734401,0.10183463457223066,0.6530279254415723,0.035714288425959514,0.020617125260261805,2.3637818203569574
2022-09-01,-0.023716512463510277,0.05340090285723958,0.09798056821496301,0.05812652300696166,0.07094880444796872,0.7755280879906497,0.036666667890687205,0.021554354549786426,0.9725698575271992
2022-09-02,0.03536706820459726,0.07341524311308119,0.0944098457094536,0.08337985173918462,0.10335053014547693,0.8469387343827373,0.039437399564992974,0.02234000205999882,1.4317550937705892
2022-09-05,0.0012861306824498986,0.01293668642353691,0.09005410174428681,0.07280749070534294,0.0993657517970574,0.8938582327325417,0.03966214482272894,0.022259923978141707,0.5852204164895842
2022-09-06,-0.028685183806426717,0.007968015080620464,0.04601618998910434,0.03151858214423923,0.06428113591121049,0.8009826625145129,0.04109977796607072,0.023323640124080714,0.3817860816288506
2022-09-07,0.0065919849295901145,-0.02080706819438672,-0.00915651245329963,0.0269905139521901,0.06732114666099896,0.7181057772808944,0.03942181799240456,0.02332082052295241,0.46712540571138556
2022-09-08,-0.010568112722523892,-0.03266131159936036,0.003991887287686702,0.006280880108663604,0.05160252626870931,0.6444772699679427,0.03955606228096793,0.02276101827034868,0.526076460404617
2022-09-09,-0.02555614202745642,-0.029532269820390058,-0.05693132294436695,-0.02263646627211025,0.021146396603988826,0.5347711481498854,0.04135851436426576,0.023158698535593603,1.1283783252539779
2022-09-12,0.006789010067667133,-0.02933524468231315,-0.051428443559149675,-0.019633737183613494,0.023687644300971186,0.5807907384852126,0.04098202902522308,0.023109548478838334,0.9583627018175358
2022-09-13,0.0013521049889446768,-0.017415026970844547,-0.02139115476377821,-0.0206458822621687,0.020830446412581825,0.6562533191995163,0.0414092873967852,0.02311945749988923,1.3905353366300925
2022-09-14,0.0013503938750697973,0.00949150893168159,-0.026632745818298543,-0.015805619656566648,0.018626654498614562,0.5573805625641455,0.04289572219747212,0.022996136043966477,1.1733329566341317
2022-09-15,0.043571357568867805,0.04627385643288247,0.027506724473093082,0.02475842104767857,0.057304879821068654,0.5706136498469706,0.04189739904575072,0.024348006574045983,1.5066299377044456
2022-09-16,-0.0012930012914951965,0.043628750152442414,0.05176986520905427,0.023976568359784466,0.05020027204673337,0.579613420526006,0.042321218912849706,0.024293404696828103,1.1539182124873462
2022-09-19,-0.0012943452974814326,0.04098401097989117,0.043686509843905694,0.023465500058195258,0.04359584338871894,0.5740124217615875,0.04135826242845728,0.024335695940418435,0.6771047718052741
2022-09-20,-0.0025940583206781474,-0.005181404909654896,0.03974034653428278,0.01892285919985884,0.03452909700013417,0.3563915440200674,0.0370130012168848,0.023185939192915766,1.126902917552902
2022-09-21,-0.01175720684091439,-0.015645610459074075,0.026632745818298668,0.007013321030664985,0.016903813390009462,0.20463463797846757,0.03669984398995172,0.0235169167228264,0.8369435029789745
2022-09-22,0.029775763549387036,0.01542449838779447,0.012837151798817852,0.03321038248675217,0.04040878884763997,0.13766138283949003,0.03334548541171375,0.024077758054950125,1.2954168980548135
2022-09-23,-0.018018556708472654,0.0,-0.003888403618159711,0.009968520403258747,0.017576315265037154,-0.03410975992390675,0.03525046446582822,0.023476671102001655,1.0768127666845444
2022-09-26,-0.04516034726784037,-0.033403140426926006,-0.04775440558851857,-0.034247418185654785,-0.028959652720196807,-0.04936862964593516,0.03833462652991825,0.025939360712844375,0.7788692001041505
2022-09-27,-0.0027211143230542936,-0.06590001829936726,-0.0478814615908946,-0.036112906497853176,-0.03236436320273058,-0.043331203871883585,0.038536394179219204,0.025753878014939214,0.5173084952416996
2022-09-28,-0.004095663512919827,-0.051977125103814484,-0.04021991826290007,-0.03879033155273778,-0.03396332925712293,-0.025040927291874907,0.03869454997546633,0.021393019843548505,0.3680014255673
2022-09-29,-0.011004102296264851,-0.017820880132238953,-0.08099978410855196,-0.042891117133580334,-0.04282776393342992,-0.005159700397935012,0.039320286582621426,0.020911934444223398,0.8181276407599248
2022-09-30,-0.012526312132841659,-0.027626077942026307,-0.07550753953292096,-0.04736490767232836,-0.05078435113610741,-0.15171387599892924,0.042617037055507595,0.019090731895703213,2.002557723775511
2022-10-03,-0.005617922950739312,-0.029148337379845853,-0.03596511521581984,-0.04480015203622131,-0.05181616339023332,-0.13567781146080363,0.04245471431682663,0.019048151709201152,1.5023022942348419
2022-10-04,0.07852476809604561,0.06038053301246466,0.04528076720327987,0.03350834036347643,0.02481993572664472,0.009409610241641672,0.04268972100728162,0.025795723989164833,1.1876412900711357
2022-10-06,-0.011787892815160381,0.06111895233014592,0.037588537901039235,0.02167193350590888,0.01294554811585026,-0.033187075955617616,0.04037265733661934,0.025905214724420762,0.8119854303077876
2022-10-07,-0.0013184593582818479,0.06541841592260332,0.047274180839022344,0.023909260606682515,0.011273488662916884,-0.18530273489724267,0.03938936897669032,0.02579140239066396,0.6957770728917948
2022-10-10,0.005262993610553267,-0.007843358562889091,0.06506348658241713,0.030425826428419296,0.014714579923588964,-0.1968631730806706,0.03927635129463902,0.02507402421176808,0.6501708107586586
2022-10-11,-0.003944534252271361,0.0,0.0667368752808851,0.023186945768433283,0.00937575494734126,-0.13554315443612794,0.03811405997033982,0.025078108471697075,0.4630275369971667
2022-10-12,-0.011928619648349875,-0.010610160290067987,-0.023716512463510277,0.008878172054765977,-0.00325595490734308,-0.12173651640777237,0.03723809611011523,0.025252856565039106,1.119854957441677
2022-10-13,0.010610160290067993,-0.005262993610553276,-0.0013184593582818479,0.015949615045499365,0.00623926401919055,-0.17764635060962392,0.03562005872281233,0.025350660522332327,1.3321250590091833
2022-10-14,0.0,-0.0013184593582818479,0.0,0.011205985165738808,0.0073090182108311265,0.01946364260376299,0.03430080346549791,0.023301129326899223,1.4216385947305268
2022-10-17,0.03754470333454683,0.04815486362461464,0.032281709723993524,0.03976732601188294,0.044875079709589684,0.24049544618187396,0.03267382139737066,0.02484642345564639,1.8675045505019696
2022-10-18,0.06398251039565349,0.10152721373020018,0.10020875437191842,0.08989339458956572,0.10898149531267289,0.4252349236282754,0.03567173154326011,0.028554118740355662,1.7803577462002689
2022-10-19,-0.04261135193181836,0.058915861798381874,0.06952602208844998,0.03956556576772016,0.06033632501964784,0.3047715199286188,0.040067534609877616,0.03039511178896218,0.9825791743563341
2022-10-20,-0.007490632020353987,0.013880526443481122,0.051425229778027985,0.026630700957677816,0.04986191798918449,0.27478779061427644,0.03929467485518715,0.030307134560957925,0.5628570721476345
2022-10-21,0.03931703461685535,-0.010784949335316983,0.09074226439488328,0.057998716057602345,0.08866735236141071,0.5608962360643099,0.038037880387549024,0.030831724491692882,2.141273895534049
2022-10-24,0.034343175693064186,0.06616957828956542,0.08754073675340049,0.08159147238687195,0.12016685253123842,0.548543462085966,0.037834698909282365,0.03118742841535729,0.26694345594575775
2022-10-25,0.049953691210022876,0.12361390151994225,0.07351191756776992,0.11674500061680915,0.16486068423060946,0.5789188788754529,0.035753840681024864,0.030299988139147645,1.0757911205062238
2022-10-27,0.004419748631346499,0.0887166155344334,0.12054301813093476,0.10032742015339274,0.15710898125739345,0.6149221595451775,0.03764373153716929,0.030181251777970715,1.0756793225956771
2022-10-28,-0.03706188119943952,0.017311558641929833,0.09097176895184908,0.04557969094283126,0.10493052018073178,0.5957808167690117,0.04094473355496912,0.03187755863741632,0.4111279657642444
2022-10-31,-0.025493877793463852,-0.05813601036155691,0.026160856541530032,0.007926225610000238,0.06840556238471468,0.5286192283406382,0.04250501031573802,0.03251285623508432,0.5458325635439857
2022-11-01,0.007017436738603303,-0.05553832225430003,-0.0011648824129307288,0.006569594731643833,0.06630199889355995,0.5002354479174855,0.04304027886180043,0.03214850787386753,0.5077181325822198
2022-11-02,-0.02957037081962229,-0.04804681187448269,-0.0806889444425758,-0.022070915955848296,0.027380341605892967,0.4927986636590924,0.04613272540996185,0.03315928169242469,0.7107088316162086
2022-11-03,-0.0036079224605111084,-0.026160856541530046,-0.08871661553443341,-0.02855803868392457,0.019781298593551377,0.41537513871267095,0.0464715837200435,0.028757637670251683,1.0798725228120716
2022-11-04,0.053940275915481374,0.020761982635347967,0.0022855415804873855,0.01600548360052441,0.06861837017948667,0.42924212257406963,0.04647747734058131,0.030571172756005946,1.5826867008175047
2022-11-07,0.0022806199588704004,0.052612973413840726,0.030060039332821795,0.0126874628897217,0.0632758262662044,0.40623996313283584,0.04506994245419843,0.03052915157658567,0.848450527723042
2022-11-09,-0.006857133565914162,0.04936376230843759,0.01618546902830439,0.00426126252636365,0.04902260221522501,0.27301057166919535,0.041366293163742754,0.030692576119235263,0.8761553177452985
2022-11-10,-0.001147603481994346,-0.005724117089038052,0.04460823636593206,0.006819939424126726,0.04080768568305412,0.3360975003853127,0.040839741763539786,0.030647659983845218,0.6002155348578003
2022-11-11,0.029413862597504274,0.02140912554959587,0.07763002142394755,0.0380741901131256,0.06254430012082496,0.44195540490033236,0.04116896288515854,0.030706323466079846,1.3989553037137463
2022-11-14,-0.028266259115509892,0.0,-0.0045765136070436176,0.009376164107226123,0.02600312646755823,0.18520454578622078,0.04120246816726158,0.03180644132305168,0.9449247128259121
2022-11-15,-0.015020586615373536,-0.01387298313337917,-0.02187772018128763,-0.006476982599224563,0.0047371043280424446,0.08341014798871242,0.041243959515743514,0.03215597601428782,1.056428103596408
2022-11-16,-0.005837631416993119,-0.04912447714787656,-0.020858218032366666,-0.011802742141094445,-0.005009829277235253,-0.10662295342086153,0.038725314380128883,0.031388189835885656,0.6148452487926852
2022-11-17,-0.017720594940753957,-0.03857881297312061,-0.03743120949112622,-0.02983350860944603,-0.022486342627532938,-0.3778577208065462,0.037885227266118454,0.02835227502419412,0.5521038413203575
2022-11-18,0.002380873830281086,-0.021177352527465946,-0.06446419825834941,-0.028756293131884783,-0.02226366129154879,-0.3503415874756385,0.03745541859902897,0.02651901473688796,0.7020683223341833
2022-11-21,-0.00835807890420718,-0.02369780001468011,-0.044556018047046814,-0.03214568585109844,-0.032426402464982254,-0.32940385176501397,0.0366563946975344,0.0265364871331547,0.7217866597896825
2022-11-22,0.0035905476914341416,-0.00238665738249199,-0.02594488374023912,-0.024020558933121133,-0.029340177479582827,-0.22133034473371566,0.03746373512493026,0.025068751674483577,1.1246637876518326
2022-11-23,0.0011940913777141126,-0.003573439835059107,-0.018913160945531984,-0.018965084413177496,-0.026995628260793738,-0.18787302874491785,0.03596999456018725,0.023770030352938572,0.7705224934270052
2022-11-24,0.036325098601672885,0.04110973767082101,0.03513253259689489,0.01756449004847491,0.010994215643417009,0.025949391160137197,0.03624855834552868,0.02237996668324416,2.2331746193336026
2022-11-25,0.009163657282637431,0.04668284726202431,0.041915316049251194,0.029342596328917055,0.022084838221761893,-0.04925251592194187,0.03339306649967153,0.022475618718868936,0.9898348261571331
2022-11-28,-0.002282932599877305,0.04320582328443303,0.04799046235358112,0.026633867962964568,0.01969473152527954,-0.019327130434618738,0.03387755107774221,0.020883191338663263,1.346907291184267
2022-11-29,-0.024292662338901063,-0.017411937656140887,0.020107252323246002,0.0025828388025085345,-0.004893879200452399,0.013038583677491857,0.035128804530489124,0.020807427907303614,0.6415442260096588
2022-11-30,-0.015339721110472848,-0.04191531604925116,0.0035734398350591953,-0.011169994943171616,-0.01907048994155853,-0.022272082585545548,0.03499235894540771,0.021016715930578817,1.0095527368657116
2022-12-01,0.0,-0.039632383449373955,-0.03275165876661376,-0.011402461586513583,-0.01952792740303289,-0.23678679401246697,0.03329370081760938,0.019912169072052576,0.8193053774284795
2022-12-02,-0.0023808738302810895,-0.017720594940753957,-0.04429618987953232,-0.013521474026510551,-0.02237241948278854,-0.2138121722652916,0.03150008099055143,0.019900804583479505,0.7760958090380254
2022-12-05,0.0,-0.0023808738302810895,-0.042013257279655034,-0.014101064052301847,-0.020260422615478293,-0.011293970176187145,0.031244672273568853,0.015437380672430214,1.325557533235671
2022-12-06,0.028204135330664497,0.025823261500383245,0.010483540389910407,0.011012311921919534,0.008649033249561025,0.15624793031592843,0.031037899036967697,0.016853058578527865,1.3673583380006895
2022-12-07,-0.008144535776388347,0.02005959955427612,0.01767872572399499,0.0007013431569294104,0.001403755333253723,0.25053501851679,0.031208277150026217,0.01687960147078815,0.660235074054775
2022-12-08,-0.014117708047705239,0.0059418915065708984,0.003561017676289756,-0.01043489566772118,-0.01107262227495081,0.2493701316550589,0.030636422169197212,0.017135773388985188,0.6272947142208843
2022-12-09,-0.019139408748602267,-0.0414016525726958,-0.01319751724203141,-0.023584896023796414,-0.02588234433722893,0.25887691450477446,0.03174602934717209,0.015910009377572396,0.48298234665486195
2022-12-12,-0.007272824460849889,-0.04052994125715739,-0.020470341702881274,-0.02456394508217977,-0.030088544063289365,0.11311518966236975,0.03223844988971383,0.014884383926730426,1.377714900961658
2022-12-13,0.022851215533162442,-0.0035610176762897743,-0.025823261500383308,-0.00047547305804575095,-0.0066147883321450345,0.19334476507254691,0.0320197132289626,0.015657231324375173,1.0007398997900105
2022-12-14,-0.003573439835059107,0.012004951237253321,-0.021252165559054126,-0.00368561710526006,-0.009222010362474628,0.1525933257351386,0.030003414213966125,0.015629020112741483,1.4332208699236586
2022-12-15,-0.01563459733013532,0.0036431783679679954,-0.022769054841484143,-0.017272061831517128,-0.023784033462433907,0.045121783539268705,0.030649356296927163,0.015517745333003125,0.6859450877055862
2022-12-16,-0.006079151523805941,-0.0252871886890003,-0.009708797616687775,-0.021012401127648878,-0.02849354795673055,-0.13794183333057775,0.03040071330756646,0.015540576909527551,0.94298046330813
2022-12-19,-0.020949656233019497,-0.042663405086960614,-0.023385629388857368,-0.037170279685537884,-0.04688427363113672,-0.12735584070563447,0.02997689757017274,0.016088478626985904,0.7140051331202067
2022-12-20,0.0012446191599203235,-0.02578418859690502,-0.04499222576209939,-0.029102712387992682,-0.043824645667305206,-0.08989901603538158,0.028251621380868105,0.016054905027485033,0.9506338771083345
2022-12-21,-0.016301500911176967,-0.03600653798427618,-0.05772028683821735,-0.03724453739191205,-0.05664890410286714,-0.0956692344137484,0.02970925574537958,0.016345081890399613,1.2812815657910785
2022-12-22,-0.011443168736475688,-0.02650005048773239,-0.05352885824455771,-0.04096155571817571,-0.062518794644973,-0.09353945622525743,0.03178665463153514,0.01356794884801953,1.0081448026657491
2022-12-23,-0.010282740680017366,-0.038027410327670076,-0.057732447400769216,-0.04444439109099814,-0.06634494670284885,-0.28896848454595186,0.034053173151742125,0.013169766540347549,1.3215698045186306
2022-12-26,0.011560870324504043,-0.010165039091989084,-0.025221920843245753,-0.028656407700775172,-0.05021824856432977,-0.43603773113315414,0.033023181882565825,0.013740507051913141,0.47910944758084417
2022-12-27,0.0,0.001278129644486737,-0.026466540003166082,-0.021616826254861166,-0.046110646565291374,-0.46729159977408785,0.03329685763200136,0.013053450862175823,0.6532005333157961
2022-12-28,0.01269053002067164,0.024251400345175502,0.0025254909286824972,-0.0035184072496231536,-0.031095274987804296,-0.29888559597096387,0.03269682093724113,0.013312469632960266,1.3958063005718604
2022-12-29,-0.0037903634729454486,0.00890016654772614,0.010178296192212798,-0.0029029505997843113,-0.03174408841551323,-0.32237346280798135,0.03245932399451471,0.013295405462675536,1.0991118018540904
2022-12-30,0.006309171897598448,0.015209338445324759,0.026770208769828753,0.006583939475755755,-0.022981444228711265,-0.16536537435844964,0.03135669785464354,0.013462058331335389,0.9597833784981165
2023-01-02,0.005018875765603196,0.00753768419025629,0.020228214210927895,0.012161168059773074,-0.01564613630394279,-0.27275624199152815,0.030395143519312537,0.013561320561039187,0.4233112199699122
2023-01-03,-0.003761846713557839,0.0075662009496439125,0.016466367497370175,0.009383672426131747,-0.015278074636813944,-0.4037910931207713,0.03006102880554733,0.011483886056626404,0.4461233098265029
2023-01-04,-0.0012570290520453559,0.0,0.0025188084246531785,0.007604544321262355,-0.012790267810765255,-0.4342314632701863,0.029829302219882337,0.011457587125108375,1.751304166961302
2023-01-05,-0.013933056971010854,-0.018951932736614087,-0.007623885073412387,-0.006588944836956112,-0.022809388158184608,-0.41283926148248523,0.030247816548807524,0.0114488186805026,0.9167570420685064
2023-01-06,0.008888757617675231,-0.006301328405381047,-0.005044299353335596,0.00012627292991852388,-0.011806004358431814,-0.24201066324464393,0.029438328998682282,0.011169830578287718,1.5545131002660892
2023-01-09,-0.0063410709820951915,-0.011385370335430876,-0.016404246101034095,-0.00657234313572118,-0.015839271689629057,-0.23069929560504052,0.029352961644937267,0.01114986081441948,0.8686819839461549
2023-01-10,-0.003823968109893844,-0.001276281474313786,-0.016466367497370116,-0.010363924751192551,-0.016022546883544604,-0.20177775269392556,0.028188288157352956,0.009457589292676776,0.7744595937561837
2023-01-11,0.0,-0.010165039091989084,-0.015209338445324721,-0.009111537382745692,-0.012610270782528073,-0.16761126500759232,0.026455026777358368,0.00949127389680033,0.6188503314898215
2023-01-12,-0.00512180452344866,-0.00894577263334247,-0.0063980859977624815,-0.012799457544180529,-0.014797088217336565,-0.0914944561123022,0.0231065599345216,0.009058970742571542,0.49358108345586477
2023-01-13,-0.0025706093572378293,-0.0076924138806864955,-0.017857452972675485,-0.013082669609133856,-0.014647125104694006,-0.18230561299654838,0.021511315499392773,0.009027443300580277,0.8917073342483823
2023-01-16,0.01151638199058027,0.0038239681098939126,0.0,-3.241329885506159e-08,-0.0021582282557365425,-0.1290464066437957,0.02062886734445319,0.008473835064359808,1.7359151462186688
2023-01-17,0.041127393531688754,0.05007316616503129,0.04495136164158263,0.038944626364165506,0.038746966030642725,0.03651592093797319,0.02206524888880054,0.01269072255963592,2.8112970615163655
2023-01-18,0.026507404123682896,0.07915117964595189,0.07145876576526537,0.06066328178430722,0.06327821075566599,0.28651262878866873,0.02284696537816775,0.013231096284932254,1.6499976025670633
2023-01-19,-0.009557900705086973,0.05807689695028462,0.06702266958362721,0.044121355615960464,0.049779452385092855,0.3416716542915015,0.02400962087710359,0.013128615596552868,1.0539964922906018
2023-01-20,0.02255293408101885,0.03950243749961477,0.09214621302188387,0.05983336572915962,0.06847258165862594,0.4633096978627341,0.025067079580915735,0.013409322980071268,1.096468526073882
2023-01-23,0.004683692348063025,0.01767872572399499,0.08531352337936661,0.05561710980894233,0.06859735442528157,0.48197638777108837,0.025367170520570755,0.013314689913628013,0.42150906578680997
2023-01-24,0.016223078397705336,0.04345970482678732,0.060409208245383164,0.06149355591987283,0.08020873810910198,0.6396924447517222,0.024958973176785866,0.013521442600994844,0.9005881273090827
2023-01-25,0.004587107047695407,0.025493877793463803,0.03848891116939569,0.05466401431122546,0.07974559070183598,0.712072908762367,0.024763021162071037,0.013408256769111882,0.5584066445217764
2023-01-27,-0.011507709190374665,0.009302476255026067,0.036539102684107996,0.03201143776368426,0.06253456338244452,0.7275122627007352,0.0265377306065489,0.013776381369407766,1.315485943253158
2023-01-30,0.0034660920006942273,-0.003454510141984877,0.01745226060378344,0.024580345725086813,0.06152419475690479,0.6641645540827363,0.0271049972481488,0.013771148059212398,1.0001659302032184
2023-01-31,0.0126077787290382,0.0045661615393580365,0.025376346984758675,0.026420415443257447,0.06981848133071882,0.7380197896388069,0.0273348821889022,0.013894981972124323,0.7332912919835662
2023-02-01,-0.03476597221479928,-0.01869210148506668,-0.025612703627745897,-0.012000449518183864,0.03000122974629416,0.6831487011810722,0.03099733355520082,0.0163949973632976,0.8313008013770753
2023-02-02,-0.015448897148641826,-0.03760709063440287,-0.04564870782408321,-0.026466113840786506,0.011753329571195483,0.6265778561079444,0.03515828008071368,0.016895886988935235,0.7882464123806102
2023-02-03,-0.018127392034312798,-0.06834226139775397,-0.05226839066802136,-0.042503495208557986,-0.008584188984958023,0.5810700016607967,0.03824044662886559,0.017134347506053756,0.9755414491867987
2023-02-06,0.0036517381045046296,-0.029924551078450084,-0.052082744564211074,-0.03573530321161076,-0.006878345415692162,0.5279874241918867,0.03723315214483338,0.017067354247443375,0.49572741569484735
2023-02-07,-0.02335677517760372,-0.03783242910741193,-0.08804729847085303,-0.05222205123529244,-0.030858197776893862,0.40133337292077104,0.037579975153898874,0.017907557129622966,0.8060022070585731
2023-02-08,-0.0012446191599203473,-0.020949656233019497,-0.05452594541597408,-0.04586502497035301,-0.03322900140614477,0.25170683261759835,0.03522507209890044,0.01787925117347098,1.0562714286346377
2023-02-09,0.014833426674124791,-0.009767967663399253,-0.02424362159320757,-0.024769626591708872,-0.02066808908175525,0.19754802300214422,0.033742354648269676,0.018130087084541516,0.9248277668681925
2023-02-10,-0.018576393387920803,-0.004987585873716394,-0.02469262294681553,-0.035330984910717234,-0.03990398220404527,0.028323028286799713,0.032857169983831286,0.018650514499867897,0.7076989260481088
2023-02-13,0.0012490715010906696,-0.0024938952127053354,-0.027095289550229322,-0.026376692233703404,-0.040086410938709315,-0.07399886042630896,0.032013585005056126,0.01862801249289821,0.8437323065304735
2023-02-14,0.0012477250453177245,-0.01607959684151237,-0.002490789327307904,-0.01607170284377017,-0.03980850394623055,-0.2401082476698204,0.03090488745910959,0.018478934440237234,0.47073701320169375
2023-02-15,0.016079596841512257,0.018576393387920786,0.014833426674124791,0.003941892857164488,-0.02401051133365285,-0.2888253475967389,0.029710791593178302,0.01634198088887439,0.8782047488195278
2023-02-16,0.004896014124212163,0.022223336011042153,0.004896014124212163,0.010861591823458543,-0.017926672784091473,-0.5077965628566784,0.027995814873846347,0.015151066234929225,0.9350113436194938
2023-02-17,0.011313758474523622,0.03228936944024797,0.03478616598665642,0.02131455543491486,-0.006473783825411827,-0.3551547403926301,0.027917427100457613,0.015272495161315444,1.162965066749516
2023-02-20,-0.025317863189718775,-0.00910809059098305,0.008219231295846879,-0.002325280136626442,-0.028726323067384485,-0.565330248684223,0.029153755114336505,0.015256634448987609,1.5846190943565128
2023-02-21,0.0025607740671535545,-0.011443330648041726,0.009532280317682676,-0.0004686968223891009,-0.02351617046917646,-0.5516859585031895,0.02685110271051001,0.015210054238007378,1.4505322662363687
2023-02-22,-0.008991652186104543,-0.03174874130866986,-0.015538968709934129,-0.009346588451548347,-0.028298019062257877,-0.517548950855022,0.023939513628493905,0.01458400974944143,0.7429291631534491
2023-02-23,-0.0012911321087518723,-0.007722010227702873,-0.021726114942898233,-0.008960654950959294,-0.025267039466347466,-0.46711606464342026,0.021694081427052193,0.014459651856446258,0.5510323980709644
2023-02-24,-0.002587382314238559,-0.012870166609094992,-0.03562725573166028,-0.011439314784442682,-0.023946939624273297,-0.4733795053324542,0.022337060236577094,0.014364057687512756,0.9854756452435787
2023-02-27,-0.005194828497418401,-0.00907334292040882,-0.015504221039359885,-0.01585375197580695,-0.02472806038040364,-0.5002913595031919,0.021281681529871796,0.014260794620109105,1.7345857390579167
2023-02-28,0.01934303199470588,0.011560821183048983,0.0012780368881925963,0.002286626137440004,-0.0015601069457425744,-0.27354408789578727,0.024368577472765638,0.014752695842066135,1.4051242997123918
2023-03-01,0.0239757843990153,0.03812398789630271,0.03424547347331242,0.02465813944739587,0.02377776069066777,-0.23125601560391418,0.024303566183516697,0.014136867259078374,1.233970766392822
2023-03-02,0.0012461855518183156,0.04456500194553943,0.036782791133882574,0.02436534654372835,0.0252803390762939,-0.10985569828408771,0.02405206180693932,0.013728866806475757,0.6650885484215436
2023-03-03,-0.00875557339872868,0.016466396552104984,0.030614600049392423,0.015954011965697443,0.01608092360403483,-0.12808719211793018,0.02554133366632082,0.013236396093484367,0.8230262146982666
2023-03-06,0.003761794096468483,-0.0037475937504419694,0.03957122264327922,0.017316014151464977,0.0196411943463757,-0.19662140567902697,0.027353341435197596,0.013237905759683566,1.190473654342173
2023-03-08,0.04167273829962419,0.03667895899736385,0.06190092894819742,0.053763474776312194,0.059212511656699315,-0.06758223727340563,0.028170238860919693,0.015000843251086655,1.5857122735565845
2023-03-09,-0.020619408229909573,0.02481512416618307,0.017305736319272635,0.026931710416627133,0.03493403363135909,-0.1497650505531402,0.02993698364405763,0.015921473610875918,0.5646130041818139
2023-03-10,0.006108843494103344,0.027162173563817938,0.022168394261557558,0.027148772350852304,0.03904434927215137,-0.2420352367491543,0.030450673429003563,0.015684748453629247,0.5592340458514278
2023-03-13,-0.019680672438967244,-0.034191237174773494,0.011243295221319007,0.002990441519663753,0.016713838841186296,-0.23330437818768673,0.031055895651753197,0.015763135199247626,0.7332324949476937
2023-03-14,-0.0012430873165113808,-0.014814916261375325,0.006238413808339288,-0.0027287811379816842,0.013506048324269436,-0.20936441199546776,0.030739157572686943,0.01577964841500885,0.7008572226662781
2023-03-15,0.022141023118285787,0.0012172633628072381,-0.013293301372999016,0.01468951889231694,0.03310866121998591,-0.10831555900111965,0.03067430039452433,0.016411324198407004,1.1031987496815117
2023-03-16,-0.011009285140175908,0.009888650661598535,-0.003683178283265474,0.0022189044364974157,0.020139247071309832,-0.12751786623347613,0.0317167283044661,0.016390332186828758,0.9763671039415229
2023-03-17,0.027897393601204277,0.03902913157931416,0.018105371823835665,0.026396432307908346,0.04604590718113485,0.16961729953578086,0.03349280418807237,0.017407947267181825,2.840093854619048
2023-03-20,-0.03282949580531685,-0.015941387344288453,0.00495654845748597,-0.00833531436526053,0.01169268380899976,0.20404392610392208,0.0351403575231175,0.018993469557020227,0.6829088386995686
2023-03-21,-0.01118718799653719,-0.01611929020064976,-0.004987552222539804,-0.01948762735037285,-0.00081177431401759,0.07333316649635094,0.03383925681171829,0.018227585742741696,0.6718141106645442
2023-03-22,0.0074718782243391405,-0.036544805577515015,-0.01965669711648655,-0.00885398055337071,0.00517546252601168,0.029040562881835114,0.03252389790891805,0.018278955897034634,0.38279383268138945
2023-03-23,-0.0074718782243390945,-0.01118718799653719,-0.01611929020064976,-0.014292705692713991,-0.003859976857143273,-0.060985962459873096,0.03258924726511156,0.018236103425552132,0.4836612907169037
2023-03-24,-0.010050461161066672,-0.010050461161066672,-0.05406714496292085,-0.020650495035888446,-0.014925426729901312,-0.03518813819182356,0.03255768397003403,0.018413199094769402,0.7333646566709329
2023-03-27,-0.015267402028652087,-0.032789741414057855,-0.036505051186256,-0.03249812518505124,-0.03033315343220445,-0.034456749781344345,0.031959670917704276,0.01876360223761701,1.6621092756873503
2023-03-28,0.0012811017102609687,-0.024036761479457828,-0.024036761479457828,-0.02848622204024242,-0.029874026894000406,-0.27365090141833504,0.029998139993510076,0.01871569059416218,1.60335920527269
2023-03-29,0.06325736027863296,0.049271059960241836,0.03174872057483605,0.03366875494216143,0.030340520885673627,-0.013183591496413953,0.034512326865092514,0.023070224747148683,2.1505837778539783
2023-03-31,-0.0342330465766353,0.030305415412258667,0.004987552222539806,9.181287181701264e-08,-0.0044575708140257705,-0.04773040816637433,0.036691506318436935,0.023944503314646013,0.811108205256636
2023-04-03,0.0024843260017991917,0.03150863970379686,0.01752233938540576,0.006242134358280111,-0.0021665738584693266,-0.07782064568252295,0.03544838887055847,0.023949156000813817,0.8123400264821895
2023-04-05,-0.0012412386852878622,-0.03298995926012386,0.031548502728770134,0.005496033707780179,-0.00395926239121072,-0.10261432710890475,0.03522622010680828,0.02386026720497149,0.7066825043805034
2023-04-06,0.0,0.0012430873165114153,0.030267401018509037,0.004868452491130496,-0.004328859185849077,-0.19272802748315557,0.034072722912022214,0.02384854129639746,0.6065079688370394
2023-04-10,-0.004981647842572169,-0.006222886527859984,-0.03797160710269615,0.0004994624731450543,-0.007312095633534384,-0.11319178570116761,0.03397535909510632,0.021789154849575627,0.7207158475059194
2023-04-11,0.029522707358660142,0.024541059516087815,0.02578414683259924,0.02726943511014355,0.02186174392965555,-0.2938074858789125,0.0315151220609918,0.022405025177886947,1.1742766264505071
2023-04-12,0.0012112656224426961,0.025752325138530582,0.024511086453242806,0.024178523890896465,0.02278353037334275,-0.1807587886637859,0.030525751816191736,0.022367787057833273,0.8658731582495186
2023-04-13,0.03684305840898443,0.06757703139008708,0.06259538354751487,0.05256683201422667,0.057763410699120554,0.009725094771242766,0.030171681653017084,0.02326286434252646,1.7114525432717123
2023-04-17,0.0139053331000206,0.05195965713144763,0.0765007166475356,0.0558930878751904,0.0682894168974807,0.08001190972917144,0.0303304234246939,0.02335940412771478,1.285503225429108
2023-04-18,-0.009248545966450951,0.04149984554255407,0.07223381852365679,0.04249916768932012,0.05592357706079826,0.05954267489465465,0.03127591960581851,0.023121707001706897,0.6966312620094238
2023-04-19,-0.0023256351196667955,0.002331152013902966,0.04038547604532977,0.033197040621373505,0.05050756522534812,0.1293790402197058,0.03151505083775382,0.022939089705755207,0.6179942617746669
2023-04-20,-0.024750851468647184,-0.03632503255476496,0.014423358954240089,0.004073792151396742,0.024700420103199165,0.16528271689615479,0.033071942301881006,0.02292246415121841,0.5435382227089444
2023-04-21,0.02241969945474434,-0.004656787133569692,0.0,0.020480955962532698,0.04486699496532078,0.29255951359262555,0.032922163668421676,0.02205541916307858,0.7758737456964024
2023-04-24,-0.010557186536206326,-0.012888338550109228,-0.024462519636226993,0.0046203086554725895,0.0308776985596216,0.17974001315418733,0.02644879521752023,0.022034707893270424,0.7492539788060187
2023-04-25,-0.007100686106896303,0.004761826811641671,-0.022314659776672355,-0.007309666198920876,0.021348787754015486,0.2205316590684346,0.02485578992469733,0.022116823938299335,0.9835625044040736
2023-04-26,0.05093686489918654,0.033278992256083786,0.030947840242181102,0.037106282159866846,0.06914430280632819,0.4444479653639425,0.027007426491340386,0.024502261834564706,2.3415084910098125
2023-04-27,0.01233896326146223,0.056175142053752514,0.06803765497229036,0.04132801130181867,0.075603969674885,0.6849717674692483,0.031294813461718134,0.024283872210609694,2.794736818697261
2023-04-28,-0.013468155679207854,0.049807672481440864,0.032149799838338246,0.024068499740160787,0.05457577151533476,0.6393721622327336,0.033171934786821775,0.024203260668738787,0.6565865675019487
2023-05-02,0.005633899461803038,0.004504707044057474,0.04834088583634766,0.027357806160646213,0.053690940286858224,0.5059247107088305,0.03386840312800476,0.02417516982449952,0.6673402662003717
2023-05-03,0.025514405049609563,0.017680148832204756,0.08095597699285349,0.04761911932420826,0.0757629765437187,0.5290570255135207,0.03387578546229249,0.02074367503615604,0.839175935607318
2023-05-04,-0.008800956152522521,0.02234734835889,0.021218155941144463,0.032987155059133584,0.06002930913317357,0.5438560658028473,0.034490942184479324,0.018935685778471094,0.6126795863978419
2023-05-05,0.00989571669783204,0.026609165594919083,0.018774909377514113,0.034287788964431916,0.06384228107510292,0.5341078287634153,0.03462020859332607,0.018937497568782116,0.8892654445486333
2023-05-08,-0.0021907209048997608,-0.0010959603595902844,0.030052344151822175,0.025641009085190652,0.05494502762937559,0.5185293346925778,0.03461780935443891,0.01895854262798224,0.6233087306861494
2023-05-09,-0.022173815955456422,-0.01446882016252419,0.002244628734562743,-0.0017904867533232967,0.02664443784231345,0.5454430178699141,0.036194760613846834,0.019964334491419218,0.41917031217737666
2023-05-10,-0.003368927578233618,-0.027733464438589796,-0.02663870389328033,-0.010352900417811195,0.018036057048620418,0.4649055407160958,0.037120374653728146,0.01992455620923,0.8326422092091885
2023-05-11,0.0011242988436707979,-0.024418444690019296,-0.016713448897086983,-0.00968060958255128,0.015402227712262366,0.5290524658868887,0.036115578339663224,0.01909551622450794,0.8674800517686297
2023-05-12,0.0011228521086094072,-0.0011217766259535133,-0.025486313486309732,-0.00790565293966602,0.012787671852699568,0.5273937023977857,0.035193215684308846,0.019096155317019886,0.8548626049496104
2023-05-15,-0.013559467578958187,-0.011312316626677995,-0.036855060160368144,-0.020612829020751348,-0.0021002382736945383,0.46743666643096904,0.03551114710154788,0.0177850091435447,0.9478866586747406
2023-05-16,0.006802716008545842,-0.0056338994618030346,-0.007878528196365824,-0.013377965106528708,0.003799670811235142,0.5307186986073325,0.0355932359170552,0.01758920694115877,1.004912765299822
2023-05-17,0.001129192417745633,-0.005627559152666675,-0.0033804082003865647,-0.009281134912866446,0.0035110318896950004,0.43510035964991206,0.03200582287229076,0.017426001119933428,0.7558804408144792
2023-05-18,-0.005659221693477396,0.002272686732813968,-0.01016392873753479,-0.012221126002926089,-0.0033936820407501384,0.1524251650747,0.028214693961451622,0.017479685678510944,0.9716603084649071
2023-05-19,0.0011343163894887353,-0.003395712886243089,-0.01015246445665545,-0.007539213687619519,-0.004739458214000988,0.2086033084789075,0.027939750709445016,0.01637547706474877,1.091355211506942
2023-05-22,-0.012550038476681407,-0.017074943780670187,-0.009143035354378718,-0.015374243089391119,-0.017927692666709398,0.312667427944161,0.027800554560492116,0.01600598331611656,0.7256765182922889
2023-05-23,-0.009227117294076126,-0.02064283938126897,-0.025172868657000667,-0.021208929492950272,-0.02776987238277734,0.0860529479930507,0.026651211463915706,0.01595896108203733,1.308947265187763
2023-05-24,-0.0034823332211670016,-0.02525948899192452,-0.02978439429591323,-0.021392744695702813,-0.032130953133090584,-0.1048028639898088,0.025913616870655316,0.015884100214053426,0.8819984834831304
2023-05-25,-0.007001066807966873,-0.019710517323209963,-0.03112623941040272,-0.024222854928609042,-0.03714962643815191,-0.31418545664638203,0.0236701149281693,0.01076776800036315,0.6499990331276467
2023-05-26,0.005837620861699047,-0.004645779167434732,-0.026422934938192325,-0.01490819149242956,-0.02943331834299322,-0.3782608250238016,0.022783966919539083,0.010409385109990078,1.0129484004942317
2023-05-29,-0.0011648967233912728,-0.002328342669659006,-0.015037793184902141,-0.013679738039204076,-0.029082292871253627,-0.11115586833070594,0.022477521506157172,0.010064018246916669,2.13794749565721
2023-05-30,0.02076199079367691,0.025434714931984917,0.014951314902850902,0.008055230364128352,-0.00792754209913149,0.17721816163093776,0.023401826802608192,0.011142978607236736,2.060528161068037
2023-05-31,-0.008022912984167904,0.01157418108611782,0.010410735139849983,0.001960136443449365,-0.013396881186236637,0.020426193348719864,0.024165704208844556,0.009355896585770808,0.8419727037596899
2023-06-01,0.0,0.012739077809508994,0.017411801947816868,0.0033483671476806603,-0.011376533609486206,-0.13777095780642312,0.02449448437770604,0.009248794824170929,0.9350800132375108
2023-06-02,-0.005770440358023766,-0.01379335334219165,0.0058037407280941275,-0.0003471712677931322,-0.014261309959008263,0.010850481457747776,0.02571097479358626,0.008840021083446871,0.7779603928982298
2023-06-05,0.016073907867759606,0.010303467509735847,0.02304254531924492,0.015028901536790316,0.0036580152565830657,0.09061501343636166,0.026602672908854926,0.009799081597394876,1.2381820506139698
2023-06-06,0.01469775079899402,0.025001218308729964,0.016978305324562126,0.026734197249347055,0.01857669217184763,0.22438893991193454,0.02741703412116689,0.009236300111771996,1.1317735017172692
2023-06-07,-0.013559467578958187,0.017212191087795505,0.011441750729771662,0.010693335505179142,0.005433246483041654,0.17354230708081161,0.027953852450162107,0.009698208019780928,0.8898652751569436
2023-06-08,0.020270871687753704,0.02140915490778963,0.031712622417525475,0.02631571217601144,0.025611639011476794,0.3447137081151573,0.02771142863290241,0.01076060890236756,1.5104794838447502
2023-06-09,-0.00783425621740492,-0.0011228521086093174,0.029648806558144378,0.014707626904437903,0.01766629949291304,0.20527712966972445,0.02817015287932571,0.010913882726884995,1.2507731098148378
2023-06-12,0.01117318796211076,0.023609803432459622,0.024748086652495453,0.021218610964187524,0.027866565103370964,0.15336768001119921,0.027857154164484574,0.010702475745301409,0.8772159225849813
2023-06-13,0.012148093921253785,0.01548702566595971,0.022198429774755207,0.029611134317628098,0.03888690943487597,0.27049709018194107,0.027991229389261407,0.010914902921410764,1.1041972843805483
2023-06-14,-0.0032983682411291283,0.020022913642235404,0.03245952911258424,0.02171718892162145,0.03416863186506477,0.336429936867747,0.02871303006793667,0.010966482631758229,0.6821440646447468
2023-06-15,-0.012188657424830477,-0.0033389317447059174,0.0,0.006169320044266759,0.02070998413382823,0.22602487194309887,0.030498490481307858,0.011275103314562983,0.8988494234072596
2023-06-16,0.0033389317447058103,-0.01214809392125377,0.01117318796211076,0.005474222071017729,0.02307599989945452,0.09360364658208298,0.03023810019025387,0.011288284583483849,0.8856403745214098
2023-06-19,0.013245256727908428,0.004395531047783881,0.013245256727908428,0.01502505054468841,0.034306753853369974,0.05029146777436708,0.027725566758301894,0.011129930688317068,0.7131756718622886
2023-06-20,0.004376294876942178,0.02096048334955661,0.005473457683596911,0.016648101675488143,0.035730342367973345,0.1404379797157047,0.02737056363315088,0.010799167371236942,0.781833648186994
2023-06-21,0.0,0.01762155160485086,0.00877182592472613,0.01249027281978234,0.03246158817771756,0.276905852456121,0.02783843505789702,0.01071725145048811,1.376065672136191
2023-06-22,-0.006571555184818528,-0.0021952603078762077,0.014388928164738227,0.004415147730699705,0.02247203887292984,0.1410543126015641,0.027629509061298834,0.010696240724770014,1.2532107952327867
2023-06-23,0.0010980975012214584,-0.0054734576835969865,0.012148093921253785,0.0031934316911632968,0.020613868360825013,0.006965155231855817,0.02571741732050111,0.010686658912960533,0.9309881145111328
2023-06-26,0.0,-0.0054734576835969865,-0.0010971628066547207,0.001979717313273304,0.01759278661557579,0.0029732322668539267,0.024776538326211125,0.010666271281647235,0.9028357720143295
2023-06-27,0.007654533374925932,0.008752630876147504,0.002181075691328921,0.008902068056968315,0.023012180259165297,0.166496093947344,0.024354186203841575,0.009891844847437473,1.4800045185885013
2023-06-28,-0.009852206212540007,-0.0021976728376140436,-0.007671130521211112,-0.0010988179700907633,0.01073004031262779,-0.12553654003551798,0.023730940620239935,0.010000583210036579,2.030161789046175
2023-06-30,0.010941007363345046,0.00874333452573082,0.00984143202695232,0.007454558413597122,0.019016514749456745,0.034417883054263,0.022928648041165775,0.010168851542156522,0.7961187018935796
2023-07-03,-0.010941007363345022,-0.009852206212540007,-0.0021976728376140436,-0.00449013423352201,0.005419818821545673,0.02617107874743283,0.02294514779606287,0.010459701887895488,0.6872375281991685
2023-07-04,0.0032948356442688838,0.0032948356442688838,0.001097162806654819,-0.0012046833053821224,0.00684478447454339,-0.08862499130514635,0.02216478342684889,0.009968119017311431,0.32934052529215935
2023-07-05,-0.004395531047783923,-0.012041702766860125,-0.010952901616055095,-0.004713293707447563,0.0014890793340297376,-0.18520928308676077,0.021475771606647518,0.009584843966902437,0.5007773997123467
2023-07-06,0.033571106667438046,0.032470411263922846,0.032470411263922846,0.02667838853765956,0.03226524405640839,0.09700878644593758,0.02175566437864795,0.011444451329889969,2.533897337914402
2023-07-07,-0.01827036223103003,0.010905213388624128,0.003259041669547764,0.006770002995619379,0.012185725931009146,0.04994493160315912,0.022621628469851888,0.011679155156032935,1.1127498704399272
2023-07-10,-0.002171513869073451,0.01312923056733436,0.012028535163819442,0.003599865923575628,0.008329698684682803,-0.09794929210320276,0.0227484435706186,0.011511597510128143,1.3138647950552131
2023-07-11,0.018309630748769883,-0.00213224535133354,0.02704333026832056,0.01925378477644975,0.024883819053617275,-0.03863289351103262,0.022869337335847402,0.011925244866878425,0.8869484781522485
2023-07-12,0.007442922017813861,0.023581038897510443,0.0388817833339182,0.023972264082849387,0.030680271640986675,0.03669246959764877,0.02444007755825019,0.011760075815261341,1.1587867132177563
2023-07-13,-0.025752552766583836,0.0,-0.020441876100103576,-0.00325029136248774,0.003818886949128014,0.02319919621217679,0.025776404945095654,0.01324802499301126,0.7187549412992765
2023-07-14,-0.0021763289512792983,-0.020485959700049246,-0.004347842820352833,-0.005309413820899353,0.0004903962433916944,0.004952028351162596,0.02692188972767345,0.012922254249733272,0.6629342829449446
2023-07-17,0.0032626753197607635,-0.0246662063981025,0.0010863463684813652,-0.003354642722499811,0.002612659442700563,-0.0018800973448466606,0.026911749562127305,0.012921587825175005,0.422065320111759
2023-07-18,-0.008724085528441587,-0.007637739159960246,-0.0259473699087302,-0.012118553760731945,-0.006150274944332319,-0.09804055781131325,0.026756382168470733,0.012772491826809975,0.3588682469906777
2023-07-19,0.023810568370520202,0.0183491581618392,-0.009579723556023906,0.008738770898933487,0.016746381930929716,0.10883406331871115,0.02711994584239121,0.013815268331740965,1.3547094681929377
2023-07-20,0.033651786458204394,0.04873826930028289,0.04982461566876416,0.040120274799643904,0.048636126423324995,0.12536794207185636,0.028143014993838873,0.015615619429483633,1.44377376385734
2023-07-21,-0.028318450281507663,0.029143904547216742,0.023682494338535868,0.009125050223186033,0.0177014845325181,0.07146715498095248,0.029939217433934035,0.016992313774528308,1.6836949739729212
2023-07-24,0.059873491799385,0.06520682797608171,0.08029331081816019,0.062493418814889116,0.07543109709379026,0.2293020154299947,0.0334240016179516,0.02140622013248994,1.9446893360766104
2023-07-25,0.0020018839971695512,0.03355692551504678,0.09101928034377124,0.05752956709316579,0.07244349699195723,0.3282909700740799,0.0365000102750833,0.021388445997380434,1.0544486543939886
2023-07-26,-0.014098832211544104,0.047776543585010316,0.053109879761707,0.0381133428500018,0.05358767624978866,0.1854574165671802,0.03593162651049589,0.02177775290879434,0.3848231493969932
2023-07-27,-0.002030503707399342,-0.014127451921774021,0.017427589596103334,0.0290734255607539,0.04725413409131827,0.2446421695611336,0.034843215272790225,0.02159342590786025,0.25136660241042086
2023-07-28,0.02111695006416747,0.004987614145223994,0.06686298994177833,0.04155874282270931,0.06473144559853397,0.42041307388390636,0.03503909560341213,0.021884399185545633,0.8697389862363702
2023-07-31,0.024571294801300304,0.043657741158068517,0.03156079294369385,0.05554423073425147,0.08426764215720219,0.47257042923227344,0.03509015544375531,0.02200827243534106,2.101900022701909
2023-08-01,0.008699830168323411,0.05438807503379113,0.0382587391148478,0.051193835572327186,0.08647910231849736,0.45610778343051833,0.033892482269402946,0.022003279412039313,1.1409657305292469
2023-08-02,-0.0543880750337912,-0.02111695006416748,-0.002030503707399342,-0.009362724581951951,0.024893229850313774,0.4025189527869375,0.03774681197525578,0.025817470395522648,1.128848196117911
2023-08-03,0.009104849338777522,-0.036583395526690335,0.009104849338777522,-0.002911877498134611,0.03136692123265732,0.37519308007498836,0.03733275652520815,0.02490709712366251,0.7550642605850233
2023-08-04,-0.00403642412342467,-0.04931964981843851,-0.0160485248488147,-0.011790597926568686,0.0236505516171062,0.3802075138242259,0.03835043168485095,0.02447304991463772,0.4003252753821371
2023-08-07,0.001010675924624242,0.006079101139977037,-0.039609143725490806,-0.009999964895654691,0.020986997860273547,0.37170715868485105,0.0382395369514229,0.024444513071570917,0.41460681495955215
2023-08-08,-0.0040485974325776925,-0.0070743456313781,-0.05235757132639184,-0.012617647589798884,0.014298974548702345,0.30717155449749783,0.03709069842481829,0.02425007869721981,0.4371531788688095
2023-08-09,0.004048597432577816,0.001010675924624242,0.006079101139977037,-0.009008983860771324,0.016009896480853325,0.287471653247091,0.03520923454219417,0.024225888629515375,0.9613756768734727
2023-08-10,0.00403218984824745,0.00403218984824745,0.0010064416494470147,-0.006000046144169524,0.01625597798546659,0.44057549189006096,0.03420522999270677,0.023303462427563027,1.4455180364384195
2023-08-11,0.00901358122309356,0.017094368503918638,0.014056446995965189,0.003200598035187379,0.02102099193631881,0.3702427284292443,0.029340541791245074,0.023285023804599837,1.27670016867919
2023-08-14,0.003980032321105047,0.01702580339244586,0.01702580339244586,0.009523709600781496,0.020625250278868492,0.23682116889961904,0.027237903374530248,0.023283687280794697,0.7997700241226384
2023-08-16,-0.011988018937882924,0.0010055946063155545,0.009086381887140588,0.0019132322071700408,0.004289721252124896,0.23544196487557698,0.02720745935816332,0.023392170781800555,0.8958048454260914
2023-08-17,-0.0020120362557625327,-0.010020022872540543,0.003025748198800418,-0.0010059765727063452,-0.0006540800227107916,0.19812410475237796,0.028988633758506067,0.022967409677710004,1.08732651414831
2023-08-18,0.004020032349223337,-0.009980022844422046,0.003013590699776567,0.002614635467331231,0.0018590069858953084,0.09707578759083874,0.02736782543986251,0.02181342964088839,0.5877154501629668
2023-08-21,0.005002502405435109,0.007010498498895975,-0.0009974881178819214,0.006327190237345233,0.003756554658171785,-0.11868785279097878,0.02516396447548676,0.020655649037211895,0.5877710086081886
2023-08-22,0.0030165789927642955,0.012039113747422883,-0.0019609414462226763,0.007846395563734338,0.0064348012153457,-0.22489744971683323,0.024177124002127348,0.01578182628587435,1.0855881944440293
2023-08-23,0.014948050794350347,0.022967132192549717,0.024975128286010607,0.0195320811824151,0.020561709322916143,0.015959099509403246,0.021384963141181167,0.01611509198876568,1.2321593848246315
2023-08-24,-0.0009895506774145516,0.016975079109700114,0.02599761386435861,0.015564739626043971,0.01786432993524379,0.2686931962817164,0.021848253923221143,0.015730740015819297,1.5730809960102374
2023-08-25,-0.00995047088491017,0.004008029232025593,0.012027110630225001,0.0040024543808111,0.0065265698232041345,0.13818838721541765,0.021297701902495185,0.015926827685505546,0.8522393968445667
2023-08-28,0.012916350600922687,0.001976329038598003,0.019940958825712667,0.015117241840388691,0.01873857740260169,0.2560012212164787,0.021598619919963587,0.015488167206779362,0.877708986979792
2023-08-29,0.007866248608273842,0.010832128324286462,0.024790628441222304,0.020776593935324026,0.026770845595517324,0.3797515916577976,0.02150751888177759,0.01456433447570689,1.2084599169037293
2023-08-30,-0.0019607487693446275,0.01882185043985207,0.007881828877527221,0.01543325049099133,0.025309546635436223,0.3989262226384727,0.021072277962079725,0.014424056384539476,1.239835070233678
2023-08-31,-0.014829740439295433,-0.008924240600366173,-0.005958360884353609,-0.001496227258400606,0.008753112786036426,0.23664460098277104,0.021472309858559066,0.007873429739569861,0.971966375731429
2023-09-01,0.0009954614354924002,-0.015795027773147733,0.004987571436048916,-0.002184305603160646,0.008697740243974754,0.05154473755150832,0.021536063317383947,0.007664908616456461,1.1169417548730969
2023-09-04,0.02068026435917756,0.006845985355374475,0.012751485194303648,0.015338959904417054,0.027409347070170745,0.2879094972562231,0.02208743443003366,0.008721146983067593,1.9146381075699574
2023-09-05,0.026924598591789257,0.04860032438645911,0.03180983517781908,0.03709525769888527,0.05160972973818595,0.5775698760414218,0.0232088905276515,0.010303003731022782,2.577188356018902
2023-09-06,0.01132097401193721,0.05892583696290404,0.04509155795910098,0.0432570112196107,0.05888884092899389,0.7056342118028269,0.022500240415965628,0.010276957932802935,0.9435383298568834
2023-09-07,0.012121401872853809,0.0503669744765803,0.07204270027125019,0.0488967241627922,0.06661631513033797,0.772635847312232,0.023229265402684336,0.010421936849011958,0.8153424111447348
2023-09-08,-0.021546675481598172,0.0018957004031928894,0.04950056335415972,0.020980257601620936,0.04023335529831855,0.5964137191465554,0.02577111379170491,0.011969874568423763,0.7258818312902973
2023-09-11,0.03535255108069307,0.02592727747194889,0.06417285007567515,0.04950108162104161,0.07238369345797183,0.6913751977399517,0.02676940115099035,0.01390384159220502,1.8547760254031098
2023-09-12,-0.07593771368769216,-0.06213183808859713,-0.03868946220380617,-0.026591131383076394,-0.00681654567548485,0.4264671670873173,0.0347985320400442,0.02279257347048022,1.3433190162769086
2023-09-13,0.02339284482302309,-0.017192317783975838,-0.0266175913927202,-0.005366050868231432,0.014111283026039503,0.2782552105474062,0.035576658628227266,0.02311870549064335,0.8406002803877713
2023-09-14,0.07424565456807232,0.02170078570340321,0.03550666130249835,0.05971569589648639,0.08517118472244999,0.4249996003038285,0.03878098443551034,0.02807994762928745,1.4579052655394182
2023-09-15,-0.019874186339754865,0.07776431305134059,0.03717915044434153,0.029978432904081826,0.058272625136162284,0.4658091941014325,0.041253901116399795,0.028687357092853333,0.6923209624069843
2023-09-18,-0.01100930603322103,0.0433621621950964,-0.00918270666957257,0.013178828712118963,0.042107304172884955,0.365392714829392,0.04289667249646629,0.02891522914286426,0.6316359363405163
2023-09-20,0.02370211960254104,-0.007181372770434909,0.09045712662066066,0.03207812797843248,0.061286950335844144,0.4066532806282413,0.04543113389925726,0.029231957120070255,0.9767422782910441
2023-09-21,-0.05843117638681867,-0.045738362817498594,0.008633105410818919,-0.024776511495242865,-0.000668199337777647,0.33912757182159964,0.05171237051432199,0.032405627009151755,0.7742487674215127
2023-09-22,-0.005747114513158623,-0.04047617129743623,-0.0713596636704121,-0.026920940849040415,-0.007862794364419213,0.27910175122608594,0.05324550659493909,0.032444230013498034,0.9963356559154379
2023-09-25,0.0038350253985498235,-0.06034326550142752,-0.047650451932107526,-0.02217656600656605,-0.006181747841438437,0.21441003873729528,0.0518113487760055,0.03233415280716242,0.4849534274541401
2023-09-26,-0.012518105753548992,-0.014430194868157933,-0.049159251652435475,-0.02870587004070719,-0.01943083955963374,0.09491343025087844,0.05101052249247764,0.032390650876806114,0.49923086892685725
2023-09-27,0.0077220606346603245,-0.0009610197203388497,-0.06513931062031617,-0.02356583659490306,-0.012720687918807152,0.011687820490892733,0.050412097506103294,0.032389041575603274,0.8452606411483913
2023-09-28,-0.001924971177321319,-0.006721016296209898,-0.008633105410818784,-0.02544363628102234,-0.015507197682652215,0.006257631635010341,0.0502339822009609,0.032388874971469306,0.9706012252102855
2023-09-29,0.017192317783975748,0.02298940724131506,0.014306326886315616,-0.0027387750255097793,-0.0008989018171005598,0.0934564367944941,0.049174798350294834,0.032360609381889296,1.2318874351590798
2023-10-03,0.0066069846035560756,0.021874331210210776,0.017078286091322142,0.0070102253927440674,0.0029721004138136475,-0.030105978014354377,0.047103898238871844,0.03237097679366647,0.7668734648835095
2023-10-04,0.0018796652664669906,0.025678967653998828,0.03147605711133798,0.010724083697105443,0.003013702428369048,0.05378637233961655,0.04158284679281927,0.03209639663797728,0.8325116984236189
2023-10-05,-0.003762870329124019,0.004723779540898999,0.01999112614755361,0.011632383636948304,-0.0010826915826463493,0.05631412779798367,0.04052781579202086,0.03156448670281702,1.5386840264543526
2023-10-06,0.0018832050626569562,0.0,0.023799302387531925,0.011995434172557093,0.0009416060835259597,-0.13474471528228504,0.0343367965529783,0.03146191962411709,0.4283505637551651
2023-10-09,-0.021874331210210683,-0.023753996476677655,-0.015267346606654603,-0.009806669219816896,-0.0189141589186665,-0.3128136720994877,0.03379121898865047,0.03168212749644138,0.8377321548560009
2023-10-10,0.005752624394941193,-0.014238501752612574,-0.016121706815269574,-0.004188865250535317,-0.012788436935252247,-0.20251978927423564,0.032368209178124926,0.031375029820587166,0.6070808837162938
2023-10-11,0.004768754644047614,-0.011352952171222048,-0.01323261743768896,-0.0012353471017928948,-0.006052547243991288,-0.3635284966298062,0.028680173436766206,0.03026247243404273,0.6281637392816752
2023-10-12,0.002850267164473177,0.013371646203461847,-0.006619479944091842,0.00028467106814649123,-0.005097276800773026,-0.22282871326974046,0.02466793727492362,0.024759544695463397,0.8789308919629594
2023-10-13,-0.004754994477846779,0.0028640273306737825,-0.013257679484595634,-0.00549859466607626,-0.010330606564396041,-0.11839539070319219,0.023083205987717022,0.024270773234040654,0.7450568560132192
2023-10-16,-0.005736202947919566,-0.00764093026129327,0.0028804487776953763,-0.009966759773208763,-0.01249761074986744,-0.09028073953230503,0.022668124343344254,0.01697875455372954,0.9875729204642589
2023-10-17,0.018052684940047883,0.007561487514281598,0.015180509322802089,0.008163997970291314,0.007112340994625469,0.04273500807319323,0.0228006454918284,0.017167354077349224,1.3975316377171567
2023-10-18,-0.019972113997404305,-0.007655632005276144,-0.009560359318649738,-0.009514773731900203,-0.010785397112937935,0.06249921208992603,0.024289825270930623,0.017539522249090403,1.4919095851360697
2023-10-19,0.0,-0.0019194290573565577,-0.012410626483122869,-0.007626333087240408,-0.007531708553338171,-0.08570710588297573,0.02394674860139899,0.016478446642348994,0.7874834835808995
2023-10-20,-0.01062298830097426,-0.030595102298378644,-0.018278620306250347,-0.0150138891597581,-0.017222471571932355,-0.2741872475534781,0.02357836462438995,0.01038833864302224,0.7910341471566354
2023-10-23,-0.019608348718008355,-0.030231337018982632,-0.03215076607633922,-0.03136079964746014,-0.03487806322352168,-0.44872517787872795,0.025176798828520842,0.01116760907387082,1.414359565770425
2023-10-25,-0.00995047088491017,-0.0401818079038929,-0.06015392190129723,-0.03670170719082357,-0.04237494559190013,-0.4363922415364749,0.02635714401708517,0.011245400026425245,0.9601161891692429
2023-10-26,-0.007024526369004639,-0.03658334597192328,-0.04720633427289756,-0.03807028486993719,-0.04729919410170928,-0.3435783556466998,0.02603941429706537,0.011045443067193355,0.7628604367375407
2023-10-27,0.01994087696992743,0.002965879716012611,-0.02726545730297015,-0.0147830492504164,-0.026850390693277305,-0.3102279596133164,0.027358619854198147,0.011911181556000697,1.0213541574908305
2023-10-30,0.006886394634996938,0.019802745235919635,-0.009756074366998964,-0.005169159181780209,-0.019277847636590684,-0.17808156275290585,0.02633053180489112,0.012049593541964436,0.6493297223334119
2023-10-31,-0.015810635235363024,0.011016636369561164,-0.005958360884353609,-0.017035414063296825,-0.03224248198299619,-0.29434644871191895,0.02781730258227707,0.01169990943236466,0.7094438691240351
2023-11-01,-0.014042342403228892,-0.022966583003595126,-0.01005023240267237,-0.023861140073638237,-0.04236791733679792,-0.4291968998299572,0.028787880958867182,0.011762595131376561,1.2188498943948654
2023-11-02,0.02000070328758245,-0.009852274351009433,0.016974997253914933,-0.0010878677912681334,-0.020416005896603254,-0.4354559054801362,0.028995759501027694,0.012850995030690255,0.9151847531932997
2023-11-03,-0.006954895290497491,-0.0009965344061438378,-0.009920775006510004,-0.0042688595563604124,-0.024461408996647477,-0.3360394353245056,0.02969662710146896,0.012885303385119595,0.8877177048048744
2023-11-06,0.004972690174894297,0.0180184981719793,-0.011834479466612672,0.0028852843301700308,-0.016968960206714147,-0.2457354236320633,0.029832771462918527,0.012962824817467354,0.6930424139666586
2023-11-07,-0.0019861420578421132,-0.0039683471734452995,0.001990013710908248,0.0012938825642378167,-0.017290236450549418,-0.42348576596714055,0.028472031706334378,0.012148213644088314,1.2636878446709772
2023-11-08,0.019685712083761672,0.022672260200813876,0.035718068197898876,0.018564471354295994,0.0032267726938060505,-0.21871363765248844,0.02791702308255732,0.012967657234684448,1.4444524226203697
2023-11-09,-0.0009752350998989425,0.016724334926020615,0.014742129810417403,0.014349232073084247,0.003524497202676988,-0.10501346284023327,0.027874576619334027,0.012897396385971673,0.8162880006588453
2023-11-10,0.0068061268535659246,0.02551660383742859,0.028503151954480825,0.019359916799306463,0.01146720723269164,-0.10781300038521223,0.02706257835803981,0.01299360164969874,0.9931148295265614
2023-11-13,0.010602509412355772,0.0164334011660229,0.034132971191942335,0.027890003001543394,0.02254901429133598,0.10210383942487568,0.025612940606026053,0.013215312586343095,0.9666437707665385
2023-11-15,-0.00866651464429243,0.008742121621629486,0.027452598605492103,0.01601639233623922,0.014172803711588114,0.12186455181545157,0.024799682157100225,0.013294912912304427,0.9803409119205417
2023-11-16,0.0019324108500053325,0.0038684056180686723,0.009699297371735909,0.013401094279661326,0.01743179659161469,0.13504771784593175,0.023648667473101678,0.012584891599252876,0.7883824939875458
2023-11-17,0.0172253012200535,0.010491197425766293,0.027899833691688143,0.026589995833494615,0.0344488390965851,0.14800155881388719,0.02249933394970766,0.01241826787148903,1.402178397832751
2023-11-20,0.0018957004031928894,0.021053412473251563,0.02298940724131506,0.023255740686139285,0.0356493787972518,0.1502452816374904,0.022592001480546617,0.012420516716702877,0.8106914144915738
2023-11-21,0.029853171427785832,0.04897417305103209,0.04224006925674501,0.0461539817854943,0.06400675206401003,0.35537533688305134,0.023831418900515218,0.013706811495335383,2.0106566365183918
2023-11-22,0.0009185665438112749,0.03266743837478982,0.051825150444848575,0.03882476691384659,0.06088647838707735,0.5566482978826253,0.025711677301989075,0.012675077312100257,1.656106331988136
2023-11-23,0.012773883869288682,0.043545621840885694,0.06266662346413195,0.04450757322827611,0.06916100934533491,0.5639363901341574,0.025385320572493805,0.012396304159228136,0.6200243701022096
2023-11-24,-0.008193070760192631,0.005499379652907335,0.037248251483885886,0.029259535741936377,0.0552714612862721,0.5841481530037297,0.02637765590486391,0.012458074156255891,0.850655622981934
2023-11-28,-0.01566120482895376,-0.011080391719857714,0.01969134625173942,0.008993879802892644,0.0356765419699438,0.47079149628349115,0.02712562066187179,0.012727897858185615,0.6285315378380875
2023-11-29,0.018399743078361647,-0.005454532510784729,0.008237917902315282,0.02255781733323377,0.05101796099786336,0.6067864872607035,0.027868221158698154,0.013162854777128499,1.0955046959147454
2023-11-30,-0.008237917902315192,-0.005499379652907257,-0.0009185665438112314,0.009089341921989274,0.03821758462104553,0.4608572371959656,0.02691702348713371,0.01267376570116476,0.9970878756303798
2023-12-01,0.03610492410535201,0.04626674928139859,0.022412473692252098,0.03733679651559478,0.06934638334503243,0.5563762970602432,0.0290020264826998,0.01382136769802344,2.202574096402919
2023-12-04,0.018445897718538107,0.04631290392157495,0.04905144217098281,0.04749756222016663,0.08212478124628177,0.6676164216118025,0.02983961346829727,0.013745747089958658,1.2321238178214449
2023-12-05,0.024926010456032283,0.07947683227992232,0.08963865745596881,0.06212242087082384,0.10036897514346632,0.6915290622818503,0.030863448751198955,0.013956707192507151,1.0106441199508396
2023-12-06,0.021831268878235117,0.06520317705280537,0.0930701832558422,0.07432854171495405,0.11445366505070007,0.7818466777638239,0.030612244297295938,0.014267271939939537,1.0282037181646524
2023-12-07,0.06510931666398966,0.11186659599825706,0.16641741782214714,0.1268963695275047,0.17426660986304357,0.8514495865874556,0.032795988334131505,0.018758260609024652,1.3028145369143573
2023-12-08,-0.016477278096644194,0.07046330744558056,0.11383521562015089,0.0930474716953622,0.142650632451161,0.8595850349548804,0.036222860186972086,0.019720874860682823,0.8862138751364683
2023-12-11,-0.0007915342280893464,0.047840504339256164,0.09459778367352348,0.07645102080324068,0.12959486735320044,0.8646506022533984,0.03743919514540112,0.019715324931011104,0.6035924779011383
2023-12-12,-0.018378482279974486,-0.035647294604708016,0.05129329093751685,0.04236715224070202,0.09880372038228916,0.7686041929112588,0.037672801018096315,0.020737414183696245,0.5315037491081505
2023-12-13,0.03564729460470809,0.01647727809664412,0.06510931666398966,0.06338953334851909,0.12659998733866906,0.7755966598797599,0.036575868221194616,0.02156735699749774,1.1819921278522318
2023-12-14,0.010065997692585711,0.027334810017319428,0.010065997692585711,0.055799612566565716,0.12497838614209933,0.7979868311940552,0.0376953473844993,0.02109585823249983,1.5755089651849319
2023-12-15,0.0023085698889855288,0.04802186218627938,0.028851845678215506,0.0435550067070855,0.11477660839229087,0.6304207331284482,0.03843196785179216,0.02108716769287535,1.1483598963743318
2023-12-18,0.009942506949513657,0.022317074531084984,0.03958588685581871,0.0402151518001881,0.11351194392474262,0.688654984069299,0.03908458073231,0.021043904080358666,0.6019429512905942
2023-12-19,-0.013021806877867042,-0.0007707300393677809,0.04494256225792606,0.017175160954563107,0.08799600176749331,0.5979482316751416,0.040312796209440435,0.021640392875303466,0.6021612101233998
2023-12-20,-0.07191600122581299,-0.07499530115416626,-0.06262073357259504,-0.053630233707154217,0.007470465809741521,0.5654400103496064,0.050716048246080066,0.02786499724075922,0.7836478768071872
2023-12-21,0.050091243485865855,-0.034846564617814296,-0.022595487779314912,-0.0037682596265105534,0.05132346324770065,0.5442270306665341,0.05048969215927229,0.029584578639874452,1.0298712294166281
2023-12-22,0.019508934235371107,-0.0023158235045761515,-0.00539512343292949,0.013471114632544978,0.06361983797925856,0.5337016277979285,0.04956943271696289,0.029684154286324815,0.9262354527098506
2023-12-26,-0.001546762325074449,0.06805341539616244,-0.01688439270751762,0.009611600158332791,0.053403939021203724,0.5146209879292871,0.048485174270288804,0.0295303093313011,0.5731946074079205
2023-12-27,-0.006211148939583029,0.011751022970713442,-0.0100737347692337,-7.785196731050219e-05,0.03812103252879473,0.4221107178702812,0.049009774376849495,0.029200199811290916,0.6868464177798862
2023-12-28,0.011614413560542321,0.0038565022958847407,0.07345668001712158,0.010501661488658621,0.04174173159985064,0.37001571661500066,0.046134382813290686,0.02912198514138342,1.1246045692571456
2023-12-29,-0.005403264620959223,0.0,0.01796217191029655,0.005525712009221138,0.027721393444252104,0.2650545998236062,0.043398936088456984,0.029043280360794094,0.6689497242346071
2024-01-01,0.02371057154934985,0.029921720488932834,0.022163809224275417,0.027892244788750187,0.04428137071600248,0.27992141481834976,0.04319187272379404,0.02855343308712435,1.6219212548865811
2024-01-02,0.02758270081886647,0.04589000774725716,0.05129327236821633,0.0528760105721124,0.06462086627837296,0.4089267751845142,0.0436974749759884,0.02880182823783664,1.5874421111529804
2024-01-03,-0.009604776096899493,0.04168849627131682,0.04789964521089995,0.0387907687264013,0.04751533160316677,0.36980202836686316,0.04258138778091596,0.028795879812293364,0.7256836565106557
2024-01-04,0.024928054340077513,0.04290597906204446,0.061213285990435004,0.05090943673112147,0.0666152299381849,0.36501901282324867,0.0412227088186162,0.028889680570088328,1.7385889251984328
2024-01-05,0.04114054407062431,0.056463822313802384,0.10775709468201858,0.08106083411293717,0.10484091767387062,0.6651711232854631,0.04328402527005129,0.026765067158169932,2.1815453933182845
2024-01-08,-0.019649849911167513,0.04641874849953425,0.06439667322150139,0.05078935111582365,0.07726365133411228,0.5174009211890629,0.04475043929301525,0.02691216756371335,0.6745237367524577
2024-01-09,-0.000708926644376141,0.020781767515080866,0.036105045758258805,0.040897679863990226,0.07049310474083652,0.5140389537399099,0.04407295833853105,0.026911157322585404,0.4782460516357656
2024-01-10,-0.019334439625166035,-0.039693216180709645,0.026375382229992195,0.01355827407239721,0.04432551010616507,0.48401800935030964,0.03945871844836759,0.0269566208103865,0.6641464064120323
2024-01-11,-0.0007236373615747062,-0.020767003631116915,0.000723690528340047,0.006701514257389059,0.039762141642526776,0.39084225940882644,0.035455855996638225,0.026023417471267848,0.4225041284243631
2024-01-12,0.0007236373615748626,-0.019334439625166035,-0.039693216180709645,0.0007961761101157403,0.037198342356435904,0.3940528524278469,0.03506867326251904,0.02598579503084481,0.920116954226173
2024-01-15,0.04661849262358982,0.04661849262358982,0.026575126354047667,0.03908216017548224,0.08069817229165828,0.4587473378437929,0.03588679889406702,0.02773815051732864,1.9622432580368745
2024-01-16,-0.0013813586617362054,0.045960771323428296,0.025902694336687446,0.03121427260050064,0.07388021548503637,0.5440912014767832,0.03692366979372524,0.027755835779666328,1.181952907269682
2024-01-17,0.008944130966592493,0.054181264928446,0.054181264928446,0.032166885129376044,0.07701394329119568,0.380476214550371,0.03840507084117776,0.02744550459994796,1.2560581198642118
2024-01-18,-0.026372124854475463,-0.018809352549619195,0.02853277743554518,0.0023967479915541928,0.04072899795369446,0.10730629786734354,0.04259591844230374,0.021995889781916144,2.23024489195277
2024-01-19,0.03387813067783661,0.01645013678995344,0.06168727075180708,0.03460405927339248,0.06869126619428433,0.2982082995697709,0.043459232613981186,0.02062674779606061,2.034039856219532
2024-01-23,0.032109626009290126,0.039615631832651384,0.04717840413750757,0.06030980080178209,0.09461689243440756,0.40189080394496957,0.04819897834784212,0.021200984908741123,1.3672654940135613
2024-01-24,0.05693912065366924,0.1229268773407961,0.10549888345291313,0.10713306975711104,0.14570724715133643,0.477937265182922,0.04979563598818393,0.023698971621697908,1.025497440561623
2024-01-25,0.03543436315721888,0.1244831098201784,0.1319891156435395,0.12514356236277452,0.1710952500214541,0.5208151025529781,0.0493911515888097,0.023941022687008612,0.8289595325114884
2024-01-29,0.04288445292797284,0.1352579367388611,0.20124569342598783,0.14679482661073426,0.20379323044694242,0.5718165620658752,0.04735886772588902,0.02484812382519116,1.2239181694384356
2024-01-30,0.007447969664727628,0.08576678574991933,0.17481553241287887,0.1279212420224416,0.19378581521370927,0.6762669869470165,0.04884210282928587,0.024467255036642557,1.265937936410284
2024-01-31,0.03752878546313486,0.08786120805583543,0.1802346918667236,0.14380926455196125,0.21884203689159923,0.7265830123669872,0.0490064815983993,0.024910470678495687,0.763647285565193
2024-02-01,0.004935727743814369,0.04991248287167693,0.1282312989568688,0.12257438321538863,0.20596392845715653,0.7833765684198463,0.050054671836181584,0.02486707462664382,0.9243190395471599
2024-02-02,0.09640364937183032,0.13886816257877962,0.18920058517148,0.1955812130104029,0.299464253990894,0.8494056891751859,0.052728661981560065,0.030134355312988827,1.9574626854866521
2024-02-05,0.02937070105425036,0.13071007816989505,0.17568683329775756,0.18538432747826067,0.30896009477808717,0.8861546329735657,0.06188405769327721,0.030188242443679538,1.8594189324770187
2024-02-06,-0.023427176345875007,0.1023471740802057,0.14481168728715504,0.1223811257839024,0.2554246815800757,0.7130181468616069,0.06691355659518144,0.0312761705982944,0.7400774640459126
2024-02-07,0.014219368189559293,0.020162892897934787,0.12150227001357954,0.10566826129765187,0.24851832385103245,0.61134973949147,0.06701208149863436,0.030076613740147085,0.48607211416629564
2024-02-08,-0.01175326106217811,-0.020961069218493843,0.10481328120758684,0.06847731593990784,0.21110880965179957,0.5688363793496248,0.06815620347942504,0.03055081456983126,0.3540167585689798
2024-02-09,-0.053109810753663354,-0.05064370362628212,-0.0447001789179067,-0.0004153703542563774,0.13019231869135126,0.5181275624053748,0.07576991744258715,0.03352486604924513,0.7982337797704891
2024-02-12,-0.1724999279672323,-0.2373629997830738,-0.24657080793938946,-0.1535608586170781,-0.05547627029629181,0.34425997266750696,0.10185184002447394,0.053956563008926525,1.7017784242892475
2024-02-13,0.05756986655806402,-0.16803987216283162,-0.1655737650354505,-0.10171182337223048,-0.00912350780152888,0.19011896205490444,0.09594571270396213,0.05504249030653761,1.5475104568800604
2024-02-14,0.031548452470117255,-0.08338160893905125,-0.14824468075489267,-0.0705851237466208,0.013215901436760616,0.21111178009080164,0.09336934653176597,0.0546277483357704,0.9143340876818402
2024-02-15,0.04472173752402162,0.13384005655220269,-0.09176968216869286,-0.029299236669411147,0.04742244523282481,0.24157912045208987,0.09237117151297065,0.05509146641701975,0.9198371053993535
2024-02-16,0.0026961621707466184,0.07896635216488553,-0.035963709244282896,-0.018654536316952637,0.0385906200065549,0.22672096502106526,0.09019925182793347,0.055129430105881796,0.46510011024634407
2024-02-19,0.041661730358920436,0.08907963005368885,0.17819794908186995,0.03055470647405716,0.06743125883200263,0.22678578696251747,0.08725648261343451,0.05473294875805019,0.8597486354456746
2024-02-20,-0.020877538253552756,0.023480354276114345,0.09975054427025332,0.016240630455775736,0.03327074668266573,0.15788008617627725,0.08936105173752788,0.05512950863218624,0.6507279020223334
2024-02-21,-0.022940575077537998,-0.002156382972170304,0.04526151672259796,0.004009493069135686,0.0007290407842038114,0.08762352455160595,0.09235987857145012,0.05548205186636899,0.6423250209684362
2024-02-22,0.03075512256079602,-0.013062990770294752,0.031294901759372364,0.042093932114019565,0.023613135658733492,-0.004336353641212725,0.08567255728098408,0.054616777077453695,1.1037989188186006
2024-02-23,-0.02638113394128043,-0.01856658645802239,0.0022176056473452296,0.018509802426957926,-0.008221030374817497,-0.27679902473834944,0.07752821503864663,0.05476885187357181,0.58461457324855
2024-02-26,0.005983143818830679,0.010357132438346234,-0.03346098089274444,0.01066787448015799,-0.005800198422241031,-0.22806670365277099,0.07294890358709959,0.054061490247345405,0.767087117301657
2024-02-27,-0.021930738147791843,-0.04232872827024162,-0.0345141807869836,-0.017391261122607166,-0.029419620659432225,-0.19148703778480125,0.07359019215632219,0.05435243178567249,0.5752275720543453
2024-02-28,-0.02412460840517576,-0.04007220273413697,-0.0356982141146214,-0.041687530124387584,-0.051775968435097956,-0.17448063504255942,0.07512084810406855,0.05399185074397874,0.794199074224979
2024-02-29,0.0011351211405774024,-0.044920225412390116,-0.06531821553483988,-0.037402938788221415,-0.04974274293731257,-0.13127133320419263,0.06992791538969458,0.05397706859417035,1.258875558048555
2024-03-01,0.01910168947705955,-0.0038877977875386807,-0.019835392116499862,-0.017124930459999035,-0.026548081940184376,0.04961807524540134,0.05682414544296066,0.0491866524032642,0.9120183172655385
2024-03-04,-0.008382269603008601,0.011854541014628366,-0.03420080553833924,-0.018633333903524077,-0.027836054591391227,0.22437175545506066,0.05125499664978839,0.04852157752452854,0.7088629417701442
2024-03-05,0.03690865868329864,0.04762807855734965,0.024638591292751224,0.01929440279685037,0.012732248912404745,0.17001119199279613,0.04812445134486167,0.04930287621607384,1.3534033097934806
2024-03-06,-0.01032897963688519,0.018197409443404755,0.03843422006104199,0.008542326918265095,0.00765049067740323,0.0841782837651121,0.046142355869275065,0.049136349878101754,1.2821465798426281
2024-03-07,-0.015973947538537623,0.010605731507875976,0.02132515138192684,-0.0029893802464178733,-0.002873289094875773,-0.042460853071839895,0.0453444758511081,0.04917587270503289,0.7052645406209305
2024-03-11,0.0011099241785070102,-0.025193002996915775,0.003333386083374243,-0.00022176809534751174,0.0008081869137956906,-0.17527655615387047,0.04263306784384848,0.04787432863590096,0.7719790549542671
2024-03-12,-0.03959785677919836,-0.054461880139228994,-0.02788220109281548,-0.03308588078102993,-0.04170377427597501,-0.12540590687151693,0.04412264655247386,0.028231654849459015,0.7712594326966865
2024-03-13,-0.10324706634173772,-0.14173499894242908,-0.1680379261178519,-0.11605022873637302,-0.1326614736424241,-0.16124442010916568,0.0529659092054556,0.03443168592071667,1.9153381339203774
2024-03-14,0.08460934164765048,-0.0582355814732855,-0.07309960483331601,-0.0347292600835287,-0.05494877831905498,-0.1425905213548292,0.054379769492296046,0.039042946347447975,1.8261183571219342
2024-03-15,-0.025001387991563304,-0.043639112685650384,-0.08212704528634183,-0.05297411054347532,-0.07403884646517996,0.031603337039116754,0.058813399122878404,0.037815084605369656,1.1453263989830953
2024-03-18,-0.005439659073189048,0.05416829458289825,-0.08867662853803786,-0.05014101280488598,-0.07444011310838677,0.025006683503483913,0.05943723135052767,0.0377746049320103,0.74426485679954
2024-03-19,-0.0006062695207972732,-0.03104731658554966,-0.04968504127963673,-0.04339250621335399,-0.06826550931842049,0.01955110139083473,0.05847700129566046,0.03616601901563326,0.49452048300885587
2024-03-20,0.00483970225014377,-0.0012062263438425624,0.0584017273122447,-0.027924435409186276,-0.0581481054421357,0.027447315239876532,0.057073891957779586,0.036113570109422205,0.5607997058883605
2024-03-21,0.014974774333802614,0.019208207063149244,-0.011232840001603208,-0.004615971105392037,-0.0400365507335081,0.15118740288153545,0.05558859056866196,0.03617125733852205,0.7239331197964481
2024-03-22,0.011232840001603215,0.031047316585549618,0.02500138799156339,0.012620588314937667,-0.02415231079411589,0.1495523121412576,0.054547744383626896,0.035437703362763806,0.9449548960668878
2024-03-26,0.007613354533991754,0.03382096886939773,0.03805440159874413,0.025794375372107166,-0.01332650948251732,0.223552798328829,0.05342557968334146,0.0351753136902214,0.73979748114188
2024-03-27,0.036096854528265825,0.05494304906386071,0.07475752564780727,0.0607055740270341,0.024916407210410628,0.22439466337995256,0.05145109190423343,0.036224977034956855,1.543383857625249
2024-03-28,0.009521072582948093,0.05323128164520566,0.07943889598061149,0.05628816036976078,0.035019799151498394,0.19841035177331265,0.04901260142101714,0.03598930234631619,0.9973507500397012
2024-04-01,0.00887918469430351,0.054497111805517445,0.07334330634111252,0.05891301014620489,0.04277689570814198,0.28612018071433115,0.04834255373698607,0.03559279518521191,0.7219993304739963
2024-04-02,0.018610264985732428,0.03701052226298431,0.08072073132524181,0.06725314285506187,0.059891923766173964,0.30582822037517926,0.04795477075635762,0.03580055723487559,1.2292429325588168
2024-04-03,0.010787607898174635,0.03827705757821059,0.08389498468942452,0.06563001287802013,0.06932851245808593,0.40559502230497657,0.046137354293150794,0.03564245462023022,0.8777194370107597
2024-04-04,0.015966176187842688,0.04536404907174981,0.0637643063490014,0.06782423659487091,0.08305921980241703,0.6340064473044004,0.040126720824288024,0.0356910652114387,1.0991888091967874
2024-04-05,-0.007951266189492523,0.018802517896524634,0.04629196757656084,0.04627200130890266,0.07356082721214202,0.46414212719821135,0.03250209653797234,0.03485079876678248,0.947578264856793
2024-04-08,-0.017176960946806746,-0.009162050948456634,0.020235821935450475,0.019090707721742317,0.05476554916880673,0.3272277735565936,0.029584652437809916,0.03499926490952968,0.5787083835689205
2024-04-09,-0.013079138520777092,-0.03820736565707644,-0.01145358157105923,-0.0008768357157324981,0.040406386230418034,0.404235892210296,0.0289945826013496,0.03493363894601442,0.6727174889279749
2024-04-10,0.01847877130308765,-0.011777328164496228,-0.003762418166146125,0.009842884616007519,0.05817997749795785,0.5309115720465581,0.028925296943013715,0.03516194437488541,0.8111527729466839
2024-04-12,-0.006482928051836137,-0.0010832952695256123,-0.026211522405824993,-0.0003791455561450146,0.047997832010616366,0.6572273888734168,0.02857141787227322,0.03388243544531455,0.9357102731232476
2024-04-15,-0.03642805773458557,-0.024432214483334002,-0.05468831395091793,-0.035354155836706404,0.004347003825946387,0.5156404022740199,0.03196018065241275,0.024960728159458302,1.3911089747918832
2024-04-16,0.0249805454352081,-0.017930440351213557,-0.012530807568903008,-0.011703520755077934,0.026189184858142027,0.5046550091876884,0.03203322097120249,0.017617409130542522,0.9614412717393566
2024-04-18,-0.018816346534333013,-0.030263858833710404,-0.01826801558245881,-0.02727971704831577,0.003363139732039094,0.5043977682676148,0.03431765200849263,0.017138722821723164,0.8968604947229271
2024-04-19,-0.026607783112407753,-0.02044358421153259,-0.06335456999795439,-0.0465510653834406,-0.025522056093880446,0.3209180979550976,0.03327596019234821,0.018350160166824923,1.2717202155095846
2024-04-22,0.015936707721144305,-0.029487421925596464,-0.04093493422497377,-0.024672227091911695,-0.013232944458548251,0.28417756840560915,0.03299185173429585,0.0185629195452735,0.5921528841229722
2024-04-23,0.013460593584807378,0.0027895181935440137,0.00895371709441916,-0.006860667945779755,-0.003691032320923723,0.2733445099988596,0.03298845504885718,0.018693616412191045,0.859809242954847
2024-04-24,0.005555534017438411,0.034952835323390205,-0.01047129432335057,0.000998204730288682,-0.0015488507549363004,0.2096726903180975,0.0314206530341708,0.018520414043153514,0.707733703579861
2024-04-25,0.008825222794610763,0.027841350396856524,0.01717027500559327,0.009983358863323681,0.003969577306479559,0.1638384592353772,0.030516983577297846,0.01847547345511593,0.7940296322816858
2024-04-26,0.016340214890636945,0.030720971702686197,0.060118273008637875,0.02696403235220546,0.016669860524123187,0.1363471034282358,0.030524042254111483,0.018681908399927498,1.5884384407339012
2024-04-29,0.009142256297934774,0.03430769398318263,0.05332382158542835,0.03507503295513743,0.023449429804005995,0.332284115531738,0.02963444272401679,0.017141518630086863,1.1731301519026043
2024-04-30,0.029537976619779718,0.05502044780835144,0.06940120462040071,0.05760765490610906,0.05039025452276923,0.5131600309620026,0.029254529298428707,0.01812912923718739,1.8580389300771618
2024-05-02,0.018538151568350668,0.05721838448606518,0.08238382217131293,0.06940196095594581,0.06568067348034363,0.6571493865040426,0.02897230654293811,0.018406558921924363,1.3604396721151455
2024-05-03,0.01267448163801222,0.06075060982614268,0.08623308101471436,0.07164065326252834,0.07515232350929174,0.6859517553648677,0.029650947873851165,0.018205009301174427,1.2850587316067439
2024-05-06,0.024876904557223845,0.0560895377635867,0.0947697706813013,0.0815838337009502,0.09715332177560299,0.733370540421499,0.03183572711587467,0.018758541879879624,1.667462410078246
2024-05-07,-0.0467774634888342,-0.009226077293598195,0.038850050894532244,0.022858938847352565,0.04566010662507501,0.6576365627097683,0.03402234343623007,0.02173144291999424,0.8754819590851076
2024-05-08,0.01786218253470343,-0.004038376396906889,0.0271742568094561,0.0314065152788949,0.06170450640942525,0.4711173654699127,0.034106483464934355,0.02192183536409268,0.9069639126499478
2024-05-09,-0.054039124055900785,-0.08295440501003154,-0.045403018814795526,-0.026304841559962374,0.005151850992413846,0.34505476154955206,0.03771639871565524,0.025000440902464935,0.6864694624718611
2024-05-10,0.009035356490957264,-0.02714158503024004,-0.04904214396185052,-0.0209790569375528,0.012454736203839993,0.31189213684648365,0.0393423853745918,0.024847563606759052,0.8391764426516833
2024-05-13,-0.007968076125113032,-0.05297184369005657,-0.0818871246441873,-0.029954936763270865,0.00393545777410752,0.22877913826645396,0.04038092711307247,0.024616143092230026,0.6712375926764423
2024-05-14,0.05398300819047769,0.055050288556321735,0.018873347035124426,0.018004164731705814,0.05583272748739842,0.26908723845435717,0.04085756089971732,0.027284213969022968,1.1331961791005385
2024-05-15,-0.015788465636334608,0.03022646642902991,-0.014777301135913514,0.0008220646305869792,0.034629305103421465,0.2994091282146178,0.043011134034580956,0.026057024538329525,0.966256873187844
2024-05-16,0.008179935912083653,0.046374478466226624,0.047441758832070864,0.008834976051521582,0.039263374988860476,0.32469640160914764,0.043133537927091965,0.025630616345596633,0.9325117522883455
2024-05-17,0.010635741620736919,0.003027211896485887,0.04904214396185059,0.0196219462245017,0.044984335110146614,0.33488168519166606,0.04228139083377669,0.02510979290289767,0.9899515826847349
2024-05-21,0.038057550354851664,0.05687322788767211,0.0950677704418152,0.0577071816019327,0.0764814138858864,0.4051877522890058,0.04447831227367035,0.02496544326639762,1.8498705263920974
2024-05-22,0.025378332368113113,0.07407162434370158,0.06646309461945074,0.0753508008256773,0.09432398515938228,0.43001852427189247,0.04424181366901806,0.025203522656001686,1.3179331256286186
2024-05-23,-0.00426427261693715,0.059171610106027624,0.07798728763884805,0.06379764354498486,0.08097021669427895,0.44116409701192594,0.045380539415713614,0.025345046318767942,0.92742211244153
2024-05-24,-0.02743860523067374,-0.006324545479497744,0.04236874649609072,0.025884971265129564,0.04516824735892928,0.31581088927550127,0.04730530586392668,0.026556629516791847,0.6881095324472423
2024-05-27,-0.001465262681212183,-0.03316814052882317,0.030267742194141564,0.016443896721541167,0.03768320231444544,0.14212346626587005,0.04566401310320522,0.026605578164009054,0.7113961304154058
2024-05-28,-0.020741398086064882,-0.04964526599795086,-0.028531206246774864,-0.01076113828940699,0.012453652548987884,0.1567403262373233,0.045373534739216306,0.027121300149316744,0.7799616355306445
2024-05-29,0.01387528861708979,-0.008331372150187241,-0.040034249997798234,0.0004430965424674652,0.022364225488155916,0.1763780563350106,0.043764063846698835,0.027189362131618867,0.8901195365792799
2024-05-30,-0.005428080066333756,-0.0122941895353088,-0.041198057447194764,-0.008536108310994796,0.014354561910542697,0.28476154662495307,0.0410687795752708,0.026592494778256325,0.8796210547763945
2024-05-31,0.0595471297661071,0.06799433831686315,0.04578767754958604,0.043034288133623456,0.07161594465968207,0.5723422485634267,0.041558442986275715,0.029336933839438098,3.1639682192139267
2024-06-03,0.05355178890667088,0.10767083860644434,0.10080472913746917,0.08573619604214827,0.12277045927007496,0.6527011426822577,0.043968183422551675,0.031294331426476106,0.79622560282435
2024-06-04,-0.14988814886443136,-0.03678923019165327,-0.028342021640897268,-0.06025375392133729,-0.03142401515801626,0.4321803014049735,0.06317834772278033,0.04657676897191132,1.1793975550116045
2024-06-05,-0.0005134179570397511,-0.09684977791480022,-0.04273072821502683,-0.05306157709922338,-0.03204149784627579,0.3295996345518216,0.06695281281970174,0.045378969579714115,0.5547672234491043
2024-06-06,0.05252521919262742,-0.09787634762884377,0.015222571043934279,0.0006339952709916762,0.01826129492027943,0.337712080378389,0.06721664190306242,0.04673363379717136,0.41050984487207287
2024-06-07,0.005830851357685077,0.05784265259327256,-0.0384937073644879,0.005749924109664699,0.019385116755629418,0.33923295588269725,0.06692966814533607,0.04484373239686373,0.5472389901618047
2024-06-10,-0.011892132430513834,0.04646393811979846,-0.10393762870167261,-0.0058297136059764,0.00362656542528484,0.29770010107187944,0.06547501075477394,0.04498499680367137,0.49028224636129225
2024-06-11,0.004012252238373083,-0.002049028834455759,0.049962772401131915,-0.003959335363585517,0.0033955377286763976,0.1995616326229492,0.06306418613657527,0.044899606021769914,0.7337201934738132
2024-06-12,0.007589174723492563,-0.00029070546864819424,0.05806536508166412,0.0020980556011949477,0.008953189988868012,0.16879258146323337,0.06062116235963767,0.04337615424624611,0.6371239402449418
2024-06-13,-0.008468527397662207,0.00313289956420326,-0.002928381508625437,-0.007557362138716464,-0.001946397531445771,0.19847189995133988,0.0591816775289146,0.043248069631712904,0.6797341538313845
2024-06-14,0.0028307663651070923,0.001951413690937494,-0.005928466501203269,-0.00022421019308908142,-0.0012559227177287434,0.27883141993982746,0.05807445014670701,0.04322733161339422,0.8791745471512297
2024-06-18,-0.008713145732607367,-0.014350906765162359,-0.002749479803296867,0.002286385058089075,-0.011099659201320448,0.31361585780846096,0.05683383755500021,0.04324480109582884,0.732876971612628
2024-06-19,-0.01585756255193113,-0.021739941919431342,-0.022619294593601028,-0.01610017494948928,-0.0252357776658549,0.346731536104929,0.057306987988711824,0.04250161653559351,0.9255029005260679
2024-06-20,0.0018963975299640596,-0.022674310754574423,-0.028312071787129366,-0.017072981699915717,-0.02078229107762242,0.33404724226996735,0.05725539323831154,0.04204257597304459,1.0162161704652373
2024-06-21,0.004675385793438556,-0.009285779228528518,-0.015168158596028658,-0.010682561667393604,-0.014007999157806069,0.01994514503004396,0.05156525766679715,0.04207202825404203,1.1175417203067688
2024-06-24,-0.009473067404820684,-0.0029012840814180434,-0.027471992365956557,-0.016737404308678226,-0.022041044267377366,-0.18633772515033514,0.045572311863813886,0.04169498098931106,1.1534592031038224
2024-06-25,0.0007010837820063735,-0.004096597829375763,-0.01805776285134283,-0.014008011288484397,-0.020193534082327203,0.06448117864886072,0.030479439712815772,0.04169735747976947,0.5904154838852083
2024-06-26,-0.0018038153107589828,-0.010575798933573223,-0.0040040156101705995,-0.01316441522357438,-0.021719409317543344,0.21330608811442062,0.025368972306999967,0.04144443089414547,0.8204219761465448
2024-06-27,-0.011297228513524176,-0.012399960042276772,-0.017197641653658936,-0.019796921339291,-0.03127376622862123,0.018221496240399943,0.021809705088109074,0.041375052517866585,1.0194225942883857
2024-06-28,0.021277287320941484,0.008176243496658221,-0.0005957401261561213,0.0028781006632439656,-0.010270848001380943,-0.03241505759694263,0.022556399366070547,0.04167176765289486,1.3575211249727983
2024-07-01,-0.005976043197246601,0.004004015610170487,0.0029012840814178938,-0.0006190037805202627,-0.012698807079844979,-0.18586079035810768,0.02080777101976321,0.03923387476380469,0.6193185082104183
2024-07-02,-0.011049813082815413,0.004251431040879293,-0.008849612783403729,-0.008929635373402451,-0.016686513791741762,-0.12596502036916035,0.021327569478454513,0.03688286758492759,0.8340038604268004
2024-07-03,0.02454474824321205,0.007518891963149876,0.017498950770567224,0.014315967239414832,0.0057194815334168534,-0.09825601123210546,0.021781984348240933,0.01588038431146452,1.523275525308286
2024-07-04,0.02087264512065573,0.03436758028105229,0.04966882440474708,0.03229400188886295,0.023760874807122294,0.11788468241732047,0.021800881889127245,0.016410432746755497,1.65022526936464
2024-07-05,0.002121280879643805,0.047538674243511755,0.030512817963449578,0.03134150651466329,0.02531681812656704,0.1565341931489236,0.02152076094362796,0.011582548016326985,1.3817124994033354
2024-07-08,-0.0019281949246948975,0.021065731075604832,0.03456066623600131,0.02547355436017485,0.023129522109060198,0.30963521661233756,0.022520462816952826,0.011527617936586935,1.0994420740989355
2024-07-09,0.0231803970785712,0.023373483033520277,0.06879087639738811,0.04315245911642551,0.045023285941165406,0.47708991548740187,0.022563470406157804,0.012236684989987569,1.2769290065848864
2024-07-10,0.025784383969887727,0.047036586123764025,0.07003051212406373,0.0608822851798342,0.06893248856297676,0.5404473132321587,0.02557302096032153,0.013347234344048553,1.467993714974861
2024-07-11,0.04711717346506375,0.09608195451352265,0.09627504046847164,0.09552075330202761,0.11453628118561653,0.6110699678967043,0.026850671598993472,0.016588493354224312,1.6023821985068525
2024-07-12,-0.009247532922796032,0.06365402451215535,0.08490622666603184,0.07274382788448361,0.09852404188675098,0.7440580945265074,0.028812843495525275,0.01662271522215494,1.2383239372820427
2024-07-15,0.024386102291106455,0.06225574283337415,0.11122052388183314,0.08307533922959123,0.1184562743186862,0.8093248707972839,0.03160965044809498,0.017165764079911005,0.9764429607446695
2024-07-16,-0.02270645285815169,-0.007567883489841336,0.06533367394511004,0.044873867956961695,0.08730303310951598,0.757273505836113,0.034140089239650964,0.01806143417257548,0.450301470202531
2024-07-18,-0.04433929933361627,-0.04265964990066156,-0.004790009358393855,-0.0067136301213797,0.03606617716182658,0.6859864144326713,0.038860300550700694,0.020745851236088065,0.6839687625907847
2024-07-19,-0.0189221250818403,-0.08596787727360815,-0.0708293079052978,-0.027712975469314238,0.013746182284771832,0.5877986431295451,0.039582461812089166,0.02136661442285444,0.6411450863157606
2024-07-22,0.00964568050830513,-0.05361574390715134,-0.05193609447419666,-0.021405014633812135,0.0203887984485087,0.5417935666897361,0.04113965360947752,0.02141724629809018,0.7127399462519364
2024-07-23,-0.03364460073019876,-0.04292104530373388,-0.1099667974955018,-0.0538939131615899,-0.015215575917575414,0.4454827253668407,0.04959035980466412,0.02280383782477856,1.5382963940109085
2024-07-24,-0.01329275701621382,-0.03729167723810741,-0.10055310165356389,-0.06325201998366081,-0.029371090983186375,0.44861389960783754,0.051000473154201,0.02305699798378883,0.8734079657152192
2024-07-25,-0.004110784634290562,-0.05104814238070306,-0.060324586954238105,-0.061202325253881605,-0.034387419584269295,0.37865358756501705,0.05114751261468245,0.023078766626981873,0.5418657710080499
2024-07-26,0.025754283330125253,0.008350741679620934,-0.015648178542272705,-0.02825498851648059,-0.012021467350940741,0.37898771096913064,0.051949919096501894,0.023512510055661472,1.0341001772292506
2024-07-29,0.0070483222668956584,0.028691820962730413,-0.01824553678368213,-0.014369006242602546,-0.007217738125635638,0.31085312406432963,0.05027660768108782,0.02314186417683174,0.53648968650925
2024-07-30,0.0012330339813520059,0.0340356395783729,0.016632097927868485,-0.0035328091220461094,-0.00851067159665134,0.27362382219034587,0.048542184876465805,0.023062807167407565,0.5954075642997253
2024-07-31,-0.004274957368550973,0.004006398879696666,0.025649897575531395,-6.664418266968517e-05,-0.015534569272444346,0.16133810955911215,0.04445926407866185,0.022900607474820273,0.6390563797023872
2024-08-01,9.518601499811535e-05,-0.0029467373722009216,0.029855868224819976,0.003132082566355972,-0.017094424741652976,-0.03136004474111644,0.042299595816000075,0.02233334487177423,0.8138096152534193
2024-08-02,-0.016702269313379443,-0.020882040666932382,-0.012600684418684746,-0.010687030297722565,-0.033243681212538546,-0.2611049123123665,0.041829736837775744,0.022219179750844163,0.8363496824153391
2024-08-05,-0.049608425435228205,-0.06621550873360954,-0.06925743212080855,-0.05039267966609098,-0.07765490115127553,-0.5585740888640379,0.043107092466225023,0.024802742242068493,1.6921932361512928
2024-08-06,-0.00509889733263058,-0.07140959208123833,-0.07558936343479118,-0.049770243181141316,-0.07983799781931868,-0.5400253613207516,0.043166790459712764,0.024807502942699403,1.0315990571037879
2024-08-07,0.027628329665626936,-0.02707899310223182,-0.043686076400613276,-0.021411170956083476,-0.05160741938242205,-0.3992557600746099,0.039639135974648944,0.025072004280482816,1.0225479079394961
2024-08-08,-0.017759943994805193,0.004769488338191182,-0.0615412064104165,-0.03565289167128784,-0.06386966038818918,-0.36178881428773707,0.03895381123126276,0.024352002342379754,0.7322927896686229
2024-08-09,-0.010277458849090886,-0.0004090731782690423,-0.055116395946127945,-0.039087188377053377,-0.06622927151402862,-0.3234200824525905,0.0379315976039427,0.021067175281965497,0.6351797881797825
2024-08-12,-0.004120680842976356,-0.032158083686872396,-0.009628651353876,-0.035462368616847255,-0.06306611358539788,-0.21841582994377276,0.03048037533728044,0.021078666942339015,1.1333890938739986
2024-08-13,-0.018230654982177075,-0.032628794674244295,-0.022760409003422428,-0.0435249584649594,-0.07096264426705841,-0.425169724802563,0.030410746972676417,0.019806273508734755,0.8421501361367962
2024-08-14,-0.015254537669323862,-0.03760587349447727,-0.06564327633837327,-0.04764044245129997,-0.07648019779776077,-0.4109310240629708,0.031049203228560737,0.01961560059144643,0.9871204380125167
2024-08-16,0.004792119444242379,-0.02869307320725855,-0.04309121289932577,-0.03285726834030177,-0.06577384450194185,-0.6938736175853422,0.02860744090893337,0.017994327706639543,1.1727160854117662
2024-08-19,0.02164857706875145,0.011186158843670106,-0.011165176981483253,-0.0049526377133851,-0.04078927336710965,-0.5543440262683268,0.029262938855388533,0.01881845474900036,1.0003481954002291
2024-08-20,0.006321615649240364,0.03276231216223438,-0.0007228804892665231,0.0024020385087576363,-0.029892903852515737,-0.6069959909083573,0.028884586245393657,0.018699140446396884,0.6195359243485318
2024-08-21,-0.008924085906699047,0.019046106811292884,0.008583688586211467,-0.005092427177473693,-0.03499171430638749,-0.5955057213615171,0.02931199114631654,0.017475585280755122,0.6177006105867763
2024-08-22,0.02053000417691213,0.017927533919453453,0.04436823043244754,0.01776665830322192,-0.013026362222592314,-0.47593332410371547,0.028514160264738176,0.018118716108475215,0.9358725026851002
2024-08-23,-0.008614570534291453,0.0029913477359215924,0.03096154045391376,0.01028073307062356,-0.019343264103225326,-0.37633265752642103,0.02796907217257395,0.018174682697316306,0.8799869431564122
2024-08-26,-0.004542174544877314,0.0073732590977433985,0.004770788840284708,0.006351510779289049,-0.02010813296300304,-0.30982881385183075,0.026129467525630442,0.016943828625298335,1.007060040697563
2024-08-27,-0.016903642459439396,-0.03006038753860816,-0.018454469268395116,-0.008617158400645045,-0.031726705318809945,-0.27387479941719906,0.025147430157171014,0.01699013826055819,1.0017508104122288
2024-08-28,0.00031574830095090913,-0.021130068703365795,-0.009214635060745109,-0.008242006951688875,-0.026515742611523813,-0.4671538667193363,0.023245486946090733,0.01697393233504137,0.9878474610018201
2024-08-29,-0.00042093607400441724,-0.01700883023249288,-0.0301655753116616,-0.010043360659689835,-0.022177561422386114,-0.29203004465104554,0.023406910713574144,0.017003838315740653,1.446885509002615
2024-08-30,0.011510048734906186,0.011404860961852625,-0.010040956042464083,-0.0006549860774780465,-0.006567745118242592,-0.3268543339786109,0.024827611212450026,0.01736303220286512,1.6097581621657187
2024-09-02,0.01773600872788999,0.028825121388791747,0.012237227230303063,0.015485481807473053,0.013797882596559926,-0.06904163673949128,0.026260088825197356,0.01775952295840306,1.6152000721979984
2024-09-03,0.012493180748152364,0.041739238210948375,0.041634050437894976,0.025834804181348498,0.025871742020314902,-0.07239163235421714,0.025169803414082814,0.014143740250735835,0.7682041584452739
2024-09-04,-0.0032352504494373335,0.026993939026604935,0.0380830516875066,0.0195547802865068,0.02179623562214374,0.05410610183528192,0.024079579111847927,0.014110030240535273,0.5705628383621003
2024-09-05,-0.005483301679842567,0.0037746286188724784,0.0330206860816684,0.013686507010083861,0.017169567849244737,0.10716429496887842,0.023506496628650876,0.012656048497691143,0.5112949661681176
2024-09-06,-0.02182273730548073,-0.030541289434760636,-0.000312099958718395,-0.007170525068940868,-0.0036601197446409187,-0.038970377768227135,0.023809544013781037,0.012969281535406543,0.73012214289796
2024-09-09,-0.01277776616794003,-0.04008380515326344,-0.030825874854548446,-0.017969866385154753,-0.015084639489412395,-0.15309399577406238,0.024981578952208018,0.013073786962575142,1.1036878594831714
2024-09-10,0.0018955151091608197,-0.03270498836425991,-0.04142354049353984,-0.016127023874817664,-0.012282811299383349,-0.07050241405572337,0.024904199169002814,0.013073451856439667,0.7255270054766283
2024-09-11,-0.007073871866881194,-0.017956122925660362,-0.045262161910983756,-0.022374127542493714,-0.018867909218939553,-0.17717406809130481,0.024747990333622242,0.012523678223908544,0.7032522734122418
2024-09-12,0.009700678217769092,0.0045223214600489175,-0.03007818201337195,-0.013130581163398198,-0.010137455861352278,-0.18392843834286637,0.024449121529835815,0.012203886508520785,1.0063409896917614
2024-09-13,-0.010760812566394124,-0.00813400621550609,-0.01901625727428532,-0.021829363168669808,-0.0208083534446324,-0.17431319533536396,0.024418162623497032,0.012433324946917112,0.9476475732635461
2024-09-16,0.020056349890305695,0.018996215541680753,0.013817858783960411,-0.00030139160876788487,-0.0009710764570382398,-0.0554966219106295,0.02433429954413478,0.012292245858492897,1.2928519285847282
2024-09-17,-0.007199132438931722,0.0020964048849797727,0.004723211235867696,-0.0037762450083234657,-0.007467342740073913,-0.029064664917477927,0.02449516111883926,0.012298076462089183,0.6962810591630832
2024-09-18,-0.011691097703826082,0.0011661197475478224,0.00010598539892280712,-0.010856558365159077,-0.018212788149241484,-0.16389613218289156,0.024336738212164585,0.012410796319227875,0.6249083766978385
2024-09-19,-0.020983572912943265,-0.039873803055701144,-0.03057826573178965,-0.025493437142539217,-0.03584168883962775,-0.09848764853700914,0.02421139210603445,0.012121259117454297,1.3689067819492198
2024-09-20,0.023734332285479918,-0.008940338331289543,0.003916879120084276,-0.0005701578781260784,-0.011426244681579729,-0.2015700426934157,0.02365860793968154,0.01340726362518362,1.7127051791612695
2024-09-23,-0.004341213942337171,-0.001590454569800646,-0.020480684712558515,-0.0042370793526778526,-0.014468198175708614,0.02297300775753456,0.02304907568473883,0.013404759374108972,1.4940339466148278
2024-09-24,-0.008311149552784381,0.011081968790358256,-0.021592701826410987,-0.010816861487458177,-0.02182214854490396,-0.1417124437963902,0.02297393958805052,0.013008927594845383,1.0027376862081885
2024-09-25,-0.005794738011670497,-0.018447101506791935,-0.01569634213425538,-0.015010262199704768,-0.026383692265014858,-0.1569634408910261,0.023376495549714677,0.013052212331841633,0.8563741186529852
2024-09-26,0.0054736685980440155,-0.008632218966410761,0.01076089937673188,-0.007636829510700148,-0.02022367412108984,-0.016490904790900915,0.022270312333188422,0.013135554265781398,0.713400211864937
2024-09-27,0.020236898826911796,0.019915829413285218,0.00726346591816387,0.011511271106157371,0.000215018828947358,0.2552031490193967,0.02225119450108738,0.013700331013079058,1.905844146650843
2024-09-30,-0.004098996444241395,0.02161157098071434,0.0075056834162596465,0.008700606109895738,-0.0023640993108992193,0.2871649828597089,0.022620933353907625,0.013032123332184403,0.9114927040406382
2024-10-01,0.0010526576214994077,0.0171905600041697,0.016869490590543306,0.010245940218200184,0.0008002085228251797,0.27501222579841794,0.02198091690935245,0.012630519921774044,0.5339930305107266
2024-10-03,-0.022233781365351406,-0.025280120188093422,0.0004304472368622896,-0.010463797008823722,-0.018213136080906318,0.15148823625176533,0.023059077343578715,0.013412874754473173,0.7754148131576982
2024-10-04,0.0022564926071691545,-0.018924631136682857,-0.002786728754012432,-0.009009009009008946,-0.013369350806027443,0.15546062345247522,0.02289210507185399,0.013449700359621994,0.5418893131839408
2024-10-07,-0.029407420363112346,-0.04938470912129461,-0.052431047944036566,-0.03342978811378413,-0.03910183008591326,-0.0048802984235207705,0.025809658931558406,0.014109952918886049,1.4638631340899613
2024-10-08,0.00187725333819795,-0.025273674417745237,-0.04645479816159729,-0.027874601842532515,-0.03512881860610968,-0.03530432720929483,0.027833814292259538,0.013955870856322833,1.0485827126682201
2024-10-09,0.01641351169886662,-0.011116655326047761,-0.031093944084229917,-0.010385923393718995,-0.017639669161438637,0.09461089907709037,0.027892336790845712,0.014549464582724438,1.50433013905457
2024-10-10,-0.014539688133321385,0.0037510769037433483,-0.02339985085219991,-0.02245519239532755,-0.02997349315906729,0.11071499152291338,0.027176047678666777,0.014792269056718894,0.632014090846499
2024-10-11,0.0012105644977552835,0.0030843880633006095,-0.024445778961613828,-0.018619455911922402,-0.026521197869278566,-0.004708966574899875,0.024668470845673852,0.014561003770003604,0.4567534229434423
2024-10-14,0.001538546343786289,-0.011790577291779623,0.006500187745285077,-0.01254656785209439,-0.02333870741976732,-0.07659001860443268,0.02442659752084727,0.014446471869559267,0.4151914500802508
2024-10-15,-0.011597789036845484,-0.00884867819530369,-0.006974854629758463,-0.01867580600598127,-0.03139024836987622,-0.04766253549683043,0.025560652876671676,0.013644862134408246,0.7874318995905989
2024-10-16,-0.022697698864166362,-0.0327569415572254,-0.04608606519279153,-0.03325761514049309,-0.04928617406509886,-0.06022837265280159,0.026699466201706233,0.014301072915646567,1.81311529727561
2024-10-17,-0.0351602340782396,-0.06945572197925148,-0.06670661113770969,-0.0583710242538569,-0.07742766979092536,-0.18216526450899834,0.02963087534874557,0.015837486403218096,1.4118499644950386
2024-10-18,-0.009699658616804543,-0.06755759155921053,-0.07761683425226959,-0.058021347421861456,-0.08219652709143441,-0.5037245244910477,0.02914706868625855,0.015444299764838642,1.6408274469823012
2024-10-21,-0.02503436985111361,-0.0698942625461578,-0.10418975044716962,-0.0725669613534697,-0.09869335591704056,-0.6742312911127815,0.030860974891738214,0.014541458363798535,0.6974228381365739
2024-10-22,-0.04295718701256281,-0.07769121548048095,-0.1355491484228869,-0.09930561603269755,-0.12911005637265208,-0.6968935857415581,0.0350690691709716,0.0165718270106339,1.4634459461078522
2024-10-23,-0.005357747772503101,-0.07334930463617947,-0.11820919733122362,-0.08955394182250537,-0.12636817045080237,-0.7239542256092085,0.03798925692742025,0.01659212556900686,1.7141148803316604
2024-10-24,0.023637637148051158,-0.02467729763701465,-0.05941132610493284,-0.05594726591118635,-0.09899255795320651,-0.5402810860035054,0.0383688757610498,0.018119407418162713,1.0493808287603807
2024-10-25,-0.019552894059656267,-0.0012730046841081994,-0.06926456154778458,-0.06046532271109314,-0.10895191198631228,-0.5352991656039415,0.03759782480718417,0.018043615851656366,0.8362018438072004
2024-10-28,0.005589441616249063,0.009674184704644092,-0.03864075008042174,-0.041292196242354015,-0.0955389976307074,-0.4168128123168006,0.03606718516854665,0.01707848627459936,0.6029945695382513
2024-10-29,0.021678743619540326,0.007715291176133196,0.025995180551681363,-0.009041045768398072,-0.06809368974910836,-0.5255357481818589,0.03537339739532981,0.018422447496154622,0.445749831389157
2024-10-30,0.016718236346637563,0.04398642158242714,0.048071164670822106,0.015097148913143161,-0.045202433627452084,-0.41247815315620673,0.03537904397117813,0.019152832630815925,0.826281180086492
2024-10-31,0.006924700853635645,0.0453216808198137,0.03135822837640646,0.025131920607252146,-0.03273585837530765,-0.3122856291207228,0.03549810215312493,0.019071121185789176,0.9471444249531948
2024-11-01,0.018353439111721694,0.04199637631199503,0.06926456154778458,0.044120335233822305,-0.009576992336588007,-0.32536269892391717,0.03560815889887766,0.019761003327340307,0.27288961978580084
2024-11-04,-0.009914555070634896,0.01536358489472245,0.053760564860900396,0.03221815502252444,-0.015191741407352535,-0.3253565451097973,0.03629737292835674,0.018963816674765144,0.9297292833221791
2024-11-05,-0.038174484267355376,-0.029735600226268588,-0.006092663025995269,-0.008385061858761684,-0.046180166665426355,-0.34752917238157693,0.03896589995040334,0.020359601913618065,2.0033846273573372
2024-11-06,0.045828152631827684,-0.002260886706162505,0.02301725325919483,0.030773395535726094,0.0034428689948156903,-0.21690598888829457,0.037611898845086277,0.022969082492708025,1.1732143064985328
2024-11-07,0.0068858398916107925,0.014539508256083036,0.02297839229716982,0.032229623570034026,0.014189234161702357,-0.060244914360115163,0.03722702884232069,0.022983697247485543,1.11562827247959
2024-11-08,-0.026009690844628525,0.026704301678809862,-0.021384737659180367,0.0010210508415355525,-0.006742340633834081,-0.08746961571597467,0.03926618823254942,0.02348499779133352,1.015994861474105
2024-11-11,-0.015542010543185396,-0.034665861496203244,-0.027012193131730804,-0.01697372766133371,-0.016138713283276204,-0.03752448601134503,0.038506922806097466,0.023547104863410558,0.7245431895084419
2024-11-12,-0.003583273322182198,-0.0451349747099961,0.007579017813442245,-0.020632356233495717,-0.014142981098009332,0.1010992678039689,0.03534735648254205,0.023511487136600985,0.4920801735561383
2024-11-13,-0.035913776355647097,-0.05503906022101475,-0.07416291117403255,-0.05047324602137815,-0.04305273373788617,-0.0945623984734354,0.03598004040032457,0.02419881259420007,1.075592506744406
2024-11-14,0.005629386892267951,-0.033867662785561366,-0.0754193641733752,-0.04017833587269473,-0.03375333101981612,-0.047034206394301635,0.033618246867232256,0.02332046530936687,0.8237853900967201
2024-11-18,-0.0028107322017666275,-0.03309512166514579,-0.052220405530513346,-0.03582354081566839,-0.032906648154817246,-0.18446966936376852,0.03384080687318516,0.023283079114249466,0.9482453006402769
2024-11-19,0.02339359110846544,0.0262122457989667,-0.013284803878862593,-0.00898001032254947,-0.008765151309548571,-0.1820753197438158,0.032772657885399556,0.02346292197985407,0.9725998763392759
2024-11-21,-0.007905194517717859,0.01267766438898084,-0.017606725074398373,-0.015808095521027,-0.017045098827200855,-0.31711031517271493,0.03235789255790461,0.021402971466741083,0.8291833917305221
2024-11-22,-0.00277527442556002,0.012713122165187461,0.01553177685568866,-0.012684408467175468,-0.020363693989546443,-0.36034126255317855,0.03245683754587858,0.021373581392874843,0.8887538523625431
2024-11-25,0.0404783183265252,0.02979784938324728,0.05038070828994595,0.030787324197113407,0.018603772692263116,-0.17568765740964282,0.0334742655609623,0.0226231910273117,2.184246376210241
2024-11-26,-0.01466478276230127,0.023038261138663932,0.038526657729411384,0.01720600141276007,0.002084887271704009,-0.16969377752493472,0.03353790202510773,0.022409573855589227,0.6142661772379503
2024-11-27,0.02143536965189247,0.04724890521611653,0.03656843627283853,0.03676583277031571,0.021245627135131097,0.02787781397074255,0.0317163651686454,0.022830149203017732,0.8580296339137622
2024-11-28,0.006246305926332363,0.013016892815923694,0.050719936716888944,0.039729051564656274,0.025852031168544037,-0.0071804615394943025,0.02966281038414173,0.022404711117347955,0.7398115484379771
2024-11-29,-0.025099755107387163,0.0025819204708376203,0.028395456035061648,0.009557626614296984,0.0007865174884577232,-0.1943453530036588,0.03133768819007,0.02287862714592035,1.0603107868862092
2024-12-02,0.0004910115268323189,-0.018362437654222397,-0.01159185076463114,0.006186807797508861,0.0019675547438296717,-0.15497068565205013,0.029209609363397438,0.022815940761305803,0.8528090539145827
2024-12-03,0.006117776681368552,-0.0184909668991862,0.00919070867903858,0.007608133714826647,0.009450581626155582,-0.024338386217771273,0.02789006284422672,0.022439585006387628,0.791229859689364
2024-12-04,-0.00036613550220942885,0.006242652705991496,-0.01261079647506329,0.004843300747780734,0.009920457653683223,0.09392339474167599,0.02792642360589879,0.022347919133679076,1.1244094724913674
2024-12-05,0.0028027467370398307,0.00855438791619895,-0.016054355664355754,0.004215826031886363,0.011508433993079851,0.08495747138313547,0.026970396711885,0.020548686641544082,1.2325851854146452
2024-12-06,0.032208701859082055,0.034645313093912396,0.041254101302113426,0.029900752539765933,0.044020617673413066,0.3434778168134426,0.02896865826044759,0.019172600778898822,2.464543717255949
2024-12-09,0.022140253883803706,0.057151702479925647,0.06290334365908484,0.047440854599867945,0.06591814461960929,0.5215274816165941,0.0294703493277401,0.019733110069120794,1.6975775317470871
2024-12-10,-0.009146232612506081,0.04520272313037969,0.047639334365210145,0.03198704095867164,0.053863739608577814,0.399095939388217,0.029259287817598133,0.018844436118743663,0.6074219956550896
2024-12-11,0.0015108008172695089,0.014504822088567152,0.049516270684689,0.029691329126252056,0.052213515655287916,0.4747647638206138,0.028360721949222716,0.01838158643588453,0.40760149764632425
2024-12-12,-0.01250382523530235,-0.020139257030538996,0.03420969871234681,0.015039340887157263,0.03644746835808585,0.39004497024215057,0.029028346158675854,0.01865615556464993,0.44340863421529675
2024-12-13,0.004692663452212736,-0.006300360965820171,0.006693660305477434,0.014967906586388862,0.03658498110917419,0.23951429059910367,0.027471230658682132,0.016310450203614667,0.653970092596142
2024-12-16,-0.0024608018895919855,-0.010271963672681584,-0.017907395467918363,0.007983034351812985,0.029758307776257174,0.31053238581722215,0.027027692990481515,0.016383570922791028,0.7406579735246998
2024-12-17,-0.003055344157045962,-0.0008234825944252423,-0.011816507012458144,0.001367016338586868,0.02241069087742816,0.22550795539812157,0.026042797304060516,0.01638916189474772,0.8601206496418243
2024-12-18,-0.015776313679992146,-0.02129245972663018,-0.029103621509719825,-0.01626616769201586,0.004214263524489455,0.14134976947929928,0.025935974245165038,0.016312139432625522,0.9353660891572017
2024-12-19,0.009519392896537655,-0.00931226494050054,-0.007080403377879905,-0.009489787684441819,0.01074914589547071,0.1718920374868391,0.026163958065445584,0.016207965057936664,1.0031434380007125
2024-12-20,-0.035806462411872846,-0.042063383195327465,-0.04757952924196549,-0.040502212217032284,-0.026148313001369418,0.1631853460261064,0.028818662392467102,0.01837508030236081,1.161801085014723
2024-12-23,0.006850192658461859,-0.019436876856873488,-0.03826853469391157,-0.02848346173228577,-0.019219863768995732,0.08482317538284917,0.028900569901548396,0.0159997420738827,0.9490363405887482
2024-12-24,0.0002437701142437212,-0.028712499639167288,-0.03496942042262185,-0.023702457311247892,-0.01946141717225539,0.06464302757988434,0.028466958314748422,0.015635630156061536,0.841946642252153
2024-12-26,-0.00012182908869487511,0.006972133684010768,-0.0193149358313246,-0.01907093756832714,-0.01902402314232298,0.1646054707403732,0.027913207673601573,0.014839389450729872,0.6184334037213106
2024-12-27,-0.021063751463848316,-0.02094181043829937,-0.04989808019171037,-0.03407719891756754,-0.03764131631945368,-0.11739661898878595,0.026275540690635146,0.015423620191301972,1.1269971384195343
2024-12-30,-0.007246507307696596,-0.02843208786023975,-0.02133812508753415,-0.03444523195496667,-0.043621688496102276,-0.6036791316621205,0.02530228455431067,0.014501837070513161,2.670925120136294
2024-12-31,0.011717960668123022,-0.01659229810342179,-0.01647035707787289,-0.017664740041324997,-0.031890381320933844,-0.4157425572565887,0.025839634682345885,0.014779203689880097,1.0448600134157187
2025-01-01,0.01537260699563775,0.01984406035606429,-0.0013415201964788737,0.0012463545804865831,-0.01686943942181516,-0.44116504801153494,0.025863877272648706,0.015137434534613178,0.5392460734080705
2025-01-02,0.006447303180769189,0.033537870844530054,0.005227612072985116,0.009165308961692967,-0.010819000896027223,-0.3480405812936195,0.02516933027699061,0.015205853530535359,0.37604255813219056
2025-01-03,0.007489739854865974,0.02930965003127277,0.033781103391699166,0.018434497473555782,-0.00392607888447907,-0.171190206516343,0.02437117220368371,0.015282117849195812,0.912819336720519
2025-01-06,-0.047064674504835056,-0.033127631469200045,-0.006037063805439155,-0.025760236095641938,-0.04651941739432195,-0.3286381022072322,0.028068637408838287,0.016839939150333362,1.5660745655391668
2025-01-07,-0.0010095625816914154,-0.0405844972316605,-0.01876458705525365,-0.023334346488824854,-0.043119387535708834,-0.3266595447359995,0.02838561841691579,0.01575151962518668,0.7672938277703676
2025-01-08,-0.0025289291123456042,-0.05060316619887201,-0.03666612316323696,-0.022110623200906815,-0.04148828719181543,-0.32514182061234354,0.028846332234106816,0.01571981462587432,0.8046463866084278
2025-01-09,-0.011203063850420747,-0.01474155554445772,-0.05431649019442682,-0.02827710888390184,-0.047543559507224754,-0.3144991034497815,0.027516143693121796,0.015732095035602574,0.6196543109559098
2025-01-10,-0.019521020210245918,-0.033253013173012304,-0.08132725025953867,-0.042619658295476696,-0.06112493959584678,-0.31263716666861796,0.026622531912771596,0.01598735871445529,0.9782062200052188
2025-01-13,-0.05404542710737503,-0.08476951116804171,-0.08830800286207863,-0.08477521943024537,-0.10344867623197072,-0.3404193612248781,0.030965173221256293,0.019151389053110125,1.63219583825786
2025-01-14,0.051300142728258044,-0.022266304589362983,-0.03599829755212934,-0.03134588851014461,-0.05107359033190278,-0.3212936990334441,0.03254913116433303,0.02331431828011751,0.9836654604832792
2025-01-15,0.010288563176228149,0.007543278797111274,-0.023180805263555475,-0.015385387592959024,-0.03659876669500493,-0.30219525566806965,0.03308591086990639,0.02357666762234529,0.7416028579031211
2025-01-16,0.02115328959199803,0.08274199549648426,0.009175548178863143,0.010356076000402038,-0.013039688227209871,-0.22722347426961562,0.03217592047736137,0.02411246987959476,0.47555255970306043
2025-01-17,0.01972060605639683,0.05116245882462297,0.0484171744455059,0.034043781391594904,0.009169202937428412,0.03791892733757365,0.03188520301219774,0.024495233812695784,0.9338341523218212
2025-01-20,-0.0054877618972131,0.03538613375118164,0.09697483965566797,0.0274729237975671,0.004598313772835081,-0.038581571727174975,0.030559911739792486,0.023227715255599503,0.5754821770253902
2025-01-21,-0.011825475337430226,0.0024073688217534713,0.03384922158997979,0.015615989472610062,-0.005330807551412063,-0.1531382169175582,0.030616102694117752,0.02327359805874079,1.0944451367802175
2025-01-22,-0.016073854928415784,-0.033387092163059046,0.00748680348533571,0.0010040793819933334,-0.01854119618016268,-0.24870553484158633,0.032232863279403064,0.023480721394802027,1.1695491419468123
2025-01-23,0.008961797469318293,-0.018937532796527812,-0.004704688637344058,0.009560329653507097,-0.007463618042684684,-0.3481248010098787,0.03243689414903877,0.023620347154370187,0.7025176522518392
2025-01-24,-0.020343288562618637,-0.027455346021716204,-0.04476858325635954,-0.011126217403352142,-0.02532416749488285,-0.26313140774851035,0.03112455702194945,0.023590644407152087,0.8504278000754903
2025-01-27,-0.027828918225191467,-0.03921040931849192,-0.06710973958433795,-0.040979915076897834,-0.049072520075423,-0.25259817259292516,0.03311103954070434,0.024262007178095336,1.1174887574940677
2025-01-28,-0.022725219541505238,-0.07089742632931544,-0.07800948378841291,-0.058543209728612086,-0.06592460720823395,-0.24986141760431593,0.035367330414848894,0.02436776744065276,1.34993054061273
2025-01-29,0.020180946047617578,-0.030373191719079158,-0.04175468281237958,-0.03612269058242782,-0.04237893046807304,-0.11356218835073775,0.03557060350372631,0.024601387257738017,1.2094759185733164
2025-01-30,0.01186278213936185,0.009318508645474241,-0.038853698142335816,-0.020366288545051535,-0.026576606270383055,0.07150842078118913,0.035539170839542555,0.02475989545124029,1.315132718409971
2025-01-31,0.06514287314637685,0.09718660133335624,0.046632463566659565,0.045370794818163064,0.04065063655625781,0.34483737178685375,0.0355058762137243,0.029182437927734582,1.39242604328389
2025-02-01,-0.021457696642435027,0.05554795864330359,0.053003685149415926,0.02466787904829302,0.018841537558358653,0.3810306492321973,0.037118560604043276,0.02759933466208309,1.4157230651227322
2025-02-03,-0.027127606160433502,0.016557570343508236,0.048601298530487835,0.00022166049772177652,-0.006847041648860563,0.17495684593285035,0.03997316897973699,0.028246393546260854,1.1836574307471859
2025-02-04,0.028015189055981802,-0.020570113746886803,0.05643554153885181,0.02709953833942375,0.021422604724261572,0.1949574834682629,0.03914040702188518,0.029007724260113943,0.6228891126237445
2025-02-05,0.00782631779247972,0.008713900688027973,0.05239907719196978,0.033729784754542726,0.028502715746382044,0.18298070352791684,0.03756890550363148,0.0289346613843483,0.62118875493964
2025-02-06,-0.024437996811893733,0.011403510036567805,-0.03718179276630073,0.007817394484876826,0.0030177493530442684,0.07179808879732306,0.04088203471264985,0.029137489982075562,0.8044430371579829
2025-02-07,-0.0023220601995262748,-0.01893373921894021,-0.018046156323391994,0.0020187410293035905,-0.0024414343674711773,0.08013413030892337,0.04111545066686477,0.026171336039124173,0.7088501367142331
2025-02-10,-0.01640654505119426,-0.04316660206261425,-0.007325095214152617,-0.018200081835908394,-0.01853530879998129,0.05855980507616593,0.0430052712613759,0.02390880769115068,1.2784159217560398
2025-02-11,-0.02364623473432082,-0.04237483998504134,-0.05898651900445524,-0.04090872474558766,-0.039744969349068744,-0.039694797615827185,0.0444183726420191,0.024329876568490144,1.010218050085434
2025-02-12,-0.0039059379644783222,-0.04395871774999342,-0.0707187747614133,-0.04295713817761384,-0.040559338214386544,-0.07919042386344514,0.04607668888629734,0.023721016906378036,1.2323882348468147
2025-02-13,0.03513870401855937,0.007586531319760176,-0.011142073930960375,-0.0038410907707884714,-0.003892756520058268,0.030291135867253162,0.04526596790412184,0.024730538105362704,0.9418966951364138
2025-02-14,-0.02705592786320795,0.0041768381908732005,-0.03587594159464204,-0.025195456725660082,-0.027162249803829103,0.04704954429188788,0.04639899551302549,0.025338584606817087,0.7240896566287893
2025-02-17,-0.001092152114186083,0.006990624041165368,-0.020561548657633832,-0.023570764057637826,-0.02543184062085203,-0.061886390193540565,0.0464574879001958,0.025264330024678733,0.8839928096084657
2025-02-18,-0.002735610195596773,-0.030883690172990752,0.0003490758810901953,-0.02047804987946827,-0.025967215344631304,-0.19502942615026314,0.046386753953248205,0.025072612042312925,0.958714481974107
2025-02-19,0.021812107556790392,0.017984345247007687,0.02606712140235899,0.0057197301676025865,-0.0029200325980485594,-0.25865327406953453,0.04143362940938033,0.025534048363304293,0.9437233842930354
2025-02-20,0.06711499986083946,0.0861914972220332,0.05804341724463912,0.07026105894933651,0.06318980856142706,-0.1328432779179731,0.0392196156981032,0.02935081927278083,2.5342193103590898
2025-02-21,0.0011271125560051386,0.09005421997363518,0.08622645766385231,0.06586020137772476,0.059776896024979743,0.1420874153193796,0.037746183912290725,0.028460191301422737,1.5915205545360214
2025-02-24,-0.03373321462353067,0.03450889779331389,0.05358539515450769,0.027066832910212175,0.02087836851673571,0.021924102770079088,0.03947188183919803,0.029108698022797298,0.6418458121570924
2025-02-25,-0.01605244630910995,-0.04865854837663541,0.040268559040994634,0.006661704780465512,0.002740268986067488,-0.10295881186027572,0.041369890638264066,0.029157459558145107,0.7268499505295859
2025-02-27,-0.022619468027249377,-0.07240512895988999,-0.0041630165430453754,-0.01794683522471238,-0.019858479415662617,-0.11655046179691653,0.042275780852423464,0.029554336546415247,0.6587844544509548
2025-02-28,-0.01915695300202403,-0.057828867338383445,-0.0904349694059089,-0.03351547272115702,-0.0345544670506806,-0.16520257598527308,0.044808189715853784,0.025540479479218385,1.110644066033131
2025-03-03,0.006426584917182933,-0.035349836112090575,-0.08513549704473114,-0.02738743346125696,-0.02576213876437061,-0.04824313408966404,0.043415821638808895,0.02529933063988547,0.8368145915771029
2025-03-04,0.0027220995659811105,-0.010008268518859924,-0.04868018285521929,-0.0252014681308023,-0.021996012000365838,0.051563967235625084,0.04238139467255063,0.024650951128558474,0.7780966424416217
2025-03-05,0.03709081367064547,0.04623949815380946,0.004463077124535951,0.007176256130868252,0.01568184599787643,0.16590669861098747,0.040331190075166556,0.025291287054631625,0.7842589708942458
2025-03-06,0.01507895351850696,0.054891866755133537,0.04216149867029234,0.018595236874963013,0.031468300318446364,0.1568092870788692,0.03781080244391342,0.025471257015171576,0.6205847001647096
2025-03-07,-0.006212014136824952,0.04595775305232738,0.05510643753549147,0.015985697560189957,0.024476496368862077,0.15552842783685605,0.036247491649575726,0.0248826761891212,0.7786658178842789
2025-03-10,-0.016096664693491688,-0.007229725311809717,0.03258318792481678,0.005185094726924924,0.008229874718110708,0.15727229689855904,0.037485886113650564,0.025156320401387634,0.8983036004422714
2025-03-11,0.010237619181881503,-0.012071059648435054,0.04009870754071712,0.016418246322688883,0.017353658394291926,0.15899551586724656,0.03743985439520924,0.0249525588939719,1.0265173254487228
2025-03-12,0.022977635411885352,0.017118589900275292,0.025985529281957277,0.036809648623395204,0.037296880359917226,0.17143713472039848,0.03589660863810294,0.02468341864749095,1.2699436595207585
2025-03-13,-0.010132931389933599,0.023082323203833403,0.0007736443735167629,0.021948686002618976,0.02353987369169147,0.03733632966589866,0.03249600373210616,0.024821346970305913,0.9244917052278754
2025-03-17,0.009750033982958628,0.022594738004910405,0.016735692493300296,0.024631462613648954,0.03150619662715244,-0.10433007923592072,0.03126881276069276,0.02372940623414772,0.9183476278392186
2025-03-18,0.0,-0.00038289740697502295,0.03283235718679205,0.018026348920850446,0.028094445680441893,-0.025043376393294067,0.028679042944843067,0.02273792113260454,0.0
2025-03-19,0.023592760664377373,0.03334279464733592,0.046187498669287785,0.033425181137026236,0.04783176510604794,0.14249176422392806,0.02744924109142224,0.02315171435676,1.0873143564231358
2025-03-20,-0.001997008662732299,0.021595752001645006,0.021212854594670153,0.02648278425563909,0.04096078828907795,0.3242540775647063,0.026299365364846766,0.02314005125225092,1.3449217098685418
2025-03-21,0.03099875100883532,0.052594503010480374,0.06234453699343895,0.051987677395026945,0.06821921120952701,0.6631373004508572,0.026154149229431486,0.023586636986868054,2.902632065283189
2025-03-24,0.012757587161512866,0.04175932950761558,0.0653520901719931,0.05662197270517754,0.07926722476508673,0.6713672087567528,0.025557810673851513,0.01868083717213381,1.0898010240206306
2025-03-25,-0.028013834244217745,0.01574250392613036,0.03733825592777546,0.02032874034366995,0.048491556452690814,0.4864130818375449,0.027979357494241755,0.01987832136153254,0.8931705639709046
2025-03-26,-0.0045608063835644854,-0.01981705346626942,0.009184688879833392,0.010159031690248056,0.04123653026993011,0.3117632697151237,0.027498329815963885,0.018204580717843765,0.8349013497919522
2025-03-27,0.004191803380975751,-0.02838283724680641,0.015373500923541557,0.010718987455618294,0.04207797870058608,-0.10032702793175602,0.028086338040483216,0.01768347851850482,2.2024228704740554
2025-03-28,0.0112553375997686,0.010886334597179944,-0.004369912485525023,0.016307915417970376,0.04856969435226274,0.15966961690508966,0.03136948906462226,0.0166575261559203,1.6668323734661599
2025-04-01,-0.0007302423489893361,0.014716898631754868,-0.01785774199602724,0.010804523857980872,0.04166529173183854,0.1378599766932564,0.030314101425271793,0.015732323561927018,0.40566588312991747
2025-04-02,0.018694490137995384,0.029219585388774547,0.02885058238618568,0.023130218423032835,0.05442203525965403,0.2258790315380489,0.030469593991249908,0.015988270570677195,0.5013020093597277
2025-04-03,0.009986928924093245,0.027951176713099282,0.043398317693843565,0.02795781488583724,0.05770250450728558,0.22743248478371883,0.03040341181990998,0.015978526409484838,0.35972324440470543
2025-04-04,-0.017784042048804103,0.010897377013284477,0.021422472264063762,0.006167401948814748,0.034727686740371966,0.13535316153500487,0.03137043233742344,0.015222865113517935,0.70965701311142
2025-04-07,-0.005554861082738025,-0.013351974207448812,0.00461227358155717,0.0005695151231009921,0.025755736782958092,0.02204098453855636,0.0364408563253177,0.015145753529115501,1.4839225760110355
2025-04-08,0.012036662882456469,-0.0113022402490857,0.017379178813002917,0.01273489897729531,0.03397083463921379,0.055488445122587396,0.03837213491036841,0.01510054018705137,0.6675253964270654
2025-04-09,0.00976320767798785,0.01624500947770639,0.008447896352995499,0.01885611736434876,0.038590320495047674,0.08499584254407452,0.03831246120111512,0.014371463912568508,1.1032480117555326
2025-04-11,-0.002372577115386203,0.019427293445058197,-0.003911609686484013,0.012457259395792081,0.0312939675810625,0.11265757522330049,0.03888701080755589,0.014423355661736264,1.0793923176296838
2025-04-15,0.014385415087549735,0.021776045650151378,0.028257847449869936,0.02203930686819922,0.041732749125603055,0.05044354924896453,0.036266194407066916,0.013972553097153631,0.838117984839797
2025-04-16,-0.00117141958623546,0.01084141838592796,0.03264128894637234,0.01704610043007114,0.035619104110080124,0.05354135783495408,0.03546314351152959,0.013624252888778565,1.026530312663272
2025-04-17,-0.003992827951324753,0.00922116754998948,0.0166117981125912,0.009575489177675128,0.027346025726807513,0.06023293180050075,0.033243120507494124,0.013705726907337512,0.7989547662212673
2025-04-21,0.031619877455335926,0.026455629917775794,0.038468467889939316,0.037055413897962554,0.05437147311116824,0.16282550947942112,0.03310423609063352,0.014975879324812843,1.0272474606191297
2025-04-22,0.024439505555008716,0.05206655505902001,0.06528055056033424,0.05603267010505465,0.07420728253991891,0.518626700334766,0.03338579796943548,0.015030355900468313,1.5398828482184264
2025-04-23,0.005436937641418954,0.06149632065176373,0.05633207311420345,0.0527235392031683,0.07343726936401135,0.44404339555344136,0.03096002812373291,0.014921581288747467,0.9910468467574777
2025-04-24,-0.014377558184752465,0.015498885011675304,0.04312593451568646,0.029897983934611554,0.05403273774067415,0.4207505889384464,0.03164091563316663,0.014371140128168161,0.8957900616803424
2025-04-25,-0.03437391699111687,-0.04331453753445036,0.012744845475894395,-0.007758584687656991,0.01694310915081627,0.27522421447317624,0.03381799824836718,0.016527567899936983,0.9294080202135605
2025-04-28,0.008100080270153432,-0.04065139490571583,-0.010774951709288057,-0.002414320825743321,0.021917603714420957,0.18467627360430627,0.033018338700583155,0.015046218462818207,0.5760898073424329
2025-04-29,-0.002885366178248487,-0.02915920289921187,-0.038099823442545276,-0.007934692506003451,0.015635999715334397,0.2934653256430749,0.03298165162491932,0.015005051988852356,0.5367341524236211
2025-04-30,-0.008473188872367088,-0.003258474780461989,-0.052009949956331326,-0.01672229013076111,0.004407926668358259,0.37428021474669493,0.0289827475160006,0.015232441118528447,0.7933472224083886
2025-05-02,-0.010546121399480773,-0.021904676450096243,-0.04817851317105958,-0.026557815384994965,-0.007691601521012167,0.30251458979711005,0.028852482389412817,0.015367470876968813,0.6170955653077081
2025-05-05,-0.0030675385361215632,-0.022086848807969326,-0.0168721347160643,-0.029149646278247975,-0.01216849514599682,0.18789451152177578,0.02820683314868212,0.01539506718114424,1.0042320681690486
2025-05-06,-0.0351123881709736,-0.048726048106575964,-0.06008460315719147,-0.05615045242063419,-0.04514834898045903,0.04120672570831587,0.03050860596101735,0.016862411938864626,1.3302012201499929
2025-05-07,0.020591895268882582,-0.01758803143821269,-0.03660734171006049,-0.029258351291283187,-0.02464402843132606,-0.09182446682536181,0.031762208848313496,0.017391064857184734,1.2066107469973435
2025-05-08,-0.03924478229492158,-0.05376527519701273,-0.06737893513261503,-0.055437145443596327,-0.06062046991716024,-0.236151779134845,0.036221944691816374,0.019082592509786753,1.0910051569828572
2025-05-09,-0.028199302437039296,-0.0468521894630783,-0.08503211617017352,-0.06952594844729389,-0.08426797694744062,-0.27481776873169794,0.039877970688478474,0.019971910181860952,1.868934111190854
2025-05-12,0.06612444890688114,-0.0013196358250797992,-0.01584012872717087,-0.0026220851409869796,-0.02150795781923968,-0.26232921980716456,0.03949579288333559,0.025100484850157177,1.2286477585037265
2025-05-13,0.0027571871805540486,0.04068233365039576,0.022029446624356786,0.004026651308651273,-0.018304721252142518,-0.3470155672485316,0.03766824937910954,0.025003293615907782,0.9696075719033016
2025-05-14,0.028676249865002907,0.09755788595243793,0.030113801220477167,0.033931122387791786,0.009210384443995759,-0.37876065636252065,0.036644949885025244,0.025832249856560994,0.8571887021612047
2025-05-15,0.011451076355934633,0.042884513401491436,0.08080965987133339,0.04438162427694447,0.019917322709030683,-0.21158424556963226,0.035726609646505245,0.02576066392058779,0.776843859788259
2025-05-16,0.03124914786278999,0.07137647408372748,0.14025811017116266,0.07133052583325505,0.049589674582913836,0.0672212638332988,0.033886979999865785,0.026629673719084684,1.6538025437670532
2025-05-19,-0.008058343076641118,0.03464188114208364,0.06607531818764033,0.05722732013586572,0.03872905472735058,0.21348604541228638,0.034361820604929115,0.026697345423568337,1.0042126135844778
2025-05-20,-0.027108635056011493,-0.0039178302698626285,0.03620949595107486,0.022997086922932418,0.011598199920594602,0.09061426716249428,0.03674931471216541,0.0265326126784586,0.8490062867745838
2025-05-21,0.011594041837704917,-0.023572936294947788,0.019127287923776912,0.029805908491759098,0.024747454856737794,0.24510854963385525,0.03701862818687074,0.026044780759183716,1.2401572943329948
2025-05-22,-0.0013705805881408003,-0.01688517380644745,0.0063056309797014844,0.01964711835823246,0.02506426874943043,0.3379174987460689,0.03718368515990816,0.025996909227655646,0.8384670714536182
2025-05-23,-0.017640357999532348,-0.007416896749968258,-0.04258387488262093,-0.0074352733113134195,0.008978364093087995,0.31858206234319025,0.038285796603058204,0.02609128915796103,0.6401524807234773
2025-05-26,0.012599091959030462,-0.006411846628642597,-0.021926439846949242,0.0008046691290009113,0.021177738905580883,0.40907250387648875,0.035714300581426696,0.025097834813868167,0.6440322819332825
2025-05-27,0.001836129501137482,-0.0032051365393643448,0.007018324710199726,-0.001591153833359354,0.022784550079362986,0.49386707477783914,0.033282027734590366,0.02503795749090234,0.5441451128658208
2025-05-28,-0.005518533674940063,0.008916687785227882,-0.010094250802445238,-0.007971478705917317,0.017024639205010038,0.5739678552545482,0.03074872627046152,0.025062271117211262,0.7148863343083856
2025-05-29,0.003912149684993642,0.00022974551119100194,-0.004811520529310834,-0.004230974075661438,0.02023961465013446,0.6852040120082211,0.028061245575879457,0.024991499754786577,0.7430741912388695
2025-05-30,0.0037824850115689645,0.002176101021622432,0.016611322481790362,0.0021784435122923036,0.022596372302264786,0.6972058454796292,0.02465394813105404,0.024855754389513974,2.203969397473441
2025-06-02,-0.001030185010107575,0.006664449686454885,0.0029820455126522935,0.003067109039463173,0.019938579018271875,0.685978729413447,0.024294894034837426,0.024840380947732294,0.6142030753946139
2025-06-03,-0.025870125254419053,-0.023117825252957785,-0.024724209242904253,-0.02083989385149436,-0.00806705175101488,0.5960343975884135,0.0249316126644896,0.02419986822258339,0.7723073471331272
2025-06-04,0.023462344581925768,-0.0034379656826008884,0.004256669013961676,0.002993753374837419,0.013295883777134034,0.5872854647041436,0.02520624265329338,0.024323962083671245,0.7794354826563121
2025-06-05,0.005951548609815536,0.0035437679373222443,0.006296067938783581,0.00882991972525475,0.01495848029221794,0.5547097019474032,0.023638348545328914,0.02228808053710202,1.2003836048064267
2025-06-06,0.018990180088470237,0.04840407328021155,0.021503763015684955,0.024232529159737375,0.027668023993643782,0.5424757994995401,0.0233456504035978,0.021119208036148796,1.2575100651699518
2025-06-09,0.017976503081104284,0.0429182317793901,0.04051045110689677,0.0382033504425745,0.04173591227109174,0.7259175160443084,0.022340573597199796,0.016162002847688355,1.670323609898664
2025-06-10,-0.013507713695958766,0.023458969473615903,0.05287286266535723,0.02137013894574597,0.024133568088745214,0.580982287098488,0.02190390954013646,0.01664991403594569,0.7250720638842969
2025-06-11,0.006333652049516646,0.0108024414346624,0.035744170132948144,0.02373363771820511,0.02810548866296639,0.5624611678809088,0.021298817451734297,0.015592634823741057,0.6995506817223501
2025-06-12,-0.029906588344464562,-0.037080649990906496,-0.0001139668213319214,-0.0070374882887036735,-0.002566943419701674,0.5815853833363162,0.022793224399488228,0.017013959703064994,0.6792941816804159
2025-06-13,-0.017964675679497125,-0.04153761197444494,-0.037068822589299326,-0.0232220811671766,-0.018285987386997552,0.47540509912568496,0.023986590468914014,0.015832876441237886,0.6887745410790919
2025-06-16,0.005099785869378415,-0.04277147815458331,-0.04994553980102535,-0.017313418611150662,-0.011863310503863432,0.4696902480675939,0.024566473447163062,0.01584462283356094,0.6999858592402162
2025-06-17,-0.016669972079010904,-0.029534861889129706,-0.05310779818407754,-0.03353704739512065,-0.027343424981320533,0.38829408754992956,0.025214527849501706,0.015108685822148369,0.7705516254070158
2025-06-18,-0.030312587634783214,-0.04188277384441585,-0.08975403786837748,-0.057489356713151835,-0.05363098455975631,0.3491543533980658,0.027851343685830386,0.01615486615891605,1.4095254486892936
2025-06-19,-0.02031892268162607,-0.06730148239542019,-0.080166372205539,-0.06926155583092831,-0.06912761938252378,0.16548710142972284,0.029279796761466925,0.016604123554621958,1.0095159701681733
2025-06-20,0.017649614102530544,-0.032981896213878835,-0.04455208242351138,-0.044994698315502756,-0.050552259278886284,0.20358737086459386,0.029505181604479826,0.016943200982583326,1.5624520155819885
2025-06-23,0.03462620396851869,0.031956895389423035,-0.015025664324371052,-0.004742126020004766,-0.01605081771284504,0.3370979924148594,0.02998474136517969,0.01859000451154266,1.3225153015099433
2025-06-24,0.0028125251052928757,0.05508834317634212,0.004456832859932695,0.0030519057322488277,-0.012270137168520174,0.3634276007811803,0.028989387067239962,0.018599328676492433,1.2023629716989923
2025-06-25,-0.005633074786303014,0.031805654287508464,0.029136345708412965,0.0036735465054835064,-0.016812666984600176,0.24175835649998034,0.028657186575761395,0.018600802675085563,0.5681991756399867
2025-06-26,0.00481356795398366,0.0019930182729734906,0.05426883634402277,0.011191979529409446,-0.011095994124980397,0.11157366144617327,0.02831041693673282,0.018614497289298156,0.6527939607341883
2025-06-27,0.0019892367283255155,0.0011697298960063308,0.03860845896981777,0.013817832183888363,-0.008058390830897443,0.030574050494373495,0.02664273795219654,0.018594628954719222,1.0472300348757695
2025-06-30,0.0030345090005008454,0.00983731368281007,0.007016764001799839,0.017731136909350763,-0.004172002237111631,0.16201757218012675,0.025754586455489618,0.018617348716872092,0.71599283451965
2025-07-01,-0.003970073721028649,0.0010536720077977517,0.0002341651754784176,0.013217996114350629,-0.008336339956508095,0.0447716799462512,0.025355609558311187,0.017690657226970247,0.7156011678785555
2025-07-02,-0.008931793703841999,-0.009867358424369784,-0.0030645537420603704,0.0016199351410599737,-0.015783913192397175,0.059323338834583836,0.024545946698098408,0.01691696292199918,0.9474079979863498
2025-07-03,0.0030645537420603613,-0.00983731368281011,-0.0048135679539837994,-0.0001529743329076639,-0.01123518859520401,0.16414412169161025,0.0230501587724871,0.016863191258915056,0.6271798172036908
2025-07-04,0.0008234594659215924,-0.005043780495859846,-0.0059793452163876895,-0.0025335687223871726,-0.007955987018058275,0.07494373268560935,0.022686813168414102,0.01617426120237086,0.8672223594558597
2025-07-07,-0.007080430919372508,-0.00319241771139043,-0.016094285136261044,-0.00867579572726828,-0.01121223054865756,0.08118701699320241,0.022019021747864218,0.015463632577415076,0.9678094689280404
2025-07-08,0.04084092052893214,0.03458394907548147,0.02871670911369983,0.029614907888545032,0.031063202344164265,0.36115168296338707,0.02177938236977944,0.01818564092896301,2.8405069591256744
2025-07-09,0.003744713661785023,0.03750520327134471,0.04139321647932683,0.029476965489638445,0.036139959034443635,0.4880238023511973,0.020168925926884657,0.018139961054011076,1.0821703073367686
2025-07-10,-0.00875954916040701,0.03582608503031028,0.029569113576859478,0.01795849405058367,0.02716375025933348,0.311493574507661,0.019905656384758042,0.01695071192948776,0.9433466096868195
2025-07-11,0.006037439920436122,0.0010226044218140593,0.03478309403137384,0.021153657658472807,0.03217860491616716,0.2951455377240779,0.017133128201992257,0.01645866131354394,0.7494249133748807
2025-07-14,0.008256600879510132,0.005534491639539154,0.0501201258302565,0.026085532895175303,0.03934720958154806,0.2838911960927828,0.01747498226350832,0.016513649795623166,0.8200468307365473
2025-07-15,-0.007688879711077172,0.00660516108886908,0.0015903255902470145,0.015140667207290914,0.029560401889677037,0.25882314190428685,0.01785309578343056,0.01611658806863433,0.8059616800782516
2025-07-16,0.00543357492508222,0.006001296093515214,0.0032791868535441866,0.016140308177910116,0.03152328860733773,0.3543005235576811,0.017208018467683647,0.014247475551482015,0.5055352805237943
2025-07-17,-0.008389179704176183,-0.010644484490171087,0.0036495563097749917,0.004344779334818958,0.01877135835453073,0.2434480987345998,0.01755627853618011,0.01342195452920427,0.6148419800015789
2025-07-18,-0.009264040179423642,-0.0122196449585176,-0.0116519237900846,-0.007175546986558347,0.006621740484309331,0.0995726917957323,0.017974095870824307,0.013344485371403458,1.3318395848113875
2025-07-21,0.005728759452303766,-0.011924460431295934,-0.014179765217290911,-0.004979042983568869,0.01104845816083345,0.1739367707241064,0.01850793024871994,0.011089717965740084,0.643457347020501
2025-07-22,-0.013804452763864631,-0.01733973349098431,-0.02029533827007836,-0.016798569873683868,-0.0033191772024526536,0.19443251777919685,0.01837631936088501,0.01158524331005856,0.7852040995085007
2025-07-23,0.001735991438050209,-0.006339701873510588,-0.023992921757110403,-0.01305577952094701,-0.0024569522296583705,0.11634978764152791,0.018600494470345404,0.011496352105898977,0.9078398644541936
2025-07-24,-0.007428087808327788,-0.019496549134142203,-0.023031829861262062,-0.018477868213187074,-0.010101963727081881,0.10969696973653555,0.01907201517801698,0.011601344878131524,0.8925477945533935
2025-07-25,-0.0278779714052301,-0.0335700677755078,-0.04164576108706849,-0.040448709226624954,-0.03616681225281996,0.08668000759394659,0.021245454420623262,0.013182730012370275,1.418616219975834
2025-07-28,0.002631853036143103,-0.03267420617741472,-0.04474266750322916,-0.03226926148205359,-0.03244825826235752,-0.2033005804977556,0.01937190419925961,0.013176188804841466,0.9662744220555156
2025-07-29,0.0040539519587576775,-0.021192166410329172,-0.02688426278060684,-0.02375555168063348,-0.02771427209182579,-0.3839451786585329,0.019514508921339154,0.013210956294522284,0.9038858653035986
2025-07-30,0.0049851355928044955,0.01167094058770555,-0.02363511862585248,-0.01415848550080807,-0.022713861332918382,-0.24168456034982086,0.01914684189205788,0.013128775109113923,0.8049326635124066
2025-07-31,-0.014429968987794068,-0.005390881436231808,-0.03063699980531875,-0.023047904572140208,-0.035755283598604144,-0.42200420464297933,0.019579571457113504,0.013481544567464589,0.8871661967839644
2025-08-01,-0.00012015101495123644,-0.009564984409940787,-0.002879179415039844,-0.018801269128611853,-0.034865047386120125,-0.6753919808115549,0.01921293903746935,0.013476394502187412,1.3001216475883024
2025-08-04,0.0029988914193626714,-0.011551228583382788,-0.0025121410318205135,-0.011145226265087071,-0.03143293171127501,-0.6544541541830111,0.018736191209273435,0.013428162958271173,0.7238267081179064
2025-08-05,0.020626701995266204,0.023505442399677664,0.014060609004688003,0.010780281356580483,-0.00967891145851374,-0.6102533962910323,0.019099565417071276,0.010613233273805379,1.2705855358062015
2025-08-06,-0.014655858134482423,0.008969735280146404,-0.005580384722598837,-0.0009754165582467384,-0.021642968374424813,-0.6048352544164493,0.01985779230962167,0.01092077061579124,0.7267509088751635
2025-08-07,-0.006929409814002779,-0.0009585659532188899,0.001920174451192476,-0.004998211315815216,-0.02606760613942785,-0.5662799445874745,0.020569624995445894,0.010873092526564463,0.7639486941479351
2025-08-08,-0.01973550057298953,-0.041320768521474684,-0.01769517510684585,-0.022460177693908085,-0.041591910593079096,-0.6846350140135391,0.021066956839707718,0.011337223827855375,0.9677492186443266
2025-08-11,0.02021485158698824,-0.006450058800004069,-0.0004792149392201753,-0.0022000939975694253,-0.0189566833002097,-0.5165843237187695,0.02106478451661188,0.012277015438951619,1.3012163262366774
2025-08-12,0.005497201961027985,0.0059765529750268,-0.015608714973458485,0.0034560966395078617,-0.011113317157569304,-0.3988472312647804,0.02079608569970511,0.012371069395557427,0.8705753317480014
2025-08-13,0.014199673757956752,0.03991172730597305,0.01324681691898063,0.01701595244900145,0.005083829623825765,-0.2108673613485243,0.02077143437273598,0.012812008686951681,1.4537328055222491
2025-08-14,-0.02732013199139326,-0.007623256272408593,-0.007143905258409907,-0.00987976948932827,-0.019093806421509502,-0.2270296071114926,0.02157011066960578,0.013957161647244724,1.447565241801222
2025-08-18,0.0055723686246254255,-0.007548089608811057,0.018163963939205226,-0.004393512872821763,-0.011416543180096512,-0.22488102068589044,0.021398268893578844,0.01399782534670898,0.8001576917425541
2025-08-19,-0.008370287904325405,-0.030118051271093148,-0.010421175552108437,-0.011622731919665338,-0.01677083927765673,-0.2532217339776365,0.02153233804588411,0.013932227077325072,1.1969456485577186
2025-08-20,0.008128741284090453,0.005330822004390498,-0.0077896362290459644,-0.0011995495694459791,-0.0069303505755378015,-0.21027114617699838,0.021855874953090697,0.013892529743032468,0.9803098249370736
2025-08-21,-0.011300925711609976,-0.011542472331844968,-0.033290235698612704,-0.010444851768394756,-0.015649630962523968,-0.2031056412618028,0.022190934128588923,0.014022579794929156,0.6094507631159326
2025-08-22,-0.013781554891683189,-0.016953739319202753,-0.019751658598902665,-0.02138515903123336,-0.02641968345126759,-0.18902570757899212,0.022216104777144825,0.014211674377283894,0.9295549953176009
2025-08-25,-0.01384835733526424,-0.038930837938557464,-0.03917238455879236,-0.03286220929685536,-0.037847938844837545,-0.22990239544985272,0.022802144529551354,0.013219280828822597,1.2185281208960137
2025-08-26,0.003010529277733518,-0.024619382949213942,-0.027791567376733453,-0.026266900376734098,-0.03298420006348992,-0.43374725161541305,0.022761997372318796,0.013226652586505702,1.735161704866407
2025-08-28,-0.01896636498762465,-0.029804193045155365,-0.0548866736484485,-0.03861972679400839,-0.04815675292909404,-0.45457099987336164,0.023281215917183684,0.013661087683763435,0.9789772084665214
2025-08-29,-0.014270211461387294,-0.030226047171278376,-0.057855959398225854,-0.04359128060693139,-0.057794563180587524,-0.47925111652428853,0.023359148347450873,0.013731377081406858,1.0093213513310728
2025-09-01,0.017074628900020934,-0.01616194754899105,-0.02699977560652173,-0.022569486572753962,-0.03911202120471392,-0.38798284268927913,0.0226658797795116,0.014288669072417071,0.5638247814401554
2025-09-02,0.01264876478714822,0.015453182225781919,-0.0005026534841091794,-0.0061460285135189335,-0.02498388299782221,-0.41511896073953436,0.021889679071813488,0.014685019968053966,0.6152500771133993
2025-09-03,-0.0022649747525987133,0.027458418934570454,-0.005778157514441566,-0.005026254574645911,-0.025033275429603694,-0.4276149145545565,0.02170180950778504,0.014638557808272914,0.5447882354448002
2025-09-04,-0.01638447215867905,-0.006000682124129504,-0.0031962646854959064,-0.015432350058521923,-0.0369567573176662,-0.5747961475548586,0.02200757383528615,0.013919637289236854,0.8728539470569967
2025-09-05,-0.00346349134431889,-0.022112938255596706,0.007610455431572445,-0.013850661117923083,-0.03692126526430517,-0.5512707568208509,0.020523554443186928,0.013694994728833777,1.0393768123741687
2025-09-08,0.010482014831584341,-0.009365948671413637,0.001017841363135962,-0.0008385289366794422,-0.024194762614308276,-0.46145488604602636,0.02008248223490989,0.014016129410084103,0.8756837352899746
2025-09-09,-0.0008906039506568532,0.00612791953660855,-0.012521527374669291,-0.0004198682153337967,-0.023415411944485542,-0.30387866573846023,0.02084584350180806,0.013427739500544007,1.418321206146824
2025-09-10,0.012521527374669305,0.02211293825559673,0.0022649747525987376,0.012535777754754323,-0.009022445416405313,-0.3114892202263854,0.0201555077502823,0.012865265868215604,1.355124261876418
2025-09-11,0.033616628549376096,0.04524755197338846,0.05226607546065404,0.0419278393768555,0.025577103391658945,-0.025702099038340975,0.020747981664066533,0.015082999387267851,2.3696159696795474
2025-09-12,0.014718619800279465,0.06085677572432484,0.07044818660525236,0.04904774073361397,0.04149780966793209,0.13261904338289213,0.020359297290167937,0.015110366278675708,1.1269048061196887
2025-09-15,0.03656857162112732,0.08490381997078295,0.09653474339479536,0.0772253777916297,0.07740628076586321,0.3463100575777207,0.02101376305332493,0.01590851706378071,1.4044383392405242
2025-09-16,0.022829478962413406,0.07411667038382028,0.12025482630786562,0.08983348164787192,0.09830316476677024,0.5941557660815101,0.020765180705196885,0.016537219117895303,1.2169390016990822
2025-09-17,-0.015925735978017178,0.04347231460552361,0.0918075629551792,0.062383502758133334,0.07753134121107644,0.5526833926097865,0.020983857682004628,0.016902579808679933,0.661683188530168
2025-09-18,-0.0013769766020235836,0.005526766382372714,0.056813957803779395,0.049416140997439593,0.07317789754170817,0.5144840631088582,0.02125882523493172,0.016885155178524996,0.8132311659153199
2025-09-19,0.008347219369678366,-0.008955493210362413,0.050442557373178265,0.045613096864238756,0.07819423224194677,0.5598026354830137,0.02139932198911144,0.01660615561149747,1.1465191979829337
2025-09-22,-0.0010252460413184784,0.005944996726336385,0.012848739710732549,0.03335775870811674,0.07246775029595638,0.4666203406972301,0.02133171185066609,0.016144723976175036,0.5459947550413702
2025-09-23,-0.012617839433115152,-0.0052958661047551635,-0.02259857868479599,0.01080460869322813,0.05448944117719473,0.37406026417449484,0.022649720803168266,0.016074636093999783,0.7475689105672315
2025-09-24,-0.003932393994393215,-0.01757547946882678,-0.010605236701171918,-0.0010071744034815026,0.0462438005347339,0.3431205008425053,0.02244924435165064,0.01617703734333168,0.754499405612449
2025-09-25,0.001621078398883189,-0.014929155028625268,-0.007607181700265206,-0.004170896222110955,0.042826716535491735,0.4243312026901674,0.022602957777360162,0.015276409187605821,1.0280796354293742
2025-09-26,-0.03281295788557864,-0.0351242734810887,-0.04876735895552236,-0.0364721287705393,0.00527638290994575,0.3625756617835987,0.02479164401376433,0.016970712010106147,0.7174622763675894
2025-09-29,0.026312726572265993,-0.004879152914429448,-0.02142938634193776,-0.009938592228368974,0.027564952044726688,0.39127641956289094,0.02458036707041576,0.017464229398284816,1.5091326306633592
2025-09-30,0.005226722442182996,-0.001273508871129546,-0.003584824466639643,-0.002115536680388658,0.02878868366023872,0.3922318486109754,0.024112952206182606,0.01735935247926803,0.8027143379848777
2025-10-01,0.0005791341324215705,0.0321185831468705,0.0009267036601750017,-0.0005669540054518542,0.02511459614387787,0.33471272830222687,0.022329191402795136,0.017316257057457988,0.6043859949470752
2025-10-03,0.0064627225797572055,0.012268579154361709,0.0057683478410492225,0.00609929118435155,0.026376666269178,0.31270806263742373,0.022374335677659025,0.01662528499959124,0.7919503283267195
2025-10-06,-0.0036879325231564636,0.003353924189022216,0.034893373203471176,0.0038014365379515354,0.017319412409611806,0.2438955178803748,0.020593145273671686,0.016631630319281342,0.6090627823704718
2025-10-07,-0.0017334086734833748,0.001041381383117325,0.006847237957721794,0.003540085285122606,0.010914706538154734,0.17233238174337004,0.019654017019759936,0.016657554251172494,1.2102318728753292
2025-10-08,-0.011867396968892113,-0.017288738165532058,-0.010246881453353302,-0.006927281214781094,-0.005007507072625854,0.22337024244481796,0.019813410596868548,0.017029520897648132,0.9745206053201683
2025-10-09,0.01429334659193926,0.0006925409495638383,0.0034673310061644784,0.006924250062411422,0.005155068449517285,0.4063876020347783,0.020208022956920636,0.017079672446190765,1.3999823694987192
2025-10-10,0.0031104680584832854,0.005536417681530478,0.00011507648489068997,0.009463007742342853,0.005569170729028811,0.3325443451592028,0.01955371729990004,0.015621807705900905,0.7930385527882267
2025-10-13,-0.005652043235445765,0.011751771414976957,-0.0018490342273986317,0.0005092117234063222,-0.001801263904858954,0.29012280816716385,0.020598205557380976,0.01546397964581778,1.4137622810981234
2025-10-14,-0.012688566812170418,-0.015230141989132789,-0.012804192366085739,-0.011522175372376575,-0.013675172628346438,0.22193639064655812,0.021338203724727486,0.013410528429124755,1.6012262270502822
2025-10-15,0.019490111716071377,0.0011495016684552502,0.018553316318877924,0.007092658895700051,0.006650058308018466,0.3661470432760228,0.021845459907520275,0.013119431790634434,0.9023060602212521
2025-10-16,-0.0010345277543195345,0.005767017149581536,0.0032254419726190477,0.005376645046021855,0.005760405186114317,0.34756521758584996,0.02151483034098263,0.012635049543783364,0.8007723642809771
2025-10-17,-0.0024181280158825304,0.016037455945869385,-0.002303154101746835,0.003168841981528839,0.0035344249793889237,0.17957413553322327,0.02042228347954745,0.012642516568263798,1.7051774747906066
2025-10-20,-0.0020772940948875305,-0.005529949865089554,0.0012715950388113091,0.001145017780215046,0.00218241759279389,0.14940938338670862,0.019301227622997498,0.012485441995442974,0.7634858222438254
2025-10-21,-0.002429036235285802,-0.006924458346055906,0.011531125615696,-0.001156771619769573,0.0005503538640661772,0.0855375280755328,0.01937298291611526,0.012491177631873785,0.10876189590811552
2025-10-23,-0.006156678471440178,-0.010663008801613588,-0.014115664571815593,-0.007723596887412694,-0.005123916120424083,-0.060446911879387104,0.02020840842652417,0.012250483667118292,1.18965216757782
2025-10-24,-0.01207450054736604,-0.020660215254092073,-0.025155637364862128,-0.017497116769788535,-0.01620896151550247,-0.19621875849910936,0.02099304054566677,0.01250427097239279,1.0639574514858925
2025-10-27,0.002708853259698559,-0.01552232575910776,-0.020028656089281137,-0.012635355973263237,-0.012732826284519225,-0.26822283721907764,0.020608596363594318,0.012518065736847396,0.6192925968347087
2025-10-28,-0.004597705880610141,-0.013963353168277652,-0.02254906787500374,-0.015082795663068279,-0.01782612418928116,-0.379043630113718,0.02057696397296583,0.010074435162834872,0.9117094077428614
2025-10-29,0.027044489985773825,0.025155637364862152,0.006924458346055915,0.01004822531356751,0.008466711494968616,-0.2308220617121276,0.020602973314118717,0.010173618261228787,1.2572449034421957
2025-10-30,-0.009243277359744497,0.013203506745419221,0.0038378594577516997,0.0017907969362036507,-0.0007133623767444724,-0.2687381166433249,0.019641820694345096,0.010342257930307845,0.6397409340543253
2025-10-31,-0.015322870259312645,0.0024783423667167517,0.0005894897458048888,-0.011015929072517177,-0.015034570243834092,-0.3537077504489446,0.01997036872574495,0.010884465217781837,0.9377143067799204
2025-11-03,0.005758993494300336,-0.018807154124756954,0.00363962998040668,-0.0036663285007917,-0.008424845883534128,-0.31989396304912276,0.018633538327049216,0.010860543599604248,0.6104003298772359
2025-11-04,-0.013806240268382165,-0.02337011703339458,-0.005568904407365229,-0.014565958638946176,-0.020626560645970553,-0.269211579224511,0.017942008918456556,0.011225376021177211,0.8538659994883977
2025-11-06,-0.015688135204339683,-0.023735381978421632,-0.048301529597478826,-0.025912972549638442,-0.03384180918383272,-0.42799717214797967,0.018286061465212715,0.011669809831300443,1.689729529501554
2025-11-07,-0.016674022335840227,-0.04616839780856219,-0.05573227457357453,-0.03710697101499261,-0.04761895683175405,-0.5782499238302364,0.019776976410895,0.011927494051496488,1.7783718419080814
2025-11-10,0.0101348832040088,-0.022227274336171263,-0.0302745211102532,-0.02443941697050562,-0.035459863753057166,-0.4004160472749237,0.019959385221826307,0.011654802288276507,0.8222582063609235
2025-11-11,-0.005115683312819059,-0.011654822444650674,-0.04114919791737254,-0.025803301958063966,-0.037533710526868054,-0.5549352142440531,0.020715940392507685,0.011588347528208214,0.675046066828199
2025-11-12,0.0010985110820678765,0.006117710973257663,-0.026244446566922375,-0.021648261928535754,-0.033938171650872095,-0.46567430702559676,0.02133795090598237,0.011605092013710917,0.7020632800244041
2025-11-13,-0.006363302576632084,-0.010380474807383222,-0.016919613939214758,-0.021442750598244582,-0.037855080306125166,-0.4256189583509564,0.020737609014483783,0.011401656954255658,0.5742280185117676
2025-11-14,-0.014342417740424345,-0.01960720923498839,-0.01458800934379884,-0.02855065460453555,-0.04776581386588904,-0.41234126173478614,0.020512358533306976,0.01046383902838169,1.4562364373986971
2025-11-17,0.011761109363069122,-0.008944610953987247,-0.012961783184738337,-0.01277025206404653,-0.03323302069324988,-0.3142210386945729,0.02076482597951283,0.011032354418516712,0.838637842878429
2025-11-18,-0.008901006306771755,-0.011482314684126874,-0.016747106178690928,-0.015778371894291862,-0.03824680363623793,-0.3118425415287052,0.02144718602731882,0.011097338980623723,0.9998184311203149
2025-11-19,-0.00597832667687475,-0.0031182236205772452,-0.02382394393763363,-0.016705563331199363,-0.04024840787644908,-0.5227110850900377,0.020308719725350362,0.01110133492104659,1.121607240439022
2025-11-20,0.0008741452170060212,-0.014005187766640422,-0.01658649614399556,-0.01253429358843171,-0.03580811811788035,-0.5340624752462628,0.019978937428659135,0.011148985888119956,0.6915427974702084
2025-11-21,-0.016358822938053418,-0.021463004397922023,-0.01860290134162455,-0.02536138981868777,-0.047440647838133086,-0.524547786956193,0.020335648062853724,0.011493254652092137,0.8447279260820334
2025-11-24,-0.023880961516827167,-0.03936563923787445,-0.05424497222152096,-0.042023513676138824,-0.0654977280322416,-0.5801899991569357,0.022525600261589836,0.012197680157163947,2.184363100440294
2025-11-25,0.003502227555434656,-0.03673755689944583,-0.041841738359314574,-0.03305368049627878,-0.057762768302139646,-0.43889183144637767,0.022372863293017242,0.012224797938596911,1.0250454356831844
2025-11-26,0.002586294450272341,-0.01779243951112022,-0.03327711723216748,-0.02499526572954871,-0.051155252079326544,-0.2815072217296208,0.020959010701120155,0.012336242363637949,0.9098549813109298
2025-11-27,-0.0062185223248349625,-0.0001300003191279462,-0.040369784774008544,-0.02550535594021652,-0.051224097275123004,-0.21516479787590512,0.019725232536983085,0.00986130849856897,0.6343505403978674
2025-11-28,-0.0027327033333433685,-0.00636493120790606,-0.026743665169298523,-0.023763473649027107,-0.04829227569231917,-0.3289599585908277,0.018485416597739314,0.009859853019756953,0.38634993158300845
2025-12-01,0.007270880254445909,-0.001680345403732406,0.004408176601974434,-0.011673237844102896,-0.036844124715975216,-0.1986879537045246,0.01809276768820337,0.01000264068965048,1.035358959649793
2025-12-02,-0.0002587732044186043,0.00427940371668386,0.0006471758421211674,-0.007806077924238597,-0.03223988184303491,-0.20917415401073583,0.01735802823473351,0.009760512972227684,0.9601017109177659
2025-12-03,-0.0058400195092994005,0.0011720875407277708,-0.007779138117450482,-0.009488708787622608,-0.03343901875813245,-0.2074723096912949,0.01798961556016101,0.00954033860114667,0.8444251301282341
2025-12-04,0.0007806628451064325,-0.005318129868611507,-0.0007799529475090918,-0.004569980375469243,-0.029044061692704074,-0.07592061659300554,0.017232397698572238,0.009234789125579308,0.7703201323666483
2025-12-05,0.0023382377942936837,-0.0027211188698990875,0.004290988180128201,2.5931705361841682e-05,-0.024053608115968766,-0.17201936687515215,0.016599003075062593,0.008800878983966759,0.6611630074636644
2025-12-08,-0.0083387491274708,-0.005219848488070623,-0.011318641201788649,-0.007595886363840746,-0.0285412495557943,-0.16716993601545738,0.01651370389821762,0.008330714109037138,1.3282520219030953
2025-12-09,0.0005231314059455125,-0.005477379927231643,-0.010536736591424529,-0.0060957790336230505,-0.024673374375628172,-0.14533006024644166,0.017009460508032252,0.008375786278915512,1.1839182336589962
2025-12-10,0.005217226687930046,-0.002598391033595361,0.0005205096058048302,-0.00016907785467435384,-0.016366165816787563,-0.10859613372895041,0.018667866363843575,0.00854181961530317,1.4731674139168367
2025-12-11,-0.0023443284872150705,0.0033960296066603253,-0.0026044817265165974,-0.00217283360622908,-0.015665375091589506,-0.11351360058377864,0.018683737254294504,0.008511149361829591,0.9822763671406611
2025-12-12,0.005720952294793609,0.008593850495508608,0.0007782327739831512,0.0030430686547302044,-0.007999791893915403,0.13971708389648144,0.016530517130352917,0.008285417830518832,0.6143530742183554
2025-12-15,0.001036601878859759,0.004413225686438269,0.010153583780313762,0.004200905440774872,-0.004384335507512833,-0.006235238997418691,0.01599531796267145,0.007671270571625761,0.490328277535416
2025-12-16,-0.015664020589833794,-0.008906466416180595,-0.006033568215465584,-0.009770724654540089,-0.0169934468510011,-0.18538487451289298,0.01656734405492349,0.008102869975887793,0.8697838301114179
2025-12-17,-0.008190303386458632,-0.022817722097432692,-0.01944109828985422,-0.01600191881136379,-0.022064879169898164,-0.16013244368012422,0.016589902703955692,0.008162146643016618,0.9986187507511536
2025-12-18,-0.00465331601583725,-0.028507639992129706,-0.021750085818476417,-0.018199437548314466,-0.023387192867913128,-0.16807356669055237,0.016990914092720737,0.008117562925995405,1.1585756328688834
2025-12-19,0.02070635026952031,0.007862730867224492,-0.0067646878437497135,0.002945624027146873,-0.0015183661380987494,-0.1916460844945233,0.017043629479233907,0.009139978900318315,1.4016523897509066
2025-12-22,0.013741462313116862,0.02979449656680001,0.005940172590507485,0.015174705155121242,0.011828779280748356,-0.18857361699839614,0.017500758196603083,0.008085058032624968,1.2521959015174906
2025-12-23,0.0071841326482839545,0.04163194523092115,0.02878832582862509,0.020147379493139675,0.018460677978496626,-0.059127923037251125,0.017028521246227186,0.008199108572713493,0.8481564273359233
2025-12-24,-0.005383305004052784,0.015542289957347999,0.031595324211031166,0.013428121445596233,0.01274221844745401,-0.056316982606907116,0.017368298562531095,0.008292833370657629,0.8185780418674297
2025-12-26,0.007043691002306718,0.008844518646537878,0.04329233122917491,0.018376553315776863,0.018965838288868584,0.08382012755998701,0.018458746387903353,0.008279038919401205,1.198342121455504
2025-12-29,-0.02023920720644446,-0.018578821208190485,0.0023467737532104458,-0.0015862341404231143,-0.0014823854586493135,0.09712468094775772,0.0194035567008062,0.009517101390028263,1.0553202189613016
2025-12-30,0.02304281072671189,0.009847294522574051,0.01164812216680527,0.019870480066756346,0.020943772048638547,0.32076327966907514,0.019306978178548772,0.010725203123602492,1.8751955568435759
2025-12-31,0.008111616742899367,0.010915220263166731,0.012575606261420794,0.02391111903527101,0.02796344916357365,0.3224189683010903,0.01782558390020148,0.01084350632735687,1.1206792287961527
2026-01-01,0.004282590561892195,0.035437018031503335,0.02224150182736568,0.022792980123028574,0.03054989437621475,0.4655504279671189,0.017507005790357605,0.010731323384698347,0.6539413456703216
2026-01-02,0.049771291183205446,0.06216549848799706,0.06496910200826442,0.06325893500204612,0.07843894985271739,0.579788728732676,0.01980046047737888,0.015171954385695607,2.1382898372198773
2026-01-05,0.0004782539864941581,0.05453213573159176,0.08568656320120281,0.054316322696296625,0.07438919176190818,0.6740982201277336,0.020602096634828943,0.015189627230814146,1.1296179379128104
2026-01-06,-0.0015551159791404108,0.04869442919055914,0.06108863649535069,0.04496097342215036,0.06785133016746148,0.6057388016406651,0.020180945943139184,0.014971368996234578,0.7053577642900107
2026-01-07,0.0015551159791403078,0.0004782539864941581,0.05453213573159176,0.039525844173831835,0.06462040163145151,0.6897198878082651,0.02026911121816944,0.014958926573375744,0.750185883604631
2026-01-08,-0.017970701121438157,-0.017970701121438157,0.03227884404826137,0.015510097980768618,0.042144912075019914,0.6286551940550698,0.021957960230865135,0.01577612346548651,0.6565480144305255
2026-01-09,0.0031591738362660026,-0.01325641130603176,-0.014333273298677942,0.01362484421059411,0.04165086919347687,0.6567478850968399,0.021594081543068737,0.01571976809569751,1.3811218256414282
2026-01-12,0.004478696061845413,-0.01033283122332663,-0.01033283122332663,0.010705243640165804,0.04259144978149722,0.5075133733182463,0.022524150007272745,0.015713436590418843,1.050087901882861
2026-01-13,-0.01680722802281983,-0.009169358124708295,-0.02558494326700615,-0.009573431247855564,0.022504612979425832,0.4000265913128899,0.024160436100898713,0.016356866615472435,0.8264928318156733
2026-01-14,-0.0015979340724014347,-0.013926466033375898,-0.028737993318548004,-0.013638488333922134,0.017498592148344146,0.31752065052279704,0.024761433675771122,0.015821394720569315,0.6759345344722398
2026-01-15,0.0,-0.018405162095221365,-0.010767292197109847,-0.015704679398980848,0.013755315617942276,0.2861330280142238,0.02310071326277156,0.015611356297721384,0.0
2026-01-16,-0.013250099784772307,-0.014848033857173749,-0.027176565818148216,-0.024645260193992942,-0.002809323034397154,-0.0021293507086792827,0.023604724949368775,0.015969652790352784,3.169573969172569
2026-01-19,-0.010022633834170333,-0.023272733618942713,-0.041677895714164,-0.029368255450893912,-0.014475113750344312,-0.10914951048539905,0.024526024471616958,0.015686356771334776,0.4833025763780451
2026-01-20,-0.023569513083668364,-0.046842246702611,-0.04844018077501255,-0.04502199786849323,-0.03737212501966103,-0.20290901049276827,0.025755537811901215,0.016394265002138905,0.6165038697576443
2026-01-21,-0.018869704958271963,-0.052461851876110674,-0.06571195166088298,-0.0540926905606294,-0.05412795330242694,-0.287896875705508,0.026771628067090953,0.01681763449260602,0.850013823590102
2026-01-22,0.017321472249405508,-0.02511774579253475,-0.04839047941147746,-0.031887159527973996,-0.03738602876524727,-0.42264908423756253,0.02391403274987337,0.017291893010838312,0.45358766603855255
2026-01-23,-0.028816586003025314,-0.03036481871189179,-0.06395696562973044,-0.05086839294219154,-0.06291832876167582,-0.5876338874358944,0.025799699850057776,0.0183260468208483,0.9522700056648455
2026-01-27,-0.0014628543344090065,-0.012957968088028871,-0.055397186129969155,-0.04300976366085621,-0.0633258355460185,-0.6316913566827358,0.026445856253203347,0.017817736031284583,2.239978762867703
2026-01-28,0.04870139007847954,0.018421949741045312,0.016873717032178673,0.007998553422486678,-0.0167694103332526,-0.647578926716412,0.02772394092142805,0.020385279339086168,0.61280167886191
2026-01-29,0.0036693220804965465,0.0509078578245669,0.039412744070947074,0.014438943549545648,-0.01313039340491729,-0.5489259490937082,0.027008961595717276,0.02031859479383493,0.7048089220894075
2026-01-30,-0.012454160033971226,0.03991655212500473,0.009637111787570499,0.0058653751145565465,-0.02451806040148342,-0.7226677552788101,0.027639731118338683,0.020475884220661277,0.8187723196999852
2026-02-02,-0.005256663097511723,-0.014041501050986508,0.033197034693083986,0.0037290474408120714,-0.026091034992769824,-0.718239404799767,0.02831797748092473,0.016654608917963526,0.6817651008557444
2026-02-03,0.008958301731068657,-0.00875252140041424,0.043618190758561874,0.01397790844729191,-0.014136673676059855,-0.5727357602331853,0.02843854681486942,0.01687080311723862,1.331994488516153
2026-02-04,-0.0001273670971341549,0.0035742715364228744,-0.005210566417051906,0.012658290012003985,-0.01112602826942494,-0.442858827330856,0.02919759540989286,0.016881100366960198,1.1829229187258032
2026-02-05,0.01918278784514058,0.028013722479075118,0.010302899347592308,0.027129071260185003,0.010356181738434488,-0.49715392100471206,0.03236606146420962,0.017583504988406735,1.4873972569523104
2026-02-06,-0.007150565671278147,0.011904855076728255,0.015606493710285402,0.01722477738001315,0.0048960395531249205,-0.2852342599380069,0.03238250493952106,0.01723696631958874,0.5415459218460528
2026-02-09,-0.006694852102647676,0.00533737007121478,0.014168304705149319,0.005736145883304811,0.00042478816826867194,-0.3051142028591929,0.03217453377275649,0.017231723524518218,0.8843091126346772
2026-02-10,-0.0071221157333847445,-0.020967533507310593,-0.0019121127593041815,-0.005458221478086701,-0.0038584228182227225,-0.3453010528545826,0.03156022011872035,0.01719068877927913,1.3391960034585504
2026-02-11,0.008153864988052817,-0.0056631028479794945,0.006369119325882867,0.002567892119051187,0.005856647261925003,-0.3376602414555967,0.031028363281408247,0.01702309995753638,0.7741850739395459
2026-02-12,-0.014018944781479236,-0.01298719552681119,-0.026832613300736895,-0.009757343832971766,-0.0059888750744331275,-0.42988598714722204,0.031132583628512293,0.01725112712815709,0.8681740284147703
