Date,ret_1,ret_3,ret_5,ma_dist_10,ma_dist_20,mfi_14,atr_14,rolling_vol_20,vol_change_5
2021-12-07,0.013072023958333664,0.0,0.03166488401057093,-0.0016854746933545126,-0.03743985782506556,-0.13670055171509504,0.0319109471566727,0.018294074156590533,0.9030538160800892
2021-12-08,0.021837691234621464,0.021837691234621464,0.025741441192687,0.02327391347958799,-0.011803170569735894,-0.022707179065579623,0.03131239838089035,0.018905184707973716,1.1772727487053545
2021-12-09,0.0038047326200166356,0.03871444781297168,0.025642423854637986,0.02837803107006068,-0.004599028416537519,-0.18216709460131142,0.02974684411815959,0.018804595005508597,0.9939421446296461
2021-12-10,0.031155185020699156,0.05679760887533705,0.05679760887533705,0.05474313016063532,0.02832628074718273,0.018764776658455135,0.02769500960334179,0.020248217612023875,1.2968052813549147
2021-12-13,-0.012345781303446896,0.022614136337268824,0.05752385153022383,0.034704429341549346,0.01763483375618314,0.19635334359590545,0.02777285603956494,0.020397427040031606,1.1147479170103212
2021-12-14,-0.0024875524050861023,0.01632185131216615,0.041964275166804135,0.024626835432561806,0.016970673538411325,0.05309885419871293,0.027753077714176375,0.020393864966501165,0.9478103110243541
2021-12-15,-0.01001255446875255,-0.024845888177285554,0.010114029463430015,0.01080746795794386,0.008563363095859445,0.07825011018349386,0.028212044541141162,0.02034372632853852,0.753076787659099
2021-12-16,-0.008844141351355644,-0.02134424822519432,-0.0025348445079421507,-0.00038059017439391927,0.0012706267626258424,0.11686000544875626,0.02737491468612928,0.020297124279940123,0.8502780870331333
2021-12-17,-0.036179603305029485,-0.055036299125137765,-0.06986963283367069,-0.03467545067719067,-0.02980784743763169,0.11584110639692127,0.028571424758615283,0.02074156714745362,1.1770477756851287
2021-12-20,-0.03344795099562555,-0.07847169565201073,-0.09097180252584931,-0.06345565000280329,-0.05793385029269442,0.11283414766166203,0.030709421440600505,0.01991122008872863,1.3182089192225332
2021-12-21,0.00542739781673784,-0.0642001564839172,-0.08305685230402543,-0.05462455293965989,-0.04829362983723439,0.14084446615710533,0.029769959397073227,0.01932834401084752,1.3241271485356332
2021-12-22,0.013441113671632593,-0.014579439507255215,-0.05960318416364038,-0.037151283148885286,-0.031674164420559786,0.14752738183913622,0.03013542371953756,0.019752299264998052,0.8037190164178196
2021-12-23,0.014579439507255156,0.03344795099562555,-0.036179603305029485,-0.019228281920262574,-0.014969829312596307,0.1557988396781839,0.02979323773932342,0.020055803887068326,0.7552318630910894
2021-12-24,-0.030730570010893174,-0.0027100168320055057,-0.030730570010893174,-0.03923871555841017,-0.04273281597313732,0.12799082672482456,0.032370617286547665,0.019533099457511534,1.1643216442552193
2021-12-27,0.010796278867004383,-0.005354851636633591,0.013513659851736744,-0.021153656550353367,-0.031901804561700976,0.00904120893823844,0.032502405410799046,0.019053790027020987,0.9092277864473958
2021-12-28,0.0013414310916513986,-0.018592860052237457,0.00942769312665021,-0.012443748734126354,-0.03060229613693134,-0.005479830594581188,0.03159709498927376,0.01897351954724516,0.8205307897804599
2021-12-29,-0.00402948235017022,0.00810822760848566,-0.008042902895152387,-0.009597376368286961,-0.032992708760090576,-0.11719657314853933,0.031243995114432967,0.017822101057173877,0.7953478060146344
2021-12-30,0.0,-0.002688051258518781,-0.022622342402407604,-0.0036207043948701637,-0.03129067999217867,-0.31265260119471494,0.029417429424684536,0.017780099678667238,1.4799994052129852
2021-12-31,0.004029482350170123,0.0,0.012137709958655773,0.0022840096291976736,-0.02585532394344295,-0.35240985492158444,0.02795864681751779,0.017824162814352586,0.7479803889251068
2022-01-03,0.01859286005223743,0.022622342402407725,0.019934291143888866,0.01767542495314262,-0.007573761696536496,-0.22372467518997483,0.027443618405742005,0.018153243438111498,0.896151548415153
2022-01-04,0.009168274000268055,0.031790616402675644,0.027761134052505382,0.023212299260817578,0.0017631328232884543,-0.09913617542907517,0.027100031723608354,0.018025832594440988,0.9704209958774281
2022-01-05,0.010376289265930032,0.03813742331843548,0.04216690566860566,0.030311073859658706,0.013005668721513675,0.03772130119486491,0.026635951920881085,0.017461871791367767,1.0332521570609854
2022-01-06,0.0012894321749007955,0.02083399544109868,0.043456337843506394,0.02945071836289615,0.015241633224263397,0.18770095298677292,0.025497058829765454,0.017436241557780962,1.1008458554891967
2022-01-07,0.002574098516345555,0.014239819957176192,0.042000954009681596,0.026520678665086513,0.020327886813642962,0.35418277125046416,0.023319865743179253,0.015762146698200242,1.0707842415863678
2022-01-10,0.03659713741230269,0.04046066810354904,0.060005231369746954,0.05614449933900388,0.05822188471494668,0.3772122868270543,0.023986546835934014,0.017792692350336137,1.5216054734366125
2022-01-11,-0.009962678125456549,0.029208557803191742,0.040874279244022274,0.0384715904752324,0.04800635325706369,0.38210478595420966,0.023869116899897885,0.017928433967866985,0.7902758707308836
2022-01-12,0.0012507249143782278,0.027885184201224617,0.03174871489247076,0.03212488838419386,0.048973974305437276,0.2840697524924735,0.02348214375502079,0.0177819256764073,0.5817391476742573
2022-01-13,0.004987519522653042,-0.0037244336884251906,0.03544680224022298,0.02918585496080537,0.05311413088631845,0.4482786549341279,0.02158848734637188,0.01767567418644144,0.8377540137776683
2022-01-14,-0.0012444985561839408,0.004993745880847413,0.031628205167693546,0.020460073330134044,0.048850611207437646,0.4760446916771397,0.02063689883674313,0.015385396308811378,0.6677292932139156
2022-01-17,-0.0075001047929536616,-0.0037570838264845046,-0.012469037037562821,0.008095092334736438,0.036815368347108676,0.3729585578643622,0.021240368614994724,0.01309582544865239,0.8770034840290132
2022-01-18,-0.019000011862239208,-0.027744615211376805,-0.021506370774345508,-0.012751009621280673,0.014464448277951835,0.34096544826878017,0.022926567898245844,0.014063847672059832,1.3240612316707356
2022-01-19,0.02275709568872372,-0.003743020966469077,0.0,0.0067958835711914144,0.03439359448548134,0.5468652200486719,0.023392859149887608,0.014578713309939983,1.2189953170397458
2022-01-20,0.0,0.003757083826484496,-0.004987519522653051,0.0037641194457515,0.03172556950725086,0.5544561047898878,0.023660719007994463,0.014347362539158436,1.0521629869012903
2022-01-21,-0.03045928271756995,-0.007702187028846241,-0.034202303684039086,-0.026104478075396863,-0.0017367331981584533,0.4032218788556065,0.025589108106472296,0.014314317811834466,1.1798634847264375
2022-01-24,-0.020833995441098648,-0.05129327815866862,-0.047536194332184076,-0.04052515815515945,-0.023261768170152526,0.24859451872360622,0.028007523106844047,0.01508513793693995,1.129075751860953
2022-01-25,0.036179603305029485,-0.015113674853639176,0.0076434208350845394,-0.003792682018133365,0.009997408268456702,0.2584182935698621,0.02873459708766382,0.017015006169398255,1.143937853585663
2022-01-27,0.04345817421417378,0.058803782078104674,0.028344499360534733,0.03743859559364675,0.04947721293213925,0.3448788911102696,0.030550263042711502,0.019194597612705262,1.9242555494479383
2022-01-28,-0.00731717381000995,0.07232060370919327,0.021027325550524608,0.028190263921500446,0.0369335940301654,0.4100428643621936,0.0321734758372215,0.0193661512368294,1.4867886041808311
2022-01-31,0.016990725186781595,0.0531317255909454,0.06847733345487622,0.042136955895386685,0.04904374112591471,0.4023085081052855,0.030170206815333018,0.019556798422703057,0.8008258106623892
2022-02-01,-0.006034944906815141,0.003638606469956398,0.08327638398915967,0.032113037160910164,0.03840601003040356,0.22009362317375178,0.03182291646864446,0.019457163387403054,0.9491445413471209
2022-02-02,0.03567544562392778,0.04663122590389413,0.08277222630805796,0.05979934534112713,0.07013367880661767,0.361953013207235,0.03271029725138586,0.02068033576446035,1.1225478394745239
2022-02-03,-0.004683829018311294,0.02495667169880126,0.03463022307557298,0.048099342606044586,0.060031042015162,0.3975610133002212,0.03303153620560511,0.020767022579853377,0.9201948600498743
2022-02-04,-0.026160710924590772,0.004830905681025803,0.015786685960992086,0.017281589629907407,0.029202110683633365,0.35219677760417656,0.035628243998123914,0.021883876717685612,0.7082144738441515
2022-02-07,0.004807680186548163,-0.026036859756353822,0.003603640960758741,0.014968995857822066,0.030583904279704276,0.4509524009871291,0.03708463677217178,0.021885334509503418,1.0913646719657775
2022-02-08,0.007168457788092618,-0.014184572949949932,0.016807043655666605,0.012414125408393943,0.03588605159636204,0.39368768220552425,0.03758505520827016,0.020485775532998806,0.9620129288005976
2022-02-09,-0.009569408660552317,0.0024067293140885644,-0.028437810628813388,-0.002517647978989369,0.023937032325059837,0.3900111751801035,0.03708793200232962,0.02047387002876066,0.5119554355710767
2022-02-10,-0.019418200189538038,-0.021819151061997652,-0.043172181800040184,-0.020878395722525485,0.003258062544596162,0.32165071175110654,0.03851542671363406,0.021029052406387947,0.5685891886071959
2022-02-11,-0.026072074138350894,-0.055059682988441126,-0.043083545013800274,-0.04355140848510503,-0.022019836706728937,0.3319261180299168,0.038903866268959586,0.021849182237654217,0.6754984404978344
2022-02-14,-0.06899293797724668,-0.11448321230513557,-0.11688416317759516,-0.09765290858639336,-0.08378092079211649,0.3127163595185425,0.04360801720023203,0.026678463528920317,1.315355093413512
2022-02-15,0.034440446980923085,-0.06062456513467445,-0.08961217398476483,-0.05939989275832703,-0.04997527361286569,0.3113961996425303,0.041759680737639214,0.028000341751519213,1.1529059031346147
2022-02-16,0.0038986766596347503,-0.030653814336688942,-0.07614408866457784,-0.045792070316054666,-0.04561488836043226,0.2667107366901982,0.03798407024226397,0.02772915927808511,1.1470944390542503
2022-02-17,-0.013055065592609051,0.02528405804794866,-0.06978095406764874,-0.047440272767058714,-0.055714138360457834,0.12280062825164606,0.03688755658694726,0.027286887721609532,0.730314044962283
2022-02-18,-0.007915573836181841,-0.017071962769156138,-0.05162445376547974,-0.04599444493254278,-0.06053629978139507,0.009678736054679718,0.03680227719627801,0.027306133204087212,0.7684561401092118
2022-02-21,-0.006644677765905598,-0.027615317194696433,0.010723806445861269,-0.042145712966612445,-0.06524596035642173,0.07377494439653376,0.03495238753922754,0.026549628417171022,0.7748960837322953
2022-02-22,-0.008032026695973938,-0.022592278298061336,-0.0317486672310357,-0.038013945837679745,-0.0717983745180115,-0.11887654602725575,0.03369815095206018,0.026216371439930025,0.8967747780990994
2022-02-23,0.004024077507915568,-0.01065262695396379,-0.03162326638275476,-0.02340179422190818,-0.06566609161882689,-0.20837223700453564,0.033180335689983305,0.024757536299148473,0.9918343217438511
2022-02-24,-0.15459692424461785,-0.1586048734326761,-0.1731651250347634,-0.14358354073440524,-0.1902321499396607,-0.30578846020848344,0.0477678344127459,0.04015615233737773,2.807491587895176
2022-02-25,0.08818254465078805,-0.06239030208591409,-0.07706700654779364,-0.05246033112826036,-0.10892981557613735,-0.20497268366392787,0.049969319465868946,0.04605838906294656,1.9397194863810283
2022-02-28,-0.0014315742501615227,-0.06784595384399131,-0.07185390303204958,-0.048138474714221044,-0.10259700514777516,-0.2014740204660123,0.0489152420238422,0.04571948686928996,0.8658076521112692
2022-03-02,0.012811447997402097,0.09956241839802867,-0.051010428338673516,-0.027777808401585787,-0.08401895074980363,-0.1704061936884898,0.04899977454497941,0.045971279667213594,0.5985903938590229
2022-03-03,-0.007097289372650922,0.004282584374589695,-0.06213179521924014,-0.02540612924808039,-0.08133226088840895,-0.07736797229579849,0.04955228207284083,0.04482397181881783,0.43898744276779617
2022-03-04,-0.014347385780006822,-0.008633227155255534,0.07811774324537103,-0.029997185989713116,-0.08483767145224977,-0.08807577649752546,0.04964904331516454,0.04481667717238228,0.6124197979188046
2022-03-07,-0.01162792646716023,-0.03307260161981796,-0.021692727872577332,-0.03157287633107587,-0.08659935918249292,-0.07629039571693241,0.04730575447843059,0.04466524903649657,0.9251356152685799
2022-03-08,0.020261153622415647,-0.00571415862475129,0.0,-0.004421562590538044,-0.059362511695063284,-0.06980718498686414,0.045231266660020315,0.04506085935545864,1.0615655061858034
2022-03-09,0.019858720628431255,0.028491947783686918,0.007047272631029065,0.020203443201613266,-0.032148457764662686,-0.06366153796124906,0.044743177636197964,0.0453872080895741,1.1394539121950307
2022-03-10,0.009783460764952191,0.04990333501579911,0.023928022768632273,0.03438352605833137,-0.015068494369652916,0.04444421350853361,0.04500298015880586,0.04556391677307626,1.087773270881341
2022-03-11,0.008310374111136812,0.03795255550452045,0.046585782659775955,0.030415066818977047,-0.0006202367281994744,0.0437252094438314,0.0447290590398581,0.045597581292882335,0.6842994354711385
2022-03-14,0.015058452779194367,0.03315228765528336,0.07327216190613037,0.040576882666420566,0.018685180964802293,0.12919770194352564,0.0450310591380411,0.0455679970600149,0.9052865607561026
2022-03-15,-0.021979035818096352,0.0013897910722347677,0.03103197246561819,0.014799077398491125,-0.0019407364562984944,0.11545946247048733,0.04662700100794015,0.04318106045966237,0.8821401181717411
2022-03-16,-0.0027815163521503106,-0.009702099391052384,0.008391735485036633,0.010413775565602093,-0.0012518556541998781,0.03426474512782562,0.04655790544389575,0.04234430506418803,0.9090505907747869
2022-03-17,0.002781516352150355,-0.021979035818096352,0.0013897910722347677,0.010668076333532424,0.0050952091677423615,0.26651101661943516,0.03630954142164378,0.042334953378859966,0.8287854611934646
2022-03-21,-0.008368213202251638,-0.008368213202251638,-0.015288796241153705,-0.0008396786275855797,-2.8790734174374018e-08,0.05028973367210824,0.02841138662666524,0.04229177270204362,0.6393779500719865
2022-03-22,-0.0028050386349353367,-0.008391735485036628,-0.03315228765528335,-0.007527205581634605,0.0002107031834384765,0.11476652801461029,0.02808990022805011,0.04227713868062425,1.090618428667091
2022-03-23,0.0028050386349353293,-0.008368213202251638,-0.008368213202251638,-0.006954129483265225,0.0055629553082171945,0.08850882158170861,0.027210901722655747,0.042286265838275376,1.111078493510413
2022-03-24,-0.004210571895830106,-0.004210571895830106,-0.009797268745931427,-0.010989071320258824,0.003670174400330778,-0.021496643897654055,0.02591924535956473,0.042268390809251495,0.7435160260821501
2022-03-25,-0.004228259663664735,-0.00563379292455949,-0.016807044761746357,-0.013652813850443401,0.002194073813084802,0.016365266773723165,0.025423737544587047,0.042244003327275625,0.8184792288155566
2022-03-28,0.007037353434150096,-0.0014014781253447876,-0.0014014781253447876,-0.0050236781100728685,0.004083963047952243,0.031773115691326695,0.024644361514887476,0.022497126693099518,1.2407745720074157
2022-03-29,-0.019830706887860233,-0.017021613117374906,-0.018427146378269747,-0.019497803649040916,-0.015631598846965782,-0.1354686058009132,0.025035769256523226,0.012175757534940636,1.1815582080698832
2022-03-30,0.0028571322150903133,-0.009936221238619914,-0.018375052798114643,-0.014064693623914194,-0.013023589549373625,-0.32255031878688356,0.024251071589554966,0.012186978618153188,1.1546212904224438
2022-03-31,0.0,-0.016973574672769894,-0.014164480902284558,-0.011701666939904421,-0.012606529730697065,-0.5201455098880379,0.02251885130412186,0.011821214433900874,0.8229332049888649
2022-04-01,0.03641854629009235,0.03927567850518269,0.026482325051472463,0.023943626363797602,0.0222159184343182,-0.34920066672110406,0.022892511793701192,0.01427811377214696,1.1681458966154812
2022-04-04,0.015017449289336703,0.051435995579429086,0.03446242090665918,0.03593492932684397,0.034337818881777615,-0.34476954148872835,0.022067352255034273,0.01404359960725875,1.182651082981458
2022-04-05,0.0013540346834810134,0.05279003026291022,0.055647162478000535,0.03342189577092499,0.031762641926173035,-0.19230351254996123,0.021070935498407564,0.013614775381765405,0.8824656909276751
2022-04-06,0.017438272351642182,0.033809756324460066,0.07022830261455236,0.04604243741467911,0.04596968083503078,-0.0326586210214343,0.021656535161862608,0.013449501578680176,0.9652206471555587
2022-04-07,-0.003997158680009776,0.014795148355113474,0.06623114393454266,0.0363913608210811,0.03912324684747468,0.010449234397026004,0.023078388001013146,0.012993546946410752,1.2012649085378662
2022-04-08,0.007978730398160537,0.021419844069792988,0.03779132804261088,0.0379433739295259,0.04483809800877581,0.007887672789987903,0.02261115838539503,0.012946727146468107,0.6125536274313107
2022-04-11,-0.007978730398160574,-0.003997158680009776,0.014795148355113474,0.02462385218894613,0.03481629900050122,0.03430025977490572,0.022220098318680857,0.01306995531441528,0.7055067010090424
2022-04-12,-0.01886851148837037,-0.01886851148837037,-0.005427397816737832,0.0005445340126234044,0.015544066880920488,-0.11053189021018539,0.023323608647082043,0.013431803641041974,0.9661141175515767
2022-04-13,-0.002724785268978345,-0.029572027155509183,-0.02559045543735841,-0.0065057994977750925,0.011871926894929058,-0.10356323482719447,0.023484699998950698,0.012431457772231942,0.6261618291539511
2022-04-18,-0.012354311205294163,-0.033947607962642776,-0.033947607962642776,-0.02175379343833174,-0.0009658843186739228,-0.10431292479935209,0.02446724783601419,0.012760387042568315,0.986298802255212
2022-04-19,-0.013908483173785242,-0.02898757964805768,-0.055834821534588554,-0.03356797815299222,-0.014356730984806151,-0.07748617436912142,0.025510204650317593,0.013137716696186482,1.048178321994505
2022-04-20,0.0,-0.0262627943790793,-0.04785609113642801,-0.030418273452371702,-0.014356730984806151,-0.04095222881260028,0.02440975831211654,0.013003778311680807,0.8403586351423893
2022-04-21,0.006978422130016866,-0.006930061043768371,-0.02200915751804083,-0.020969496212197465,-0.00793376656335972,0.07986161532288705,0.02404132378531693,0.013076517896519145,0.755755360886556
2022-04-22,-0.0154172536895117,-0.008438831559494842,-0.034701625938574086,-0.03013698839984636,-0.022706869112384342,0.08885810020307033,0.025221952435629014,0.013533505529780714,1.0842978764603652
2022-04-25,-0.014224927703871798,-0.02266375926336662,-0.03657224243715185,-0.037108510507417564,-0.035645139623170945,-0.0899817314359457,0.023843631264969627,0.013862319253743274,1.3508757692833298
2022-04-26,0.019858720628431255,-0.009783460764952127,-0.0028050386349353367,-0.011934526201719715,-0.016574603455541438,-0.17255331162936755,0.023274478301987613,0.014587383945402717,0.827918674080083
2022-04-27,-0.00563379292455949,0.0,-0.008438831559494842,-0.01186322330083887,-0.02176165021367377,-0.32464380928466796,0.022901537294636683,0.014553656947507479,0.8870430312548396
2022-04-28,-0.0014134797064696072,0.012811447997402097,-0.01683073339598123,-0.009387742950770923,-0.023682979119858553,-0.5076436893775977,0.021519502523141377,0.013820487862552001,0.957771331162219
2022-04-29,-0.007097289372650922,-0.014144562003680049,-0.008510769079120607,-0.012102511132868721,-0.030654579152872497,-0.7892020819389879,0.020858771856334935,0.013912685621775545,0.9338185348765455
2022-05-02,-0.0014254521594993046,-0.009936221238619914,0.004288706465251871,-0.010306362703730696,-0.03203535033089041,-0.7839568567239581,0.020990421090191027,0.013916720561496504,0.8736186780209837
2022-05-04,-0.020173684707043803,-0.028696426239194134,-0.03574369887022326,-0.026360620841716358,-0.04874004575795492,-0.7863568582013528,0.0227698109089093,0.011698763143941335,1.3445140925386607
2022-05-05,-0.002915441379674257,-0.024514578246217465,-0.033025347325337975,-0.02518861770761229,-0.04801618746393741,-0.7780084707986086,0.02221063296012719,0.010920214188754529,0.9791944439261527
2022-05-06,-0.011747453556385193,-0.03483657964310335,-0.043359321175253616,-0.030780196695760674,-0.055063120463753834,-0.7844034792337342,0.02310611400232753,0.010992146204783204,1.252885505532348
2022-05-09,-0.010393514210483913,-0.025056409146543432,-0.046655546013086586,-0.035554830678103444,-0.059451041172450335,-0.7846990215180111,0.02292108084067039,0.009779245350887058,1.0578588343359807
2022-05-10,-0.005988076672234096,-0.028129044439103277,-0.0512181705258214,-0.03687630096202512,-0.059587648214401955,-0.782198815504471,0.021879004743814545,0.009770347001683168,0.916168188157287
2022-05-11,-0.006024149851871079,-0.022405740734589157,-0.03706863567064862,-0.03568825493120887,-0.059057630429927385,-0.7871449856258207,0.023305979571210583,0.009211255333202101,1.1322673352962083
2022-05-12,-0.14612651765312568,-0.1581387441772309,-0.18027971194410009,-0.14994793248417276,-0.17662295889644847,-0.9179780258264941,0.03746250449836028,0.03255050549776536,3.014259286026913
2022-05-13,0.02418076189116486,-0.12796990561383187,-0.14435149649654994,-0.11319610705826809,-0.14732628592307215,-0.9213550522110705,0.038152089531762946,0.03358242617692255,0.8679989670026026
2022-05-16,0.0084961904346997,-0.1134495653272611,-0.12546179185136627,-0.0903494117504194,-0.13107404337192963,-0.8168337476756691,0.037829311332461764,0.033826558308262505,0.46953040294015347
2022-05-17,0.013445728085852905,0.04612268041171744,-0.10602798709327921,-0.06333062100003267,-0.11114397534469099,-0.8000083127032542,0.03708558413773641,0.03425209401711218,0.4407126113755673
2022-05-18,-0.00838237904967279,0.01355953947087994,-0.1083862162910809,-0.05744208185806477,-0.11064528635001647,-0.7065020046890266,0.037518003782061896,0.03423674581169804,0.43411608037256766
2022-05-19,-0.016978260683366896,-0.011914911647186702,0.020762040678677735,-0.058216363247165524,-0.11702441214634404,-0.7054716058003927,0.03926121168840829,0.03420709582427998,0.7872312748283918
2022-05-20,0.025360639733039664,0.0,0.021941918520552633,-0.021721308423593613,-0.08605421682013907,-0.6281706627898461,0.03839728837663925,0.03492804654708702,0.8056120742428006
2022-05-23,0.021470588171425324,0.02985296722109803,0.034916316257278236,0.009068405340327183,-0.05932983672350297,-0.5122746779416778,0.03851537368559289,0.035547025720928827,1.3020984507822564
2022-05-24,-0.009852320387780352,0.036978907516684645,0.011618267783644873,0.009158993378520717,-0.061919511185563,-0.3576008487242055,0.03783589749482101,0.035515532126832054,1.5297974657249969
2022-05-25,-0.01663931399538316,-0.005021046211738241,0.003361332837934503,0.003535912305941216,-0.06904092792098752,-0.3669096479403325,0.03883027150954855,0.03499303678148948,1.0428641172315107
2022-05-26,0.014987861201529807,-0.01150377318163382,0.035327454722831164,0.013060982425821748,-0.04731904840066034,-0.36922969357193497,0.03990553998791686,0.03539558650035593,1.051176577625791
2022-05-27,0.006589780220450801,0.004938327426597306,0.01655659521024222,0.015846536723230158,-0.0335634093996632,-0.2774958336312707,0.03940885823848748,0.03551734320804192,0.7057384210638857
2022-05-30,0.03865211540046246,0.060229756822442936,0.03373812243927952,0.048533993846277886,0.010052641746836975,-0.17613542094355963,0.03904308964664256,0.03698488540375465,0.8684930222983134
2022-05-31,-0.009523904818568948,0.03571799080234439,0.034066538008490986,0.03380043923775283,0.006420507395679694,-0.08859794505329674,0.038163581711846896,0.03698602714932454,0.6428562740256887
2022-06-01,0.0015936188396200007,0.030721829421513587,0.05229947084349407,0.029676938545475366,0.012821496405170506,0.23273724863519477,0.028662415256751648,0.03685395654944011,0.6324330686065817
2022-06-02,0.018928056121466454,0.010997770142517327,0.05623966576343072,0.03980503367976623,0.03593394932165984,0.4412417276774778,0.02700892626084007,0.037224867432148895,1.051800305518905
2022-06-03,-0.01416238090238683,0.006359294058699485,0.03548750464059301,0.019880339749596843,0.025182703190330714,0.3430253207354116,0.027733758874460224,0.03725728015132742,0.7048609424488844
2022-06-06,-0.0031745265975046738,0.001591148621574989,-0.006339137357374104,0.013862049377828986,0.02534844732751692,0.24015228662235033,0.027594817122064075,0.03722211927638205,0.8448212205393384
2022-06-07,-0.0063796442992399005,-0.02371655179913145,-0.0031948768380450684,0.004338730801428856,0.022244002054407463,0.1398983146351422,0.02765713666296957,0.03722378952528146,0.768101471457462
2022-06-08,-0.0032051168002110776,-0.012759287696955725,-0.007993612477876093,-0.003199999010652682,0.022233146756885532,0.26190712593130117,0.027058010013908663,0.0372177774862595,1.0305930933125196
2022-06-09,-0.0016064189397844715,-0.011191180039235485,-0.028528087539127073,-0.007499587654671508,0.0164229047309559,0.16837276175615515,0.02629765458305633,0.015895922487818036,0.9189786220919471
2022-06-10,-0.0064516066174838465,-0.011263142357479427,-0.020817313254224014,-0.015296325778541677,0.007252894059898792,0.027665899411304765,0.02531205931600815,0.015334217159836332,0.9502989321405321
2022-06-13,-0.026230961977980593,-0.03428898753524882,-0.04387374863469993,-0.03602874266644279,-0.019703567238052118,-0.1922636420742691,0.02645940777024689,0.0165558786402565,1.1902884659128887
2022-06-14,-0.0066667299593119725,-0.03934929855477638,-0.044160834294771946,-0.037966502001905725,-0.02613790766265233,-0.14394680779809874,0.025441941731851256,0.01636486587195353,1.09700910176119
2022-06-15,0.0016709053406811698,-0.03122678659661133,-0.03928481215387961,-0.031840875099767706,-0.024906313613766228,-0.05230764328846561,0.022537551765346164,0.016250541519017527,0.6570516955196753
2022-06-16,-0.030510913207648396,-0.03550673782627922,-0.06818930642174358,-0.051892940965229624,-0.05397702595029092,-0.23695509000909623,0.02495696324403191,0.01726323036578442,1.2897364744772015
2022-06-17,0.0,-0.028840007866967214,-0.06173769980425978,-0.04409345140383508,-0.05258864807500756,-0.46807949792363135,0.023604617245266697,0.016179879899229924,1.2359063482037398
2022-06-20,-0.020870300961988643,-0.05138121416963704,-0.0563770387882678,-0.0545031394971433,-0.0688921248828694,-0.6349073792581831,0.025734369018076464,0.01577763506952466,1.2005901628250046
2022-06-21,0.0446809138580727,0.023810612896084035,-0.00502939497088317,-0.006346065721991231,-0.025468857774340586,-0.4750864435973722,0.02713084788523583,0.019025811005451393,1.0886660486760846
2022-06-22,0.006505766024248468,0.030316378920332628,-0.00019453428731585576,0.004183801307246402,-0.019339694903126068,-0.5058396610244554,0.026026975923123707,0.018720549026472116,0.9916884397215892
2022-06-23,-0.001707951615797418,0.04947872826652381,0.02860842730453519,0.006544091800087571,-0.020440676272133772,-0.509667410912601,0.026477166588046584,0.018397828851034904,0.8613502309843171
2022-06-24,0.010204225327497844,0.015002039735948955,0.038812652632033026,0.019271220958027125,-0.009987812525265621,-0.3762542990265149,0.026118708794186613,0.018489627129498747,0.8310911976455027
2022-06-27,0.0,0.008496273711700529,0.05968295359402163,0.01892844730372344,-0.007628705393060077,-0.26508635469582953,0.025905591778856252,0.01605068915777026,0.7535422521308767
2022-06-28,0.006745356679119462,0.01694958200661742,0.021747396415068447,0.024083039406158253,0.0006429942232408481,-0.2767835954214894,0.025164770343245952,0.01607996896211452,0.9432090036797991
2022-06-29,0.0,0.006745356679119462,0.015241630390819997,0.022519186160887883,0.002285612342687469,-0.27938584801895017,0.02543069278681306,0.016067609702419154,0.9494238492869681
2022-06-30,-0.0255333031708766,-0.01878794649175699,-0.008583721164259149,-0.005224379706336211,-0.019162796135069764,-0.2922930544580171,0.027466909097095527,0.01615179038534797,1.1856834349619638
2022-07-01,0.01539809447767895,-0.01013520869319777,-0.003389852014078208,0.006672533320605293,-0.0015430876839695469,-0.15858528782802025,0.026735577545165756,0.016505614271149972,0.9744290146533868
2022-07-04,0.018503503437904415,0.008368294744706684,0.015113651423826088,0.017949888652005162,0.018439116370338904,-0.016891528315419607,0.026511691447429986,0.01714834543135957,1.0122124421372842
2022-07-05,-0.010050390033588588,0.023851207881994484,-0.0016820952888820639,0.005756840848398128,0.009759068134004654,-0.03412878747430867,0.027519094824071187,0.017225352255527328,0.8665523488307625
2022-07-06,0.008382323978253125,0.01683543738256894,0.006700228689371063,0.011995293423856423,0.019176803813782492,0.10334755175684165,0.02533145894633658,0.017357795043386432,0.8260279538724963
2022-07-07,0.03445786724998534,0.0327898011946499,0.06669139911023296,0.04131676839991062,0.053887149523952425,0.3036438275599494,0.02531956610691428,0.019067122460579965,1.638313454622824
2022-07-08,-0.011354537974841006,0.03148565325339743,0.039938766657713225,0.02576975669981616,0.04125436192926688,0.46811280603689964,0.024508641552904328,0.01919804259455115,1.0009007495347237
2022-07-11,0.01296608576087592,0.036069415036020194,0.03440134898068469,0.03396598960207617,0.05198859528487005,0.4643133683425759,0.022199228163432883,0.018285119053929814,0.974200188602272
2022-07-12,-0.008084162568511584,-0.006472614782476722,0.036367576445761766,0.022067282596533122,0.04079751896889731,0.3307791953972611,0.02249537574833091,0.018325795662487532,0.7381301405309962
2022-07-13,0.0,0.004881923192364251,0.02798525246750856,0.0185184458439207,0.03817635725096781,0.3574132158662917,0.021335820929416167,0.018333918036872003,0.6943157023123556
2022-07-14,-0.013072021416758632,-0.021156183985270183,-0.01954463619923535,0.0006583181708725957,0.021294263483381367,0.22751602958502035,0.0223214383866292,0.017051850539411762,0.920420721444886
2022-07-15,-0.0032949801870920765,-0.01636700160385076,-0.011485078411486372,-0.0054161334199468395,0.01473879202825941,0.12366721929611828,0.02251297538082244,0.017101851923769375,0.7693733117955256
2022-07-18,0.034066674944200785,0.017699673340350018,0.009615510771838495,0.02450984497259454,0.0437649063343824,0.13652007700509075,0.023581696651584223,0.017441844189193246,1.3505921226884279
2022-07-19,0.00794289615232868,0.03871459090943734,0.025642569492678662,0.026307319926487646,0.04774542641869951,0.29122994556118725,0.023508149831635572,0.014895882867723878,1.4047471549434662
2022-07-20,-0.006349325793520226,0.03566024530300916,0.01929324369915844,0.015031501776731482,0.03750203216324009,0.4476565379423988,0.02286171065692787,0.01506319009296276,1.0598076510111858
2022-07-21,0.014229566034459138,0.01582313639326738,0.04659483115037598,0.0267569919360034,0.04786975931187315,0.45937674353540703,0.022314435718131645,0.015196324666063918,1.092007037135694
2022-07-22,-0.0015711639250507894,0.006309076315888114,0.048318647412417384,0.021358592944599065,0.04236660335256498,0.46418794108025563,0.02212490000188673,0.015181920421209581,0.932107773053132
2022-07-25,-0.006309076315888072,0.006349325793520147,0.00794289615232868,0.013145316601962208,0.03234243836581455,0.4292800272952505,0.021812847786105625,0.01532702332579683,0.9913319109775497
2022-07-26,0.0,-0.007880240240938832,0.0,0.010553309445126715,0.02923221031647115,0.44070770159731526,0.021473784711054215,0.015322676373352655,0.9447727375712389
2022-07-27,0.014140012328042894,0.007830936012154729,0.020489338121563026,0.02086319854138198,0.03999352084997018,0.42109725528063563,0.019946515061950245,0.015501345997282204,1.060162722652652
2022-07-28,0.018547709934456424,0.032687722262499296,0.02480748202156044,0.03257435582020965,0.0532258540583836,0.48612918727964993,0.020892584202489187,0.014201911005573659,1.9215321363380788
2022-07-29,-0.040630618414827874,-0.007942896152328596,-0.014251972468216615,-0.011820337534320397,0.008200690561896302,0.23128765721880667,0.02335384606619644,0.017401136485200575,1.5056377042143987
2022-08-01,0.06334166258281793,0.04125875410244646,0.05539876643048929,0.046038229474438724,0.06828726949213139,0.42263743083474736,0.0258768202616599,0.021815162788885314,1.6409191893962534
2022-08-02,0.02366969301993488,0.04638073718792486,0.07906845945042415,0.06244172600756157,0.086059058743365,0.5570676664238092,0.027882205196588815,0.021863816806257905,1.240494379535739
2022-08-03,-0.005865032961355362,0.08114632264139746,0.05906341416102602,0.04776584567671458,0.07280910647368347,0.49328369949984535,0.028571421977882358,0.022049571953763156,0.597995966457787
2022-08-04,-0.0178046600585795,0.0,0.022711044167989955,0.02438277718251775,0.04990181000512458,0.4097238002143683,0.030581689721579125,0.021635051626147518,0.7263839375826834
2022-08-05,0.004480927445061283,-0.019188765574873597,0.0678225900278793,0.023489905602611084,0.04983181262621981,0.4230353450391277,0.029167548773940146,0.021341787225812075,0.6512340561243529
2022-08-08,-0.005979123414702019,-0.019302856028220294,-0.001498195969640673,0.01198599005578661,0.03983160195265272,0.3341644939189945,0.029021200389325513,0.021367613059849102,0.5426986703310676
2022-08-10,-0.01055020751397369,-0.012048403483614323,-0.03571809650354924,-0.0028705640169092712,0.02540197566084944,0.2464677414904574,0.029437224368500624,0.021445394671733866,0.7781578423006474
2022-08-11,0.01204840348361427,-0.004480927445061378,-0.0178046600585795,0.005115880639697551,0.03365573802871726,0.2481848870908266,0.02908468218968937,0.02151251099431019,0.8346246490907046
2022-08-12,-0.0029985794952696637,-0.0015003835256288808,-0.0029985794952696637,0.00015012517781677877,0.02595697475280818,0.17998295703707726,0.028635775263499554,0.02120622793416793,0.6507961822449159
2022-08-16,0.0074795069403309905,0.01652933092867576,0.0,0.00104430214361016,0.028510106649041612,0.26224667252892303,0.028209490093554314,0.021133022440092308,0.9228537550510894
2022-08-17,0.026472158232162785,0.03095308567722413,0.03245128164686478,0.024687705307266546,0.05110604032920958,0.29719568045873046,0.02913123861408752,0.020647697806785784,1.7536246216529294
2022-08-18,-0.008746458631274927,0.025205206541218786,0.03425503052956346,0.015915486022502198,0.03791502100499191,0.304679519379103,0.029491738218159935,0.02084665457400287,1.077709446466833
2022-08-19,-0.023704823015589863,-0.005979123414702019,-0.001498195969640673,-0.005961278069038961,0.010606020229582128,0.1498059418047643,0.029449558704858627,0.021640981083284907,1.1343725268895621
2022-08-22,-0.02889932247838161,-0.061350604125246525,-0.027398938952752746,-0.03139012983718655,-0.018999329799540256,0.20855348778663996,0.029541443125057344,0.022592319989328587,0.8986832969560434
2022-08-23,0.019863128002553868,-0.03274101749141755,-0.015015317890529746,-0.010479050408639995,-0.0012088522076928055,0.12270349008696656,0.02582666119352643,0.022976248278495186,0.8697008530468813
2022-08-24,0.015015317890529744,0.0059791234147020715,-0.026472158232162812,0.003889895282198457,0.01092278244119237,0.013945281685021342,0.02331274422504121,0.023068494933267205,0.8099360440864349
2022-08-25,0.04942869781571983,0.08430714370880359,0.031702998214832134,0.04770400422903094,0.05633805767067152,0.34456683355157736,0.02512663959829006,0.025273256659351807,2.635297153422386
2022-08-26,0.012685227138596954,0.07712924284484653,0.06809304836901882,0.053874639201868996,0.0640042685300897,0.5414511765026228,0.02490995753268571,0.025249058120082338,1.2835770782211964
2022-08-29,-0.01268522713859684,0.04942869781571983,0.08430714370880359,0.034634597048674144,0.04653754323213312,0.3987022823404615,0.026545080008313,0.025358238461366013,0.6679020469191935
2022-08-30,0.016877903130560486,0.016877903130560486,0.0813219188368103,0.04518939632063247,0.05728809830729262,0.49863538002525104,0.027196642210616545,0.0232217975145589,0.6454165919089203
2022-09-01,-0.0013955689477063446,0.0027971070442572663,0.06491103199857419,0.039639904927285724,0.05209022133575285,0.4423693505903833,0.02813247028254498,0.019048880202018673,0.6864408584578939
2022-09-02,-0.015482334182854272,0.0,0.0,0.02040819178442645,0.03433101460770092,0.3466525812098024,0.029179323464615353,0.018874690283736766,0.6361820218520907
2022-09-05,0.012685227138596954,-0.004192675991963675,0.0,0.026452068337134486,0.044929118850409365,0.42434354441792893,0.029611841401030507,0.018948739217073754,1.0152376875878661
2022-09-06,0.04115796162554395,0.03836085458128678,0.053843188764140945,0.05501982333787164,0.08281180179928743,0.5019326239821211,0.031298002924791374,0.0201801129602793,2.0833090417751734
2022-09-07,0.010695346638931317,0.06453853540307233,0.04766063227251182,0.052778968926176624,0.08804171348981917,0.511472273278649,0.030965051097667975,0.020213232880049486,1.0154372444166155
2022-09-08,0.01975037223956358,0.07160368050403919,0.06880657345978183,0.05953853046679623,0.10177397334661414,0.534943722456116,0.03082510834266228,0.020249647017167777,1.0292774301608814
2022-09-09,0.016807209228732734,0.04725292810722788,0.10109611687136881,0.06644792454540874,0.11087377229406808,0.6466453418114105,0.03067765917149143,0.01992419279229917,1.126460800093903
2022-09-12,0.027814634678352056,0.06437221614664855,0.11622552441112394,0.08349092025625254,0.13141000104406805,0.7323424226052816,0.030370501113882346,0.020384689114200636,0.9597238780797381
2022-09-13,-0.013810715434724744,0.030811128472360026,0.06125684735085508,0.05635674463691533,0.10613889345516285,0.7504547425458938,0.03151526470563705,0.02086137528856691,1.1468816448252062
2022-09-14,0.013810715434724778,0.027814634678352056,0.06437221614664855,0.059025463868212794,0.11134203979759076,0.5896810812772807,0.03295333779937839,0.020891485577176162,1.0532071211493796
2022-09-15,0.008690455519240501,0.008690455519240501,0.0533122994263253,0.05530927668802886,0.11179838735956014,0.5623391078609703,0.02966626186846837,0.020479368999788906,0.8131615019709542
2022-09-16,-0.019975801774322788,0.0025253691796424983,0.01652928842326968,0.022697970438006525,0.08163405675241979,0.39341756355883717,0.031075483806413187,0.021107755561044838,0.9788155259408771
2022-09-19,0.018738837137384844,0.007453490882302603,0.007453490882302603,0.029561687648306263,0.0915968753451975,0.5170835200094297,0.03129419432734714,0.01990841837197637,1.2780747286895726
2022-09-20,0.006169084096243365,0.00493211945930549,0.027433290413270712,0.02690417363690834,0.08624494846307705,0.5509317951772593,0.03189246142442863,0.01776963754550708,1.2337097563587998
2022-09-21,-0.0123764621519308,0.012531459081697338,0.0012461128266150496,0.007781105869193902,0.06280190304421408,0.5280057805150773,0.032734383726771094,0.018406846742806914,0.7101920911230621
2022-09-22,0.008679481147717728,0.0024721030920302235,0.0012351384550924164,0.011109653483479367,0.06229500073569754,0.6082778601516992,0.03298059469648389,0.0183655721308131,1.093781079549345
2022-09-23,-0.05977602566291759,-0.06347300666713071,-0.03856508543350248,-0.045534043532018294,-0.003135506098776155,0.4762576347430115,0.038569536856916053,0.021762143916256083,0.9618197878793027
2022-09-26,-0.058007022409736826,-0.10910356692493665,-0.11531094498062414,-0.08998996702363997,-0.05968402937363413,0.32556997036166735,0.041865086844317195,0.025660898360694684,0.9583612714723421
2022-09-27,0.019257921043179284,-0.09852512702947509,-0.10222210803368807,-0.06556332952197635,-0.04321186939378977,0.3199146273530465,0.04087193887730792,0.02579612010548936,0.6887020399982018
2022-09-28,-0.05172367211107119,-0.09047277347762872,-0.14156931799282846,-0.1006452042098814,-0.09025651186269794,0.17327456233071573,0.045603621695518175,0.028167790099397814,1.2588653803101675
2022-09-29,0.0014338150431387042,-0.031031936024753078,-0.14881498409740748,-0.08626776324977656,-0.08787970419485906,-0.01003116725826004,0.04604994338564862,0.028174994468817674,1.541965203923958
2022-09-30,0.04619426616022846,-0.004095590907703936,-0.042844692274261374,-0.035238230125151454,-0.046376630834063015,0.011427786596950113,0.0451436438630374,0.029862683966503236,1.1308000816766022
2022-10-03,-0.03055798708579685,0.017070094117570444,-0.015395656950321393,-0.051885584629149245,-0.07477494375473906,-0.10585891751134924,0.04664518812461236,0.03059050661349714,0.6275756453933323
2022-10-04,0.027818244548574032,0.04345452362300587,-0.006835333444926689,-0.014065469105228486,-0.047743468104493675,0.0008702905954910988,0.044385669790054504,0.0297723005518109,0.5057761013413351
2022-10-06,0.005471999389455129,0.0027322568522323435,0.050360338055599835,0.0008192398717316985,-0.041328785492732056,-0.028376499488753523,0.04355876787477359,0.029686925478170978,0.427631460051483
2022-10-07,0.0,0.03329024393802913,0.04892652301246097,0.01145302119921684,-0.03919254446804815,0.009465116117739711,0.041804735783072505,0.029276210739997872,0.616190492653714
2022-10-10,-0.0027322568522324896,0.0027397425372227137,0.0,0.013167017324642516,-0.0387270719470341,-0.05872837932414953,0.04035570615782677,0.02893016388038991,0.9349687043062533
2022-10-11,-0.023530400448277883,-0.026262657300510292,0.007027586637518872,-0.009571286682362585,-0.05561793106581369,-0.2235358431390314,0.040716313933619006,0.028300283030016703,1.089414712673587
2022-10-12,0.016666918380186725,-0.009595738920323532,-0.004123739530868309,0.00819326122495947,-0.03560047237103598,-0.1186844937564311,0.03896108038988623,0.02866507894599453,1.127409306437801
2022-10-13,-0.011080394223854696,-0.01794387629194571,-0.02067613314417824,-0.0058155614270242375,-0.040876301986135004,-0.2836384170827222,0.03869880186231377,0.028376855990471284,0.9381628240637953
2022-10-14,-0.0013938481643684666,0.004192675991963668,-0.022069981308546684,-0.009805372909633321,-0.03629042629639051,-0.15918056529961688,0.035664515776800715,0.028199883884538104,0.807471857207089
2022-10-17,0.02886814046182393,0.016393898073600748,0.009530416005509794,0.018211974378926517,-0.0043844387418895524,-0.0026232370834382832,0.03348821021418198,0.029031875514480693,1.2423816514104524
2022-10-18,0.051496379704411566,0.0789706720018671,0.08455719615819915,0.062055674364189635,0.05042575054561665,0.07628058356196377,0.033921684490158574,0.03120111799834892,2.0469857001835137
2022-10-19,0.012787967784032185,0.0931524879502677,0.08067824556204452,0.06726333914418416,0.06581796426891404,0.33073014710489756,0.03222000124482626,0.031326685983978704,1.7513548100048633
2022-10-20,0.028805954443225475,0.09309030193166927,0.12056459422912479,0.08710234446539791,0.0964466333923777,0.6367442669457722,0.03245150058435576,0.031930455192339245,1.5621330795324155
2022-10-21,0.006153899090691793,0.0477478213179493,0.1281123414841848,0.08190626330076266,0.10284164538427912,0.6538486042269014,0.031375987767189056,0.0319011100565674,1.1976468938568046
2022-10-24,0.008552230173060824,0.04351208370697811,0.10779643119542189,0.07817412537526339,0.1078912896754726,0.7612754555998174,0.030152934160649673,0.028617639926632497,0.19128114287227024
2022-10-25,0.05214451328020375,0.06685064254395644,0.10844456477121402,0.11368308408739214,0.1558224089886987,0.8015316778041666,0.032415038187940455,0.02664340758336564,1.6126423565949202
2022-10-27,-0.006952370447676539,0.05374437300558815,0.08870422653950534,0.08723146034939727,0.13824375117280505,0.8180628556132828,0.03347174908855368,0.02676860045233434,0.9299459113197581
2022-10-28,0.0023228004507788464,0.04751494328330611,0.0622210725470588,0.0702756617104396,0.12856768281498118,0.8860828058433589,0.035548541737921546,0.022875388900253125,1.1483162337958777
2022-10-31,-0.010495591645198508,-0.01512516164209617,0.04557158181116857,0.041514177812632364,0.10556685437912057,0.7328834576483871,0.037765844493689214,0.023279576503500956,0.8497599883249549
2022-11-01,-0.061651074876193056,-0.06982386607061272,-0.024631723238085507,-0.02834988864726532,0.03470518979389956,0.5646666511906017,0.04462056466599789,0.02670007330322522,1.192658749689471
2022-11-02,-0.021424802415069017,-0.09357146893646061,-0.09820103893335834,-0.04986678900247235,0.007831630622447072,0.47336064101265635,0.04604181450542563,0.02613868381064948,0.6394859439229655
2022-11-03,0.05091102806779669,-0.0321648492234655,-0.04033764041788516,-0.004939122773831717,0.053907540723406346,0.5457727158472886,0.04669660123289381,0.027661153973331905,1.0101754966938958
2022-11-04,0.012033807405733123,0.04152003305846075,-0.03062663346293096,0.00396301393125175,0.05970339580991998,0.5591385207889963,0.04579627050734164,0.02769038917285586,0.6667032204526392
2022-11-07,0.001195367717868158,0.06414020319139788,-0.018935674099864196,0.0025151884961275126,0.05402334494488088,0.5826415472715718,0.045997572140815825,0.02767673906074096,1.1272394670978736
2022-11-09,0.07145907336686304,0.0846882484904644,0.11417447414319193,0.06693569201744091,0.12024925942569581,0.6423500916756961,0.045924017172281714,0.03111387773129453,2.3408883731424
2022-11-10,-0.020225426922366514,0.05242901416236472,0.11537384963589448,0.04371518680425735,0.08651417315170407,0.5163159630094435,0.04710554547382488,0.03093275092332997,0.7256617696587696
2022-11-11,0.015766086726517824,0.06699973317101415,0.0802289082946155,0.05592259273931325,0.09239596115482246,0.5059972356331162,0.0447725286444054,0.030923966563335674,0.5940455803766456
2022-11-14,-0.018038827237320063,-0.022498167433168813,0.05015627365156238,0.034969955028626674,0.062428241630833485,0.42844442175245034,0.04534372125822597,0.03121687072953803,0.31624586626116485
2022-11-15,0.0,-0.002272740510802301,0.04896090593369416,0.031811237557856815,0.052127598252190606,0.3846725411717017,0.045099942459856546,0.031191368331542287,0.34928451038844494
2022-11-16,0.004540236264576045,-0.013498590972744065,-0.017957931168592838,0.026744115238316286,0.04782241419047192,0.3381664113258614,0.04101277897554905,0.030897420481648803,0.9718494423529619
2022-11-17,0.003391768512733949,0.007932004777309936,0.005659264266507627,0.018273721783770337,0.044626496832285735,0.2196761303449837,0.041438246382955624,0.0292405559015305,1.2516371243523492
2022-11-18,0.03439053036595048,0.04232253514326035,0.024283707905940338,0.042993607258065676,0.07295380697563333,0.25388238192567086,0.04073843418141939,0.029874689005144048,2.251550597325185
2022-11-21,0.03745759350190234,0.07523989238058679,0.07978012864516268,0.06870230110783786,0.1047287462570431,0.4115709058130406,0.03961584631048132,0.030257425368580296,1.6714433873496988
2022-11-22,0.012526327149919693,0.08437445101777251,0.09230645579508256,0.06696188324993656,0.10906587372962578,0.5925916072433819,0.03571429001003845,0.030269663159536494,1.0272977542705855
2022-11-23,0.043639506606409924,0.09362342725823217,0.13140572613691662,0.10138901751400695,0.14633725987024562,0.7133736451406191,0.036459082371668804,0.03127920181096956,1.59113556894253
2022-11-24,0.00988155675255172,0.06604739050888155,0.13789551437673447,0.09602331234772199,0.1478555470575801,0.7173042944473272,0.03357214536499744,0.029679486038051362,0.6316250601699753
2022-11-25,0.052668921376118956,0.10618998473508076,0.15617390538690284,0.1336717514469831,0.19562792028064996,0.7695086979362764,0.0371135551223536,0.031057020724592856,1.82420182173945
2022-11-28,-0.003738342349773337,0.058812135778897455,0.11497796953522717,0.10730947546793278,0.17763807761214342,0.6363153652508189,0.03691815451539657,0.031175675168417186,0.6374981056533756
2022-11-29,-0.016997516100833443,0.031933062925512054,0.08545412628447398,0.06968220068843886,0.14535046624762754,0.4755314963648095,0.03455782833786956,0.03144126047855373,0.5698299154335217
2022-11-30,-0.023122464471982417,-0.04385832292258921,0.018692155206081532,0.030223911760940716,0.105663010475658,0.4847462178076094,0.03592314494615788,0.027759782648199345,0.46227667651924775
2022-12-01,0.037307099463938856,-0.00281288110887703,0.046117697917468545,0.050503092262038085,0.1306333045689869,0.49722035266268677,0.03615023728100841,0.027101349119419738,0.675711466313625
2022-12-02,0.01398624197473987,0.028170876966696224,0.007435018516089561,0.04844192559552183,0.1313047101729978,0.5524791431469075,0.03597883857203347,0.02576928668247096,0.9472417320243935
2022-12-05,0.021072665094620528,0.0723660065332993,0.03224602596048335,0.05530041104416617,0.13946281532684127,0.6041092649653231,0.03632949272315824,0.025823158708504643,1.0252817724620515
2022-12-06,0.005424997300845864,0.040483904370206394,0.054668539362162816,0.04652262374919422,0.12978813356266153,0.640393558075628,0.0382584031070649,0.025731154176301424,1.8765497886596578
2022-12-07,0.0,0.02649766239546644,0.07779100383414511,0.03654548783210169,0.11783089558579653,0.5959929660125812,0.039417745844810295,0.02203922525379927,0.8721049703467845
2022-12-08,0.039775459906281424,0.045200457207127315,0.0802593642764878,0.06496863871740223,0.14740246737558207,0.5986813760700295,0.03781876325926701,0.021718572212678953,1.1010039336027593
2022-12-09,-0.02545112778149259,0.014324332124788928,0.0408219945202552,0.03315273870798766,0.1059228646929352,0.38303577616258055,0.041523807459057434,0.023383600342879042,1.4621426714699701
2022-12-12,0.03235958584508409,0.04668391796987292,0.05210891527071878,0.057998700183616206,0.12662399887631073,0.3909046482579129,0.041308086172177634,0.02274703059770776,0.749242642014946
2022-12-13,0.03051086923715147,0.03741932730074289,0.07719478720702436,0.0762734758906545,0.14383923610742635,0.3712728483791486,0.03923204916013139,0.02278490954786931,0.9501866254558937
2022-12-14,-0.01091078404809007,0.051959671034145595,0.0662840031589344,0.04960136337215113,0.11534656006927498,0.22537408172378506,0.04153103981683241,0.023428261443393286,1.0336910811296547
2022-12-15,0.000843530568308904,0.02044361575737042,0.027352073820961796,0.03934795567727087,0.10074709515505569,0.18304500061841622,0.039448318348915185,0.02349986593121031,1.2414947071513571
2022-12-16,-0.043953609954672714,-0.05402086343445382,0.008849591647781742,-0.010116865644078396,0.042863051397630414,0.16252002626792517,0.04361232753553742,0.026377481986588503,0.9037729939133197
2022-12-19,-0.012411574126493853,-0.05552165351285754,-0.03592156832379611,-0.023859341132117844,0.022064122297288248,0.17252473232529894,0.04383840986224519,0.026066615956762594,0.543154147756925
2022-12-20,-0.008960610111178819,-0.06532579419234541,-0.07539304767212648,-0.03273553378591098,0.006203831478777922,0.161286208025618,0.0441687027588359,0.026319215559464846,0.6036229422708237
2022-12-21,-0.04416527810953404,-0.0655374623472068,-0.10864754173357047,-0.07080410653314827,-0.0397036026655624,0.0399991658525839,0.049186929082110815,0.027210840015493808,1.0895062976264551
2022-12-22,0.011225396830504726,-0.041900491390208225,-0.09826567547137477,-0.05378053397020924,-0.031400707595491996,-0.08739288616447866,0.050099670594520966,0.02723114290657637,1.4403100599319092
2022-12-23,-0.07833869347129091,-0.1112785747503203,-0.13265075898799308,-0.11487089394403079,-0.1012252169000484,-0.19706107350525315,0.05835010162549257,0.030192860050134652,1.2505495015719241
2022-12-26,0.07367680522226124,0.006563508581474761,-0.04656237963923808,-0.03932477188642582,-0.032593413408789206,-0.23301973721905142,0.05694258563494679,0.03480776873210928,1.0891640191903402
2022-12-27,0.01299917504902573,0.008337286799995918,-0.024602594479033527,-0.016690866297141976,-0.02143988039642652,-0.12811209564164286,0.05614127659445048,0.03467859576596987,0.7613187094337169
2022-12-28,0.012832509155148835,0.09950848942643567,0.03239519278564934,0.003931658957100861,-0.01201237710152089,-0.14392529642414317,0.055360388574147976,0.03425930670938232,0.7976188516776143
2022-12-29,0.009066220900483198,0.034897905104657775,0.030236016855627813,0.020351802797305984,-0.00493936360333792,0.028315234657604833,0.0523465637192114,0.03335797726956208,0.8990014606614569
2022-12-30,0.01877572552825477,0.0406744555838867,0.12735043585517353,0.04026541091891755,0.011694117313543287,0.020600050293913767,0.05086675254837669,0.03346573001360933,0.8658398857781535
2023-01-02,0.012324024328166192,0.04016597075690417,0.06599765496107866,0.051034446899417475,0.0224070540456616,-0.020954992051546526,0.049306335295861356,0.03326287868613735,0.6414025829473395
2023-01-03,0.011309446390663747,0.04240919624708464,0.06430792630271662,0.058608079119418496,0.03186649605305962,0.12038417767963323,0.047145327941750456,0.03332277754697707,0.7515579977335606
2023-01-04,-0.027182739233792136,-0.0035492685149622082,0.024292677913775772,0.024403590991912482,0.0034787521768217264,-0.06937669629162813,0.04787301452817581,0.033960136384490455,0.9802376727417655
2023-01-05,0.008849591647781742,-0.0070237011953466644,0.024076048661074125,0.027893487247330012,0.013257156288450709,-0.02851575630313036,0.04512272039979637,0.03277132350235818,0.9217956099223136
2023-01-06,-0.006186459962796972,-0.02451960754880746,-0.0008861368299774879,0.009305676154907794,0.006873199611955723,0.07778604227912296,0.04527608640155759,0.032289130936399325,1.0535422313095566
2023-01-09,0.012334882833104806,0.014998014518089462,-0.00087527832503899,0.015291560897003047,0.02028049804708698,0.1684930024211242,0.04397047414745537,0.03153899966703161,0.704742404184416
2023-01-10,-0.03565445139298997,-0.029506028522682217,-0.04783917610869266,-0.02183570058809767,-0.011215870406723137,0.21979056845617906,0.04284417782538434,0.03154447352249641,1.0101447099018046
2023-01-11,0.0233195685598852,0.0,0.0026631316849847625,-0.0014163954860989666,0.014707909801999515,0.4178217990614439,0.0410967484254399,0.03208386141291861,0.9803349215076378
2023-01-12,-0.0097997577001972,-0.022134640533301945,-0.015986217662994223,-0.011941697407798206,0.00794072432087907,0.6096275885918624,0.03734492623811183,0.032114352505510244,0.8061722601856517
2023-01-13,0.016866891771068388,0.030386702630756404,0.007067134070871045,0.0042432972655448205,0.025039488299604024,0.5918715916846423,0.03282192717530067,0.030888145978234922,1.3319386271998737
2023-01-16,0.03630475194381086,0.043371886014682,0.03103700318157716,0.03815986632508911,0.06021059723116888,0.608032217119277,0.032136791618241,0.03176269508061302,1.7318416572795454
2023-01-17,-0.019717709382293305,0.03345393433258581,0.046973745192273944,0.01797993801856305,0.037456236005973066,0.42660613755886345,0.03308596335268342,0.03205633932939612,1.1317916677441149
2023-01-18,-0.01746771666959165,-0.0008806741080741137,0.006186459962796923,-0.0005283437370401264,0.016205573522928757,0.29139508758916066,0.03253618692278966,0.030556063412892766,0.6736043081118512
2023-01-19,0.007898214078165485,-0.02928721197371933,0.02388443174115975,0.0065991941853851014,0.02110944845270567,0.16053802832447445,0.03134365477332342,0.030519546342739606,0.5794826408750773
2023-01-20,-0.004380232265186671,-0.0139497348566127,0.002637307704904844,0.0012306323364936022,0.010109919112063387,0.1522166570480954,0.03160666976644539,0.023892364620557348,0.6452144503620663
2023-01-23,-0.0026373077049049133,0.0008806741080741406,-0.03630475194381094,-0.0008794839255181595,0.004509692644437165,0.046151072080402006,0.0313757474884368,0.018024410195348402,0.6797265005722823
2023-01-24,-0.023153358572168013,-0.030170898542259506,-0.03974040113368561,-0.02443314954182334,-0.019607884938968246,0.08916693018854474,0.031338477572531664,0.018765655522266684,0.8945709672157902
2023-01-25,-0.03296990180511604,-0.058760568082188915,-0.055242586269210005,-0.051571805954412527,-0.050397808279861935,0.09119511129811897,0.03332002027813712,0.020022166813070823,1.3777672543200696
2023-01-27,-0.05551671299610039,-0.11163997337338444,-0.11865751334347592,-0.09471620224300803,-0.09801135648333487,-0.07786177413050269,0.039018551341736256,0.02324411309462244,1.5658012757013227
2023-01-30,-0.0019704546084940715,-0.09045706940971053,-0.11624773568678351,-0.08656878053868065,-0.09516798300162417,-0.2310578010620951,0.043040290528410366,0.022612859717085744,1.6742804292727638
2023-01-31,0.054689872961060954,-0.002797294643533563,-0.05892055502081772,-0.025832287065961777,-0.041224667744505526,-0.07446646293945491,0.042083499711733134,0.026076787761888452,1.1247078743238645
2023-02-01,-0.06261066938203677,-0.00989125102947007,-0.09837786583068651,-0.07238355443311985,-0.0933260900980145,-0.2380071946496875,0.050624823290485566,0.028980947238889113,1.2933351129835462
2023-02-02,0.00989125102947001,0.0019704546084940776,-0.05551671299610039,-0.05276896464542566,-0.0797934866697265,-0.3514287264515573,0.05357143194072342,0.02880377376369677,0.9256914174330004
2023-02-03,0.0194938209758769,-0.03322559737668987,0.0194938209758769,-0.02429833305588475,-0.05745345269776019,-0.3473303297301706,0.054467731893715475,0.029170996870942233,0.8677504488411477
2023-02-06,-0.007751940239903556,0.021633131765443424,0.013712335344467523,-0.0216045921948208,-0.06045782237184959,-0.47702022736593475,0.05287659420538781,0.029177681118864297,0.5089147345298833
2023-02-07,-0.0019475090773787608,0.009794371658594711,-0.04292504669397213,-0.013176910121801475,-0.05728857301498243,-0.4457546529593145,0.05116958703814398,0.02891390463355411,0.5398031521069712
2023-02-08,0.005830873806768989,-0.003868575510513357,0.02551649649483365,9.683116635883436e-05,-0.04871647483031318,-0.3622604457800716,0.049903098385421826,0.028102570152786433,0.5511119471032708
2023-02-09,-0.011696025087872704,-0.007812660358482547,0.0039292203774910555,-0.006332246608064808,-0.05507438719651989,-0.35342743901032464,0.050630253201642814,0.027441060516624337,0.7648096007825236
2023-02-10,0.004890011843990265,-0.0009751394371134485,-0.010674588754395756,-0.0023360142061163245,-0.04637858627661607,-0.3658198428803021,0.0514285765715046,0.02750325808303888,1.083558415078106
2023-02-13,-0.020700624470140587,-0.02750663771402308,-0.023623272984632862,-0.02182389767069056,-0.060145146785231994,-0.3655822417386716,0.05378486415063611,0.027263534096135685,1.0451612800219692
2023-02-14,0.011881392248659448,-0.003929220377490942,-0.00979437165859472,-0.004799673057067703,-0.04164503967688163,-0.3590305301222216,0.052587180133700194,0.0257664942631792,0.902292441798335
2023-02-15,0.0019665795515026157,-0.006852652669978612,-0.013658665913861157,-0.004011323613835471,-0.03351369722816521,-0.27893078932126314,0.05023856794589275,0.02567684690758439,0.5804144986851744
2023-02-16,-0.0019665795515025016,0.011881392248659448,-0.003929220377490942,-0.005968089879443246,-0.029932675948207952,-0.17277356670419025,0.04548650602113984,0.02555608790976124,0.6165514504961931
2023-02-17,-0.021891459722682617,-0.021891459722682617,-0.03071069194416379,-0.023479729418633074,-0.044092923197821876,-0.07669147755959002,0.042397248410144216,0.025599849512440386,0.9955245784396651
2023-02-20,-0.004032204169673685,-0.027890243443858893,-0.014042271643696968,-0.023764868747081613,-0.041069325064101,-0.2721159519839415,0.03932179480384168,0.025601861861638243,1.4078871647619378
2023-02-21,-0.009132532772709569,-0.03505619666506589,-0.03505619666506589,-0.028328052583904174,-0.04259992995928113,-0.17053588893494834,0.03254696841063133,0.025584664383916846,1.336281173916552
2023-02-22,-0.025814603907816265,-0.03897934085019953,-0.06283738012438474,-0.045908239375728674,-0.05993418693791523,-0.08559165243505007,0.03026001891008807,0.02567801453803746,1.1532767548983647
2023-02-23,0.009370239307159774,-0.025576897373366082,-0.0515005612657225,-0.0316106467505795,-0.04597134732334393,-0.35384465954374233,0.027387125666123335,0.025205870419170308,1.1804981332022968
2023-02-24,-0.014614118574645117,-0.031058483175301643,-0.044223220117684994,-0.0385199450768012,-0.056781639730018936,-0.5201874464037849,0.028691613345667718,0.022427575264904645,0.8529240674732016
2023-02-27,0.011500451000910666,0.0062565717334253845,-0.028690564947100438,-0.023251111213606103,-0.04340478982331308,-0.5213782861055978,0.027918037636766976,0.022670747893674265,1.1376127163534502
2023-02-28,0.005183989693617484,0.0020703221198831866,-0.014374042480773465,-0.013265369900294963,-0.03343503068462422,-0.5226502166488345,0.02792141532045049,0.018379086595582773,0.8776530727014968
2023-03-01,0.036552409391212674,0.053236850085740736,0.0479929708182555,0.025038377619661312,0.002699228984069302,-0.35979410347840685,0.029055694422813486,0.015140204429605683,1.0362756871843795
2023-03-02,-0.008008094015597917,0.03372830506923226,0.0306146374954978,0.01904958265096485,-0.004253192793236439,-0.39970734422689047,0.027494616105925157,0.015044176401005315,0.8118214394095112
2023-03-03,0.04037974474610165,0.06892406012171637,0.08560850081624455,0.05649609130394062,0.03677764142532323,-0.18601594957826534,0.026889141160445617,0.017125763061315896,1.3674470305246813
2023-03-06,-0.009699449317282359,0.022672201413221422,0.06440860049805147,0.04247106046215001,0.026872850656089166,-0.04352367736841387,0.02666388728899574,0.01717761785489827,0.9005183974493602
2023-03-08,0.0038910765060921363,0.0345713719349115,0.06311568731052615,0.04135076014255785,0.030669964770578182,-0.1394669205081486,0.026837731238664498,0.01719412514225162,0.7298620794377898
2023-03-09,-0.011718868613184252,-0.017527241424374413,0.014844409306129439,0.022807236499668666,0.01937619826354628,-0.21806610791373557,0.027434752527141337,0.017338552581875662,0.5915772217155474
2023-03-10,-0.019841947883074817,-0.02766973999016685,0.0030105554386524055,-0.0006008283167487778,0.0004511157146227845,-0.21255464024605417,0.028342408988844787,0.01770272734456197,0.7444577974938821
2023-03-13,-0.035699810181548296,-0.06726062667780726,-0.07306899948899746,-0.03680731075578309,-0.031625462111414905,-0.20170282551537894,0.03093013652224698,0.01924089349104226,1.176003137674582
2023-03-14,0.0,-0.05554175806462312,-0.06336955017171518,-0.03690364792730064,-0.02962509638484385,-0.20730125893878437,0.031004308392719872,0.018797041123227505,1.4562479320031487
2023-03-15,-0.009389790794355831,-0.045089600975904226,-0.07665041747216313,-0.04466254231971317,-0.03568178878834692,-0.19446005412712508,0.031446542501561314,0.018565582555436503,0.9743503608102062
2023-03-16,0.006269562938542723,-0.003120227855813131,-0.0586619859204362,-0.03449668723433034,-0.026764028967187416,-0.19050261517334788,0.031696436231802745,0.0186527043044672,1.2233081868889497
2023-03-17,-0.001042131361767687,-0.004162359217580853,-0.039862169399129156,-0.0319975629690846,-0.02496056508135967,-0.06097824286085114,0.03091017520455448,0.0186563705059029,0.9106888127767053
2023-03-20,-0.020011308150258,-0.014783876573482832,-0.024173667367838807,-0.04189183259169829,-0.04164761594218484,-0.046482829706079795,0.032750768750595544,0.01856005654121685,1.027046812404119
2023-03-21,0.015831635506439207,-0.005221804005586308,-0.008342031861399455,-0.01950711018986902,-0.024614344837589976,-0.05497315747439316,0.03261033078147986,0.019016123214118972,0.8811142756061172
2023-03-22,0.002091893919420978,-0.00208777872439767,0.0031396528523774977,-0.010034207516165456,-0.02137238236851461,-0.10163944315261815,0.029407384861511603,0.01895384986553775,0.6486669148634787
2023-03-23,-0.02112005412323256,-0.0031965246973721965,-0.024249964209397862,-0.022532872915844136,-0.04089257667600549,-0.21745324191859539,0.030568697009032822,0.018660271656715337,0.7852011187268481
2023-03-24,-0.02923875481811185,-0.048266915021923366,-0.05244658766574206,-0.04190363263350675,-0.06590029325668191,-0.43866688835588463,0.03131869289015446,0.019508397394964152,1.0775101863311438
2023-03-27,0.0010983920840222637,-0.04926041685732219,-0.03133688743146199,-0.035570591349085204,-0.0629499946145161,-0.6057034707567146,0.03081387216551702,0.01932883076495182,1.1510999782064004
2023-03-28,-0.014372817352537133,-0.042513180086626856,-0.06154134029043829,-0.04274594136815445,-0.0732713902731342,-0.6031014576098744,0.031816742752532934,0.019232834206845472,1.05546947764744
2023-03-29,0.030704155120260115,0.017429729851744968,-0.03292907908959931,-0.009943310070844582,-0.04234964751291679,-0.4556464337431228,0.0323974214523412,0.02063101347031567,1.219111813514348
2023-03-31,0.006458528391944589,0.022789866159667382,-0.005350496574422201,-0.0005362218146403279,-0.032592938322176655,-0.3456197094701568,0.030962605127574944,0.01866196285120496,0.7960774116780581
2023-04-03,0.01596619472522193,0.05312887823742649,0.03985445296891146,0.016858056666274036,-0.014568274574368777,-0.2458441228478644,0.028360246297440286,0.01913274169788487,0.5494121365711951
2023-04-05,-0.013822559536046867,0.008602163581119643,0.02493350134884249,0.0035457115609627324,-0.022910364955251186,-0.19740685348800396,0.028372599265950378,0.016384881765014882,0.7547087580332213
2023-04-06,0.010649785406065732,0.012793420595240718,0.04995610410744535,0.015490591660467599,-0.008194962944716604,-0.060296255701688325,0.027618046530638037,0.01671804648781104,1.0584678698216712
2023-04-10,-0.0031830436786457863,-0.006355817808626941,0.01606890530853947,0.014008653248800268,-0.0067028891423829,0.008835065724636167,0.02618795441181763,0.0166131407255338,0.7849866662903086
2023-04-11,0.004241810708909623,0.011708552436329496,0.013852187625504464,0.017441911584022463,0.0013775979759341676,-0.007367851482304957,0.025774761529133616,0.016632394706277386,1.3441888109820062
2023-04-12,-0.004241810708909523,-0.0031830436786457863,-0.006355817808626941,0.009765014486265837,0.00015944826717845739,0.0505308985789749,0.02398664264403952,0.016196649089476194,0.858305478205504
2023-04-13,0.014768279861638818,0.014768279861638818,0.022235021589058764,0.01997232171604979,0.015471413341085002,0.03321039183944194,0.02356021095721895,0.01468507133656645,1.1013546914082886
2023-04-17,0.021751112826454914,0.03227758197918409,0.033336349009447784,0.03378875454650315,0.03708422852128032,0.06903190006719101,0.0244438052090283,0.015500382498493545,1.4212868348532326
2023-04-18,0.0061287551843610295,0.04264814787245458,0.04264814787245458,0.03401073768247102,0.041909814749305094,0.21115137314845428,0.0238580272301334,0.015358040164043385,1.0279426483187684
2023-04-19,-0.011264901322447535,0.016614966688368225,0.027141435841097412,0.01824658267060498,0.02963781559145733,0.23386172752520168,0.022951310750387546,0.01556727219881039,0.9065699715061537
2023-04-20,0.0010294245705724722,-0.0041067215675140226,0.03241267112057952,0.016630073585266147,0.02998837382875539,0.2801709881701322,0.022266319492285087,0.01556287462135984,0.6942022723421629
2023-04-21,-0.0072277421501432725,-0.01746321890201838,0.010416649108797442,0.006046679484886237,0.021218040867649224,0.3267936062879437,0.02161363219306582,0.014917778824248301,0.6534151613916082
2023-04-24,0.020513568189263268,0.014315250609692567,0.00917910447160591,0.022526735641449584,0.04073117387498201,0.3020844494879242,0.019796961393568145,0.015191831042646948,1.108457934733543
2023-04-25,0.011105595171734674,0.02439142121085478,0.014155944458979672,0.028075955733863584,0.05018978906040828,0.3038075077252688,0.01972175129046968,0.015341823105371936,1.14879903576278
2023-04-26,0.008995531319763802,0.04061469468076174,0.03441637710119116,0.030980675137053576,0.055894059659988046,0.32287288703393474,0.02004264953453654,0.014402633552599124,1.1002102098727788
2023-04-27,0.0029807241590576383,0.023081850650556252,0.0363676766896762,0.026999546257800756,0.05362188348927276,0.44383891673863446,0.019345240801491644,0.012177693870508986,0.983249973552272
2023-04-28,0.03604867413957079,0.04802492961839237,0.07964409297939037,0.05502273728624547,0.08470003579996525,0.47999635900204196,0.019685580178300525,0.013949881593570121,1.635977367569572
2023-05-02,0.009523856333529446,0.0485532546321581,0.06865438112365657,0.056690697387587356,0.0862290759941451,0.5819701010109191,0.01976980076767103,0.013028361464445219,0.8804756112966923
2023-05-03,-0.003798695640906697,0.041773834832193706,0.05375009031101515,0.04545904077695134,0.07519178623381666,0.4356908752595893,0.019980970624525522,0.012124613677234171,0.8667493386247084
2023-05-04,0.015108886523231007,0.020834047215853878,0.0598634455144825,0.05133508320780008,0.08407414456543741,0.5472809666888168,0.020149956189634863,0.01228265743997374,0.8743391068528805
2023-05-05,-0.018922067294797645,-0.007611876412473217,0.03796065406062716,0.02406099000665814,0.058377504198385374,0.3752277223051232,0.021217081109419604,0.013338943895029822,1.066178197873453
2023-05-08,-0.004787014737857383,-0.008600195509423944,-0.0028750348168011444,0.011552214127836089,0.047604606793579064,0.13639175572973414,0.022004385964303905,0.012809716464622329,1.6060836378811352
2023-05-09,-0.036154363481827434,-0.05986344551448247,-0.048553254632158024,-0.026257163359995662,0.007316795719784078,-0.03868709513727495,0.0250888371292981,0.01575137578385784,1.1731853436427915
2023-05-10,-0.03544669658720345,-0.07638807480688845,-0.08020125557845488,-0.05779501573593396,-0.02917477929658564,-0.1428294807732186,0.02761412652876898,0.01793309828779147,1.6706259698125037
2023-05-11,0.0,-0.07160106006903091,-0.09531014210168595,-0.05458087092879992,-0.030387824361813597,-0.17266179221447345,0.0280559515857512,0.0179242658234792,0.7521731932440735
2023-05-12,0.0010303194860123597,-0.034416377101191074,-0.07535775532087592,-0.050181000890619575,-0.030841451949794416,-0.17263120776023655,0.027953494059133933,0.017877094301635345,0.36668591596988
2023-05-15,0.008205301111210097,0.009235620597222507,-0.062365439471808344,-0.036132635166347564,-0.024025446525611494,-0.19038949856756815,0.027360259994237298,0.017681223333025856,0.4782770383376914
2023-05-16,0.0010208524856218995,0.010256473082844435,-0.02519022350435897,-0.027970632925470123,-0.023223364405087793,-0.1854162817311041,0.027623890156554174,0.01701049926513523,0.7939748207273516
2023-05-17,0.006103815911009621,0.015329969507841674,0.01636028899385416,-0.01567331979026809,-0.017438933801689867,-0.2874764105333125,0.027166020494133615,0.017010043035594644,1.0181556251413117
2023-05-18,-0.01739175416447651,-0.01026708576784508,-0.001031465170622431,-0.023086983828040065,-0.03428342141273095,-0.38547379694697925,0.028822041250023803,0.017280470448738917,1.1533297303932273
2023-05-19,0.01637703526632725,0.005089097012860274,0.014315250609692567,-0.000710134575399518,-0.01897313720252179,-0.4201578030261476,0.027121091454175503,0.017669797273364957,1.407049181258086
2023-05-22,0.026053477744690468,0.025038758846541366,0.032163427243172775,0.028902829621366987,0.004620583907567057,-0.3575638565387723,0.02734208427560094,0.01843788661580018,1.461006792933266
2023-05-23,0.0009886362529872828,0.043419149264005114,0.03213121101053827,0.029187359076247553,0.004267078305528928,-0.25308699060506795,0.02660925025653584,0.017934367489833746,0.7691805959497129
2023-05-24,-0.013930489252790765,0.013111624744886995,0.01209690584673783,0.012067758032576325,-0.009724132478598387,-0.35563463047719124,0.026982523993046563,0.01809081779797655,0.6621670616335938
2023-05-25,-0.00502263946392877,-0.017964492463732246,0.024466020547285656,0.00465397891061271,-0.014098499379827725,-0.33724743917518823,0.025751682925580256,0.017999371389259246,0.7144652282788333
2023-05-26,0.01400022424801416,-0.004952904468705416,0.022089209528972323,0.015120952338282811,-0.00014894391042487843,-0.1956847388188615,0.02362036309318151,0.018281219742570416,0.7195635460060624
2023-05-29,0.00889778354748691,0.017875368331572238,0.004933515331768788,0.020387704785658385,0.010241662301588968,-0.036380702396827475,0.02137231797418204,0.016367437028952287,1.1860657192855444
2023-05-30,0.01271401934716412,0.03561202714266504,0.016658898425945545,0.028382923246881936,0.0244921868555618,0.22833616423745212,0.0190892621839621,0.016494622313328808,1.0988001616739373
2023-05-31,0.007744514619546096,0.029356317514197122,0.03833390229828235,0.03112260223130035,0.03317723987575843,0.4085319814582394,0.019217517193432374,0.016602263750295755,1.1838915236388656
2023-06-01,-0.0028970911067827364,0.017561442859927487,0.04045945065542842,0.021537306888152054,0.0318846930058576,0.5059444580941036,0.019204194087738023,0.016184504761546658,0.943832713826613
2023-06-02,0.011538574232176102,0.016385997744939373,0.03799780063959039,0.02720224468572441,0.043912212912205324,0.5106579073707047,0.01891559324005249,0.015896412686254763,0.8092035107523164
2023-06-05,-0.0028721279707823433,0.005769355154610962,0.026227889121321228,0.021047569457801448,0.04086631692902751,0.49583361887471594,0.018627580596807084,0.015872113952898025,0.6765260024661963
2023-06-06,-0.0019194739005023392,0.0067469723608913545,0.011594395873654791,0.016204600889517938,0.03700752088429771,0.5326911244991345,0.01838890763363064,0.01341879388003263,0.7310704241588268
2023-06-07,0.00574709641390542,0.0009554945426207103,0.009596977668013984,0.017196105041150746,0.038999657914196385,0.6632067993115157,0.01698730631358941,0.010177251071055687,0.7455384572347675
2023-06-08,-0.0076701843438950305,-0.00384256183049203,0.004823884430901818,0.0049327665677095294,0.027542890677841405,0.4960048377805515,0.01663687313607883,0.010469086198807199,1.419040618251339
2023-06-09,-0.011616766165764245,-0.013539854095753907,-0.018331455967038626,-0.008591562734718476,0.012870463293837278,0.33077667991,0.016135765714978288,0.010990981745109223,0.9871565570596458
2023-06-12,0.0038872170224585126,-0.015399733487200796,-0.011572110973797723,-0.006169318235649713,0.014214700286272695,0.20839716739842287,0.01641956329287975,0.010921478011262293,0.8319295054729462
2023-06-13,0.008691555391627774,0.0009620062483219423,-0.0009610816816677902,0.001444383264429885,0.020057870796089273,0.3373315161221339,0.015796705336237782,0.010997980660844781,0.8655261199415898
2023-06-14,-0.003853512563274096,0.008725259850811896,-0.010561690658847222,-0.002311206318381532,0.013649096876254067,0.47362101797499234,0.015788744981317545,0.01107382266382276,0.7855774207277909
2023-06-15,-0.02739896340177987,-0.02256092057342641,-0.0302904697167321,-0.026839108838963264,-0.015624935301107312,0.2962255755074014,0.017644550619022727,0.012188618605249944,1.5902890191595536
2023-06-16,0.02256092057342627,-0.008691555391627633,0.0038872170224585126,-0.003190619810192283,0.00457951188625086,0.40505635266974055,0.01863654255841671,0.012643202782161814,2.6548415487901855
2023-06-19,0.007729549143305714,0.002891506314952311,0.007729549143305714,0.004932774388031508,0.010995419661072512,0.4096617773661956,0.019043027315044873,0.011436254338794777,0.8551623045216312
2023-06-20,-0.0009629325955671006,0.029327537121165113,-0.0019249388438890012,0.00425695787088208,0.008746340457472607,0.27470335922300637,0.018717304967840187,0.011447962860492,0.5674797157652093
2023-06-21,0.018138867438692648,0.024905483986431477,0.02006744115807783,0.02165081805867608,0.02427436452682648,0.3162227471643951,0.01939450534903995,0.011452988126662365,1.0927216662370394
2023-06-22,-0.035632041756463846,-0.018456106913338197,0.011834362803393925,-0.012297879918229263,-0.012871409827041741,0.1237169415203877,0.022408956172928964,0.014263731359270077,1.0210505469958362
2023-06-23,0.0029747835007617315,-0.014518390817009364,-0.007751774269270652,-0.008975167038954691,-0.01069833636191211,0.01843597596048525,0.022286094724305743,0.013958528529862391,0.7446985243482019
2023-06-26,-0.003968295136800183,-0.03662555339250229,-0.01944961854937665,-0.01175003284693119,-0.014758694481339481,0.009384156349934756,0.022531190116380672,0.013861344536624465,0.6464638839079911
2023-06-27,0.010875026445107646,0.009881514809069226,-0.007611659508701889,1.3191977300205574e-05,-0.004040063844589952,0.016093151432212807,0.0227160577175268,0.013779449357129067,0.553308259256832
2023-06-28,-0.008888910457212549,-0.001982179148905168,-0.03463943740460718,-0.007392302902473602,-0.012090337695274048,0.002489693584942643,0.022793408762059028,0.01379286078134415,1.1753557720819034
2023-06-30,0.024499047569215563,0.02648516355711059,0.025491651921072233,0.013448937013864643,0.01180758553660196,0.10712067102503241,0.022743429303893642,0.014888116986058653,1.0616898336867964
2023-07-03,0.04171213464072368,0.05732227175272672,0.06422900306103413,0.050520877524656865,0.0526194966671571,0.2614770580210933,0.023752812747428704,0.01737651423610108,1.9113056241109532
2023-07-04,0.05772569629889456,0.12393687850883363,0.1259229944967288,0.10057595537164722,0.10913847567217225,0.4440273854135057,0.02643736670467406,0.021303092187857687,2.6582116296241964
2023-07-05,0.026806623363652127,0.12624445430327025,0.1418545914152732,0.1146481862671704,0.13133992494413196,0.5375164512905496,0.027759398521718364,0.021766035790417988,1.5527548888730585
2023-07-06,0.006802741579130664,0.09133506124167716,0.15754624345161639,0.10787718598228994,0.13107320636674194,0.6377929238232315,0.02747868104118482,0.021765220680552092,0.7671771393148703
2023-07-07,0.023451674408940488,0.05706103935172323,0.15649887029134127,0.11315886704564394,0.14788627565958928,0.6462795615701685,0.028528290764651815,0.021802221164124024,0.8988264011556168
2023-07-10,0.003305687006402378,0.033560102994473526,0.11809242265702007,0.09643558591277962,0.14094897561374395,0.6769950431709697,0.02963235937442552,0.021339623351217654,0.8610824725255776
2023-07-11,-0.002478174530555434,0.024279186884787467,0.05788855182757015,0.07399845584260661,0.1279768733351475,0.6354968201927923,0.02989517189506122,0.021465775375947807,0.44868972494390286
2023-07-12,0.015593236156436456,0.016420748632283655,0.04667516462035454,0.07080574676757731,0.13504728262997912,0.6384261415868392,0.029221456757805797,0.021522647695361802,0.693634090684057
2023-07-13,-0.03817892715831128,-0.02506386553243012,0.0016934958829126368,0.015289478376198767,0.08454946976298006,0.5475687399927333,0.03233017743893233,0.02384106757897231,1.2410152909097365
2023-07-14,0.026712751068432954,0.0041270600665581185,0.004954572542405156,0.026812137509647185,0.10283846917573818,0.6089643763152347,0.03283124368230222,0.022749407851288737,0.7344288990536222
2023-07-17,0.026819991795422608,0.01535381570554432,0.028468877331425394,0.03977320798130664,0.12114796387932789,0.6636477584910483,0.033508984671210176,0.022893257851192596,1.0041299170425242
2023-07-18,-0.012101879865376903,0.04143086299847862,0.018845171996603818,0.01952989129997169,0.09748653502168045,0.689097945015175,0.03536641373326699,0.023426956526983993,1.3529403628978793
2023-07-19,0.04056230585100245,0.05528041778104814,0.043814241691169736,0.05207054131656643,0.12992220574670754,0.7639460566519563,0.03629884990982282,0.024306169722802015,1.2657739685229699
2023-07-20,-0.004687551198518592,0.023772874787107014,0.07730561765096251,0.038887059794682564,0.11319353750188943,0.7787667397792808,0.036693144245899895,0.024500154289007477,1.1916922867297879
2023-07-21,-0.019771327723099114,0.01610342692938469,0.030821538859430505,0.014915655758347295,0.07986884595291437,0.6848447587920193,0.03702648159176469,0.02316228936737706,0.6756995682643819
2023-07-24,-0.008019298770072698,-0.032478177691690376,-0.004017751706064816,0.004366762017819602,0.06063188273610015,0.554204088147581,0.03508167446218061,0.023488151636003766,0.6828104685867132
2023-07-25,-0.022802240089357825,-0.050592866582529664,-0.014718111930045739,-0.01867269566488598,0.02759437834884996,0.40744035336228734,0.03606731893844934,0.02444980386950564,0.8172444844891118
2023-07-26,0.0395691576729457,0.008747618813515061,-0.0157112601081025,0.018055796590833433,0.0580547931705521,0.45685893089196555,0.03676055401854293,0.02536582465989226,1.8967184313195038
2023-07-27,-0.011947587178639075,0.004819330404948741,-0.02297129608822311,0.0006414426603084489,0.0350833470359069,0.45653694324160654,0.035370887967248174,0.025499846685945116,1.0979511313742565
2023-07-28,-0.007237701358541987,0.020383869135764635,-0.010437669723666007,-0.008562078879168895,0.018914436763107972,0.33661433689137565,0.03453246631425955,0.025581897383930255,0.6028973388171971
2023-07-31,-0.0016154597938790722,-0.020800748331060107,-0.004033830747472357,-0.009369718594454577,0.010620927301307403,0.3407302705932534,0.03441506966663583,0.02448515860268211,0.45109215931242563
2023-08-01,-0.008116936996969984,-0.016970098149391,0.010651472344915529,-0.016984446830925613,-0.0010583700578589861,0.2709022942815693,0.034579125204096506,0.02154528564037522,0.4027361410212169
2023-08-02,-0.030618841033932385,-0.04035123782478144,-0.0595365263619625,-0.03947046960568897,-0.03189064057302802,0.2991932430925561,0.034213701128201275,0.02211348196903629,1.279960430798552
2023-08-03,-0.000840663646875512,-0.039576441677777956,-0.048429602830199,-0.033411869907684924,-0.03305814403599676,0.20832086876385134,0.03346150530853374,0.022069595349568448,0.9962224170237326
2023-08-04,0.008375267585896882,-0.02308423709491122,-0.03281663388576023,-0.021064615190575134,-0.024568774076470373,0.19328125732811002,0.03211010257276439,0.021489934349860577,0.9157285768288697
2023-08-07,0.00747819220759041,0.015012796146611678,-0.023722981884290815,-0.010971005982593388,-0.017087046707696067,0.13757313228449733,0.030924799876477664,0.021547711895355766,0.700561422125192
2023-08-08,0.02856174486187664,0.04441520465536394,0.012955699974555998,0.015274072265233222,0.009994361083555997,0.09618861750103505,0.029077123879579524,0.0224704399825263,1.2117725915870161
2023-08-09,-0.009701053472533576,0.02633888359693369,0.03387348753595472,0.008107397415508859,0.00012183100359649287,-0.07449951864877746,0.0291864945221463,0.022340211477199348,1.0761663010238909
2023-08-10,-0.004885983083924748,0.013974708305418505,0.029828168098905542,0.005086945316638082,-0.006488253988963046,-0.0706226525301912,0.028629732621080446,0.020500723974094186,1.1154283141585308
2023-08-11,0.02100238634776904,0.006415349791310682,0.04245528686077792,0.025409806419999726,0.013078497063037592,0.06960366323661873,0.028263099871109358,0.020172437575231624,1.208962166408333
2023-08-14,-0.0032025303153595214,0.012913872948484693,0.03177456433782796,0.021294026019956374,0.009839272090951279,0.09726295551377191,0.027895514151100188,0.019286795795398465,0.7213148429239399
2023-08-16,-0.010479740285552224,0.00732011574685732,-0.0072669208096010985,0.010067941759190764,-0.0007692447885187789,-0.07343586564904114,0.024947901598780232,0.019236570493053873,0.6820213150595765
2023-08-17,0.024811199342307525,0.011128928741395766,0.027245332005240028,0.029124639854069472,0.025080041549102688,-0.08732458335510074,0.024901182881169468,0.017757596418554317,1.564550469880968
2023-08-18,-0.007140087529269856,0.007191371527485504,0.024991227559894788,0.016263429166254555,0.01865367620498362,0.06280331310091668,0.025363965255437198,0.017794964052867557,0.9516789325997209
2023-08-21,-0.007191371527485412,0.010479740285552206,-0.0032025303153595214,0.005077789607676742,0.01155953465332453,0.08518836245794986,0.02566158331002798,0.017305781335937593,0.48312073046187054
2023-08-22,0.0016025153839475462,-0.012728943672807625,0.0016025153839475462,0.0033740028590285706,0.012894293959129239,0.10799095845069502,0.024819851696324096,0.01721044884109597,0.3857032083073524
2023-08-23,0.01430867446209682,0.00871981831855901,0.026390930131596664,0.015875540152055077,0.0252882544162518,0.2829905620685594,0.022719577291683817,0.01657974211687826,0.8345244249539064
2023-08-24,-0.007923917915683963,0.007987271930360534,-0.00634418712639484,0.0057609487197772865,0.017443058874946536,0.4237507214560873,0.023468562608992004,0.014160923388891827,1.2160814849226975
2023-08-25,-0.021713797830564888,-0.015329041284152134,-0.020917897427689895,-0.016236114402071344,-0.003685569247563233,0.28786169121636646,0.024390233812266963,0.014742398470624517,1.387094685239477
2023-08-28,0.016129400528594583,-0.013508315217654287,0.0024028746283901174,-0.00015996950502690066,0.01206380079878511,0.31045499434846363,0.02485713249837802,0.015120303670426508,1.3709229884398055
2023-08-29,0.0071741740698346955,0.0015897767678643548,0.007974533314277239,0.00607317708999485,0.018443589191516032,0.2661984793666694,0.02303414354846606,0.0151849563777854,0.5834725775069927
2023-08-30,0.0079114429174709,0.03121501751590013,0.0015773017696513135,0.01123594652168942,0.02479203521417929,0.418128107501858,0.022289756966960218,0.015107823136675013,0.938055683840277
2023-08-31,-0.007117438260186557,0.00796817872711894,0.002383781425148641,0.004464307340118549,0.014656155989135894,0.4307964702397621,0.02216552651878245,0.013264733785967035,1.1692857862755899
2023-09-01,0.03738756156799141,0.038181566225275486,0.061485140823704876,0.038424943512854096,0.04828695904874398,0.4837788337766887,0.023099598413624047,0.01530162839390556,2.1575702254305664
2023-09-04,0.03012273332592652,0.06039285663373122,0.07547847362103675,0.06166813018724325,0.07393245815649017,0.6278172233729933,0.022785071413658747,0.016310799416808845,1.2835215933547153
2023-09-05,-0.0007421512835455683,0.06676814361037241,0.06756214826765652,0.05275496229888739,0.06722653819437088,0.6496856018405461,0.02402162441750832,0.01637124944555721,0.9977410717710873
2023-09-06,-0.024803994598921388,0.004576587443459527,0.03484671075126429,0.023205071816338955,0.03816066904168984,0.4679814740510085,0.02424438761625767,0.016749916687626137,0.7635306909642232
2023-09-07,0.013605656140273998,-0.011940489742193016,0.05556980515172487,0.031199168166160588,0.04819985316129277,0.46025325819096535,0.023755892029494453,0.01664650052559125,0.5448858280944786
2023-09-08,0.0037467304172626933,-0.007451608041384656,0.021928974000996342,0.02656631855562385,0.047518290354873795,0.5363960916857263,0.02382733084171794,0.016516944339132814,0.6796207721189258
2023-09-11,0.03382677071494255,0.05117915727247918,0.025633011390012353,0.05115147595115299,0.07798432572929015,0.62744669298681,0.025307300251543777,0.01742066110984277,1.5998248174333218
2023-09-12,-0.03382677071494244,0.0037467304172626933,-0.007451608041384656,0.010200208478528561,0.038486909990392906,0.4037028755398495,0.02858211522240485,0.019412975321415626,1.5652004797333599
2023-09-13,0.08182468061370785,0.08182468061370785,0.09917706717124448,0.08146380124669109,0.11761532755700867,0.5042986827331947,0.03130845755069817,0.025830020729680842,2.057508147999641
2023-09-14,0.015726719589702513,0.06372462948846776,0.10129813062067317,0.08135856160198679,0.12626540062353156,0.6159567583354977,0.031449894428010106,0.02559952555890801,1.005190576069816
2023-09-15,0.006087352093147217,0.10363875229655752,0.10363875229655752,0.07417064258638628,0.12339971733557811,0.6317645194644126,0.031307189753706395,0.025367247535927808,0.7185427843783518
2023-09-18,0.03641590209594282,0.05822997377879262,0.1062278836775579,0.09888548611533411,0.1523621222454454,0.6879632074171433,0.03450677326675712,0.025834799848081767,1.4138100980301138
2023-09-20,-0.005869023311741163,0.036634230877349086,0.13418563108075934,0.07843137639386048,0.13372630727526366,0.560297497477028,0.03611136198757105,0.026023366720455323,0.6428817418476068
2023-09-21,-0.01914880976477656,0.011398069019425116,0.0332121407022749,0.04427737120062251,0.10269793227882557,0.5076639814601072,0.03928570364181919,0.026803193223772795,0.7331825304812395
2023-09-22,0.03278986040371933,0.007772027327201508,0.05027528151629163,0.06295437258811507,0.12731376052401014,0.5056774105918649,0.037142850827921896,0.02703994671873017,0.8784877586203238
2023-09-25,0.03424553723485668,0.047886587873799215,0.07843346665800091,0.08020742208846701,0.15093458996746864,0.5311057605319672,0.03731741633992218,0.02642189278159973,1.11426602351225
2023-09-26,-0.010654990326210425,0.05638040731236545,0.03136257423584777,0.05427497004374766,0.1251330091715768,0.5390022805525092,0.03803221751679684,0.02694321708989075,0.8484263918068414
2023-09-27,0.02673449484988785,0.050325041758533896,0.06396609239747668,0.062166028212033465,0.14061788215007745,0.6239157939432124,0.037510945655913716,0.027115763013525307,0.9081076603887484
2023-09-28,-0.02296102102809917,-0.006881516504421841,0.06015388113415407,0.028538180490336663,0.10223139905198901,0.44358169920269547,0.040175760421437424,0.028269668347329843,1.3900553424871742
2023-09-29,0.006881516504421885,0.010654990326210347,0.03424553723485668,0.0270200914732302,0.09678962863042284,0.38227788386930767,0.04030102042522903,0.02795944965396978,0.4957432061936506
2023-10-03,0.036723779624175557,0.020644275100498315,0.036723779624175557,0.053231151178206905,0.12413437805220727,0.3764777802221351,0.0397493007559518,0.02792819064685552,0.7693844032370695
2023-10-04,-0.042350529545862665,0.0012547665827348244,0.005028240404523433,0.005928374121733235,0.06860514512052981,0.36230704541048764,0.04182712362543405,0.030076984419213384,1.1242408047748713
2023-10-05,-0.03379349016218216,-0.03942024008386924,-0.055499744607546565,-0.028294168339048364,0.026391981887358352,0.16015752372195322,0.041411888896935124,0.031481656237357214,1.3200724149543284
2023-10-06,-0.004549806312907966,-0.08069382602095283,-0.037088529892355476,-0.034833936436803645,0.014272579154247381,0.04610895270068937,0.041461133329862385,0.030729646678779064,0.78775392813327
2023-10-09,-0.045310975566546376,-0.08365427204163656,-0.08928102196332362,-0.07275142360300385,-0.034963669012760566,-0.060091879973723936,0.04528191863526184,0.032889136399428955,0.8278695834722574
2023-10-10,0.025573365509127068,-0.024287416370327213,-0.10043143607837203,-0.0427426994053807,-0.015406803570382781,-0.1849152350903678,0.04129093431394419,0.033211950680574774,0.5343954557721062
2023-10-11,0.01057521140357999,-0.009162398653839316,-0.04750569512892942,-0.028487430931809634,-0.009410874390997834,-0.07312576881151799,0.0410444292773155,0.03258463367699274,0.7879962829084467
2023-10-12,-0.003952557769754056,0.03219601914295302,-0.01766476273650129,-0.025159196469390188,-0.019004699585375154,-0.032611957737618553,0.03941537184581282,0.03138556065946247,0.5260832226857107
2023-10-13,-0.007287253174780095,-0.0006645995409540853,-0.02040220959837335,-0.026663200692799902,-0.02779571458686486,-0.14688094927614173,0.038183892687048596,0.02594587388071432,0.6930373565920256
2023-10-16,0.0006645995409540691,-0.01057521140357993,0.025573365509127068,-0.019735609468459307,-0.028123137499119825,-0.26305591464371775,0.03559563383972853,0.02573793375818193,0.7949440015328283
2023-10-17,0.007282534056414147,0.0006598804225881696,0.007282534056414147,-0.0029594778035717233,-0.022061588295353762,-0.3395700420562966,0.034065213145752525,0.025751651884504824,0.7125603489833827
2023-10-18,-0.021334229754202825,-0.01338709615683454,-0.024626907101368674,-0.01682788947718484,-0.04103392688068016,-0.5196142331756033,0.03542549976563489,0.024803628709934186,1.9904784346272189
2023-10-19,-0.0026990815620099146,-0.016750777259798576,-0.02337343089362457,-0.015433775942297884,-0.042102221813222096,-0.45053585324857864,0.03383204882988202,0.02478629403203149,0.9566919517697361
2023-10-20,-0.02393273984077019,-0.047966051156982936,-0.040018917559614745,-0.03292732076690335,-0.0630875961596837,-0.4457366536756791,0.035887297704270016,0.024986543476586194,1.0570430488096485
2023-10-23,-0.03664962424117386,-0.06328144564395403,-0.07733314134174267,-0.06308851425328811,-0.09218286312106475,-0.6120500588966568,0.03814993650420452,0.02474049638990878,1.2501074998734905
2023-10-25,-0.0021559387120103743,-0.06273830279395437,-0.08677161411016722,-0.057818749101322335,-0.0877768555586349,-0.582646724389343,0.03710174373993712,0.022949186935004456,0.9791255757620206
2023-10-26,0.005023350230823712,-0.03378221272236056,-0.0604140341251406,-0.045047491470956366,-0.07743104302237745,-0.5537805289828037,0.03502402880729712,0.02309085244864787,1.5876219769270676
2023-10-27,0.0461619622460921,0.04902937376490546,-0.011552990317038499,0.0036358133334937967,-0.028487993064588327,-0.3205695775111613,0.035494578371012254,0.024895169724196035,1.3488170122168346
2023-10-30,0.0,0.051185312476915865,0.012379749523731541,0.006466658403611569,-0.024276423342655052,-0.17243923559743166,0.03295575962907474,0.02457024187882752,0.6366765120961903
2023-10-31,-0.0020526779133415735,0.04410928433275057,0.04697669585156388,0.007521871726739723,-0.021578913555232778,-0.17554465414242074,0.03224069875178628,0.024437944444694347,0.6504935765221717
2023-11-01,-0.001370760191559064,-0.003423438104900631,0.0477618743720153,0.010185005720171334,-0.01612794319755287,-0.3215849350192875,0.03140308344013737,0.022442206328245572,0.6076568506541683
2023-11-02,0.018349063386592392,0.014925625281691727,0.06108758752778405,0.028820783310867504,0.005824908963369018,-0.21416844427596132,0.03145741865940003,0.021435946437416215,0.812615986163558
2023-11-03,0.006711549080689905,0.023689852275723327,0.021637174362381783,0.03467373465748649,0.014212585442270994,-0.12074251602384621,0.03124700567196695,0.02031457003043523,0.8188536073966292
2023-11-06,0.0020046698818190927,0.027065282349101483,0.02364184424420099,0.03296101370080867,0.01752482824463194,-0.13491210356740113,0.030659924078288086,0.02031645948323402,0.617359295164024
2023-11-07,0.01655115511573085,0.025267374078240035,0.042245677273273406,0.040869336071746594,0.03254237286310095,-0.10410403949774803,0.03132913375597231,0.01780429098679273,1.2202904481991275
2023-11-08,-0.0046066977266804796,0.013949127270869497,0.03900973973815192,0.027239555174369053,0.02741359058141912,0.0457960329929513,0.02973048260929275,0.016948230707947997,0.8058500412856108
2023-11-09,0.0026349668382086248,0.014579424227258934,0.02329564318976799,0.021436742400198085,0.0301592704892407,0.0676065746846001,0.028947366895142358,0.016788696147664213,0.8168085000400545
2023-11-10,0.003284026884056739,0.0013122959955848574,0.019868120993134904,0.02054469777053417,0.03319778966589647,0.11058320264465933,0.027119439129306578,0.016777751116457868,0.7007139002219974
2023-11-13,0.03669541207235552,0.042614405794620946,0.054558863183671195,0.05032523715871999,0.06899105972200775,0.3025322309816556,0.025013547384268107,0.018519059232504517,1.7080515559193679
2023-11-15,-0.0018981263767153885,0.0380813125796969,0.03610958169122503,0.0401158630326379,0.06430296836499771,0.4701757969003026,0.024337289918972698,0.018541483918376123,1.4737008793544542
2023-11-16,0.00819945206402265,0.04299673775966286,0.048915731481928196,0.039503785029250706,0.07032408729558182,0.7210575915611429,0.02270281017788889,0.0185553205156145,0.9175629815564185
2023-11-17,-0.021588083225884323,-0.015286757538576954,0.024692681417835264,0.012477327193290476,0.04486629244862004,0.5081950829832286,0.02232717156917667,0.018572522103217425,1.1604406178649802
2023-11-20,0.006397880056493683,-0.006990751105367914,0.02780653459027231,0.014164654896366716,0.04847875698439875,0.4954719834614565,0.02254920694436694,0.01855160021040264,0.6153329824970365
2023-11-21,-0.004474194071601179,-0.01966439724099191,-0.01336307155368452,0.005539875076251952,0.03976561016610595,0.38412053581962086,0.023016389691352456,0.01755442043692223,0.6019252800081661
2023-11-22,-0.022021660350472504,-0.020097974365580102,-0.03348660552744162,-0.01661512914108717,0.012599494631313695,0.38941861495561025,0.024090201487107717,0.016014963807422275,0.9989576348779406
2023-11-23,0.0026161141547896105,-0.02387974026728412,-0.03906994343667474,-0.01499062602295591,0.010527752665046925,0.291963566854019,0.022487653691530506,0.015944526399830808,0.49878738244784115
2023-11-24,-0.007868964583833094,-0.02727451077951601,-0.025350824794623594,-0.02264832997475659,-0.0014134263366429357,0.19614886021708414,0.022712317387797987,0.016194977590071463,0.7054978152764205
2023-11-28,0.03366023545125137,0.028407385022207767,0.0019115306001341223,0.00782659928406645,0.02911801935053,0.23233746054978469,0.02491589029730803,0.01465786933263183,1.6143362604261466
2023-11-29,0.007609389685138606,0.03340066055255679,0.013995114356873842,0.015459639554134527,0.032919027495105814,0.22410990866492256,0.023869694615470838,0.014659325349560439,1.2745056159254886
2023-11-30,-0.01977741209647649,0.021492213039913503,0.01623936261086987,-0.0026989216839038953,0.009660716376700141,0.0450344036582699,0.025497063675702192,0.015549536735666397,1.6685902869763407
2023-12-01,0.039171153540900165,0.0270031311295621,0.05279440199698034,0.03567758497056986,0.044693989058451705,0.23445801673424072,0.027128703082513403,0.017466581802571875,1.7545658839422889
2023-12-04,0.037097666180438,0.056491407624861614,0.09776103276125153,0.06681107326398035,0.07755159981666435,0.392157542261474,0.028699368297241405,0.018677233404446467,1.5205068103391297
2023-12-05,0.014815055100262722,0.09108387482160084,0.07891585241026294,0.07370681851787951,0.08647027140496408,0.41859872944173104,0.027394970830961533,0.01878063743658373,1.1609810587086973
2023-12-06,0.005280131089621593,0.057192852370322164,0.07658659381474593,0.06939489243687451,0.08490715623997602,0.43871354929899153,0.026916337584411008,0.018754324153157413,0.9358577310655715
2023-12-07,0.01567523903875417,0.03577042522863836,0.11203924494997641,0.07226684423846436,0.09464659867610577,0.4542795087976995,0.0276086226032382,0.018730843462148584,0.6632114429924147
2023-12-08,-0.0028842973810082728,0.01807107274736749,0.06998379402806815,0.05613184109487941,0.08414499997129465,0.6062154032752874,0.027812164463101866,0.01868076426962785,0.8575641192193447
2023-12-11,0.021715018362412776,0.03450596002015872,0.05460114621004289,0.06310088941873253,0.09937226264198866,0.6247392725481541,0.028103046366929806,0.018951180256597793,0.8803227978592477
2023-12-12,-0.0033974978047923046,0.015433223176612169,0.036388593304987914,0.04740964964695896,0.08760020467287385,0.6978416152992111,0.028401265454322026,0.019089381004156854,0.8367913602747082
2023-12-13,0.00678349169175835,0.025101012249378774,0.0378919539071248,0.04264561171360623,0.08852290770422243,0.7867091999916545,0.02736418463077646,0.017788525868046863,0.8316942694354221
2023-12-14,0.01287460809846879,0.016260601985434834,0.03509132296683939,0.04111178298425034,0.09527292737997763,0.8309411486247302,0.027888130915062544,0.017760678841708462,0.883156835364556
2023-12-15,0.01490507616041757,0.03456317595064473,0.05288069650826532,0.04399066551169102,0.10388633246981921,0.8759168856017439,0.028414876968999015,0.017857594111448088,1.1090261649135589
2023-12-18,0.0010952567711720396,0.028874941030058277,0.03226093491702442,0.03612546152024228,0.09617808916868645,0.8756800217097163,0.02666354053977275,0.0166363234151111,0.763559259826737
2023-12-19,0.0005472223214794819,0.01654755525306882,0.03620565504329603,0.029221367004877638,0.08828961280027005,0.770167879542993,0.027508596099566907,0.01671654981549167,0.9429694367257738
2023-12-20,-0.051062979118710404,-0.04942050002605911,-0.021640815767172625,-0.023553842986692154,0.028723761116004092,0.7198192159575288,0.031746032666487664,0.021154910014507568,1.4562865319056713
2023-12-21,0.033959068476577425,-0.016556688320653556,-0.0005563553890640491,0.006722678874350785,0.05581667461966652,0.5734680948772604,0.03187852875688443,0.021047051029841453,1.0866104814993176
2023-12-22,-0.00670016463677602,-0.023804075278908956,-0.022161596186257668,-0.0030160643663917123,0.040998442962469475,0.5405492843678331,0.030692268772271273,0.021277587603254784,0.6628229981450786
2023-12-26,-0.008438922950603141,0.018819980889198274,-0.031695775908032776,-0.011449350967197274,0.02475028692321157,0.41364431770719534,0.03071024112780484,0.021299871795042894,0.7310934720961043
2023-12-27,0.0366098567780449,0.021470769190665696,0.004366858548532744,0.021248256653787944,0.05486936597616283,0.40660095079790554,0.031162458285172525,0.02149875590873143,1.1717811146676036
2023-12-28,0.03951392421918937,0.06768485804663109,0.09494376188643239,0.0544912754397363,0.08717311334323868,0.503878087456581,0.032348534219191066,0.022637844249864505,2.429296912498083
2023-12-29,0.0026143419183919754,0.07873812291562614,0.06359903532824696,0.05046625053656879,0.07887324300404733,0.5085356658378413,0.030958591484368615,0.021651682046627915,0.8738619514726794
2024-01-01,0.02118391560184354,0.0633121817394248,0.09148311556686646,0.06530141181031233,0.09145691703770101,0.5098216269016288,0.030820915685700594,0.02075338522715293,0.6953816557686184
2024-01-02,-0.008213591671468843,0.015584665848766645,0.09170844684600093,0.05012446753176717,0.07458385364217958,0.3860884073661026,0.03159057595913676,0.020056166792991312,0.6148457384758902
2024-01-03,-0.005686270395838837,0.007284053534535855,0.04941231967211707,0.038492542514033584,0.06175688344257025,0.23532537046209412,0.033177810506744065,0.020177752219628625,0.861766020526742
2024-01-04,0.009801458317708272,-0.0040984037495992885,0.01969985377063628,0.03694234605558802,0.06520841269655399,0.22981274123437487,0.03245086214713397,0.020190827943045362,0.6634486591216686
2024-01-05,-0.0015412218186194868,0.0025739661032500153,0.015544290033624716,0.02725251538981237,0.05752495869229721,0.11492175443459232,0.03239074079093328,0.020148027835517793,0.8241463405780776
2024-01-08,-0.023408077141695557,-0.01514784064260677,-0.02904770270991448,-0.0025723389700318456,0.028333256465742414,0.01641161548302648,0.033646612321831665,0.02110722742226343,0.9382450948097866
2024-01-09,-0.0005263963990051655,-0.02547569535932038,-0.0213605074374509,-0.009802872224108182,0.024189005089597898,0.025315572047022103,0.033513875659192005,0.020744023616528117,0.7235028211081952
2024-01-10,-0.005809395832562178,-0.029743869373263003,-0.021483632874174294,-0.01820072414551367,0.01483550874125092,0.04490153027262494,0.030569002973632537,0.020793463728171743,1.2683935306261598
2024-01-11,0.004228374453649595,-0.0021074177779177704,-0.027056716738232862,-0.013322187280669119,0.01583221821630912,0.15069568340400238,0.027689866857104548,0.020779588114628874,0.6928117520569231
2024-01-12,0.03013205253417519,0.028551031155262745,0.004616557614561853,0.014801305577356148,0.04255028092840244,0.20028757869847993,0.028147391740653165,0.021542518987605123,1.6158127113074099
2024-01-15,0.005104743326284626,0.03946517031410954,0.03312937808254203,0.019571238602892227,0.044014478410399516,0.2919931342971023,0.02793134219130288,0.021396211385644702,0.9625567151598889
2024-01-16,0.0005089793642493543,0.0357457752247093,0.03416475384579669,0.018768131491546425,0.04072873883386971,0.14975686886289452,0.027662666733495985,0.021400326020058622,1.1259702756387362
2024-01-17,-0.01074449474237147,-0.005130772051837446,0.029229654935987354,0.007097367848460101,0.026453361909110785,-0.19219305769223113,0.026234565742532624,0.021633912821785912,1.5758321175580445
2024-01-18,0.013285835467180198,0.0030503200890582213,0.03828711594951802,0.01940493405488006,0.03382226836831539,-0.3565344023580036,0.028027551877638914,0.017559878335136437,0.8792247360775685
2024-01-19,0.036875030564912814,0.03941637128972163,0.04503009398025554,0.05230634460111717,0.0657489084385717,-0.26896671165419295,0.02736230851341267,0.017811967053295744,1.4040589937649377
2024-01-23,-0.034340212322271954,0.01582065370982122,0.005585138331699061,0.012872439671646623,0.024696463681764785,-0.09640063962420299,0.03247738222180347,0.0198417326157081,1.0258437961129956
2024-01-24,0.03434021232227192,0.036875030564912814,0.03941637128972163,0.04052121104792446,0.05301109868463862,-0.09124931425379629,0.03256918378160632,0.020601499818927567,0.7889517283541159
2024-01-25,0.022255481472403058,0.022255481472403058,0.07241634750449609,0.05310896213440843,0.06971032442700971,0.004455181299654925,0.034552276898411984,0.01975552916570112,1.3135519144475374
2024-01-29,0.028303734091382243,0.08489942788605716,0.08743424612869818,0.06965172792412143,0.09370228569788738,0.1646788779550485,0.035415268330446045,0.01890984309004547,1.1433552665207625
2024-01-30,0.016148041698838794,0.06670725726262425,0.06670725726262425,0.07471352929611474,0.10392566741607294,0.2839661733338312,0.03589406634280454,0.019027178074510973,0.8535857790970602
2024-01-31,0.04606221932565776,0.09051399511587892,0.14710968891055395,0.10772211518355441,0.14635002659254584,0.4031626078243113,0.036619610399650095,0.02076500032064395,1.1932166503836021
2024-02-01,0.038161137966078125,0.10037139899057476,0.15093061455436016,0.12830496691995047,0.1780448871100007,0.539643474008094,0.03771258663276217,0.021455892726407046,1.2365535877054277
2024-02-02,0.05364644904915628,0.13786980634089233,0.1823215821311133,0.1594471400949194,0.22538725882083632,0.5992155881786997,0.040100234791995676,0.02318233113360375,1.3983823643555011
2024-02-05,-0.03036062598310689,0.061446961032127434,0.12365722205662419,0.10120392645864165,0.17482311801327244,0.45098377838604053,0.042569417696657695,0.02514194303581207,0.7961905326626494
2024-02-06,0.00205306742390546,0.02533889048995482,0.10956224778169073,0.08413383285065543,0.1633900394106032,0.3697122102640165,0.043566130297177444,0.025059417347852494,0.4725356021243106
2024-02-07,0.01627364138892437,-0.012033917170277242,0.07977366984495726,0.07781301355396367,0.16639204458196857,0.4596850428771245,0.04317995829644153,0.023701211176960182,0.6406319720983379
2024-02-08,0.003223303183707171,0.021550011996536975,0.04483583506258637,0.060897068522499403,0.1542122836230948,0.592271934770647,0.04341452136852752,0.023600868814928958,0.9018909926253309
2024-02-09,-0.003223303183707213,0.01627364138892437,-0.012033917170277242,0.04025854608859961,0.1349531234267581,0.5656315179903845,0.044765337960684645,0.023496550249569217,0.9483129472895387
2024-02-12,-0.046673744347835514,-0.046673744347835514,-0.02834703553500584,-0.016059274747428312,0.0716874905456741,0.452416325488494,0.04959224729333438,0.027052461274736702,0.9666076796804152
2024-02-13,0.032039332261380275,-0.017857715270162482,0.0016392293024691713,0.005227797770072255,0.09447826308856429,0.45529830458109244,0.047589782743981256,0.027126523237622956,1.0666397179880194
2024-02-14,0.006937402281436471,-0.007697009805018714,-0.007697009805018714,0.005150397293420967,0.0900064025860476,0.5444489511312759,0.04734792026420446,0.027108127666703036,0.8125254979905372
2024-02-15,0.0468713088777192,0.08584804342053597,0.03595099588899332,0.04484279373298579,0.12702555581083957,0.5488126450629958,0.045734231360388275,0.02810624149305418,1.3824910841115903
2024-02-16,0.010038509448953674,0.0638472206081092,0.049212808521653904,0.05133479469724724,0.1222245396784047,0.5573421916105551,0.044591398867891485,0.0275389568304624,1.3474347738766996
2024-02-19,-0.013147874648974102,0.04376194367769868,0.08273867822051545,0.0319340869189272,0.09344736668034626,0.4740385726801577,0.0446532812445718,0.02823076831876712,0.5680632433408468
2024-02-20,0.008141185661878204,0.005031820461857499,0.05884053162101333,0.03405597580061289,0.08972335367627901,0.44263325833997186,0.04230557229222245,0.027692497277075928,0.46743721621084766
2024-02-21,-0.008919916188659843,-0.01392660517575578,0.04298321315091695,0.02124448144192281,0.06676091225725682,0.3024853506467383,0.041571590172443516,0.02599270667751426,0.7828574274115896
2024-02-22,0.005051434893640623,0.004272704366859092,0.0011633391668384456,0.022592147033679996,0.06035384403142068,0.12127783845764782,0.038178292275836995,0.025554928447644495,0.736528079388107
2024-02-23,-0.008172807900347986,-0.01204128919536712,-0.017047978182463154,0.011022898878114988,0.041683644773187915,0.28214565635391353,0.03726343828958256,0.02579457682247217,1.0893743121438153
2024-02-26,-0.02452654863970103,-0.027647921646408388,-0.02842665217319008,-0.018590558408952785,0.009317095697096444,0.2965469877150042,0.03830310316464531,0.02652933254281397,0.9437820991900542
2024-02-27,-0.01168189932538361,-0.04438125586543262,-0.04824973716045182,-0.03097882085856902,-0.008078435916381205,0.18834596806081236,0.038348003236198504,0.02677949352299852,0.8422901127293426
2024-02-28,-0.021708837223282137,-0.057917285188366786,-0.06103865819507413,-0.05014749701210738,-0.03185070923429724,0.034472708087154726,0.03984028983191299,0.02572218277236101,1.1934845899090858
2024-02-29,0.00906847185554088,-0.024322264693124995,-0.05702162123317398,-0.0361874703150994,-0.024204702997460498,-0.22469078185283906,0.03950994902494465,0.024399946863459913,3.3242417795129087
2024-03-01,0.024322264693124908,0.01168189932538361,-0.02452654863970103,-0.008300556659946595,4.006434141091732e-05,-0.12389371877492991,0.036014655262409,0.021831323877918588,0.48291073135999585
2024-03-04,0.009565660353121775,0.042956396901787486,0.009565660353121775,0.0031435548938417686,0.007875939628762683,-0.15558880511249554,0.03235677953519049,0.020727691005420587,0.39997330346619664
2024-03-05,0.028545401710413202,0.06243332675665996,0.04979296138891849,0.03202704304333629,0.03383683623596746,-0.14890695848734808,0.031170839870257594,0.021575461219754632,0.5354853864316821
2024-03-06,0.004999109642206942,0.04311017170574194,0.07650090825440763,0.035551191965171355,0.03635393862195972,-0.16916627047452296,0.030330424317813482,0.02135938344446235,0.6967826560198459
2024-03-07,-0.0038432676430257464,0.029701243709594392,0.06358916875584097,0.030882800843220225,0.030105901113175213,-0.2589102226768287,0.029567083182558743,0.02140583776382996,0.6968734410552916
2024-03-11,-0.0073430798205993955,-0.006187237821418295,0.03192382424211661,0.02256944903919771,0.020545448101615446,-0.2673318075814056,0.030754731323813723,0.021480304794034375,0.9840326792941649
2024-03-12,-0.023151853449658876,-0.034338200913283955,-0.0007936895606639183,-0.0017041252437773812,-0.005841032246010336,-0.3416969730393396,0.0331480689035384,0.019199115621103813,0.7772417322739131
2024-03-13,-0.05844359178244462,-0.08893852505270276,-0.08778268305352167,-0.05493019548194505,-0.06105512853181199,-0.3491912126406595,0.038750594891803804,0.022424251267161528,1.1992799231211961
2024-03-14,0.015452409360209472,-0.066143035871894,-0.07732938333551904,-0.040136820069366634,-0.04556599593811632,-0.35508904406928055,0.039547680079625794,0.02266976678566907,1.0408532903858834
2024-03-15,-0.024330046426513634,-0.06732122884874871,-0.09781616211900693,-0.06014284837721047,-0.06439947286895008,-0.45554911493847156,0.04206853563245919,0.020224453722277103,1.0796631862758428
2024-03-18,0.018927997658726183,0.010050360592422132,-0.07154508463968139,-0.038461524997658814,-0.04266138265337046,-0.3911696880137353,0.040863086247039465,0.020654003704757926,0.6042654984889461
2024-03-19,-0.0291713901641056,-0.0345734389318931,-0.07756462135412817,-0.05894226561377586,-0.06575018181603104,-0.38772294916855543,0.043053247625358684,0.021324968143256542,0.6652110017548079
2024-03-20,0.0008576748179449415,-0.009385717687434509,-0.018263354753738584,-0.04810473980611471,-0.06010792901314251,-0.3812440772348549,0.04231215942172755,0.021152734675684,0.9780973284526696
2024-03-21,0.03702568539477944,0.008711970048618652,0.0033099212808311708,-0.004645767403712074,-0.02177861639384814,-0.002354497586387794,0.03962352148405233,0.023132634186291693,0.9141090653471835
2024-03-22,0.013946046698860771,0.05182940691158495,0.041586014406205525,0.015259917012570333,-0.005529334204709993,-0.02784464497186903,0.03860924577859172,0.023378307993941663,0.9619331797942724
2024-03-26,0.009728451502886273,0.06070018359652646,0.03238646825036567,0.029399508251249856,0.005822292764841175,-0.04800568169924688,0.03852359335006229,0.023491418301666466,0.8512486028386679
2024-03-27,-0.009728451502886296,0.013946046698860771,0.05182940691158495,0.022150050017219293,-0.0030659223742710547,-0.20965202386860027,0.03799825045273234,0.022957891292990255,1.119355712912477
2024-03-28,0.013352422265435508,0.013352422265435508,0.06432415435907568,0.031081643184247856,0.009924715700899745,-0.32415288247128726,0.03591524600083648,0.023018506919319955,0.8363171241774138
2024-04-01,0.009600033872303652,0.013224004634852815,0.036898502836599935,0.03677407849610559,0.017663237412497167,-0.3598691389094165,0.0353161943610338,0.02249419420710757,0.7575521855473447
2024-04-02,0.00871981831855901,0.03167227445629822,0.03167227445629822,0.03818415807778957,0.024562781112619073,-0.22043547839742986,0.03343105720072452,0.022488537027509477,0.9304808197267254
2024-04-03,0.06456318268168283,0.08288303487254563,0.08650700563509484,0.09384480384125932,0.08836137405364893,0.04815694511067278,0.034432641244872914,0.026104800489319017,2.2208140705800057
2024-04-04,-0.00036986944712226363,0.07291313155311964,0.09586558769085886,0.07726668084040991,0.08400878783107214,0.2914231650576585,0.030955906053023233,0.026087113086829854,1.5304417233596366
2024-04-05,0.010675596365770132,0.07486890960033078,0.09318876179119352,0.07182113541411404,0.0926404896187459,0.4529442761033931,0.029162524781156808,0.02548196175292518,0.7952883952529616
2024-04-08,-0.02709402403792231,-0.016788297119274292,0.05649470388096758,0.03355752591429774,0.0623500794546924,0.4838508366836703,0.028861663407430235,0.026317941690165002,0.7035425583644583
2024-04-09,-0.0030142878601933125,-0.01943271553234544,0.044760597702215105,0.022692180268541133,0.058032053464408505,0.3920140853089802,0.02908356288386928,0.02631061609014947,0.4413623620264043
2024-04-10,0.02827565509906388,-0.0018326567990517132,0.008473070119596348,0.04208871713405267,0.08516943302100875,0.5110532387370225,0.028167906319677704,0.02691401459357324,1.0057412953550107
2024-04-12,-0.01069516629572254,0.01456620094314798,-0.0018522267290040542,0.02155228447745605,0.06983486092077114,0.641533870458062,0.02823242106086133,0.026421685884829585,1.0052069142685442
2024-04-15,-0.014942453043904,0.00263803575943738,-0.027470276138678123,-5.979073543117319e-09,0.04812622734374358,0.4986816101155324,0.02930264926403479,0.022571515038392873,1.1311208842831832
2024-04-16,-0.032902702145064334,-0.0585403214846907,-0.03327895424582012,-0.0345112242514126,0.01105040546066523,0.3673988622357325,0.031088510417149297,0.024003730548526257,1.0916505268954368
2024-04-18,0.007748981738490074,-0.04009617345047819,-0.022515684647136776,-0.029078895249176406,0.014209141870167584,0.3751810188076729,0.031620437114191526,0.02312504485973491,0.8558698887625242
2024-04-19,-0.010085483506083825,-0.03523920391265808,-0.06087682325228457,-0.033825563338961,0.0007998365708339691,0.3870644985776437,0.03269283959538096,0.02310050478857149,0.8716341160647937
2024-04-22,0.03711934874809363,0.0347828469804999,-0.013062308208468383,0.004225207781268904,0.03198302437177967,0.3965805007232453,0.03327250773874933,0.02294779060626721,0.9330560924710205
2024-04-23,-0.0018801448354356215,0.025153720406574286,0.0,0.005144875671354159,0.02361596937708053,0.40136936200044604,0.03376525700115866,0.022992216338949815,0.7691264229491157
2024-04-24,0.0011283915947828038,0.03636759550744097,0.034031093739847244,0.006203585685590732,0.02007547539483132,0.3338287232382507,0.03345864954901049,0.021857140493376174,0.5927014450392768
2024-04-25,0.02157018335500497,0.020818430114352346,0.04785229535636214,0.025505503683436896,0.03708783329882175,0.288799983331528,0.02924945021432749,0.022091977277241492,1.6524015229939268
2024-04-26,0.0040389483144754,0.026737523264263277,0.06197672717692131,0.029539309726485986,0.03634217727866984,0.22511601836891942,0.028529554769988006,0.022065700142251347,0.934108101102489
2024-04-29,0.005845886422490766,0.03145501809197124,0.030703264851318506,0.03370363927270647,0.036709721308632835,0.23508950066470816,0.028779603635248705,0.02179904964705223,1.343840145038232
2024-04-30,0.027310432514008675,0.037195267250974974,0.05989384220076283,0.05580306312166333,0.05875516609422036,0.44689017334756215,0.029118347765005922,0.02227903991964158,1.8523483667055631
2024-05-02,-0.021498637033865654,0.011657681902633691,0.03726681357211413,0.026050706475096302,0.03141687081456289,0.3676958648845175,0.03060485479636239,0.023105101734423778,0.9826420821743873
2024-05-03,-0.016432655247588506,-0.0106208597674455,-0.0007360250304792471,0.004660813399832266,0.01116902529410365,0.18915280871574766,0.03137492864300856,0.023556380969759184,1.0248026048940542
2024-05-06,-0.0662090638050856,-0.10414035608653982,-0.07098403715004041,-0.0589019388969971,-0.05076647089518458,-0.07701957529427603,0.0373440549070625,0.023853033493308286,1.7579148554358526
2024-05-07,-0.03849710269588896,-0.12113882174856305,-0.11532702626841991,-0.08714309622017961,-0.08222800821501726,-0.11717523082857084,0.03945216688811935,0.025115982910788606,0.9672640123378192
2024-05-08,0.0202353719728527,-0.08447079452812185,-0.12240208680957611,-0.06285200155294715,-0.05932014111042391,0.0213643808675819,0.03831845485304989,0.02551730907618711,0.8412691914807711
2024-05-09,-0.021462611831220158,-0.03972434255425656,-0.12236606160693067,-0.07521668874697898,-0.07554914757356954,-0.11195989302858521,0.0403777637274451,0.025284872458062674,0.9282646781625086
2024-05-10,0.014224910472677979,0.012997670614310543,-0.091708495886664,-0.05336750930993229,-0.05924342643753244,-0.11980353039808421,0.039778629775732266,0.02561966866869128,0.5258516233956164
2024-05-13,-0.006477750288826397,-0.013715451647368536,-0.03197718237040485,-0.04978777126340051,-0.06061015821006672,-0.20750681995285092,0.03965997942669451,0.024516178126395963,0.6411181967562959
2024-05-14,0.021298794493116464,0.02904595467696816,0.02781871481860054,-0.020638652903659096,-0.03704415600720285,-0.20493816607288096,0.03942062067960622,0.025166584874543558,0.5880631207288227
2024-05-15,-0.011597741020582919,0.003223303183707171,-0.004014398174834923,-0.01913587417265044,-0.04502147532063335,-0.12806889418255565,0.04114469307611814,0.025097518065334275,0.9482787830089399
2024-05-16,0.006815033173249833,0.016516086645783346,0.02426324682963513,-0.0022720393449237597,-0.037233583427603266,-0.23878707643949398,0.040522798761196695,0.02418896841145424,0.8417834922673082
2024-05-17,-0.00039968338193916634,-0.0051823912292722225,0.009638652975017778,0.005909998380638602,-0.03596819990241741,-0.26083986196231207,0.040053664437533346,0.024096263341684635,0.5734067651632229
2024-05-21,0.010338126529093127,0.0167534763204037,0.026454529792937345,0.016935550307465082,-0.02525541382786861,-0.29733995778326855,0.039020111812614076,0.024157008068297337,0.926789909414133
2024-05-22,-0.0043607838999507815,0.005577659247203163,0.0007949513998700346,0.009626966456413977,-0.026776206495972264,-0.4978138905815041,0.03748793415594278,0.022457596973362262,0.9466814449328157
2024-05-23,0.006336649459229688,0.012313992088372158,0.01872934187968266,0.014539194921320641,-0.018236071701231,-0.4057592795596994,0.035559187766563735,0.022550288029379445,0.8794627745068654
2024-05-24,-0.0015804805074926247,0.00039538505178633184,0.010333828198940234,0.009459880321066908,-0.017291692288770442,-0.3696252657141176,0.03392080030351701,0.02253617614746534,0.9006475888555959
2024-05-27,0.024220061004884004,0.02897622995662105,0.034953572585763475,0.0295637508818763,0.009290512499622016,-0.08755331438476943,0.03013177023792043,0.022692539212293274,1.7370329342501596
2024-05-28,-0.010475442105104526,0.012164138392286786,0.014140003951565833,0.014722148440640247,0.001993016975115715,0.13126596740090649,0.029056164256232878,0.022708112507889233,1.2420620451913151
2024-05-29,-0.0011707270023445968,0.012573891897435019,0.017330060849171956,0.011693108592107301,0.004431873453023949,-0.07296137023418012,0.02883918470084373,0.02261634641456907,1.175562507279006
2024-05-30,-0.004696724678796535,-0.016342893786245583,0.006296686711145794,0.00445279287767485,0.005086494663904232,0.025014047613850038,0.027321640787236798,0.021424756652001917,0.6771982583533305
2024-05-31,0.015570593959495033,0.009703142278353834,0.023447761178133464,0.016769400231383923,0.02433230612810854,0.246713864033284,0.026733984372965428,0.02153183198848395,1.4839103094261394
2024-06-03,0.05668624430940163,0.06756011359010022,0.055913944482651266,0.06610637126251614,0.0835607114875168,0.46111024251538935,0.027424404618415565,0.02508413754438372,1.6629279772363053
2024-06-04,-0.1720099453802767,-0.09975310711138002,-0.1056205587925211,-0.09458399113603777,-0.08341446292968828,0.11690621231311567,0.050684262256012136,0.04394508246927778,2.0533219812536605
2024-06-05,0.05481979234320911,-0.06050390872766584,-0.04963003944696724,-0.04055118449554488,-0.031591510427105556,-0.07749901920480169,0.052904635024178435,0.04512276795791958,1.1120523359007972
2024-06-06,0.016683982993635178,-0.10050617004343237,-0.028249331774535705,-0.022292388283653795,-0.01494677047511006,0.03929067559844171,0.0524904967613614,0.04504510301911626,0.5908883803815256
2024-06-07,0.009638652975017778,0.0811424283118622,-0.034181272759012865,-0.011770285680789356,-0.006571253088754359,0.04852554086017889,0.05267215396108226,0.04481457145055142,0.30633355457754835
2024-06-10,0.0019165940717187735,0.028239230040371655,-0.08895092299669578,-0.006570577175705852,-0.005234192076668742,0.05525293929857625,0.05282774464432226,0.04471058571395922,0.4539910740798374
2024-06-11,0.00636235146517746,0.017917598511914035,0.08942137384875835,0.0014051485741500892,-9.120875802057128e-05,0.1217468959336884,0.05163198092231032,0.04469612653931029,0.4554534452919267
2024-06-12,0.010567165797768174,0.018846111334664503,0.04516874730331734,0.012501438966015485,0.009838586142456167,0.1270668767065395,0.05099399990205478,0.044506403419046756,0.8326426806267333
2024-06-13,-0.0071640117306639465,0.009765505532281721,0.021320752579018335,0.005976895022849917,0.0017292960447995104,0.12601384129788756,0.05189675927587357,0.04445302275353606,0.8483564856033875
2024-06-14,0.01855170006337551,0.02195485413048,0.030233799667376035,0.025229231858678182,0.018958313355571226,0.10433497353010993,0.04986262667194456,0.04461233394695298,1.2802750755802896
2024-06-18,-0.002407046120059012,0.008980642212652486,0.025910159475598223,0.029616683178280874,0.01509272153944901,0.07504114801098268,0.04824468901121543,0.04461907068200558,0.751921654006137
2024-06-19,-0.002646868956149672,0.013497784987166885,0.016900939054271126,0.016367695629764006,0.011655016093666959,0.054577309700589896,0.04816097866340784,0.04457648629553264,1.761279966533807
2024-06-20,0.0015578300738296777,-0.003496085002378913,0.0078916033303327,0.01262534774816301,0.012178642346867146,0.11931539376323215,0.04755789995454119,0.044560469922013395,0.6760568291876341
2024-06-21,-0.009415043544955889,-0.010504082427275796,0.0056405715160406196,0.0004664780143236327,0.002442564655009781,-0.00939322379586514,0.04709709875857732,0.04460107347150316,0.7231361089880182
2024-06-24,-0.0058197598436088155,-0.01367697331473504,-0.01873088839094374,-0.006469321531047934,-0.0034126616778737007,-0.21363128498871434,0.04436613626932281,0.04462030206548554,0.9460635309287091
2024-06-25,-0.007544173725888012,-0.02277897711445275,-0.023868015996772667,-0.014134806805103197,-0.00936052591343206,-0.0006267498516221793,0.027302669239670535,0.04427827944576385,0.6268843873758646
2024-06-26,0.0018512063683132768,-0.011512727201183496,-0.019369940672309682,-0.01206686026079765,-0.006596030679797546,0.13603031146801015,0.022078161384572765,0.0442332665899025,1.3726153004109378
2024-06-27,-0.04237786369037125,-0.04807083104794596,-0.06330563443651073,-0.04792171462834435,-0.04500935187795985,-0.24347494867426023,0.02428886332740589,0.04519416628810551,2.765678688922145
2024-06-28,0.03349322411585841,-0.0070334332061995596,-0.02039736677569635,-0.014050487829265634,-0.011411876637952248,-0.05812893148778258,0.025383641360260285,0.04591939015130006,1.7728605686808327
2024-07-01,-0.006511516907333188,-0.015396156481846054,-0.02108912383942065,-0.016536187775111875,-0.01566550146981468,-0.18434967360004195,0.02469735207006969,0.04576306660475548,0.614978479321254
2024-07-02,-0.015056497533826055,0.011925209674699329,-0.028601447647358683,-0.026150478871181663,-0.024584724904892108,-0.27768196494394687,0.025825867538054728,0.04366916524458456,0.5464632631338497
2024-07-03,0.008337871994760488,-0.013230142446398864,-0.022114782020911602,-0.01389500239051316,-0.01944528124685577,-0.264656480366469,0.02570133924123973,0.019428624627582287,0.4879740323094257
2024-07-04,-0.0009047234318229038,-0.007623348970888434,0.019358358237636767,-0.010406520278019249,-0.020767144313966254,-0.25967077936728844,0.02509278981925879,0.015172013335386939,0.37994365494261684
2024-07-05,0.010395950039994266,0.017829098602931782,-0.003738915838227395,0.0023835610843093383,-0.010672066370785237,-0.27165450674829955,0.024430052661599696,0.014880371451840691,0.9538231036878129
2024-07-08,-0.01179571215259002,-0.002304485544418598,-0.009023111083484126,-0.006361698000050414,-0.021374705094269874,-0.33854259855669366,0.02514271620202537,0.014932131597760375,0.7465746161895939
2024-07-09,0.008451310847860948,0.0070515487352652085,0.014484697298202657,0.0035010523304061614,-0.012477018258913224,-0.2044262459188542,0.02469626838788576,0.015068579000846996,1.067398021549851
2024-07-10,-0.026242110666160636,-0.02958651197088978,-0.02009528536271829,-0.018353360901843013,-0.035935937339345206,-0.3068232441248909,0.026781215737027474,0.016009581162952338,1.5541452913946867
2024-07-11,0.0015086381062026258,-0.016282161712097138,-0.017681923824692903,-0.017033165740002656,-0.03190023194056946,-0.30692547852082414,0.026280203967726484,0.015754469011100062,0.7866714673133323
2024-07-12,-0.014000377254972777,-0.03873384981493069,-0.042078251119659855,-0.026274212195318468,-0.0425055696180252,-0.30215121506977427,0.02575286489958757,0.01592990617112919,0.8655235622724706
2024-07-15,0.02673305612104903,0.014241316972279079,-0.0035494828460207475,0.001374586356624759,-0.013955597774703803,-0.2169825289960103,0.02605993475626019,0.01660402297804548,0.9922545316873231
2024-07-16,-0.00888743345015943,0.003845245415916834,-0.020888227144041135,-0.0068524032978258065,-0.01977551547046017,-0.11836423984310585,0.02626277901054453,0.01666278297860292,0.8912117184536679
2024-07-18,-0.008546441589880705,0.009299181081008915,-0.0031925580677611134,-0.013014253486384256,-0.02494662790778123,0.06797931023445343,0.024120062423862453,0.01670940697211827,0.8025793623653643
2024-07-19,-0.019800843700444624,-0.03723471874048481,-0.024502039874408396,-0.028314050517350874,-0.03993601966969501,-0.2652664673791682,0.023253672474451908,0.017065466305628763,1.1360981424050323
2024-07-22,0.014062498506450905,-0.014284786783874463,0.0035608358870150908,-0.010724957698092152,-0.023265229561251488,-0.22294818493502974,0.024186332257565824,0.017497576847664627,0.7640107123277773
2024-07-23,-0.0034758938612301413,-0.00921423905522395,-0.026648114095264006,-0.011168948445221939,-0.023700636821573598,-0.19668265566690735,0.026211709149477277,0.017486478160167105,1.0841100353493756
2024-07-24,-0.010243361322590204,0.0003432433226304641,-0.02800404196769476,-0.016422478993155486,-0.030603950511013174,-0.19275595978262416,0.027253782429738426,0.01753362230080129,1.3858130631749221
2024-07-25,0.009988513596727113,-0.003730741587093319,-0.009469086781087125,-0.005289598008382234,-0.01816136748612213,-0.19589778978153347,0.027419785425729305,0.017748884819104385,0.7787437021038593
2024-07-26,0.0187660387227665,0.01851119099690333,0.029097795642123885,0.013082611768616002,0.00012502103593477673,-0.22638978120980952,0.02741618633450164,0.015711702702097083,0.8914082021778987
2024-07-29,0.05711213749804329,0.08586668981753666,0.07214743463371641,0.06430228921201189,0.05725844919903681,0.15712820596087723,0.029595056843068523,0.01890083225259751,2.773496260900663
2024-07-30,-0.011801615433778292,0.0640765607870313,0.06382171306116817,0.04779399102859389,0.04352962312077777,0.03176394138048266,0.02995777646366974,0.01905515463147394,0.6312325300802009
2024-07-31,-0.012507227629498685,0.032803294434766234,0.061557846754259654,0.03124946155953431,0.029138847186517554,0.030170934079730073,0.02967787153697034,0.01894870592515274,0.8805664586131415
2024-08-01,-0.008100495974854847,-0.03240933903813185,0.04346883718267781,0.019443610646832435,0.020281119481235614,0.033259488683790576,0.0312496437601869,0.018986467782244616,0.4242924762069335
2024-08-02,-0.022121662019689486,-0.0427293856240431,0.0025811364402219647,-0.005951380554947386,-0.0015152350791718127,0.027821124356546392,0.03259604549750977,0.01965224252261754,0.526239231215451
2024-08-05,-0.0539840482181835,-0.0842062062127279,-0.10851504927600486,-0.05489470444120827,-0.05049601079643015,-0.12111240853608876,0.03641641534913926,0.022791195404633823,1.3942728360920524
2024-08-06,-0.001141635976489143,-0.07724734621436223,-0.09785506981871578,-0.052877728711940096,-0.048586378547723845,-0.22205833057493593,0.0373115666816142,0.022717493020164573,0.7647850972523024
2024-08-07,0.01845620173289277,-0.03666948246177988,-0.06689164045632429,-0.03473710474881082,-0.028239937225193454,-0.13233691334388042,0.036438252940506746,0.02309484961596886,0.8837550662047405
2024-08-08,-0.016612720763837522,0.0007018449925660412,-0.075403865245307,-0.04770654212028137,-0.04216265121650747,-0.12434428096056963,0.03636580750394929,0.02267503118844021,0.8487487813922177
2024-08-09,0.010903321912484411,0.0127468028815397,-0.04237888131313303,-0.03348874122961055,-0.029979180275161124,-0.04886217626807678,0.035172087252279285,0.022853163259360047,0.7031027448808992
2024-08-12,-0.00582938416452813,-0.011538783015881179,0.005775782740522445,-0.02901104683740871,-0.03434153914527238,-0.02621236744458912,0.03266642461655114,0.022695316893750112,0.6499699224248952
2024-08-13,-0.00262121478083041,0.0024527229671260486,0.004296203936181126,-0.022266303110811042,-0.0341715452360206,-0.13537746317045346,0.03213974189625735,0.021711328679574322,0.8002015137422689
2024-08-14,-0.006407248582749475,-0.014857847528107995,-0.020567246379461026,-0.01980757651906347,-0.037782963572274175,-0.1310164969155717,0.03232746293597065,0.021681907873196803,0.9801747016410566
2024-08-16,-0.0046775875602511705,-0.013706050923830973,-0.008632113175874636,-0.01596530588936833,-0.03991436910366705,-0.22650434441479816,0.03146800419444608,0.02164418276139401,1.3085102995984286
2024-08-19,0.019014772600185803,0.007929936457185137,-0.0005206624881733574,0.007353367662823173,-0.020943382008900974,-0.664274046609951,0.027142979869531028,0.021751366038052184,0.8360716615911494
2024-08-20,0.018404363182957323,0.032741548222892096,0.023713084859312186,0.023014531520612672,-0.0024142928475016177,-0.5266415001509495,0.02672713078758806,0.021925966982403126,1.1418983606209556
2024-08-21,-0.008042409288648083,0.0293767264944951,0.018291890351494425,0.012525047058948743,-0.009841152931951513,-0.5015895509059789,0.02645821225662817,0.02198399800761824,1.3327241819333477
2024-08-22,0.008127633600560085,0.018489587494869314,0.032826772534803976,0.019519936520260888,-0.002104469349755829,-0.38909049382524474,0.024874626065679233,0.021942401381667177,0.7799296376000601
2024-08-23,-0.009331048572006631,-0.009245824260094718,0.028173311523048375,0.008080597560866872,-0.01076275173648526,-0.3528603630892056,0.02412488573578427,0.021920822341975607,0.5082955117869367
2024-08-26,-0.0009464607982909405,-0.0021498757697374893,0.008212078124571896,0.006350388038083693,-0.010102591047160572,-0.2657112919324658,0.020439787713873087,0.02144122652301995,0.5824906289158962
2024-08-27,-0.0017233023438462587,-0.012000811714143828,-0.011915587402231784,0.003435354232531874,-0.0071365282133231235,-0.22020391820807533,0.01840536239718229,0.01640601907113623,0.6033665744904616
2024-08-28,-0.0104894621099222,-0.013159225252059278,-0.014362640223505915,-0.007421637273500564,-0.01294993131771401,-0.39138474806490053,0.018219727655186917,0.01637808119526637,1.1373855076503847
2024-08-29,0.006774380288316604,-0.005438384165451892,-0.01571589353574938,-0.0023660824875851023,-0.0026287649879410376,-0.2441436623489787,0.01741043884253527,0.01644813556085373,1.2206806929417544
2024-08-30,0.008961704900129644,0.00524662307852414,0.002576859936386993,0.0035555113399510212,0.009128620147575735,-0.22313484548823026,0.016875203753047813,0.01663928369214534,1.7071881733462035
2024-09-02,-0.00042901579458357774,0.015307069393862777,0.0030943049400943582,0.001995028526171765,0.010331337336871069,-0.21964588206404245,0.016753707641448377,0.015998894812021557,0.9013338439442604
2024-09-03,-0.008013536316979217,0.0005191527885670028,-0.0031959290330386314,-0.004495724735062022,0.0015509118608329877,-0.1976519339285808,0.016585705645300364,0.010394427530723935,0.6609008516277572
2024-09-04,-0.023192647158118564,-0.031635199269681384,-0.01589911408123503,-0.024402853970215292,-0.02104142719971246,-0.2151574282170212,0.01714562300271913,0.01169080848597401,1.4184491566817614
2024-09-05,0.004064671908755567,-0.027141511566342223,-0.01860882246079607,-0.01706696245714378,-0.015975203602004818,-0.1882083102174525,0.017113868046468497,0.010885325361154729,0.9545936411066629
2024-09-06,-0.03044101920776908,-0.04956899445713211,-0.05801154656869495,-0.041327482187255835,-0.04381083001149284,-0.34984451833683605,0.01817530966158891,0.012273024592789191,1.4740009754168804
2024-09-09,-0.0033693822716670705,-0.02974572957068058,-0.06095191304577846,-0.03908356678921574,-0.04468538998798132,-0.5399998257572522,0.01827574839134278,0.011905263343613153,1.2138962777399043
2024-09-10,-0.0003649133070587573,-0.03417531478649488,-0.05330329003585795,-0.034040851784461756,-0.04294481917681301,-0.4021349324573964,0.017487241231968178,0.0118877252038197,0.5525499364601387
2024-09-11,-0.01962742077628637,-0.023361716355012167,-0.04973806365402569,-0.04668967288165879,-0.05873491614732015,-0.5625257368596422,0.019209790703578086,0.01250878819193893,1.0405961691723276
2024-09-12,0.011657088896473183,-0.0083352451868718,-0.04214564666630796,-0.02964959115468194,-0.04567120560210284,-0.42349663405027,0.01943391780055695,0.012902296846196594,0.9271353301704319
2024-09-13,0.021744976750709653,0.013774644870896387,0.010040349292170552,-0.0034619632903913665,-0.02386523199459512,-0.2523373059986329,0.020848052925592355,0.013944042614375393,1.290055625623175
2024-09-16,-0.0027037301356911433,0.030698335511491766,0.010706001428146516,-0.0010367433216277174,-0.02461568256322855,-0.16800831498580662,0.021542648397631117,0.013137036007374382,0.6554069576455938
2024-09-17,-0.025408062882243974,-0.006366816267225504,-0.014337148147038646,-0.01941564238015405,-0.04516952104308727,-0.17676155149196546,0.022923513308155355,0.013217455973705139,0.8921124436939618
2024-09-18,0.006642757745991042,-0.02146903527194401,0.011933030375238782,-0.009111581139484005,-0.03554083965898155,-0.3065092265938884,0.02330376574647276,0.013395811423695359,1.1698072463062892
2024-09-19,-0.013889158603444737,-0.032654463739697596,-0.013613217124679193,-0.017272192551262947,-0.0445604643610583,-0.48148656756103064,0.025314675854018222,0.013302670132210774,0.9965541779124694
2024-09-20,0.010757861204352731,0.003511460346899067,-0.024600332671035945,-0.005193732625388643,-0.0308333935961376,-0.34133456001887114,0.025689507832104917,0.013672316645013975,1.1536541050747964
2024-09-23,0.028193878403462515,0.025062581004370477,0.006297275868117527,0.02149060797512801,-0.0010436466420373216,-0.16980397225012567,0.0259938218840195,0.015402017079077839,1.4370764479502096
2024-09-24,-0.033558379030254444,0.005393360577560703,-0.001853040279892913,-0.010625038036654159,-0.030480135058297074,-0.2840322420776198,0.02758310550269459,0.016935919199238182,2.1538959044813843
2024-09-25,-0.026119417130352866,-0.031483917757145,-0.034615215156236986,-0.03399629560209371,-0.05133872493002239,-0.3678479301313678,0.029999321499474915,0.017615855548720055,1.5479038390654
2024-09-26,0.021099003282670552,-0.0385787928779368,0.00037294672987838487,-0.012098979185903096,-0.027491962372919967,-0.21657732018856024,0.028893655373958632,0.0183698538725868,0.712589207941729
2024-09-27,0.01782873662612248,0.012808322778440082,0.007443822151648082,0.007425184003604765,-0.006689044182784478,-0.05887108553390874,0.027938366013412444,0.018793631266410902,0.7710951025968894
2024-09-30,-0.018574696001867078,0.020353043906926053,-0.039324752253681435,-0.007820108480265013,-0.020823821835269835,-0.15011970304430733,0.029255005505502956,0.019085685298631055,0.6033889722006169
2024-10-01,-0.018831188981682876,-0.019577148357427545,-0.024597562205109766,-0.023781497950204247,-0.03451378827822309,-0.2929203078150101,0.02961424711383874,0.019351958772050475,2.021740594053117
2024-10-03,-0.001426727152244409,-0.0388326121357943,9.512777299860595e-05,-0.021824158930398217,-0.032391766055167345,-0.44292778453438186,0.030526778994594862,0.01886337940493116,1.52748032470842
2024-10-04,0.007491388295562829,-0.012766527838364582,-0.013512487214109152,-0.013182442670981356,-0.021714518737712966,-0.3412804046695365,0.0298738136970053,0.018952170488304675,1.0732384923377805
2024-10-07,-0.036364158375398685,-0.03029949723208037,-0.06770538221563022,-0.04276471953560787,-0.053180349940477566,-0.43494079762656157,0.034241213142861805,0.01943632418614009,1.0078884534562256
2024-10-08,0.004106381943953599,-0.024766388135882354,-0.045024304269809655,-0.030625773079507975,-0.04612550832179158,-0.44143167441348796,0.03345274691324756,0.01951557187216529,0.3518884254636389
2024-10-09,0.01558672333745154,-0.016671053093993585,-0.010606391950675193,-0.011912141053174593,-0.028659704128956194,-0.3458270683718243,0.03343625798405251,0.019965510988395926,0.6482392431411377
2024-10-10,-0.003946284163144103,0.015746821118261072,-0.013125948961574936,-0.014531610477249523,-0.030780611300385584,-0.29685106707798753,0.03196340732776958,0.019564260405023428,0.3651767707560899
2024-10-11,0.011697183350292621,0.02333762252459996,-0.008920153906845071,-0.000676302063561474,-0.017627641793811273,-0.30958396767729285,0.03101977689161915,0.019565712362076115,0.4255909471385802
2024-10-14,0.0009527371905199219,0.008703636377668298,0.028396741659073618,0.004303755983721687,-0.013874872342546737,-0.34636406770713196,0.02925570978999034,0.018786614447020296,0.641614043686887
2024-10-15,-0.00028569594765909663,0.012364224593153412,0.024004663767460768,0.006162758634305796,-0.011450500790700343,-0.2836289536166632,0.027297702372409038,0.018795202849430245,0.6897473999703413
2024-10-16,0.0006665965954228343,0.0013336378382836334,0.009084537025432207,0.00698810060148536,-0.009401446244062544,-0.21967725402515056,0.025001685046822555,0.01802591652970615,0.8944627064320841
2024-10-17,-0.024963981966085014,-0.024583081318321178,-0.011933160777508679,-0.015385189200771872,-0.030950735634128795,-0.3107646984833741,0.025835852558239763,0.01865821776802976,1.1394353404207307
2024-10-18,0.007874398365711438,-0.016422987004950765,-0.01575594576208991,-0.0051347472690210765,-0.021448192887945906,-0.3617497627360569,0.02521129691469721,0.018623037576152288,1.1364814266127319
2024-10-21,-0.009534979238852692,-0.026624562839226238,-0.026243662191462513,-0.014784493689518905,-0.027915708985852546,-0.345786890712973,0.02562041971223234,0.01844963079110656,1.0458441244760828
2024-10-22,-0.07446149086617132,-0.0761220717393126,-0.10041945710997476,-0.07879035994174104,-0.09051289799117672,-0.2532062474162704,0.03164821690542706,0.023048674465245632,2.1450213361017116
2024-10-23,0.01805612126229295,-0.0659403488427309,-0.08302993244310457,-0.05520430374752792,-0.0689701768170921,-0.14556532485098927,0.03190198528674123,0.0229301191896326,1.3299167446908542
2024-10-24,0.021184810137322922,-0.03522055946655531,-0.03688114033969652,-0.030294149523814026,-0.04614259447310362,-0.2222406445446434,0.03211571630153388,0.023125546653287348,1.5299419279334496
2024-10-25,-0.031164047995657404,0.00807688340395854,-0.0759195867010654,-0.05148832787127595,-0.07021467432774925,-0.12741428794575682,0.03278906848216585,0.023200798981164086,0.9834704260510421
2024-10-28,0.030049574630387148,0.020070336772052555,-0.03633503283182561,-0.016344382792171163,-0.03690212652658745,0.1141671562604924,0.034772889791258865,0.024000394499020812,1.3858450938626752
2024-10-29,0.026905608329102035,0.025791134963831782,0.06503206636344776,0.014172159392340901,-0.007789457733921704,0.20498406574666717,0.03552746476448951,0.02479730037611652,1.5794484331839824
2024-10-30,-0.013612424181091652,0.04334275877839748,0.03336352092006301,0.0055831883293863144,-0.018681988664196514,0.2496428665129288,0.0359286357323036,0.02464695577888751,0.7755437571200213
2024-10-31,-0.020823503596899596,-0.007530319448889227,-0.008644792814159582,-0.010601399454260177,-0.03551547489452629,0.032527430685190095,0.03801982841784279,0.024979421449343533,1.3493503842222125
2024-11-01,0.030975912345740646,-0.003460015432250637,0.05349516752723856,0.022893034855681758,-0.002779929208353007,0.04415280669600435,0.03850831574444979,0.02605362298297161,0.35844168898718576
2024-11-04,0.026097359785904987,0.03624976853474613,0.049542952682756415,0.048494782978408896,0.022789506308108935,0.24843723925111916,0.04014194841454956,0.025500133376783547,1.6900536669353754
2024-11-05,0.01017480331283702,0.06724807544448277,0.0328121476664914,0.04886210686873125,0.03211881224863539,0.3516857307993331,0.04109307735205595,0.02557793097232952,1.0522632013874662
2024-11-06,0.021447301472507264,0.057719464571249046,0.06787187332009023,0.06065717498848136,0.052999433520225694,0.4323473169990581,0.039767100902560804,0.02578570095543322,0.7721070706282958
2024-11-07,-0.0025271113484004056,0.02909499343694377,0.08616826556858943,0.04969598985606021,0.04878295589276745,0.44962918284182535,0.03997482052381764,0.025772266417451905,0.6257159969325168
2024-11-08,-0.01815650235208521,0.0007636877720216071,0.03703585087076355,0.021693543533507022,0.02997329310060506,0.4233369811100431,0.040802681027292786,0.02601008349008605,0.46265864539416024
2024-11-11,0.0033344242624499046,-0.017349189438035557,0.01427291534730849,0.018650356206669307,0.033347376766004196,0.45481097949714383,0.03667218188380787,0.026020400966651792,0.613726089265951
2024-11-12,-0.013501344867151611,-0.02832342295678691,-0.00940323283268013,0.0026582023389447743,0.020116182510210225,0.47090667340349,0.03588297769354038,0.02619689725448763,0.6844222240903495
2024-11-13,-0.031036844899189328,-0.04120376550389104,-0.06188737920437664,-0.028546588928091032,-0.008870489589236783,0.36542215900502156,0.03653823023823725,0.027061218296958605,1.1526175019269744
2024-11-14,-0.01069746157877391,-0.055235651345115024,-0.07005772943475018,-0.04035730308356778,-0.017979232121636317,0.38606421148690884,0.03480607121996205,0.02661346976285583,0.8457462824083819
2024-11-18,0.01039904298428465,-0.03133526349367866,-0.04150218409838042,-0.02990479218821671,-0.006370221465824836,0.27266780771551213,0.033110221122635355,0.02666606386577077,1.0559400878356953
2024-11-19,0.0032772497839255693,0.002978831189436229,-0.04155935857690488,-0.02409289925087156,-0.0024035042496010376,0.20182341539750978,0.03155717480749506,0.02661278897550895,0.8568213386279483
2024-11-21,-0.04553844560823206,-0.03186215284002193,-0.07359645931798531,-0.05995160622698293,-0.04748254912665989,0.04732987447931805,0.03595517037085325,0.022924015056589853,1.6838844423930552
2024-11-22,0.03517360404247152,-0.007087591781835053,-0.00738601037632443,-0.01944989472465455,-0.014911531505548003,0.24609539447284903,0.034741100102024046,0.023903090827093135,1.0351954732053137
2024-11-25,0.04207946202417005,0.03171462045840947,0.045390913226619756,0.025310220561488492,0.02471479815126091,0.2849533782047456,0.034949299255893525,0.025224329728089315,1.3321935488266854
2024-11-26,0.009559395457999758,0.08681246152464132,0.04455126570033477,0.03483243858001381,0.029798613675970573,0.14916259572863666,0.03224512860448921,0.02396387972686064,0.5442480868285197
2024-11-27,-0.006969330019069091,0.044669527463100635,0.03430468589734013,0.028414918170435118,0.019779107540086018,-0.03919675004099858,0.031615249419168774,0.023322206539983254,0.6125422620218725
2024-11-28,0.018133155967094368,0.020723221406025002,0.0979762874726666,0.044598674454684045,0.03592961101528146,-0.10534666967616588,0.03131594011493598,0.022924648730477518,0.8719853740444595
2024-11-29,-0.013163732114390035,-0.0019999061663647155,0.04963895131580506,0.026559413015367753,0.019926976251218333,-0.26595284409632525,0.03282037190386569,0.022908378507229234,0.9124968605739436
2024-12-02,0.0009528279842455458,0.005922251836950003,0.008512317275880582,0.022027110954613367,0.017387628885850777,-0.23750261732086841,0.03180272216529497,0.02225405701747253,0.6022710719761267
2024-12-03,0.027893112433179105,0.01568220830303472,0.026846034251059993,0.04337998284201814,0.042634390498516604,-0.08190653386237273,0.031225610391821902,0.022063598572215862,1.3784567275209745
2024-12-04,0.018717855768904664,0.047563796186329416,0.05253322003903373,0.05377603579566487,0.05908179934712894,0.08231834590366276,0.030445291216635976,0.021722169216282627,1.509414616795005
2024-12-05,-0.008489766962319185,0.03812120123976461,0.025910297109620364,0.032299557718540574,0.04792416318316662,0.12010278983464814,0.029722618723873336,0.021797490839743302,0.673619286723446
2024-12-06,0.009307519833966455,0.019535608640551875,0.048381549057976675,0.03191340615492008,0.05614045366338079,0.27230171882313386,0.029946802082174144,0.02139403728533589,1.4870953740953834
2024-12-09,-0.012153510915983167,-0.011335758044335885,0.03527521015774792,0.015014770335527661,0.04235244398314846,0.27442631763869146,0.02876318414420555,0.02159526394330266,0.7653339074350094
2024-12-10,0.015508462615515,0.012662471533498344,0.022890560340083653,0.025748174281149564,0.055770344632558616,0.2819477365267076,0.02777741614213919,0.02133760037463286,0.7960205883429521
2024-12-11,-0.017256768356171626,-0.013901816656639707,-0.013084063784992526,0.004282400657285291,0.03600445741223056,0.3737685552269937,0.025938735205767678,0.021794181280509417,0.7611864037588199
2024-12-12,-0.007024095576741324,-0.00877240131739795,-0.011618392399414658,-0.0041563043893577505,0.026749555010008388,0.26550437285703465,0.02480323795003445,0.021605117710015123,0.6107780221281095
2024-12-13,-0.0008350526184488482,-0.025115916551361816,-0.02176096485182984,-0.007581558235976427,0.022402116086123965,0.0680581210808856,0.02371669023521471,0.02018838867482104,1.240165507203883
2024-12-16,0.0041683799519893795,-0.0036907682432007023,-0.005439073983857328,-0.006346996662488363,0.02245658575898122,0.04608122328547438,0.023558612952096825,0.019912114088972824,0.5297935950814419
2024-12-17,-0.020451743381618738,-0.017118416048078143,-0.04139927998099116,-0.024688761687862083,-0.0008201782681414836,0.060773119887848705,0.02480017327966478,0.020589012341687345,0.8992307492867428
2024-12-18,-0.028324505856933416,-0.044607869286562775,-0.05246701748175293,-0.045797618056475496,-0.029716848586910018,-0.07099937204703238,0.025741444963728714,0.021719482004033668,1.0973201680213513
2024-12-19,0.004744573870326466,-0.044031675368225734,-0.040698348034685146,-0.03629714240444776,-0.02837355151612488,-0.06621487123158985,0.026544201908910346,0.018748034760728737,1.2460741435406937
2024-12-20,-0.0269241788801872,-0.05050411086679407,-0.06678747429642345,-0.05367847308995249,-0.05460624507016405,-0.10087918086184856,0.028700425863801993,0.018378537911913073,1.3614613175163448
2024-12-23,0.006035191300128722,-0.01614441370973187,-0.06492066294828408,-0.04129668652131044,-0.04766379690097571,-0.2602703419762479,0.02792180747708358,0.015648384397707406,0.9465564878448564
2024-12-24,0.0025613227107535307,-0.01832766486930476,-0.041907596855911784,-0.03074458840358778,-0.04366277932216123,-0.3848046534226677,0.026978960709693946,0.015469326197000104,0.6406575325556533
2024-12-26,0.0051031247643430495,0.013699638775225422,-0.008479966234635306,-0.01978462826672759,-0.03776503567507197,-0.2975337759200528,0.026387171687014804,0.01548753606081081,0.5833967639908132
2024-12-27,-0.007072778547800092,0.0005916689272964761,-0.020297318652761902,-0.020698172852767205,-0.04235936632749727,-0.5495149771302792,0.025201381147760837,0.014854859744703325,0.654272650787313
2024-12-30,0.0031496174206946666,0.001179963637237515,0.009776477648119902,-0.011914112149296134,-0.03791244916974582,-0.6073922347972672,0.025522237461227174,0.014675776246124234,2.7269597349608823
2024-12-31,0.009973641935138264,0.006050480808032824,0.013714928283129448,0.0032504350740011336,-0.027248068906114434,-0.6672700628651367,0.024997916731590367,0.014892776920759972,0.6334516616905153
2025-01-01,-0.00116817028200277,0.011955089073830288,0.009985435290373048,0.00534699022293799,-0.025936115600073806,-0.5911083550859533,0.024338322162297074,0.013244878816551658,0.39979965425530445
2025-01-02,0.027098792434305588,0.03590426408744112,0.03198110296033582,0.03049073894691937,0.0029762282332423755,-0.42835819524736535,0.025434755599604654,0.014059740407907858,1.0184337502246505
2025-01-03,0.00868425719623138,0.0346148793485343,0.0477381387043673,0.03656224922597769,0.013015005947310714,-0.2280604492605053,0.02389904129219926,0.014173101297592661,1.0112715081332233
2025-01-06,-0.04478511094743916,-0.009002061316902163,-0.00019658966376656986,-0.009771888461525059,-0.027481741006238274,-0.3584217936405989,0.02771070616641897,0.01694398575439383,1.6122948181577144
2025-01-07,0.013375852610181675,-0.022725001141026102,0.0032056210112766754,0.0018752811809996538,-0.011712619818203934,-0.2509723497498345,0.02743257844279225,0.01725214598703063,0.7478610279693747
2025-01-08,-0.011117709413093495,-0.042526967750351065,-0.006743918119813993,-0.009519184974332908,-0.018641661412658314,-0.2507760844796906,0.027122843666480996,0.01679669387854221,0.7609313314329147
2025-01-09,0.0005882465163362284,0.0028463897134243356,-0.03325446403778351,-0.00881120077996326,-0.014959503963394294,-0.24315593304760455,0.02483165230916399,0.016527415955596744,0.8465817283502542
2025-01-10,-0.03379000681070566,-0.04431946970746298,-0.07572872804472051,-0.03913027708235728,-0.043449130899420145,-0.244062400028362,0.025909529730049254,0.01788857560160767,1.1028176280607704
2025-01-13,-0.03318869731890399,-0.06639045761327346,-0.06413231441618537,-0.06472070607646836,-0.0691185784936391,-0.25681473753205625,0.027944144343417056,0.018974460721189905,1.197617268631293
2025-01-14,0.030854232213356148,-0.0361244719162535,-0.046653934813010854,-0.03126415365895312,-0.03535211780643352,-0.22545838067486243,0.028779028100803912,0.020600690354387448,0.9589202059670972
2025-01-15,-0.0016271785541181114,-0.003961643659666079,-0.037163403954035515,-0.028622280799188247,-0.03325313848962212,-0.20102112208970752,0.029400229900667887,0.020272120129401574,0.7986117039956396
2025-01-16,0.01985256699348844,0.04907962065272632,-0.017899083476883255,-0.003965416236848118,-0.01250377022950412,-0.11399185394106397,0.029998303345932884,0.020064813085279805,0.8226940032840623
2025-01-17,-0.0008984840988335486,0.01732690434053665,0.014992439234988837,0.0013800974472027393,-0.011740098226044786,0.04101572859896592,0.029176364885318423,0.02001372874907949,0.6789377835455696
2025-01-20,0.00865122275317567,0.027605305647830567,0.05683235930706835,0.010828907829024622,-0.003266489263391277,0.06856942878577527,0.029816133059798376,0.019215590140411104,1.2206216334604492
2025-01-21,-0.006755516692338547,0.0009972219620034964,0.019222610401373783,0.006834626076482149,-0.00945915452015041,-0.018636434656031327,0.030616316409720568,0.019220998305320952,0.9889456711171469
2025-01-22,-0.021358820723583402,-0.019463114662746254,-0.000509031768091383,-0.010698964375717955,-0.028742114972598504,-0.1884472969494992,0.03132819486048399,0.019755581492389537,1.4090939846532546
2025-01-23,0.012447701943104286,-0.01566663547281767,-0.007913896818475664,0.0043231744540778725,-0.015247143170273609,-0.2478084095530417,0.03148661857843891,0.01995636202003257,0.7758274200801957
2025-01-24,-0.01837153282269269,-0.02728265160317179,-0.025386945542334644,-0.01294237706534928,-0.031341018521503984,-0.206338414399832,0.03072408804178332,0.02028400076588817,1.0306922468784678
2025-01-27,-0.021851377994944656,-0.02777520887453311,-0.055889546290455006,-0.0343648811866849,-0.04933007670543629,-0.35330742306590224,0.031485102652017906,0.020720847163261186,1.2911805325536962
2025-01-28,0.04373676916679615,0.003513858349158722,-0.005397260431320338,0.007410699139815268,-0.005343110563371983,-0.16564134217655294,0.031748411856202446,0.02308811713905349,1.3275936060059446
2025-01-29,-0.020350011020008482,0.0015353801518428905,-0.004388450727745467,-0.012404318381816489,-0.022998578954421246,-0.18321867947247583,0.0335335030421484,0.02346969018034644,1.090442803878719
2025-01-30,-0.01286753017062226,0.010519227976165346,-0.02970368284147207,-0.02137325264099488,-0.031152300561606516,-0.1797113876285391,0.033101941285248404,0.02250381179854641,0.9232684907954681
2025-01-31,0.04734846662031958,0.014130925429688879,0.03601631660154019,0.024965759196793683,0.01848258396706837,0.04638971313256718,0.032643982974859626,0.02519079909592978,1.4399731811694623
2025-02-01,-0.01844973542391506,0.01603120102578224,0.0394179591725697,0.007913157632478804,0.0010680686241705255,-0.08838240242093164,0.033517860835145075,0.023495708731043747,0.7666858301553199
2025-02-03,-0.010421477146106362,0.018477254050298115,-0.014740287140332636,-0.0005082654668427047,-0.006913808848790405,-0.2022015607765485,0.03359292191702736,0.02332124221602175,0.751235761382375
2025-02-04,0.007397302832412609,-0.021473909737608803,0.013007026712088634,0.006043382851482801,0.0019371245469214714,-0.204460410099488,0.032451128602247914,0.02332355551895999,0.6461751312265297
2025-02-05,0.01214204656438782,0.009117872250694244,0.038016603447098805,0.017475513867674104,0.015085572031413343,-0.0980213781748101,0.03261518633500521,0.023519033270398233,0.8340197126306693
2025-02-06,-0.0054005774900944365,0.014138771906706201,-0.014732440663315277,0.009843234027340693,0.009066620104878168,-0.21934546950579148,0.03158126947331234,0.02225041567485896,0.8786183709742854
2025-02-07,-0.004522894874839636,0.002218574199453756,-0.0008056001142398278,0.001472862058604961,0.002560131012184928,-0.2321752377453545,0.03153015884621536,0.020841765054753297,1.145469670942876
2025-02-10,-0.009717606155565224,-0.01964107852049922,-0.00010172912369868256,-0.006738926335476576,-0.007085031129029143,-0.20036432804150764,0.029985307939044414,0.019833293866956994,0.727463629536248
2025-02-11,-0.03193574731055389,-0.046176248340958743,-0.039434779266665235,-0.03547333885007499,-0.03681974105288718,-0.2955793444807375,0.03166349611832923,0.02107887914708946,0.9738091539096188
2025-02-12,0.004714732418059042,-0.03693862104805999,-0.04686209341299406,-0.030080010375924827,-0.030035763783407256,-0.29638898228904,0.03235823454641208,0.020534042000891043,1.171682849803317
2025-02-13,-0.01082452262977079,-0.038045537522265596,-0.052286038552670375,-0.03409844696723454,-0.037800686462385644,-0.19569936666209856,0.032106615878670114,0.020617580668086843,0.5906359969924792
2025-02-14,-0.025577905538388183,-0.031687695750099894,-0.07334104921621891,-0.05161864666260144,-0.05790919181013338,-0.368160172042549,0.03281453911175628,0.02103180167619277,1.0267387355597228
2025-02-17,0.01003080267250271,-0.026371625495656262,-0.053592640388150974,-0.03696889306497375,-0.04492970400033952,-0.34081114470014995,0.032663335054871456,0.021271926878673186,0.9268214789332102
2025-02-18,-0.014267444715324049,-0.029814547581209494,-0.03592433779292124,-0.0435036190856881,-0.055390176008909435,-0.30499918560078215,0.032821664143839684,0.021019547235050492,0.6718831054282182
2025-02-19,0.010827311664130295,0.006590669621308785,-0.029811758546850118,-0.025582904286113966,-0.04187044566439576,-0.4972442864577414,0.030537499325267933,0.020958537378585468,0.9061871764361373
2025-02-20,0.02960273547045844,0.02616260241926463,0.010615499553379123,0.007998675237821514,-0.012079156337194924,-0.3399945051405464,0.029609419991635612,0.021882021298753475,1.2009317025335626
2025-02-21,-0.014744930080262592,0.025685117054326023,0.021448475011504667,-0.0014726669834057627,-0.02590526949537023,-0.21636962653658728,0.030367551198989564,0.021581579749112016,0.7935683124815439
2025-02-24,-0.002762429815753905,0.012095375574442003,0.008655242523247966,0.0003511935894669642,-0.025677202741099463,-0.3499432409296702,0.030033578394792867,0.018882451382800255,0.8400314499542465
2025-02-25,-0.009299377197220522,-0.02680673709323711,0.013623310041351505,-0.006688211669985581,-0.032363650774489446,-0.5367730839328686,0.030298834643076478,0.018505620935795792,1.0831995712530047
2025-02-27,-0.012535296776049299,-0.024597103789023814,-0.00973929839882788,-0.0151645077299294,-0.04214819720087618,-0.5412138882535709,0.03117814007464503,0.018495911162083038,1.4855609889585706
2025-02-28,-0.05097286409105722,-0.07280753806432692,-0.09031489796034362,-0.05678301135582619,-0.08315501117579682,-0.5520253873984743,0.035146215382810896,0.017617329915808853,1.8194589934657581
2025-03-03,-0.0011449427826649623,-0.06465310364977132,-0.07671491066274584,-0.05279150939211589,-0.07837363651771187,-0.5663990829154315,0.03618479402759343,0.01746707212402938,1.1681623988907497
2025-03-04,-0.0022938257676811758,-0.0544116326414033,-0.0762463066146731,-0.04867498210284712,-0.07500146740584869,-0.5571714013232222,0.03574298920015519,0.017464863255130615,0.7273172883232921
2025-03-05,0.02997449904799969,0.02653573049765354,-0.03697243036945291,-0.017452456473721997,-0.04211945768355992,-0.37183236415574894,0.033668693403963064,0.019039432819503634,0.9334283497544871
2025-03-06,0.013832998995102916,0.04151367227542151,-0.010604134598300594,-0.0017225265321038782,-0.023948125834289975,-0.31877464399531164,0.03328466039170194,0.019122831123657133,0.9011162662634818
2025-03-07,0.0019763229590367337,0.04578382100213929,0.04234505245179318,0.00519300923054978,-0.017511726140235447,-0.30673870510560874,0.03069618928761623,0.01918271988424619,0.700113251746823
2025-03-10,-0.028594044827769675,-0.012784722873629915,0.014895950406688568,-0.017019104451503474,-0.039686123800897956,-0.3079759936410784,0.03148984776657884,0.019926146794997247,0.9560385948248183
2025-03-11,-0.004865107364816778,-0.031482829233549676,0.0123246688095529,-0.01543239135695752,-0.039066233603203944,-0.30417585766930244,0.0316434225096563,0.019903998232591504,0.5812592585787926
2025-03-12,-0.014508669644458723,-0.04796782183704517,-0.03215849988290543,-0.022826895487146514,-0.04859393246409048,-0.41459836390815696,0.032344243125191935,0.019046131864383718,1.0659314210019295
2025-03-13,0.0034462740904076727,-0.015927502918867815,-0.0425452247876008,-0.014176837883731775,-0.04086233436907753,-0.5525632211673311,0.03012779116971407,0.019015668791352427,0.8812369063973968
2025-03-17,0.003091560463140694,-0.007970835090910471,-0.04142998728349678,-0.01121382290490208,-0.03408367085114812,-0.5469342692209795,0.02909568822595912,0.01903186357168039,0.9193968594097097
2025-03-18,0.0,0.006537834553548358,-0.01283594245572722,-0.011414981252565987,-0.031527642314713826,-0.5258849246784245,0.027576799650218937,0.018348379963251536,0.0
2025-03-19,0.03978336596816543,0.04287492643130606,0.031812530877254906,0.024158076969482665,0.008984648003144309,-0.38733226055055353,0.027858872678148797,0.020510253037263813,1.434814372420692
2025-03-20,0.0030715548078627153,0.042854920776028066,0.049392755329576474,0.025508574303502604,0.012402801067000202,-0.2415614844604363,0.02751525690640956,0.020292918382090675,1.2101699521862752
2025-03-21,0.019952960680715642,0.06280788145674386,0.06589944191988435,0.043655630125228245,0.03264579859994236,-0.011804960177901905,0.025031442742189092,0.020655768268409133,1.539458266146941
2025-03-24,0.029514960703018112,0.05253947619159659,0.09232284215976194,0.06921530797227227,0.06341348431429329,0.20471689057188314,0.02425875859775251,0.02064918947337584,1.4924947574350864
2025-03-25,-0.022347255693734216,0.027120665689999622,0.06997558646602768,0.03954966291199588,0.040166348232444304,0.1931775597611842,0.0248069722804615,0.021004649567193247,0.9663862208949171
2025-03-26,-0.010178489144439053,-0.0030107841351550966,0.020013731353423426,0.023701902791759787,0.030278164646277292,0.010684354278784128,0.024230014145715618,0.021116794616532847,0.95698951975899
2025-03-27,0.03751701168531147,0.004991266847138258,0.05445918823087207,0.05181053279717741,0.06771663142523919,0.1457939295725839,0.025249298726161686,0.022642003932440893,2.0669492994972485
2025-03-28,-0.002908598343774038,0.024429924197098458,0.031597629206382254,0.03863685087190116,0.06216296162752664,0.2765641252215454,0.026229357150222364,0.0224239231272801,0.7291946898814975
2025-04-01,0.001143637819703281,0.035752051161240826,0.0032263063230676607,0.030064928482125792,0.0582045210349122,0.30420417628079294,0.025479450107856846,0.018623638099025876,0.48851888058328463
2025-04-02,0.011364933375771786,0.009599972851700993,0.036938495392573475,0.030947454913799948,0.06441839217796518,0.39114949811905914,0.0256978443771603,0.01862272021336727,0.5476113140570866
2025-04-03,0.016909901451093827,0.02941847264656903,0.06402688598810641,0.03974124053719702,0.07556674047871566,0.5359625550980431,0.02544732504315344,0.018697426728068983,0.9248895215859365
2025-04-04,-0.024437645576973897,0.0038371892498915796,0.0020722287258209513,0.009013310846149314,0.04569855151313635,0.493599290374934,0.02740768451676069,0.0190434660774232,1.10350537483684
2025-04-07,-0.017647846673737328,-0.02517559079961738,-0.012667019604142241,-0.01047697525625909,0.02522555766525398,0.3357931245898419,0.03180873729508254,0.019457350699030516,1.3856966209639765
2025-04-08,0.020748362963364377,-0.021337129287346955,0.006937705539518735,0.009237405917789338,0.04348484983477417,0.3805721544714757,0.033108771857847635,0.01989812662604651,0.9898649224640299
2025-04-09,-0.011937647673062608,-0.008837131383435667,-0.01636487550931571,-0.004759986997745493,0.027142731339303852,0.26972701595175735,0.03250685358153399,0.018823404990372345,0.7758079654456962
2025-04-11,0.003336125395856005,0.012146840686157515,-0.029938651564553616,-0.004764822269430183,0.02622166856528569,0.26109186455996736,0.03219042929509468,0.018711738405086782,0.5644417281278314
2025-04-15,0.005293935606071607,-0.0033075866711349666,-0.0002070703815080481,0.0003313591463376357,0.026357532513139586,0.2644681778859889,0.03193911639557014,0.018180727133607574,1.1281548048959258
2025-04-16,0.022926048714529107,0.03155610971645665,0.04036682500675827,0.020675847909439448,0.04371059790004932,0.2757670162043847,0.030882747233512493,0.018594081167360776,1.4126543852167581
2025-04-17,0.006756425410638756,0.03497640973123964,0.026374887454032856,0.024147221728754272,0.04415351389737318,0.4065439738839393,0.029641057031194806,0.01857926723210157,1.165470082902977
2025-04-21,0.027752064656305166,0.05743453878147306,0.06606459978340061,0.04761907058875029,0.06524774859255658,0.5362724823834464,0.02976539273933076,0.019101728423710655,1.2053235159323283
2025-04-22,0.010501817815804636,0.045010307882748665,0.07323029220334944,0.053951549374177295,0.06961055452059606,0.4970249098933732,0.027803106701919347,0.017585783034539434,1.1567260448879537
2025-04-23,-0.0035854538262116856,0.034668428645898114,0.06435090277106598,0.043371676734961444,0.059364946435532764,0.29968142166619943,0.02827741651240438,0.017713964116810886,1.1545458491745848
2025-04-24,-0.0030139478093155784,0.0039024161802774728,0.03841090624722144,0.03209855777414171,0.05101032900954051,0.4046280789278762,0.02782723369954273,0.017507365379309022,0.880283646139636
2025-04-25,-0.03376726475026084,-0.04036666638578806,-0.002112783913678289,-0.004551665501277211,0.01436911091928707,0.254496636628148,0.030243295720836682,0.018511493433935874,1.0452422437773803
2025-04-28,0.028593231194111696,-0.008187981365464675,-0.0012716173758715963,0.017781531968520725,0.039353407129129214,0.25372230945461083,0.029516623747808265,0.018530047375135167,0.8205292538478609
2025-04-29,0.004492178530857707,-0.0006818550252915475,-0.00728125666081869,0.015736323527512797,0.038870305023586085,0.37584279771271356,0.029015457396557868,0.018215766097243558,0.8207551386510673
2025-04-30,-0.02386232054849864,0.009223089176470703,-0.02755812338310567,-0.011755227940371966,0.012426716171741344,0.4230207319039417,0.027257038346894524,0.01760981140021471,0.6205530624420224
2025-05-02,-0.007110305262792479,-0.026480447280433465,-0.03165448083658263,-0.019404941334429073,0.003545184254926798,0.32988602796143196,0.027386927031138337,0.01769546538027989,0.6238221829962326
2025-05-05,-0.0010055233582281283,-0.03197814916951925,0.0011072605554500365,-0.020293905437128588,0.0009415323036554565,0.35101015003123737,0.026588096520637348,0.017705690179478605,0.6833783105005393
2025-05-06,-0.05086980120116227,-0.05898562982218287,-0.07835577183982384,-0.06164329207001822,-0.04732612848856471,0.22858175369937314,0.03143098634636498,0.021054211823278685,1.5065182465564868
2025-05-07,-0.002331514205206134,-0.05420683876459654,-0.08517946457588756,-0.05526098247648462,-0.04726286138793368,-0.06991039316042631,0.03283819714258495,0.0206036677853781,2.8620390244675575
2025-05-08,-0.031143011130221176,-0.08434432653658948,-0.09246015515761014,-0.07340915034977821,-0.07401960278234451,-0.2693435995477729,0.03560483248712797,0.021030281746758542,1.5878473762153584
2025-05-09,0.0066546606603508935,-0.02681986467507631,-0.07869518923446672,-0.05695973588997606,-0.06644131207461924,-0.3927464980077551,0.036339494491645384,0.020827965251074082,0.7775984519146251
2025-05-12,0.04059143710124268,0.016103086631372335,-0.03709822877499591,-0.014345402594515071,-0.027209303598534205,-0.38748561448737007,0.03533395245385963,0.022363515690192185,0.6366642089788801
2025-05-13,0.019642957560544218,0.06688905532213772,0.03341452998671039,0.00987337144845863,-0.008878276020015256,-0.4104664526495989,0.03498303402410252,0.022633140500537424,0.5286788406439448
2025-05-14,0.002045394222129585,0.06227978888391644,0.03779143841404626,0.01693506697054664,-0.007755077998613689,-0.30395184090440636,0.03361988091831989,0.0226279459971884,0.49620872675769606
2025-05-15,0.004485258758801589,0.02617361054147519,0.0734197083030688,0.023516334610327736,-0.00416783821273563,-0.34042260709778815,0.032924556654526635,0.022620455275860197,0.5913602772882485
2025-05-16,0.005982901410083612,0.01251355439101466,0.07274794905280149,0.030291078409532407,0.0017673983658478222,-0.23632782175896394,0.03010673046178786,0.022062030811424424,0.7178834864291416
2025-05-19,0.020018698426228276,0.03048685859511331,0.05217521037778718,0.04947328622686629,0.021294314861552026,-0.1896659599747308,0.029701147507064506,0.022470052949474587,1.742070030843096
2025-05-20,-0.004170889807118175,0.02183071002919378,0.02836136301012483,0.0386026246055323,0.017975883166063928,-0.16920915825801458,0.029306403988629725,0.02156306301059735,1.28713712155494
2025-05-21,0.013933791504838824,0.029781600123948874,0.040249760292834016,0.04491389768412912,0.0330338167985592,-0.0858960094101711,0.02822795610797742,0.021671893116986925,0.8085858206715756
2025-05-22,-0.01512859833003089,-0.005365696632310226,0.02063590320400157,0.019802701076634635,0.018886537091838598,-0.09788604991162955,0.02893579630844536,0.021904650083131146,0.7623253208089628
2025-05-23,9.956312288710691e-05,-0.0010952437023050462,0.014752564916805053,0.01126307792473745,0.020189312232003286,-0.10420082996605473,0.028890216938273146,0.0219028777833917,0.6022044232607975
2025-05-26,0.005761420515339975,-0.009267614691803894,0.0004952870059167355,0.011825980146288911,0.025213986236306746,-0.014032585571080886,0.02524337878993586,0.020545385841825973,0.6752502759353194
2025-05-27,0.01044449236019233,0.01630547599841942,0.015110669173227263,0.018021416928918697,0.036056845489450165,0.2825115152709719,0.023909879070616105,0.01963544279954111,1.2176336926972064
2025-05-28,0.0026430559052317663,0.018848968780764207,0.003819933573620308,0.016243597787854256,0.03897819312793572,0.568567089821264,0.021046603792462957,0.019617158310900346,0.8172016101792005
2025-05-29,0.0001954559903528116,0.01328300425577682,0.01914398789400391,0.012428950231636858,0.03807417666922715,0.7722755930939786,0.020190736547339976,0.01880858888894451,1.2536070022709553
2025-05-30,0.03373212031883921,0.036570632214423866,0.05277654508995608,0.0400510701457349,0.0702563977826029,0.7950557124209243,0.02031077349462859,0.020053463668491152,2.3519016452258477
2025-06-02,0.024641934334044012,0.05856951064323593,0.07165705890866014,0.058146341771268824,0.09195430370618148,0.8155876580506615,0.020125924519712034,0.020591348596037187,1.661828499633498
2025-06-03,0.00899506358587206,0.06736911823875519,0.07020763013433978,0.0584651567442656,0.09357985888255377,0.8317408973995009,0.02042867919514944,0.015973425803679504,1.1969628217700472
2025-06-04,0.0009133189458568571,0.034550316865772826,0.06847789317496492,0.05166144329535747,0.08628070614409748,0.8457840760841077,0.02163593374883691,0.015886105218007478,0.9974099053388314
2025-06-05,-0.00475849441725566,0.005149888114473068,0.06352394276735633,0.038048423820621576,0.07173925460321841,0.7530305565002579,0.022112591639371938,0.013409119400290222,0.41447061217364334
2025-06-06,0.010584051309848325,0.006738875838449527,0.04037587375836543,0.039394727889827695,0.07353383045251764,0.7615249375130128,0.02156212336877241,0.013404259384712765,1.1404090535813267
2025-06-09,0.018167571235318352,0.023993128127911077,0.033901510659639825,0.047345191523977904,0.08453993504948971,0.7633851504340816,0.021594094446221533,0.011415956808938943,0.7831527748091307
2025-06-10,-0.0038398196463276576,0.024911802898838993,0.021066627427440154,0.033921303681610754,0.0730760638830958,0.6573202254724765,0.021312907780548392,0.011353296558175572,0.6724274016249605
2025-06-11,-0.013239196625307157,0.0010885549636833918,0.006914111856276087,0.012818647822385489,0.05268683716411266,0.6340333514168873,0.02108535230871326,0.012170748920880454,0.7895773787786334
2025-06-12,-0.02088756982453976,-0.03796658609617469,-0.009214963551007977,-0.013290726022030295,0.026176883749922053,0.5881979907834344,0.022813238813986562,0.013575340614071984,0.8549708044458219
2025-06-13,-0.013139073946451085,-0.04726584039629803,-0.032938088807307433,-0.026872608094556112,0.00909135935599303,0.5222390840827674,0.024140061078091277,0.014142101657874794,0.6757535422206462
2025-06-16,0.0016870053886798256,-0.03233963838231102,-0.04941865465394584,-0.023741380232190405,0.007990120086514858,0.436485001252546,0.023858577518239013,0.013616367684337109,0.914825217088045
2025-06-17,-0.00855793963846671,-0.020010008196237904,-0.05413677464608497,-0.02890004284346054,-0.003135224861335645,0.44074014092285807,0.025298186475232597,0.01376958844595924,0.7988664326924362
2025-06-18,-0.0037849889937998002,-0.010655923243586631,-0.04468256701457753,-0.02895279474069568,-0.008572059439139523,0.3686719125702581,0.025265456083060082,0.013571419163560371,0.8238237786803899
2025-06-19,-0.02398654660190182,-0.0363294752341683,-0.0477815437919395,-0.04666681288958845,-0.03325585143308712,0.21080205650818157,0.024616427879042294,0.014276642040249837,1.2293708385356144
2025-06-20,0.029147386786642377,0.00137585119094088,-0.005495083058846088,-0.01468142053492092,-0.007293818297958208,0.14816343921808184,0.024453576937881357,0.015568911657670687,1.3643772153968698
2025-06-23,0.008407903866435827,0.013568744051176473,0.0012258154189097377,-0.0014633218773218524,-0.001697914228577556,0.06413576651566671,0.024438593678521994,0.015607178718776402,0.7321790067116506
2025-06-24,0.012528232796453775,0.05008352344953177,0.022311987853830255,0.014442126730716674,0.00794727269402565,-0.025836225737011772,0.024258709103464098,0.015667255649369556,0.8609071353512888
2025-06-25,0.006819511257461618,0.02775564792035111,0.032916488105091846,0.022619979221894102,0.011679980779070561,0.07455973898373784,0.02366279154760497,0.01569044988845476,0.6602040584665928
2025-06-26,0.0029218886429670573,0.02226963269688255,0.05982492334996067,0.02435465267040908,0.011346423952965678,-0.04585031193199029,0.022409592616463907,0.01567497924876364,0.8994412089973876
2025-06-27,0.000846665833924654,0.010588065734353563,0.03152420239724295,0.02252882950809152,0.010519799638303061,-0.03450857431638937,0.022206794573152874,0.013946109640466026,1.852599843135326
2025-06-30,0.03837404731935661,0.042142601796248465,0.06149034585016389,0.05571103208660605,0.04751566388196563,0.2049112716732357,0.023183088479432797,0.015398807900664464,1.8747964591941393
2025-07-01,0.022991572290347508,0.06221228544362885,0.0719536853440576,0.06986774098961793,0.06847946288765475,0.4071644220915928,0.023970656321280998,0.016021673444907014,1.4705063873577122
2025-07-02,0.006874685859055785,0.06824030546876012,0.07200885994565187,0.06581162690723884,0.0721043994553648,0.5799940953222378,0.022935309130518493,0.01603508610342175,0.9643544921734818
2025-07-03,-0.03231265667808554,-0.002446398528682099,0.03677431462459919,0.02220988299741457,0.03592792616500964,0.4328996497915119,0.02460180145631485,0.017850112564129755,1.1522538939832894
2025-07-04,0.005608799867936414,-0.019829170951093232,0.041536448658610996,0.020567854647363003,0.03991101358734921,0.4506971214966427,0.02389178516072494,0.01775832798590026,0.37512202944703993
2025-07-07,0.014864203272946226,-0.011839653537202914,0.018026604612200535,0.027713854330511822,0.05376892498718121,0.4583328310536834,0.023206990586224472,0.01761217141508591,0.6190137687383349
2025-07-08,-0.004453953474576441,0.016019049666306108,-0.009418921152723548,0.01683992397908012,0.04742430399011289,0.5399756025565572,0.02332458970371689,0.017622625118664755,0.5795343135561215
2025-07-09,-0.009057970783097379,0.0013522790152723754,-0.02535157779487682,0.0030634093201567934,0.03613570664730846,0.5692555397418826,0.02267696130229704,0.01746219562553126,0.6021581271415097
2025-07-10,-0.011234017872017943,-0.024745942129691875,-0.004272938988809201,-0.011278043232534464,0.022279290184537854,0.49025600563154287,0.021748748905729774,0.016928965945996306,0.6857692464090658
2025-07-11,0.004091444956017539,-0.016200543699097836,-0.005790293900728155,-0.01067335845905892,0.02332416525938839,0.3720961314451091,0.02181548775904302,0.016539768766205616,1.418286308994666
2025-07-14,0.004616874498162189,-0.0025256984178381966,-0.016037622675512044,-0.006291448169192538,0.024759190054739873,0.3763611864975118,0.02145049569998025,0.016539674876715187,1.1309839156031403
2025-07-15,0.013634913867007142,0.02234323332118701,0.0020512446660716187,0.00810143321716293,0.03435581408136924,0.39297528602545156,0.021987310877936164,0.016451049058005394,1.2264654490010967
2025-07-16,0.024031818621725085,0.042283606986894734,0.03514103407089425,0.03158367369822558,0.053465896162721065,0.4323745629451136,0.022838242807281982,0.01689735922483367,1.7384541589744662
2025-07-17,-0.010316582968548415,0.0273501495201841,0.03605846897436385,0.017745026094506733,0.036145349279464015,0.29392491394613446,0.023162955783716178,0.01587751401946497,0.907165506008964
2025-07-18,-0.0038742889227998457,0.009840946730376937,0.02809273509554641,0.011547779229414705,0.02731654237536713,0.13699607014938678,0.021614451443641224,0.015086906138006123,0.6873939772390664
2025-07-21,-0.00663866133761273,-0.020829533228960907,0.016837199259771465,0.004774000096415065,0.016516114741663476,-0.03314956243480111,0.02045799134029835,0.015269901110889212,0.5158851761809343
2025-07-22,-0.029470853959912304,-0.039983804220324805,-0.026268568567148078,-0.02206676644562864,-0.01483202115232048,-0.21551259347034205,0.022513736668248647,0.01684437786768285,0.8491488371106488
2025-07-23,0.005381963621617369,-0.03072755167590765,-0.04491842356725589,-0.015838639176518978,-0.011288525577285095,-0.11576271407337288,0.02104126542291591,0.016825408472839334,0.9384282439086705
2025-07-24,0.0067999719155448475,-0.01728891842275003,-0.027801868683162544,-0.009930232401473414,-0.006517305290123667,0.00890404477482548,0.021905528497954206,0.016860793691309387,1.1606002191253209
2025-07-25,-0.020632414278137067,-0.008450478740974772,-0.04455999403849973,-0.02858419657608082,-0.027708613984263875,-0.121713551529688,0.023139654138415823,0.017608158140503365,0.8816880794657015
2025-07-28,-0.015056071696770458,-0.028888514059362564,-0.05297740439765761,-0.039718714246110405,-0.04064178263187197,-0.2363545510162301,0.024413720385065743,0.015568665739189821,0.8783740217885521
2025-07-29,0.02314061030901807,-0.012547875665889437,-0.00036594012872717907,-0.014624200763796497,-0.016512931020411296,-0.13299104734973624,0.024737580812687704,0.01558114080448228,0.8865014950312955
2025-07-30,-0.010948197535904017,-0.002863658923656431,-0.016696101286248603,-0.019278761858733506,-0.024698336735553963,0.08566994750001712,0.025862286694421425,0.0155745816763011,2.2874600701244256
2025-07-31,-0.02548387181218343,-0.013291459039069352,-0.04897994501397681,-0.03660500981657518,-0.047154055963456024,0.023525341677659385,0.02770245679107712,0.01495108312155989,1.6059209209359868
2025-08-01,-0.021097799943333856,-0.05752986929142129,-0.04944533067917371,-0.04786512056699104,-0.06380005581960387,-0.08198264262554361,0.02834850967638362,0.015398204735167405,0.5683008114173259
2025-08-04,0.014241997160389173,-0.032339674595128036,-0.02014726182201391,-0.027079254687455624,-0.04697726778209773,-0.10754426562885086,0.027633690601955026,0.015359548139888787,0.5511151341015258
2025-08-05,-0.00960068784495031,-0.016456490627894886,-0.05288855997598223,-0.03126924509342472,-0.05248096819064157,-0.30656318155239204,0.026501467776770374,0.015417327779775126,0.4500755075358783
2025-08-06,0.0016386158608382264,0.0062799251762773,-0.04030174657923993,-0.024126611019134003,-0.047806815304392146,-0.2844351137109456,0.026079715031553912,0.015413547882584944,0.7709995295285639
2025-08-07,0.008248661701117752,0.0002865897170059157,-0.006569213065938747,-0.010482129860342552,-0.037682845952412794,-0.1765370648857102,0.026302145212913373,0.015503694442027502,0.9455042736315986
2025-08-08,-0.007093640705519705,0.0027936368564364725,0.0074349461718755,-0.013317168795310778,-0.04172796281979308,-0.10359788393843587,0.025974023591076208,0.015460226838823048,0.64900082648841
2025-08-11,0.024610525136044278,0.025765546131642336,0.017803474147530484,0.011506914279999456,-0.01595584441110311,0.03724171426824384,0.02462522663607402,0.016579389449149978,1.3852368903583578
2025-08-12,0.0010319491425832697,0.018548833573107926,0.02843611113506402,0.015095568542783168,-0.012390255920587552,0.14481313967735857,0.024003752899678255,0.016191872558588928,0.8820595617227273
2025-08-13,-9.378907773329953e-05,0.025548685200894268,0.02670370619649254,0.0164128041248266,-0.00865936612991968,0.11122026077634871,0.022947697662979685,0.014958690231309413,0.7243022090505375
2025-08-14,-0.0033815607410912717,-0.002443400676241254,0.01507348375428343,0.012113342048150552,-0.008545109035250827,0.14605252452620662,0.021661113317327927,0.014878886982094514,0.5651472803164109
2025-08-18,0.004599847343531122,0.001124497524706497,0.02676697180333427,0.013315326957318163,-0.00090770354850225,0.2470441701041476,0.020518074072859657,0.014985363966015243,0.8534250539820658
2025-08-19,0.010527929656274982,0.011746216258714857,0.012684376323564967,0.020900560615510773,0.011891375672907272,0.23175333734926495,0.019323448979619223,0.015254601513224757,0.9460680629186975
2025-08-20,-0.007348536930791032,0.007779240069015155,0.004303890250190604,0.010128640732375852,0.005529429115681313,-0.025474041746427645,0.01780546329240325,0.013910762420152097,1.0282385509169887
2025-08-21,0.0004667293757266708,0.003646122101210623,0.00486440870365054,0.007436409256016539,0.007303827617294275,0.27634974615356783,0.01564416387953537,0.013834810941445456,0.7603328973548755
2025-08-22,-0.01760462228666668,-0.024486429841730904,-0.0093586528419247,-0.010701962576418077,-0.007765231552165684,0.3211213748728787,0.016057694797038242,0.014157909352524149,1.1442279134245879
2025-08-25,-0.0006650486598629777,-0.017802941570803008,-0.01462354884531891,-0.012538001535258454,-0.006932214819675722,0.19918902322460455,0.015613549408424087,0.013500094652357608,0.7389357587025743
2025-08-26,-0.023559958931644687,-0.041829629878174346,-0.04871143743323864,-0.03210619280222003,-0.02821186734068416,0.17416106134103942,0.016736408795654203,0.01407156631864535,1.6961324229463715
2025-08-28,-0.012927412782027116,-0.03715242037353482,-0.054290313284474714,-0.03983572341338779,-0.03712459687241775,0.1918677204336353,0.017109064129223306,0.012958150391532546,1.3521571347639634
2025-08-29,-0.0056343717599914205,-0.042121743473663265,-0.06039141442019288,-0.03999697562821455,-0.03924269740812665,-0.004957739139835411,0.016830461432418866,0.012856262795061019,1.3166231340163397
2025-09-01,0.013880260988793098,-0.004681523553225451,-0.028906531144733145,-0.022868812107261112,-0.024378606406747712,-0.02034310664759829,0.016731141760836312,0.012307995459796196,0.5535820324742889
2025-09-02,0.005556920861351444,0.013802810090153293,-0.022684561623518562,-0.013740130399419877,-0.01879232747390309,-0.10745987853659685,0.016027328452479048,0.01148869851079383,0.6682566740655593
2025-09-03,0.013902544985570272,0.03333972683571509,0.014777942293696361,0.0035311486054069702,-0.004884910330484335,-0.1441765910792273,0.016292283652959462,0.011466538843997108,0.7830486177036753
2025-09-04,-0.008473042003108411,0.01098642384381346,0.019232313072615217,-0.0013904616479122208,-0.013167956403193421,-0.17105481461080274,0.0169765465827586,0.011420417886349803,0.7024944255760454
2025-09-05,0.003185809847766886,0.008615312830228794,0.028052494680373557,0.0051054554646481854,-0.00998129613116041,-0.1784468615242514,0.017108432684420728,0.011438154572924164,1.0440081519334927
2025-09-08,0.0044239261081205775,-0.0008633060472208239,0.018596159799701115,0.01061920866319813,-0.0053640348329645595,-0.1983912715674552,0.01693695374831048,0.011323707502427826,1.0221873258904237
2025-09-09,0.0006714921403587048,0.00828122809624628,0.013710731078708314,0.012220805896192453,-0.004852641784842278,-0.32292154208414814,0.016384458360015043,0.011208515271965862,0.8448270019843319
2025-09-10,0.01880936376731638,0.02390478201579576,0.018617549860454347,0.027957845118877087,0.014178089559543493,-0.13819075471553488,0.017121073027926644,0.010601032107995359,1.6231753755181408
2025-09-11,0.014017610799469902,0.0334984667071452,0.04110820266303277,0.036143901644082925,0.027950035435055295,-0.05812267182766405,0.0178703988691925,0.0110636201908201,1.542632926203687
2025-09-12,-0.004184732738004415,0.028642241828782108,0.03373766007726142,0.025476829137200483,0.02333030778446605,-0.04757650977885959,0.017013457765957394,0.011113226696369322,0.8047822528273662
2025-09-15,0.011120535130992664,0.020953413192458206,0.04043426910013349,0.030817184643987243,0.03367470479857575,0.07206375837209564,0.017233434568092183,0.011330455639621796,0.9918068400659505
2025-09-16,-0.000645307174707297,0.0062904952182811285,0.03911746978506755,0.02472030804458871,0.03218684963289718,0.24587170316517087,0.016065499578789257,0.011304352236650658,0.659404244915642
2025-09-17,0.03203394202980629,0.0425091699860916,0.052342048047557294,0.050463930688442245,0.0637267098149556,0.5240442644329625,0.016790216153100054,0.013152571082289562,2.2503106604246965
2025-09-18,-0.0009828943243308866,0.030405740530768163,0.03734154292375634,0.04118769465128704,0.06028938828273484,0.7238471142714039,0.01697275249381777,0.012994294127617064,1.0493841967423772
2025-09-19,0.01279110011932714,0.043842147824802426,0.05431737578108805,0.04529940118791051,0.07082270739818892,0.7601777877760193,0.017305517253599637,0.013199888799661968,1.4612662388452018
2025-09-22,-0.0022974484937401288,0.009510757301256018,0.04089939215635515,0.034473289641732525,0.06446692520902993,0.7734210072738139,0.017515933838201207,0.012373270554633213,0.8352489480321219
2025-09-23,0.0034441627859668825,0.013937814411553994,0.04498886211702932,0.02942243272535237,0.06402637875615919,0.640472334351951,0.01731087331935272,0.012333628345649088,0.5960895721249172
2025-09-24,-0.02156560267324227,-0.020418888381015465,-0.008610682586019186,0.0031356540224499766,0.03731669084259333,0.48820703542611993,0.01889148189658216,0.012107131345071276,0.9381439242226626
2025-09-25,0.003507034602339102,-0.014614405284936205,-0.0041207536593491235,0.003359546161698316,0.03614413749469731,0.4325192584785498,0.019011290554724548,0.011447805967250018,0.8239176288755886
2025-09-26,-0.032942442903323266,-0.05100101097422643,-0.049854296681999706,-0.029574616837490665,-0.0006443564907324815,0.2936804518723619,0.02160285596770407,0.014070616466058105,1.1589548430695664
2025-09-29,0.015830990507682836,-0.013604417793301276,-0.031725857680576654,-0.01497638288100996,0.011915498255071494,0.37594885286256413,0.02221585253334217,0.014154238422534564,1.0320921850271711
2025-09-30,0.029866388583952377,0.01275493618831203,-0.005303631882591218,0.010894693768271868,0.037813084979569235,0.43811774243956053,0.02256872448862982,0.015342203442644463,1.7984228728343292
2025-10-01,-0.0024846829113668646,0.043212696180268524,0.013777287879284296,0.007862323508595464,0.03132461308725097,0.4491876912132875,0.02257409808957873,0.015258044679023839,0.9241400604698065
2025-10-03,0.016041236340581133,0.0434229420131666,0.026311489617526367,0.02186325281050151,0.04277027924906034,0.5403006983633883,0.02298305135463226,0.015204248121866914,1.0370110916824886
2025-10-06,0.001485284150783912,0.01504183757999818,0.060739216671633366,0.02224958482522461,0.039208477556254645,0.554088921090235,0.02299259301296937,0.015219862932187817,0.7867194753584872
2025-10-07,-0.003235565308521972,0.014290955182842915,0.041672660855428534,0.017920798600604897,0.031192251330479,0.4778325684259281,0.02321725822740557,0.015329688550914409,0.5288746188906885
2025-10-08,-0.00906256512991685,-0.010812846287655038,0.0027437071415592883,0.008998386676089418,0.0178167237222588,0.32917525444032664,0.02239324314506152,0.01561170645217415,0.8404859981681573
2025-10-09,0.010200612979955897,-0.0020975174584829817,0.015429003032881916,0.016361387657814603,0.02454701404418172,0.32173556482074106,0.02195975406288371,0.015299704621578316,0.7770594231763729
2025-10-10,0.025396500121379745,0.02653454797141883,0.024784266813680636,0.037118262086518264,0.046453996403825804,0.3574871572068764,0.022170634366206133,0.015905242708145965,2.0849190261991573
2025-10-13,-0.0024766306860515676,0.03312048241528424,0.020822351976845368,0.026237243961712023,0.03939383507498664,0.3462731749765885,0.02173699971734009,0.015862288729229734,0.6439717790131794
2025-10-14,-0.01446929344506809,0.008450575990260181,0.00958862384029935,0.006408435615353365,0.021394578311501895,0.35408064591576616,0.022530943753455154,0.01630905407991361,0.5984842222622238
2025-10-15,0.00975537491569451,-0.007190549215425052,0.028406563885910688,0.013116564933991074,0.02778281251727826,0.46710267115187887,0.021097195123551037,0.01635173502706053,0.6110363108426898
2025-10-16,-0.002494525510681263,-0.0072084440400548,0.015711425395273575,0.007470787820896832,0.023351738062510494,0.5788584658105776,0.021174491386998742,0.014947677380101011,0.8502054030932922
2025-10-17,-0.020974648979529376,-0.013713799574516036,-0.03065972370563569,-0.012866613433608306,0.00129892704688039,0.5833365400065577,0.021547926067091036,0.01578940110698136,1.283605546345717
2025-10-20,0.037968336367036795,0.014499161876826006,0.009785243347452552,0.02217451864085393,0.037853972426945534,0.6193812927052238,0.022571665989846692,0.01768438034930696,2.114187466493901
2025-10-21,-0.0036476293681816777,0.01334605801932568,0.020606907424339033,0.0153769089336085,0.031975706831295435,0.5720052214924778,0.0210819581808509,0.01770451455882252,0.27543966284213306
2025-10-23,0.004663224807006692,0.03898393180586175,0.015514757315651245,0.015670659546597528,0.03462611419817476,0.5933690689784592,0.02108659009601825,0.017711819399940987,1.4615761535724503
2025-10-24,-0.010886302096963302,-0.009870706658138134,0.007122980729369072,0.0024001659448910874,0.0207751589365341,0.47165091163429423,0.02132351323833857,0.017112668877036833,0.6243229439487025
2025-10-27,0.022742619598888188,0.016519542308931604,0.05084024930778667,0.023362032633255567,0.040518713224937525,0.4723103331266125,0.021733680253152952,0.017696786845882852,0.8349339898859812
2025-10-28,0.012460703130207949,0.024317020632132674,0.025332616070957915,0.03250166838745383,0.04748848721866355,0.6057785755242753,0.0220247472906408,0.015549115018120752,1.784237241320178
2025-10-29,-0.00024768839515623594,0.03495563433393976,0.02873255704398319,0.027141639166819168,0.04200725223128753,0.7139591188924723,0.02155243681487381,0.015420158675982997,0.7800428777155499
2025-10-30,-0.008375206781006015,0.0038378079540457044,0.015694125455970532,0.015397083253971397,0.03009921841750679,0.5628517084067954,0.021995410873171292,0.014523265968285825,1.0560518438720956
2025-10-31,0.02304821015197183,0.014425314975809591,0.04962863770490581,0.033149224780719126,0.04946284512430314,0.5607265612631442,0.021657004493381062,0.015115013072419423,1.4017588187009127
2025-11-03,0.005113417769361998,0.0197864211403279,0.03199943587537964,0.02994270043392493,0.05073771804359922,0.5735799369524418,0.02171424621903815,0.014867326476501443,0.7191365373804021
2025-11-04,-0.0021882461764187867,0.025973381744915078,0.017350486568752828,0.023297144827464363,0.044571206374687686,0.5521617063660551,0.02126341217049858,0.014920651863069177,0.6295796461035177
2025-11-06,-0.022897072907484668,-0.019971901314541494,-0.005298897943575543,-0.0021785387037653553,0.018211327610717216,0.44007274849717587,0.02290031704033268,0.0160073504015241,0.8346719871966943
2025-11-07,0.015813195576016487,-0.009272123507887092,0.01888950441344682,0.010244420513534256,0.030416557654667054,0.33328331994626553,0.023854282283881274,0.016013235108374275,0.7911179136734323
2025-11-10,-0.00032691171078056455,-0.007410789042248848,-0.00448561744930568,0.005432314097687275,0.026604944517640432,0.42735730621611284,0.022519218167263932,0.01596906463736406,0.6656033679807876
2025-11-11,-0.0026190856681836704,0.012867198197052208,-0.01221812088685139,0.0008366189016922762,0.021870288093994553,0.2777568705112012,0.020874805226636473,0.015145410914253655,0.9231527758945842
2025-11-12,0.0035178202633285097,0.0005718228843642185,-0.006512054447104061,0.0032773391606865173,0.023115121157561157,0.29264290803071336,0.02062650455019536,0.015111473023543317,0.7318277855055362
2025-11-13,-0.011333870276702209,-0.010435135681557434,0.005051148183678487,-0.00800509767362378,0.00913952808791897,0.15626768680153616,0.020961907590440483,0.014943703300772694,0.8668721195206739
2025-11-14,0.009371980759488436,0.0015559307461147436,-0.0013900666328495648,-0.0004007805085581885,0.01618107411249158,0.23822406648082634,0.02023449719763978,0.014934087782828308,0.7090995244908761
2025-11-17,0.006443486413935797,0.004481596896722161,0.005380331491866904,0.0059704084565865515,0.019828632720770935,0.24110847706437455,0.019628345343294003,0.014912514140800175,1.4911368386958073
2025-11-18,-0.0050534197810862295,0.010762047392338037,0.0029459973789643635,0.0018337128481875089,0.011049828558519069,0.0653006062585132,0.01932505835619501,0.013966925799564626,0.8863261666494385
2025-11-19,0.021662667025940947,0.023052733658790632,0.021090844141576887,0.022258185320757174,0.030228883284595127,0.082157810302634,0.020138906367556116,0.012227589547228615,1.61157465883393
2025-11-20,-0.009641702179603761,0.006967545065250984,0.022783012238675168,0.009643229699743204,0.01774857981357977,0.2621251157069895,0.02065696265271393,0.012466690244176383,1.1729675072554084
2025-11-21,-0.012102635995194918,-8.167114885769516e-05,0.0013083954839916978,-0.002494342368803275,0.003793894564867429,0.04914398012860914,0.01968269560925365,0.012875062161986422,0.7723189262456939
2025-11-24,-0.005079502479774399,-0.026823840654573102,-0.010214593409718295,-0.007070790026214707,-0.0032583295139150185,-0.13231048333289622,0.020099737246248424,0.01263900920034597,1.0686784331422043
2025-11-25,0.010621039675322767,-0.006561098799646574,0.005459866046690567,0.0026890756009958815,0.00597621253571411,-0.003706416648908544,0.020183430533892842,0.011859351637368003,0.7156477091170111
2025-11-26,0.015642915372897213,0.021184452568445714,-0.0005598856063531827,0.016393693633570003,0.020226583031034882,0.19010553789832713,0.019401550711764814,0.01203546470057958,1.246523717846336
2025-11-27,-0.0004801341244070749,0.02578382092381293,0.008601682448843557,0.012726981677250749,0.018145378786150065,0.33584766242441305,0.01836456703681238,0.012037422889064396,0.693504897290973
2025-11-28,-0.0034478669817497557,0.011714914266740315,0.01725645146228869,0.00737120667280305,0.01282093805182832,0.22834546030087735,0.01814687163133561,0.011872744062326577,0.7355613967752388
2025-12-01,0.0064051703528690196,0.0024771692467121073,0.028741124294932124,0.011961030251391143,0.018330797880112746,0.38450006070042664,0.017649065500529398,0.010844007779648238,1.2841986653488302
2025-12-02,0.0003989261737241456,0.003356229544843316,0.018519010793333394,0.009942296756817619,0.01798011295352874,0.4346087325612876,0.01865062880880102,0.010800376452096543,1.6117897646458537
2025-12-03,-0.04528610127623535,-0.03848200474964241,-0.042410005855799196,-0.03066589396952891,-0.02572711750282099,0.3075765383916519,0.02192940031777799,0.014925902499038626,1.6560613270058155
2025-12-04,-0.0022563354777554332,-0.0471435105802668,-0.04418620720914765,-0.029450229638226088,-0.02755518497591788,0.2101950812319437,0.02226577144886516,0.014050628700062611,0.709974826756873
2025-12-05,0.018073782686897858,-0.029468654067092925,-0.02266455754049987,-0.011219352167336596,-0.009549699081016659,0.22377003290081376,0.021931516232318964,0.014196152483627586,1.001776004915622
2025-12-08,-0.04805096725789777,-0.032233520048755286,-0.07712069515126654,-0.05318489296691079,-0.05357499582361665,0.16195158309939856,0.02599752830167121,0.017767199268902373,1.0053109721894804
2025-12-09,0.015652732158684964,-0.014324452412314925,-0.06186688916630581,-0.034132813128127146,-0.036998276678545904,0.017444422131059126,0.025090621547424072,0.01823311161068768,0.7229343609600667
2025-12-10,-0.005702370048182303,-0.03810060514739507,-0.022283157938252578,-0.03342103550277743,-0.0403996693550988,-0.007530245019415105,0.02514265530978567,0.018209533344221807,0.6897763478083035
2025-12-11,0.003493345067088234,0.013443707177590835,-0.016533477393409015,-0.024112895204138292,-0.03565936472999516,-0.013031536865429558,0.025085355468054897,0.018120052528361765,0.8084476232486564
2025-12-12,0.0020392382508209786,-0.00016978673027312656,-0.03256802182948598,-0.016660292068525123,-0.0319439812894815,0.09507434659653696,0.024415820781765428,0.017962702864663387,0.6122052636474269
2025-12-15,0.007863074316928313,0.01339565763483758,0.023346019745340302,-0.003441058633910941,-0.022591377958036306,0.1198296798914599,0.02459153875182762,0.017999896426417906,1.339927263372129
2025-12-16,-0.014505909095715537,-0.004603596527966186,-0.006812621509060318,-0.010885928184118172,-0.03454137136058154,-0.007589484259212896,0.02448700304907565,0.018213684494482577,0.8786220374430511
2025-12-17,0.019462477970037247,0.012819643191250018,0.018352226509159103,0.008954028658142515,-0.013234862797061465,0.012611959761839415,0.024248478939095576,0.018067807419994576,1.0953942409307338
2025-12-18,-0.0036099631959941986,0.0013466056783273262,0.011248918246076598,0.0058540990601441524,-0.014770152467205443,0.09353873339850793,0.024852809658103853,0.01798977385851809,0.7379509240096618
2025-12-19,0.007707797578794824,0.023560312352837606,0.016917477574050464,0.015260250018708376,-0.0060968073368252215,0.06035634449085421,0.02438776528335129,0.01795210648084745,0.747324866152056
2025-12-22,0.012358618548650687,0.016456452931451256,0.021413021805772783,0.023281295306569104,0.006446345600855628,0.023882123166744693,0.02346996841254326,0.018168417432390564,1.4733565753750713
2025-12-23,-0.0033854624157305764,0.016680953711714894,0.03253346848575769,0.017188735681710365,0.003940207170794561,0.23415781614347778,0.020725498345815142,0.017999285248627973,0.809279115899275
2025-12-24,0.00024809807901086587,0.009221254211931056,0.013319088594731411,0.014224136375494802,0.005884922331069373,0.25543573558226074,0.02004110108608399,0.01757972120955474,0.8935556595203679
2025-12-26,-0.004641513111286004,-0.007778877448005714,0.01228753867943976,0.007162364309238731,0.003129330048724309,0.10867322117187911,0.019410383881073336,0.017589756254877725,0.7141783381573887
2025-12-29,0.0014113004406421318,-0.0029821145916328787,0.00599104154128726,0.006286163265985458,0.006206362592701659,0.10106011162432481,0.018150463995814388,0.0176002128226979,1.6977714890508246
2025-12-30,0.015149279941217168,0.011919067270573274,0.008781702933853669,0.018551631162718987,0.022812250213495328,0.29981221480123904,0.018058503669133603,0.017915736029454923,1.5683219583334989
2025-12-31,0.009757798858257935,0.026318379240117262,0.02192496420784226,0.022962446404507706,0.03360600815615584,0.32660583375102703,0.018582522264424296,0.018080583652745015,1.0975113637030809
2026-01-01,0.002908862782663534,0.027815941582138615,0.024585728911494627,0.022042285607719984,0.03482539044964319,0.44664927800202575,0.018309539615057404,0.014727835835105058,0.4530152987299696
2026-01-02,0.011312215199102721,0.023978876840024154,0.04053945722188338,0.02820065450257034,0.04406128798229579,0.45926121460521785,0.018496771451830443,0.014848083456666723,0.7321950384124023
2026-01-05,-0.002156265202646481,0.012064812779119768,0.036971891578594686,0.021578279065626333,0.04035234116757896,0.46284925325708626,0.019204849902408828,0.014404951193305614,1.1312729491877695
2026-01-06,0.0031131486719433534,0.012269098668399567,0.024935760309320945,0.021293570807753518,0.03950225163278033,0.4640116511608261,0.018729577477708575,0.008499895473105363,0.7698020192204158
2026-01-07,0.001672300474910444,0.002629183944207231,0.016850261925973546,0.01903804007727134,0.037867119819100695,0.45242573792024077,0.018272029557954646,0.008047378523044628,0.8352251297765445
2026-01-08,-0.02310057063280943,-0.01831512148595569,-0.00915917148949953,-0.005748080444775302,0.011806170133360938,0.34265368363179394,0.019524938634345165,0.009810418073273063,0.8900851285805434
2026-01-09,0.0007326032448495719,-0.02069566691304947,-0.01973878344375268,-0.007053224915342819,0.0103293754876445,0.2256893695748046,0.020196447284640148,0.009812978576472566,1.0079855784023195
2026-01-12,0.0021133238032643178,-0.02025464358469559,-0.015469194437841801,-0.007054435795835843,0.010245205232267277,0.062022533954825716,0.020362598707700297,0.009812921981920913,1.210698918654233
2026-01-13,0.010981965823548651,0.01382789287166269,-0.007600377286236311,0.002181072624744674,0.018985239397335447,0.08209789181222832,0.02020330493609077,0.009931378246294963,1.1353983037086213
2026-01-14,0.03286232683832654,0.04595761646513977,0.0235896490771798,0.031428538650531544,0.04803202896033844,0.2770356004967151,0.021570683689872056,0.011253526009917402,1.9728289971488016
2026-01-15,0.0,0.0438442926618752,0.046690219709989114,0.027524646503030787,0.04405673893758454,0.32429685364799016,0.020721397256317935,0.010743819145149838,0.0
2026-01-16,0.028196842211968234,0.06105916905029475,0.07415445867710797,0.0510267425565679,0.06808260828648179,0.5695929605749208,0.02001575993839964,0.011886906528197969,1.7585966218501914
2026-01-19,-0.033104651186628295,-0.004907808974659967,0.03893648368721528,0.014410121708217769,0.029883124305071285,0.057783720376787924,0.024382215676215773,0.01464596402007348,2.5329872007431655
2026-01-20,-0.017966021110070347,-0.022873830084730335,0.0099884967535962,-0.003888785118019844,0.009734435511413638,-0.15327238165079934,0.025642050886751727,0.015219605618763005,1.1503890995638344
2026-01-21,-0.014253915405316061,-0.06532458770201474,-0.03712774549004642,-0.01667037128236141,-0.005789351872923691,-0.2234577649673649,0.027369729248656112,0.015603878189584303,0.46471110813803224
2026-01-22,0.009392048097408082,-0.02282788841797836,-0.027735697392638398,-0.009237892528175824,0.0018931904977894046,-0.22165060406486517,0.027422052290000852,0.015706235762948228,0.3439062477005008
2026-01-23,-0.04085197317784322,-0.045713840485751285,-0.09678451278244994,-0.046821926085491565,-0.038126673529034656,-0.33348673814506324,0.030408423105451186,0.01834365897055011,0.4918346797661953
2026-01-27,0.023036768958811748,-0.008423156121623513,-0.04064309263700994,-0.024446376883535254,-0.016659621712536966,-0.2495344934616031,0.030860398573799172,0.019060265496981182,0.7227740339023627
2026-01-28,0.012527972063689902,-0.005287232155341596,-0.010149099463249649,-0.012132117076825525,-0.005106318252141077,-0.23448938584452947,0.03103270451364611,0.01896655740788663,0.9145882619649197
2026-01-29,0.006006024060211949,0.04157076508271342,0.01011084000227818,-0.003468956769493694,0.00021961336161559672,-0.09775254874443476,0.02995152795692099,0.01889231699140041,1.7313306225386726
2026-01-30,-0.00047913719179599155,0.01805485893210586,0.00023965471307435537,-0.0011728207387271769,-0.0007582473954670483,-0.10107322042794266,0.03006287666396592,0.018886384766713706,0.7428790093927651
2026-02-02,-0.025647664560811228,-0.02012077769239536,0.015443963330106168,-0.01836643715039286,-0.0247645451856935,-0.10355179968717194,0.03357178429841192,0.01956882479125883,0.8444110355422926
2026-02-03,0.014966962225301556,-0.011159839527305666,0.007374156596596122,-0.00019372173572406587,-0.009575584907566262,-0.09862738792729445,0.03590459379796804,0.01990324421814166,0.8547487864264822
2026-02-04,-0.0016968941299367732,-0.012377596465446498,-0.00685070959703064,-0.00017787855108428264,-0.01053480580641455,-0.2407638722753987,0.03438276004192212,0.019886466931215485,0.5826194048845182
2026-02-05,0.0036326736072704205,0.016902741702635216,-0.009224060049971986,0.0033715085371335517,-0.006305681255132113,-0.20258995309224986,0.035282603992218824,0.019903757625935225,0.8092141938762974
2026-02-06,-0.010123593368480857,-0.008187813891147196,-0.018868516226656886,-0.004876398858038117,-0.016330442674743716,-0.3703967379180142,0.03508343338993755,0.019336194656106184,1.0748567272692828
2026-02-09,0.004791141286464261,-0.0016997784747461448,0.011570289620618703,-0.0027548437573270764,-0.011819870834859707,-0.07882758846949912,0.03048907589534484,0.01936538232854321,0.9815671868962923
2026-02-10,-0.0038961360483782182,-0.00922858813039488,-0.007292808653061142,-0.006640714200872742,-0.015583656809599725,0.07234889530166214,0.028389020518322112,0.019381061492304553,0.9940612666269927
2026-02-11,-0.0004066817626700971,0.0004883234754157501,-0.006002596285794508,-0.005767508243998875,-0.015349332647091646,0.0863968899156471,0.02765089018911164,0.019205414733093083,1.1281272711885555
2026-02-12,-0.015992505159558117,-0.02029532297060645,-0.025627775052623095,-0.018134009409879706,-0.027965290043766133,-0.047041276614326645,0.028019886920932408,0.017771976580697502,1.1079145145955154
