Price,ret_1,ret_3,ret_5,ma_dist_10,ma_dist_20,mfi_14,atr_14,rolling_vol_20,vol_change_5
2021-03-15,0.05149908842063774,0.07300527516335395,0.06184782716459912,0.019472344943973013,0.06891505375572256,0.6959382103131847,0.05578320197227353,0.031870728734874565,1.3158977434652144
2021-03-16,-0.021747198163601,0.02769506558541963,0.009370978231934156,0.002002641879398966,0.03699605116922169,0.6840721479506138,0.05629581254827032,0.03125028009367839,1.110545735753429
2021-03-17,-0.03940723226300234,-0.0096553420059655,0.011850844736750618,-0.028086465419367927,-0.008145172451284016,0.5931599765612043,0.05915256586319195,0.032528263561093514,0.6590213102824709
2021-03-18,-0.01959463089889449,-0.08074906132549774,-0.031306797576477155,-0.03695625442453811,-0.031485185635584015,0.48372485279803756,0.06410904266599572,0.03297068829313432,0.9417271266747569
2021-03-19,0.038132666198293134,-0.020869196963603776,0.00888269329343309,0.004441329586872714,0.0016352292729122665,0.2701840115886499,0.06277942242421498,0.033130762334769234,1.0494706738726234
2021-03-22,-0.002043059764499923,0.0164949755348987,-0.04465945489170468,0.0006819013584823606,-0.005862061599282152,0.2040084334398044,0.06013247326588367,0.03247703717706465,0.5234932975656634
2021-03-23,-0.014418032512742051,0.02167157392105099,-0.037330289240845735,-0.010876165098099074,-0.023731460014297618,0.03658017118909953,0.059375631662256456,0.03252139702056121,0.5615220630706909
2021-03-24,-0.025211381339213232,-0.041672473616455256,-0.02313443831705667,-0.034444852848150666,-0.04800472893927202,-0.09479788111786704,0.0604863272949026,0.030831106728503012,0.8897939005028451
2021-03-25,0.024519607405418437,-0.015109806446536941,0.02097979998725609,-0.009459723683057466,-0.02493323643679151,0.1091415926122653,0.060850225103260804,0.03121351634653623,1.983828600359644
2021-03-26,0.06042091290942983,0.05972913897563492,0.04326804669839276,0.04663845455646399,0.03332210042741927,0.35897038771579304,0.05565379068690374,0.03358967497286065,2.0605181032581705
2021-03-30,0.030791619090525253,0.11573213940537345,0.07610272555341817,0.07577320445366076,0.06377280252043624,0.40824803499435747,0.05486869390308012,0.032798506570709145,1.3899685000828301
2021-03-31,-0.00443194455603537,0.08678058744391977,0.08608881351012479,0.06558486202398513,0.05878404486957564,0.4250514489209607,0.0518038500610425,0.032398005446198995,0.4521461697047042
2021-04-01,0.062116463624953745,0.0884761381594437,0.1734166584742917,0.11621403277104597,0.12282816771329427,0.47083345604830157,0.05094131775975714,0.03523149885649124,1.1077215491933097
2021-04-05,0.0668839387247186,0.12456845779363679,0.21578098979359192,0.1641347470228886,0.1915603200993632,0.5442166376841149,0.04991633987252952,0.037933465299866645,1.6131349389890344
2021-04-06,0.01549536510160066,0.14449576745127282,0.17085544198576275,0.15597022205381778,0.1984993767974666,0.5907241184196588,0.04797208196308139,0.03715595798635083,1.3619814727960078
2021-04-07,-0.013823756754161608,0.0685555470721576,0.12624006614107586,0.1167765031084304,0.16843410723372104,0.4753152996086223,0.04816259174898468,0.03417841470906482,0.5336374738821874
2021-04-08,0.0625878688611199,0.06425947720855882,0.19325987955823112,0.15542664719634272,0.2269388093749324,0.588803428399417,0.04897639606957052,0.03584903436098899,1.1416700515929001
2021-04-09,-0.013161663920138771,0.0356024481868197,0.11798175201313878,0.10836994223101121,0.1932464188467937,0.5287012651410069,0.04920888204724264,0.03408443688664927,0.6666650364582816
2021-04-12,-0.10789562953178007,-0.05846942459079885,-0.05679781624335989,-0.019335458621784287,0.06333561371291299,0.4506744123678942,0.05764041462368894,0.04351512857606913,1.0243092054799883
2021-04-13,0.06844169431906084,-0.05261559913285795,-0.0038514870258996563,0.03344147341250121,0.12604355513972687,0.47437175418742755,0.057843756123957285,0.04551534778452434,0.7962212470966563
2021-04-15,0.022889315566773247,-0.016564619645945987,0.032861585295035266,0.041175760315511775,0.14071474426799352,0.5487677797102498,0.05892087228021546,0.044614799351927144,1.261708721480337
2021-04-16,-0.013015317744375542,0.07831569214145855,-0.042741601310460293,0.013162262565060152,0.11462643604929953,0.5271413083348085,0.060433558947516,0.04433448826036127,0.5024176525074981
2021-04-19,-0.02711099810791729,-0.017237000285519496,-0.05669093549823878,-0.019683371356791813,0.07370823004733174,0.42599546590657267,0.06285554610791882,0.043694436059964946,0.7958773342313071
2021-04-20,-0.0016840054042018208,-0.04181032125649465,0.04952068862933944,-0.020632802430831793,0.06024948434329232,0.3991431313587327,0.06231944181717348,0.043224491933798306,0.5622803302441026
2021-04-22,0.05519035463065826,0.026395351118539304,0.036269348940936884,0.03153286004642074,0.10686132577797236,0.38724373887867586,0.059922539475667544,0.043940544789128955,0.9007763791610293
2021-04-23,-0.010152525026549574,0.04335382419990689,0.003227508347614281,0.017430689109349768,0.08309329325470237,0.4588803467434275,0.06344945164049658,0.044117189275985444,1.3733759941787151
2021-04-26,0.07648354151431526,0.1215213711184239,0.09272636760630502,0.09245063489887118,0.15031323607576955,0.5028236301368267,0.06055437882508433,0.0459069514791746,2.1253768785246083
2021-04-27,-0.0034886999275734916,0.06284231656019204,0.11634866578664861,0.0818254752348899,0.1271805206488092,0.4697167780114532,0.05777049784092677,0.045119186396340244,0.7648092345305204
2021-04-28,0.032902602993110805,0.10589744457985249,0.15093527418396124,0.09575987557610768,0.14475315956811446,0.4441175991809541,0.056142173421982286,0.045226124749928515,0.8350126965085761
2021-04-29,0.08338157817012477,0.11279548123566206,0.17912649772342784,0.16417442741483526,0.22017344333348923,0.5771129927292159,0.05606349540475272,0.04663000497913742,1.4003783174658686
2021-04-30,0.060363137224978936,0.17664731838821465,0.24964215997495628,0.20336332414472574,0.26834177311438845,0.6201525920202832,0.054811715274401616,0.0474806533737057,1.6173515769886948
2021-05-03,0.06675893376600704,0.21050364916111075,0.2399175522266481,0.24125538812196945,0.3215745127880398,0.7539171247287936,0.0559966479945656,0.04816893653349407,1.2977913136839574
2021-05-04,0.0019550935318723623,0.12907716452285814,0.24536134568609386,0.19844586533480524,0.2945966505778271,0.8866171591405464,0.055133927869145366,0.04754823051931158,1.2299088596446885
2021-05-05,0.017809111481118658,0.08652313877899788,0.23026785417410178,0.17456165005530389,0.2913135629903147,0.8920237597255303,0.05457187502323698,0.04631414800294724,0.6336319266351862
2021-05-06,0.025384998151868815,0.045149203164859736,0.17227127415584564,0.1632360247322444,0.2971320450596029,0.8931977434307717,0.0533108908472981,0.04633096512306172,0.6258301968930085
2021-05-07,0.07632341517523646,0.11951752480822388,0.18823155210610312,0.20198314046375893,0.36396940495337127,0.9430997210972462,0.05372617728051325,0.047324446050328206,1.1238733843880038
2021-05-11,-0.04116399149934833,0.04927098218205725,0.09246509181504466,0.0916299955968098,0.26949673910946453,0.8447251306742501,0.05741251673043994,0.047951704935197764,0.9783720533187347
2021-05-12,-0.06017951927865391,-0.087231952271833,0.01447646105527223,0.005437869907398926,0.17022217000178183,0.7330250700962179,0.06562028936382971,0.04208861615680822,0.8111931859000711
2021-05-14,-0.038948419866837114,-0.14029193064483927,-0.04985695696343385,-0.043625424044773035,0.10765076498078781,0.5840690542618856,0.07111962180045787,0.042732136013336745,1.1540499763657484
2021-05-17,0.026388895231274353,-0.07273904391421673,-0.0997914769073959,-0.026145910153375303,0.11887222999835223,0.5728630002107061,0.069431543845272,0.04276514495075022,0.7294301460547492
2021-05-18,0.01066660316720523,-0.0018929214683577617,-0.10323643224635996,-0.018776801984581516,0.11164928504152517,0.5781536111787989,0.07061660628454454,0.04221270951883482,0.6558975540436102
2021-05-19,-0.025716087062074174,0.01133941133640517,-0.08778852780908582,-0.04411483467206791,0.06571651301816586,0.5300310818948395,0.07262277199448407,0.04213489901782795,0.4459565112633932
2021-05-20,-0.05720415853591917,-0.07225364243078822,-0.08481316706635111,-0.09128313902391003,-0.006889139001083815,0.4442251004711258,0.07548670279975764,0.04523691085864079,0.7613351066159623
2021-05-21,0.004518350418722669,-0.07840189517927071,-0.041346396780791245,-0.07914101025483278,-0.013663145434412802,0.38733845439146,0.07005272256414836,0.044309001157883464,0.6413691533969873
2021-05-24,0.022290713438280898,-0.03039509467891565,-0.045444578573784686,-0.04431757941662455,-0.0041708435489397734,0.23069410172754132,0.0653593132004421,0.04400925924595048,1.6240260016855965
2021-05-25,-0.00643349846187202,0.020375565395131492,-0.06254468020286182,-0.033904887776762094,-0.019731861957647426,0.16955197342625156,0.06318795054391389,0.041722040066699044,1.4213320322498935
2021-05-26,-0.04285781893201446,-0.02700060395560561,-0.07968641207280205,-0.05854837293582089,-0.06771341674662405,0.04667122589381904,0.06481206237916956,0.043314407928927524,0.9541026559848648
2021-05-27,0.029047676604638514,-0.0202436407892479,0.0065654230677556135,-0.023094140828176662,-0.04724791214146381,0.02542635910070331,0.0630733620591466,0.04320863291441364,1.0350925644989006
2021-05-28,-0.011104354843663105,-0.024914497171039,-0.009057282194630136,-0.02903264289477389,-0.06084319332182483,-0.0738541816473827,0.060439596986337725,0.03958357656338054,0.833069518373499
2021-05-31,0.046068664009769944,0.06401198577074536,0.014720668376858774,0.019980591110470722,-0.019269933190249104,-0.11746929619070258,0.05825437121863576,0.03862209854278948,1.1327075233606205
2021-06-01,-0.04359037588624664,-0.008626066720139958,-0.022436209047515792,-0.014994535849754563,-0.05871388591592556,-0.09904842885419342,0.06064357589473582,0.036858959092875995,1.3503601928196718
2021-06-02,0.005759019254040937,0.008237307377564118,0.02618062913853964,-0.003881476470256932,-0.051029489782781844,-0.042279806626953874,0.053146613295426186,0.03689367091605303,0.4911684508870485
2021-06-03,0.003684603401433064,-0.03414675323077251,0.0008175559353342663,-0.0009391428024002442,-0.044569910147092454,0.14944333464848,0.04807636286128754,0.03661979908386119,0.5257491800363046
2021-06-04,0.004485260774939494,0.013928883430413798,0.016407171553936836,0.0028150057281623024,-0.03622966524761835,0.031943386232386926,0.044635589448216946,0.036056601599864645,0.5003605285030847
2021-06-07,0.0008133776567126897,0.008983241833085376,-0.028848114799120396,0.005066176169495324,-0.027341221312850255,-0.004627395077586413,0.04323460304493628,0.03074395415654752,0.7690071166976477
2021-06-08,-0.012681617434742045,-0.007382979003089822,0.0020606436523843254,-0.005567770171547066,-0.03006822018248051,0.004273850691012484,0.042992402598950985,0.030311915162323667,0.9437093284886354
2021-06-09,0.02440124308387313,0.01253300330584371,0.020702867482216433,0.014262374328638987,0.0002611497542753585,0.14784055968512008,0.040061985071265654,0.030230673608058443,1.608304751720003
2021-06-10,0.03241405322621841,0.04413367887534965,0.049432317307001705,0.04232555948031035,0.03473264027605,0.18180762154412547,0.03950658120458645,0.028544513701023483,1.4703602940162261
2021-06-11,0.0493270165415145,0.10614231285160607,0.09427407307357676,0.08260848411504487,0.08360741935424004,0.45502654182248475,0.03681175133361325,0.029249107884902762,2.348207875498296
2021-06-14,0.016523339089603708,0.09826440885733648,0.10998403450646776,0.0912848881902,0.09868571605255597,0.4682181731872893,0.038393490589674784,0.028915433488961858,1.1745358394019318
2021-06-15,0.0,0.06585035563111802,0.12266565194120967,0.07749662441976345,0.09633893139505766,0.5928284870066836,0.03698884595945924,0.028855584909561086,0.5651335674238088
2021-06-16,-0.045445630237660954,-0.02892229114805737,0.05281877861967563,0.022164965445276744,0.04654394552440777,0.4444648471542979,0.039443581915127486,0.030160266760521928,0.7310668115970148
2021-06-17,-0.02235144586588171,-0.0677970761035427,-0.001946720472424582,-0.005040686551845096,0.020623294394939658,0.31667615385432385,0.04005675983078774,0.027510732084749526,0.6533404374351599
2021-06-18,-0.03408979108985057,-0.10188686719339321,-0.08536352810378953,-0.039206625926738785,-0.014367246273385459,0.14444727071720537,0.04228108004254199,0.02870812605249776,1.143801502379288
2021-06-21,0.023117855775330022,-0.03332338118040209,-0.07876901141806306,-0.019698736414839824,0.007822728142858336,0.3244135257558605,0.04106155250040013,0.02874127208475625,0.8649773518765228
2021-06-22,0.0027543077721537304,-0.008217627542366636,-0.07601470364590938,-0.02137966149249705,0.009279840889810329,0.4118860977913013,0.042464186967274754,0.028692039502349376,0.8215070483717011
2021-06-23,-0.02506592714506181,0.0008062364024220821,-0.05563500055331019,-0.045347854395751626,-0.017788190538015978,0.33134790143347514,0.04521121419221568,0.027501541677097407,0.6858964518552458
2021-06-24,0.007225963830539491,-0.01508565554236851,-0.026057590856888847,-0.0357914458229338,-0.011740548095623303,0.3147343828558922,0.04511426945807423,0.026804517606822013,0.7418666746696428
2021-06-25,0.04955196672815922,0.03171200341363704,0.05758416696112088,0.01609049869385554,0.03419105503129459,0.34676110518702274,0.04486376514277245,0.02871306228115055,1.50156022617405
2021-06-28,0.013986006259253975,0.07076393681795293,0.04845231744504484,0.03367988181667082,0.04603898686535601,0.4157327572718984,0.044374730079246034,0.027098409316451633,0.8227020643552047
2021-06-29,-0.02201225195711261,0.041525721030300715,0.023685757715778417,0.01669783289745606,0.019621597433734372,0.33418661367350067,0.04552680501099496,0.025550395199099723,0.6464869574495972
2021-06-30,0.002299774765899214,-0.005726470931959197,0.05105145962673948,0.01951598871838653,0.018502263072378056,0.3145940421647313,0.045094066050500585,0.02554686051124105,0.8197116391397894
2021-07-01,-0.028345853175874007,-0.0480583303670873,0.015479642620326048,-0.007931816779917665,-0.011735358256436963,0.09048700102230967,0.04537782899357163,0.026516752439368303,0.8839258976863125
2021-07-02,-0.020693210384597843,-0.04673928879457264,-0.054765534492431184,-0.028515659260687606,-0.03252162174147013,-0.09808965624209577,0.04328222049831443,0.02697849677503288,0.9387520414851548
2021-07-05,0.010002030968916267,-0.039037032591555554,-0.058749509782768855,-0.017752484407935743,-0.023783695773194728,-0.2344682050875629,0.04276616662782179,0.027060678809378815,1.0805924220777194
2021-07-06,-0.020105114139537573,-0.030796293555219133,-0.056842371965193934,-0.03416889828755298,-0.04382777020915081,-0.19379661475994767,0.04209702846583392,0.02730865636643848,0.9542148447354116
2021-07-07,0.03981424269261119,0.0297111595219899,-0.019327904038481992,0.0019163212477068244,-0.006398983584470567,-0.004323067464976588,0.041513335382228414,0.028215867084271453,1.5376184947801892
2021-07-08,-0.04144033696046679,-0.02173120840739321,-0.03242238782307477,-0.037173463086073284,-0.04463926262047633,0.0577090352366281,0.04167152528036203,0.028776789289359086,0.9669607735392509
2021-07-09,0.017342719694053273,0.015716625426197794,0.00561354225557647,-0.015470575919042428,-0.024133265900943463,-0.08183434974003986,0.03864169643962412,0.026563403830005914,0.7834599005578079
2021-07-12,-0.0016005753253262819,-0.025698192591739718,-0.005989064038666103,-0.01054041196292353,-0.020937805966257206,-0.12935793121171685,0.03781681932549619,0.02613765342450578,0.6526602262373092
2021-07-13,0.003996715658685308,0.019738860027412534,0.01811276575955685,-0.002665404730715591,-0.012389451054056972,-0.02843531041977471,0.03612742588178727,0.026191127004176355,0.55356272366896
2021-07-14,-0.006804114906380791,-0.00440797457302167,-0.02850559183943508,-0.004597259509704562,-0.016490582992193963,0.01537717229871248,0.03585772726153744,0.024378294834453192,0.5347118160703682
2021-07-15,0.013165917530698498,0.01035851828300319,0.02610066265173032,0.009240318878184585,-0.0026091592751315796,-0.07395977210083501,0.03309552082065377,0.024158005661312563,1.365242533864156
2021-07-16,0.008289057353936698,0.014650859978254644,0.017047000311613613,0.01532569592863509,0.00442200954386705,-0.10288548604500419,0.03198001019019806,0.022915164662194922,1.1623294916089455
2021-07-19,-0.0043332371738986466,0.017121737710736516,0.014314338463041308,0.010088973634082182,0.00017774565010682868,-0.14065550003297475,0.032147084805780775,0.022353143358589626,1.6881995592467571
2021-07-20,-0.03046338388490796,-0.026507563704869876,-0.020145761080552053,-0.020022387969599036,-0.028143152034875444,-0.2983146249238507,0.03418802842776769,0.023342200185530255,1.235585989547622
2021-07-22,0.026507563704869834,-0.008289057353936704,0.013165917530698498,0.007869560203136968,-0.002845676784796437,-0.08979512641478038,0.03301057583174766,0.02348028508215822,1.4196341837590587
2021-07-23,0.003165962956108753,-0.0007898572239293858,0.003165962956108753,0.008125632426219387,-0.0002961453511865472,0.10133510429627819,0.0334988838810019,0.023439494794588546,1.368026872133369
2021-07-26,0.02381522354639499,0.05348875020737348,0.0186921291485668,0.028693902788953143,0.024505955355052837,0.26356218368312556,0.033454567825791634,0.02121215457336238,1.014961822929096
2021-07-27,0.0011566228411031226,0.02813780934360675,0.024181989163568545,0.02589435631283029,0.02709218856800495,0.3902019991953321,0.03300301785212215,0.02093781068165868,0.7611952052907168
2021-07-28,0.03111032503739797,0.05608217142489587,0.08575569808587437,0.0512467999144136,0.05806093119476133,0.39828071929798936,0.03177863420692747,0.02153462897833973,1.1549317080891899
2021-07-29,0.05875503333805399,0.09102198121655501,0.11800316771905855,0.09979072375225517,0.11707873303481174,0.6055453822875038,0.03137422070360362,0.025075482074853443,1.8079854309244578
2021-07-30,0.0007043213262131823,0.09056967970166518,0.11554152608916317,0.0871728267380674,0.11126323501618558,0.7194524478702568,0.03248352326806313,0.023907208698614728,1.0115532454751537
2021-08-02,-0.018114586923996985,0.041344767740270225,0.07361171561877121,0.057699536585934325,0.08488540935911841,0.6104566982527581,0.03387096282522355,0.023764363755250296,0.5588479745965627
2021-08-03,-0.002871385444849944,-0.02028165104263364,0.06958370733281823,0.044804209487546105,0.07612568283051144,0.5184581108539027,0.034430510675719755,0.023817365558279815,0.516369351260089
2021-08-04,-0.011205666692981321,-0.03219163906182815,0.027267715602439176,0.021878833823728506,0.05821936305651595,0.4343788736677524,0.037908285075994905,0.02340108764991139,0.8105017632958612
2021-08-05,0.039206712906223525,0.025129660768392424,0.007719395170608629,0.0495615941779716,0.09424000936398652,0.46723344659500754,0.040045937012307915,0.02335461649438576,1.3616571904983075
2021-08-06,-0.014434176691455497,0.013566869521786838,-0.007419102847060114,0.02366791455024026,0.07114381959082042,0.478307799438071,0.041514680228790624,0.02117570556475525,0.8441001022599128
2021-08-09,-0.050174043528046566,-0.025401507313278456,-0.03947855945110965,-0.029596763432004194,0.015236282090214725,0.4467965757714421,0.047326068200160255,0.024533698690145808,1.1667716075729186
2021-08-10,-0.05243229680462454,-0.11704051702412656,-0.08903947081088422,-0.0774974609726512,-0.037497864301488666,0.4213816664369597,0.053550366612309136,0.027538211370827202,0.9506453983919106
2021-08-11,0.05726751901948128,-0.04533882131318982,-0.02056628509842171,-0.023762981888194732,0.01562055762140829,0.4320822551335166,0.0522395882651668,0.030287207725004824,1.1924931482174608
2021-08-12,0.0018536243285380422,0.006688846543394946,-0.05791937367610717,-0.01700221082396172,0.013494519616476562,0.41612956752077535,0.05161374474586114,0.030192166035572298,0.7217799355722292
2021-08-13,-0.007808259201035108,0.05131288414698427,-0.05129345618568676,-0.018861075385597795,0.0026759990306656914,0.27588579758689347,0.05401801586312094,0.030223055565669094,1.0928723419607198
2021-08-16,0.004097502469066657,-0.0018571324034303007,0.0029780898114264136,-0.01121132901989992,0.004049650111460139,0.27620347061001765,0.054009561491078446,0.03019897041555396,0.7206010773770117
2021-08-17,-0.03402956873063204,-0.0377403254626005,0.021380817885418905,-0.037856617436541874,-0.030754854038298158,0.17287176937946044,0.054752738273598056,0.03127840605391598,0.6227262772979703
2021-08-18,-0.012384033549735862,-0.042316099811301154,-0.04827073468379819,-0.04321903555196194,-0.044660569425207956,-0.016277289687477606,0.05198597421337875,0.030565063101281,0.5477879831705845
2021-08-20,-0.07602694723896411,-0.12244054951933206,-0.12615130625130042,-0.09708260120358445,-0.11223841961018051,-0.20657114707542504,0.0602340971981935,0.034606875701420445,1.3688600669454136
2021-08-23,-0.032887887631993844,-0.12129886842069386,-0.15123093468225918,-0.10881512464860323,-0.1372916336872222,-0.23571804940963445,0.0658147761090346,0.03520713852961303,1.6995767159935469
2021-08-24,0.034567155013835,-0.07434767985712298,-0.12076128213749085,-0.06670840266197316,-0.10345603857764271,-0.12023277341619576,0.06468720734302924,0.03574379073476741,1.06428748998924
2021-08-25,0.0012575469482687081,0.002936814330109844,-0.08547416645859016,-0.05971797657599687,-0.0988032171745518,-0.008395154882865227,0.06143396622307337,0.0357445912838161,0.616277808213294
2021-08-26,-0.034956681680212195,0.000868020281891698,-0.10804681458906648,-0.07785248606868478,-0.12360750560748601,-0.19553283546097547,0.06064456617091916,0.03536258142928105,0.9621860513611955
2021-08-27,0.025697435557177527,-0.008001699174766003,-0.0063224317929247405,-0.040995849569803365,-0.09261813498386944,-0.20320430750631374,0.059075811380491734,0.03278213586618869,0.8867468220388296
2021-08-30,0.027113164140698552,0.017853918017663943,0.05367861997976774,-0.004587923712675959,-0.06027034611367498,-0.056233645633017346,0.05338037493189794,0.0337177733905832,0.8862989184406411
2021-08-31,0.0008227460289920728,0.05363334572686811,0.019934210994924532,0.006872573416027747,-0.05294105839511547,0.07142353619646158,0.047697377685315956,0.033679142477883804,0.7344220616417501
2021-09-01,-0.012828636684431202,0.015107273485259412,0.005848027362224657,0.0022959888788096385,-0.05802501638503836,-0.0955854390315109,0.04551676000144812,0.033690572914231554,0.6824200764618135
2021-09-02,0.006641734331500568,-0.005364156323938561,0.04744644337393744,0.015375543030227402,-0.045494070131631245,-0.13874846640635938,0.044181111273491676,0.033819586056810035,0.6605846692669096
2021-09-03,0.013152794639920171,0.006965892286989579,0.03490180245668003,0.025845185571805623,-0.024924275991035093,0.0535791734996782,0.04197049907934446,0.03244118389407796,1.310547449575154
2021-09-06,-0.008200156055774782,0.011594372915646096,-0.0004115177397931537,0.012125556792729359,-0.025300404516929196,-0.0903705382651296,0.04199260064751159,0.03240375659794202,1.197366376189205
2021-09-07,-0.009929780806289028,-0.004977142222143675,-0.01116404457507428,0.0012489746095156497,-0.029537542518103494,-0.07777531307899324,0.04122365387750493,0.030822860803382025,0.8705579340602959
2021-09-08,-0.002081081298764021,-0.0202110181608278,-0.0004164891894071009,-0.001373026565095646,-0.028713549882863967,-0.06882479763932309,0.04095238650435702,0.02877155297936299,0.6276323120280101
2021-09-09,0.018167147834217356,0.006156285729164188,0.011108924313309723,0.011087137097591173,-0.005857517545248774,0.09085339910445014,0.03524667683542031,0.02562164758494843,0.8475941068006582
2021-09-13,-0.016086066535453275,0.0,-0.018129936862063777,-0.0066908947730983555,-0.015816482398398113,0.19379749066179883,0.032224541461944194,0.025687145393441187,1.1497087278762685
2021-09-14,0.0033208946090716924,0.005401975907835852,-0.006608886197217207,-0.002686498349897129,-0.007138860711331837,0.044700915721017934,0.02992718631128309,0.02576144840066299,0.8450387661618586
2021-09-15,0.0008283934416702628,-0.01193677848471134,0.004149288050741997,-0.0011581694300712446,-0.0006621700716038794,0.04141010019045154,0.02951790248289796,0.02570947873938468,1.1390919961030912
2021-09-16,-0.00956942988364632,-0.005420141832904403,-0.003339060534140407,-0.010302516923622516,-0.005901478702850416,0.10694735985694422,0.0286072684677002,0.024842661494499645,0.9459540036722502
2021-09-17,-0.03791717960078109,-0.04665821604275727,-0.059423387969138756,-0.04261071280423405,-0.03758960382131699,-0.10549883342963057,0.0310464608030164,0.025919765099210897,1.4802065525431152
2021-09-20,-0.06892976411569171,-0.11641637360011911,-0.1122670855493771,-0.09511775540857931,-0.09734815807323512,-0.3184101395026158,0.03587547049042821,0.0249323782935844,1.6614758645699739
2021-09-21,0.0497796490822525,-0.0570672946342203,-0.06580833107619652,-0.04209081714396367,-0.05040635290214779,-0.24424188215248152,0.036442255877712326,0.026859529265628644,1.3766997013401274
2021-09-22,0.0008990349795218126,-0.018251080053917585,-0.06573768953834493,-0.035354016996206696,-0.047096122843607785,-0.07985172212370856,0.037212733284643106,0.025538433411029383,1.0500768221194805
2021-09-23,-0.007666265832803506,0.04301241822897078,-0.06383452548750213,-0.03631121015126344,-0.05151728831848656,-0.18728770724465618,0.03858892243333872,0.025544692024958366,0.6827160000651874
2021-09-24,-0.021043901575868138,-0.027811132429149857,-0.046961247462589145,-0.04627715352848713,-0.0691508334929885,-0.3501704535460954,0.03916709678825286,0.02481000732172007,0.7897639161228831
2021-09-27,0.010119783170276174,-0.01859038423839536,0.032088299823378845,-0.028765305019164536,-0.05678009496173762,-0.2410811214890562,0.037927396349040424,0.024116607824868505,0.5172228296868688
2021-09-28,0.010018161563429075,-0.000905956842162823,-0.007673187695444461,-0.011593038771627963,-0.04346348335286616,-0.13637460312943703,0.036905086779841174,0.023275058342422286,0.7141105850009122
2021-09-29,0.03604402446378793,0.05618196919749329,0.027471801788821783,0.028795087469369512,-0.006074405926164434,0.049916934648412195,0.03709220858593946,0.024934487219654012,1.9204787716944212
2021-09-30,-0.0065775427118809505,0.03948464331533601,0.028560524909744138,0.02581459651598644,-0.010646456194286894,0.0972315299031466,0.037971390779928116,0.024834066269029943,1.2857664800976425
2021-10-01,0.010068030929489189,0.03953451268139612,0.059672457415101465,0.034840303713064666,0.0011779115355124968,0.07390099845220063,0.03809947935479697,0.02490817284983378,1.0533025866353116
2021-10-04,0.046797087959838043,0.050287576177446225,0.09634976220466335,0.07042758200108054,0.049251626996361215,0.23124509799560172,0.03931525158506003,0.02701664551397857,1.4319919054516252
2021-10-05,-0.007928359864525518,0.048936759024801706,0.07840324077670871,0.054328552635842124,0.04105716948360312,0.24530631704363345,0.040009267988964106,0.02701242349917083,0.6790202421530845
2021-10-06,-0.030627577435057313,0.008241150660255275,0.011731638877863456,0.018522608609428354,0.010810596679176667,0.20115178208380613,0.04353832062844678,0.027794627839466922,0.9025778374590907
2021-10-07,-0.0021621675638435387,-0.040718104863426335,0.016147014025900915,0.01182656156327193,0.009784443360652954,0.2466842421984346,0.04162027597272548,0.027794781436658953,0.4389751909555702
2021-10-08,0.012048289308166394,-0.020741455690734573,0.01812727240457789,0.01630077071607626,0.02354088835863951,0.3881776024539843,0.038005614706860015,0.02760429501677056,0.4915199688851712
2021-10-11,-0.0025696001195720597,0.007316521624750652,-0.031239415674832127,0.007256362904651399,0.02170599958469655,0.2796791278777607,0.03513231525273663,0.02739120894387055,0.6328077592768376
2021-10-12,-0.006021461519220439,0.0034572276693738105,-0.02933251732952708,-0.003567875159959748,0.016848262220411494,0.1712116040240876,0.03401946657566317,0.027397729857093708,0.7018329442412382
2021-10-13,0.04924196965421391,0.04065090801542133,0.05053702975974408,0.04015376171810943,0.06682183660861185,0.34967268533747814,0.034526241630606816,0.029635637718584233,2.4614377150038886
2021-10-14,0.019923379751416587,0.06314388788640994,0.07262257707500433,0.05160657635760149,0.08521370170408173,0.4948694317437625,0.03338508445546975,0.029804833830335633,1.476647873324396
2021-10-18,0.037919450738932214,0.10708480014456283,0.09849373850577019,0.07927229414818068,0.11950031591889274,0.5654090015498864,0.035077519045061824,0.02918647330122016,1.9398636446849538
2021-10-19,-0.04844162665634056,0.009401203834008283,0.05262171196900169,0.026004857299427937,0.05870691198741476,0.43569213748968166,0.041090324815859954,0.026650236735235172,0.822672332206889
2021-10-20,-0.02847306044031062,-0.038995236357719024,0.03017011304791149,-0.0028799114379766595,0.025343900451951257,0.30924802086292147,0.04209770893095511,0.025847100541430145,0.4927219017068575
2021-10-21,-0.008406961014816828,-0.08532164811146813,-0.02747881762111925,-0.013451054175148787,0.013649386277893418,0.19300594019951234,0.043297349143208985,0.02598128779922851,0.5503497149983029
2021-10-22,-0.016599618538575917,-0.05347963999370331,-0.06400181591111168,-0.03049970009172583,-0.005612070699543134,0.2343324281894982,0.04380747560590065,0.02625174178998677,0.47416954328359207
2021-10-25,-0.00905383166421417,-0.034060411217606903,-0.1109750983142581,-0.038077046346903544,-0.017634980701906056,0.06853418555733129,0.04299944453979657,0.02581505270181587,0.893671240232493
2021-10-26,0.03782053478823106,0.012167084585441022,-0.024712936869686522,-0.003739145674390756,0.015628261017134236,0.04920474296110527,0.04277374065210978,0.026921524784591908,1.0001864304486783
2021-10-27,-0.02448403238817695,0.004282670735839854,-0.02072390881755288,-0.02872318746888463,-0.011719946044863516,0.0805355638046774,0.042735037456869455,0.027654943430640726,1.114305265717761
2021-10-28,-0.0172418426764975,-0.0039053402764434816,-0.0295587904792336,-0.03994656849994225,-0.028859749831694016,0.02375192892454919,0.04425464983614775,0.026851516479516804,1.5891095767809131
2021-10-29,0.0008691135525066283,-0.040856761512168036,-0.012090058388151163,-0.031756113726356575,-0.02861007382646632,-0.08188552190135667,0.04477472543786042,0.026803277561304354,1.1955445396671704
2021-11-01,0.08451053250856189,0.06813780338457091,0.08147430578462499,0.056962080987126934,0.05241050682595292,0.21122811850807494,0.04893071283376663,0.032702086311403825,2.707456261422437
2021-11-02,-0.023426070683633397,0.06195357537743506,0.020227700312760576,0.03296881936265776,0.027158554603011708,0.16646380755503729,0.05119972950598683,0.031658653901756095,0.6339624867237699
2021-11-03,-0.002864680109689392,0.0582197817152391,0.041847052591248136,0.027801180309211884,0.02308223571003579,0.025929120103456285,0.048507039515439,0.03160500151956135,0.5158331637320065
2021-11-04,0.01019378990616383,-0.016096960887159003,0.06928268517390944,0.0341500471347822,0.03032457640913704,-0.04269641845561822,0.046653154882140266,0.03075501260823327,0.10565687625032402
2021-11-08,0.011295020852295131,0.01862413064876963,0.07970859247369808,0.038793329816354,0.038057998988220335,-0.16424285237076247,0.04349320146829175,0.030780125061742478,0.6010238614541508
2021-11-09,0.02213189745482479,0.04362070821328376,0.01732995741996085,0.051533518009401494,0.05665115973816219,0.011846369590690386,0.03956735689623941,0.031003908761792227,1.5538429494374146
2021-11-10,-0.04476500902548925,-0.011338090718369439,-0.0040089809218950235,0.003875743113668463,0.008194547456320452,-0.037026263944437685,0.04250062980984555,0.03287626595040737,1.547198937327702
2021-11-11,-0.008086744448760626,-0.03071985601942525,-0.009231045260966231,-0.007381495519488661,-0.0019811535190228506,-0.028813851941106066,0.04092102265340993,0.03290669915588213,0.630823360453264
2021-11-12,0.004264358323000522,-0.04858739515124951,-0.015160476844129717,-0.008347563091913925,0.002430515439795987,-0.029512225377277303,0.04001790963977269,0.03099712704695546,0.5524890047832492
2021-11-15,-0.01760082676799738,-0.021423212893757638,-0.044056324464422196,-0.02896251279688215,-0.013052905817390277,-0.01172101686063641,0.03986878026855245,0.030853747320204423,0.441242102074032
2021-11-16,-0.00782609688348945,-0.02116256532848635,-0.07401431880273632,-0.031087864301764516,-0.01641199435735301,-0.08571627266843962,0.03872818044134011,0.02939822573277443,0.709856443144468
2021-11-17,-0.007887902268642078,-0.03331482592012891,-0.03713721204588912,-0.0348031326210801,-0.021911763268503463,-0.06417421576875057,0.03734853487468352,0.027533489968703532,0.8246254248386797
2021-11-18,-0.02810807336732306,-0.04382207251945465,-0.05715854096445153,-0.05547078735048835,-0.046922643623177746,-0.022462366244810142,0.03882044436918245,0.027515331393582025,1.192699945277827
2021-11-22,-0.028920886217658932,-0.06491686185362415,-0.09034378550511091,-0.0729305641804955,-0.07116800848873191,0.001761205923703102,0.04121258490879745,0.02813184760201558,1.3950966756628875
2021-11-23,0.03388607405659979,-0.023142885528382378,-0.038856884680513855,-0.03296024252640694,-0.03844221579342865,-0.3270756922638594,0.034557240474080195,0.02912223901896838,1.7286841816415388
2021-11-24,-0.004060597708847421,0.0009045901300931905,-0.035091385505871854,-0.02606556210344621,-0.04186374123610677,-0.17666215523196102,0.03372031093503836,0.029068791602939473,0.9069084730302049
2021-11-25,-0.0058944774724890535,0.02393099887526322,-0.03309796070971883,-0.024920325850831787,-0.04497041586029864,-0.15852071746002167,0.034333250688676716,0.027643089357767603,0.9722081449644671
2021-11-26,-0.05900573578906148,-0.06896081097039804,-0.06399562313145722,-0.06977787335165915,-0.09592471977167046,-0.26182736487330815,0.040006688528502345,0.030048044871281807,1.3917112910847709
2021-11-29,-0.00969468555441707,-0.07459489881596759,-0.04476942246821541,-0.06630888043077192,-0.10125284371844318,-0.42768578694871906,0.042237819160548196,0.029925780084166787,1.0452868151214423
2021-11-30,-0.025655123263363316,-0.09435554460684188,-0.10431061978817845,-0.07702954022462197,-0.11964030617575346,-0.6785526001443043,0.044549132109274255,0.030281942463750836,1.1813049275696046
2021-12-01,0.02468044065730462,-0.010669368160475654,-0.07556958142202627,-0.04337686560196678,-0.09016455676367605,-0.5027421585609301,0.04102526300720977,0.023019182106868475,0.8342791560270065
2021-12-02,0.019315002869327805,0.01834032026326907,-0.05036010108020947,-0.016370253139990368,-0.06667613040457511,-0.36517916927301175,0.040513749730751496,0.02352599081292407,0.799313022449282
2021-12-03,-0.005274614325153171,0.038720829201479186,0.0033710203836988147,-0.015524456402041777,-0.06571232019161591,-0.224123715543264,0.0401785559044681,0.02351401441041937,0.9500207279962156
2021-12-06,-0.010633188569581054,0.003407199974593385,0.002432517368534744,-0.02181659113463034,-0.06873611332370728,-0.2552601280084521,0.04123280223882577,0.023201859745188687,1.0026501557285785
2021-12-07,0.046056043232314506,0.030148240337580207,0.07414368386421269,0.02751156773908871,-0.01911698533628571,-0.09760216656273187,0.04139872054334794,0.0258286619846498,1.306886579900545
2021-12-08,0.022483134089821562,0.057905988752554885,0.07194637729672941,0.05127590738163958,0.009226779963060304,0.015622539715001266,0.04106168888308323,0.0258486606316803,0.9919884920114774
2021-12-09,0.014414785908749938,0.08295396323088595,0.0670461603361516,0.0646605850401755,0.026771437367185357,0.13435909023361348,0.04002680922859671,0.024485018893764126,0.9468685937945092
2021-12-10,0.0040169502865235,0.040914870285095016,0.07633772494782835,0.060262639373255295,0.03315774697644731,0.2467966484294614,0.037830076860879816,0.024493862334490885,0.7560153201599004
2021-12-13,0.006659191754400611,0.025090927949674102,0.09363010527180998,0.057013188867107385,0.042219054531981055,0.27408623944610366,0.04054990941299131,0.024532293816582056,1.4553964188478317
2021-12-14,0.014060030867337269,0.02473617290826153,0.06163409290683288,0.05758582244359746,0.05739066749943915,0.1497668392269101,0.04110568247481402,0.02449086589151004,0.9115352540233693
2021-12-15,-0.0056880760839287505,0.015031146537809055,0.03346288273308268,0.04063923966174009,0.05168433530354853,0.26837799982180627,0.04155955471555697,0.024461253496536505,0.8648932659335563
2021-12-16,-0.0039568294578606975,0.004415125325547897,0.015091267366471884,0.02812633414431683,0.0476037326496127,0.3249053705639284,0.03958462513556766,0.02441250202201307,0.646390405892444
2021-12-17,-0.010183898536438574,-0.01982880407822804,0.0008904185435098917,0.010069220182013453,0.03610458061853093,0.3413857322786299,0.03843218359138466,0.023645836587972802,0.8131689783192152
2021-12-20,-0.053473961602708474,-0.0676146895970078,-0.05924273481359924,-0.045613364755383086,-0.017459642572605256,0.3429737794047037,0.041750483075201406,0.02581009309312593,1.2529237007079757
2021-12-21,0.038227037468619066,-0.02543082267052792,-0.03507572821231751,-0.01099392507593655,0.021015493364680667,0.34606343520126587,0.04176616727786416,0.026129844046942758,1.0089844854949535
2021-12-22,0.018357384523802152,0.0031104603897126834,-0.011030267604586672,0.005083403388595313,0.0389251642296677,0.3351809592667678,0.04059447751225621,0.026433703320448806,0.7043856107368507
2021-12-23,-0.011602073681287984,0.04498234831113306,-0.018675511828013913,-0.006155728980094537,0.02625523267943947,0.22531673526309548,0.04177351350302427,0.026541965601703275,0.7952696401777287
2021-12-24,-0.023616106837215982,-0.016860795994701867,-0.032107720128791324,-0.026354709114628817,-6.899077678936088e-05,0.24931767212067313,0.04264047669061749,0.02334196395008224,0.8577635432169193
2021-12-27,-0.0032221367929494925,-0.03844031731145341,0.018144104680967728,-0.025519011202925938,-0.00593515383654314,0.12964506423768568,0.040374092920202526,0.023209585768787837,0.6737075807913275
2021-12-28,0.0032221367929494583,-0.023616106837215982,-0.016860795994701867,-0.017252334026524888,-0.006710239083452222,0.07605246609095545,0.038767057984810914,0.0222270503968214,0.5581726674634705
2021-12-29,-0.022305593262036995,-0.022305593262036995,-0.057523773780540924,-0.03233131488469479,-0.030325024049739562,-0.06376717492864287,0.039137997786263666,0.022429728137069966,1.1675870552391765
2021-12-30,-0.011817681425906812,-0.030901137894994324,-0.057739381525159755,-0.03638188169500758,-0.0419788187540334,-0.18042006358758356,0.039433436577471885,0.02223277290196297,1.0014725879836648
2021-12-31,0.019308218964428806,-0.014815055723514927,-0.014815055723514927,-0.0129368275723513,-0.024723122027973235,-0.33259191369590696,0.03341549211399389,0.02258589452125086,1.1108270824012063
2022-01-03,0.026692822584887966,0.034183360123409993,0.015099903654322306,0.01041618226736392,-0.0016095824094756966,-0.17418072784766467,0.03198388678287126,0.023066257731609544,1.167509281262611
2022-01-04,-0.0022732617624104997,0.04372777978690618,0.009604505098962456,0.008862540361240668,-0.004824157758790685,-0.22234413800863095,0.03140643989079051,0.020778370506411036,1.0527687745598227
2022-01-05,0.028271988240719557,0.05269154906319694,0.06018208660171891,0.03750626690318839,0.02241619336092975,-0.03493847502375118,0.031352693103108134,0.021131216253999448,1.5230890630813876
2022-01-06,-0.005768773210890725,0.020229953267418277,0.06623099481673504,0.03063940021907846,0.016282220039253413,0.12698671131826345,0.030993676891243105,0.020950824652131935,0.9340066229089077
2022-01-07,-0.003119939789430758,0.019383275240398058,0.04380283606287542,0.024421652262902122,0.013230981994316604,0.18685195633655907,0.027933639049384937,0.02094398259061145,0.9256428214437413
2022-01-10,-0.020293967446255317,-0.02918268044657684,-0.003183953968267735,0.002649379952322337,-0.005662491126890028,-0.029453372136567423,0.027107033762846757,0.021348641155568733,1.2700896997564919
2022-01-11,-0.049975366796911336,-0.07338927403259732,-0.050886059002768436,-0.042377536214091634,-0.0497428373784098,-0.2777736226485398,0.030514473267953715,0.023583534466433326,1.937459017903294
2022-01-12,0.005254296971405347,-0.06501503727176135,-0.07390375027208276,-0.03605056613149641,-0.04080797518370176,-0.29040892993673767,0.029027393653139485,0.023685158810842273,0.8570648882984697
2022-01-13,0.029110109636351505,-0.015610960189154506,-0.0390248674248406,-0.010213869965250092,-0.01000982003581989,-0.11170640842906224,0.027797949115569306,0.024823460511369282,1.0070559665462249
2022-01-14,0.001387122296445323,0.035751528904202155,-0.03451780533896445,-0.009747070069805186,-0.006747267762654346,-0.021023496333057494,0.02739633040638783,0.024768759080904198,0.49241904340371234
2022-01-17,-0.007420973568552429,0.02307625836424451,-0.021644811461261508,-0.014633624434725268,-0.014497991572171498,-0.12460559389249098,0.028431732310821096,0.021666409313456158,0.8388841423420943
2022-01-18,-0.019746764723467945,-0.025780615995574914,0.00858379061218178,-0.029850685421895572,-0.03139006033786904,-0.12546250429924158,0.028964836099592252,0.020168499614594798,0.7750151023410166
2022-01-19,-0.0061920801183463275,-0.0333598184103667,-0.0028625864775697935,-0.02836456372270118,-0.033791923305850055,-0.15562391718458643,0.0289399838703388,0.01957193214033171,1.1223738978281503
2022-01-20,0.008089579829547363,-0.017849265012266975,-0.02388311628437391,-0.014202934513199896,-0.02328375921414523,-0.11445274315066058,0.02857141455103186,0.01964892672384223,1.2283967044070603
2022-01-21,-0.028360548326298196,-0.026463048615097257,-0.05363078690711751,-0.03323124331015508,-0.04784015030451223,-0.24489572562826367,0.02998536499185446,0.019940943454161635,1.2876009383987022
2022-01-24,-0.05203783788503209,-0.0723088063817829,-0.09824765122359726,-0.0713980150616186,-0.09143948214604768,-0.364677998312543,0.03430185683055392,0.022762840693759324,1.2404980993493804
2022-01-25,0.001539813347462113,-0.07885857286386823,-0.07696107315266733,-0.06380522096681954,-0.08521564241044163,-0.5087952972819698,0.0333699607605821,0.022732394714459387,0.8917236448031992
2022-01-27,-0.011346277717661432,-0.06184430225523154,-0.08211527075198238,-0.06670543595490158,-0.09127335180334649,-0.6124253468229693,0.034565805263381315,0.022435692189153773,0.9299492768757516
2022-01-28,0.010833270003988439,0.0010268056337890423,-0.07937158057754128,-0.046757308701663,-0.07802928642555809,-0.4990879833561439,0.03499965059691594,0.022640738859746615,0.8388953989246716
2022-01-31,0.010209368721256634,0.009696361007583589,-0.0408016635299864,-0.027702354089207355,-0.06469695665861656,-0.39080423275048504,0.03388233858526515,0.02223977831206828,0.7316886819602422
2022-02-01,0.04808869067139904,0.06913132939664415,0.05932486502644493,0.02434439216395472,-0.015440239952968013,-0.12611797837042915,0.03267184127191175,0.02423226815460866,1.6306080320381378
2022-02-02,0.008194705446637215,0.06649276483929312,0.06597975712562,0.033952169619759325,-0.004635151876210857,0.02926007034150473,0.033091020308878324,0.02436573851587726,1.1057425667139955
2022-02-03,0.0028761478308758676,0.059159543948912284,0.0802021826741574,0.03713618722111308,0.002326927858126942,-0.11505935580643595,0.032209542321653996,0.02330743769495511,0.7438414332283562
2022-02-04,0.00620382055278118,0.01727467383029433,0.07557273322295001,0.04400507044193996,0.012085194613540864,-0.08293063444188974,0.03285986971094329,0.023411353026731637,0.887666283692632
2022-02-07,-0.02553733451088154,-0.01645736612722455,0.03982602999081186,0.01778261441083373,-0.0088761395539171,-0.08610344182885057,0.03510423817637608,0.023931363119479784,0.8820322450211074
2022-02-08,-0.005382858889174058,-0.024716372847274366,-0.013645519569761235,0.00776348027238635,-0.010439393920481963,-0.1095191285544395,0.03638021021543621,0.02364251274843416,1.036496799079002
2022-02-09,0.01654546184995684,-0.014374731550098782,-0.005294763166441731,0.018432159011868843,0.006460491163905824,0.020527095767379534,0.036679536614661036,0.021360361182062824,0.9882743814276371
2022-02-10,-0.001932495998902689,0.009230106961880149,-0.010103406996220215,0.009519140420896618,0.005274261581766337,0.08588338550669207,0.03858110521492456,0.021320920887892114,1.703612770984252
2022-02-11,-0.016086076066767492,-0.00147311021571337,-0.03239330361576893,-0.010743240993104083,-0.007728466375071699,0.13237799631302097,0.03773253665846038,0.020363838575998737,0.5209371976511609
2022-02-14,-0.05660936090299083,-0.07462793296866109,-0.06346533000787828,-0.06309376269078187,-0.05679809707367596,0.1680023548719305,0.03989302053568143,0.023580916812940878,0.7277172799052244
2022-02-15,0.021096691417937286,-0.051598745551821076,-0.03698577970076695,-0.038339137974150526,-0.032321664047541075,0.18632541603130065,0.039678490260708854,0.024334492369435735,0.7146023465343158
2022-02-16,0.004572085188049331,-0.030940584297004144,-0.048959156362674394,-0.028700777742989552,-0.024691618654168693,0.2988714937693675,0.03870101737797281,0.024138162640909958,0.6051329487506393
2022-02-17,-0.013265650943965982,0.01240312566202069,-0.0602923113077377,-0.034752958621554975,-0.03405858927629797,0.21523323287145515,0.03804385881509809,0.024234985889870286,0.6865060066404204
2022-02-18,-0.00514920671243656,-0.01384277246835314,-0.049355441953406805,-0.03179044200505149,-0.03487789195554918,0.1239055098725153,0.03812962614921343,0.02407875013124554,0.9641490426688962
2022-02-21,-0.012990578124908187,-0.0314054357813108,-0.005736659175324059,-0.03769690848520013,-0.04402387435259058,-0.05052825665190767,0.03605048059688266,0.023508169872835306,1.0234778804712719
2022-02-22,-0.024888785027727563,-0.04302856986507221,-0.0517221356209889,-0.05310724278246406,-0.06560785808521633,-0.21987540938192537,0.03833778514207964,0.021232093456487845,1.2899179881847727
2022-02-23,0.01753975819154899,-0.020339604961086756,-0.03875446261748927,-0.027763453729482482,-0.04783394671438964,-0.1030957026244316,0.038047554614540104,0.02167529725812562,1.0351752468886264
2022-02-24,-0.11017248632254015,-0.11752151315871871,-0.13566129799606352,-0.11245688245935104,-0.1422588312342438,-0.30539839440495853,0.04894957143487052,0.032590235709936036,2.008133838589808
2022-02-25,0.07477991819766065,-0.017852809933330546,-0.055732173085966306,-0.03329643406202268,-0.07292143976460283,-0.14497827227393414,0.04776200008049123,0.03717339386810954,1.0809477187112861
2022-02-28,0.05055613979699376,0.015163571672114242,0.007814544835935699,0.01661828718585093,-0.023809537838482685,0.03985108032932729,0.04685298573006585,0.03898410035211243,1.1549963334454532
2022-03-02,0.030661543628557057,0.15599760162321166,0.06336487349222036,0.04700174146910452,0.008603805344005898,0.07028033725201382,0.04651663952248222,0.038009894103659986,1.1529639870838877
2022-03-03,0.017955777159980695,0.09917346058553168,0.06378089246065209,0.06317019713339753,0.028443752254324155,-0.017249176377913927,0.04385283506901781,0.03820914658343321,0.7986273040733192
2022-03-04,-0.03623960916831895,0.012377711620218917,0.1377137696148732,0.02511559227469587,-0.004667992170503091,-0.058992817856905334,0.04748481133282108,0.03896898102180128,0.9665836050590334
2022-03-07,0.004602393880563072,-0.013681438127775185,0.06753624529777576,0.028601397962977063,0.003558530147128177,-0.0700446446826733,0.04584548728085198,0.03894981244294638,0.8173534869921323
2022-03-08,-0.019578291386529702,-0.05121550667428559,-0.002598185885747759,0.00812994687815787,-0.01268826907543288,-0.08436146755502605,0.04719787593600335,0.038794823827213526,0.8640577476368972
2022-03-09,0.0,-0.014975897505966665,-0.033259729514304906,0.005124864427656879,-0.009737873833660869,-0.07040102020133673,0.0474951862095247,0.03879754970114416,0.7908671255928702
2022-03-10,0.03074018306203045,0.011161891675500564,-0.02047532361225517,0.03196912738373644,0.023548793846273976,0.03995604223150892,0.04685024069690594,0.03929916594463463,1.05873415858235
2022-03-11,0.005534697285012643,0.03627488034704313,0.0212989828410765,0.022103745848854838,0.03122658573876371,0.16060720452376515,0.04712925087744567,0.03933749729067155,1.1442923439661468
2022-03-14,-0.0035183488235041565,0.032756531523538995,0.013178240137009243,0.010532899985053395,0.02890907675743275,0.11510674683517706,0.04783485094321516,0.03919820147384103,1.1577325205264075
2022-03-15,-0.0453219173099055,-0.04330556884839686,-0.012565385786366538,-0.032816869854689075,-0.016044904884647215,0.08972290076189068,0.050767739082468066,0.03843249593844292,1.070953956360731
2022-03-16,0.0239469704897795,-0.024893295643630263,0.011381584703413038,-0.0072008129856004025,0.008324960098379217,0.09707442275438453,0.049309241328900855,0.03852257624133743,0.726093484863409
2022-03-17,0.009216619306614063,-0.012158327513511891,-0.010141979052003255,0.005122971417723194,0.017951664563914543,0.28895041133779387,0.04321393307381214,0.03856880803966885,1.1651209789417485
2022-03-21,0.013164809583390339,0.04632839937978412,-0.0025118667536256686,0.016515902684635778,0.03034550892752943,0.29547404978919045,0.03941507807472406,0.038553236813372874,1.0185970585228699
2022-03-22,0.001005385375102597,0.02338681426510716,0.00201186744498108,0.015979922383578378,0.02996732114016572,0.28955807110423165,0.03697058446841635,0.0385257712178065,1.0251958537730343
2022-03-23,0.03554169649421183,0.0497118914527049,0.08287548124909845,0.04526778685265586,0.0631056739042053,0.34133086758625636,0.03585286333863106,0.03909916205967347,1.8660342954366964
2022-03-24,0.00869155685363139,0.04523863872294579,0.06762006761295039,0.046014508230469126,0.06647518116154337,0.34100028915779235,0.035061813311488665,0.03852014794604338,0.7325611967278187
2022-03-25,-0.008691556853631408,0.03554169649421183,0.0497118914527049,0.032807292290710735,0.0528195816165778,0.3729772386970546,0.033428021894204414,0.03853360227488731,0.5768983407540921
2022-03-28,-0.007483058007157902,-0.007483058007157902,0.029064023862156587,0.02236145220382373,0.03580475885618597,0.39051600506626927,0.032251440676142114,0.027864003832980593,0.5918369780503167
2022-03-29,-0.010571505543053191,-0.02674612040384245,0.017487132944000817,0.00963821951112848,0.019928473349525317,0.3889160563859832,0.030910595820711362,0.02349798613130938,0.7808140171183018
2022-03-30,-0.010684373274113961,-0.028738936824325042,-0.028738936824325042,-0.0063223999270331545,0.00714686666893164,0.2859913207482629,0.03077806980869891,0.021120427577650622,0.959299050589435
2022-03-31,0.00815087737590437,-0.013105001441262861,-0.02927961630205206,-0.0019508903537355199,0.01454854345406988,0.2746053470811319,0.02935758132219721,0.02008413560630695,0.9692696378633349
2022-04-01,0.035878270019122915,0.03334477412091312,0.015290210570702128,0.027815786363655278,0.04974401264581896,0.25986480805296464,0.029174569749739233,0.021254538264074058,0.9749050027772255
2022-04-04,0.04076330505395921,0.08479245244898644,0.06353657363181911,0.06053695437041609,0.087154158114831,0.4270249245492781,0.02893648624670791,0.02098927657326844,1.4420200867294464
2022-04-05,-0.006127902603712069,0.07051367246936986,0.06798017657116032,0.045034596892534966,0.07495145878450091,0.5731968533193915,0.027413673496900028,0.021151806451676008,1.1797297491625198
2022-04-06,0.043937694586010455,0.07857309703625749,0.12260224443128472,0.08139505619722454,0.11376477853340998,0.6104376823514863,0.029248722676185505,0.022012844798329004,1.6399882995113793
2022-04-07,-0.012750639988608307,0.025059151993690115,0.10170072706677205,0.059789138383604716,0.09122300313831247,0.6156706361937418,0.030912441720226107,0.022443523108752285,1.0028924379318551
2022-04-08,0.0163640696925496,0.047551124289951625,0.08218652674019877,0.0666025411014171,0.10140353440115037,0.6152242567223527,0.03067908199292221,0.02188570818502471,0.7081603701679148
2022-04-11,-0.008603265001456634,-0.004989835297515446,0.03281995668478297,0.04729238469832971,0.08511642175224096,0.5260751334157016,0.03063726752797698,0.022157148620372158,0.4862848144530528
2022-04-12,-0.017431509512343627,-0.00967070482125074,0.021516349776151508,0.020205873792412992,0.06052591895740924,0.3497951019509097,0.030565230715488126,0.022688566840171145,0.7438812574259694
2022-04-13,-0.014449082330732914,-0.040483856844533136,-0.03687042714059193,-0.0026688642259559896,0.038229570349398584,0.25320006560843167,0.03151940258403384,0.019935677279809345,0.5673634412492
2022-04-18,-0.011806472050825073,-0.0436870638939016,-0.03592625920280871,-0.020520132157398747,0.02086530440909868,0.2588624828445559,0.0323040308603981,0.019938445857249593,0.9385845843939596
2022-04-19,-0.01098665787047069,-0.03724221225202861,-0.06327698676582888,-0.032977301536730244,0.0056244843961790235,0.2620577621089447,0.034925204039053866,0.020234141362880976,1.0260298706699755
2022-04-20,-0.0213600094979731,-0.04415313941926881,-0.07603373126234536,-0.049440320477506454,-0.017956995189467487,0.2833899713812133,0.03609981037114698,0.020890733428968022,1.0171081531605461
2022-04-21,0.011707472790836866,-0.020639194577606844,-0.04689474895916478,-0.03586291109543549,-0.009262671666790076,0.283077254786769,0.03647637346743215,0.020988098503228424,1.2042439551536586
2022-04-22,-0.016626256835685933,-0.026278793542822133,-0.04907192346411788,-0.04362175742535537,-0.025973146225641223,0.1983800590006342,0.037651443660893354,0.01994746033534933,0.7026960465680375
2022-04-25,-0.04694279382656594,-0.051861577871414995,-0.08420824523985868,-0.07672488686591042,-0.06852481175353096,0.049677014570036135,0.04016241994570379,0.022451718625645715,1.6081579282166143
2022-04-26,0.014366601370242415,-0.04920244929200944,-0.05885498599914569,-0.05182823436434179,-0.05393031131758079,-0.01582813877500598,0.037661007062390915,0.02270150024615607,0.7203318266358165
2022-04-27,-0.009726223781388092,-0.04230241623771166,-0.04722120028256066,-0.04929579305799301,-0.06188926348290416,-0.1718213166829132,0.03791886098427704,0.02273951494568808,0.9986733427047774
2022-04-28,0.006153834949084424,0.010794212537938752,-0.0527748381243132,-0.033740098711337936,-0.0556427680280547,-0.3477369950991405,0.03374232671819079,0.022689830617617042,0.7736478672806493
2022-04-29,-0.010794212537938672,-0.014366601370242364,-0.04694279382656594,-0.034816442977630195,-0.06533028199828053,-0.5786554973738638,0.032447391979700944,0.022692436375350258,0.7780466298996251
2022-05-02,0.001033095244110569,-0.003607282344743779,0.001033095244110569,-0.02565388242700087,-0.06359524327834995,-0.7797637495172245,0.032118882406005904,0.02260503542274942,0.9779794606186789
2022-05-04,-0.020866760794909203,-0.030627878088737476,-0.03420026692104113,-0.03681140055349673,-0.07968468715153317,-0.7822477990351504,0.03422697283942153,0.021271671548451266,1.225997498938419
2022-05-05,-0.007938588377396884,-0.027772253928195597,-0.03241263151704991,-0.0367981723879983,-0.08148072796605871,-0.7738712542163679,0.03347502929629995,0.018522920315288995,0.9622678214530686
2022-05-06,-0.04566005329822478,-0.07446540247053082,-0.08422651976435908,-0.0671854079514511,-0.11563615029332847,-0.7877679309101137,0.036548546843783405,0.020522618695500944,1.6434597402690387
2022-05-09,-0.0224982083879176,-0.07609685006353926,-0.09593051561433798,-0.0749802674214537,-0.12559064486034716,-0.7869875448052003,0.03762392810916827,0.016667897004749327,0.9549096675145423
2022-05-10,-0.04419330490680085,-0.11235156659294324,-0.14115691576524927,-0.10302906526541342,-0.15285827564051374,-0.7869281326963236,0.03881433918052907,0.018209507244382642,0.9726879140911733
2022-05-11,-0.0029771865856838323,-0.06966869988040228,-0.12326734155602391,-0.0918446099871913,-0.14371072746585134,-0.7897103082838527,0.03999489529714484,0.017043506688776047,1.1285793130208508
2022-05-12,-0.03829080087619455,-0.0854612923686792,-0.15361955405482156,-0.11005737696257657,-0.16338383084626112,-0.7879831496159574,0.04239686720883082,0.01782544130793142,0.9534612509514045
2022-05-13,-0.013096499576803942,-0.054364487038682296,-0.12105600033340069,-0.10369661786740358,-0.16193182740040374,-0.7920828495883492,0.04474933741124582,0.01782661852535261,0.9583673954253135
2022-05-16,0.023574327908898518,-0.027812972544099982,-0.07498346403658468,-0.06634606713288398,-0.1305274708662222,-0.6616965838612165,0.04239290741599387,0.01983112135567024,0.8074389684096718
2022-05-17,0.04963642152008615,0.06011424985218071,0.018846262390302376,-0.006146384199655342,-0.07665790456524804,-0.6104044020768051,0.04234037348760479,0.024330943437348984,1.1158369153145584
2022-05-18,-0.012918446127928137,0.06029230330105647,0.00890500284805786,-0.007100450694063262,-0.0788326907377813,-0.4645856450233862,0.04263760100739334,0.024337753718493987,0.9888977077604715
2022-05-19,-0.05341078204213281,-0.01669280664997488,-0.006214978317880304,-0.04313066381153915,-0.11630210217939091,-0.5856295855569613,0.048183092159635246,0.02609144696684599,1.1743071801516618
2022-05-20,0.03431712158686337,-0.032012106583197475,0.04119864284578703,-0.0015036851302114487,-0.07520885877185995,-0.4644817781335371,0.047246107375614896,0.027616717054736298,0.8936825952968571
2022-05-23,-0.11545160649094519,-0.1345452669462145,-0.09782729155405662,-0.09519157494800737,-0.16324866577295877,-0.536668806829286,0.06133487655779055,0.03621004720829374,2.229626480104839
2022-05-24,0.004048735008706945,-0.07708574989537471,-0.14341497806543563,-0.08043838134648425,-0.14902149702682377,-0.36311610863266336,0.058970643546354846,0.03569215137849224,1.0865382959848835
2022-05-25,-0.0426474081577159,-0.15405027963995402,-0.17314394009522338,-0.10474986632861373,-0.17173534148624325,-0.38633091116216234,0.0627948888608521,0.03564844262925041,0.9264929194458513
2022-05-26,0.03453370255084238,-0.004064970598166536,-0.08519945550224821,-0.06499941637609018,-0.1307170654116646,-0.19797738710780238,0.0604694017475551,0.03739498890313132,1.0174444759479235
2022-05-27,0.007439942930538705,-0.0006737626763348256,-0.11207663415857294,-0.05145424223552348,-0.11185598077565974,-0.0929457402814576,0.058577201965701944,0.03743232609442344,0.5315551139246152
2022-05-30,0.007385108729853933,0.04935875421123511,0.010760081062226137,-0.03604363888796025,-0.0933350019701345,0.006370372456862867,0.055136168663092316,0.03772891058615015,0.5945473668527745
2022-05-31,0.015926155545159172,0.030751207205551995,0.022637501598678347,-0.008097093374119601,-0.06695324109885614,0.12580879426230424,0.05257217200314256,0.03816283746959133,0.7551153636074392
2022-06-01,0.00656161643896677,0.02987288071397993,0.07184652619536105,0.009174306946777762,-0.05007455869917048,0.23786787046196764,0.05035972539004211,0.03832575725475106,0.8200297994989485
2022-06-02,-0.0006541522137331808,0.021833619770392894,0.03665867143078539,0.013598750098851356,-0.04014063891589131,0.2353887471833464,0.04810209213913692,0.03838877252471241,1.0797180684929393
2022-06-03,-0.009865287313446582,-0.003957823088213039,0.019353441186800123,0.013531666735714027,-0.040978624440598896,0.22725272337304417,0.0471626848190968,0.03748301650152993,0.7169967172449355
2022-06-06,0.0006607440478920108,-0.00985869547928783,0.01262907650483814,0.011829232181232828,-0.0328658812393625,0.11815631211900353,0.0451972102860827,0.03738961495213067,0.9200706472443712
2022-06-07,-0.009290054584256644,-0.018494597849811313,-0.012587133624577748,0.0014688630066469483,-0.0362064537584712,0.09036390309696074,0.04476190689054907,0.036386491011510175,0.6724752880361395
2022-06-08,0.010610234372536354,0.001980923836171854,-0.008538515691008048,0.0059054744081394155,-0.020861493772019322,0.20620005749132617,0.04056728522792371,0.036566911464722525,0.8759558588486934
2022-06-09,-0.009943875374852492,-0.008623695586572756,-0.01782823885212742,-0.00589447955118708,-0.026999037447942395,0.11507577247001123,0.03954507425463002,0.035750794786811556,0.9497624779050056
2022-06-10,-0.023593802756256728,-0.022927443758572866,-0.03155675429493752,-0.02791584842663695,-0.04575919915435432,0.3077866975291994,0.031865117926082855,0.03597346475405861,1.2434869489182168
2022-06-13,-0.024863145697718164,-0.05840082382882741,-0.05708064404054768,-0.04768240650942315,-0.0630629638396088,0.13275718501802472,0.03341657084235507,0.0356373591289057,1.2602920496074923
2022-06-14,-0.003502756872192831,-0.05195970532616768,-0.051293346328483834,-0.04503422618914749,-0.05741502408854556,0.3318436077572363,0.032180444099137194,0.033117678787835766,1.1120106573223443
2022-06-15,-0.00704218922554266,-0.035408091795453685,-0.06894576992656293,-0.04443541011100682,-0.05537561504036048,0.1431043030490885,0.029278134596178135,0.03310932587310626,0.8858970171232439
2022-06-16,-0.050735681382389264,-0.06128062748012468,-0.10973757593409963,-0.08034198984596738,-0.09427617557518579,-0.04124123219257413,0.034944236417550456,0.03292510445069822,1.3052708298755547
2022-06-17,0.01768644696189649,-0.04009142364603538,-0.06845732621594632,-0.05462347660419644,-0.06899263939557311,-0.2554482298179346,0.036470838457795404,0.03197501245579077,1.7826606048306237
2022-06-20,-0.053255758542895534,-0.0863049929633883,-0.09684993906112375,-0.09008062891380648,-0.11181059533188172,-0.4220405922589751,0.041107197586254966,0.022870411851050453,1.0850622844805735
2022-06-21,0.05835613633223974,0.022786824751240796,-0.0349910458566912,-0.02694292760654079,-0.05491258904128055,-0.37743973842138645,0.04163205872161768,0.027036600227734728,1.1262065105181078
2022-06-22,-0.03400174730663176,-0.028901369517287532,-0.0619506039377803,-0.04693652635879075,-0.08358018239269317,-0.3751698971776355,0.04468313443977037,0.026445641031957994,0.7993554326705615
2022-06-23,0.011214922555391036,0.03556931158099904,0.0,-0.025291772685489197,-0.06913981343151095,-0.3511228679496463,0.04434413775313169,0.025169392905834895,0.7054663467979796
2022-06-24,0.011090723111309098,-0.011696101639931665,-0.006595723850587426,-0.00679182657699695,-0.05470221326984999,-0.2304871513194304,0.04338236020198935,0.02527391168354856,0.7368973127347732
2022-06-27,0.028272945881926477,0.050578591548626456,0.07493298057423464,0.024008132724298005,-0.024339316403404834,-0.20040722799394942,0.043245186875193145,0.02619954383417863,0.8560964167024817
2022-06-28,0.016306758723942015,0.055670427717177604,0.032883602965936835,0.04107187830227044,-0.004933326923571496,-0.17241453228515455,0.04334941554370894,0.026214391948289843,1.043761811375995
2022-06-29,-0.014878017957204127,0.029701686648664405,0.05200733231536449,0.02674983015474286,-0.015218018496653492,-0.1749851669374702,0.043642305839419755,0.026228283826324014,0.7829934953847993
2022-06-30,-0.0216459356228858,-0.0202171948561478,0.019146474137087702,0.0028527788884820998,-0.030958443996029844,-0.16623901639868066,0.04475359432815444,0.026490409791777005,0.8862969360014835
2022-07-01,0.019502117082142795,-0.017021836497946943,0.02755786810792162,0.02043784824846698,-0.007842285863467758,-0.0642008860300399,0.04312285461281935,0.027039328398664745,0.7491520065778645
2022-07-04,-0.012959021362067844,-0.015102839902810769,-0.01367409913607284,0.001306068724784333,-0.015937531381106266,-0.1751605607120233,0.04337475911715524,0.027088488712233138,0.8893335697419973
2022-07-05,0.008658019588789539,0.015201115308864454,-0.021322838271225348,0.008841840923274094,-0.0035434706494279957,-0.0672154219038093,0.04377054490489456,0.027223070297237258,1.1335347818332935
2022-07-06,0.0,-0.004301001773278285,-0.006444820314021232,0.004328994670836224,0.0008987659950781448,-0.03627751324197306,0.04053778500020735,0.027031488582335696,0.9957119111130415
2022-07-07,0.04563811079171076,0.05429613038050032,0.06083922610057514,0.04280000735991004,0.04929614154318979,0.19985438319178442,0.038827357031860604,0.02918824323284768,1.3876519619064158
2022-07-08,-0.017307513069565312,0.028330597722145523,0.024029595948867128,0.019652574621445106,0.032555850096920996,0.3879304661010582,0.0371608395183642,0.02897069918724915,1.2724333789203883
2022-07-11,0.01249148187377727,0.040822079595922676,0.04948009918471219,0.02873362733428913,0.04478155291515684,0.3769685967420094,0.035320221257014874,0.0285643081802819,1.2250554257062836
2022-07-12,-0.01949924132469746,-0.024315272520485424,0.021322838271225372,0.008868409837148764,0.0247171944137649,0.38356110883441147,0.03425761620633923,0.028909885988119846,0.9920268330631138
2022-07-13,-0.0007032761641475143,-0.007711035615067565,0.0206195621070779,0.006730636556637773,0.023775455640036434,0.2561437631895588,0.0332763896103021,0.028864545376580685,0.684387435975225
2022-07-14,-0.013461312145609021,-0.03366382963445402,-0.038479860830241915,-0.008907153963528595,0.00801665952657251,0.13817726364963648,0.03337072249551981,0.026509118299407587,0.6826888514733841
2022-07-15,-0.010756800884054203,-0.02492138919381071,-0.03192914864473088,-0.018747977168297052,-0.0034131427645879655,-0.07380807491188221,0.032959143334780734,0.026390226696421253,1.6200377420903864
2022-07-18,0.03471853665475228,0.010500423625089118,-0.009702093863755904,0.01190896895049906,0.02670435439150252,-0.07789806139612153,0.032282165083212924,0.02417017207739425,0.9741705682815704
2022-07-19,0.019310960873596343,0.04327269664429444,0.029108108334537888,0.026432046594078957,0.04344112238934872,0.06886848930525474,0.03254295911257345,0.02100813842275294,1.1184519516539264
2022-07-20,0.023625548377888515,0.0776550459062374,0.05343693287657412,0.04314521389596189,0.06199058218679245,0.24921506072901436,0.032116661036879886,0.01955324270852009,1.4368159683046087
2022-07-21,0.008635370906725786,0.0515718801582108,0.07553361592890893,0.048180339995398405,0.06490133582859064,0.26865943319060276,0.03113189959088931,0.019525388987369174,0.6975583944476778
2022-07-22,-0.003976182618053834,0.028284736666560673,0.08231423419490923,0.03869238167920945,0.05525004400548799,0.358436823389948,0.03049706729492596,0.019603132184931208,0.5714084675629612
2022-07-25,0.009253104599189509,0.013912292887861423,0.05684880213934636,0.043311100679931235,0.06056373359286497,0.35099105432396754,0.029135347784089917,0.018867259258149114,0.5768555325912622
2022-07-26,-0.013912292887861536,-0.008635370906725857,0.023625548377888515,0.023487445816816173,0.04310893582072134,0.34386986962402544,0.02930526559295387,0.01905138915102197,0.7745020869985947
2022-07-27,0.011277366879348005,0.0066181785906761275,0.011277366879348005,0.02842424666494712,0.05073478205514997,0.317887727147355,0.026903497152753253,0.01867991408209389,0.7508731306754943
2022-07-28,0.003393300656931888,0.0007583746484182885,0.006035296629554067,0.023645684159909516,0.04884858009514913,0.31419055614536345,0.02582383536354525,0.01768724230942632,1.4349046182095275
2022-07-29,0.044392783923538716,0.05906345145981872,0.05440426317114674,0.055676233823290074,0.08924123096654459,0.320239307240665,0.025027405933568735,0.019526846950662178,1.5157357810173162
2022-08-01,0.0071035276745328195,0.05488961225500337,0.05225468624649,0.051644896735641696,0.08874551082094452,0.4488269575064237,0.02448842331654201,0.018985607045028174,0.6761997372776325
2022-08-02,-0.002577210229760637,0.04891910136831084,0.06358976890459088,0.039828391333960184,0.07841345484136586,0.45745654366221883,0.025455915512882992,0.019113584576866387,0.7292741805571876
2022-08-03,-0.014949831263108768,-0.010423513818336696,0.03736257076213389,0.019440774223538817,0.055934464512440316,0.44233731794077014,0.027379251272858174,0.019680814350036942,0.870716612773102
2022-08-04,0.007827699858682154,-0.00969934163418731,0.04179696996388425,0.02254492383688346,0.059643626715746655,0.664513057935074,0.02763170537705864,0.0173663759204298,0.9817772949731943
2022-08-05,0.008411566770648303,0.001289435366221503,0.0058157528109937,0.025005208309452583,0.0626494820959092,0.6559337890211091,0.026414105705910292,0.016622814215084034,0.9465037003968693
2022-08-08,0.0070626845490683035,0.023301951178398516,0.005774909685529172,0.02629734751638965,0.06449463947970391,0.6408089893910298,0.025787915956308895,0.01654731201847994,0.9227586266911235
2022-08-10,0.02214590191214344,0.03762015323185997,0.03049802182743327,0.03948490173428692,0.08030440311582779,0.6184908692677658,0.025033200285638435,0.01587443095013185,1.4401344006419832
2022-08-11,-0.013228723846704702,0.015979862614506915,0.032219129243837324,0.018799581790910697,0.05901332453494292,0.43397927409070236,0.02563606101753865,0.01644530685404573,1.204311669440853
2022-08-12,0.03428191873337729,0.0431990967988161,0.05867334811853262,0.043811866990831845,0.08604309089055198,0.4685005304723825,0.02638929432190249,0.016823251396265858,1.3776859885767978
2022-08-16,0.012785644471050076,0.03383883935772252,0.0630474258189343,0.049857096795980264,0.08888888141281191,0.4819664210409013,0.027298592477048703,0.016171613697314857,0.8692814006712675
2022-08-17,0.002416815771930651,0.049484378976358045,0.05840155704179679,0.045557692572042986,0.08212764460564938,0.6120611574511847,0.026941586256436393,0.015185275149616127,0.8615611961756384
2022-08-18,0.0036144988915726086,0.018816959134553397,0.03987015402122587,0.04191460946513194,0.07751540562623177,0.5055043765433601,0.026501167585828968,0.01501066237752254,0.6902595134103154
2022-08-19,-0.016980343679977965,-0.010949029016474708,0.03611853418795272,0.017487094954138315,0.05321464887988248,0.39194122834028294,0.027086070553351112,0.015506679644404114,0.6314292831681813
2022-08-22,-0.04503571225339149,-0.05840155704179683,-0.04319909679881614,-0.028770230804817384,0.0037348837730337443,0.24725882648556832,0.028425202259636868,0.01920270417208467,0.836895239177762
2022-08-23,0.02339653013397316,-0.038619525799396405,-0.03258821113589304,-0.008735523323772362,0.022939859475994806,0.1404167475192112,0.02946429393309702,0.01963746461526797,0.9226810603029484
2022-08-24,-0.006898695175419008,-0.028537877294837383,-0.04190372208324269,-0.017133626619115185,0.012214615535475416,0.23887192842954463,0.029083885815450614,0.019764883279703747,0.837298419264712
2022-08-25,0.003768786844648217,0.020266621803202375,-0.041749434130167205,-0.013239300850381016,0.011510247279231979,0.35609364217980327,0.027496639684528677,0.019324936027973083,0.8554344173400705
2022-08-26,0.024157260017292594,0.021027351686521863,-0.0006118304328964449,0.007336163771154111,0.030914790725651856,0.3688466757659552,0.027670919861662393,0.019768323873182597,1.5486864221282441
2022-08-29,-0.02165257009928473,0.006273476762656056,0.02277131172121018,-0.012231298911802246,0.004933504519340301,0.2501982397216265,0.029840079105132533,0.020665383622023584,1.0416565983898076
2022-08-30,0.016744698077899682,0.019249387995907752,0.016119479665136757,0.006125955634749691,0.019244117168621726,0.25884889847152964,0.029476367676497556,0.01864749259811198,1.1107183064541488
2022-09-01,-0.004314396571010229,-0.009222268592395264,0.0187037782695456,0.004155578391499217,0.012792864896195825,0.10316283491057376,0.028544956258058373,0.0186777515682168,0.9126665346110769
2022-09-02,-0.02185548846919034,-0.009425186962300882,-0.006920497044292914,-0.012715113564623112,-0.010154742777268973,0.13006583709452657,0.029942270198996014,0.019412073173946612,1.0092426365033633
2022-09-05,0.016280985483885218,-0.009888899556315323,-0.014796771577700403,0.005056512086151784,0.0034904253968356396,0.07477751011832354,0.028083410108407352,0.01931018624127827,1.0103517160015292
2022-09-06,0.01907164706572309,0.013497144080417816,0.025927445587307342,0.019444648329734342,0.019571331419137236,0.058095683235779065,0.0272917208331422,0.01963000244367165,0.9941787315595926
2022-09-07,0.002434564482608742,0.03778719703221698,0.011617311992016259,0.019080678915637216,0.01911225221488059,0.023285534929429447,0.02670429355411636,0.01959208428454021,0.8649945579296597
2022-09-08,-0.007934224992310144,0.013571986556021662,0.007997483570716368,0.008340988778410196,0.008902010107317197,0.051293617063504084,0.02744222298002504,0.01971140017231906,0.669912721235517
2022-09-09,0.006717635069977158,0.0012179745602756403,0.036570607109883836,0.012135757315725094,0.014291440756841163,0.16742822215959977,0.026867226230425638,0.01918288633697868,0.7937625528659756
2022-09-12,0.013301291553217963,0.012084701630884808,0.03359091317921656,0.023733389107349512,0.025088502204231297,0.2904790363902561,0.02445302348687748,0.01903561277130854,0.8507118892237794
2022-09-13,0.0041954498777649635,0.024214376500959922,0.018714715991258412,0.023443758616565124,0.028132259929934202,0.4218978132325353,0.02234279335440539,0.017539730320340632,0.9949351078988576
2022-09-14,0.005368346634762991,0.02286508806574574,0.021648498143412843,0.025500296260796976,0.03277737595317643,0.26892062747574214,0.023667892922414422,0.017359597382593638,1.4396176771173403
2022-09-15,-0.02164849814341279,-0.012084701630884872,0.007934224992310114,0.0019491033868760644,0.01103225962003359,0.1530007323235941,0.024663500451944907,0.018064269775938162,1.017860247039935
2022-09-16,-0.019644621945337625,-0.035924773453987424,-0.018428032023004654,-0.019274051804219636,-0.007109677107772681,-0.040093960775839294,0.02484281308722399,0.018537204362629206,1.2541652396212997
2022-09-19,-0.022571521780349758,-0.06386464186910029,-0.05430084535657234,-0.039234842970590884,-0.027533728471812673,-0.027933126714685414,0.024413463163979795,0.018822496391757735,0.9165520052230931
2022-09-20,0.023810626071843654,-0.01840551765384378,-0.03468566916249351,-0.014522878857113387,-0.005694998298152651,-0.0628567801344488,0.02436976022950646,0.016673085057111316,0.7613869207511003
2022-09-21,-0.008082108275198637,-0.00684300398370472,-0.048136124072455225,-0.01988380494854219,-0.01375940919584854,-0.027864264164671936,0.02474586977728806,0.015982299140324337,0.6385203748761837
2022-09-22,0.003738459650919366,0.01946697744756442,-0.022749166278123,-0.014766179367613519,-0.010644114029431682,0.020133129497494764,0.024031643457195943,0.015915304957275177,0.7689199717179513
2022-09-23,-0.028384155513003245,-0.032727804137282525,-0.0314886998457886,-0.03762080522462709,-0.03738371822404933,-0.12678592831667118,0.026048810238771133,0.01715352605847173,0.9043600712434554
2022-09-26,-0.04514995324650946,-0.06979564910859334,-0.054067131311948284,-0.07031732634153409,-0.07589530151400273,-0.29931032255368306,0.029068654781182778,0.0187292817979716,1.2392605154321084
2022-09-27,0.002673683429308357,-0.0708604253302045,-0.07520407395448364,-0.057624621826091876,-0.07051785678008127,-0.4551498330617216,0.030183103676508435,0.018341153007813436,1.1128370326372923
2022-09-28,-0.016829723167411725,-0.05930599298461291,-0.0839516888466968,-0.06106581263246155,-0.08167085835990187,-0.44803774236245775,0.030743870403839683,0.017945806695008212,0.8905201186148843
2022-09-29,0.005416489034446253,-0.008739550703657254,-0.08227365946317006,-0.04599324575589773,-0.07269421034320031,-0.35634764819991405,0.03139770461769307,0.01809498326834422,1.8353197522552829
2022-09-30,0.0358126828801034,0.024399448747137842,-0.01807682107006344,-0.006215295835788134,-0.037406432925409724,-0.3121402131505869,0.032294094882601036,0.019699742358414735,1.207304549767674
2022-10-03,-0.009819990432721784,0.03140918148182769,0.017253141743724394,-0.012281537100688867,-0.044115382915335455,-0.33208478724088764,0.032800741692945994,0.019315658840108392,0.6766019351746405
2022-10-04,0.046280915601463885,0.07227360804884558,0.06086037391587995,0.03605373641512985,0.002708429931997225,-0.16184354218694977,0.03216977262269386,0.021747952653695144,0.8921935295172141
2022-10-06,0.03517786946280217,0.07163879463154434,0.11286796654609375,0.06987609178238456,0.03847851761941487,0.015099155915228266,0.031967416151566175,0.023242095244951418,1.040146078910135
2022-10-07,-0.017125845365003306,0.06433293969926258,0.09032563214664419,0.05082326237798201,0.02119882918196482,0.06453564902894343,0.03190270140962384,0.023499222293542475,0.6979583209108028
2022-10-10,0.01043283253805207,0.028484856635850816,0.06494578180459294,0.056706087612740076,0.032071136861744426,0.22279428274410165,0.03218209411852602,0.023572503311709184,1.0693944410333511
2022-10-11,-0.03163061811345976,-0.03832363094041112,0.04313515412385476,0.0176991114214039,0.0024001896296784505,0.08726129450067603,0.03411647796041507,0.024351082260010783,0.9117562992764133
2022-10-12,0.0018885437592576196,-0.019309241816150177,-0.001257217718351344,0.013642701568102125,0.006902626988441247,0.07819225297606706,0.03423180008361887,0.024323650157369436,0.7837646885725559
2022-10-13,-0.017126886380327427,-0.04686896073452956,-0.05356197356148083,-0.009254530093892243,-0.0064835599214711865,0.07435796967858536,0.03514302979559145,0.02445968503651922,0.9135053819657201
2022-10-14,-0.0032041195235022377,-0.018442462144572007,-0.03964024771997976,-0.017220694600590142,-0.006915868560964442,0.16664438981809737,0.034338893356048845,0.024089841000220744,0.6395497763966207
2022-10-17,0.004482837074107244,-0.015848168829722474,-0.04559024318392457,-0.014669799904072725,-0.000925673619738412,0.18888446378494236,0.03222273135130568,0.02379989908279957,0.9276730101667332
2022-10-18,0.00827239830231488,0.00955111585291983,-0.0056872267681499005,-0.01009977390263397,0.007341191396582725,0.3010411239713812,0.030689843216679058,0.02335857755957464,0.905610304631608
2022-10-19,-0.006357229930385023,0.006398005446037056,-0.01393300045779257,-0.014889696716266977,0.0024614505109087775,0.31413383312947873,0.030703354284343794,0.022707193043732556,0.8591860241719869
2022-10-20,0.015190218176143931,0.017105386548073875,0.018384104098678782,0.0037831909712196026,0.01813075119746469,0.2596003694335042,0.030375091224046736,0.02294592062853943,1.3110695655922964
2022-10-21,-0.022230301838010145,-0.013397313592251202,-0.0006420782158291871,-0.014307440605469094,-0.0026263629342259645,0.07990918564935214,0.02995688563451073,0.023434141791538785,1.212053612852283
2022-10-24,0.00831482790153893,0.001274744239672846,0.0031899126116025737,-0.0017801879010786023,0.005475768651523872,0.02635218868524575,0.029663350095590988,0.022651174546310406,0.18019643723723716
2022-10-25,0.010769712458862215,-0.0031457614776090105,0.005687226768149915,0.009028450940832626,0.013345233953911928,0.01437781054352925,0.02799532900655311,0.02005855639108497,1.4036156839165468
2022-10-27,0.03953589352042485,0.05862043388082594,0.051580350218959674,0.04566482494462403,0.0490867238221626,0.06753529047246758,0.027299493806714377,0.021655144723840412,2.088530603893093
2022-10-28,-0.04458968519855886,0.0057159207807280414,-0.008199553155743177,-0.0009491925259503032,-3.1776951994826715e-05,-0.023292860494505872,0.03067043285439165,0.023892739782650607,1.6043912540366254
2022-10-31,-0.0031713982832465657,-0.008225189961380674,0.010859350399020539,-0.00511972360703194,-0.006124825366429747,-0.17400749089246872,0.029678731477254305,0.0239331379949035,0.6556072339961808
2022-11-01,0.016383377474284023,-0.03137770600752146,0.01892789997176544,0.009081686969358526,0.008223286956348597,-0.01333384612632031,0.027723239353465857,0.02290532956813767,0.7730362137730571
2022-11-02,0.005609246265783093,0.018821225456820356,0.01376743377868643,0.012777700151800707,0.011059414924008627,0.12217530139309091,0.027479383384512234,0.022742918480208568,0.6937001689472639
2022-11-03,0.010510233399353888,0.0325028571394208,-0.015258226342384596,0.019755454679778454,0.02065162298101338,0.25999503254369843,0.027016361111397064,0.02043690635992644,0.8790280963791555
2022-11-04,0.03386044421880062,0.04997992388393733,0.0631919030749749,0.04895535869553451,0.054710725026106306,0.34672169157477584,0.026796345171962603,0.02032294537114829,1.845201978423089
2022-11-07,0.03505030228179364,0.07942097989994801,0.1014136036400151,0.07398267314343128,0.0882058357115034,0.5077342410117046,0.02718551400049574,0.021204700730395452,1.6254758502167301
2022-11-09,-0.012128254198730736,0.05678249230186341,0.0729019719670002,0.0512492118840697,0.07230760215324462,0.5342349961438734,0.028471830150017204,0.021421050188196008,0.9125821962259733
2022-11-10,-0.021733744862506593,0.0011883032205562724,0.045558980838710614,0.022589174152022648,0.046092587946455946,0.4845860010941789,0.03011538478132969,0.020693768322174875,0.662588466443806
2022-11-11,0.015321455248660085,-0.018540543812577113,0.0503702026880171,0.03467047277028996,0.058299201397573955,0.5223306579382796,0.03053468519306543,0.020874152349967177,1.153418960917647
2022-11-14,0.011049872083419466,0.0046375824695730474,0.027559630552636084,0.036757175422028374,0.06458956736293547,0.6308268293808246,0.030364388164530298,0.02034302576028997,0.9682161818631464
2022-11-15,-0.00289614127564277,0.023475186056436986,-0.010386813004800335,0.02454376714933783,0.05611354271717917,0.5565213545979311,0.031239653049649468,0.020336566939205526,0.6046613765127162
2022-11-16,-0.04266046464099597,-0.03450673383321914,-0.04091902344706556,-0.02126910668303371,0.00931713395121617,0.4150259054770223,0.03407126323845765,0.022969013397844306,1.1118949582410034
2022-11-17,-0.010343766400516381,-0.055900372317155,-0.029529044985075265,-0.03283049586978085,-0.0028055682215458043,0.2604635066583256,0.03328963928103914,0.023108307541394355,0.9255490985352623
2022-11-18,-0.013547012407602817,-0.06655124344911519,-0.058397512641338384,-0.04511008185806516,-0.017571651635792877,0.3050083461866933,0.03210520457462089,0.023296621449480158,0.8363848160991648
2022-11-21,0.012935181974706377,-0.01095559683341286,-0.05651220275005153,-0.029921618043237463,-0.006052514396329595,0.4061858165358973,0.03230458744704979,0.02323180824949482,1.2640382231452472
2022-11-22,0.006709439970631365,0.006097609537734824,-0.046906621503777425,-0.01773445808960633,-0.002032303655406504,0.31585934095479273,0.031871459193524174,0.022581102676906824,0.6782187354774151
2022-11-23,0.010882734142243092,0.030527356087580764,0.0066365772794616555,-0.0035352686900695022,0.006049563947148763,0.31286886419239807,0.0315264909153994,0.022621679600631973,0.660051540947593
2022-11-24,-0.006636577279461704,0.010955596833412769,0.010343766400516258,-0.008224824333712504,-0.002566127385431227,0.30694441259070177,0.0316067068409066,0.02263688721534303,0.7171579528439285
2022-11-25,0.009039069265156683,0.013285226127938227,0.03292984807327601,0.0033707274009769275,0.006004704174533524,0.18162077188149595,0.030122541236630357,0.020939357795086287,0.6998095677336716
2022-11-28,-0.015110569299215818,-0.012708077313520756,0.004884096799353594,-0.00647416437324988,-0.010962462353448608,0.007042321221823045,0.028623621777814006,0.018494501570958607,1.0267063326253814
2022-11-29,0.007885997094038893,0.0018144970599797661,0.006060653922761208,0.005590056642793923,-0.005557985703340492,-0.0073973582669891865,0.028744057724169103,0.018498424885210207,1.4450631454746496
2022-11-30,0.02506085223576975,0.01783628003059271,0.020238772016287685,0.028297824323842428,0.016715546115409867,0.1424024559659074,0.027527566718686766,0.0189375216349247,1.4990476567167919
2022-12-01,0.011716653285366162,0.044663502615174676,0.03859200258111568,0.03527283611751347,0.025380720626370333,0.11420423296307376,0.02570928678345418,0.01903178633259534,1.3540171196256041
2022-12-02,0.010428753425848961,0.04720625894698484,0.039981686741807874,0.038486788509466595,0.03276877092452643,0.09190045364202148,0.0249896952063268,0.0190301586539996,1.0044056929114173
2022-12-05,0.015442226462426089,0.03758763317364125,0.07053448250344987,0.0466290851237883,0.04634941014978029,0.22678722949285784,0.02444462138694169,0.017881581447096184,0.9782763476684155
2022-12-06,-0.02470688542030751,0.0011640944679674429,0.037941599989103354,0.016618329540541144,0.021511733196295367,0.2673450894066147,0.023767979034340827,0.017100779237083457,0.7824913704262346
2022-12-07,-0.007591183998312532,-0.016855842956194012,0.005289563755021172,0.006370975912949561,0.014238642133200911,0.3165207574647087,0.02373974753750759,0.016970297482152428,0.6374344404211288
2022-12-08,0.0046782633646290156,-0.02761980605399113,-0.0017488261657161068,0.007405600820968465,0.018086736042815597,0.3316278528610502,0.02317054016710125,0.01623770964053126,0.8318675429551623
2022-12-09,-0.013509496742512105,-0.01642241737619577,-0.025687076334077227,-0.0075124456495164965,0.004992471888436706,0.18040772597445995,0.024288255968344198,0.01616804645159839,0.8276605914349716
2022-12-12,0.004719475522202834,-0.004111757855680381,-0.03640982727430046,-0.0061422515612832435,0.010647693278269362,0.19977990426070277,0.02467839523635281,0.015989809071816834,0.7885062903222908
2022-12-13,-0.009461804298217705,-0.01825182551852703,-0.021164746152210638,-0.017111465013746895,0.002352540839158446,0.1968726937607893,0.024913005638010497,0.016100500846632657,0.9352461431415638
2022-12-14,0.011813543714558037,0.007071214938543295,-0.001760018439339961,-0.005779605093115832,0.01272604503168962,0.19079689458961796,0.024159057393112502,0.013033729977600083,0.8554429254469309
2022-12-15,-0.01896918700726394,-0.016617447590923574,-0.02540746881123291,-0.021834544414117696,-0.007366012627358051,0.18868459635348656,0.025177408498557246,0.01357828449020038,0.9868437306302638
2022-12-16,-0.011435707604166612,-0.018591350896872527,-0.023333679672887325,-0.028235394404405336,-0.01978826847054303,0.19441938647520374,0.025466996295894488,0.013466252274851391,1.072758543247271
2022-12-19,0.004228395623651376,-0.026176498987779323,-0.023824759571438873,-0.018168941654980855,-0.01636431777879891,0.15268997919760152,0.024153993457909015,0.013204923797297667,0.8053703980357654
2022-12-20,-0.013349623023952883,-0.020556935004468226,-0.027712578297174124,-0.026464424514326637,-0.029177981138951172,-0.02797804865435211,0.024434960594524407,0.013487938965546791,1.3220212278962324
2022-12-21,-0.005513037935037105,-0.0146342653353388,-0.04503915994676933,-0.027304739231741468,-0.033512381512112714,-0.08867119067499032,0.025754668312099223,0.013272629169698938,1.1853094785857896
2022-12-22,-0.033732060658880056,-0.05259472161787007,-0.05980203359838535,-0.05163576574983513,-0.06340177844432587,-0.296079870967138,0.02840808079531962,0.015125016115740603,1.386896834659894
2022-12-23,-0.05216310590619859,-0.09140820450011566,-0.10052943190041726,-0.08902434743697756,-0.10640584391367976,-0.5125938917696345,0.032271958156337134,0.018499705878534327,1.084358114308573
2022-12-26,0.02576940698069249,-0.060125759584386165,-0.07898842054337615,-0.05568566080534683,-0.08008046034017155,-0.3558409847466885,0.03214985690906945,0.019604824078297015,0.9026305533496156
2022-12-27,0.052727376637135163,0.026333677711629176,-0.012911420882288027,-0.00043302630897663587,-0.02913791132307893,-0.1137207533807944,0.03270863731372742,0.023201737761647103,1.6110633278450839
2022-12-28,-0.001238435898915699,0.07725834771891203,-0.00863681884616657,0.00385612457445347,-0.027915876722333623,0.030687531668194337,0.03226235539845192,0.022365716897287082,0.7517050464907579
2022-12-29,0.004327733724075103,0.05581667446229457,0.029422975536788472,0.011355118367631312,-0.020869213729543687,0.16682944323071994,0.030580775802678557,0.02217863750062708,0.7798690922267122
2022-12-30,0.019548613073388586,0.022637910898547914,0.10113469451637563,0.03125586392451203,0.000938584348151873,0.3420386179768877,0.031025846226211146,0.022557119874740555,1.4710586990696342
2023-01-02,0.07345959358958712,0.09733594038705089,0.14882488112527048,0.10161621216218535,0.07668101094619499,0.5214520943219787,0.032923801466703796,0.02803953244702522,2.4963962738341374
2023-01-03,-0.006768284495824128,0.08623992216715172,0.08932921999231103,0.08544745778597469,0.06786723356845795,0.5661995291734476,0.033592053450485986,0.02747262524260106,1.0407792542855998
2023-01-04,-0.0357180185562331,0.03097329053752998,0.05484963733499364,0.04243093220095863,0.030429411409784217,0.5197331327533309,0.03577713433340557,0.02865053971026963,0.5370155871024668
2023-01-05,0.02490715841180799,-0.01757914464024918,0.07542906202272665,0.057471285009562445,0.0553325112596398,0.6063200917002388,0.03624550312956678,0.0291776962509017,0.6109685434849184
2023-01-06,-0.01731135301498196,-0.02812221315940709,0.0385690959343561,0.025426880441088356,0.03637581243466844,0.5051847073076735,0.03812572831664867,0.02928924965045961,0.5194719922708525
2023-01-09,0.02130789758300003,0.028903702979826074,-0.013582600072231157,0.033812416421409766,0.05691053433273513,0.59047117216759,0.03732193951505831,0.02963910986023701,0.7089699073280795
2023-01-10,-0.001710836374595079,0.0022857081934229946,-0.008525151951002187,0.02384291803590171,0.05291624882412727,0.4777453826638768,0.037141231222320166,0.029537061007322542,1.043648480106731
2023-01-11,0.015293436446826307,0.0348904976552313,0.04248630305205724,0.02969266666813848,0.06670666001788694,0.5856779005559133,0.03501165259166481,0.02960802092044092,1.1646115554067842
2023-01-12,-0.010737543308892858,0.002845056763338412,0.0068416013313563435,0.01056505642419434,0.052505756877708344,0.5947832017206036,0.03327922468608984,0.029354637947549275,0.6069683153127458
2023-01-13,0.009612642400022776,0.014168535537956245,0.03376559674636121,0.013112848578533464,0.05871485435312512,0.6020028080215337,0.031553990691436516,0.029202066597888262,0.9867482502655811
2023-01-16,-0.010749693968118854,-0.011874594876988916,0.0017080051952421758,0.003481952667293077,0.04431509999716674,0.5134954279353144,0.02994474716394802,0.029377903197323595,0.6971302117762191
2023-01-17,-0.008568982880142096,-0.009706034448238206,-0.0051501413103046696,-0.0037152922935643285,0.0321549844847205,0.4413129607709118,0.030489302752924167,0.029257950384795887,0.787076808224405
2023-01-18,0.039926438621213416,0.020607761772952482,0.019482860864082466,0.030447539648813627,0.06831558955951748,0.482322589587387,0.031264756598452126,0.030296705139181934,2.0837741319361966
2023-01-19,0.015317626643856934,0.046675082384928145,0.04553803081683214,0.040795528685227844,0.07631176471718264,0.5304947065486914,0.03117728353912683,0.028915276822874827,2.1776763573751388
2023-01-20,-0.006536038021969507,0.04870802724310069,0.029389350394839794,0.027512543690662222,0.05890512941787013,0.2908967284721507,0.027400458989717692,0.025532237768063345,0.897057957711189
2023-01-23,0.01733533171850771,0.026116920340394995,0.05747437608146648,0.039236506809216906,0.06726280768371652,0.29357266407889027,0.027773501929199057,0.025329404005159727,1.042381275641607
2023-01-24,-0.02281464941500052,-0.012015355718462236,0.04322870954660808,0.011954455815121013,0.03712573673986474,0.3083629673057021,0.02759025598237989,0.024185381431174473,0.41361892790475474
2023-01-25,-0.012161570794290992,-0.01764088849078363,-0.008859299868896366,-0.001332997496988613,0.019245529319785938,0.19404701633382188,0.027173041111630578,0.024477682927672904,0.530078806006186
2023-01-27,-0.019658128496588892,-0.054634348705880395,-0.04383505500934212,-0.02093634622204067,-0.004601582235091577,0.18469247299353142,0.029576193328516822,0.025112252302811493,0.914329000643151
2023-01-30,-0.014857416365230433,-0.046677115656110414,-0.05215643335260306,-0.03322762531438574,-0.021601423050539973,0.09945896797616484,0.03112919552339759,0.025183750874070276,0.6335244854148236
2023-01-31,0.04227165996982512,0.007756115108005826,-0.02722010510128569,0.005493500804039776,0.019696011115589527,0.23520515676980822,0.031220423826093042,0.02120916258293015,1.4040943324284512
2023-02-01,-0.017817789480354937,0.009596454124239694,-0.022223245166640163,-0.01428731889497525,0.0013219199082089843,0.08778579454875342,0.03471105448497177,0.021560942969706058,1.239497040628997
2023-02-02,0.0,0.024453870489470102,-0.010061674372349151,-0.012427897743133227,-0.0007859455737124622,0.05277914709732514,0.035393237641581365,0.01982404622016984,1.036553635517002
2023-02-03,-0.03487064577929932,-0.05268843525965419,-0.02527419165505948,-0.039718478915629754,-0.034242584806076844,-0.05639203639198726,0.03885146547912554,0.020699761110730457,0.9775033968588533
2023-02-06,-0.01760598732163075,-0.05247663310093008,-0.02802276261145984,-0.04898642985132033,-0.050323256139260746,-0.06187966939833231,0.039964445427137056,0.02071220423965553,0.6730618001203188
2023-02-07,-0.023967614819879288,-0.07644424792080935,-0.09426203740116426,-0.060238179561294125,-0.07004283282632998,-0.07594497013373626,0.04193015021159461,0.020636912490340272,0.915730832079201
2023-02-08,0.02515118476531424,-0.01642241737619577,-0.05129306315549506,-0.029165049550349775,-0.04471355351253737,-0.14777133676421614,0.03957926702248543,0.02158543302768802,0.9020791317127943
2023-02-09,0.009417249658709227,0.010600819604144449,-0.041875813496785694,-0.01483228059771316,-0.033709721789950936,-0.3545412355482651,0.0382458640591578,0.021379937099357132,0.774677621953909
2023-02-10,-0.009417249658709314,0.02515118476531424,-0.01642241737619577,-0.019994042871770222,-0.040893714563659894,-0.30500606625121607,0.03848100885359588,0.02135377415755627,0.5666739439217143
2023-02-13,-0.014294610407730661,-0.014294610407730661,-0.013111040462295668,-0.029967983023340587,-0.05154754075230905,-0.5440660281657347,0.03830660578354416,0.021338661614674067,0.8118771552923462
2023-02-14,0.010146209319402322,-0.013565650747037753,0.02100278367698599,-0.012722143143511423,-0.03985410917891554,-0.5486576342164008,0.037919897383945356,0.0214605090052093,1.3862914596131786
2023-02-15,-0.0005939276876865181,-0.004742328776014849,-0.004742328776014849,-0.007665122076465005,-0.0387800519157525,-0.4413662514115373,0.037518013479898756,0.02140899639578014,0.9519803107618645
2023-02-16,0.019418142389812286,0.028970424021528236,0.005258563955088121,0.015625016973036168,-0.017182077184681382,-0.32500704480855375,0.03421576302248138,0.01973326237583668,0.8512224626372983
2023-02-17,0.004071013103752497,0.022895227805878438,0.018746826717550076,0.019526683489545102,-0.009798466254243281,-0.17078888270223616,0.0330403554432068,0.019346955000184157,1.4393769528515719
2023-02-20,-0.0011614829433718602,0.02232767255019315,0.0318799541819089,0.016418624907821762,-0.007840372211926903,-0.3548363064102986,0.03092053976200628,0.019337538519613423,0.8120145920720716
2023-02-21,0.012702255001349017,0.015611785161729704,0.03443599986385569,0.023728424437874047,0.008301331547451128,-0.18599604634619524,0.02721086283280505,0.01910659290374905,0.9962663980408831
2023-02-22,-0.03028759877552714,-0.01874682671755007,0.004742328776014873,-0.00681300338041464,-0.018116218009429898,-0.16957054346370895,0.028512264193242102,0.01957557588148133,1.2534458557941068
2023-02-23,0.0041309809542431596,-0.013454362819935112,-0.010544832659554373,-0.002174235446419911,-0.011180887535880675,-0.18027362615156833,0.026543816031154546,0.0195428354267812,1.3429031872700805
2023-02-24,-0.023236265003479122,-0.04939288282476328,-0.03785211076678614,-0.023255916657975027,-0.030958023935057016,-0.19500252353817998,0.02746920170277971,0.0197202705154947,1.0724166016180063
2023-02-27,0.0006027094988592507,-0.01850257455037677,-0.03608791832455498,-0.022264097166917466,-0.02818836192090265,-0.18673534431804925,0.026850242335777347,0.019534803583624465,0.8916327897633943
2023-02-28,-0.0030166080625308985,-0.025650163567150722,-0.05180678138843488,-0.02354122892129569,-0.026642350705905364,-0.20184430667338077,0.026327127540853475,0.016487431873398427,0.7715230503022042
2023-03-01,0.029764056093508715,0.02735015752983714,0.008244873480600911,0.004654935548352015,0.004980653359242877,-0.20097441009313655,0.02555506886858692,0.017846319142429828,0.7635553130150158
2023-03-02,0.012241467174489274,0.03898891520546693,0.016355359700847085,0.016430054564966955,0.0189803680893327,-0.0998472342569623,0.025161382536785352,0.018131666359501402,0.8446755374081264
2023-03-03,0.017231895074322844,0.05923741834232065,0.05682351977864913,0.03209115053179052,0.03556046309987061,0.017610967802189494,0.024568807204876128,0.016783674020425972,1.0060851333167937
2023-03-06,-0.003994355246740711,0.025479007002071473,0.05222645503304919,0.026287883676803358,0.02961075496649273,0.17309984136100381,0.023850346708059054,0.016254352829674464,1.0689716862398972
2023-03-08,-0.0005718485902633403,0.01266569123731881,0.054671214505316576,0.02540033324727917,0.02603229184796112,0.07279099346918912,0.024109170047229067,0.01510789168842272,0.7563278990040081
2023-03-09,0.0039965445680180955,-0.0005696592689860611,0.028903702979826074,0.02565596586447422,0.028209784464851798,0.08323760203418942,0.023850207261504944,0.014181292578008268,0.9573257147708106
2023-03-10,0.003980726336076255,0.007405422313830965,0.020642962141413042,0.02590977673194685,0.030650427615260375,-0.06684713837393388,0.023309530394017806,0.014080505068034098,0.8424280082885041
2023-03-13,-0.013139411418538263,-0.005162140514443865,-0.009728344351447928,0.007823727900916247,0.01577090413337507,0.060162101028654574,0.024398244194696807,0.014257080221645178,1.135953292452039
2023-03-14,-0.0017264070885438878,-0.010885092171005821,-0.0074603961932512225,0.0016734190025881268,0.011979450932955127,-0.058138334835260534,0.024934151115885112,0.013798532980572561,0.911206837801682
2023-03-15,0.009744981257491984,-0.005120837249590123,0.0028564336545041234,0.0057950427968783335,0.019838338665236675,0.10261915115208765,0.02359219473884718,0.01378639506224562,1.0884034375639657
2023-03-16,-0.027177232169030025,-0.01915865800008181,-0.02831734308254381,-0.021227743430729872,-0.008168375168859172,0.12441773247074848,0.025498228609166913,0.01525380867560244,1.484889774448066
2023-03-17,0.03852161712071591,0.021089366209177944,0.006223547702095723,0.01447622630086694,0.0290789099910252,0.3405127756776304,0.025179269649407185,0.016988491890175414,1.5530317284776547
2023-03-20,-0.023396257022194607,-0.012051872070508778,-0.004033297901560601,-0.007620454046086821,0.005019288483813595,0.3477116646918927,0.026517646625937256,0.017868543848133436,0.864937200991982
2023-03-21,0.005182857367562937,0.020308217466084067,0.0028759665545462208,-0.0020062969625616383,0.00965581560122665,0.33204008229568754,0.0259702979434655,0.01789826146752882,0.5411035427661682
2023-03-22,-0.023243367366176073,-0.04145676702080773,-0.03011238206912189,-0.02230142665210923,-0.012338524134211217,0.16270561821683502,0.026664991114061322,0.018414013428883963,1.088436706439501
2023-03-23,0.009362239430436984,-0.00869827056817609,0.006427089530345082,-0.01094474429361688,-0.0038003291702144205,0.17911374162079993,0.027248528105082888,0.017215142184496473,0.9868604856420622
2023-03-24,-0.029906465075066117,-0.043787593010805106,-0.06200099266543689,-0.034771132184263066,-0.0322652115677725,0.013746837809982822,0.02896383986041336,0.018499219024051505,1.2580838406002093
2023-03-27,-0.014063292372873024,-0.03460751801750216,-0.052668028016115254,-0.042936352117124675,-0.04533985098263736,-0.11138010776078815,0.029872718835341303,0.018024941832809723,0.7437610976175404
2023-03-28,-0.004938192204518496,-0.04890794965245767,-0.0627890775881968,-0.04201772735375707,-0.049353373895533306,-0.11289836954888088,0.029290290525721557,0.018049984347288994,0.6881296096845767
2023-03-29,0.0214272498900049,0.002425765312613218,-0.018118460332015786,-0.016512974830573245,-0.029200085906202614,-0.11158809586882697,0.029334441424816952,0.018704649023984433,0.9157725032818503
2023-03-31,0.001815255599935317,0.018304313285421783,-0.025665444162517394,-0.012836785293736407,-0.026545013750555478,-0.14701380642422449,0.03353152175375556,0.017398936460751625,1.3264162607945922
2023-04-03,0.013213545323535072,0.036456050813475124,0.01745456623608368,0.004872592154299223,-0.012728332465293521,-0.18744298673946402,0.032265312022244905,0.017438986787969603,0.5521821497414038
2023-04-05,-0.01563481031676467,-0.0006060093932943252,0.015883048292192045,-0.0070354595327919225,-0.02558897359081699,-0.17831819038243438,0.03240581752744488,0.017188792175009224,0.7024377232426465
2023-04-06,-0.004860284916758003,-0.00728154990998768,0.015960955579952574,-0.007146318623120634,-0.02782668253489122,-0.2906450610134226,0.032190437061988195,0.017193771782758157,0.7750074618087899
2023-04-10,0.004254099367267429,-0.016240995866255124,-0.0012121949427847866,-0.000969326926530028,-0.021404007428063105,-0.16830401317674926,0.02992429917974689,0.017257046258858107,0.6965631109753122
2023-04-11,0.0,-0.0006061855494904772,-0.0030274505427201675,0.001944355877592938,-0.018913333025074742,-0.41966090960082086,0.027882959897906144,0.017202995050322373,1.8243754041923366
2023-04-12,0.0030274505427202334,0.00728154990998773,-0.013213545323534972,0.0045550392488603875,-0.013371206982829802,-0.27271678362579366,0.025930707303328655,0.01718532054757831,1.1590926082109505
2023-04-13,-0.014003163853939397,-0.01097571331121911,-0.011581898860709615,-0.009834846420390835,-0.02453806696648449,-0.38324326038617756,0.02679137056288187,0.017214322823313716,1.029930800541082
2023-04-17,0.009154852942527459,-0.001820860368691716,0.0024332389985759375,-0.0025450521469288457,-0.013508393454449687,-0.262660225644929,0.024927015993881297,0.01741483645995518,0.5558147278993659
2023-04-18,0.0,-0.004848310911411907,-0.001820860368691716,-0.002242738813255366,-0.010942278971338955,-0.3499797713654016,0.023650432758914153,0.01720171510826102,0.5549583994173078
2023-04-19,0.0042436871911138725,0.01339854013364117,0.0024228268224220904,0.0020611544147671698,-0.005746520450252024,-0.15550318860969412,0.022513200974502556,0.01624354147636925,1.2436907438051623
2023-04-20,0.006632450786747163,0.010876137977860974,0.006027827066449077,0.0094637039836057,0.00353611925858648,-0.03962435907543721,0.021720490035554048,0.013492982624198483,0.7670967209516263
2023-04-21,-0.01941811745531734,-0.008541979477456387,0.0006128734650710276,-0.008866805784057852,-0.01338782880823158,-0.07494202221042584,0.02341564440454519,0.013196127729767445,1.7165286053688213
2023-04-24,0.004890089491231377,-0.007895577177338875,-0.0036518899862250614,-0.00388722743451254,-0.006126397774542378,-0.21715583081883053,0.02251745254243036,0.013187447279751281,0.7840614562186716
2023-04-25,-0.0006100753441268149,-0.015138103308212893,-0.004261965330351921,-0.003889714574036103,-0.005461238385501594,-0.037258573457023235,0.01747584401312746,0.012242112355953957,0.7464999136207137
2023-04-26,-0.009194037043657963,-0.004914022896553486,-0.01769968956512364,-0.011504103274154007,-0.012375762331781927,-0.15465251181078968,0.01715343512699355,0.012096152163408704,1.0026203183994276
2023-04-27,0.006138740669830055,-0.0036653717179547097,-0.018193399682040753,-0.004205082229770096,-0.0059013812383025156,-0.03300696794002875,0.016392743772269295,0.010302875383749861,0.8717585137181976
2023-04-28,0.013374105461024199,0.010318809087196382,0.01459882323430098,0.007667008004234341,0.006503356101891327,0.10798989981550434,0.01604556870312406,0.010213583459462145,1.2419018694238104
2023-05-02,0.021506193061058193,0.041019039191912576,0.031214926804127734,0.026699005058077437,0.02601416317862035,0.18232984533003077,0.016801769153985128,0.01108244998241145,1.7328060904926559
2023-05-03,0.0064801626123624535,0.041360461134444845,0.038305164760616975,0.02981194575729538,0.031058910075398415,0.40221565361429923,0.016777120785959755,0.010192826755905555,1.1441717125680926
2023-05-04,0.0064384403270118405,0.03442479600043247,0.0539376421312868,0.0326545730491136,0.03583733009846705,0.40528039769550817,0.017169531465052436,0.010251402304268062,0.9737811028127439
2023-05-05,-0.035633328845865016,-0.022714725906490856,0.012165572615591688,-0.0028937198402062725,0.00024181577606123024,0.36529571958215085,0.01900156117944165,0.012869030341598274,1.089834922718629
2023-05-08,0.019162388664515147,-0.010032499854338149,0.01795385581908242,0.013099443899061525,0.0184849999523803,0.3970640324927385,0.019318764613418346,0.013088391654952692,0.9164621600936305
2023-05-09,-0.0011871095411218075,-0.017658049722471668,-0.004739446783097484,0.009229202828221325,0.01598781070815071,0.4225754504396883,0.019765871771712438,0.01302628541059158,0.9212689452020975
2023-05-10,-0.0029734371939251817,0.015001841929468119,-0.014193046589385104,0.0038263843638439484,0.012055436518662064,0.2725271978524765,0.01982473175390071,0.013039181216169312,0.9380567019331957
2023-05-11,0.0017852918695012683,-0.0023752548655456784,-0.018846195046895668,0.002145002072429606,0.012856499436405999,0.2779237697513791,0.019492106599408563,0.013038796032880098,0.609295012903233
2023-05-12,-0.012563833281723858,-0.01375197860614792,0.004223300517245573,-0.011956461228718782,-1.899317152318664e-08,0.30925301435477254,0.01887849128632518,0.013372433077761581,0.9941074118551103
2023-05-15,0.014345756336946392,0.003567214924723748,-0.0005933318103231927,0.0005938415823466895,0.01280279414745904,0.39772816595937,0.01928784793506914,0.013288645379051955,0.6791242105284616
2023-05-16,-0.0023766662745525577,-0.0005947432193301439,-0.0017828885437541047,-0.0011289502609054748,0.00933686702337245,0.39697723693619197,0.019673671773198093,0.013194741688914238,0.7558969223337239
2023-05-17,-0.01498385773420663,-0.0030147676718127567,-0.013793309084035473,-0.013228463969578748,-0.005972571347284059,0.36720682087657847,0.020531417510298956,0.013674294434318482,1.3827559519094397
2023-05-18,-0.00362979783866245,-0.02099032184742153,-0.019208398792199106,-0.013039865508622194,-0.009484959382058228,0.27246510699788884,0.021038971634074137,0.013668203684319362,0.8415031591073909
2023-05-19,-0.0042514198809217385,-0.022865075453790656,-0.010895985391396842,-0.016579883383751964,-0.013065022874634355,0.13036854090246067,0.02182419726260128,0.013602942935896976,1.3641003829849763
2023-05-22,-0.0012180048908936574,-0.009099222610477754,-0.02645974661923701,-0.015124216632517298,-0.014532767399689443,-0.023698630809804513,0.020414391305194995,0.012869249751289943,0.6953502126622084
2023-05-23,0.006680790083772127,0.0012113653119567374,-0.01740229026091215,-0.006614612461681629,-0.008284352088138337,-0.06228008390661273,0.020191987624873634,0.01290921545728892,0.9044859429484152
2023-05-24,-0.0012113653119567797,0.004251419880921762,-0.00362979783866245,-0.006084007968344402,-0.00981188789175497,-0.2060803733481245,0.01991343320261432,0.012912304465818748,0.8566262002467117
2023-05-25,-0.003034896721369158,0.0024345280504461096,-0.003034896721369158,-0.006882413873549536,-0.013434106098187163,-0.16600084135711823,0.01810682909899222,0.012745459873444479,1.00846053180606
2023-05-26,-0.0018253881953888117,-0.006071650228714802,-0.0006088650358362668,-0.007555182780260166,-0.01546951297493459,-0.41429065239222124,0.018574917017027105,0.012688986462424853,2.206986398053248
2023-05-29,0.026443938574502886,0.021583653657744714,0.0270530784295603,0.018977453367413678,0.010004248577387121,-0.35364531248172343,0.019191665152212472,0.013697268261704266,1.3914789456493752
2023-05-30,-0.013134561598065997,0.01148398878104803,0.007237726747722134,0.006715486679607623,-0.002338260466388255,-0.343824395275646,0.01918785098255215,0.013132688794551725,0.7284739817586245
2023-05-31,-0.008449092059678835,0.004860284916758073,0.0,-0.0013920168155914614,-0.009157810225541022,-0.46033670356755946,0.01952382048602185,0.013119332872092403,0.8014025759724119
2023-06-01,-0.0036430212840169707,-0.025226674941761798,-0.0006081245626477188,-0.004661908159678675,-0.010681561654571207,-0.4917971160972479,0.01916057742433068,0.012988017956228679,1.215686129481457
2023-06-02,0.01688829331775804,0.004796179974062357,0.018105556950499146,0.010516165915746169,0.005623571968716163,-0.4493623035021341,0.01836978817864791,0.0110063152294519,0.7893484240068659
2023-06-05,0.0011954357638083947,0.014440707797549523,-0.007142945860195298,0.009711090216133658,0.007189916487204457,-0.4156062735435998,0.01817716641371857,0.010102577377370104,0.8234415743609174
2023-06-06,-0.00599161573787066,0.012092113343695698,0.0,0.002953426359343876,0.0017759932879390806,-0.40146132566753295,0.017728362698908477,0.010180175670551192,0.6514665970433657
2023-06-07,0.01845839300857046,0.013662213034508024,0.026907485068249148,0.01887473886091827,0.019947650743777787,-0.24108376545307153,0.017741254577501156,0.01101098473006137,1.225588789579964
2023-06-08,-0.008293829495380262,0.004172947775319462,0.022256676856885822,0.008277409580370328,0.011553798351697493,-0.07757492501958638,0.017804027341245525,0.011177218926981803,1.2560984236984196
2023-06-09,-0.013776783677595526,-0.0036122201644053814,-0.008408400138467635,-0.006471655711001303,-0.0021965411898498054,-0.11645475426482449,0.01895570750867482,0.011251849896618779,1.0762830050361554
2023-06-12,0.007810287525421925,-0.014260325647553806,-0.0017935483768540864,0.0022193009886367246,0.006050912805118414,-0.11225119984544761,0.018850988858035964,0.01089993054546165,0.7129002944788531
2023-06-13,0.006561239371503784,0.0005947432193300185,0.010759306732520141,0.007728779132593962,0.01264307057590969,-0.004618383541362618,0.018855100943113143,0.01099814645512821,0.9394324581500811
2023-06-14,0.0076990862760501245,0.022070613172975848,0.0,0.012786772935925379,0.019272968811949693,0.13085882359060222,0.019174034257854657,0.01052793369601126,1.3187158910555712
2023-06-15,0.0005898323679533709,0.014850158015507316,0.008883661863333742,0.010245406025138393,0.018465718944269623,0.20198085967083998,0.01836252218378502,0.01046892708760414,0.8745705636802242
2023-06-16,0.004118836075880223,0.012407754719883918,0.026779281616809463,0.012545300284916476,0.020830205101521573,0.16640868605177644,0.01669322458063244,0.010399244595076108,0.8357883959236829
2023-06-19,0.00876949331719274,0.013478161761026456,0.027738487408580172,0.018798581307696263,0.027450575304679887,0.29866269209795804,0.01633958930801819,0.010486461731856911,1.11939780864851
2023-06-20,0.0011633544161730096,0.014051683809245877,0.022340602453249536,0.016608464294691545,0.02655918320355636,0.43921799734652806,0.016818930434472662,0.010437408144484317,1.1550082169479963
2023-06-21,-0.0017457232778369598,0.008187124455528612,0.012895792899362352,0.013517410308498994,0.022723821973984183,0.5066332210009602,0.017097924606834167,0.010446786530208002,0.8758962050372227
2023-06-22,-0.008187124455528723,-0.008769493317192633,0.004118836075880223,0.0039497432412566235,0.0126356365211968,0.3925217152696925,0.01715458739091833,0.010638980755549744,0.7775799367803867
2023-06-23,-0.008846984765205923,-0.018779832498571545,-0.008846984765205923,-0.006649801705810518,0.0023455427276849574,0.28122657892364034,0.01768786401928637,0.010875788767089452,0.7766285087412312
2023-06-26,0.0005921842227469177,-0.016441924997987748,-0.017024293859651825,-0.007113087198423765,0.002849970858642585,0.2748499513328646,0.01788884487518023,0.009137697983707522,0.7891607286609567
2023-06-27,0.006491728272892772,-0.0017630722695663608,-0.011695920002931928,-0.0017029047437930695,0.008303742045244632,0.24519089425616442,0.01735292354781978,0.008685530208578618,0.9416587543537793
2023-06-28,0.00235004208469773,0.009433954580337361,-0.00760015464039736,0.00011732699570676009,0.009060153067041731,0.22216869410601064,0.01659957645300489,0.008393356665874405,1.075670601086791
2023-06-30,0.0035149710150888824,0.012356741372679288,0.0041019408302203535,0.0028148958636352635,0.01063825423466703,0.25288739591380677,0.015747683493086927,0.008309762457451266,0.9904521131631994
2023-07-03,0.02312245484581229,0.028987467945599064,0.03607138044123853,0.023451677457104067,0.03190045970865672,0.2998002985607465,0.01648977274333201,0.008988128904939227,1.681470055651833
2023-07-04,-0.0028612255660170533,0.023776200294884194,0.032617970652474654,0.018918629312269408,0.026802788310228857,0.3040303253754877,0.01670075925126731,0.009059377063534928,1.0752882567967195
2023-07-05,0.009127377908235616,0.02938860718803089,0.03525362028781761,0.025805440170961147,0.03326889090793526,0.27580501252331474,0.016386782094293537,0.008981126719318593,0.8744242108144665
2023-07-06,-0.0028434171409844346,0.003422735201233982,0.030060161062135323,0.020574239608584587,0.028494462682614657,0.29278827837124083,0.016392769731382394,0.008265105668965921,0.7175763935288824
2023-07-07,-0.011454851653753548,-0.005170890886502414,0.015090338393292836,0.0070190106340622315,0.015145352104327688,0.17449725701338964,0.01740453588777418,0.008494673020655368,0.7456795080938637
2023-07-10,0.03675836338096569,0.022460094586227736,0.028726246928446258,0.0379206588413373,0.048769789478289055,0.2577444599248382,0.018759403596595774,0.010862830397184426,2.1598961229899376
2023-07-11,-0.0005553474277087869,0.024748164299503363,0.031032125066754315,0.030750737051405644,0.04426526014298744,0.25545853033890564,0.0182936292552016,0.01087497867444414,0.9998888184940591
2023-07-12,-0.0044544454148693294,0.03174857053838755,0.017450301743649504,0.02079172149206598,0.036317298066802874,0.2665066024591995,0.018415161107869765,0.011001627572210907,0.6229789197269414
2023-07-13,0.0027862869297934608,-0.002223505912784774,0.02308000581442735,0.01824561326359485,0.036152837424693905,0.39885836627141374,0.018721665291131406,0.010949844890229647,0.9680768459038741
2023-07-14,0.015461361773491002,0.013793203288415148,0.04999621924167185,0.027416447502826888,0.0483985884536596,0.5099308154698196,0.018708403953799673,0.011283027930121757,0.7012872047122571
2023-07-17,0.003828339512257543,0.02207598821554194,0.017066195372963708,0.026618073549904284,0.04853477292635489,0.6162832365432505,0.018597926968710345,0.011282600419817287,1.0868776999569376
2023-07-18,-0.0142936382909758,0.0049960629947727545,0.003327904509696876,0.008600603975730717,0.03105746800524715,0.5327944999325583,0.019538028722541203,0.011893945269480932,0.6307258718346256
2023-07-19,0.0055216378046401325,-0.004943660974078198,0.013303987729206069,0.01107952315207918,0.03393300062534474,0.522959183348606,0.019312450766834723,0.011908128284079708,0.5341910189834673
2023-07-20,-0.009961250989160083,-0.018733251475495854,0.0005564498102527123,-0.001277511052216386,0.021329819571705915,0.5242382902456959,0.020022236371156434,0.01220804578910877,0.9032418202387165
2023-07-21,0.0027769140677302274,-0.0016626991167898735,-0.012127997895508159,-0.002213643501577858,0.021269316786679524,0.36383248389809125,0.019491313855069577,0.011955669558120751,1.2799165086675388
2023-07-24,-0.002776914067730217,-0.009961250989160083,-0.018733251475495854,-0.00481535269311045,0.015274334002524153,0.25401420524357265,0.019227706215055252,0.0117177022047336,0.9086546302331543
2023-07-25,0.0258042635560643,0.0258042635560643,0.021364650371544235,0.018661645284587483,0.03724522251181624,0.3053830502672031,0.0199380485972355,0.012738974480340835,1.9811141900329081
2023-07-26,-0.0005420997814401732,0.022485249706894004,0.015300912785464025,0.015194919812735996,0.03250373241233971,0.39877051793312346,0.019910121961370975,0.012775725844396773,0.6705225087310744
2023-07-27,0.0032484551403579426,0.028510618914982213,0.028510618914982213,0.015534905331006035,0.03164641311134202,0.493033885303104,0.019382230384805417,0.01277095545430111,0.6414888602241767
2023-07-28,0.002159789054602913,0.00486614441352069,0.027893493901854697,0.016113044979048346,0.029742487828385438,0.3065799949288379,0.017529664237645282,0.01277787392534081,0.7907333995792354
2023-07-31,0.020289058077516405,0.025697302272477077,0.05095946604710139,0.03354089397904259,0.0467206800282647,0.3253575838633682,0.01815916909320751,0.012569202810315044,1.422952689328057
2023-08-01,0.01051540225470486,0.03296424938682398,0.03567060474574174,0.03845323195452579,0.052921456846661934,0.4503374126920096,0.01800658312117935,0.012546314277590644,1.0679841372529584
2023-08-02,-0.02811122482352687,0.0026932355086942803,0.00810147970365502,0.007315022471830403,0.020979716876833223,0.2504742225062235,0.019557382623618218,0.014452698826179017,1.2947267436021206
2023-08-03,-0.0005380161947969682,-0.0181338387636191,0.0043150083685000165,0.003510658891465232,0.01758035550689756,0.12926540743248055,0.019029693445967027,0.014415238599943694,0.6584331993697893
2023-08-04,0.011771176550411004,-0.016878064467912863,0.013926395864308315,0.011187634186676461,0.025585101953462384,0.0861100307674029,0.018845005044781656,0.014137331194260765,0.5464830314702537
2023-08-07,0.0005318057715706839,0.0117649661271846,-0.0058308564416373835,0.007228974889879879,0.02389641528763186,0.18084379511166587,0.018151463322035433,0.01185346605438752,0.6899842664312564
2023-08-08,-0.015537513077198601,-0.0032345307552169764,-0.03188377177354088,-0.008671485747971162,0.006685833165309006,0.0770028139542464,0.019322761549569745,0.012491230501573905,0.9945725238095318
2023-08-09,0.0037725469500138695,-0.011233160355614006,0.0,-0.00572289582266021,0.008654068503240006,0.05039335849572993,0.019941620033499113,0.012422733479921925,1.4132471730227842
2023-08-10,-0.0005380161947969682,-0.012302982321981657,0.0,-0.006682706583700337,0.006446007221177158,0.19077238152497372,0.019567908052258005,0.012431576234062885,1.0460776007133519
2023-08-11,-0.019565743983114257,-0.016331213227897323,-0.03133692053352525,-0.02425954614859145,-0.01297427457198682,0.12132193908232893,0.021013019558705336,0.01284663614155073,1.558182128251516
2023-08-14,-0.04490099097888829,-0.0650047511567995,-0.0767697172839842,-0.059547580385044624,-0.05400635021147894,-0.1372643493567888,0.023167139991105208,0.016238979183200303,1.4879127079668821
2023-08-16,-0.02558278574167972,-0.09004952070368227,-0.08681498994846529,-0.07258723520294805,-0.0751885699829465,-0.3020030061890509,0.02502945503734125,0.016854352373569734,1.4820418854024846
2023-08-17,0.0,-0.070483776720568,-0.09058753689847919,-0.06435969983449738,-0.07220718403777604,-0.3954294243129439,0.025113586367885705,0.016750889091164237,0.6537925429286252
2023-08-18,-0.006499306461898715,-0.03208209220357846,-0.096548827165581,-0.061578696442236854,-0.07541379469429374,-0.3917588389028825,0.025404361932034155,0.016696876096201956,0.5031383340931995
2023-08-21,0.019953814502389346,0.013454508040490526,-0.05702926868007744,-0.03412271913226193,-0.05465523040807457,-0.4738298317826184,0.024777955571244462,0.017444763394740145,0.6586820059839226
2023-08-22,-0.0040757607952254605,0.009378747245265006,-0.01620403849641466,-0.028950181751131985,-0.05632326937329184,-0.5169858043486767,0.02462910186811078,0.01744894236182372,0.6272477244048448
2023-08-23,0.0040757607952253685,0.019953814502389346,0.013454508040490526,-0.017693995338239437,-0.049223718859492296,-0.37527631137522005,0.02291025781845137,0.016235165340575862,1.0779836216690954
2023-08-24,0.005793653860562534,0.005793653860562534,0.019248161901053083,-0.004714852901746501,-0.0407049408961544,-0.1941801398826486,0.02376824160929586,0.016356838089146418,1.7431469373951995
2023-08-25,-0.0104530509472826,-0.0005836362914947155,0.015294417415668999,-0.006783825536022343,-0.047062762495971765,-0.2733719258744843,0.02393459459641483,0.016361152163676965,0.6216269678480212
2023-08-28,0.015064017618715154,0.010404620531995,0.010404620531995,0.01316706666427725,-0.029494670200253262,-0.2779786031578642,0.02374104490984312,0.016857416057773696,0.6737264514706054
2023-08-29,0.017104140425934077,0.02171510709736672,0.03158452175315463,0.02902675383969685,-0.0093521262999193,-0.15841800999035102,0.023015406410300678,0.016637435481380566,0.9949550865597097
2023-08-30,0.03280803595252687,0.0649761939971763,0.06031679691045609,0.05536624006083021,0.026101530139342702,0.04227139475673056,0.02285868380283955,0.018281537532605807,1.6690770112274256
2023-08-31,-0.007688156064357249,0.04222402031410375,0.046834986985536266,0.04031646732226533,0.019530598061374388,0.04457712439062078,0.023035108193965002,0.017305072311107256,0.8968964023550199
2023-09-01,0.0666381251119199,0.09175800500008945,0.12392616304473886,0.09616145930703837,0.08731004158619267,0.35265067977355274,0.024681351565322623,0.023020785354356255,2.4283053971096553
2023-09-04,0.05810344781700194,0.11705341686456452,0.1669655932430256,0.14020972112669586,0.14673137089253074,0.6230770124569517,0.024852273171280546,0.02615901048968938,1.9687642429185657
2023-09-05,-0.009780006422201644,0.11496156650672006,0.14008144639488979,0.10935457478157648,0.13071260213746147,0.8143114098351515,0.0255879246976648,0.02634129345770556,0.8274995221944099
2023-09-06,-0.024373164128103295,0.023950277266696997,0.08290024631425966,0.06722564685478832,0.09939393201676562,0.7169747023142125,0.028053510942036463,0.026755888828326302,0.6922805393366485
2023-09-07,0.0025144533954835424,-0.0316387171548215,0.09310285577410037,0.055169947983731114,0.09814960470835024,0.6453383731898898,0.029059337588350834,0.026756675494904854,0.5244848504254719
2023-09-08,-0.006550871748051502,-0.02840958248067128,0.019913858914129123,0.0337618971885321,0.08738076469637668,0.5204296006711195,0.029358661992743194,0.026837265913645263,0.6568917877115301
2023-09-11,0.01056082941871864,0.006524411066150564,-0.027628759484154344,0.030731167167063003,0.09360468357853424,0.5334342973297325,0.029443292013140027,0.02633720726893992,0.7069656751688876
2023-09-12,-0.06403837623196432,-0.06002841856129726,-0.08188712929391703,-0.03846151357186749,0.022049023698605563,0.39339686532167434,0.0371047605961804,0.02849122745227485,1.269895847933575
2023-09-13,0.023716471408914187,-0.029761075404331497,-0.0337974937568995,-0.020008198816394467,0.04028387576359088,0.27562788955484946,0.03683037256645776,0.027953912959076826,0.9742280961821361
2023-09-14,0.02723015509388489,-0.01309174972916519,-0.009081792058498031,-0.0010631741083610184,0.06109505799338056,0.3485601693082018,0.03743394656813214,0.028299919155145622,1.0978810501490914
2023-09-15,-0.023590976428959024,0.02735565007384009,-0.026121896739405664,-0.023760137815588712,0.02971031545074575,0.22793287467164247,0.04073691605537964,0.028994612159291423,1.2858073284039062
2023-09-18,0.005692143676939019,0.009331322341865022,-0.030990582481185202,-0.01233314535557574,0.02961877179607339,0.14170793980673152,0.040505691266458026,0.02882509623361413,0.833057991559062
2023-09-20,-0.010951834699848256,-0.028850667451868307,0.022095959050930897,-0.017175065196403373,0.01294472543545499,0.046665439420221874,0.04077663646989407,0.02899133999495746,0.6761972445128662
2023-09-21,-0.010543065900930232,-0.01580275692383948,-0.01216357825891363,-0.023013784279976374,-0.0023125465494514582,-0.012511611586222103,0.04148023687239467,0.029215050947484496,0.6040523746466522
2023-09-22,-0.012263598886276247,-0.03375849948705487,-0.05165733223907484,-0.029054091908938394,-0.01815702279169095,-0.19341987600450053,0.03849350078641396,0.029462740622239015,0.6420747263732771
2023-09-25,-0.0010734537641881878,-0.023880118551394717,-0.029139809574303975,-0.024721310790371143,-0.023270690391639235,-0.5005430617773899,0.03464852463579281,0.02929541961103502,0.7805889515313982
2023-09-26,0.004287170258112828,-0.009049882392351579,-0.030544782993130213,-0.014404189869472573,-0.022662307223310835,-0.6185696800178349,0.033405987364393784,0.029188424410981288,0.8787477875991894
2023-09-27,-0.006437625351211573,-0.0032239088572868627,-0.026030573644493377,-0.020350499248419147,-0.03141755902671725,-0.5909660588037866,0.031561444966453016,0.029102050325960752,0.7652639447536982
2023-09-28,-0.011911353253512625,-0.014061808346611264,-0.027398860997075815,-0.02815360527455396,-0.04332095005820484,-0.5758339236032733,0.03164083595872913,0.028376997106165508,1.1289559115953087
2023-09-29,0.022085349335199688,0.003736370730475565,0.006950087224400289,-0.0019173069156248929,-0.02379768070849077,-0.4600646895702749,0.031187442254603716,0.028705173111573848,1.0679381687894565
2023-10-03,-0.023175439293247745,-0.013001443211560545,-0.015151898304659194,-0.020456188850476363,-0.043799369418467994,-0.5990305689774909,0.0325490524337896,0.024817206650966747,1.3262587978052063
2023-10-04,-0.02708084317516211,-0.028170933133210153,-0.046519911737934225,-0.03928952011785583,-0.06301056688484812,-0.5772114550827303,0.028557530122464318,0.020858351750408635,1.337364668519755
2023-10-05,-0.006745391412089533,-0.057001673880499405,-0.046827677798812244,-0.03881597256942358,-0.06312543991516345,-0.5530330348408111,0.02747493353730469,0.020846446287887614,0.7073705428631661
2023-10-06,0.0022534348676155175,-0.03157279971963611,-0.03266288967768405,-0.030868287695252912,-0.056055065792699955,-0.6547218174113237,0.025980331989688386,0.020501207255916153,0.9627872981009671
2023-10-09,-0.028540766626556212,-0.03303272317103022,-0.08328900563944015,-0.0510468262428551,-0.07639094960229012,-0.6160027308892989,0.02518111107547206,0.02104689728436278,0.9402649012715578
2023-10-10,0.027977994238288093,0.0016906624793475331,-0.032135572107904166,-0.01948869271711629,-0.045289000518228255,-0.4541970719745922,0.025378031814683132,0.022442936843358175,0.9779257860865317
2023-10-11,-0.0022548819421266955,-0.002817654330394822,-0.007309610874868812,-0.016375264263808434,-0.041859034097219874,-0.2787315136239178,0.0241051096955359,0.022152509725584406,1.2245194588385941
2023-10-12,0.008429344547291691,0.03415245684345317,0.007865125084512493,-0.004123987040272123,-0.0316979537313196,-0.1365478908676994,0.023782855664609692,0.01757319249788423,0.919587838969789
2023-10-13,-0.005049057845397301,0.001125404759767551,0.0005626323714994627,-0.0059264172987612005,-0.033114370096267665,-0.13247793088363508,0.023461334993335328,0.016488876649436553,0.8914472092328681
2023-10-16,0.003368898847114406,0.006749185549008734,0.03247229784517026,0.002641494044864507,-0.025111482951410954,-0.0072538302955288715,0.022982044728328155,0.01493174289006874,0.839656150649529
2023-10-17,0.0033575874639158463,0.0016774284656330112,0.00785189107079803,0.00850752160530411,-0.01842509006532318,-0.014053735905121273,0.022466058723070108,0.01434909363254652,0.8461094296148879
2023-10-18,-0.019746818132730336,-0.013020331821699864,-0.009640045119805589,-0.00953782926297518,-0.03303126289703634,-0.052143381734430394,0.024297906010060658,0.014622916210154461,1.3176063575449541
2023-10-19,0.008510738922262518,-0.007878491746551896,-0.009558650744834757,-0.0009031300361719149,-0.021071845848319243,-0.029954568242296063,0.02344630574553424,0.014831137974329793,0.7660634982075077
2023-10-20,-0.018244439246531904,-0.029480518456999807,-0.022754032145969418,-0.016801418006112862,-0.03479292036110841,-0.1608945017440466,0.023549215214101624,0.015114672340080411,0.9813173940879669
2023-10-23,-0.04170948937040384,-0.05144318969467333,-0.06783242036348773,-0.05375489267404877,-0.0691311111970938,-0.15807689667124009,0.025666280761816814,0.017235740064085608,1.3203446346284688
2023-10-25,0.009552409602998828,-0.05040151901393698,-0.061637598224404816,-0.039602734560196924,-0.055475957782118904,-0.13837796000911667,0.024955430209479646,0.017543156752364883,1.081687323907933
2023-10-26,-0.01075289056116678,-0.04290997032857177,-0.05264367065284132,-0.04403743497993396,-0.060171600637022864,-0.1459450223970292,0.02586872758297165,0.01744375111951127,0.9414504295245916
2023-10-27,0.008373165522312162,0.007172684564144123,-0.052781244052791644,-0.02998448480481393,-0.047457034482029516,-0.1837426153369782,0.02531268902402172,0.017727582437952336,0.6382295349055235
2023-10-30,-0.0011918024043897169,-0.0035715274432444087,-0.035728607210649445,-0.025453272537361547,-0.0442810612800205,-0.04962031244770259,0.023979896865173236,0.017671658389753545,0.8792722586058633
2023-10-31,0.0,0.007181363117922473,0.005980882159754543,-0.01935558951081971,-0.03880322158430222,-0.07249652048721203,0.022702097698796615,0.016577182185412615,0.888377130680574
2023-11-01,-0.011394384702365336,-0.012586187106755067,-0.014965912145609675,-0.0229241167169188,-0.04487581243095179,-0.21900398912127314,0.023220743114739473,0.0161241610872462,0.7110444377209046
2023-11-02,0.02560422253652821,0.014209837834162704,0.021391200952085153,0.0056163150795554805,-0.01772823050492048,-0.22747980194139927,0.023179638975759868,0.0166302293123208,1.2629570159737042
2023-11-03,-0.0017652726296207518,0.012444565204541923,0.011252762800152335,0.008133895771569859,-0.01733270697388064,-0.10563211099628163,0.02288406180998291,0.016599155093875936,0.8278667264405127
2023-11-06,0.02270845699088473,0.04654740689779198,0.035153022195426764,0.03135021200442504,0.006402295002596498,-0.09899212996552563,0.02360391664742603,0.017491642231653587,1.2348048497560928
2023-11-07,-0.018008001226503593,0.002935183134760299,0.017145020968923078,0.01060368442899985,-0.010957103434417373,-0.2697927697918554,0.02491207581209939,0.01676672634369443,1.5918393470980954
2023-11-08,0.00759114387712202,0.012291599641503028,0.0361305495484104,0.016137542662565636,-0.0017712164034528566,-0.0530647697944562,0.02360176718345495,0.01550971433071482,1.365699373819294
2023-11-09,0.01386504830754203,0.003448190958160334,0.02439137531942435,0.025595707797686773,0.01301865282675109,0.09109005433934642,0.022989928196360327,0.015889786416913295,1.0602202388128585
2023-11-10,0.010841811816647815,0.03229800400131195,0.03699845976569293,0.03173672637909248,0.024805873807664906,0.24170820473056992,0.02253933637173017,0.015972677024213705,0.9551293028875604
2023-11-13,0.0011344306764647294,0.025841290800654504,0.015424433451272973,0.027672581263212353,0.026386978472440398,0.4433171003928928,0.021056050944894062,0.015943973784373382,1.1711823870371005
2023-11-15,0.002265007838445588,0.014241250331558174,0.03569744251622213,0.02457115842538809,0.029193458726301927,0.6080235317315587,0.02044280059737725,0.015932163607117425,0.9583605744408966
2023-11-16,-0.004535068424498743,-0.0011356299095884362,0.02357123021460158,0.01394177798633933,0.025431950693154837,0.6189013183238337,0.019399350391669724,0.015930624439145495,0.6488927518696089
2023-11-17,0.014664592030586968,0.012394531444534118,0.0243707739376466,0.023906437199813967,0.03964141115516387,0.6353982023625505,0.019356902021726144,0.015637301085317665,0.998206318736621
2023-11-20,0.011689578703649672,0.021819102309738034,0.02521854082464843,0.029512348415148913,0.050734155777600834,0.6728292063587028,0.019882997629823675,0.01573484365981818,1.6520555599377802
2023-11-21,0.0033149217433185874,0.029669092477555285,0.02739903189150221,0.02847746369205685,0.05192925418060487,0.6800948155488328,0.019738399094121627,0.015068975639641696,0.7896954075751723
2023-11-22,-0.015564524008608612,-0.0005600235616404456,0.009569500044447845,0.008075937390448358,0.0321499086639676,0.6354046691591568,0.020608242847729778,0.011859583103401225,0.7285776436990848
2023-11-23,0.006700108472924295,-0.005549493792365964,0.020804676941870912,0.010401972194714225,0.03567512794477377,0.5151058944519065,0.020192390004147874,0.011798948121463261,0.7833378541362606
2023-11-24,-0.007260533798784164,-0.016124949334468675,-0.0011204488875003137,0.0007853524794908497,0.02466901412827189,0.5203244312436908,0.020659839856155937,0.011604627321441841,0.6153526724034503
2023-11-28,0.01942874612884122,0.018868320802981394,0.006618718537691148,0.01716701492825181,0.040587954722474916,0.5379722352531214,0.019948164788348863,0.012103968970119445,1.4361507372359896
2023-11-29,0.0027451229394397586,0.014913335269496862,0.006048919733812326,0.016552420224473053,0.039079419127572096,0.6983903102247863,0.018992788178749657,0.012046893751766945,1.5001459527366794
2023-11-30,0.01198933558817736,0.03416320465645834,0.03360277933059825,0.02436055476877125,0.046574352714461385,0.7103334470672729,0.01895989959601488,0.012124879622067139,1.4423901282138827
2023-12-01,0.009166833069183209,0.02390129159680018,0.03606950392685737,0.027918752937894437,0.050109887965635286,0.7273976977473856,0.019131957759298875,0.011536860946275677,1.3258340849157377
2023-12-04,0.00908364843807597,0.030239817095436466,0.052413686163717506,0.0319463658735448,0.05437306308517508,0.7454569716009408,0.019186915209413537,0.010599811859728525,1.2055880519257587
2023-12-05,0.01844589744215432,0.03669637894941359,0.05143083747703056,0.04496343810379664,0.06750654166807085,0.7606975933696757,0.01984332526310544,0.010880332206603746,1.217078575525897
2023-12-06,0.03690836023761634,0.06443790611784668,0.08559407477520718,0.0740540766630843,0.09997786996360389,0.8055277109331676,0.02203607522781783,0.012386207900101372,1.9189720111638102
2023-12-07,-0.004034378319184567,0.05131987936058602,0.06957036086784522,0.05862838497760172,0.08733269783871815,0.8658591275006521,0.02302748823702601,0.011260717490863582,0.586660584753007
2023-12-08,-0.008627270639284701,0.024246711279146915,0.05177625715937737,0.04035207108548286,0.07084376344647685,0.7265139925868831,0.025047313927140158,0.011818073077248387,0.6658599356116135
2023-12-11,0.027151004062546034,0.014489355104076647,0.06984361278384733,0.055994973291005404,0.0921797374812658,0.7283713114792727,0.025085013580749445,0.012595138319646775,0.7955353945373778
2023-12-12,-0.007968174008187336,0.010555559415074042,0.043429541333505815,0.03777499810806452,0.07657110032536527,0.7493505347173323,0.02696426616619545,0.013010255967040854,1.0580317199340334
2023-12-13,0.03198302514511325,0.051165855199471894,0.03850420624100261,0.058268817725304345,0.10262704068867941,0.8215267284787379,0.02708403505709555,0.014140775709490369,1.3313048871403712
2023-12-14,0.07192645709188064,0.09594130822880667,0.11446504165206786,0.1158604288479642,0.17076001977113722,0.9166220692469625,0.029614354481192557,0.020036057523100535,2.8124455046091517
2023-12-15,0.004496412832767129,0.10840589506976107,0.12758872512411987,0.10063206071042183,0.1616635486181286,0.9253260703908458,0.03095556763434063,0.01975880713467386,0.9624811040396104
2023-12-18,0.035261494262582446,0.11168436418723032,0.1356992153241562,0.11648376566524385,0.18717707770632544,0.9327417123957114,0.03248158097982786,0.020440324352106333,0.9603684494989444
2023-12-19,-0.038857005655903366,0.0009009014394463612,0.10481038367644022,0.05827418262139814,0.12990614579181914,0.8280489411100376,0.03701678191503046,0.023487983149364795,0.4381812413827632
2023-12-20,-0.06847843483241933,-0.0720739462257403,0.004348923698907727,-0.01584889962910621,0.04816294537277314,0.7174589283072024,0.0454607989713661,0.029364887868881653,0.5164503985501937
2023-12-21,0.049845720763078714,-0.057489719725244,-0.0177318126298944,0.024676816198023366,0.09084537017594609,0.7278812026390685,0.04701834270896964,0.03037685248767792,0.9399875431854522
2023-12-22,0.0338251501014836,0.015192436032143089,0.011596924638822094,0.045530432668452206,0.1155910872113265,0.7389486427060266,0.04681659585459505,0.030824225133970085,1.0647817015002337
2023-12-26,0.007070293845901023,0.09074116471046327,-0.01659427577785939,0.040645209032455255,0.11013347569366032,0.7416762532556723,0.04658111452697678,0.03053399703021111,0.8337102273972895
2023-12-27,0.016594275777859324,0.05748971972524393,0.038857005655903255,0.043285763123262745,0.11535120133270942,0.7500422762694032,0.045226752232440506,0.030504598471643565,1.59670692387868
2023-12-28,0.06212646613336339,0.08579103575712356,0.169461906621686,0.09083636445365424,0.16897011421930386,0.7790633116253582,0.04610733094585528,0.03239519538983168,1.6309704638672788
2023-12-29,0.006490962380889452,0.08521170429211213,0.1261071482394967,0.08569672273535728,0.15929121149379644,0.8382272368036852,0.046300039982432435,0.03244444918021866,0.9103899628792238
2024-01-01,0.008455831799777736,0.07707326031403045,0.10073782993779092,0.08232432319274885,0.15209606104174217,0.8408488190786119,0.04651163051624714,0.03245112827242597,0.5507149963879459
2024-01-02,-0.01372644134990803,0.00122035283075907,0.07994109474198177,0.060619158446556874,0.1213675567302426,0.7525872168354385,0.04770615166581773,0.033049959016763816,0.5655228400968217
2024-01-03,-0.032220829842751104,-0.037491439392881395,0.031125989121371316,0.01991015796058613,0.07437652016500618,0.68162990389779,0.04965814175041107,0.03455403605917783,0.5343226732241646
2024-01-04,-0.0037855282930396436,-0.04973279948569873,-0.034786005305031585,0.003213022108629101,0.06108035094965949,0.5634509105666484,0.04590330413112255,0.034138251589141015,0.5537586042327767
2024-01-05,-0.014431564151408937,-0.05043792228719972,-0.05570853183732995,-0.01776344562022063,0.03752657904745191,0.4730395587246846,0.04724240525119337,0.03442318160494821,0.7548018856215181
2024-01-08,-0.022919832482117902,-0.04113692492656655,-0.08708419611922563,-0.04126819949822913,0.00678240026525494,0.36365532977234094,0.04658791403925762,0.034938820577904005,0.807140149733422
2024-01-09,-0.0008753427055653649,-0.03822673933909225,-0.074233097474883,-0.04262901706186274,-1.7176485069022588e-08,0.40056177298989953,0.04443956573364972,0.0346762246456669,0.748559603321575
2024-01-10,0.007415557419478741,-0.016379617768204638,-0.0345967102126532,-0.03517965454820227,0.0008481956412648947,0.43947071340603033,0.039858436661881505,0.03451470123324241,1.007770806725591
2024-01-11,-0.013563951980151466,-0.007023737266238157,-0.044375133899765086,-0.04065587195661513,-0.017018102023806526,0.40977362166690084,0.03775958837327339,0.034282051009503316,0.835491462632114
2024-01-12,0.012259285542065424,0.006110890981392594,-0.01768428420629069,-0.021586437383957848,-0.006592475241047284,0.37324837310024916,0.03627376198319947,0.03051620417418803,1.0171086014696218
2024-01-15,-0.0021781425238934383,-0.0034828089619795503,0.003057405751933781,-0.015288157064589549,-0.010123235639466871,0.29137405486157947,0.03566754296075971,0.030521074682035184,0.8911622500242519
2024-01-16,0.041850771269183545,0.05193191428735549,0.04578351972668267,0.02984889691777336,0.030359280789030614,0.2595855772712275,0.03498235310163555,0.030938371885033587,2.3257927955965823
2024-01-17,-0.05546243917233816,-0.01578981042704805,-0.017094476865134246,-0.02065207389879968,-0.026091479790996554,-0.09015430568608593,0.03612479307787944,0.03227908796257454,1.7057584014205307
2024-01-18,-0.00044208053628635454,-0.01405374843944099,-0.003972605421269055,-0.01631493147508662,-0.030425114024869707,-0.3462938416393857,0.03718329011215579,0.02786419340308706,0.9881696067987914
2024-01-19,0.009244890380178115,-0.04665962932844647,-0.006987000583156272,-0.004710502848206647,-0.023555431407931895,-0.4334666967670748,0.035307364373443784,0.025773101503102216,0.3736627123143438
2024-01-23,-0.0475638083626262,-0.03876099851873438,-0.05237266642188911,-0.04636689285149617,-0.06733528961359922,-0.414212381414047,0.03863575745231201,0.02693065110378323,0.7039953185335351
2024-01-24,0.055855475383868695,0.01753655740142061,-0.03836796230720397,0.007663674671898316,-0.01439217779155573,-0.2374388411187752,0.03802693652107662,0.029828245780939615,1.0364771785390772
2024-01-25,0.03459671021265312,0.042888377233895575,0.051691187077787255,0.03944846769891815,0.018710632503746417,-0.018540860278224755,0.038832903781124646,0.030596261445496844,1.7197445538514402
2024-01-29,0.01127116015692436,0.101723345753446,0.0634044277709979,0.04489260642364702,0.031316183939245276,0.13514954427547152,0.037567448422753384,0.027225001468470924,1.207990903989379
2024-01-30,0.0062073803695669606,0.05207525073914456,0.06036691776038684,0.04568395820259552,0.03882745851021247,0.2841180491915952,0.037806455342058995,0.027220975719930204,1.1826762655195584
2024-01-31,0.010668897794909258,0.028147438321400597,0.11859962391792242,0.04978998035843234,0.050960813885202454,0.36873876789792265,0.03784256831341945,0.027265900485122275,0.6238269596336087
2024-02-01,-0.02646965057448588,-0.009593372410009402,0.03627449795956805,0.022586038779452432,0.025134253598039738,0.3590284209650082,0.039665908145663724,0.027726656655852423,0.5448760860740589
2024-02-02,0.07272997942616781,0.056929226646591356,0.07440776717308262,0.08558619194110492,0.09812987182552563,0.47131589571913507,0.040669184659170354,0.031311565383663684,2.160952449363335
2024-02-05,0.053123230875740245,0.09938355972742227,0.11625983789189863,0.12366083213677578,0.14985020953021908,0.5639047309262392,0.04239256080453924,0.03312674236070085,1.85424196431647
2024-02-06,0.07268158802310815,0.19853479832501622,0.1827340455454398,0.17766090027946252,0.22171379280012982,0.6649489851435695,0.04452625416667755,0.035836770740182475,1.4473507070052398
2024-02-07,-0.014189633164726817,0.11161518573412163,0.15787551458580368,0.12939410694922773,0.18993792806786375,0.6867357062504322,0.045859680522184885,0.035453996353251103,1.024654969334578
2024-02-08,-0.031152979920576362,0.02733897493780497,0.15319218523971306,0.07445034486316877,0.14167240176510693,0.7171056435632182,0.04774745861918867,0.03663074844078522,0.3459523025370517
2024-02-09,-0.0396090446194897,-0.08495165770479295,0.04085316119405559,0.021242489660552363,0.0890201910480151,0.6743826545205189,0.05160064958349248,0.038267461828180936,0.6024058187266411
2024-02-12,-0.08507465630137397,-0.15583668084144003,-0.09734472598305878,-0.06369179403225607,-0.00355145555844315,0.5704500486843918,0.06386383052033405,0.043342724696843644,0.7466904947759085
2024-02-13,-0.040737223803221735,-0.1654209247240854,-0.2107635378093886,-0.09876499148829454,-0.04447241427958793,0.5116417558407039,0.06624644314893866,0.044412690886131756,1.0567350776295314
2024-02-14,0.04236516275429299,-0.08344671735030278,-0.15420874189036887,-0.060087163022361716,-0.006464665697127581,0.516527781167266,0.06407947755051278,0.04533802479834894,0.8906861400634719
2024-02-15,0.02251805239580804,0.02414599134687936,-0.1005377095739844,-0.04339888378076099,0.013622438461663932,0.5075134248252666,0.061516619681975575,0.044678503526688305,0.7958715101090929
2024-02-16,0.013428267353414512,0.07831148250351547,-0.0475003976010802,-0.02983943084605462,0.021418068010236643,0.5124805490667979,0.06181696088665021,0.04257861226382775,1.0110030591675097
2024-02-19,0.006647236407024567,0.0425935561562472,0.04422149510731844,-0.018137248067306516,0.021985067622696145,0.43662968593409884,0.06151874941355767,0.042551900514886186,0.6340183175570597
2024-02-20,0.023676640657214837,0.04375214441765381,0.108635359567755,0.016374846231265325,0.03932057933303803,0.4417372748820006,0.06091663032657824,0.04272599430251262,0.8640607523643834
2024-02-21,-0.0011514304902071999,0.02917244657403235,0.06511876632325492,0.02490036377351039,0.028997854151144944,0.5195812717614499,0.06122677610341528,0.040821638651606505,1.6616400512408613
2024-02-22,-0.006936383648624573,0.015588826518382932,0.035664330278822105,0.024806887801486117,0.015805037172163618,0.363491255001191,0.059598293857245445,0.039449822990169976,1.164507194626635
2024-02-23,-0.01010505483219436,-0.018192868971026184,0.012131008093213356,0.018222308777081423,0.0017246572228118693,0.21780073541583478,0.05695512008692957,0.039022060960574166,0.5203001203254605
2024-02-26,-0.03013714172530822,-0.047178580206127176,-0.02465337003911964,-0.013894137738391637,-0.029794153964804088,0.030021634216737567,0.053780845528846426,0.03970814365191844,0.5348436696957031
2024-02-27,0.009216668906391884,-0.031025527651110652,-0.039113341789942496,-0.011371554776878987,-0.022755356090781345,-0.1795839769751231,0.05032846378006376,0.03973092304938017,0.43301756245709566
2024-02-28,-0.029139998290490448,-0.05006047110940669,-0.06710190959022566,-0.03958141931125281,-0.05089712838879593,-0.15754576614951005,0.050474034992587916,0.04027120726317898,0.7812260546515718
2024-02-29,-0.004527745069001548,-0.024451074453100005,-0.06469327101060268,-0.04122012437744381,-0.05622570046133121,-0.14439866319564743,0.04674216501645408,0.039805926604144226,1.7813199955975367
2024-03-01,0.09290716325170846,0.05923941989221653,0.03831894707330027,0.046708464587495085,0.03336670251684163,0.1664613159004338,0.04241623250243427,0.04191456820356469,2.7765601392584536
2024-03-04,0.06300997408518892,0.15138939226789594,0.13146606288379742,0.10233458884887608,0.09741747302357454,0.40851638397554607,0.04265004403392082,0.04259958901079462,1.7368345268530767
2024-03-05,-0.009932595466255998,0.14598454187064133,0.1123167985111494,0.08309526636926517,0.08830640449658632,0.41513321942087006,0.0411710253080382,0.03933534225068579,0.6062412461554108
2024-03-06,-0.008593000249439018,0.044484378369493816,0.13286379655220087,0.06653883340022665,0.0803703298584815,0.2662762393395387,0.04403354316597484,0.039259748908883986,0.7289759242453481
2024-03-07,-0.0007194742536567509,-0.019245069969351766,0.13667206736754572,0.057941179767275273,0.07918086013013671,0.2880376627972771,0.043702330887957906,0.038620913973601984,0.7894711814717387
2024-03-11,-0.034038071766344866,-0.04335054626944061,0.009726832349492136,0.017655474640534106,0.0423809709844851,0.2739248181359139,0.04656420289859663,0.038336548897055615,0.5381641127722917
2024-03-12,-0.034466608601805906,-0.06922415462180762,-0.08774975033750254,-0.02093951905882362,0.0039656403375699124,0.18814808476535574,0.04913296377811518,0.03378115883303979,0.6865378099009393
2024-03-13,-0.08901017314271296,-0.1575148535108638,-0.16682732801395952,-0.09980284591218175,-0.08216383013007013,0.026940797961748045,0.05846072099986093,0.038480641361911996,1.0624664369192454
2024-03-14,0.023314953877642798,-0.10016182786687604,-0.13491937388687777,-0.0783934717504733,-0.06033447984117783,0.06332903899167235,0.056143464196246905,0.037622548647392756,0.7631695294207458
2024-03-15,0.001644722997479836,-0.06405049626759043,-0.13255517663574126,-0.07722640697103396,-0.05766907620769275,0.14014229873441209,0.05701961952117627,0.037246755174296854,0.97275114884121
2024-03-18,0.034325989549094944,0.0592856664242174,-0.0641911153203015,-0.03986891705827221,-0.024569745159979377,0.20753577873575055,0.055605981709049006,0.03796624166285929,0.8139748421163275
2024-03-19,-0.0273657806522512,0.008604931894323386,-0.0570902873707468,-0.051984154003347736,-0.04915229297432672,0.19427899306096336,0.05910124567648547,0.03840262916329917,0.7200427723905839
2024-03-20,0.008935869248582464,0.01589607814542626,0.04085575502054877,-0.03103199547403612,-0.038117426829198366,0.19389123632875851,0.05857547720425266,0.038025492346695486,0.7532381091048167
2024-03-21,0.04235744102036817,0.023927529616699486,0.05989824216327405,0.018917189460754585,0.003969245978619601,0.3419721872519867,0.058970104900656135,0.03933699700740525,2.0394961810874355
2024-03-22,0.007721978781205052,0.059015289050155725,0.06597549794699928,0.034126177160993594,0.011476366760223528,0.2435583248265695,0.05376374241533262,0.039346592197068674,0.8950630378198899
2024-03-26,0.004604845713866464,0.05468426551543953,0.03625435411177087,0.041965935685666964,0.015118028552830336,0.11328768254697053,0.04922336354030746,0.03927987525218401,0.7048756192202723
2024-03-27,0.023085054896347722,0.03541187939141921,0.0867051896603697,0.06299203115570627,0.03502342865144509,0.09144061351530752,0.048313824238876736,0.03885958604360278,0.8487741546173868
2024-03-28,0.004479368383443204,0.03216926899365735,0.08224868879523034,0.05471971015456111,0.036099466428868215,0.272764426159309,0.045304596643113836,0.03883840745348439,0.7575319861821086
2024-04-01,0.0472815204467585,0.07484594372654942,0.08717276822162077,0.08931194444816332,0.07835811195360227,0.23528155539659948,0.044252723515424405,0.03922284586364622,1.2727697916344278
2024-04-02,0.04921303748927367,0.10097392631947509,0.12866382692968925,0.12156270507948823,0.12130753298984938,0.4645416024471999,0.044060085803126335,0.04020205272824095,2.212928696576936
2024-04-03,0.0023643671866878688,0.09885892512271993,0.12642334840251077,0.10555754694292656,0.1175205770838193,0.6148329616515977,0.04407652826590107,0.03514738856071584,1.3834492104792593
2024-04-04,-0.015298562761129994,0.03627884191483153,0.08803973074503296,0.070093100424011,0.09877286063667842,0.6304693042354975,0.041403600780447004,0.032667399511849535,0.6324052142773603
2024-04-05,0.0017114085689462612,-0.011222787005495899,0.08527177093053614,0.054491638762727966,0.09819529344139075,0.6333028606853542,0.04113737513834161,0.032556584663502364,0.4562681966345822
2024-04-08,0.0006839144530361743,-0.012903239739147565,0.03867416493681394,0.042208478387378914,0.09596236277550928,0.6240740342422203,0.039766604575424074,0.03246250742223665,0.3076722986976747
2024-04-09,0.03393571738620237,0.03633104040818485,0.023396844833742703,0.06203082411780874,0.12855129274361438,0.6531774630416742,0.0400915347430158,0.03319591108434419,1.5183459368334051
2024-04-10,0.011169583376221134,0.045789215215459846,0.032202061023275864,0.05730376301286791,0.1333049941425037,0.7418936425455993,0.039039506184671946,0.03196621973197941,1.3927481760538079
2024-04-12,0.014915991632308988,0.06002129239473247,0.062416615416714914,0.057342231048431336,0.13953537250496628,0.816072205808345,0.03825461346092371,0.030506408287678758,1.452646900951214
2024-04-15,-0.028069736764962112,-0.0019841617564320575,0.03263547008280668,0.016453045309258466,0.09500167708011333,0.5729044611515616,0.04050217203699659,0.022081461979116566,1.4240242871211342
2024-04-16,-0.011653231249430237,-0.024806976382083474,0.020298324380340006,-0.0010705216349264461,0.07151829546444777,0.48949958989152603,0.04009182832303767,0.02252259035132635,0.4628900654089877
2024-04-18,-0.03060422279298468,-0.07032719080737711,-0.04424161579884705,-0.029197813223907684,0.030678350263817426,0.4112787080698476,0.04303963665714714,0.024262226028791085,0.5453662344250964
2024-04-19,0.008595554293529973,-0.03366189974888496,-0.04681564488153808,-0.01940379007620197,0.032191961647588675,0.3230097436319926,0.043845048444035264,0.023501561882537884,0.6689516459755679
2024-04-22,0.015962190118976427,-0.00604647838047833,-0.0457694463948708,-0.005262031215791751,0.039306564109151,0.32119897509393297,0.043872724913964434,0.022081968039016093,0.6354953593285076
2024-04-23,0.025612639532305696,0.05017038394481208,0.00791292990239727,0.016422942599594113,0.05569709463921264,0.32041727660451047,0.041637334634008205,0.022369768788450203,1.2231753082318944
2024-04-24,0.07829811145594726,0.1198729411072294,0.09786427260777479,0.08590268896088846,0.1277397088802451,0.38840355936836374,0.03993318362535465,0.026189357002671148,2.8511805991349566
2024-04-25,0.0018203258757724199,0.10573107686402555,0.13028882127653188,0.07821020040919859,0.1164316672995156,0.3743675591770591,0.03895118919273215,0.026275579110202736,0.8845055587565789
2024-04-26,0.0215901371664177,0.10170857449813753,0.14328340414941965,0.0906914497940504,0.12633234369298224,0.5089855653206274,0.038373513121777725,0.02630167729019624,1.1554455539706534
2024-04-29,-0.022499838666614945,0.0009106243755751478,0.10482137536382824,0.05994341138588176,0.089929071064446,0.49735175783427965,0.03983181829096141,0.027314975347087374,0.38299425732357023
2024-04-30,-0.003647483519708455,-0.004557185019905673,0.07556125231181407,0.04722722667892675,0.07531100459051562,0.4133983192276338,0.041086645079709466,0.027468882937927947,0.5099578297314762
2024-05-02,0.007583936844444151,-0.01856338534187932,0.004847077700310794,0.04444169559956951,0.07480434071652388,0.39686452940851724,0.03904933315490297,0.026035265224465736,0.8308774260422999
2024-05-03,0.014997198117180147,0.01893365144191588,0.018023949941718683,0.0449525347777373,0.08396794147932048,0.4088691309904877,0.03940372505648579,0.024253634788553077,1.288812641989835
2024-05-06,-0.03052979529991821,-0.00794866033829395,-0.03409598252461736,0.003017043847319195,0.04641075101288955,0.2783688453894088,0.04301498522725476,0.02561682156263666,0.9586168090759786
2024-05-07,-0.04231938202260152,-0.057851979205339556,-0.05391552588060392,-0.043110552091366494,-0.0002240837985281035,0.365392986876455,0.043433501053093786,0.02738049006589537,0.7190585809084328
2024-05-08,0.026541905838119578,-0.046307271484400135,-0.023726136522775786,-0.02222620601729086,0.022037449886721502,0.43860618297494935,0.04352084966768863,0.02785971639167797,0.5929221829031548
2024-05-09,-0.04659430055878231,-0.06237177674326415,-0.07790437392600215,-0.06009146706535718,-0.026585229124179627,0.45439394459647703,0.04632003882186766,0.030124901876363446,0.5328106254325183
2024-05-10,0.024843953952912924,0.004791559232250157,-0.06805761809026947,-0.031660811845925896,-0.003856966450725369,0.5299221060672812,0.04497858254247214,0.029687095677861753,0.6429600278762235
2024-05-13,0.0009555827376081402,-0.020794763868261113,-0.03657224005274307,-0.023806555398338137,-0.004169100226380958,0.4710897916906188,0.04575429264887835,0.029605183428075093,0.8707363431912967
2024-05-14,0.04725775953517025,0.07305729622569139,0.05300490150502867,0.023529032803335702,0.040952115109850334,0.4725738621288289,0.045833133334808845,0.031227467750430688,1.555115017558852
2024-05-15,0.010572451709805485,0.05878579398258384,0.03703544737671455,0.03299492140462376,0.046935876366344935,0.3353297988664633,0.040908293001093644,0.030394316514725402,1.0036755502337087
2024-05-16,-0.016969956885013092,0.040860254359962406,0.06665979105048367,0.01678067614465067,0.024709605527495494,0.20697827015349846,0.04256895853542687,0.03056890442656673,0.8338175144916031
2024-05-17,0.019970373311573843,0.013572868136366125,0.06178621040914442,0.03796762411293649,0.03819362174685909,0.09009448487933625,0.041106710924845344,0.029581661127218044,0.9551776289847891
2024-05-21,0.04366999392798364,0.04667041035454439,0.10450062159952,0.07663338896138895,0.0750733177218603,0.2849251146666387,0.040497338849981405,0.030693639580316807,1.886277869752341
2024-05-22,-0.030870291247822576,0.032770075991734884,0.026372570816527326,0.03565522406982051,0.03579802308180283,0.24712271056601354,0.04286557885445436,0.03188621815885166,1.4115900709615967
2024-05-23,0.001477724106653959,0.014277426786815074,0.017277843213375714,0.03153082938397637,0.0319395318813219,0.11527333396698936,0.042295996896427386,0.03158062081812888,0.6440094651443309
2024-05-24,0.0011806274266137225,-0.028211939714554872,0.03542842752500271,0.02250103363296405,0.031633711160732936,0.0312855029673041,0.041719337649600216,0.026498670000070657,0.7397575689933812
2024-05-27,-0.01695713711478966,-0.014298785581522,-0.0014990829013608812,-0.0005697669541292823,0.013763181032857072,0.0808991920837498,0.040182585270825494,0.026815671662685805,0.5807552472599463
2024-05-28,-0.025833413903445814,-0.04160992359162166,-0.07100249073279044,-0.02917270752102031,-0.010238970680337774,0.09658878612025788,0.04119017702417749,0.026950179986014736,0.83713489054144
2024-05-29,0.0,-0.04279055101823544,-0.04013219948496778,-0.0278651328413041,-0.009514575507298022,-0.01592633204950701,0.04044246528378986,0.02650919309651649,0.8948759287773193
2024-05-30,-0.029050844683219505,-0.05488425858666535,-0.07066076827484126,-0.05078523499037664,-0.035978900197605905,-0.014038179343060762,0.04007243718621325,0.02725428269885945,0.8141952983650423
2024-05-31,0.0047430752382275464,-0.024307769444992057,-0.06709832046322754,-0.04333655157902433,-0.029334310913579555,-0.10795667923978783,0.03909417702702461,0.027209049736667896,1.0134143229796964
2024-06-03,0.048339443486317114,0.024031674041325096,-0.001801739862120858,0.00437739329279517,0.01923905025993739,0.016846409627450213,0.03838720827303612,0.02925891896500329,1.326341848991622
2024-06-04,-0.22336910254371697,-0.17028658381917236,-0.19933742850239192,-0.17613552440996944,-0.17726905627786652,-0.26026420332623673,0.06514736524417776,0.05766662350435047,2.6863554497692617
2024-06-05,0.08979473387319868,-0.08523492518420123,-0.10954269462919328,-0.08542522644874061,-0.09701434954350294,-0.39478912238549413,0.06708543538697241,0.06124022979088869,1.2149765514641857
2024-06-06,0.009232359610224514,-0.12434200906029369,-0.07125949033574924,-0.06376472850743616,-0.08482077955204408,-0.24352688014952079,0.06663911544607184,0.060914543325995114,0.9857092145375319
2024-06-07,0.03905056628894219,0.13807765977236539,-0.0369519992850345,-0.01597627507223556,-0.048286602026781256,-0.2162001735534352,0.06541968522379911,0.060801023457815045,0.6708814361677049
2024-06-10,-0.014175287863736386,0.03410763803543034,-0.09946673063508793,-0.01969079438016409,-0.05983706602594428,-0.32865846070129634,0.063650154039513,0.060584199921845536,0.39305537294052595
2024-06-11,0.0027186950663003646,0.027593973491506392,0.12662106697492945,-0.00967961570994511,-0.055496878420280456,-0.27702867288686744,0.061230567001522185,0.06059008453298925,0.5042217124331433
2024-06-12,0.0,-0.01145659279743597,0.03682633310173085,-0.0022267109973273555,-0.05145072658336767,-0.19098000253227554,0.06059200656686051,0.059480961718009415,0.5972701864432961
2024-06-13,-0.009180451981054815,-0.006461756914754368,0.018413521510451378,-0.006011898271550985,-0.05514249502643319,-0.29739963109506334,0.06039658738652191,0.05938451474731388,0.7048449952580764
2024-06-14,0.02638151109427849,0.017201059113223623,0.005744466315787635,0.023872335593492625,-0.026820592846362495,-0.18405175955660483,0.05921461484121297,0.05972676658841185,1.3679196166119671
2024-06-18,-0.0014329751488772015,0.015768083964346338,0.01848677903064675,0.03130004156248304,-0.02404420269626324,-0.09149405587762516,0.056966846807684386,0.059482062749880764,0.8837658757313751
2024-06-19,-0.022812125597040288,0.002136410348360929,-0.00704404163269392,-0.003283538785601939,-0.03859401503792266,-0.08144967804988226,0.05801933157044575,0.058515051879555045,0.9047807101914785
2024-06-20,0.026845352802695205,0.0026002520567777066,0.019801311170001418,0.018097405168725603,-0.007657000837376282,0.01919285782392336,0.05585646258025411,0.0587266171571989,1.2549325514451461
2024-06-21,0.009112513557419393,0.013145740763074244,0.03809427670847552,0.021650299474144742,0.005918160217521712,0.19389734304258496,0.0557587588861409,0.05879333789786982,2.0965474241742736
2024-06-24,-0.03662502390690063,-0.0006671575467859676,-0.02491225829270355,-0.01320985561398811,-0.02405186565736547,0.05232943261951575,0.05661851887486748,0.05921508645073898,1.1586011315631748
2024-06-25,-0.01913422580156723,-0.046646736151048515,-0.04261350894539354,-0.02961776115615944,-0.03638545941040958,0.23727627103612803,0.04010901752384457,0.059237974236142216,0.6851593909990308
2024-06-26,-0.02089570060984116,-0.0766549503183089,-0.04069708395819434,-0.04524750235534902,-0.05057723654173733,0.312006445713983,0.03331049698045446,0.05916238882346525,0.8049549367841367
2024-06-27,-0.007599734369748295,-0.04762966078115659,-0.07514217113063788,-0.0473396081624956,-0.05166144526856176,0.06282900255000726,0.03468943229542981,0.0591460727212277,1.284914702189136
2024-06-28,0.03958938196747499,0.011093946987885479,-0.04466530272058232,-0.008219811338885163,-0.010375585119061044,0.1225275714074023,0.03340058984976525,0.059751098501813794,1.594165996422731
2024-07-01,0.0027544145103669915,0.03474406210809363,-0.005285864303314575,-0.0024426627587396934,-0.004517890811322633,0.12620114141587563,0.03320329435997461,0.05973923948244636,0.6050106971919244
2024-07-02,-0.01609558395400704,0.026248212523834892,-0.0022472224557544356,-0.013929208139079144,-0.013935824093596554,0.11769501055644951,0.034219279750662614,0.058546366161197155,0.5825620751163274
2024-07-03,0.03312391786313528,0.019782748419495327,0.05177239601722205,0.018137279559356286,0.012950734266895678,0.14442478921552238,0.03477207727080288,0.029260709238716626,0.8000080770396952
2024-07-04,-0.0037663215887751805,0.013262012320353159,0.05560580879819513,0.016343639893724955,0.007292177358109232,0.23424955381816331,0.034633741935579054,0.021768395062662458,0.7985974060705372
2024-07-05,0.029741913316930144,0.05909950959129036,0.04575834014765023,0.046905907073423896,0.03469599886530814,0.2823734249864418,0.034885736813444604,0.02260139462242986,1.7649237585233015
2024-07-08,0.005575305870984226,0.031550897599139247,0.04857923150826745,0.04808405358761291,0.03919216403126454,0.3023625541764343,0.03521671815445365,0.020961827073738303,0.8998272698298707
2024-07-09,-0.0031362515093358973,0.032180967678578615,0.06153856395293859,0.038555547130031995,0.03408732774326587,0.37398658399724355,0.034631322576407705,0.02067892093825812,0.5811389537477655
2024-07-10,-0.03337337783769587,-0.030934323476047562,-0.004958731747892501,-0.0001259115456222412,0.00019227181667069162,0.24538589385106277,0.038457884321480444,0.022115621037771364,1.0678682742439252
2024-07-11,0.006474647793991732,-0.030034981553039974,0.005282237634874359,0.00042165286177966847,0.006408948235810153,0.18604517620221045,0.03687848559079014,0.022163671904164288,0.811327608909291
2024-07-12,-0.009461856869433526,-0.03636058691313761,-0.03392153255148922,-0.01015382480433939,-0.003329560298661184,0.2436897370124237,0.03590896512710478,0.022170080444240764,0.5798720825524293
2024-07-15,0.010646473674313484,0.0076592645988717255,-0.028850364748160023,-0.0015106171620111822,0.007872398184314339,0.3658977738992047,0.03509644435955164,0.02146233702651547,1.4406451683296835
2024-07-16,-0.006864200904701645,-0.005679584099821607,-0.032578314143525744,-0.011140128226065039,0.0017814403893336025,0.46862653490403633,0.03503541882531006,0.02150876093054965,0.578631127908184
2024-07-18,-0.020744831089173986,-0.016962558319562105,-0.019949767395003863,-0.029070732302817773,-0.018115270131604397,0.5619270001686343,0.03313271819660672,0.021402087322875834,0.9289718668831778
2024-07-19,-0.041910090230686994,-0.0695191222245626,-0.06833450541968253,-0.0632451107805259,-0.05458371236133894,0.374898842756551,0.033891034495829864,0.02225124946438533,1.263242285850616
2024-07-22,0.010242075272870155,-0.052412846046990744,-0.048630573277378804,-0.045830493900492764,-0.040963843719168246,0.2697187958752205,0.03486678560355423,0.022288032255177236,0.8119074667071682
2024-07-23,-0.013278694531114132,-0.04494670948893086,-0.07255574148280643,-0.048858717123594665,-0.0509272819417636,0.2699080522595193,0.037762805232313484,0.02107159109722873,1.0355372796859057
2024-07-24,0.03884251294376261,0.03580589368551883,-0.026849027634342132,-0.005164002571300045,-0.013330979392106377,0.2640799338588388,0.0366011153487212,0.022650319955704396,1.1428326513812368
2024-07-25,-0.030391236698929017,-0.004827418286280485,-0.036495433244097236,-0.02950488187681998,-0.04242248304505848,0.12492795410131094,0.039048009710447744,0.023203972495760013,1.0770761144517451
2024-07-26,0.03310879064908696,0.04156006689392065,0.03852344763567675,0.0062193233188723,-0.011684236924205779,0.03782021614597838,0.036075322366036056,0.02430599652167027,0.9351511038956112
2024-07-29,0.0023719484037769763,0.005089502353934807,0.030653320766583288,0.010457587528616285,-0.00903488574092665,-0.012756053348975059,0.03570460674053583,0.02260595933768963,0.5798624120250186
2024-07-30,0.002433727782318811,0.03791446683518261,0.04636574308001634,0.015649706547380855,-0.006300280826187488,-0.10654016791527582,0.035752860489240555,0.022603787209080056,0.5264695484905156
2024-07-31,0.03281147310208596,0.037617149288181675,0.04033470323833957,0.04805400412856808,0.02465899348605054,0.10352479018902812,0.03291855724782852,0.023437736276847077,1.4797083123286308
2024-08-01,-0.01986405915021877,0.015381141734186018,0.05086188078704985,0.025937279493452932,0.005040891664114984,0.12047919900259985,0.035845209238553416,0.022733160513606486,1.474958033679734
2024-08-02,-0.025654537914048398,-0.012707123962181202,-0.00790144777608561,-0.003054357176094012,-0.018830996276162047,0.08366209891127355,0.037152811012894166,0.023413981335715612,1.139644142801652
2024-08-05,-0.06797730812316359,-0.1134959051874309,-0.07825070430302605,-0.06432346439489775,-0.07743418711671399,-0.1512130458968339,0.04333707910570084,0.02651518985163608,1.5089968302719248
2024-08-06,-0.008526995799861437,-0.10215884183707359,-0.08921142788520638,-0.06848487836732911,-0.07872903318200046,-0.24926329402436095,0.04553794690775644,0.026364042203209107,0.660936174648507
2024-08-07,0.0445416636390915,-0.03196264028393365,-0.07748123734820081,-0.022452584426096035,-0.03203978587486091,-0.13357046023578248,0.045117553836843495,0.02879548458427887,0.6876073622113741
2024-08-08,-0.029957826858938223,0.006056840980291747,-0.0875750050569202,-0.04792580756388914,-0.056279909434630994,-0.1128602984619343,0.045486663191178896,0.02862691938721918,0.8575002807368951
2024-08-09,-0.06073824303457293,-0.046154406254419696,-0.1226587101774448,-0.0926945150440047,-0.10498050277369049,-0.20840889790861894,0.05009110051510507,0.03109044547297337,1.932749272680626
2024-08-12,0.01800463252787841,-0.07269143736563274,-0.03667676952640281,-0.06569902897109117,-0.08277966729291468,-0.21748675818425467,0.047331589644890946,0.03162535897792952,0.9224223978577666
2024-08-13,-0.027403254898068673,-0.07013686540476331,-0.05555302862460998,-0.07789736156145438,-0.10008679824248065,-0.33717782966679694,0.047849440466760415,0.03167483335056987,0.4700119303635415
2024-08-14,-0.022971324579780197,-0.032369946949970516,-0.12306601684348167,-0.08043530382378895,-0.11249546187207714,-0.3180602089696183,0.04834531718465116,0.0318341428429554,0.638039812814291
2024-08-16,0.02406333446659412,-0.026311245011254855,-0.06904485551794946,-0.04275086911483562,-0.084518619216129,-0.3588049212474047,0.04611562304880629,0.032558721397956514,0.4799061832049816
2024-08-19,0.023421813323250714,0.02451382321006439,0.015115200839874094,-0.009040208540373141,-0.05929877407876734,-0.36648938929181496,0.04514053116115293,0.03215866737834785,0.716552691027413
2024-08-20,0.013839128273072342,0.061324276062916946,0.010949696585068025,0.00740705679111076,-0.04271650118731428,-0.2936155066387971,0.044160706550753104,0.03225152902459938,0.9808057420747776
2024-08-21,0.014094568242944165,0.05135550983926718,0.05244751972608105,0.02203134654253579,-0.026907210785485382,-0.3751092974242593,0.041712504831160985,0.032402601158841,0.8818235960583922
2024-08-22,-0.00862696427829116,0.01930673223772532,0.06679188002757,0.019230516886706434,-0.030687385612318433,-0.5560987672117901,0.039299568053546896,0.030935868211954452,1.075936762894219
2024-08-23,-0.015734198113106727,-0.010266594148453753,0.02699434744786922,0.007661228503725393,-0.04207419601049485,-0.5333612180778551,0.039164028532701345,0.030464521400902566,0.9066076750662889
2024-08-26,0.044230779073162606,0.019869616681764717,0.04780331319778109,0.0465099189080793,0.004766754900576504,-0.3149480098492654,0.035270936317887004,0.03126730250100343,1.7152916132429985
2024-08-27,-0.013521208509977555,0.014975372450078257,0.02044297641473132,0.029171187411988223,-0.004428459693179559,-0.2160307735450141,0.03355933621332709,0.031315292464440786,0.679149092479804
2024-08-28,-0.013781112496128109,0.016928458067056885,-0.0074327043243410575,0.010570049167076052,-0.012971216108550324,-0.3328560913662892,0.03171227022536986,0.031345026411211244,0.6508991327975356
2024-08-29,0.001565544057769416,-0.025736776948336218,0.0027598040117195327,0.005316759571390647,-0.0045379789576900555,-0.3015090552141203,0.03060918736595911,0.030116500696480378,0.7439493315309974
2024-08-30,-0.00418001007960577,-0.016395578517964447,0.014313992045220401,-0.00291611370468701,-0.0026483384642033937,-0.017173678855719174,0.027606490486567478,0.02995533072095236,0.7940464215665916
2024-09-02,-0.003897145487052205,-0.006511611508888579,-0.03381393251499423,-0.008162829751912118,-0.0016642124155829873,0.07074673922555917,0.025879893917004463,0.02958784063560998,1.0201710451104553
2024-09-03,-0.01049269753348628,-0.01856985310014438,-0.030785421538502958,-0.017512975811031853,-0.010289145944406174,0.0950945220916698,0.024830329980844085,0.025644447927572783,0.9099566825492847
2024-09-04,-0.010067111250584005,-0.024456954271122627,-0.027071420292958958,-0.02402158736841394,-0.018359585582305025,0.10800556263634832,0.024336944088655787,0.02566800161604382,1.3957045525789489
2024-09-05,0.0058084680860578455,-0.014751340698012498,-0.022828496264670598,-0.01637877311191437,-0.008758987376741637,0.08032818992255074,0.023319603432784382,0.02333640839995464,0.675539983982671
2024-09-06,-0.014121431129500085,-0.018380074294026313,-0.032769917314564904,-0.028416104814057947,-0.019670258147453438,-0.06642363390020435,0.023805826135278593,0.0226616701246772,1.255637945330358
2024-09-09,-0.011426849856755048,-0.01973981290019729,-0.04029962168426764,-0.03230438259810755,-0.030279544009940797,-0.23071613348858036,0.024431218765733204,0.01831838057689302,1.300374409075447
2024-09-10,0.009570142542278861,-0.015978138443976303,-0.020236781608502508,-0.017976643213225594,-0.02000364026834857,-0.24666286639933133,0.024336801319763218,0.01796212335293431,0.8180907921540509
2024-09-11,-0.016946254040178074,-0.0188029613546543,-0.027115924398096604,-0.02925909733567552,-0.03604305146979022,-0.23016438515397056,0.02564158740218935,0.017292249460337177,0.922557170951497
2024-09-12,0.028877259847831103,0.02150114834993195,-0.004047132636323267,0.001908883462556906,-0.00985299510769717,-0.07137380609475272,0.025261513143507032,0.01762291391239715,1.1775848376600073
2024-09-13,0.011487869031533112,0.023418874839186223,0.021562167524710067,0.014644052397489726,0.00010216140980345633,-0.14373730879617155,0.023195362854657512,0.017013093841029996,1.189230749053628
2024-09-16,0.0063337354049390416,0.04669886428430335,0.03932275278640414,0.021192845118540818,0.005802287170816431,-0.13898391987722333,0.022877111399682525,0.016267230129339984,0.8607588714321344
2024-09-17,-0.008378313612826021,0.00944329082364615,0.021374296631299205,0.012556140103480813,-0.0021292444337675316,-0.13513497419887643,0.022793467284604556,0.01607668653576055,0.6994744173442601
2024-09-18,-0.01743293601603279,-0.01947751422391969,0.020887614655444545,-0.004323716402204834,-0.01737132213756516,-0.12672299193645742,0.023265930555881074,0.016120055390496574,0.7201979523508872
2024-09-19,-0.01653697895981709,-0.042348228588675894,-0.024526624152203604,-0.017865789562673533,-0.031153664791290257,-0.299107969081515,0.026200125473377352,0.016385113363124128,1.5684352484957365
2024-09-20,-0.002056806816357323,-0.036026721792207214,-0.03807130000009404,-0.01828208415063872,-0.03147828927257211,-0.301525923586855,0.026519205717871235,0.01608335025295692,0.9362990215332807
2024-09-23,0.02656818120725507,0.007974395431080783,-0.01783685419777805,0.005994104487252099,-0.002721609703664519,-0.18532804631172567,0.02659396534925516,0.013739990889965085,0.9047356587485269
2024-09-24,0.03187410356781381,0.056385477958711634,0.022415562982861667,0.033974811555966544,0.029962625833782303,0.09089808780284514,0.026973039141354106,0.015485074663342095,1.985405958434714
2024-09-25,0.0026107922559274895,0.06105307703099639,0.042459291254821896,0.030122793832015025,0.03216923905525442,0.18683692984033015,0.027671211661696556,0.0151679732632721,1.369091549340535
2024-09-26,0.03635698081155401,0.07084187663529518,0.09535325102619303,0.06051762491742827,0.0679287070832127,0.394693021159828,0.028565500749782768,0.01716524999108374,1.6151649544198323
2024-09-27,0.009580374645051796,0.04854814771253321,0.1069904324876022,0.06314551931989086,0.07495924360594877,0.5538142203894276,0.02918522289442697,0.017171941248264204,1.0647662250286902
2024-09-30,0.0058177563450750565,0.051755111801680805,0.08624000762542194,0.06184132581128368,0.07743337276642687,0.5906477412850458,0.029255542597595423,0.017107261149575188,0.9399963131337385
2024-10-01,-0.002337284143148983,0.01306084684697777,0.05202861991445933,0.05137203301874064,0.07072883184040156,0.5315331097008902,0.029606883907007095,0.01685473700655454,0.6593266534811866
2024-10-03,-0.02877273933159297,-0.02529226712966694,0.02064508832693887,0.015209960476261926,0.037376510872371996,0.3597909854951365,0.031181170296569125,0.018133960751731834,0.948529991954323
2024-10-04,0.014345985236340888,-0.01676403823840102,-0.0013659072482742752,0.020451569331582122,0.04887134056301807,0.21180508375765997,0.032169894021698064,0.018307083195097842,0.9512579843365807
2024-10-07,-0.05030547266209698,-0.06473222675734899,-0.06125175455542296,-0.03380470150067392,-0.004018272452403021,0.10016638044131526,0.03787572165122159,0.02160688355411986,0.8952993627784315
2024-10-08,-0.0062225911580936115,-0.042182078583849654,-0.07329210205859163,-0.0409828947041932,-0.011851892259590217,0.02717211168518574,0.0398844549262546,0.021474431108850184,1.2506037943068011
2024-10-09,-0.007948100450671937,-0.06447616427086256,-0.07890291836611465,-0.046102970858355206,-0.020479989864320786,0.08249493659751181,0.040315245608980865,0.021494717641146195,0.4718993637161657
2024-10-10,-0.0027660502251761784,-0.01693674183394171,-0.052896229259697704,-0.04576259985327565,-0.024644164726331762,0.11140945852789941,0.03830554473721642,0.021107332015363113,0.5072869875270406
2024-10-11,0.030760044985681606,0.02004589430983353,-0.036482169510357064,-0.012204632684498212,0.004185713729550706,0.19185976690905662,0.038354959132425134,0.02123939011182306,0.9705335642874893
2024-10-14,0.00223586849365648,0.03022986325416199,0.016059171645396265,-0.005441753722589449,0.005247354676613679,0.19938501688539445,0.038242708761432764,0.021114203136626864,0.7858157950670475
2024-10-15,-0.02556025168762844,0.007435661791709597,-0.003278488884138437,-0.02300344364765041,-0.019727556354041952,0.085473020867001,0.038692738445316795,0.02189496971298702,0.7138273913072872
2024-10-16,-0.007820411534348136,-0.03114479472832015,-0.003150799967814588,-0.022511151643343733,-0.027002345783940205,-0.03704775948708175,0.03861166796852668,0.021884634207819914,0.8786285065850419
2024-10-17,-0.016217584026365108,-0.049598247248341644,-0.01660233376900362,-0.03153220128966531,-0.042360706115571724,-0.2299194199588027,0.0370916715849715,0.02183642637487942,0.9681201089985502
2024-10-18,0.00934365004437226,-0.014694345516340999,-0.03801872871031312,-0.014993073144572794,-0.03427165284590494,-0.4361135485426368,0.036840821628793534,0.021590264794205404,1.5808316409720249
2024-10-21,-0.020118858730980804,-0.02699279271297383,-0.06037345593495036,-0.030370866746890414,-0.05357061339140276,-0.6518009372055346,0.038476312503467086,0.022095574454856305,0.9409868786258198
2024-10-22,-0.037545696712709235,-0.0483209053993179,-0.07235890096003118,-0.05919791656087813,-0.0857503034494268,-0.645703134020591,0.041414498450973364,0.02269185775745588,1.1909799541822346
2024-10-23,-0.030594712079912514,-0.08825926752360268,-0.09513320150559565,-0.07886534404713358,-0.10802540040011616,-0.6423845234419204,0.04320905784630069,0.021905099454536937,1.6112109231604603
2024-10-24,-0.00850124667882298,-0.07664165547144478,-0.08741686415805344,-0.0774259855283607,-0.10982928006175754,-0.6186518922717485,0.040974007583804296,0.021809026328321157,0.6871100673037318
2024-10-25,-0.04943915273589091,-0.08853511149462642,-0.14619966693831654,-0.10605024131498646,-0.14374915790262385,-0.6153939974733384,0.04164743806701758,0.02130263522392423,1.2586187853157422
2024-10-28,0.028213157620752702,-0.029727241793961117,-0.09786765058658302,-0.065741150948632,-0.11040947666519842,-0.4520372528990862,0.039797432013441665,0.02262143182141227,0.7710501841382875
2024-10-29,0.009028652810136215,-0.01219734230500188,-0.05129330106373746,-0.04542303766776299,-0.09332036826594352,-0.458982500351365,0.03944589713029589,0.022751899419449446,0.6178827235104118
2024-10-30,0.002761660007551264,0.04000347043844035,-0.017936928976273473,-0.03168739312039394,-0.08181962813526021,-0.35250133393005995,0.03974340771589751,0.022870673025128387,0.8328928095802156
2024-10-31,-0.0024160267874367833,0.009374286030250818,-0.011851709084887295,-0.024186667552013992,-0.07625761846640412,-0.4021359025003989,0.03872260221681143,0.022473143233630484,0.8177061791626324
2024-11-01,0.0171310304365543,0.01747666365666892,0.05471847408755783,0.0022044281934187004,-0.052256678957634195,-0.48119189294512354,0.03768879653478473,0.022629836693886362,0.30175901953014195
2024-11-04,-0.0332428726960081,-0.0185278690468906,-0.006737556229202875,-0.020088617135274486,-0.07644655806123242,-0.49775408547841804,0.039734097812691146,0.021241940463746785,1.4950386687164705
2024-11-05,0.039845189519372236,0.023733347259918346,0.02407898048003294,0.02262135797381608,-0.033875135663249345,-0.33621184423281164,0.03967048924788568,0.023733194797263785,1.5418509780786451
2024-11-06,0.04422800254203731,0.05083031936540149,0.06554532301451903,0.06357953316946495,0.012470966401553067,-0.15657864740242872,0.03988561300281352,0.026152883443672243,1.5658448818584207
2024-11-07,-0.0042871483341492276,0.07978604372726039,0.0636742014678065,0.053395615097085125,0.010869959309362362,0.03729438878366722,0.03953585184950484,0.026155806036440132,1.2645362528809583
2024-11-08,-0.04264418727310331,-0.0027033330652151007,0.0038989837581489876,0.0036508997698975875,-0.025011845252733426,-0.0595928861277487,0.04326440362122711,0.026376014786363075,1.5450586513553228
2024-11-11,-0.019821237823894777,-0.06675257343114727,0.01732061863026217,-0.01706499816489751,-0.036822472224551546,-0.04459243753227966,0.04226297935539016,0.026462193691460825,0.6006263004638035
2024-11-12,-0.01495294936706896,-0.07741837446406706,-0.03747752025617881,-0.03038695036241571,-0.04445860752691355,0.031056110740138792,0.04127303798177703,0.026183532431303638,0.5193720056757226
2024-11-13,-0.02196132517457335,-0.056735512365537054,-0.10366684797278958,-0.04793968547949805,-0.05802873708157467,0.0076045203416582295,0.04302085467664465,0.026401067029430427,0.9173305027028247
2024-11-14,0.0013420027310037045,-0.035572271810638614,-0.09803769690763671,-0.043473110339891985,-0.050360504354712086,0.15708449684814765,0.03998696606703984,0.026389960960013354,0.6288202596999629
2024-11-18,0.008281129921689083,-0.012338192521880625,-0.04711237971284436,-0.03139359601378155,-0.03580772592484942,0.15235785841343968,0.039137803158417715,0.02635705133149089,0.9970108336228708
2024-11-19,-0.01177432576201737,-0.002151193109324629,-0.03906546765096693,-0.040712716446316556,-0.04093973315189091,0.06634531209165871,0.03953725866484854,0.026199608269086686,0.6987866275467322
2024-11-21,-0.007746347034146084,-0.011239542874474418,-0.03185886531804411,-0.04156482556886181,-0.04372788792479098,-0.05153263311273065,0.03956052588627081,0.02515678357177295,1.107051826074269
2024-11-22,0.02005258946906823,0.0005319166729046864,0.01015504932559744,-0.01268812928664714,-0.022117831199508723,-0.06380518929088211,0.038711830303479536,0.024974963448970475,0.8332717712734372
2024-11-25,0.011105318420493948,0.023411560855416135,0.019918365015087793,0.006501790268536532,-0.00989328315722125,-0.03326412287740681,0.03826551713695521,0.02510301305853442,0.8749030511942839
2024-11-26,0.015136038684321803,0.04629394657388407,0.026773273777720725,0.02400215042484003,0.003313220388610287,0.08075749158404917,0.035797521792424056,0.022617236613619803,0.879094147278785
2024-11-27,0.0037054423161013645,0.0299467994209171,0.04225304185583934,0.027467486961714044,0.006344841527875853,0.03825876657882603,0.034141441120262114,0.02176522646470769,0.9292321876266558
2024-11-28,0.00017201398890216767,0.019013494989325322,0.05017140287888762,0.025731506985976597,0.0062697203738125975,-0.030760384909933693,0.03126073454049823,0.021676525926135247,1.0519207253293616
2024-11-29,0.007112578923768419,0.01099003522877175,0.037231392333587576,0.028137485225368554,0.012979031913187701,-0.10928505908034737,0.029837621643761483,0.021724884102275844,0.8985802270452278
2024-12-02,0.016681894766495065,0.023966487679165503,0.042807968679588616,0.0388296334847209,0.028537884414187326,0.17042276657608682,0.026392803741612667,0.022009518309169945,1.0316916346551521
2024-12-03,0.03068004861976091,0.05447452231002428,0.05835197861502775,0.06191248497700144,0.05827906013223704,0.3673220497970084,0.025828053587718284,0.022715800843783336,1.5905826377934071
2024-12-04,-0.005062078518335702,0.04229986486792021,0.04958445778059067,0.04684541095406398,0.0491963836152279,0.5153330248482914,0.02520491431502482,0.021234110848924945,1.1973335179332938
2024-12-05,0.0024525927490080283,0.028070562850433283,0.05186503654069655,0.038840970948623016,0.049996368420884764,0.7259312900101349,0.024583269296687898,0.019436024878051416,1.1411842454841283
2024-12-06,0.011527948696676296,0.008918462927348427,0.05628040631360447,0.04111866764393828,0.062170710458904446,0.7303970783462893,0.024359160236843813,0.01687050410520909,0.9082217002672219
2024-12-09,0.017919043969289776,0.031899585414973924,0.057517555516399185,0.04932569333466096,0.08009281159200778,0.7388972707243551,0.023960532001104727,0.01729879979654374,1.1030194474776784
2024-12-10,0.005376800046876939,0.03482379271284299,0.03221430694351535,0.04543318699582628,0.08193197202205851,0.8441614347995952,0.023268779796235876,0.013906013835587719,0.9843326667206552
2024-12-13,-0.035433923052879575,-0.016297973181969537,0.0069978708341974175,0.002644072361269197,0.04692539493551332,0.7028224087064308,0.026422160795096943,0.01412650928281096,1.5788109868064397
2024-12-16,-0.009260505618624612,-0.026661887365793526,-0.02018167875371705,-0.010201488476551095,0.03217777365627267,0.6357377456099749,0.026228804847139058,0.014486426896205353,0.3829613603743642
2024-12-17,-0.020432165814085673,-0.06512659448558981,-0.04599064461467965,-0.02891365782653754,0.007792936568602157,0.5570678055253918,0.027737471716175806,0.01552969976955968,0.4974644111043833
2024-12-18,-0.010792104524368126,-0.04048477595707825,-0.05788615770424725,-0.0375160672792544,-0.006480556953464528,0.4461048598029842,0.029463313300567683,0.015480103387345316,0.742020156138286
2024-12-19,-0.007540210369701763,-0.03876448070815551,-0.08345890937965954,-0.04200634579777672,-0.0173335996958038,0.3605689913311741,0.0302930160170301,0.015472206256269917,0.704696000638325
2024-12-20,-0.02391506188158895,-0.04224737677565879,-0.07194004820836898,-0.058737697006304435,-0.04184995577358067,0.24486183226849703,0.03231820104468227,0.016125314579844133,1.4000375632811455
2024-12-23,0.04290771739154733,0.011452445140256692,-0.019771825198197042,-0.013520415912729334,-0.0027648082927284466,0.2456639143617876,0.03179187637622069,0.018519983334905992,1.539279920815949
2024-12-24,-0.017732020542586328,0.001260634967371993,-0.017071679926697735,-0.024705920403062527,-0.02159218693774908,0.11400761741781863,0.03271459934962459,0.01884360341710849,0.9740132604246858
2024-12-26,-0.012423644103847109,0.012752052745113865,-0.018703219506176837,-0.029305001727829964,-0.03420017114393049,-0.01667035955019216,0.03349410626431057,0.01908225552171118,0.8894060353699644
2024-12-27,-0.01767368793519546,-0.047829352581629,-0.028836697071670598,-0.03537702156740189,-0.0508271194813842,-0.11348958517088618,0.03419643728813284,0.019514127817167642,0.4539907546690388
2024-12-30,-0.033444964225858215,-0.0635422962649008,-0.03836659941593984,-0.05684424647902846,-0.08001396892282008,-0.26836888114300406,0.03575584293368552,0.02076777559077043,0.9034205086945817
2024-12-31,0.012452325736561166,-0.038666326424492435,-0.06882199107092594,-0.036502693659808606,-0.06619892327369419,-0.40587715308786754,0.035294418236816665,0.020584484350308598,0.7089904505223841
2025-01-01,-0.0017694480680123168,-0.022762086557309325,-0.05285941859635192,-0.031458520415039735,-0.06404104307121361,-0.43163486335920564,0.034414492072032524,0.019047843586970637,0.6987274687372704
2025-01-02,0.010044102738747248,0.020726980407296106,-0.030391671753757562,-0.016841379037591662,-0.05140874083707503,-0.6196279128911647,0.03266791322378357,0.019308964452900246,0.8345046130784796
2025-01-03,0.0008762735845992022,0.009150928255334085,-0.011841710233962941,-0.011942908180586763,-0.047289262610360844,-0.4451070465778039,0.029498622122948567,0.0192868931694082,0.9885365171219797
2025-01-06,-0.033397297637886035,-0.02247692131453963,-0.011794043645990737,-0.039675806509088245,-0.0733740123605766,-0.46885317815340954,0.03227935915562632,0.020044684601261638,1.7220643666662772
2025-01-07,0.009464285828104121,-0.023056738225182706,-0.014782083554447777,-0.02227871318537939,-0.058772841678507555,-0.45838435122759674,0.03045663891482987,0.019603420762717746,0.7239690508941131
2025-01-08,-0.015459348518072699,-0.03939236032785455,-0.02847198400450816,-0.029359726855784134,-0.06649202148250621,-0.45279048897919694,0.029577534850482756,0.019510477378975582,1.320893901139588
2025-01-09,-0.013760397085400528,-0.019755459775369043,-0.05227648382865588,-0.034659832927165034,-0.07187281179958133,-0.4472865282231416,0.02950569879548942,0.01945977791751252,0.9211785752751566
2025-01-10,-0.020813701037038737,-0.050033446640511854,-0.07396645845029375,-0.046467078779135855,-0.08184825378078812,-0.4444544794384566,0.029210068971861704,0.01865039378970581,1.341985530510662
2025-01-13,-0.057652334078640656,-0.09222643220107982,-0.09822149489104834,-0.090363830050209,-0.12392726306680353,-0.719252668025332,0.03155731692291462,0.020790049877046347,1.4509294733252054
2025-01-14,0.05623659732344259,-0.02222943779223668,-0.051449183395709926,-0.03136095174278426,-0.06600098774334998,-0.511893796774147,0.03199714228608793,0.025667559070557684,1.1559898755465103
2025-01-15,-0.006348009199120394,-0.007763745954318346,-0.04233784407675765,-0.03064421976398134,-0.06535665011677819,-0.3799990941935738,0.03233668733196232,0.02549366474835558,0.6341087045880636
2025-01-16,0.021718487959314522,0.07160707608363663,-0.0068589590320426745,-0.0033463230742923557,-0.039592734933373085,-0.2693586127164177,0.031615380174811115,0.026266393640606213,0.6754283431202076
2025-01-17,0.012018304623566031,0.02738878338375998,0.02597304662856204,0.013731294167815048,-0.023580513052302094,-0.14066448391478686,0.02991834063989712,0.026545577312488862,0.6410727120890733
2025-01-20,0.009602774696166537,0.04333956727904691,0.0932281554033691,0.024037485584220357,-0.011395841821138302,-0.02054047965626367,0.02974943322460382,0.026307898958989807,0.9321330415279047
2025-01-21,9.090735565957585e-05,0.021711986675392102,0.03708246543558602,0.025650554918798692,-0.006249423484757305,0.031022612036026374,0.031170361479486427,0.024040673579591547,1.4408469256151135
2025-01-22,-0.025625827109959608,-0.01593214505813356,0.01780464752474672,0.0021896726020414177,-0.026124582860424145,-0.0773901817653342,0.03418700353185403,0.024325568465145796,1.0325707642218591
2025-01-23,0.018868475541046193,-0.006666444213254004,0.014954635106478507,0.020438703690088853,-0.003747130443768184,-0.08960836178459913,0.03416973646402734,0.02484363490547368,0.673346099911481
2025-01-24,-0.008927392239844888,-0.015684743808758516,-0.005991061756932414,0.009349822700110628,-0.009273457863004656,0.07263146557987127,0.033597900486258415,0.02466155671145936,0.9816389493777753
2025-01-27,-0.04480901106270671,-0.03486792776150554,-0.060402847515805685,-0.03787835481776038,-0.04907255772872347,0.03563877170551308,0.037540905878780916,0.025509208644751223,1.1274358636038322
2025-01-28,-0.005720729618343913,-0.05945713292089554,-0.06621448448980906,-0.04065378550002979,-0.05000327849160389,0.052932647494360906,0.03871477729351856,0.02521961422194683,1.0724447301508406
2025-01-29,0.014672127104186455,-0.03585761357686429,-0.025916530275663124,-0.025701824489376357,-0.0321309142857757,0.16962046864614194,0.03797979066460695,0.025587791342246324,0.934910417192893
2025-01-30,0.010390444459088875,0.019341841944931316,-0.03439456135762034,-0.013619443391296627,-0.018096999381511734,0.34216494221346067,0.03636794553723355,0.025597873037077157,0.9285727726800693
2025-01-31,0.01860255527952542,0.043665126842800585,-0.006864613838249886,0.006209772053093147,0.003488800155414433,0.5551076993384573,0.034274813371319775,0.026075429091222797,1.2057141301050038
2025-02-01,-0.008412792789037046,0.020580206949577223,0.029531604435419724,0.0009114071741072385,-0.0031067812360673864,0.3930264893836838,0.03298869884667506,0.025125835722543465,0.9599316012859874
2025-02-03,-0.04081032270558439,-0.03062056021509601,-0.005557988651820764,-0.03219398556996942,-0.038833884274899984,0.23101325987209392,0.03638129607494844,0.026421751335855972,1.241762038125914
2025-02-04,0.042217354829048,-0.007005760665573469,0.021987239073040885,0.009940361749420737,0.004065961536947966,0.24513802854436817,0.03609594187660925,0.028226411552326514,1.026897407260587
2025-02-05,0.020045209731120294,0.021452241854583862,0.03164200434507221,0.030681818115314917,0.024116225086996564,0.2608699056447897,0.03567492218014091,0.028459958938568664,0.9015000628030495
2025-02-06,-0.00793284415203516,0.05432972040813309,0.005106604913511477,0.022721934050600866,0.01509294779438264,0.14845119875483392,0.03592597933894023,0.028101280771988382,0.6853029288059991
2025-02-07,0.021439208474419623,0.03355157405350457,0.03495860617696832,0.03811051297341471,0.03212772943979304,0.17636471426372055,0.03546826305725128,0.02479696058699926,1.5155625568862339
2025-02-10,-0.04771207926467835,-0.034205714942293984,0.028056849617874243,-0.012431441244538202,-0.01563857569850972,0.16497374890756064,0.037120054792658834,0.02435277897217571,0.9899797955476995
2025-02-11,-0.05030301820776832,-0.07657588899802699,-0.064463523418942,-0.05703780529025455,-0.06165125058216293,0.022079722850641303,0.04082042459812991,0.02678612883025028,1.231477299063136
2025-02-12,0.055707649262541965,-0.04230744820990472,-0.028801083887520302,-0.0032987784121319454,-0.007070221500435109,0.17273842746597864,0.041107748188664334,0.02936007717836195,2.147830996661005
2025-02-13,0.0332930516985966,0.0386976827533703,0.01242481196311154,0.02860102664873216,0.02629816523391454,0.35603587500394585,0.04044114481179226,0.030222803671616862,1.263803236037225
2025-02-14,-0.03367137510210444,0.055329325859034106,-0.04268577161341247,-0.00468892060125482,-0.005742071435797974,0.25731614526448354,0.04518427858884106,0.031054357151626792,1.058740518047285
2025-02-17,-0.0036012289278385618,-0.003979552331346364,0.0014250787234273371,-0.011115931983422658,-0.007191816400849792,0.1649714207974108,0.045957618048531365,0.03105268595687069,0.4803207752397904
2025-02-18,-0.008964349475585552,-0.046236953505528644,0.04276374745561003,-0.017829403607765904,-0.014793638052792817,0.07850472548724781,0.04722675940362073,0.030609059029555213,0.45036527195831993
2025-02-19,0.02029274383986841,0.0077271654364442326,0.0073488420329364985,0.0044882871141928675,0.006642939277379098,0.06231844213148193,0.04601656212925139,0.03066002053241022,0.5129644384182561
2025-02-20,0.030598049439774202,0.04192644380405681,0.004653839774113758,0.03388548001230648,0.03710202793185865,0.15377015416010906,0.045280159794285825,0.03140130748939223,0.7858337186356351
2025-02-21,0.02623699220560988,0.07712778548525237,0.06456220708182832,0.058938460610873926,0.060003608159145363,0.3420139894047466,0.04422161872434907,0.02995971737925369,2.316949043033465
2025-02-24,-0.04118791384919107,0.015647127796192862,0.026975522160475777,0.013325589243610813,0.014670098399016705,0.20825038118217065,0.04615365628919938,0.0315905117836154,1.1397814749054993
2025-02-25,-0.019032191581484545,-0.03398311322506564,0.016907680054576844,-0.011470917208733606,-0.005302795443475263,0.10599678384684637,0.047524865570083154,0.031807774104608125,0.8409474187160131
2025-02-27,-0.0017911554504803876,-0.062011260881156,-0.005176219235771916,-0.013451214092051435,-0.0073293171426696575,0.07448916004765166,0.048176213501657655,0.03173220939172046,0.7788653821909093
2025-02-28,-0.009099692396310545,-0.029923039428275424,-0.044873961071856656,-0.018449693964993935,-0.015209832207817029,-0.0743022257714992,0.04898388321691574,0.03149268620095318,1.0141405111530446
2025-03-03,0.01267880079474866,0.0017879529479576715,-0.05843215248271799,-0.0065291282040292045,-0.002564881203705329,0.03653431297458681,0.04773546441530088,0.03158912590485945,1.0432935991204666
2025-03-04,0.01214858710096218,0.015727695499400098,-0.005095651532564731,0.0034299108411244574,0.007081202008668962,0.161050325762332,0.04642261341676736,0.030183575335748718,1.1322789183405846
2025-03-05,0.04424171085232595,0.06906909874803652,0.05817825090124557,0.0409227910567316,0.04976420254532023,0.14376307347050626,0.04344874715057558,0.030326588780118867,1.4686154483390577
2025-03-06,-0.004988822149686085,0.051401475803601965,0.054980584202039974,0.03055687845022565,0.043017401646862866,0.14365018966489942,0.04216691694606926,0.030087353174595426,1.1535268867775972
2025-03-07,-0.009511947975795325,0.029740940726844453,0.05456832862255519,0.019796432117604183,0.031735332920172214,0.17652609407534756,0.038667148258859106,0.030115241074137624,0.7523595119163461
2025-03-10,-0.0333700812578829,-0.04787085138336427,0.00851944656992373,-0.008668519091347394,-0.0007080221166920585,0.14100567954058307,0.041730498248334705,0.03067837222259291,0.8307366286684033
2025-03-11,0.007985212981489695,-0.034896816252188455,0.004356072450451322,-0.0006469522402313005,0.00592128455682263,0.07937204024596511,0.04170907187614817,0.028718647946474742,1.0622402860223787
2025-03-12,-0.01368793893002436,-0.0390728072064176,-0.053573577331898894,-0.01467906461945261,-0.010809075910616056,-0.012939024246267649,0.042417843172509004,0.026317000545770124,0.8483664673223781
2025-03-13,-0.007245445906576336,-0.01294817185511097,-0.055830201088789146,-0.02171101324711062,-0.01801405376567401,0.017238783996816096,0.04222038484483495,0.02329981192389571,0.9866400398025754
2025-03-17,0.0023581293850735707,-0.01857525545152712,-0.04396012372792038,-0.02041497591932051,-0.014237581896734781,-0.15591145740735712,0.0393415895283327,0.02196662683835998,0.6532711913322793
2025-03-18,0.0,-0.004887316521502809,-0.010590042470037392,-0.020216038025933025,-0.014434377201632289,-0.09328650711068817,0.035902734360746015,0.020618564726963332,0.0
2025-03-19,0.06466221000047567,0.06702033938554933,0.04608695454894865,0.039885393900186555,0.04755782038434318,0.10406365724833137,0.03653753578587262,0.025115423498991693,2.136586328316621
2025-03-20,0.006426348606028779,0.07108855860650466,0.06620124208500178,0.04521690683545028,0.04966472389644239,0.21866930297576503,0.036309750109721,0.024944876259546073,1.0412310867227943
2025-03-21,0.011689956248079504,0.08277851485458404,0.08513664423965761,0.05428713415943244,0.05773512664153359,0.3627256802023291,0.03468592432476202,0.02472938540808534,1.1428269508652351
2025-03-24,0.01668561111048574,0.03480191596459412,0.09946412596506966,0.06585689917017597,0.0718938254181422,0.37485367311102835,0.033356493461977436,0.024128887650850587,1.1119898895474132
2025-03-25,-0.021903098773230947,0.006472468585334173,0.07756102719183883,0.03576874463916958,0.04774209983242537,0.25298397186420074,0.03347864550178301,0.024117278441755433,0.6930072680197008
2025-03-26,-0.01236906087948967,-0.017586548542234823,0.0005297563118733368,0.018291328389531368,0.03246680728304327,0.10699012416026023,0.03238213195790739,0.02226288198570891,0.6906184370849044
2025-03-27,0.005194342740904176,-0.029077816911816413,-0.0007022495532511985,0.016994566211411526,0.03421030911113488,-0.04259530556271557,0.03121080242070545,0.021693254606431095,0.6882983146468938
2025-03-28,0.011350897184495364,0.0041761790459100764,-0.0010413086168352481,0.02014068757651014,0.04166481965057168,0.10237672891475696,0.030759309111798774,0.021723401107247735,1.1684456664150629
2025-04-01,0.014651560976698825,0.031196800902098396,-0.0030753587506222395,0.025443016081581747,0.051400556464383566,0.23397443252561373,0.029193558268179147,0.021609154587053345,0.8951502632815184
2025-04-02,0.015451585856454987,0.04145404401764911,0.03427932587906358,0.03006005677748689,0.06187882039144651,0.4172629480219871,0.029185218772767148,0.02166746629325996,1.167889153111469
2025-04-03,-0.0013488497358877473,0.028754297097266002,0.04529953702266562,0.02395328841942317,0.055311721850237874,0.553629036175785,0.028471400028293868,0.02165930702981562,0.8094954124511503
2025-04-04,-0.05140877877102307,-0.037306042650455805,-0.011303584489261729,-0.02621272433894344,0.002399131858683164,0.3423369575712141,0.03148312456917161,0.023012946292609623,1.5587610521459796
2025-04-07,-0.07341139597178718,-0.12616902447869796,-0.09606587764554435,-0.08671137754743258,-0.06549905415841444,0.2932464086385835,0.04001174163008131,0.02828132660077789,1.2519328535167824
2025-04-08,0.0019097531715434979,-0.12291042157126672,-0.1088076854506995,-0.07494502155765727,-0.061163583018232714,0.33520694334370094,0.04360801431938496,0.028266515874760093,0.8916617763723347
2025-04-09,0.0013346089568005066,-0.070167033843443,-0.12292466235035378,-0.0656875403131008,-0.05894055735071677,0.15012397210676112,0.04083479355838805,0.027342450391311186,0.8534496893953952
2025-04-11,0.031599758790828325,0.03484412091917255,-0.08997605382363781,-0.03142463729753085,-0.028819891187413967,0.1396806185272942,0.04082385699525658,0.028249512396762818,0.8219574611016954
2025-04-15,0.04432337711064177,0.07725774485827071,0.005756102058027132,0.01304209385359612,0.012204568383694535,0.11651021147235767,0.04090822712912385,0.029700562805464275,0.8421088586170408
2025-04-16,0.01793968823256521,0.09386282413403531,0.0971071862623794,0.03126904821126784,0.026211604012962738,0.0908904260373886,0.040831371194514174,0.029777223620454804,1.0027665748948245
2025-04-17,-0.01168995624807936,0.050573109095127675,0.08350747684275649,0.02195279096094434,0.010767567556308612,0.09614514791998857,0.04070976991141472,0.029989301108523513,0.9617869656941126
2025-04-21,0.017656429095451242,0.02390616107993717,0.09982929698140716,0.042691051942446316,0.024298232791857183,0.21361404968494696,0.04082864066493645,0.030138671122090673,0.9349440733828294
2025-04-22,-8.611842580986989e-05,0.005880354421561953,0.06814341976476909,0.0450061372062229,0.02296788313490362,0.3385864671379602,0.04153424802251925,0.02659862295271608,1.223307966846035
2025-04-23,0.006702739178958041,0.02427304984859939,0.030522781833085193,0.04810549603112845,0.028577482497070632,0.21030663885942202,0.04150760297109969,0.026601552989985643,0.797706283300724
2025-04-24,0.01081828632506993,0.017434907078218164,0.023401379925589917,0.04691283654242982,0.03851654815473801,0.21405102661813516,0.04003824288478231,0.026584193828146703,0.9110747025965278
2025-04-25,-0.02766026674892353,-0.010139241244895557,0.007431069424745807,0.009416275440818743,0.011265635283936874,0.050970143609421543,0.04241168457758612,0.027066969807152053,1.2383381055478506
2025-04-28,0.016927589730947414,8.560930709400456e-05,0.00670223006024212,0.01610697323066426,0.02759283023995512,0.03807595671754513,0.04204846985676503,0.026884285767695054,0.5884356035045799
2025-04-29,-0.012842246071819047,-0.023574923089795082,-0.00605389758576712,-0.0028803318699949067,0.013593091224509761,0.12222208487854785,0.04059061199608304,0.026896777711047523,0.7641432659953774
2025-04-30,-0.013712548411606877,-0.009627204752478469,-0.026469185176332066,-0.01685124010654566,-0.00013626807160951114,0.19116182991969538,0.035893310217580916,0.02706852728094172,0.7063423198670954
2025-05-02,-0.005555799010748093,-0.032110593494174056,-0.04284327051215013,-0.020418027510591515,-0.004757023786220388,0.06520514335818675,0.03558163489002679,0.026956695061047368,0.8736808526809169
2025-05-05,0.015008787154613668,-0.004259560267741265,-0.00017421660861288357,-0.006319266350311952,0.011223073688214628,0.1886389812519539,0.03385685026806189,0.02696767182826204,0.8882684224608541
2025-05-06,-0.028452133135019316,-0.018999144991153766,-0.04555393947457967,-0.030483651996672908,-0.014046518113552947,0.04982982640968956,0.03448187267321989,0.02735057938196537,1.1519062300980507
2025-05-07,0.018735246296824163,0.00529190031641856,-0.013976447105936285,-0.01016997732357246,0.00676162010332028,-0.0920487870619742,0.03323237389968785,0.027783435305822817,1.1699122607289443
2025-05-08,-0.03984018108713398,-0.0495570679253291,-0.040104079781463534,-0.042560656467112545,-0.03111793954509829,-0.24690456144249281,0.035877746773438635,0.02680591228783062,1.033958919677013
2025-05-09,-0.002107647045202232,-0.023212581835511982,-0.036655927815917526,-0.03696306919742045,-0.03503218389648376,-0.2252809033668042,0.03613691774385655,0.020811927146170108,1.0520016822700389
2025-05-12,0.08127679929050823,0.039328971158172146,0.02961208431997712,0.041422604245718066,0.04049699809631499,-0.18136389061913122,0.03639087227887576,0.02732978443252608,1.5933459037961557
2025-05-13,-0.019126263840652736,0.060042888404653307,0.038937953614343476,0.022386729944982472,0.015855209741545407,-0.2501635815876405,0.036982754780405594,0.027891543989753822,0.7990004326968605
2025-05-14,0.05598914053999982,0.11813967598985549,0.07619184785751923,0.0742556673172501,0.06765063236569953,0.014478624581040975,0.037315426765981825,0.029596973062268415,1.8259342285999476
2025-05-15,0.00016301301479999686,0.03702588971414713,0.11619504195945332,0.06603878229307072,0.06345173416662651,0.012229400159286143,0.03710559179885932,0.028219560654356483,0.7583742106168707
2025-05-16,-0.0017945432893920412,0.054357610265407856,0.11650814571526354,0.05550724124300406,0.058252299136368986,0.06632459555663943,0.03426797749972493,0.028051272203017567,0.6026332441367835
2025-05-19,-0.0030255150736280224,-0.004657045348219966,0.032205831351127125,0.04572196486576108,0.051353685744590365,-0.03310391025433745,0.033991592621805095,0.02787850184428128,0.5625114024144129
2025-05-20,0.0033519837084699964,-0.0014680746545501033,0.05468407890024977,0.03948549791538072,0.051926616540108515,0.15501294986822642,0.033866182612779364,0.02767772190806401,1.389930888462672
2025-05-21,0.019078995535128904,0.0194054641699707,0.017773933895378697,0.04953522231332826,0.06810812345124881,0.27670132328004343,0.03321473258489761,0.027905608884031704,1.1141152149884368
2025-05-22,0.006863029594531899,0.029294008838130627,0.02447395047511049,0.042309101266464956,0.07134945710858238,0.3956358683328594,0.032232030986994044,0.02790654064104217,1.0254767736487531
2025-05-23,0.001430506456570478,0.02737253158623109,0.027699000221073057,0.02937210523847933,0.06928894684987869,0.4008250206703633,0.03166976017161515,0.027859505745696643,0.6313126398565463
2025-05-26,0.014741525203915896,0.02303506125501806,0.045466040498616904,0.03656659839859279,0.07922086598975683,0.5429612135640616,0.03014990775744571,0.026984247319845275,1.427630156907887
2025-05-27,0.00616297729516865,0.022335008955654944,0.048277034085315584,0.032439391515117606,0.08050421555744339,0.6479336375902023,0.028892515101377622,0.026848294172410046,0.8090312898204223
2025-05-28,0.0029510097815991783,0.023855512280683666,0.03214904833178598,0.03029530331213451,0.0775041154037502,0.7495602110702677,0.026863257257431196,0.02653194757779304,1.150352803370482
2025-05-29,0.007724516835196742,0.016838503911964824,0.03301053557245098,0.03229710611962398,0.07853765855582891,0.852442610641036,0.02661807783874241,0.0261405166541405,1.6244857156126504
2025-05-30,-0.006020069178666079,0.004655457438129955,0.02555995993721453,0.02066934317149589,0.06494969473556829,0.7651935210128914,0.02260964824230576,0.026152156669111127,0.4686365008457969
2025-06-02,0.01162133514237945,0.013325782798910201,0.022439769875678115,0.02564703222393547,0.07038282515101038,0.6267610012926369,0.02328847661781689,0.02610613906460298,0.9581194465630976
2025-06-03,-0.003679468524840704,0.0019217974388727257,0.012597324055668883,0.015750002672609294,0.058372735287872235,0.606166082535702,0.021388519968529984,0.024922035871593508,0.8689426274354324
2025-06-04,0.012364663164014553,0.020306529781553315,0.02201097743808408,0.022841930483632835,0.06369422263385958,0.6025723351303444,0.02140201750487523,0.02481438356513817,0.6067139250855019
2025-06-05,0.00966255549296084,0.018347750132134716,0.02394901609584809,0.026901044569955308,0.06377789470059328,0.6998976810000712,0.021346462097509143,0.02218303598264585,1.1546999653974324
2025-06-06,0.014395195878670925,0.03642241453564641,0.044364281153185074,0.03451179134135529,0.06809246737292655,0.7734671753791261,0.02113658687868447,0.022019935510409382,0.890795558201179
2025-06-09,-0.009000694176376119,0.0150570571952558,0.02374225183442959,0.020520187704352995,0.05203578737246028,0.7560793582548015,0.020874018274164175,0.014891522188143104,0.4928317655153601
2025-06-10,-0.00674774451375327,-0.0013532428114583514,0.02067397584551706,0.010305892404491776,0.038053275717094374,0.6751973972534617,0.02081115532977196,0.01401528328851509,0.6928592399179216
2025-06-11,0.0016537020149509558,-0.014094736675178314,0.009963014696453444,0.008765589769846243,0.03553802315796729,0.587092806898666,0.01991308040177611,0.007922964008776298,0.7612996052235389
2025-06-12,-0.024172679852060553,-0.02926672235086274,-0.023872220648567855,-0.015334063751193078,0.007956897018349578,0.4917550900591584,0.021785226750513448,0.010122087253816968,1.1199019143244942
2025-06-13,-0.004781642614287553,-0.027300620451396983,-0.04304905914152641,-0.020157352133878176,0.0004834756076172115,0.36936608353868167,0.022237528227704726,0.010216261717085015,0.8804320441598436
2025-06-16,-0.003329952422501744,-0.0322842748888498,-0.037378317387652016,-0.0221035926199465,-0.005461824882753807,0.28628125995230336,0.022610895140060185,0.010225509163675041,0.6847042838532136
2025-06-17,-0.015713844965714683,-0.023825440002503973,-0.04634441783961352,-0.034934291367533045,-0.02262269703233259,0.15500468028865655,0.023391118331257423,0.01102065839765835,0.9234524448460452
2025-06-18,0.0009451083471232113,-0.0180986890410933,-0.047053011507441365,-0.030482948579394854,-0.022507794349655722,-0.11369041425971176,0.022767359785438583,0.010239050555205452,1.2967731024380103
2025-06-19,-0.01491024921860155,-0.029678985837193122,-0.037790580873982384,-0.038993126006330966,-0.0367556715683222,-0.11097313840622348,0.024005441908969576,0.010713008796951577,1.2318234334863003
2025-06-20,0.018446501730604713,0.004481360859126257,-0.01456243652909019,-0.015385515691626576,-0.019410980543502314,0.07896847007670658,0.02247968255357055,0.011499097247252302,1.1636841242624254
2025-06-23,-0.006927063603882488,-0.0033908110918793974,-0.018159547710470965,-0.01669142031034151,-0.02573420600775277,-0.0011429302605958469,0.022150727385003594,0.011112417786284374,0.7264673961164512
2025-06-24,0.03217821474684303,0.043697652873565196,0.029732512002086764,0.01719449226859512,0.005290250698126111,0.05134394637266795,0.023498087295125494,0.013247017116041985,1.6765050566890083
2025-06-25,-0.019151287530009466,0.006099863612950997,0.009636116124953978,0.001710331962230019,-0.013513677066527641,-0.15302489437106304,0.024665279908471494,0.01396357037182179,0.8950782100036574
2025-06-26,0.040940458634063516,0.05396738585089696,0.06548682397761894,0.040605485413502014,0.026267190385570856,-0.09034095192858359,0.025199374081297188,0.01667650698966187,1.6374283959298217
2025-06-27,-0.014473274163134247,0.007315896940919793,0.0325670480838801,0.023779341051163302,0.010542771405003868,-0.019620536457407526,0.026922639119622477,0.016978547670980948,1.1092473211912774
2025-06-30,0.0021996485284561424,0.02866683299938549,0.04169376021621884,0.023590977165996327,0.012263186627474913,-0.008889669345846585,0.026343968702788483,0.01679708260266456,0.44108535467520704
2025-07-01,0.0101760410339987,-0.0020975846006793496,0.019691586503374672,0.028929493621689055,0.021390700816901323,0.1276597629512473,0.027196835724487504,0.01690125793126843,0.9079262242185189
2025-07-02,0.03057612566448497,0.04295181522694002,0.06941899969786906,0.05238979599632755,0.05082927409562962,0.3395077533421505,0.02682986568308596,0.017990597965861548,1.5659106718884503
2025-07-03,-0.007153804968063233,0.0335983617304205,0.021324736095742525,0.03588800534130657,0.041988697745348365,0.4756706717553283,0.02731030290434857,0.018011419174533104,1.3574862441007356
2025-07-04,-0.013126050906798395,0.010296269789623292,0.02267195935207835,0.016793092928990293,0.028526495836062007,0.4646021885222021,0.027681740537631505,0.018006177753859,0.44256392662976973
2025-07-07,-0.009321819216199081,-0.02960167509106062,0.01115049160742315,0.0021624557850542787,0.01912335715263662,0.480918873413616,0.02728809668279053,0.018014655998305165,0.3366916749798471
2025-07-08,0.01176832848693713,-0.010679541636060226,0.012742779060361628,0.01075493405753161,0.03035364057989883,0.5910629813934147,0.02724917043058822,0.01813231420390851,0.66401452473311
2025-07-09,-0.008701088886487374,-0.006254579615749252,-0.02653443549061085,-0.0021985277590469768,0.021142965397590075,0.5697359949522294,0.027823426965567066,0.01825381360057009,1.0743023213765723
2025-07-10,0.006699792804600729,0.009767032405050695,-0.012680837717946777,0.003641286223247305,0.026125093868323557,0.5615989698825302,0.026927488653294106,0.017361278385945245,0.7975164825261511
2025-07-11,-0.0033442280020943506,-0.005345524083980905,-0.002899014813242731,-0.0016646957505512293,0.020764145627113463,0.5682467936113019,0.027448402942139242,0.01733548022569669,1.077786382935917
2025-07-14,-0.0010428139196675063,0.0023127508828391053,0.005379990483288873,-0.004333171443538952,0.01766254740411959,0.4751090436066602,0.02551819467709053,0.01730676122176228,0.6013786050551393
2025-07-15,0.005128776437627039,0.0007417345158654641,-0.001259561566021204,-0.00035574646768659664,0.019813318670038018,0.515062256665987,0.02486338219969539,0.016803992399107254,0.6931078413349223
2025-07-16,-0.009684919453638243,-0.005598956935678536,-0.002243392133171981,-0.007120648191641771,0.0074894439774864175,0.37444721453857854,0.023308675222965317,0.017040367331650437,1.0775405251591685
2025-07-17,0.00014977012049338558,-0.004406372895517829,-0.008793414817279568,-0.004826822934394025,0.004439609665516398,0.3262127414785834,0.021722640090975326,0.016555738795287583,0.8903901183742495
2025-07-18,0.02110791214815853,0.01157276281501376,0.015658725332973463,0.015094357188581797,0.022419043096857896,0.43277915065137906,0.022216419739528717,0.01669428627261903,1.5059437848910808
2025-07-21,0.003584610183522079,0.02484229245217399,0.02028614943616282,0.01611655850222921,0.02213098147271901,0.42274575564478484,0.02168313127485136,0.016516573989217638,1.2742648723286545
2025-07-22,-0.006961458114192733,0.0177310642174879,0.008195914884342969,0.008364133078544953,0.013055269780878436,0.15912581441302648,0.020983703890970096,0.015264101177849022,1.3980764152363045
2025-07-23,-0.008863485572967855,-0.012240333503638547,0.00901734876501332,-0.0012079263598816872,0.0016794062110129643,-0.1031979725132878,0.020497520518508106,0.014676972141666573,0.8801121009075852
2025-07-24,0.010186184675599496,-0.005638759011561017,0.01905376332011951,0.007979733481576943,0.010976930975678005,0.03852235952584962,0.01996456766379757,0.011756126792053654,0.928868473224998
2025-07-25,-0.04122900646838052,-0.03990630736574881,-0.04328315529641952,-0.030105521013120074,-0.029486008228438675,-0.04175082616962698,0.022832892689351243,0.014745321062650177,1.3682371779815417
2025-07-28,-0.03965249917778197,-0.07069532097056304,-0.08652026465772357,-0.06182305447808587,-0.06499407840316658,-0.3107044612999775,0.026076940817006004,0.01713431051983996,2.1118919188284253
2025-07-29,0.003338708329745319,-0.0775427973164172,-0.07622009821378557,-0.05240674395590231,-0.05930039619847806,-0.31413994372966103,0.025621565961040253,0.016935451793335072,0.8758749827978487
2025-07-30,-0.014790230207107584,-0.05110402105514427,-0.08214684284792532,-0.05965750992191849,-0.06847977757749905,-0.40470260770683497,0.026526846848003792,0.015172380378033057,0.5038404973541577
2025-07-31,0.0003220519282911344,-0.011129469949071292,-0.09201097559523382,-0.05260993575403245,-0.06386030148101404,-0.5358455075796266,0.025833923612066396,0.015211038626537705,0.769340945461246
2025-08-01,-0.03340184753358835,-0.0478700258124049,-0.08418381666044158,-0.0721744690775959,-0.08960339879271316,-0.5538807960713118,0.027995824939264072,0.01642768157730734,0.777568947996648
2025-08-04,0.04365515718196013,0.010575361576662811,-0.0008761603006996381,-0.02211688108384961,-0.046091350763186635,-0.4271592705960262,0.02858168461728803,0.019753398828070444,1.0755609710030762
2025-08-05,-0.0025534728640834313,0.007699836784288185,-0.006768341494528337,-0.016308365611516128,-0.044933715982123146,-0.3311401547420772,0.028808846346397868,0.019443711770109406,0.8124208541854335
2025-08-06,-0.013756779609682784,0.027344904708193785,-0.005734890897103436,-0.021022872818730266,-0.05421870473635055,-0.40970979438789273,0.029636066998361382,0.01954335675902896,0.8028645304262397
2025-08-07,-0.0007292771077818067,-0.017039529581547995,-0.006786219933176377,-0.011696857355607597,-0.05075565356781242,-0.528047266963899,0.029675062192253125,0.019398240028182964,0.9493227934916723
2025-08-08,-0.018738049969169224,-0.033224106686633836,0.007877577631242905,-0.022525469117433916,-0.06359976809238495,-0.6363715320280974,0.03036615311605724,0.019656701990260903,0.6233789321861019
2025-08-11,0.004943587598942627,-0.014523739478008309,-0.030833991951774557,-0.014562500899008669,-0.05438070909218399,-0.6245136251538341,0.029523660820876912,0.019768541660577333,1.0150400083461815
2025-08-12,0.004264762714514695,-0.009529699655711682,-0.02401575637317627,-0.007279468433849285,-0.04563295255001776,-0.5448378890865382,0.029094034361735327,0.01974641014208878,0.785633505145023
2025-08-13,0.01510754957611876,0.024315899889576192,0.004848572812625216,0.007922040702219168,-0.027485927710375998,-0.5338517409818286,0.028698104488344145,0.020205745333262304,1.3495663803419675
2025-08-14,-0.030114413520910044,-0.010742101230276429,-0.02453656360050292,-0.018925438907576548,-0.051416720359579324,-0.5086863176094505,0.028424269167446815,0.02101907324543914,0.9441772101448519
2025-08-18,0.01705080601673481,0.0020439420719435587,0.011252292385401031,-0.003937367518906144,-0.02974781851583606,-0.295164606528227,0.026246092104737346,0.020769769131658337,0.9833953584042054
2025-08-19,0.004400640853954261,-0.008662966650220866,0.01070934564041275,0.0024944558272465478,-0.020048406369372086,-0.1712752357295665,0.0250447259360342,0.020789175371753833,0.5791575049227722
2025-08-20,0.008985304099473524,0.030436750970162605,0.015429887025371502,0.01242583815795719,-0.006493160981876693,-0.015811716654200295,0.025465394446077396,0.02102958638278883,1.327608233686758
2025-08-21,-0.006792255885220067,0.00659368906820777,-0.006469918435967489,0.005736590353723474,-0.008638703249173072,0.05513051257793819,0.025691102977696022,0.021012468193200136,0.5677748892343706
2025-08-22,-0.010767738974005311,-0.008574690759751757,0.01287675611093726,-0.003872441587061644,-0.01360711314902844,0.12413049546295468,0.024270367555585887,0.020763886920928475,0.7419011683989724
2025-08-25,0.007435579197552679,-0.01012441566167265,0.003261529291755134,0.0021128609436644272,-0.0030879845241010566,0.03795471739931841,0.021758851416729248,0.01914792856536968,0.5104876548492453
2025-08-26,-0.023891029605403603,-0.027223189381856274,-0.025030141167602733,-0.020162065415084193,-0.024386256072104723,-0.11763578503112328,0.02299364155351745,0.01784384537495907,1.1493578402573503
2025-08-28,-0.005769539368157413,-0.02222498977600843,-0.039784984635233715,-0.023453527441674237,-0.0273246603332248,-0.10084328915476064,0.0226415139511212,0.017808513653708568,1.4179358426920035
2025-08-29,-0.004959852974971202,-0.03462042194853218,-0.037952581724984814,-0.023976981530435187,-0.029961179750535808,-0.04954895659452333,0.021959504461935186,0.017593272245590826,0.9115793684240098
2025-09-01,0.020271780871280495,0.009542388528151959,-0.006913061879699068,-0.00457885972015777,-0.008836124593489364,0.05914823547585328,0.02141264940427271,0.018299083957685685,0.8393419171886664
2025-09-02,0.016381716016729445,0.03169364391303872,0.0020330749394778503,0.011321770279012721,0.006311372373445693,0.23708812145081226,0.022138281205890165,0.017040627342837945,1.2388341271948426
2025-09-03,0.0521541040056908,0.08880760089370075,0.07807820855057203,0.05963294262652772,0.05837031089141633,0.3746764150988065,0.023618590463432954,0.018219689472378585,2.5458388379886365
2025-09-04,-0.016404608220308536,0.05213121180211171,0.06744313969842093,0.03943618473663596,0.04012688479743693,0.35306387566080444,0.02428920225874059,0.018645989452729675,0.7411972108317062
2025-09-05,0.013160599788379022,0.04891009557376137,0.08556359246177132,0.04807386400905047,0.05141571227556275,0.4815459246479017,0.023275368031772523,0.018499179315471553,0.5371023265675607
2025-09-08,0.029256079208831484,0.026012070776902138,0.09454789079932217,0.06950507282950315,0.07835977214478189,0.5610341571175869,0.02453056452100338,0.019432341013378457,1.7732250302651877
2025-09-09,-0.015331845337032047,0.02708483366017856,0.06283432944556079,0.0463111194807543,0.05766695653502743,0.4603045601392256,0.025422479201911104,0.019238385250989053,0.4696307945870587
2025-09-10,0.002083608226662855,0.01600784209846213,0.012763833666532868,0.03903318689962862,0.055751499975758796,0.4303101672563309,0.024564210462342796,0.01924138923196789,0.44940076182241895
2025-09-11,0.01605912033743513,0.0028108832270659586,0.04522756222427644,0.04410694470018151,0.06800020958328239,0.5141249406264072,0.024805500789002913,0.019435304336558972,0.7778906830588921
2025-09-12,0.0033322295265991496,0.02147495809069709,0.035399191962496544,0.035235856791133634,0.06735119169577053,0.5912158332756701,0.02465960341691957,0.019272037666230247,0.45645103803289006
2025-09-15,0.003999241728755029,0.0233905915927892,0.010142354482419975,0.028756100379070518,0.0656471406996848,0.6037672647809825,0.024712150981385916,0.01754188874234641,1.0607494506827364
2025-09-16,0.0011290345359595767,0.00846050579131367,0.026603234355411634,0.020922471811278712,0.061732059891062285,0.7044001388201463,0.023533126049772316,0.017351914226230006,0.8612874337094661
2025-09-17,-0.00143025685611026,0.00369801940860452,0.023089369272638684,0.015816193294113396,0.055455220994699066,0.7176994364009096,0.024063725453992005,0.017406754592584794,0.9810264790620497
2025-09-18,0.003233881565541841,0.0029326592453912835,0.010264130500745403,0.013530955103745546,0.05441987646420615,0.6925436024904783,0.02416053426554887,0.017375279229240273,1.1210088287291338
2025-09-19,0.022422829621376737,0.024226454330808368,0.029354730595523022,0.029820944010444727,0.07218601640356366,0.7537261372222759,0.024026483074147405,0.017632439801100297,2.9535839068653216
2025-09-22,-0.005226493907679544,0.02043021727923901,0.02012899495908847,0.021332778744325043,0.060307777971389635,0.7596267342835276,0.0239299269199202,0.017403460539630055,0.8779267997535352
2025-09-23,0.013270457599570363,0.030466793313267435,0.03227041802269894,0.028888331265687083,0.06779543589869846,0.7357269162524855,0.021546796110405365,0.017479380983223703,0.783735083372045
2025-09-24,-0.007016595926343156,0.0010273677655476773,0.026684078952466172,0.01665086195768594,0.05300621318740855,0.7490170260751625,0.021618360486656968,0.016319917445598988,0.9478234511996937
2025-09-25,0.00131941625948612,0.007573277932713395,0.024769613646410362,0.01443787115893266,0.0468183900799623,0.6375553504472555,0.02163995971503537,0.016102816550157148,0.557236014639054
2025-09-26,-0.041121139421043604,-0.04681831908790057,-0.038774355396009784,-0.025533053249727333,-0.0006533354485222829,0.46155995720659604,0.02220491141861796,0.019278837085971483,0.8310277482468396
2025-09-29,0.005252571072616877,-0.03454915208894055,-0.028295290415713468,-0.01961364012723589,-1.212949476405566e-05,0.4639044099427073,0.022327196833470012,0.018966302819240628,0.6611495229440708
2025-09-30,0.020812870344552984,-0.015055698003873848,-0.02075287767073082,-0.00014130084015289988,0.01603772717278457,0.4847952100362369,0.022531231153139385,0.019133539241319976,1.0241531817620204
2025-10-01,0.0032665392919123725,0.029331980709082172,-0.010469742452475311,0.0015142804283070873,0.0167329321904307,0.5248114382708363,0.02279657688311521,0.01559422816293667,1.8214582120135188
2025-10-03,0.0002964913627619414,0.024375900999227325,-0.011492667349199417,0.0004893097022963004,0.013608967166360255,0.558295794559341,0.02356781972715241,0.014956939899058863,1.3057045676876002
2025-10-06,-0.01749062886215059,-0.013927598207476192,0.012137843209693524,-0.014241589218695293,-0.0058173018065935675,0.28670256784792914,0.025604840379852046,0.015469870750858369,1.8777790544091963
2025-10-07,0.001958642928418594,-0.015235494570969963,0.008843915065495275,-0.010389101673534873,-0.004401786360124802,0.1548938726302724,0.02629116851190788,0.014070746974654186,0.9575730290953508
2025-10-08,-0.008768035275496475,-0.024300021209228473,-0.020736990554554007,-0.014934526664647221,-0.013931616703483172,0.08186417557776948,0.026576926594210314,0.013754021887618994,0.9460881554243282
2025-10-09,0.03535311381196157,0.02854372146488381,0.011349583965495203,0.020421930059181748,0.018981809057400142,0.2612010478454722,0.027245024827838644,0.015772415104067166,1.6362246067766024
2025-10-10,-0.031942621671603375,-0.005357543135138134,-0.02088952906887023,-0.008432514487887618,-0.013181734210295367,0.0428184990577148,0.028885949064482788,0.017193916415138816,0.8045248771038735
2025-10-13,0.0025691139058998304,0.005979606046257966,-0.0008297863008199031,-0.00699179635554809,-0.01073555279103513,-0.07679112783394558,0.029404783495759323,0.017187287669494122,0.7689368173157026
2025-10-14,-0.028630172357130054,-0.05800368012283366,-0.031418601586368465,-0.03288793951730459,-0.03721202404252665,-0.17344354521129943,0.03211705073088868,0.018309150769611968,0.597386096802797
2025-10-15,0.011734783219958167,-0.014326275231272272,-0.010915783090914035,-0.018383236747026757,-0.024881334963516934,-0.28141066524787106,0.032005513729573117,0.01854253214990812,0.526867244882061
2025-10-16,0.008331240945236941,-0.008564148191935047,-0.03793765595763873,-0.007523992917162816,-0.016219098869939347,-0.17746012396989344,0.032229283680134536,0.018658903722911055,0.9745077259802201
2025-10-17,-0.020765279177153196,-0.0006992550119582605,-0.026760313463188565,-0.023286933440522156,-0.034810779788885235,-0.18928575311076556,0.031595525384754394,0.019169580924538337,0.901455660055997
2025-10-20,0.008974249548807411,-0.0034597886831089567,-0.020355177820280963,-0.01239829132666964,-0.023781450702147496,-0.1954201529153127,0.031219731269495097,0.018502443381076053,0.699599749549713
2025-10-21,0.0008468426018567837,-0.010944187026489013,0.009121837138706108,-0.009353788876109308,-0.0209152936192824,-0.23448151667897277,0.02988511447514034,0.01850329705347807,0.19231578728720358
2025-10-23,-0.00470516989877943,0.005115922251884925,-0.0073181159800314866,-0.012211809274352127,-0.022580281896465267,-0.3635806050657581,0.029114844089781648,0.01815126580164387,0.8680847666328083
2025-10-24,0.0009274372732885695,-0.0029308900236339635,-0.014721919651979751,-0.0059812476194571204,-0.019123482204467863,-0.37856432712396215,0.028872683645575107,0.018145345134838734,1.5284597854066904
2025-10-27,0.0033928717123734393,-0.00038486091311728735,0.009436231237546881,-0.0008614904092749882,-0.01331535159146181,-0.32331634761225786,0.027125267666491898,0.018174750424265057,1.380983330852916
2025-10-28,0.017248460792043636,0.021568769777705707,0.017710442480783208,0.01679531593431206,0.003416626036129299,0.0082945121374145,0.027001901212868523,0.016226122293374712,2.984592699650243
2025-10-29,0.06154998158317696,0.08219131408759399,0.07841358146210328,0.07163283412682217,0.06354806138979241,0.44726738650262265,0.02956243560263066,0.021220673138215542,3.0723810839497077
2025-10-30,-0.025217474049237534,0.05358096832598295,0.057901277311644996,0.03958858922077216,0.0360559796806022,0.25824440255373643,0.03014020335264545,0.021705983509896578,0.6152268059400086
2025-10-31,-0.0014603649295439945,0.03487214260439534,0.0555134751088124,0.033782095436626434,0.03378990052526447,0.23552420476091712,0.02922908561605095,0.021705126851384045,0.5118265582443224
2025-11-03,0.008150798980812111,-0.018527039997969504,0.06027140237725109,0.03497941190381278,0.04106695638149753,0.3398824435105965,0.029317965992803056,0.021768211199518838,0.3971855743290724
2025-11-04,0.0015208509881950978,0.008211285039463202,0.044543792573402505,0.030110050607522594,0.040468901092414536,0.4345160233633754,0.02833261382316438,0.021324102133339535,0.5712901630800783
2025-11-06,-0.0019558050151469303,0.007715844953860203,-0.018961994024921373,0.022032523337934092,0.036473118240603744,0.407254203939533,0.02860043681892263,0.02134297419512872,0.7061615206833967
2025-11-07,0.02215856533757988,0.021723611310627982,0.028414045361896054,0.03598009261869489,0.05601366149655064,0.43298950211021664,0.02973151472684944,0.021650722619754512,1.2583576986278846
2025-11-10,0.023411711894548166,0.043614472216981094,0.05328612218598819,0.04905114399718448,0.07784786615208714,0.5275536700513018,0.029380044889879175,0.02087400362207352,1.4425877276715373
2025-11-11,0.00041558191789483576,0.04598585915002269,0.045550905123070855,0.03854254152486487,0.07339442251849353,0.5758425990997676,0.029783352056598936,0.01922797640234003,0.684422631136538
2025-11-12,-0.00632179954774007,0.017505494264702968,0.03770825458713579,0.023656348044950024,0.062294833518529005,0.5882708703322135,0.03061438472786124,0.01937535309882671,0.5924281798269556
2025-11-13,0.008535464879098746,0.002629247249253507,0.048199524481381616,0.02936888452132049,0.06511228629505629,0.6354127615758052,0.030625642881016723,0.01780141827743457,0.9238183989572395
2025-11-14,-0.01904417824872605,-0.016830512917367264,0.006996780895075659,0.0064146073565392505,0.040539985216224046,0.5791218828164258,0.03166721726524861,0.01857834440464232,0.5891935098932991
2025-11-17,-0.004659076937303378,-0.01516779030693064,-0.02107400793677593,-0.001434282830068923,0.0319410450807915,0.5894531026347181,0.032300291533543066,0.018656890449001085,0.5288853960911843
2025-11-18,-0.017343388517440526,-0.041046643703470116,-0.03883297837211121,-0.019247917506477735,0.010427950111313825,0.48390366744228575,0.03312250424312997,0.01843557979463505,1.0431311997311736
2025-11-19,0.007816824907922015,-0.01418564054682191,-0.02469435391644916,-0.012813156119748469,0.014611484307342933,0.2654555420164311,0.028578583585867453,0.018420363078148795,0.734481714065442
2025-11-20,-0.012941463244003484,-0.022468026853521884,-0.04617128203955141,-0.025698862433531682,-0.0014163165450359078,0.35791949872790324,0.027793006823572986,0.0187895914774035,0.8424830920149342
2025-11-21,-0.030192917092211627,-0.03531755542829297,-0.057320020883036976,-0.05004143969376165,-0.03277233382319935,0.4384816330221304,0.03012594694972899,0.020159387002379823,0.986048875373757
2025-11-24,-0.01502883691510999,-0.05816321725132508,-0.06768978086084362,-0.05601177438415362,-0.04809950691394004,0.32760494377839733,0.029322064402433557,0.020508435261648434,1.0244756661698322
2025-11-25,0.0012862572633117535,-0.043935496744009817,-0.04906013508009125,-0.04651700669256014,-0.04768077758484705,0.0805420325525708,0.02831217832511224,0.020500916771772994,2.3072852482633532
2025-11-26,0.034702729550403946,0.020960149898605642,-0.02217423043760946,-0.008149538496936753,-0.015739418962291675,0.2625260180659906,0.02857768848956597,0.0215769218180295,1.7110669004391867
2025-11-27,-0.005198938539003567,0.030790048274712253,-0.014431705732609445,-0.007172289192364434,-0.019313457052173716,0.2164802503752402,0.026896489012774624,0.016379939838438513,0.691201218564276
2025-11-28,-0.00958994515425106,0.019913845857149354,0.0061712662053510555,-0.01154695651188147,-0.027924368221786892,0.01827417744156705,0.026086159247677106,0.015543822058985001,0.5340475479921443
2025-12-01,0.0010371862403104415,-0.013751697452944252,0.0222372893607714,-0.005947376283049871,-0.026284182755901137,-0.11172290817882498,0.025355672946801133,0.015548158647887257,0.48019445275558237
2025-12-02,-0.019364339093039102,-0.027917098006979786,0.001586693004420556,-0.020367685416756962,-0.043057321588467846,-0.23079381234875684,0.02660639509472793,0.01593971602461215,0.6757714982433066
2025-12-03,-0.004085099371524492,-0.022412252224253214,-0.03720113591750788,-0.018503530675998588,-0.044798621789090186,-0.42611058442015604,0.026937313432243922,0.01592312579660544,1.1697865559087128
2025-12-04,0.0016662976114583353,-0.02178314085310532,-0.03033589976704605,-0.012421357970853183,-0.04120275463220618,-0.30677426862536067,0.026335697089099514,0.015948041884952177,1.0385129140313185
2025-12-05,0.0030224740219129843,0.000603672261846651,-0.017723480590882017,-0.008290492962048052,-0.03533964086508825,-0.2987309037490107,0.026062198227202227,0.01495695253886274,0.5583786414273717
2025-12-08,-0.02127491395867791,-0.016586142325306818,-0.04003558078987044,-0.027470680885786337,-0.050605132747059224,-0.28226740360300684,0.026633613601125962,0.014102382425537203,1.0108170008501998
2025-12-09,-0.004635049763271802,-0.022887489700036876,-0.025306291460103103,-0.029713432249904942,-0.04969340139550995,-0.38432730937350074,0.02698409922876823,0.014039196189998477,0.9673698609195496
2025-12-10,-0.004889904791519962,-0.03079986851346964,-0.026111096880098526,-0.02831434330430458,-0.049091759411184537,-0.30030638723749803,0.026999663442997982,0.01403886866125916,0.8551029596070154
2025-12-11,0.007905094435037943,-0.0016198601197538775,-0.019872300056518896,-0.015638583362229043,-0.03613208250986128,-0.22602710077357174,0.024366416857087434,0.014006347899941695,0.6910890614168141
2025-12-12,0.018054351523212987,0.02106954116673102,-0.0048404225552187465,0.004592605366003133,-0.014874030044525572,-0.11728645441720104,0.024065836662100663,0.014569136268858389,1.1154396295442193
2025-12-15,0.0031036221526949785,0.02906306811094585,0.019538113556154146,0.009822699303967402,-0.008471958066479865,0.11628714983414042,0.02367815096627742,0.014645042841346538,0.9039383138038911
2025-12-16,-0.020077814653903008,0.0010801590220049192,0.004095348665522977,-0.008145657536652124,-0.02481214883238786,-0.18843200460165974,0.023034711360160363,0.014795067544502459,1.3576063824580957
2025-12-17,0.004001885387219245,-0.01297230711398871,0.012987138844262102,-0.0028566363849506487,-0.01728434185188142,-0.3643276067742582,0.02163703538899006,0.01466641063735296,0.9006611243499779
2025-12-18,-0.02276091870798517,-0.038836847974668826,-0.01767887429876076,-0.021647215569145117,-0.03542413818404996,-0.3582079810553407,0.02264589745524502,0.015151055016658303,1.1095144668626014
2025-12-19,-0.010743392528739393,-0.0295024258495052,-0.046476618350713185,-0.027143503825051873,-0.042767888241287466,-0.39499883819677933,0.023724428150767505,0.013967132560940575,1.7013179352612124
2025-12-22,0.03242846857087725,-0.0010758426658472192,-0.017151771932531003,0.004681203614072529,-0.0104576913196967,-0.19615583153923538,0.02384614057983869,0.01575808136123556,1.269062256999484
2025-12-23,0.020170483370049907,0.04185555941218776,0.02309652609142206,0.0223404085188476,0.009527850499628699,-0.014324730493126624,0.023746722313820797,0.016438870738360246,0.9535708508770835
2025-12-24,-0.006501387949018023,0.04609756399190914,0.012593252755184747,0.01311639979476959,0.004923679116948316,-0.029383309816126798,0.024259163051614827,0.014330497111953487,0.7207317198886128
2025-12-26,0.003558327537044797,0.01722742295807656,0.03891249900021455,0.014560595434052345,0.010003149284692993,-0.03673668311654538,0.023978660002160056,0.014357724542635586,0.5341099821488208
2025-12-29,0.013287902353021085,0.010344841941047806,0.06294379388197499,0.026408421473309227,0.023833952274109848,0.2664160251134929,0.02489265705037096,0.014584526630137394,2.3307341208556087
2025-12-30,0.050390565607019114,0.06723679549708492,0.0809058909181169,0.07230576445246577,0.07429898511418337,0.46879215343927966,0.026272869691778614,0.01847885687783417,1.7372433173613262
2025-12-31,0.04146284003716274,0.10514130799720303,0.1021982475852297,0.10318070255761878,0.11361549007984065,0.5908779738138873,0.027912488053327942,0.01971369956152585,1.9808253164319745
2026-01-01,0.009883586027388319,0.10173699167157021,0.11858322156163613,0.09908411850331005,0.11767804333451891,0.6162788474917488,0.02880238378074754,0.01961446654099216,0.616478533763274
2026-01-02,-0.006623407111802765,0.044723018952748474,0.10840148691278857,0.07574021215044674,0.10392892902833195,0.5303748601470315,0.02848035904486594,0.019795450992676707,0.33409097199242344
2026-01-05,0.022661232525408942,0.02592141144099454,0.1177748170851765,0.08073450590858969,0.12154470604284989,0.5588368261115724,0.029210652520098114,0.020150603038855,0.7421227163361197
2026-01-06,-0.029670201142143013,-0.01363237572853684,0.03771405033601432,0.03697093892220847,0.08204366345951619,0.47734275430613793,0.03145119747880771,0.020834814509863166,0.8831860820516783
2026-01-07,0.02648308613849014,0.019474117521756058,0.02273429643734158,0.05164872448594928,0.10243952319404044,0.5377527181250497,0.03209701872949408,0.021154326007751804,0.7927200468004745
2026-01-08,-0.026346491588358466,-0.0295336065920115,-0.013495781178405303,0.0139429578248286,0.06675800079017132,0.48493852266649584,0.03513391386939205,0.022332674836666868,1.0443347913470704
2026-01-09,-0.005408622582909491,-0.005272028032777958,-0.012280996649512006,-0.0007614374425816387,0.054807695391321305,0.5005657598470441,0.035299932273775085,0.02248752440431428,0.6938707794906399
2026-01-12,0.024077958332953606,-0.0076771558383143985,-0.010864270841967475,0.013075885151730778,0.07378010742459953,0.5082020403738582,0.03473776792318992,0.02269867964495605,1.0420446801721932
2026-01-13,-0.00983243650920342,0.008836899240840579,0.008973493790972176,-0.0014057518213782423,0.057396037997152,0.506575318654219,0.0350036696067237,0.022973268786573287,0.6634441834679283
2026-01-14,0.031181793306457137,0.04542731513020731,0.013672200958939453,0.026442142709485347,0.08207485963307352,0.5304530961341556,0.03493176300756407,0.02282581535157101,1.3855271505347861
2026-01-15,0.0,0.021349356797253936,0.040018692547297896,0.023691854109984256,0.07360051802475776,0.560651771343911,0.033910287279002235,0.02288096685159429,0.0
2026-01-16,-0.020344675388360062,0.010837117918097213,0.025082639741847358,0.0017973916458095067,0.04385558883287772,0.4232847426021729,0.03369388503121777,0.022716426601321626,1.1083495960865277
2026-01-19,0.0022068544069370373,-0.01813782098142313,0.003211535815830766,0.004785635249116859,0.0375370501583245,0.3025650319033872,0.030885571995574006,0.022335239207072102,0.7307135191351047
2026-01-20,-0.029144747917752088,-0.04728256889917513,-0.016100775592717966,-0.02339424106281672,0.0024060014586059974,-0.0035443228578996865,0.031469829528825426,0.023115573778203356,1.4983631212185633
2026-01-21,0.007195529313512246,-0.01974236419730286,-0.040087039585662995,-0.01374495362028285,0.004885455115175638,-0.17807592952512563,0.031239325526828624,0.022865092050755553,1.4956995721625785
2026-01-22,0.034891141451687514,0.012941922847447579,-0.005195898133975472,0.017716907463558185,0.03354502223603914,0.05385976289530802,0.03273514555998472,0.02363661653766173,1.9826126036766194
2026-01-23,-0.017427574117494214,0.02465909664770556,-0.002278796863109647,-0.0021158842243423474,0.009938089934654825,0.08949098063697136,0.034801231749269135,0.024254956812727636,1.3321891322976145
2026-01-27,0.04288387382352824,0.06034744115772136,0.03839822255348152,0.037204963377532145,0.04657654601221397,0.31131897716002355,0.03389137101816532,0.025592401998990853,1.211378566124759
2026-01-28,0.001156491826974752,0.02661279153300881,0.06869946229820857,0.03290935809830497,0.04262487824855538,0.34575771120636856,0.033856782459276716,0.023526697483469874,0.9038434819512329
2026-01-29,0.009203613420161787,0.053243979070664915,0.0707075464048581,0.03919283978496172,0.048688097649165145,0.49800787787000755,0.03176521090236411,0.021945387488127036,0.8539231253350622
2026-01-30,-0.03925117294965702,-0.028891067702520427,-0.003434767996486351,5.960298916419526e-05,0.007422553913620245,0.4170682488608207,0.03574972430879308,0.023843783539355734,0.960005892248495
2026-02-02,-0.016411353581695785,-0.046458913111191005,-0.002418547460687945,-0.015762886631471705,-0.00937189376619437,0.23822530337631265,0.03815256674963362,0.024105229722628612,1.1038393260086332
2026-02-03,0.03755846831447234,-0.018104058216880516,-0.0077439529697437975,0.01876358660350069,0.027340745807189357,0.2802444634595338,0.038379662965362035,0.02504114239398213,0.9611758112407214
2026-02-04,0.018803651944412726,0.03995076667718918,0.009903207147693905,0.030018434830887772,0.04307514471397366,0.2703786418237229,0.03705166971859553,0.024233937603683826,0.6601561618726525
2026-02-05,0.007663400749426106,0.06402552100831113,0.00836299447695836,0.029815942385660925,0.04827349935253759,0.3127262202680808,0.04024335423693457,0.023656055379652433,0.7690558777690636
2026-02-06,0.012663978697757863,0.0391310313915968,0.06027814612437334,0.036964332326644464,0.05672007180944679,0.4167970301927528,0.039843724930445364,0.02273104264332601,1.032373131720923
2026-02-09,-0.013421332403098195,0.006906047044086003,0.06326816730297102,0.016997069963301092,0.03828848280943822,0.37089302637805616,0.041374265963440564,0.022985606396393257,0.8712059210576676
2026-02-10,0.016345045763357963,0.01558769205801792,0.042054744751856554,0.030164609326729225,0.051342709521528494,0.4828224330586721,0.039709645535822354,0.022696550821664167,1.1604672970774832
2026-02-11,0.006994486266246255,0.009918199626506275,0.03024557907369029,0.03317737856563237,0.05378102789565637,0.5712186234372774,0.0387851971078917,0.02247556896449445,0.6628805291402048
2026-02-12,-0.010977807438727926,0.012361724590876479,0.011604370885536168,0.019837085538802056,0.03960352305632153,0.4766806461030177,0.03749386596567094,0.021822524425530794,0.5139525760243309
