Price,Close,High,Low,Open,Volume
Ticker,ASHOKLEY.NS,ASHOKLEY.NS,ASHOKLEY.NS,ASHOKLEY.NS,ASHOKLEY.NS
Date,,,,,
2021-02-22,55.83686828613281,57.4139212765558,55.265471769671215,56.59111238536764,51046286
2021-02-23,57.528202056884766,58.62528409416413,55.12833662612951,56.01971730721234,67447482
2021-02-24,57.84818649291992,58.37386851413915,57.13965339580092,57.91675128697274,17868540
2021-02-25,59.95092010498047,60.202335968861135,58.1910230079262,58.5795684566007,48176864
2021-02-26,58.89955139160156,59.6537919480493,56.911088869978066,58.85383688361186,59329252
2021-03-01,59.26524353027344,61.41369999890516,57.82532710773141,59.74521799613915,69795492
2021-03-02,60.59089279174805,61.23085415076713,58.830988591862045,59.76808034796945,53712482
2021-03-03,60.088050842285156,61.253701025467265,59.768070217013765,60.79658385363542,36491522
2021-03-04,59.8594970703125,60.52231562776211,58.64813925756165,59.15096400198151,39206900
2021-03-05,57.68819046020508,59.97377650835151,57.13965120366095,59.53951655421471,52588100
2021-03-08,57.50534439086914,58.488143567787546,56.97965892034905,58.465289800607714,39900468
2021-03-09,56.40826416015625,58.488145363872,55.516883512111626,58.05388541131803,49283028
2021-03-10,56.63682174682617,57.779614746207145,56.31683761448303,56.91109136917211,32785386
2021-03-12,55.79115676879883,57.45963179208549,55.19690300192445,57.185362164115595,33679072
2021-03-15,55.53974151611328,56.49968696826898,53.50557130827078,56.49968696826898,41014968
2021-03-16,56.33970260620117,56.63682952434799,54.87692876113248,55.56260465491992,25448294
2021-03-17,53.5512809753418,56.568253814615815,53.048452750050714,56.45397451398023,59441284
2021-03-18,51.74566650390625,54.76264286400649,50.42002939192421,54.39694770292539,96049702
2021-03-19,53.1627311706543,53.482711812126134,49.3686570573472,50.945709985001486,71876572
2021-03-22,51.99707794189453,53.36842944805439,51.42568148099459,53.071302590880975,32784338
2021-03-23,52.45420455932617,53.39129631901373,52.01994456582874,52.11136662102992,34559802
2021-03-24,51.26569747924805,52.54562361668133,51.05999263548951,52.22564295420492,31786578
2021-03-25,50.191471099853516,51.51710822006867,49.02582081825463,51.40282891746202,71160814
2021-03-26,52.134220123291016,52.70561664595958,50.78572223727664,50.968569822036095,47307636
2021-03-30,51.95137023925781,52.91131565735004,51.059989610829184,52.79703635787411,33967232
2021-03-31,51.8828010559082,53.02559403070794,51.47139488747482,51.97422309888123,32966912
2021-04-01,54.00840377807617,54.28267343053541,51.88280786834332,52.682763055740686,43877468
2021-04-05,51.81423568725586,53.75698385342468,50.64858888007112,53.665561805321886,44723816
2021-04-06,51.425682067871094,52.47705296293625,51.197123480902775,52.294205395856146,31223162
2021-04-07,53.36843490600586,53.55128248969898,51.425686740262606,51.654245347997104,43842646
2021-04-08,56.11113739013672,57.04822906335368,53.59699274129149,53.91697339249714,108031852
2021-04-09,55.4025993347168,57.41391557026516,55.014050439645764,56.796808091325616,54981324
2021-04-12,51.26569747924805,53.6427056541439,50.625732666767576,53.6427056541439,72217578
2021-04-13,52.70561218261719,52.934170772329274,50.96856550579444,51.677098528912815,47245584
2021-04-15,51.19712448120117,52.49990775486913,50.305747369619766,51.72280993900469,45025684
2021-04-16,51.95137023925781,52.957026679634915,51.197126165211266,51.4256847641631,38027786
2021-04-19,50.2371826171875,50.42003020066092,48.54584682946783,50.03147777795706,72906514
2021-04-20,51.58567428588867,52.24849630508585,50.625728882684115,50.762865434939364,64153668
2021-04-22,51.69995880126953,52.43134568288016,50.3743181166159,50.740013301185094,45227982
2021-04-23,50.87715148925781,51.60853839418525,50.374319722562824,51.197132170311114,56400114
2021-04-26,52.157073974609375,52.45420086437497,51.12856023217065,51.379976097555605,36275872
2021-04-27,52.842750549316406,53.665562949900824,51.88280507365303,52.4313443490242,45522088
2021-04-28,53.45985412597656,54.53408231552238,52.477054954731926,53.07130521088829,44924706
2021-04-29,52.61418533325195,54.579790550437096,52.43133776856751,53.96268307121342,45921400
2021-04-30,51.51710510253906,52.91131390498147,51.24283549038588,51.997079539452635,35941616
2021-05-03,51.12855911254883,51.402828740354295,49.50579511364208,50.145756416012325,39515040
2021-05-04,50.64858627319336,52.04279161640306,50.442881444258305,51.174268254019,29921150
2021-05-05,51.26569747924805,51.47139883547893,50.191472698045644,51.15141817300252,24173622
2021-05-06,52.134220123291016,52.33992147644066,50.78572223727664,51.539966344704666,28073196
2021-05-07,52.225643157958984,52.591338334382456,51.69995764967312,51.76852593119348,21557194
2021-05-10,53.025596618652344,53.20844420104976,52.271352520967724,52.56847940642258,21917516
2021-05-11,52.91131591796875,53.43700139565277,52.179929095225866,52.54562076283358,20323962
2021-05-12,51.859947204589844,53.34557816932059,51.56282380166579,53.02559751038963,22071912
2021-05-14,51.242835998535156,52.33991794555443,50.92285536243791,52.111359351905726,31041666
2021-05-17,52.75132751464844,53.02559714721472,51.037137951699684,51.722813776879185,33729546
2021-05-18,56.20255661010742,56.431115203052194,53.254152156130864,53.48271074907563,96450974
2021-05-19,57.04822540283203,57.29963775906806,54.99119809485771,56.36254963350726,71673114
2021-05-20,57.528202056884766,58.05388756303192,56.45397727586175,56.81967245079743,51759124
2021-05-21,57.3453483581543,57.985313102327204,56.6139615737541,57.59676420007028,31001986
2021-05-24,57.1396484375,57.80246696436406,56.88823258936405,57.36820703125,19110296
2021-05-25,57.75675582885742,58.89955228287396,57.368206917756574,57.368206917756574,49863022
2021-05-26,57.36820983886719,58.396723561077955,57.23107328089474,57.80246979323405,18211102
2021-05-27,57.77961349487305,58.05388311127913,57.16250598607753,57.50534387846697,20396392
2021-05-28,56.956809997558594,58.32816177994376,56.476838966240535,57.75676520394994,19618182
2021-05-31,56.431114196777344,57.52819612085463,56.22541286180605,57.139647217282565,15563960
2021-06-01,55.608306884765625,56.88823292479608,55.35689103514725,56.63682056270509,25048018
2021-06-02,56.728240966796875,56.88823128123747,55.42545770988443,55.608305278185384,15358980
2021-06-03,56.8425178527832,57.596761860364836,55.58544566932286,56.751095816269675,32734872
2021-06-04,58.693843841552734,59.288097577849086,56.568251718515256,56.933946862009535,34164202
2021-06-07,58.693843841552734,60.17947469476626,58.510999757332954,59.2423900443215,34547618
2021-06-08,59.310951232910156,59.58522431765053,57.82532046985075,59.17381469053997,26554762
2021-06-09,57.893898010253906,59.79093521662566,57.41392352263812,59.4252400367729,24386178
2021-06-10,57.985313415527344,58.51099886849191,57.41391694220223,58.05388168983182,21803568
2021-06-11,60.27090835571289,60.4766097100728,58.39672496031095,58.39672496031095,71563862
2021-06-14,59.310951232910156,59.90520493314477,58.19101559115315,59.90520493314477,27001676
2021-06-15,58.94525909423828,59.74521416097877,58.739557757801656,59.26523972592354,15959394
2021-06-16,57.551055908203125,58.92240401425862,57.36820833155324,58.71670267023216,31377248
2021-06-17,55.4025993347168,57.20821423979439,54.671212563843,57.09393494786013,48288454
2021-06-18,53.231300354003906,55.92829272449518,51.90566316916868,55.768302390552414,81842142
2021-06-21,53.59700012207031,53.871269787662726,51.3799820512003,52.52277523077536,30047644
2021-06-22,54.145530700683594,55.53973954940389,53.871261079426596,54.35123553227193,38043042
2021-06-23,54.44266128540039,54.94548953987803,53.87126474905587,54.7854992072071,20937408
2021-06-24,54.03125,55.059763668686756,53.75698038585567,54.85406232996035,27542844
2021-06-25,56.40826416015625,59.19667843122586,55.76829937150236,56.225416579465495,208657372
2021-06-28,57.02536392211914,57.551049337143084,56.133986883076794,57.02536392211914,43544652
2021-06-29,56.476829528808594,57.596765235601005,56.29398195753931,57.11679079696006,25644506
2021-06-30,56.04256820678711,57.025370887524495,55.79115583847684,56.77395503168674,25856228
2021-07-01,55.974002838134766,57.322500745169776,55.88258078809373,56.59111388225854,42685376
2021-07-02,55.974002838134766,56.43112006339525,55.768301481778614,56.43112006339525,15048404
2021-07-05,57.09394073486328,57.29964208618381,56.225417330624545,56.31683937842754,23490254
2021-07-06,55.85972213745117,57.8024702963134,55.28832562013876,57.1167944755385,47270528
2021-07-07,56.476829528808594,56.65967361255053,55.76829649796288,56.22541368237241,14321592
2021-07-08,56.68253707885742,57.34535567388136,55.951150201151904,56.61396879617584,29998080
2021-07-09,57.09394073486328,58.05388618690502,56.68253454469466,56.68253454469466,40017930
2021-07-12,57.551055908203125,57.89389380659886,57.18536075490336,57.551055908203125,18946678
2021-07-13,58.05388641357422,58.19102297334173,57.596769197719304,57.71104850168303,22318534
2021-07-14,58.46529006958008,58.990975542518605,57.82532529763437,58.03102664083632,29109352
2021-07-15,58.87670135498047,59.0595454592439,58.46529514533228,58.46529514533228,21613622
2021-07-16,58.44243621826172,58.99097897795797,57.93960797085255,58.89955692843908,14497658
2021-07-19,57.02536392211914,58.23672505564552,56.63681504580651,57.77960790997723,22947370
2021-07-20,56.385406494140625,57.09393955633485,55.42546106191401,57.09393955633485,14595184
2021-07-22,56.70539474487305,57.13965472577786,56.08828368381244,57.09394369950279,13507116
2021-07-23,56.81966781616211,57.16250570687702,56.43111541666332,56.81966781616211,16886400
2021-07-26,55.699729919433594,56.88823393759525,55.49402857519449,56.88823393759525,14022322
2021-07-27,55.95114517211914,56.339694089020696,55.21975836015255,55.905434150282616,24320658
2021-07-28,55.53974151611328,55.83686840279965,55.21976086123724,55.402604956864934,12580054
2021-07-29,57.231075286865234,57.368211849644375,55.76830155901684,56.13399673474277,17331254
2021-07-30,60.70516586303711,62.853615318927645,57.82532609341343,58.00817367184672,156657528
2021-08-02,61.61939239501953,62.785042507018645,61.047995965123306,61.68795717658545,35149884
2021-08-03,64.56780242919922,65.50489405415605,61.61939797877062,61.61939797877062,84011902
2021-08-04,61.802242279052734,64.88778329088653,61.61939819429929,64.88778329088653,54896066
2021-08-05,61.413700103759766,62.73933722598067,60.47660842595632,62.05366140930329,41834602
2021-08-06,61.322269439697266,62.37364039213168,60.6594508963326,61.68796459381205,23700928
2021-08-09,60.362327575683594,62.899329427360485,59.9966324211532,61.710821918900436,32652280
2021-08-10,60.04235076904297,61.11657207126288,58.89955769749709,60.70516935552851,19593782
2021-08-11,61.02513885498047,62.03079517892813,58.87668966857999,60.316605885248904,29020364
2021-08-12,61.07086181640625,61.619401071332824,60.408036284354296,61.43655000298726,21191898
2021-08-13,59.562374114990234,61.50512226587213,58.28244452645701,61.27656365988603,72957938
2021-08-16,58.51100540161133,59.973779141640534,58.328157812225754,59.56237642493261,25173838
2021-08-17,57.77961349487305,58.71670164155443,56.72824256320113,58.511000301131716,46373634
2021-08-18,57.20821762084961,58.19102028707415,57.025370045442905,57.962461689697626,28661530
2021-08-20,54.396949768066406,56.77395794275236,54.031254593101956,56.75110417402187,42062378
2021-08-23,53.8255500793457,55.471171295094095,52.49990950727459,54.9683430746609,41826506
2021-08-24,54.7169303894043,55.082625564093995,53.09416633459696,54.12268008994312,29085190
2021-08-25,54.35123825073242,55.56259958336033,54.214101689481105,54.85406649610789,36404354
2021-08-26,53.734127044677734,54.73978346701486,53.482711195329756,54.67121519105383,17745562
2021-08-27,54.96834182739258,55.08262112433103,53.734126815468315,53.77983783673822,26832648
2021-08-30,55.631160736083984,57.00251230874861,55.08262150202909,55.265469075889854,39247804
2021-08-31,56.38914108276367,56.57289458562401,54.965057569007534,55.998667079689554,40093494
2021-09-01,56.274295806884766,57.078214318411696,55.768976300600585,56.274295806884766,39771658
2021-09-02,55.97570037841797,56.82555644394698,55.53928884619698,56.458052918078465,23817142
2021-09-03,55.40147018432617,56.503987718825556,54.988025670788076,56.02163520223001,63925022
2021-09-06,55.952728271484375,56.458047763926345,55.5392837759204,55.67709627123741,35571090
2021-09-07,55.40147018432617,56.80258672887011,55.14881217952434,56.22835921140237,39321822
2021-09-08,55.90678787231445,56.113511874733334,54.91911937838144,55.631159373895784,30935942
2021-09-09,57.56057357788086,58.29558417365955,55.65413732599986,55.88382835623114,78402020
2021-09-13,56.64179992675781,57.85915937831265,56.52695443096537,57.85915937831265,18570056
2021-09-14,57.35384750366211,57.629476029154674,56.825557451997355,56.963373467147065,23362982
2021-09-15,58.9616813659668,59.23730635487979,57.49165689145231,57.813222883323924,35723328
2021-09-16,58.45635986328125,59.55887386628768,58.15776086046428,59.19137387169426,18248838
2021-09-17,57.49165725708008,59.00761573458127,57.216028761607724,58.915740737692644,21091092
2021-09-20,57.468692779541016,58.98465141595074,56.044609149650604,56.963373234071106,30117304
2021-09-21,58.29558181762695,58.45636483132936,56.82555718067405,57.42275523706223,20683918
2021-09-22,58.93871307373047,60.1101385969556,58.43339006069589,58.571206065124706,31760380
2021-09-23,59.19137191772461,60.15606988610627,59.030585418187904,59.48996740587808,25034286
2021-09-24,58.5252685546875,59.7196610752308,57.56056703827971,59.581845070826866,22678080
2021-09-27,59.903411865234375,60.61545538937385,58.80089783467944,59.19137535070816,52792584
2021-09-28,59.558876037597656,60.73030158950628,58.892773511096934,60.15607406500336,30431960
2021-09-29,59.42106628417969,60.15607330043366,57.97400873505609,59.71966178928079,37983758
2021-09-30,61.4653205871582,61.78688662491901,59.030594284773926,60.01826290281369,73260934
2021-10-01,60.064205169677734,61.78688791833006,59.58185259813227,61.53422637993824,51912930
2021-10-04,59.650760650634766,60.47764271428941,59.26028311309835,60.408738212189405,26848524
2021-10-05,60.753265380859375,61.18967684934757,59.4669944661474,59.71965595093927,26485000
2021-10-06,59.650760650634766,61.74094332328957,59.375128623007456,61.097811271644034,25570056
2021-10-07,62.40704345703125,63.62440287424579,60.2709130897818,60.63842006787325,85764568
2021-10-08,61.97062683105469,63.39471378514583,61.83281784355982,62.567824812112676,27788776
2021-10-11,62.82048416137695,63.9229980813879,62.01656571689863,62.4300066844996,29886084
2021-10-12,63.900047302246094,64.31348835209253,61.855791529077706,62.820496658204675,31929934
2021-10-13,67.27650451660156,68.76949628331515,64.86474858575654,64.95662360024683,122877284
2021-10-14,66.49554443359375,68.447917931644,65.92131693416721,68.447917931644,35989662
2021-10-18,66.47257232666016,67.39133630355833,65.99021983686605,66.61038832511746,63175806
2021-10-19,64.15270233154297,67.75885433204306,63.50957024681324,67.52916330040902,34211202
2021-10-20,62.751590728759766,64.65802342922167,61.83282663029836,64.19864137999097,35568772
2021-10-21,64.79583740234375,65.14037392840058,62.682677238683105,63.30284578943082,26070538
2021-10-22,63.94597244262695,66.26585292439852,63.624406447342764,65.41599342793538,39262378
2021-10-25,63.11908721923828,64.84176980720454,61.41937513436759,63.62441024888708,29963668
2021-10-26,65.8524169921875,66.12804200520561,62.88939728254478,63.165029305176404,25035678
2021-10-27,65.163330078125,66.81710083314319,64.88769811414929,66.2428734162038,24290316
2021-10-28,64.91069030761719,66.38071158437954,64.4053672079734,65.11741084488443,38467518
2021-10-29,65.41600036621094,66.01319842628729,62.636744603263985,64.77286830742946,32011548
2021-11-01,66.28882598876953,66.81711250075843,65.02552545090516,65.41599595684075,30059442
2021-11-02,66.40367126464844,67.9655673022647,66.10506875095403,66.725237271262,29020244
2021-11-03,65.78350067138672,66.97789666930039,65.1173981766173,66.56444866558581,21927930
2021-11-04,66.58741760253906,66.72523360053847,65.99021961761684,66.21991061107825,4170928
2021-11-08,67.09274291992188,69.02214593001978,66.7941404122937,67.2305589227031,43658590
2021-11-09,68.83839416503906,70.14762863380855,67.16164569188155,67.27649118964797,62083556
2021-11-10,68.28713989257812,69.3896610339093,67.78182383621349,68.63167643494151,18592860
2021-11-11,67.25352478027344,68.5627663383178,66.2888267461053,68.5627663383178,20191136
2021-11-12,66.93194580078125,67.85070966080464,66.47256387076956,67.64398919422176,17169944
2021-11-15,69.87200927734375,70.1935752950887,65.82944602817066,67.00087160173977,50837488
2021-11-16,67.57510375976562,70.51514613687102,66.74821465070038,70.28545510710923,81729670
2021-11-17,67.06977844238281,67.98854253063463,66.151014354131,67.5751014947668,32685608
2021-11-18,64.03784942626953,67.82775101090688,63.670349425752825,67.29946450295422,41595928
2021-11-22,61.39640426635742,64.7269239166303,60.133103709357364,64.49723290626665,38827728
2021-11-23,62.0395393371582,62.315164326215644,59.88044537961683,61.16670934777737,59002720
2021-11-24,62.13142013549805,63.09612521131793,61.7409426025201,62.613772673407986,24651194
2021-11-25,61.442352294921875,62.43002094852729,61.09781573999708,62.38408694697248,18181462
2021-11-26,57.721351623535156,61.07483827301716,57.468690110132854,61.07483827301716,50404646
2021-11-29,55.700069427490234,57.606505494423395,54.551614387748174,57.009307471834866,44843646
2021-11-30,54.98802947998047,57.05524868606706,54.689433954057904,56.18242560289821,29759898
2021-12-01,55.952728271484375,56.41211026548734,54.85021078491595,55.12583928035644,32144264
2021-12-02,55.1258430480957,56.274298111597695,54.29895400045158,56.067577602090026,35183288
2021-12-03,55.424442291259766,56.57289735943835,55.30959678444191,55.516317294791364,29262336
2021-12-06,54.78130340576172,55.72303790606429,54.207075906749544,55.562251402495676,24436936
2021-12-07,56.25132751464844,56.71070953928356,55.332563465378186,55.608195484004625,25640504
2021-12-08,57.95104217529297,58.06588767960199,56.549925620800266,57.284936147416666,37024958
2021-12-09,58.548240661621094,59.14543872641248,57.813230085205696,58.709027182392774,32496402
2021-12-10,58.75495910644531,59.05355811048375,58.203698597880525,58.686051104773895,17900672
2021-12-13,58.86980056762695,59.88044657654438,58.64011307215462,59.352153070135174,21658406
2021-12-14,57.85916519165039,58.663083742970386,57.33087866177122,58.548238235638955,18990174
2021-12-15,57.99698257446289,58.45636461465666,57.560571038201545,57.88213706441445,12869400
2021-12-16,57.90510559082031,58.869803636513474,57.42275306316703,58.6860536305567,14921590
2021-12-17,56.59585952758789,58.2266669871384,56.113510543004324,58.2266669871384,15929464
2021-12-20,55.033966064453125,55.51631507088184,53.74769503769672,55.17177856422994,31069896
2021-12-21,56.20539474487305,56.98634635538225,55.10287709197048,55.14881810214696,17574746
2021-12-22,57.124149322509766,57.652439307966354,56.57289234061114,56.8714913328089,14547484
2021-12-23,57.813228607177734,58.08885712818604,57.28493856410783,57.56057058992294,14078720
2021-12-24,56.43508529663086,58.019955504453534,56.27430227680139,58.019955504453534,11728990
2021-12-27,56.41211700439453,56.59586702010104,55.26366188219437,56.274300987807756,15378112
2021-12-28,56.50398635864258,57.009305860888645,56.320232856514956,56.802585361499155,12909000
2021-12-29,55.700069427490234,56.7336789632581,55.58522392351603,56.32023444798963,16792994
2021-12-30,55.40147018432617,55.883822700921726,55.05693367384553,55.883822700921726,15717244
2021-12-31,56.25132751464844,56.80258804709461,55.355533968532626,55.40147147003479,17978960
2022-01-03,58.66307830810547,58.93871030401024,57.03227435796974,57.42274834575962,38036710
2022-01-04,58.5252685546875,58.892772058420356,57.79025804241521,58.80089705868879,25454952
2022-01-05,60.52357864379883,60.753269644344556,57.905102639500164,58.34151413861443,34300012
2022-01-06,60.84513854980469,61.16670451644552,59.306213206019166,59.3521471957608,24039798
2022-01-07,60.82217788696289,61.46531693387246,60.202016353058845,61.46531693387246,12471108
2022-01-10,61.67203140258789,61.9706268885877,60.822171927645655,60.822171927645655,12538922
2022-01-11,62.085472106933594,62.52189059782943,61.097803648787036,61.327494639947886,15277486
2022-01-12,63.80815124511719,63.99190823432296,61.78687343114046,62.361100879385255,23802350
2022-01-13,63.417694091796875,63.945980651177365,62.54486398156813,63.945980651177365,18006402
2022-01-14,63.27987289428711,64.08379142470454,62.866431882489174,63.23393188870365,12107922
2022-01-17,63.991920471191406,65.18630958617045,63.188001889919185,63.279876897284694,40334058
2022-01-18,62.223289489746094,64.45129495748638,61.672032500601844,64.45129495748638,20914630
2022-01-19,63.142059326171875,63.55550736355359,59.85748057886506,62.200324752240476,20185162
2022-01-20,63.877071380615234,64.95661492349826,63.16502784660358,63.53253486508831,37728308
2022-01-21,63.53253936767578,64.29051695170799,62.246268216627136,63.73925988971967,22807336
2022-01-24,61.00593566894531,63.78519838348464,59.972326089873015,63.39472084976746,31967632
2022-01-25,60.11013412475586,60.70732508349436,58.80089269450961,60.293884110581146,44356016
2022-01-27,60.17904281616211,60.500608818600654,57.74431678121918,59.673719805463584,33761480
2022-01-28,60.064205169677734,62.1543949732987,59.71966861994727,60.59249174208549,29475220
2022-01-31,60.891090393066406,61.419376931656394,60.15607633018038,61.3045314224313,12301966
2022-02-01,59.92637634277344,61.39639723891936,58.82386242306713,61.350463247872256,33492430
2022-02-02,61.58015441894531,62.016565888087115,60.5465449874772,60.91405196503282,35545272
2022-02-03,62.544857025146484,63.32581203944208,61.09780651675284,61.5571885206382,38244016
2022-02-04,62.56782913208008,63.808159172461444,62.26923362574109,62.65970413329106,34586822
2022-02-07,62.29220962524414,63.16503272818809,61.924702578357355,62.452989139147554,18793660
2022-02-08,61.55719757080078,63.07315980842243,61.2815655241008,62.567836726010505,24545842
2022-02-09,63.302833557128906,63.509554030894726,61.9706217080372,62.08546719453068,23846054
2022-02-10,62.56782913208008,63.785195679368655,62.108447116411924,63.67035017545162,16430460
2022-02-11,61.097808837890625,62.361109396568814,60.799213327866575,62.361109396568814,17857040
2022-02-14,56.94040298461914,59.35215871700595,56.36617542928895,57.85916707314745,46982806
2022-02-15,59.03059005737305,59.375126575217635,56.25132741150401,57.422752974098294,31792558
2022-02-16,58.89277267456055,59.69669119744545,58.43339066148345,59.39809569279064,21888804
2022-02-17,58.24964141845703,59.627787475630555,57.79025939939919,59.260280458461615,24435610
2022-02-18,58.1118278503418,58.640117895397175,57.514629798573665,57.53760030241352,16518366
2022-02-21,57.37681198120117,58.27260547116383,56.54992298676911,58.11182247358162,23499688
2022-02-22,57.124149322509766,57.422748314707526,55.58522036863688,55.58522036863688,25141182
2022-02-23,56.96337127685547,58.0888558396771,56.503989250429214,57.422753303281716,37967346
2022-02-24,52.20876693725586,56.04460607855638,51.81829292373544,55.585224061519035,68063742
2022-02-25,54.20707702636719,54.91912054177177,53.01268450471364,53.01268450471364,37558066
2022-02-28,54.50567626953125,55.03396628278802,52.98971423232601,54.20707726162033,33683862
2022-03-02,54.1611442565918,54.36786477663709,53.4491006790013,54.20708176051221,26599160
2022-03-03,50.623897552490234,54.80427676727168,50.440147547063674,54.6434902553134,51346448
2022-03-04,48.62559127807617,50.39421154186956,46.90290852019813,50.39421154186956,93817612
2022-03-07,45.5477294921875,47.729794159442406,44.468182410401695,47.729794159442406,80425360
2022-03-08,45.616641998291016,46.076024078818385,42.81440850322833,45.54773398525048,83328458
2022-03-09,49.03903579711914,49.49841786547623,45.869298824493825,46.397588904065884,64571020
2022-03-10,48.9471549987793,52.7140861120535,48.510739982549346,51.45078557342041,92927958
2022-03-11,48.648555755615234,49.1538752676862,47.66088372918171,48.694493255838665,45185172
2022-03-14,49.291690826416016,49.54434882775827,47.546037795294176,48.78636781411835,44459682
2022-03-15,50.50905227661133,50.96843430188222,49.452475721372316,49.56732122769004,57685944
2022-03-16,53.058624267578125,53.4261312921334,51.060313145474844,51.42781666522338,60750262
2022-03-17,52.576271057128906,53.8395716186177,52.11688903476935,53.74769661606846,59261238
2022-03-21,50.89952850341797,52.96674756439928,50.532021490654195,52.943777061799054,32646214
2022-03-22,51.54266357421875,52.13986162916273,49.360598880487274,50.57796198953041,45919240
2022-03-23,51.519691467285156,52.025010961089414,51.198121967732284,51.88719496059439,26312128
2022-03-24,51.4737548828125,52.07094938434764,50.646865874771166,50.76171137562099,24049780
2022-03-25,52.16283416748047,52.53033771155751,51.26703705012832,51.864235128363084,17937102
2022-03-28,52.392520904541016,52.576270909122215,51.29000335302042,52.30064239744374,21726140
2022-03-29,52.415489196777344,53.219407753491126,52.18579818057341,52.82893372690579,18245712
2022-03-30,52.82893371582031,53.56394426655733,52.737058711280724,53.15049973651565,22475998
2022-03-31,53.862548828125,54.20708538779318,52.668156122236745,53.127538201794316,31232228
2022-04-01,54.73536682128906,54.988024822191775,53.426128802628604,53.9314483092406,25395212
2022-04-04,55.58522415161133,55.95273116775952,54.75833511768122,55.51631614798271,23943874
2022-04-05,56.64179992675781,57.3768103988682,55.76897345777393,56.274292938299425,24343674
2022-04-06,57.28493881225586,57.39978432190738,56.18242472344671,56.710711263998256,21341048
2022-04-07,57.88213348388672,58.709022507007745,56.96336946033296,57.21603096873289,26570700
2022-04-08,59.32918930053711,59.673725840051524,57.88213863842209,58.22667517793651,30937556
2022-04-11,59.972328186035156,60.477644236586464,59.398100622035614,59.650762152118176,23823264
2022-04-12,59.44403076171875,60.13310379377707,58.34151671427079,60.13310379377707,25671534
2022-04-13,58.64011764526367,60.15607626244381,58.50230163242602,59.71966472980259,11285992
2022-04-18,58.61714553833008,59.0076195576148,57.537598483317005,58.479333034068425,14567858
2022-04-19,57.19306182861328,59.37512643653226,56.595863797154884,58.75496140682189,14494242
2022-04-20,58.73199462890625,58.846843646677314,57.261973464887866,57.85916802941731,16440306
2022-04-21,59.03059005737305,59.71966309306223,58.800899045476655,59.00761955426073,15971428
2022-04-22,59.306217193603516,59.903408167684645,58.0658837285791,58.754956707546086,20263588
2022-04-25,57.79025650024414,59.16840248828043,57.583532499154806,59.16840248828043,11429410
2022-04-26,59.67372131347656,60.638426354784364,58.52526977368503,58.800898283427266,40517054
2022-04-27,58.341514587402344,59.788565098126526,58.01994858608731,59.19137409980423,18304724
2022-04-28,59.07653045654297,59.30622146607912,58.52526993077222,58.80089844125426,13806778
2022-04-29,58.387454986572266,60.22498660113615,58.019951467504875,59.58184755695307,38945340
2022-05-02,57.97400665283203,58.54823414941241,56.13647866377484,58.387451151331206,26725470
2022-05-04,55.378501892089844,58.68605091347045,54.758333383875254,58.663080411386005,20946372
2022-05-05,56.77962112426758,58.686057347677995,55.76898200826557,56.04461053946548,34347088
2022-05-06,54.91911697387695,56.66476639063703,54.43676449415807,55.92975592543245,38142664
2022-05-09,53.95441818237305,54.597553727251075,52.66815059742374,54.20707970154873,24627192
2022-05-10,54.52864456176758,55.8608531253633,53.83957152937048,53.954417034769996,30417490
2022-05-11,53.449092864990234,55.1947457972146,52.691111894292646,54.82723880996535,18326356
2022-05-12,53.95441818237305,54.321925209391,51.91016954470344,53.288315638810616,31420096
2022-05-13,56.32023620605469,57.974010813945355,54.43677058304568,54.52864558717032,53887480
2022-05-16,57.675411224365234,57.90510222325987,55.70006723194878,56.32023222800299,15672078
2022-05-17,58.594181060791016,58.75496407508331,57.193064425943554,57.65244646952543,16640472
2022-05-18,58.06588363647461,59.03058510453688,57.39977765497926,58.15775863160191,17710900
2022-05-19,56.45805358886719,57.4686926780217,56.044609050646955,57.147126650965305,18939744
2022-05-20,59.88044738769531,61.074836399556965,58.456360362830225,59.71966088147685,96331634
2022-05-23,62.38408660888672,64.49723992853824,62.200329574820856,62.93534369185606,99798554
2022-05-24,64.86473846435547,65.23224547458562,62.9353354226636,63.39471743304801,66817404
2022-05-25,63.877071380615234,65.69162896046772,63.555505368046106,65.3470924449408,52476898
2022-05-26,63.11908721923828,64.38238778374688,62.56783019301176,64.08379227234475,40746456
2022-05-27,64.45130157470703,65.0025586204489,62.958309945615454,63.80816251333017,26013798
2022-05-30,63.991920471191406,65.32412560202559,63.57847242362602,65.14037558729457,32696950
2022-05-31,63.1650276184082,64.61207817454823,62.82049110412598,63.99191665460822,27849494
2022-06-01,64.26753997802734,64.97958349082847,62.958305463792826,63.80815797100896,40141472
2022-06-02,65.92132568359375,66.33476673420972,63.94598142146571,64.52020899710676,37373132
2022-06-03,64.08379364013672,66.72524033139683,63.854102623505405,66.61039482308118,30020470
2022-06-06,63.57846450805664,64.12972850284436,62.56782553363396,63.64737601221154,21758016
2022-06-07,64.1986312866211,64.56613827014861,62.36110337859616,62.98127185139965,22348178
2022-06-08,63.624412536621094,64.97958815262639,63.25690550271788,64.3134855965845,16499834
2022-06-09,63.34877395629883,63.67034695871071,62.75158297379202,63.34877395629883,12995594
2022-06-10,63.325828552246094,63.532549105976216,62.47596881960404,62.6597188652275,10350954
2022-06-13,60.56952667236328,61.94767283546949,60.11014461799455,61.94767283546949,21674386
2022-06-14,61.327491760253906,61.901719211192614,59.99528687792108,60.06419136818875,27803250
2022-06-15,61.809852600097656,62.6137711403935,61.44234557975402,61.557191085510574,21790724
2022-06-16,59.67372131347656,63.69331396957023,59.51294181300081,62.659704429431855,26619046
2022-06-17,60.40873336791992,60.86811537071779,58.892771356764335,59.719660363723115,31924822
2022-06-20,61.05186462402344,62.56782661670575,60.064196133888814,60.776239631471284,49215766
2022-06-21,62.82048416137695,63.37174112138243,61.16670627174797,61.97062471622628,29246130
2022-06-22,61.304534912109375,62.93534263785993,60.86812335413461,62.93534263785993,25926110
2022-06-23,64.15270233154297,64.31348885753239,61.44235096210684,61.53422597283766,34630854
2022-06-24,64.31348419189453,65.55381427081551,64.10676368034329,64.72692521499702,38553542
2022-06-27,64.91069030761719,66.19696155338963,64.77287427956757,65.46194741020128,36142218
2022-06-28,66.61040496826172,67.0697870714911,64.4283399779221,64.70397204370559,44146852
2022-06-29,67.32243347167969,67.85071996759716,65.82944197235038,65.99022146651033,37372958
2022-06-30,67.89665985107422,68.65463733438129,66.77117537207378,67.29946185927412,50561914
2022-07-01,67.20759582519531,68.44792596765282,66.4496112311946,67.98854391417865,39952490
2022-07-04,66.63336181640625,67.85072133657602,66.08210480745416,67.27649382524817,31267300
2022-07-05,66.51851654052734,67.804787572202,66.28882553521449,66.93195754624521,15168986
2022-07-06,67.50618743896484,67.75884895563736,66.61039388859267,66.61039388859267,26234306
2022-07-07,67.98854064941406,68.49386368781592,67.20759259793134,67.94259964242715,19896922
2022-07-08,66.19695281982422,68.81542896884586,65.9902253002168,68.81542896884586,26604008
2022-07-11,66.7022705078125,67.16165254575833,65.41599939964144,65.64569041861435,14738652
2022-07-12,65.87538146972656,66.81711604989769,65.43896993538782,66.67930003652398,12022542
2022-07-13,65.73756408691406,66.58741654343628,65.37005710129861,66.33475505272486,10835778
2022-07-14,65.55252075195312,66.52401472968566,65.02051651492094,66.1307892960934,11165760
2022-07-15,67.05601501464844,67.26419026648131,65.55251688849515,65.57564904068586,18579870
2022-07-18,67.4029769897461,68.14316351574189,66.96349432822315,67.51863069324907,16945142
2022-07-19,67.81934356689453,68.35134785010332,66.80158519371507,67.37985378804758,17626670
2022-07-20,68.69830322265625,70.24806574856242,67.9812488142677,68.23568838614005,33865082
2022-07-21,68.21255493164062,69.60039941472158,67.37984683000364,68.72143406568047,21208726
2022-07-22,68.09689331054688,69.23029809488445,67.88871807406711,68.81394762192492,14969524
2022-07-25,67.9581069946289,69.02212237906433,67.07914175384467,68.004371295277,13891192
2022-07-26,67.03288269042969,68.00437660841229,66.22330677842479,67.95811230414958,17622028
2022-07-27,68.37446594238281,68.5826411817364,66.82470360475017,66.98662160143705,13940134
2022-07-28,67.33358764648438,68.88334303933108,66.33896156017734,68.79082148824114,24127772
2022-07-29,68.92960357666016,71.47398491673822,67.33358396603586,67.9812418472064,86990626
2022-08-01,71.35833740234375,73.2087967190982,69.32283497749069,69.57726748639074,64016254
2022-08-02,68.79082489013672,71.7978213323863,68.05064538587138,71.45086020443443,41059244
2022-08-03,68.69830322265625,68.97587494814286,67.05601914123528,68.92961064091435,32798050
2022-08-04,67.49549865722656,69.5541402302853,66.54714393401922,69.16091481411992,34542174
2022-08-05,67.05601501464844,68.25881633914777,66.87097191500628,67.68054782908882,17629860
2022-08-08,67.17167663574219,68.35134594712576,67.00976566920255,67.35672681614227,18619432
2022-08-10,68.0043716430664,68.23567902960744,66.6396594742625,67.54175686998431,21962938
2022-08-11,67.47237396240234,68.8833435087587,67.07914854391298,68.3976035974908,14607772
2022-08-12,68.07376861572266,68.97587317083845,67.56489654403228,67.72680749727566,20423748
2022-08-16,69.16092681884766,69.43849857949051,67.9581252679861,68.76770133442747,26183150
2022-08-17,68.42073059082031,70.08614680379425,68.23568748224193,69.62353197340617,24459830
2022-08-18,68.16629791259766,68.51325903453024,67.56489722279277,68.28195161990851,25690602
2022-08-19,68.46699523925781,69.60040016757873,68.00438040656013,68.46699523925781,41367714
2022-08-22,65.78382110595703,68.21254873055733,65.59877801527834,68.21254873055733,36368484
2022-08-23,67.84246063232422,68.0043786431466,64.58103179353097,65.59878298728626,24571460
2022-08-24,69.13777923583984,69.27656508519448,67.42610591764337,67.72680270879381,15914256
2022-08-25,68.25881958007812,69.78544993090658,68.1431658725751,69.48474605603343,18557014
2022-08-26,69.16092681884766,70.27119974353286,68.69831192373832,68.74457623682649,25273654
2022-08-29,68.53638458251953,68.74456690421083,67.14854008560229,67.31045810048616,12434892
2022-08-30,71.24268341064453,71.3814692706355,68.99899867445974,69.09152728708177,50545152
2022-09-01,75.29056549072266,75.63752662201631,71.7053004673549,71.77468987003672,94308386
2022-09-02,75.70691680908203,76.74780021374737,75.19804471327772,76.05387794397048,43094850
2022-09-05,76.14640808105469,76.88658761489918,75.79944693923751,76.67841234159737,27766960
2022-09-06,76.3314437866211,78.39007828301736,76.07700422887733,76.49336179398763,45050180
2022-09-07,74.92046356201172,76.21578638118896,73.92584459062894,76.10013268410066,34833124
2022-09-08,76.05387878417969,76.28518620999402,75.17491338966215,75.591263932551,14178920
2022-09-09,77.04850006103516,77.48798273040428,76.2851813689227,76.37770998053051,27389230
2022-09-12,76.3314437866211,77.34919495865435,76.14640068586662,77.04849815519287,18085250
2022-09-13,75.84569549560547,77.04849680627714,75.63752024616582,76.72466785615528,20589446
2022-09-14,75.40621948242188,76.2851848614008,74.71229721724622,74.94360463897144,31497786
2022-09-15,76.37770080566406,77.67301650526976,75.66064650549161,75.77630019716649,23162518
2022-09-16,74.22654724121094,76.60901782474036,72.72304906033062,76.21579240001023,25203774
2022-09-19,74.64290618896484,75.77631111895019,73.09314367357484,74.48098817370601,29924528
2022-09-20,75.15177917480469,76.19266256243063,74.94360390906795,75.38308659427712,20722980
2022-09-21,75.03612518310547,75.56813648125826,74.24968137164286,74.71229620884937,9823596
2022-09-22,76.10013580322266,76.65527216021161,74.48098397762217,74.92046663278252,23510252
2022-09-23,73.69454193115234,76.44709868691082,73.20879496038509,76.21579127787327,20728036
2022-09-26,71.47398376464844,73.3013107403706,69.66978893979697,73.09313550041718,18444012
2022-09-27,69.80857849121094,71.77469161637892,68.92961309412459,71.54338418988857,29748972
2022-09-28,69.29969787597656,69.94735576701851,68.46698983110721,69.32283002757269,20388126
2022-09-29,69.09152221679688,70.54875599240769,68.81395051718455,69.92422319775075,23803042
2022-09-30,70.61814880371094,70.91885266932655,67.68054895893668,69.16091495761225,29216634
2022-10-03,69.53101348876953,72.81557469416633,68.95274492525505,71.79782343416933,38601592
2022-10-04,72.30669403076172,72.72304452360912,70.75693164049564,71.17328919228463,25232554
2022-10-06,72.39921569824219,73.48636329428444,72.19104045147326,72.72304464420958,17411148
2022-10-07,73.85645294189453,74.24967836115343,71.61277530777936,72.16791167813044,30653930
2022-10-10,71.40459442138672,73.07000340113116,70.5487542511568,73.07000340113116,23341020
2022-10-11,68.97587585449219,71.35833947027955,68.69830412535826,71.35833947027955,33277650
2022-10-12,68.95274353027344,69.5078799282279,67.91186013700546,69.32283681522384,30621010
2022-10-13,68.05064392089844,69.4616134970407,67.58802909358829,69.20718098917378,21549912
2022-10-14,68.46699523925781,69.85483973735087,68.25881997633229,69.85483973735087,16431076
2022-10-17,68.49012756347656,68.74456713388322,67.10228306192259,68.00438057614424,17489686
2022-10-18,69.29969787597656,69.94735576701851,68.81395092822432,68.83708307982043,15146816
2022-10-19,67.93498992919922,69.55414181799512,67.74993976368589,69.29970225225307,21012544
2022-10-20,66.96349334716797,67.77306925982803,66.24643898416642,67.77306925982803,27604588
2022-10-21,66.15392303466797,67.31046015065867,65.55252232256433,67.31046015065867,19860990
2022-10-24,66.87097930908203,67.31046201353308,66.5008860099339,67.31046201353308,3099678
2022-10-25,68.12003326416016,68.46699438435112,65.85322343582266,67.21793576345206,20289142
2022-10-27,68.44386291503906,68.79082403869653,67.79620497445534,68.42073076167348,12188306
2022-10-28,68.9990005493164,69.62353340677468,68.25882104082237,68.46699630699436,21679440
2022-10-31,70.9188461303711,71.15015351692877,69.20717288163256,69.34595166641417,27540900
2022-11-01,69.27656555175781,71.42772152494696,68.07376426117237,71.35833212927308,30841710
2022-11-02,69.13777923583984,69.9010978778196,68.65203229256937,69.43848308593181,12065478
2022-11-03,68.49012756347656,69.55414309312303,68.12003428460707,68.79082438190305,23182838
2022-11-04,67.8656005859375,68.79083033369109,67.65742530448149,68.37447977077909,26617822
2022-11-07,68.53638458251953,68.79082415207611,67.63428707131175,68.21255561169393,20230352
2022-11-09,68.37446594238281,69.53100289317095,67.77306531618471,68.83708072269806,30290064
2022-11-10,67.81934356689453,68.55952313227448,66.778460097096,68.55952313227448,12207908
2022-11-11,68.3513412475586,71.24268393992571,67.14853986395703,70.59502600041233,71192890
2022-11-14,70.66441345214844,71.01137456566144,68.74456478095325,69.39222270260076,51122290
2022-11-15,69.43849182128906,70.87259362118616,69.18405224195399,70.7800720629577,21352454
2022-11-16,68.46699523925781,69.69292172232983,68.02751255998344,69.48474645940429,16414796
2022-11-17,66.96349334716797,68.44385931852945,66.40835699027514,68.23568406706235,31237774
2022-11-18,66.98664093017578,67.47238800145553,66.15393267354528,67.31046995804782,18573730
2022-11-21,66.47774505615234,66.89410260968813,65.52938330853048,66.84783830631473,17147340
2022-11-22,66.66279602050781,67.19480022105654,65.87634520725602,66.57026741263698,18632586
2022-11-23,67.28732299804688,67.68054841184953,66.87097249079616,66.98662619380379,8213540
2022-11-24,67.58802795410156,67.8887247632068,67.07914882906293,67.51863149580979,12525488
2022-11-25,68.81395721435547,69.29970420648054,67.40298054539872,67.63428796460664,20308970
2022-11-28,69.39221954345703,69.92422373638023,68.81395104726155,69.34595524018475,16741990
2022-11-29,68.72142791748047,69.55413594461878,68.55950991869695,69.55413594461878,17756924
2022-11-30,68.83708190917969,69.85483303162702,68.12002757554357,69.04525715212141,46780746
2022-12-01,68.79082489013672,69.66979731631346,68.42073160853295,69.53101145334428,17649078
2022-12-02,67.56489562988281,69.06839378947751,67.12541296425121,68.92960793218808,27811158
2022-12-05,68.12003326416016,68.35134067762081,67.5880290367775,67.93499015696847,11049664
2022-12-06,67.49549865722656,67.95811347203673,67.24106615623447,67.95811347203673,12074038
2022-12-07,67.10227966308594,67.68054817610988,66.75531855527157,67.49549801657713,8280026
2022-12-08,67.07914733886719,67.58802645260083,66.8478399342504,67.24106534567565,10937292
2022-12-09,66.45462036132812,67.84246491096067,65.83009454935893,67.42611436964788,13565546
2022-12-12,66.80158233642578,67.26419719210446,65.136173091348,66.6165392177313,15453706
2022-12-13,66.61653137207031,67.37984297046528,66.54714197546774,67.03288186956908,19435906
2022-12-14,67.88872528076172,67.98124683358083,66.73218822316782,66.96349563468661,17107284
2022-12-15,66.6396713256836,67.86559786879748,66.3389674343373,67.86559786879748,16938540
2022-12-16,65.22869110107422,66.75532145352608,65.04364799244944,66.24644231639476,23613520
2022-12-19,66.68592834472656,67.00976438950671,64.16467880356845,65.08990851107178,23466274
2022-12-20,67.12541198730469,67.37984448653339,65.87634634882066,66.68592226912752,18947808
2022-12-21,66.10765838623047,67.54176722625529,65.59878629317888,67.4723778232299,28851228
2022-12-22,65.89948272705078,66.47775127863764,65.06677460097724,66.1076579938336,17041894
2022-12-23,63.771453857421875,65.43686292435528,63.51701430222682,65.22868767335633,17921478
2022-12-26,65.36747741699219,65.7606957902923,62.54552410769881,63.77145765243276,16031864
2022-12-27,65.62190246582031,65.96886351433412,64.85858392372558,65.69129185194683,12797392
2022-12-28,66.52400970458984,67.03288174962876,65.22868685177339,65.55251580024209,16703036
2022-12-29,66.80158233642578,66.94036820491789,65.69130950637393,65.69130950637393,11263828
2022-12-30,66.33895874023438,67.17166678253078,66.15391564592032,66.98662368821672,9777798
2023-01-02,68.76769256591797,68.92961058213746,67.17167279308644,67.79620564542766,32112582
2023-01-03,68.18941497802734,69.18404097915499,67.56488926744797,68.88333714018749,15773432
2023-01-04,67.4492416381836,68.44386066979716,66.89410527033085,68.1894211090066,22666864
2023-01-05,68.6751708984375,68.81395676083604,67.26419423877982,67.63428751886183,18730980
2023-01-06,68.3513412475586,69.50787832450544,68.16629813882395,68.67517021731528,19808390
2023-01-09,70.01675415039062,70.24806155483996,68.46699171700335,68.81395282367737,27144598
2023-01-10,70.27118682861328,70.68754439305651,69.64666107036113,70.01675433021897,17667926
2023-01-11,69.13777923583984,70.43310206491392,68.74456089810015,70.31744836694197,17061884
2023-01-12,67.91185760498047,69.66979534874524,67.54176433382862,69.13778406554506,16282306
2023-01-13,68.02751159667969,68.51325857592226,67.70368263016532,68.2588190097531,22668606
2023-01-16,67.88872528076172,68.35134010379927,67.68055002218323,68.28195070392044,15269890
2023-01-17,67.93498992919922,68.21255458905615,67.24106769114383,68.00437932942795,12890106
2023-01-18,68.18941497802734,68.51325096752176,67.63427866008747,68.00437189169448,15281354
2023-01-19,67.51863098144531,68.23568535801282,67.31045572603976,68.07376734884078,9116758
2023-01-20,66.6396713256836,67.68055475023246,66.50088545728858,67.63429044111996,14639268
2023-01-23,68.16629791259766,68.32820886746761,66.52401385699503,66.96349653298788,16142044
2023-01-24,68.02751159667969,68.60578012936323,67.77307203051052,68.16629745631214,13435006
2023-01-25,67.70368194580078,68.28195047263905,66.61653429176806,68.00437875617989,19412052
2023-01-27,69.09152221679688,70.40997014260154,67.33358459011579,68.69829681883634,41797474
2023-01-30,66.75532531738281,69.39222859209387,66.29271046010219,69.06839960378595,29128672
2023-01-31,69.16092681884766,69.64667387050109,66.61654489574624,67.26420292532208,21137708
2023-02-01,68.32820129394531,70.98823626725586,67.07914280522253,69.36908454437118,31019814
2023-02-02,70.34059143066406,71.70530386666037,67.81934183552808,70.68755257840597,66959914
2023-02-03,71.19641876220703,72.30669857785738,70.15553540568972,70.84945764336793,41006734
2023-02-06,70.71067810058594,72.28356566589912,70.36371698538963,71.47398973044105,17930096
2023-02-07,69.13777923583984,71.54337474186798,68.53637859459742,70.872584705419,15873396
2023-02-08,68.69830322265625,69.48474703294536,68.12003467701099,69.48474703294536,13386106
2023-02-09,68.86021423339844,68.99899302308063,68.00437404933699,68.6982962335139,15900846
2023-02-10,68.16629791259766,69.02213111133277,67.54176506954218,68.74456644915196,21562438
2023-02-13,68.9990005493164,69.62353340677468,67.79620620091023,68.1662994846284,17540876
2023-02-14,69.0452651977539,69.25344046495366,68.51326095280541,68.99900088995739,13801430
2023-02-15,69.36909484863281,70.27119238788016,68.74456904097343,68.81395844439925,17165474
2023-02-16,69.83170318603516,70.0861427397831,69.4153526864052,69.71604948514442,13621782
2023-02-17,68.88334655761719,69.92422994316243,68.67517129229658,69.71605467784183,12717390
2023-02-20,68.72142791748047,69.16091055268247,67.79619834486932,69.16091055268247,11925906
2023-02-21,68.3513412475586,68.92960978603202,68.16629813882395,68.72143452397002,8144578
2023-02-22,66.33895874023438,68.4669896195539,66.15391564592032,68.00437482482718,15217458
2023-02-23,65.04364776611328,66.52401380678657,64.5116364775196,66.33896363986361,24191052
2023-02-24,65.36747741699219,65.78382794376694,64.88173042979354,65.0436484451738,17578292
2023-02-27,65.34434509277344,65.80695992528865,63.65580377766978,65.22869138464463,26373304
2023-02-28,67.31045532226562,67.51863057642241,65.22868866281411,65.64503917112768,27064552
2023-03-01,66.5934066772461,67.773075964179,66.31584200081288,67.2410717068085,16930368
2023-03-02,67.14852905273438,67.3567113402202,66.01512431159829,66.6165249065708,14279618
2023-03-03,67.10227966308594,67.49549801657713,66.91722950355319,67.24106551800004,6205630
2023-03-06,67.5417709350586,67.70368896293205,67.07915606564039,67.2179419382544,11720648
2023-03-08,67.51863098144531,67.65741683802965,66.66279780723538,67.07914831804649,6714760
2023-03-09,67.009765625,67.74994516928426,66.89411190942972,67.54176989304628,5643398
2023-03-10,67.26419067382812,67.44924083353271,66.10765364670631,66.70905431259801,12079604
2023-03-13,65.18243408203125,67.24107595509017,64.83547292036194,67.079157922734,17562656
2023-03-14,64.1646728515625,65.80695684182884,63.88710820042427,65.15929893023116,20842984
2023-03-15,63.887107849121094,65.11303426752623,63.470750286290496,64.99738056545247,11518062
2023-03-16,64.65042114257812,64.78920700046865,63.28570883436218,64.2109384750431,20246382
2023-03-17,64.5347671508789,65.41373248204529,64.1184166379984,64.99738196916478,10645986
2023-03-20,62.892478942871094,64.65041654699264,62.638039397981935,64.53476285012862,22988082
2023-03-21,62.63804626464844,63.51701869253689,62.522392555105924,63.03127170066988,13895604
2023-03-22,64.18780517578125,64.4191125818201,62.91561444256757,62.91561444256757,19289514
2023-03-23,63.51702117919922,64.39598658255652,63.30884590566117,63.84085016680756,13576156
2023-03-24,63.67893600463867,64.41912264314607,63.23945327631244,63.817721881726676,20430898
2023-03-27,62.2679557800293,63.47075004159424,61.71281236506206,63.37822849208028,16766024
2023-03-28,62.29108428955078,62.614920319023014,61.574036947284895,62.26795919511031,12140750
2023-03-29,63.12379455566406,63.2857125759329,62.1754327061088,62.198564860281834,8605682
2023-03-31,64.39598846435547,64.67356020981249,63.37823716258426,63.44762656947716,11406164
2023-04-03,65.22869110107422,66.06139920776998,64.95111937919494,65.22869110107422,13995168
2023-04-05,62.337345123291016,65.4368629124381,62.1754271175759,65.3443413630045,49467096
2023-04-06,63.12379455566406,63.67893096110492,62.5686581502232,63.05440515208734,19909536
2023-04-10,63.93336486816406,64.28032597315656,63.146921108636064,63.35509635984322,17812568
2023-04-11,63.63266372680664,64.53476112646358,63.42448848979985,64.25718943782701,16872490
2023-04-12,63.60953903198242,64.2109397218914,63.33196731081148,63.77145704582249,16132484
2023-04-13,63.84084701538086,64.2571975419043,63.56327529173712,63.771457613941,16595592
2023-04-17,63.95649719238281,64.18780459633356,63.49388238448131,63.84084349040744,14800806
2023-04-18,64.5810317993164,64.74294275121132,64.07215267292219,64.34972438894485,15408838
2023-04-19,63.702064514160156,65.11304124239125,63.63267510905966,64.92799812282824,15323010
2023-04-20,64.25719451904297,64.32659097616036,63.51701505571698,63.609536606265,10811822
2023-04-21,63.03126907348633,64.25719551996268,62.82309381677513,64.25719551996268,17421226
2023-04-24,63.12379455566406,63.44762353725936,62.91561928599153,63.14692670983709,7436884
2023-04-25,64.83546447753906,65.1130361943065,63.14692320087274,63.42449491764018,35620680
2023-04-26,65.22869110107422,65.45999851632625,64.5347688553181,65.02051583913581,15363994
2023-04-27,65.78382110595703,65.87634265129637,65.18242047283914,65.27494907711993,13994054
2023-04-28,67.51863098144531,67.68054899061735,65.92261127808017,66.13078653348573,32594764
2023-05-02,66.47774505615234,67.5186283515794,66.24643765716856,67.5186283515794,20175314
2023-05-03,66.47774505615234,67.00975630918003,66.24643765716856,66.47774505615234,5880576
2023-05-04,67.28732299804688,67.54176255645201,66.31583612814794,66.54714353416318,10442546
2023-05-05,66.84783935546875,67.54176156331098,66.50087825154763,67.40297570995419,5554888
2023-05-08,67.84246063232422,68.23568605349743,66.91723099092086,66.91723099092086,14258880
2023-05-09,68.02751159667969,68.83708754243663,67.77307203051052,68.16629745631214,10110598
2023-05-10,68.86021423339844,68.92960362823953,67.8655882007133,68.09689559543895,9457248
2023-05-11,68.88334655761719,69.73918683153128,68.76769284811216,69.1377861303167,15350766
2023-05-12,69.27656555175781,69.62352664801035,68.23568226300019,68.23568226300019,12736776
2023-05-15,70.9419937133789,71.0576474318168,68.97588049993477,69.23031303334392,23268486
2023-05-16,70.57188415527344,71.21954200584237,70.36370892180065,71.08075616388012,15611944
2023-05-17,70.73379516601562,71.4045922264119,70.20179100667494,70.64127362425305,16395374
2023-05-18,70.64128112792969,71.47398921012731,70.36371647315842,71.10389594482372,10130980
2023-05-19,71.5665054321289,71.68215912773962,70.1092716910103,70.6412758672431,14075740
2023-05-22,70.8031997680664,71.65903295157815,70.50249589904176,71.56651139916364,7389250
2023-05-23,70.40997314453125,71.5896423297665,70.17866573797303,71.15015966909426,20463514
2023-05-24,69.57726287841797,71.6590294718952,68.60577603682691,71.6590294718952,45013954
2023-05-25,67.31045532226562,69.39222198171714,66.66279740734635,68.9296071685057,40656592
2023-05-26,67.31045532226562,67.77307013547707,66.98662636480599,67.63428427972526,20537788
2023-05-29,67.58802795410156,68.07376786743433,67.1716703811767,68.07376786743433,14044286
2023-05-30,67.47237396240234,67.72680646489813,66.89410544047206,67.37984535173996,13158374
2023-05-31,67.68054962158203,67.88872487892834,66.96349523832966,67.37984575302228,13523812
2023-06-01,68.07376861572266,68.46699404020606,67.37984637882867,67.88872550946107,11688032
2023-06-02,67.61114501953125,67.95810609296493,66.82470133153649,67.70367361959978,16416762
2023-06-05,68.95274353027344,69.27657250750168,67.77307427278127,68.07377109614845,19905338
2023-06-06,69.46161651611328,69.55414513275062,68.92961226516047,69.32283770904202,15619658
2023-06-07,70.29432678222656,70.64128792829771,69.4847507747272,69.62353664494418,13285828
2023-06-08,70.78007507324219,71.12703622556201,70.10928492387909,70.10928492387909,20523002
2023-06-09,70.4793701171875,71.21954958822063,70.36371641306278,71.17329234193589,7461344
2023-06-12,70.71067810058594,70.91885335791534,70.10927742245727,70.47937069045507,8446084
2023-06-13,71.26580810546875,71.58963703892928,70.7800611758073,70.89571487053901,12694286
2023-06-14,72.32982635498047,72.51486945025616,71.3583324574291,71.4739861567118,15789934
2023-06-15,72.79244995117188,73.67141534839203,72.14478492153482,72.21418138485797,29857650
2023-06-16,76.05387878417969,77.62677351508269,73.1394108660729,73.87959039331334,95131476
2023-06-19,77.69615936279297,78.71391057800115,76.65527599427371,76.79406185519804,50081632
2023-06-20,77.37232971191406,78.8989600507537,76.42396790604839,77.88120884450797,41469346
2023-06-21,75.82256317138672,77.85807253413329,75.63752007429234,77.44171497725841,22649428
2023-06-22,75.86883544921875,76.88658670809052,75.49874215719018,75.96135700749029,19710750
2023-06-23,74.75856018066406,75.98448667018299,73.85645560500585,75.98448667018299,19614624
2023-06-26,75.98448181152344,76.42396446500722,74.0183688879376,74.75855540039366,14318252
2023-06-27,75.68379211425781,76.70154337019243,75.3830882270651,76.37771438770538,14230892
2023-06-28,76.77093505859375,77.18729267041815,75.40622262532274,75.91510179790504,22040834
2023-06-30,77.44171142578125,77.95059050786612,76.8634429502036,77.16414679286879,20890412
2023-07-03,77.32606506347656,80.44871512771593,77.07163255724771,78.18190531206712,31822406
2023-07-04,75.52186584472656,77.71928613729901,74.80481149536196,77.71928613729901,25374992
2023-07-05,76.40082550048828,76.56274349156955,75.40620658082076,76.23891456834812,15914932
2023-07-06,76.44709777832031,76.67840518460874,75.59125755147646,76.51648717663011,14768322
2023-07-07,76.89361572265625,77.52812472859007,76.00059268839864,76.9641143327218,28839572
2023-07-10,76.70560455322266,78.44463952912406,76.44709770653087,77.15211246744612,22910560
2023-07-11,78.20962524414062,78.72663887561794,76.18858890893694,77.08160463045577,38102080
2023-07-12,79.80767059326172,81.19419815783824,78.51514356035837,78.63264601789503,71427246
2023-07-13,80.04267883300781,81.31170399275821,79.45516652092141,80.20717797732331,37701570
2023-07-14,80.72418975830078,80.84169221791986,79.10265724991382,80.13667746020543,18648660
2023-07-17,81.02969360351562,82.11071767062197,80.88869638884259,81.05319552988814,44394910
2023-07-18,81.52320861816406,82.01672040452462,80.51269028991538,82.01672040452462,23647298
2023-07-19,81.40570068359375,82.20471595593803,80.9356908561229,81.78170997992659,14662936
2023-07-20,82.58072662353516,82.90973207387177,80.58318482361462,81.54670642028542,21162080
2023-07-21,85.4712905883789,86.1057995568064,82.08721406964214,82.76873406163664,114995906
2023-07-24,85.75328826904297,87.65682943098892,85.51828336440225,86.66980596278567,47229816
2023-07-25,85.91780090332031,87.1398221944492,85.00128314202838,87.0693235865733,32973224
2023-07-26,85.11878204345703,86.34080328348264,84.86027520575405,86.2468027529854,23474778
2023-07-27,85.49478149414062,85.96479130372201,84.71926817704356,85.54178534381097,18714146
2023-07-28,84.27276611328125,85.54179125245041,83.68525381072321,85.47129264485586,24310854
2023-07-31,86.4818115234375,86.78731505412851,84.27276668518417,84.81327513849322,23877408
2023-08-01,86.57581329345703,87.37482860740309,85.91780236944997,86.69331575644266,18868720
2023-08-02,84.76628112792969,87.44533589583314,84.06126633786135,87.28082957610467,37886648
2023-08-03,85.07178497314453,85.77679976573965,84.62527703885722,84.93078058026924,16873582
2023-08-04,85.77679443359375,86.5758097145094,84.86027669454988,85.44778898519094,17299160
2023-08-07,86.0353012084961,86.27030612456859,85.35378838624204,86.24680419860516,13706164
2023-08-08,86.34080505371094,87.04581980456615,85.68279415495846,86.12930206281057,21521752
2023-08-09,88.15034484863281,88.50285222032413,85.68279324679355,86.34080413857168,34076474
2023-08-10,87.51582336425781,89.11386098803113,87.16331601410228,88.22083806456888,32224228
2023-08-11,87.9388427734375,89.79538018260705,87.53933154599174,88.38535068119509,42298448
2023-08-14,87.82134246826172,88.36185092167656,85.5887957029534,87.91534300297111,28275180
2023-08-16,88.64385223388672,90.00687780186067,87.18681896733762,87.65682877309146,48964186
2023-08-17,88.78485870361328,89.7248784132197,88.07984392140847,89.0903694123041,26295816
2023-08-18,87.60982513427734,88.94935595260607,86.9753161980536,88.62035052214407,17787888
2023-08-21,87.82134246826172,88.80835884038201,86.7873150711151,88.00934353768051,17922880
2023-08-22,88.31484985351562,88.8318635683934,87.60983506329029,88.24435124320561,19235690
2023-08-23,88.17384338378906,88.97285862787447,87.3983228928216,88.7378537224505,17778142
2023-08-24,87.35133361816406,88.90236038799331,87.06932483904174,88.78485792532254,23644796
2023-08-25,87.39832305908203,88.12683970163836,86.78730886946123,87.35132638097618,26573686
2023-08-28,88.12683868408203,88.80835146888283,87.3513253723743,87.82133517868941,41687536
2023-08-29,88.40885925292969,89.2548712799468,88.17385431836239,88.40885925292969,33540388
2023-08-30,88.2678451538086,89.77187513533238,88.12684077421372,89.18436286350429,34733530
2023-08-31,86.41130828857422,89.32536773865183,85.54178725273252,88.71435353820475,394168476
2023-09-01,86.57581329345703,87.13982368143182,85.07178320159719,86.78731629247493,27553804
2023-09-04,86.36430358886719,87.1633188407754,86.05880007753719,86.99881970843643,17110816
2023-09-05,86.19979858398438,86.95181716875074,85.89429506804971,86.38780681606634,15699850
2023-09-06,85.5652847290039,86.34079802308315,85.30677790705072,86.15279697354282,23532190
2023-09-07,85.54178619384766,86.27030284029424,85.25977743658426,85.68279057247935,8285762
2023-09-08,86.29380798339844,87.18682379506683,85.8237981516191,86.48180904739782,20779548
2023-09-11,86.8813247680664,87.06932584179233,86.48181352167227,86.8343209137443,10470326
2023-09-12,84.57826232910156,87.37481921312599,83.1212362478035,87.23382201012778,34109476
2023-09-13,84.36676788330078,85.23628897253751,83.49724679406405,84.6017728077668,21086974
2023-09-14,84.55477142333984,85.1422837516615,84.15526734314993,84.60177527831812,14338956
2023-09-15,86.01180267333984,86.36431006134534,84.81327611976494,84.9777824362133,19220132
2023-09-18,86.31729888916016,86.62280956926425,85.5652874949097,86.62280956926425,14811774
2023-09-20,85.65928649902344,86.55230225499244,85.11877809490227,86.12929630148722,11265382
2023-09-21,84.29627227783203,85.98830349119937,83.75575662923497,85.68279994722207,16371930
2023-09-22,84.0612564086914,84.83676971745177,83.56774467958006,84.29626131095581,17468008
2023-09-25,85.75328826904297,86.10579562600405,83.16823431799504,84.13175586137811,29149372
2023-09-26,84.41376495361328,85.77679053727418,83.9907518204981,85.75328861235991,20192672
2023-09-27,84.27276611328125,84.6487754212746,83.94376065820497,84.36676664733433,11517700
2023-09-28,81.8287124633789,84.6017675303848,81.57020562823548,84.34326069524137,23852370
2023-09-29,83.19174194335938,83.5442493244753,81.92271680569824,82.39272664718614,18438560
2023-10-03,83.47373962402344,84.60176022497778,83.14472704128002,83.66174066692247,24711050
2023-10-04,81.28819274902344,83.37973490597143,80.7476843525671,83.37973490597143,17863666
2023-10-05,80.95919799804688,82.29872896135697,80.72419306917011,81.78171524911556,17586520
2023-10-06,80.79468536376953,81.54670394610585,80.30118078912834,81.45270341625898,9513574
2023-10-09,80.70068359375,81.35870163612732,78.96164871707529,79.90166834465953,31234590
2023-10-10,81.59370422363281,82.3457156012551,80.93568619996037,80.9826900487157,17121830
2023-10-11,82.88623809814453,83.09774109164908,81.35870611915018,82.20471809316841,16997234
2023-10-12,82.01670837402344,83.21523477315748,81.68770295530318,83.19173284929597,14516776
2023-10-13,82.62773132324219,83.12124308969923,81.47620864936306,81.75821025035208,20669800
2023-10-16,82.86273193359375,83.66174718584399,82.55722125035234,82.98023438750644,20239008
2023-10-17,83.00373840332031,83.82625560142657,82.86273402071735,83.52074491049004,13166326
2023-10-18,82.53372192382812,84.50776160582451,82.41621947642619,83.35623905564164,24573340
2023-10-19,83.09774017333984,83.26223931234507,81.17069698319176,82.25172103688993,13718712
2023-10-20,80.93568420410156,83.33273699590386,80.70067930968095,82.72172283605424,12354396
2023-10-23,80.13667297363281,81.4291999570785,79.71366701139918,80.93568821995221,19774628
2023-10-25,79.66667175292969,81.05319941397839,78.30364601937971,80.34818461970467,12265850
2023-10-26,78.28013610839844,79.31415626685464,77.6221180644495,79.31415626685464,10002428
2023-10-27,79.03215026855469,79.3846576420483,77.88062761616507,78.72664674690591,10332648
2023-10-30,78.93814849853516,79.5256607784763,77.59862480333783,79.5256607784763,14320628
2023-10-31,78.82064819335938,79.92517417850068,78.49164274197078,79.50216102233168,15801668
2023-11-01,77.59861755371094,78.60913571209005,77.43411126198407,78.51513519043759,11554140
2023-11-02,79.1966552734375,79.43166018522811,78.11563124484452,78.11563124484452,13045262
2023-11-03,79.10265350341797,80.39518049801049,78.96164912419721,79.87816683146123,10021062
2023-11-06,79.5256576538086,79.94867078181393,79.31415467569616,79.66666202981037,9486264
2023-11-07,79.31416320800781,79.73716920973803,79.07915827998409,79.57267006319016,5687160
2023-11-08,81.57020568847656,81.73470482239426,79.66666448328097,79.87816746790699,13198638
2023-11-09,80.08966827392578,82.04021327677077,79.31415496079906,82.01671135205592,19561134
2023-11-10,81.68771362304688,81.89921662186043,79.22016190273257,80.51268899432579,23615408
2023-11-13,81.7582015991211,82.74522502759348,81.2646898848849,82.74522502759348,15602216
2023-11-15,82.13421630859375,82.6982266600477,81.73470509159932,82.6982266600477,13750532
2023-11-16,81.94621276855469,82.81572660896047,81.78170646729333,82.25171627457662,15376302
2023-11-17,81.92271423339844,82.86273388685848,81.45270440666842,82.22821775206063,35914606
2023-11-20,80.91219329833984,82.25172424765702,80.371684836282,82.25172424765702,16428684
2023-11-21,83.68524169921875,83.99074518362195,80.98268549858432,81.12368986514733,33133110
2023-11-22,83.84974670410156,85.18927752282788,82.90972709005656,84.3667603605385,30164256
2023-11-23,83.63824462890625,84.36676127201795,83.33274111975324,84.01425391294266,11055428
2023-11-24,83.73224639892578,84.53126882877235,82.6277276271755,83.80275217485496,19206476
2023-11-28,84.10826110839844,85.07178273394018,83.73225179455518,84.29626935121064,16691650
2023-11-29,85.28328704833984,85.77679883214128,83.8967594056834,84.57827226341813,28675978
2023-11-30,86.08229064941406,86.85781111030319,84.71926511953177,85.40077788447292,45897664
2023-12-01,82.86273193359375,86.57580660852288,82.27521966403023,86.31729977555881,26333208
2023-12-04,81.99321746826172,84.55476973421655,81.8757150049447,84.3667686616218,58445844
2023-12-05,82.22821044921875,83.1917319427993,81.35869665005985,82.46321534171253,35879926
2023-12-06,83.05074310302734,83.2857480394659,82.08722142927299,82.67473377036937,28132058
2023-12-07,83.5677490234375,84.20225798946495,82.48672498247342,83.1682378001092,31240230
2023-12-08,82.2047119140625,83.75574570281057,81.71120735690761,83.56774464977828,26092520
2023-12-11,82.51022338867188,82.95673127278116,81.94621305233484,82.18121795679032,17019280
2023-12-12,80.93568420410156,82.93322580667675,80.46567441526035,82.58071846504582,24168354
2023-12-13,81.89921569824219,82.3692255444301,79.9016738519436,81.2882014638417,32703392
2023-12-14,82.72172546386719,83.05073089215148,82.04021268275392,82.25171566009521,29574844
2023-12-15,81.92271423339844,83.0272330231455,81.66420739434076,82.95673441784831,26310114
2023-12-18,82.3927230834961,82.65122991948958,81.54670397105409,81.92271326233728,23722454
2023-12-19,82.3927230834961,83.14473449428176,81.8992113369232,82.8627329046549,17573004
2023-12-20,79.90167236328125,84.1082589739331,79.33766199272016,83.19174122529871,44285892
2023-12-21,79.5961685180664,80.48918433688739,77.66912532362417,79.0556529041224,40828344
2023-12-22,80.84169006347656,81.21769935859307,80.2541777810385,80.84169006347656,22549822
2023-12-26,81.73471069335938,82.20472054708031,81.07669976686255,81.42920715715326,25650964
2023-12-27,81.85220336914062,82.74522628749405,81.33519689493845,82.20471071727953,27152558
2023-12-28,82.3927230834961,82.81572905382674,81.85220748609503,82.2517187027923,20960488
2023-12-29,85.33029174804688,86.01180461253308,82.43972679816343,83.33274983764652,76584618
2024-01-01,87.39832305908203,88.38534653245262,85.377279434235,85.776790642928,78709586
2024-01-02,84.78976440429688,89.11386026872604,84.46075898116344,88.12683682754539,68089230
2024-01-03,84.46076202392578,85.58878987902462,83.63824485057022,85.58878987902462,22227448
2024-01-04,84.55477142333984,85.25978621732582,84.39027227447859,85.25978621732582,24513982
2024-01-05,84.34326171875,85.6122868127493,83.75574943710396,85.07177838234726,24088158
2024-01-08,83.73224639892578,85.47128846691592,83.37973903462195,84.83677234245674,26718538
2024-01-09,83.3327407836914,84.83677074199109,83.16823448140745,84.34325900691981,13181118
2024-01-10,82.41622161865234,83.56774419876648,81.66420306702085,83.56774419876648,22316780
2024-01-11,83.00373840332031,83.59125068768192,82.62772910697272,83.45024630507896,17255542
2024-01-12,83.02723693847656,83.37974432514733,82.4867284809605,83.0977427188794,15226674
2024-01-15,82.86273193359375,83.56774665706996,82.48672264671697,83.4267422780186,25068396
2024-01-16,82.41622161865234,84.20225312816142,81.80520744192431,82.86272949602962,18921640
2024-01-17,80.55967712402344,82.15771475250185,80.3011774705726,81.87570600283495,32424600
2024-01-18,81.57020568847656,82.01671358308276,78.96164975334042,80.27767868358558,33520288
2024-01-19,81.0062026977539,82.46322896892373,80.77119776642509,82.41623228572678,20759736
2024-01-23,80.01917266845703,82.60422670473612,79.33765985688507,82.22821741055755,26448794
2024-01-24,80.18367767333984,80.58318171484316,78.8206449005562,80.37167873148486,21095562
2024-01-25,79.78416442871094,81.17069191962553,79.22015409685524,80.37167668518157,21681852
2024-01-29,81.64070892333984,82.27522508498775,79.31416161693271,80.25418131017042,33181994
2024-01-30,81.1471939086914,82.1577193416262,80.98269477201421,82.1342174158778,21701822
2024-01-31,82.67472839355469,82.83923470707548,80.65369180904803,81.14719640604832,28450760
2024-02-01,82.13421630859375,83.2857389369332,81.64070456165378,83.2857389369332,24255762
2024-02-02,81.80520629882812,82.3457146946615,79.10264997610066,81.4056951041476,45353934
2024-02-05,84.24925994873047,85.49478309878603,81.38219718776014,82.67472418836827,113941608
2024-02-06,84.57826232910156,87.8213342618884,82.79222364939322,87.8213342618884,144148896
2024-02-07,83.5677490234375,85.98829677386898,83.19173972591337,85.98829677386898,49048576
2024-02-08,82.72172546386719,83.99075049969542,81.35869990164065,83.89674997329712,30328624
2024-02-09,81.52320861816406,82.90973626801036,79.83117742864665,82.76873904771989,31295722
2024-02-12,80.53618621826172,81.9462156903869,80.04267446866176,81.9462156903869,28238014
2024-02-13,81.28819274902344,81.73470062067611,79.78416283682377,80.7476843525671,19097140
2024-02-14,81.61720275878906,82.11071450647015,79.92517170188627,80.32467574769993,18640610
2024-02-15,82.01670837402344,82.48671816413245,81.57020050777592,82.01670837402344,11806390
2024-02-16,81.8757095336914,83.09773793924022,81.3116991818153,82.15771829551981,21655174
2024-02-19,80.93568420410156,82.0167081527924,80.74768315727717,81.94620955317832,22293034
2024-02-20,81.28819274902344,82.1812156641091,80.60667997947144,81.14718837592777,33709764
2024-02-21,80.51268005371094,83.37973552634652,80.27767515406308,81.9697061284594,68168430
2024-02-22,81.31169891357422,81.59370767447231,78.20963123081806,81.17069453312517,29290650
2024-02-23,81.7817153930664,82.01672032235683,80.77119706583012,81.546710463776,21833034
2024-02-26,81.7817153930664,82.76873896479869,80.72419321125952,81.87571593042632,35448700
2024-02-27,81.7817153930664,82.43972632636707,80.93569621326463,81.75821346578111,19946960
2024-02-28,79.57266235351562,81.99321000892432,79.31415552337961,81.78170702855142,24321318
2024-02-29,79.85467529296875,80.25418655742847,78.82065499715615,79.59617559785178,42498232
2024-03-01,80.81819152832031,81.47620961532469,80.18368253973667,80.37168360929158,24134334
2024-03-04,80.86518859863281,81.75820436178418,80.23067249149125,80.84168667396452,35480038
2024-03-05,80.79468536376953,81.54670394610585,80.6301862294827,80.79468536376953,16599648
2024-03-06,80.23067474365234,80.93568947280883,79.43165948496446,80.79468509262139,18817756
2024-03-07,80.39517211914062,80.9591824054613,80.18366915824286,80.23066583189798,11265328
2024-03-11,79.71367645263672,81.19420466758783,79.5021662746882,80.81819533896775,30037892
2024-03-12,78.63264465332031,79.97216834292401,78.4916402723671,79.90166973833777,20222622
2024-03-13,75.10757446289062,78.86765321275467,74.75506708009087,78.72664882527856,28935186
2024-03-14,77.12861633300781,77.29311547120986,74.05005049773064,74.30855733979774,30579464
2024-03-15,76.07109069824219,77.48112012974414,75.31907213272893,77.22261329961268,38148982
2024-03-18,76.44709014892578,76.82309941859761,75.08406461461823,76.23558717591672,27279552
2024-03-19,76.04759216308594,76.61160252647065,75.17807110618972,76.58810060054195,32026390
2024-03-20,75.93008422851562,76.54109839968635,75.22506953219103,76.16508912729049,15974334
2024-03-21,78.421142578125,78.58564171466271,76.42360081147828,76.79960293601066,25383800
2024-03-22,78.32713317871094,79.17315228414635,78.04513159141958,78.39763895436927,22561254
2024-03-26,79.24365997314453,80.01917332164639,78.49164137864874,78.6091438358024,40421540
2024-03-27,79.43165588378906,80.5361817781042,79.24365483324964,80.01916813145021,26132888
2024-03-28,80.48918151855469,81.12369764303367,79.69016626046385,80.230674683701,32561196
2024-04-01,82.08721923828125,82.43972663353028,81.31170583744588,81.31170583744588,42613934
2024-04-02,82.95673370361328,83.8262547442898,82.01671405824656,82.25171896958824,69164602
2024-04-03,84.26238250732422,84.84266716649441,82.69077422526509,83.0292729948877,28497846
2024-04-04,83.65790557861328,84.52833612974143,83.44029978551092,84.14147728716017,17165246
2024-04-05,85.1086196899414,85.35040554133329,82.88418690564868,83.5611917167771,30872804
2024-04-08,85.68890380859375,86.17247550884396,84.89101345466833,85.15697936554966,44081792
2024-04-09,85.13280487060547,85.9065152143583,84.67341320107738,85.68890941076279,14565866
2024-04-10,86.31755828857422,87.33306192580991,85.10862890077905,85.25370190305836,31771134
2024-04-12,86.24502563476562,87.62320071214481,85.64056093976087,86.02741244158838,33685798
2024-04-15,84.55252075195312,85.20533816647534,83.63373002892021,84.21401463473521,23783320
2024-04-16,85.20533752441406,85.73726937998893,83.19851779229978,83.82716251832852,22929970
2024-04-18,82.06212615966797,85.35041560194576,81.7478074672959,85.35041560194576,41272370
2024-04-19,81.89287567138672,82.20719434533716,80.3938003524253,81.24005088245083,21914572
2024-04-22,83.5128402709961,83.85133902236697,82.32809095183833,82.69076976660415,25662166
2024-04-23,84.45580291748047,84.60087591776306,83.53701954688952,83.65791248400514,18262806
2024-04-24,85.88233947753906,86.269190946303,84.33490408760815,84.86683592523676,26600942
2024-04-25,85.93069458007812,86.4626264323052,85.6163759084015,86.07576757420541,23977988
2024-04-26,89.46076965332031,90.52462597885923,85.78562157012874,86.07576755832982,96101794
2024-04-29,89.6300277709961,90.91148997069094,89.38824189341447,90.52463109081646,31350358
2024-04-30,93.16008758544922,93.933805277965,89.77508559345048,90.30701742939493,110070380
2024-05-02,97.36717224121094,97.65731085631288,94.05470288975008,94.70752768648794,101023598
2024-05-03,97.8265609741211,99.18056327337183,96.85941752875898,98.52773849626483,52214612
2024-05-06,97.12538146972656,99.08384100363912,96.85941555193635,98.50355642400878,34852418
2024-05-07,93.86127471923828,97.5364153998632,93.08755700820201,97.46388259264309,32832788
2024-05-08,95.91645812988281,96.54509549250821,93.16009329311942,94.05470396873129,24439584
2024-05-09,94.12723541259766,97.77820349326747,93.81291673584664,96.18241528954275,29499710
2024-05-10,95.89228057861328,96.6659909600785,93.86128068152786,94.78006406536763,24783830
2024-05-13,96.40003204345703,96.69017066842095,91.90281325868223,96.496744918445,37203290
2024-05-14,98.91460418701172,99.56742163052175,96.64181840906232,96.73853128453943,38432966
2024-05-15,97.39134979248047,99.39817702948113,96.95613815871718,99.2289239615068,21030474
2024-05-16,99.93009185791016,100.31695070528478,97.92327219406256,98.0683451841679,38964216
2024-05-17,100.51038360595703,101.52587977711107,99.80919871838263,100.26859774919862,28142158
2024-05-21,102.20288848876953,102.49302710067872,101.09067202965336,102.0094553687777,30847846
2024-05-22,100.67963409423828,102.44467536023265,99.68831055836735,102.44467536023265,22661158
2024-05-23,102.68645477294922,103.3392721491509,99.68830429124547,101.38080526310851,36384084
2024-05-24,101.88855743408203,106.11980988050337,100.09934358962475,102.87988091155877,88554974
2024-05-27,109.62571716308594,110.39943493513894,102.80735973408696,104.45150077630016,165705894
2024-05-28,109.69824981689453,111.60835667316906,108.46514043060725,110.13346142206933,54847622
2024-05-29,107.18367004394531,110.73792517912986,106.9177114978003,107.83649482509152,41723378
2024-05-30,106.264892578125,108.07828664942406,105.56371501296657,107.18367595609544,20326146
2024-05-31,108.320068359375,109.14213883100143,106.24070842851818,107.35292489188058,50448728
2024-06-03,114.3647232055664,115.06590079387352,111.70507847985556,113.63936555309981,54498356
2024-06-04,100.46202850341797,113.63935835525018,92.84577363492781,113.63935835525018,91691974
2024-06-05,108.3926010131836,109.04542580429784,99.22891814750193,104.13717566525942,58013980
2024-06-06,109.14214324951172,111.72925508128355,108.10246693135261,108.99707024777061,37184976
2024-06-07,111.92267608642578,112.26117482365893,108.39260096106504,109.14213862268643,26731196
2024-06-10,111.90817260742188,113.1316085348711,110.65089049467653,113.10742847182,35165122
2024-06-11,115.07073974609375,115.5011183191771,111.26986540116461,112.35790186579639,27106362
2024-06-12,115.10941314697266,116.78257460534613,114.75640784464174,115.57364526160549,24494816
2024-06-13,114.50495147705078,116.3086794178775,113.90532722921547,115.52528816506657,18218174
2024-06-14,115.97985076904297,117.35803325579938,114.06974376608132,114.6065087223347,34019190
2024-06-18,115.68970489501953,117.33867890863549,115.1626060944152,116.34736275179932,25285656
2024-06-19,113.16061401367188,115.99918498929202,111.97103173060877,115.57363952024504,24333182
2024-06-20,114.5387954711914,115.04170680271562,112.81244092552872,113.16061314686037,13200150
2024-06-21,113.95367431640625,115.16744407142977,113.42174984486962,114.55813897409718,15377036
2024-06-24,116.20228576660156,116.73421023125515,111.81628672536549,112.96235671904634,35933776
2024-06-25,116.9566650390625,118.79907224627154,116.49243290730995,116.54079303433063,26178346
2024-06-26,116.14909362792969,117.93347447100304,115.71871508849696,116.83093153001313,12532872
2024-06-27,117.10173034667969,117.35802276986568,115.24964976002238,116.1490934609812,13230688
2024-06-28,116.9711685180664,117.96732512719072,116.35219727785869,116.68586296083551,11927778
2024-07-01,115.4672622680664,117.64816821165716,113.81828082405616,116.97600377201607,21545152
2024-07-02,113.4072494506836,115.57364883561947,112.88982413377649,115.52528870888669,18845198
2024-07-03,110.96520233154297,114.10841848754634,109.35974069161466,113.7844263230661,34412940
2024-07-04,109.823974609375,112.14027992231395,109.50481550041988,111.85014131494299,21922626
2024-07-05,111.00873565673828,111.43911424199212,109.28722131572293,109.77079309145621,27114862
2024-07-08,109.31138610839844,111.84046407610542,108.73110153433379,111.22149287994063,23493048
2024-07-09,110.38975524902344,111.43910503017662,109.89167695148805,109.89167695148805,26475908
2024-07-10,109.272705078125,110.87332633349361,106.99024590844726,110.49614097211389,21941350
2024-07-11,109.74177551269531,110.49614627163523,108.90035800072111,109.28721688135475,13658172
2024-07-12,108.44579315185547,110.25435407236378,108.3007275363144,110.20599394803743,18788662
2024-07-15,110.35107421875,110.5880270376232,108.0299282936916,108.80364606161757,23390542
2024-07-16,110.45262145996094,111.55999748344391,110.0415825348482,111.55999748344391,18771952
2024-07-18,110.4139404296875,111.38108394603876,109.07444459349956,110.97971850130665,16922490
2024-07-19,108.29589080810547,110.64121672265041,107.83649912613708,110.41393741222156,15625360
2024-07-22,111.55999755859375,112.648033960099,107.60438431623986,108.87617295913701,37861868
2024-07-23,111.0425796508789,112.86563977556617,106.07146281515196,111.84530312157386,36828008
2024-07-24,112.43043518066406,112.91400694488196,109.84332329061043,110.25436224168347,13449876
2024-07-25,112.39657592773438,112.90432773021313,108.73110863372094,111.12962033078597,42066324
2024-07-26,119.14241027832031,120.35617271603118,113.68772152165289,113.68772152165289,91609748
2024-07-29,123.96361541748047,125.17254473741409,120.40936026538805,120.40936026538805,57397472
2024-07-30,122.62895965576172,123.98779510756103,121.65215002273267,123.98779510756103,20604924
2024-07-31,124.32144927978516,125.24507301771952,122.29528263222397,122.8272144652539,19254510
2024-08-01,120.98965454101562,124.97912899462837,119.41804629939105,124.97912899462837,35225422
2024-08-02,120.96546173095703,122.51289712417322,118.20910442720876,118.83774913336298,20131812
2024-08-05,117.99150085449219,119.82907488452726,116.05721395523823,116.05721395523823,32531304
2024-08-06,117.5804672241211,121.83590006957647,117.14525560370649,118.16075922296626,22140040
2024-08-07,119.58728790283203,120.26428535974692,118.08821261845335,119.12789624430272,10525734
2024-08-08,119.10372924804688,120.65115744697354,118.54761728148031,119.56312095697078,21351714
2024-08-09,122.39201354980469,123.11737117879511,119.53893578187741,119.92579465974951,23197276
2024-08-12,121.88426208496094,122.7305126545548,120.69951276327343,120.86875844996057,18834012
2024-08-13,121.71500396728516,123.43168509866169,121.40068529168512,122.51290175558533,16231708
2024-08-14,119.17625427246094,122.02933197587184,118.81357546616695,121.61829304391763,9291734
2024-08-16,123.77018737792969,124.22957906261165,120.16757933243944,120.43354526948247,22505440
2024-08-19,124.51972198486328,125.80118413341404,123.64929138456507,124.76150785279506,29246356
2024-08-20,125.72864532470703,126.57489582208487,124.20539738091443,124.8098620218986,17247826
2024-08-21,125.84955596923828,126.45402069531532,124.83405227794094,124.97913266666319,7155728
2024-08-22,126.57490539550781,126.8892240811054,125.60776189678377,125.82537508697214,8414120
2024-08-23,125.92208099365234,127.10683768643425,125.22091080925053,126.67162606207472,11549182
2024-08-26,125.80118560791016,126.28475734944158,125.02746786997221,125.75282548226933,9555442
2024-08-27,126.7683334350586,127.97726283031461,125.0516595967706,125.80118991885377,18768088
2024-08-28,125.9462661743164,127.34862127537966,125.72865298732452,126.93758234297187,8795166
2024-08-29,122.73050689697266,126.18804920348614,121.78754349654864,125.7286501557112,21151184
2024-08-30,124.01197052001953,125.05164674157415,121.4248589286366,123.40749850581125,31632590
2024-09-02,121.5457534790039,124.80986255424057,121.11053450840774,124.80986255424057,14783796
2024-09-03,121.37651062011719,122.10186825330514,120.86875880114174,121.61829649784652,12636904
2024-09-04,121.13471984863281,121.90843757759676,119.73236476594467,119.82907763738538,10904898
2024-09-05,121.44903564453125,123.18989680404458,121.03800410597876,122.29528616232155,17083868
2024-09-06,119.8290786743164,121.81171838152456,119.15207381093477,121.81171838152456,10130918
2024-09-09,117.94314575195312,119.85326004926469,117.07272251320572,119.85326004926469,12815418
2024-09-10,120.04668426513672,120.7962219366951,118.18493011759357,118.30582305240236,9994230
2024-09-11,116.80675506591797,120.62696885366597,116.12975020388521,120.02250417973627,14661330
2024-09-12,119.03118133544922,119.87743188390398,117.02436155774417,118.209110849837,19828720
2024-09-13,118.78939056396484,120.19175298506882,118.57178476479734,119.92578706221126,8606488
2024-09-16,117.89479064941406,120.02250333518708,117.65300478154353,118.9344669297697,11744304
2024-09-17,116.44408416748047,118.30583106235491,115.01754891589623,117.89479948340741,10635992
2024-09-18,114.09874725341797,116.25063995798682,113.54264272010565,116.25063995798682,14948232
2024-09-19,114.87246704101562,115.33185871318597,112.69639423510645,115.09007284586272,28415400
2024-09-20,115.01753997802734,115.83961045075995,113.95367625937669,115.09007278669938,20618640
2024-09-23,114.34053802490234,116.05721920133259,113.66354053104895,115.33186158132425,22399168
2024-09-24,114.75157165527344,115.62200223478104,114.29217999291966,114.3405327381196,12205088
2024-09-25,115.25932312011719,115.67035465740581,113.71188770365511,114.7515713352605,11325284
2024-09-26,116.63750457763672,117.02436345322596,114.29218601830573,115.25932951791917,25497280
2024-09-27,115.83960723876953,117.36285520839878,115.21096252573945,116.51660469666723,12707940
2024-09-30,113.8327865600586,116.5407913011158,113.39757493822265,115.83961374206042,20393380
2024-10-01,115.15294647216797,117.11624665255454,112.91400684463653,114.07457612624134,23234612
2024-10-03,111.55999755859375,114.48560802505166,110.90233970520183,113.14611225582387,14663554
2024-10-04,108.99223327636719,112.18864274631395,108.25720217164309,112.18864274631395,34738898
2024-10-07,107.5560302734375,109.95938251763152,105.99892861160139,108.99223899493677,21221914
2024-10-08,107.5802001953125,108.61021031107025,106.42929715061489,107.37710096013977,13475550
2024-10-09,107.2658920288086,108.3394145544304,104.06464193967128,106.38578787821255,50036824
2024-10-10,109.14214324951172,109.49031550220265,106.13916679345175,108.17499974286346,33584298
2024-10-11,110.18665313720703,110.65088523808883,108.32006599061289,109.26302937505524,30659282
2024-10-14,110.59769439697266,111.53581736168215,109.35974456129513,110.58802089626293,15795796
2024-10-15,109.43228912353516,111.0232369434529,108.27171248969859,110.97971725659787,21254680
2024-10-16,108.49414825439453,109.12279294794455,107.73010407346064,108.94870683863407,9963690
2024-10-17,106.17301177978516,108.80364326874455,105.59756021923538,108.26687833346998,24935554
2024-10-18,107.9719009399414,108.27171306705623,105.3219297867706,105.66042853975821,9515960
2024-10-21,105.3219223022461,108.4167783649441,105.04144981863926,107.9718932671012,11199752
2024-10-22,102.79767608642578,106.26005133760341,102.39631067742691,105.41380083613709,15587840
2024-10-23,103.53754425048828,104.48534809566031,101.9804426768822,102.51720759671186,13238930
2024-10-24,105.06078338623047,105.583041700223,103.55687512554555,103.7261281696174,17420980
2024-10-25,103.4843521118164,106.02793680177729,101.97077020805625,105.85385068064603,20613028
2024-10-28,102.46401977539062,104.64492575333418,102.27542708442628,103.29093073036937,16141458
2024-10-29,100.65545654296875,102.7589966013548,99.70281960770807,102.51721072699867,22038004
2024-10-30,101.25508117675781,102.5897364547161,99.90591933763727,100.48620392028353,11216658
2024-10-31,100.66996765136719,101.75800413510527,100.00747668690363,101.2792728046411,13431480
2024-11-01,101.18738555908203,101.67095729413141,100.58292089027032,101.44851104937229,2325654
2024-11-04,100.92626953125,101.88857265183987,97.68149963821516,101.88857265183987,22814766
2024-11-05,102.43983459472656,102.95241945334769,100.10418222870086,100.91658658061894,11504482
2024-11-06,104.26290130615234,104.69327985196547,102.4398338126657,103.41181771519578,12700484
2024-11-07,104.40313720703125,105.32192795339753,103.36346090265599,105.32192795339753,15746944
2024-11-08,107.29972839355469,107.6914203052029,101.80152031177496,104.40313114149129,42041828
2024-11-11,108.48448181152344,111.43910542257022,107.8074843305631,108.32006919167866,36243744
2024-11-12,106.92737579345703,109.28720813562877,105.97957935940758,108.90034928595358,16884116
2024-11-13,105.1381607055664,106.4728159739411,103.61007232521939,105.41863318388721,18274916
2024-11-14,105.21070861816406,106.18751823518367,103.88088631288281,105.13816842882623,9636734
2024-11-18,106.50666809082031,106.98540673539927,104.33059541700106,105.20585902298671,11243872
2024-11-19,108.01460266113281,110.15693593844803,105.54530820554126,106.14067257384629,16245712
2024-11-21,106.82386779785156,107.30699351219451,104.61321451225633,106.69211233185098,20929238
2024-11-22,109.29318237304688,109.74702170182319,106.97516754580482,107.03372553756004,12284154
2024-11-25,114.63681030273438,115.0808949119964,110.28870088343912,110.28870088343912,36861548
2024-11-26,112.99223327636719,115.04672958154974,112.72871488160335,114.68072726050558,10765920
2024-11-27,114.61241149902344,115.02721712390479,112.99223758846286,113.70472541034064,10538302
2024-11-28,113.01175689697266,115.68601175516588,112.41639252924674,115.19313131310987,18330490
2024-11-29,113.2557601928711,113.60712302011672,111.85519368053748,113.21671905136199,13682648
2024-12-02,112.15287780761719,112.94831780981372,110.37653934676149,111.99671323888137,13793056
2024-12-03,114.76856231689453,115.11017043453747,112.05038899699329,112.582310574195,14635306
2024-12-04,114.1829605102539,115.1589666868094,113.27527446820385,114.77832487365966,16200684
2024-12-05,113.504638671875,114.48552966360437,112.87023315579361,114.19272482654026,9311856
2024-12-06,113.30455780029297,114.29032616133127,112.43591286560678,113.55832150088763,8057688
2024-12-09,111.5867919921875,114.19272679080565,111.31351144427292,113.42168098985437,11975484
2024-12-10,111.73319244384766,112.60671471170212,111.02070464534013,111.77711093548773,10643216
2024-12-11,112.8165512084961,113.1874383239864,111.60142827534942,111.75270804242099,8008332
2024-12-12,112.24070739746094,113.0263926470966,111.91862358041715,112.80190795591383,8171548
2024-12-13,113.18743896484375,113.6998437034949,110.16182126727276,113.19231631510921,16607242
2024-12-16,114.6026382446289,114.9247220553441,111.84542389996709,113.21671132416064,11406544
2024-12-17,112.65062713623047,115.46640694121724,112.0455080937718,114.60263942046805,17905616
2024-12-18,108.74173736572266,112.65063972090742,108.25861159072092,112.65063972090742,15727724
2024-12-19,106.98003387451172,108.21468104906019,105.26226097874762,105.40866338938895,9152564
2024-12-20,106.03331756591797,107.79988648162247,105.59899508595551,107.2338085203142,15682738
2024-12-23,106.84339904785156,108.70756700279419,106.06747591220012,106.06747591220012,9698716
2024-12-24,107.3021240234375,108.28300757387167,106.37979846218256,106.93612169839449,8457926
2024-12-26,107.42900085449219,107.82428216936256,106.39443667766243,107.36068071916071,8098688
2024-12-27,107.60955810546875,109.19069078908444,107.23380108959014,107.62908239891001,4666774
2024-12-30,109.0101318359375,109.65429203796798,106.40907449155311,107.60468056410932,13401864
2024-12-31,107.60468292236328,108.33668756809365,107.03859754254442,108.33668756809365,6469510
2025-01-01,108.73685455322266,109.30293249124074,106.97516306052978,107.36068223398198,3854562
2025-01-02,115.20777130126953,116.2423354775081,109.44445595373448,110.14229680376884,40788608
2025-01-03,114.25616455078125,115.41272947815763,113.38751965612398,115.16872793592051,11625344
2025-01-06,110.36677551269531,114.25616055566444,109.95196992686198,114.19271777407359,7541810
2025-01-07,109.56645202636719,111.85030283358736,109.09308844988732,110.4448590469657,8939686
2025-01-08,108.69293212890625,109.70310215500763,107.89749211196516,109.53718288240265,11997500
2025-01-09,104.62786102294922,108.78077214426038,104.38874427106376,108.1170876344572,12998912
2025-01-10,102.7588119506836,104.73034111405842,101.30944220990366,104.62297984093871,16022686
2025-01-13,98.79622650146484,101.98777095819706,98.52294595578402,101.49000570922907,12312576
2025-01-14,102.50505065917969,103.15897301339525,99.08902902533352,99.10854587256756,5900706
2025-01-15,100.8604736328125,103.50057209929335,99.74782719914025,102.99305216929775,6852198
2025-01-16,101.46072387695312,103.11993139866121,101.2850424673093,102.37816461946099,10451924
2025-01-17,100.81655883789062,101.92920531234697,100.20655496170463,101.4607265053845,6503312
2025-01-20,102.10000610351562,102.39281093323393,100.0650341313482,101.26064020108169,10950000
2025-01-21,99.92351531982422,102.91985415326154,99.62583312130505,102.48065432753532,11790436
2025-01-22,100.92391967773438,101.98288550863633,99.79663371084959,100.52863835909544,20175578
2025-01-23,101.37776184082031,102.16344709221097,99.55262765316466,100.75311849831125,9187844
2025-01-24,99.69903564453125,101.83648417671536,99.38182915910373,101.01664253617054,19779840
2025-01-27,96.27812957763672,98.91335081978973,95.33140980621839,98.57662748498659,13457514
2025-01-28,99.90886688232422,101.36312139878085,96.14636736576881,96.99061059566519,23240006
2025-01-29,100.54815673828125,100.80192043851284,99.21103299277277,99.72343774361744,12922486
2025-01-30,102.64169311523438,103.18825420546467,100.22607925482598,100.54815564223375,14928366
2025-01-31,105.81370544433594,106.87267120149363,101.92919777176603,102.30983956663982,13116114
2025-02-01,100.6994400024414,107.88284604031892,99.5575071194026,106.33586970142348,27247028
2025-02-03,99.50871276855469,100.91415661695093,97.42493747044374,100.69944151033238,21291626
2025-02-04,103.29560852050781,103.45177307652493,101.00687293994125,101.50463815432593,13829256
2025-02-05,102.9784164428711,104.42778624833515,102.72465274541418,103.4078541081793,4982690
2025-02-06,102.37816619873047,103.68601836766179,101.67056319903772,102.97841536796903,4793854
2025-02-07,103.48106384277344,105.52579812195525,101.89016889427224,102.47089380273715,7877896
2025-02-10,102.04145050048828,103.45665650241126,101.77792465831682,102.96865340570177,2787106
2025-02-11,99.4111099243164,102.23176710891009,98.01542082859798,101.77304302589036,7088702
2025-02-12,107.0434799194336,107.79987874585404,97.42981316575782,99.55262956892373,73022266
2025-02-13,105.93083190917969,109.92757087037731,105.58922379688693,107.65348218195915,47542286
2025-02-14,104.35946655273438,106.73116193111443,103.34929655530566,105.99427247994572,15651978
2025-02-17,109.12236785888672,109.55669029762521,102.16344669260047,103.94465493716778,41594672
2025-02-18,108.47332763671875,109.01988872168094,106.1065096414159,108.99549452393794,14740792
2025-02-19,110.00078582763672,110.37654287127494,106.85316717111938,107.18988307132699,12602396
2025-02-20,110.52782440185547,111.16710726914066,108.56604986194235,109.55181820536842,12749270
2025-02-21,108.59532928466797,111.45502774950563,107.4338795234406,110.3472586271502,11291962
2025-02-24,108.86860656738281,109.25413317491255,107.0190781495506,107.3606788201657,12662692
2025-02-25,110.8889389038086,111.45502426944877,108.19516723635364,108.8149257928535,19793824
2025-02-27,110.01053619384766,111.06462468592812,108.50749318584779,111.02070619367555,14564826
2025-02-28,103.9153823852539,108.53677238598414,103.12481973786637,108.33181197541465,26693850
2025-03-03,101.95360565185547,107.16059777877945,100.35295609693551,105.40866845591528,13489116
2025-03-04,100.98247528076172,102.23664678936426,99.14270900300251,100.52863598381401,17913698
2025-03-05,102.09513092041016,103.7006578287592,100.45544022112314,100.52863770693834,22003930
2025-03-06,102.7734603881836,104.33506888804672,102.48065553668695,103.4566617798935,10167814
2025-03-07,102.373291015625,103.7738575474914,102.07073147263026,102.68561270571726,8597008
2025-03-10,100.9141616821289,103.79338455147473,100.47496185364841,102.60753310043874,9597488
2025-03-11,97.58110046386719,99.96255046274557,96.43429023192915,99.5526296571603,25874734
2025-03-12,95.7022933959961,98.03982509457148,94.13580008419393,97.60062525943871,31387772
2025-03-13,95.95604705810547,96.72220801406439,95.41436334678735,95.9902034012743,10587842
2025-03-17,96.8490982055664,97.5713407063787,95.78524757873197,96.38061195461422,17868720
2025-03-18,96.8490982055664,96.8490982055664,96.8490982055664,96.8490982055664,0
2025-03-19,100.37735748291016,101.4948812905201,99.55263106356779,99.8893543894613,15342412
2025-03-20,101.2508773803711,102.23664569110188,100.37735513987558,101.04591697946717,9247912
2025-03-21,102.89057159423828,103.60305939508456,100.19679984942941,101.2508808839329,15463156
2025-03-24,103.71530151367188,104.77426738046226,102.91985405279266,103.45666045823322,9897916
2025-03-25,102.50016784667969,105.0182656297775,101.75840849604862,104.62786166051379,16380024
2025-03-26,104.91090393066406,107.16548330709605,101.77304758453825,103.1882535903062,58831436
2025-03-27,101.75840759277344,104.8230664378347,100.12359424376544,101.4948817511667,42418880
2025-03-28,99.65998840332031,102.48064557633347,99.33790458724549,102.45624393335763,20824092
2025-04-01,102.02192687988281,102.57825011594917,99.36231147453339,100.04063548558217,16742748
2025-04-02,101.88040924072266,102.53920895771876,100.78727961637688,102.03168901026243,12568804
2025-04-03,102.45137023925781,102.70024913528631,99.80150957984377,100.04063377540261,13112264
2025-04-04,100.10895538330078,102.03656613416493,99.11343233820317,101.98777029208999,9206950
2025-04-07,96.42453002929688,98.11302401920682,93.62827437193553,95.84380515317464,19509568
2025-04-08,98.4887924194336,99.30863407985619,96.61973959208524,98.08862629017736,8552900
2025-04-09,99.88446807861328,100.4554382420684,97.35661566711208,98.08862029618811,8559354
2025-04-11,101.74864959716797,102.38305513668142,100.87024249986754,101.06544821389909,7674562
2025-04-15,104.8962631225586,105.17930580944231,102.53432994470494,102.96865239867529,14187334
2025-04-16,104.62786102294922,105.16466740820778,103.8812168802127,104.77426344132304,9669812
2025-04-17,106.8629150390625,107.0678754442148,103.86169900073325,104.57417934535748,12745690
2025-04-21,108.36595916748047,108.87348652383423,106.46275019699343,107.08739352301664,10604780
2025-04-22,108.66365051269531,109.96661790967566,107.80476772845071,108.33668932585782,10114844
2025-04-23,112.57254791259766,112.91415602867811,108.82468779939785,109.31269088370007,21894324
2025-04-24,112.54326629638672,113.26551620568564,111.66974407222908,112.31390425640255,12282938
2025-04-25,109.8202133178711,113.70472123383558,108.94181370317659,112.57743527481952,13969344
2025-04-28,111.00119018554688,111.16222465835779,108.66852847944479,108.87349633751346,5953646
2025-04-29,111.1963882446289,112.88488227102066,110.35214495460127,111.25983103135844,6807976
2025-04-30,109.95198059082031,112.02111647800218,109.65918318977782,111.20615216994555,10047166
2025-05-02,107.43388366699219,110.093506622554,106.38467993969954,109.33710029885303,7560322
2025-05-05,109.40541076660156,109.77629042356789,107.56563708566667,107.60467822529512,4585356
2025-05-06,107.91212463378906,110.23989398927725,107.67300044131422,109.40541288337353,4060374
2025-05-07,110.56686401367188,110.75230012493034,106.59939649701116,106.65307713492876,7529564
2025-05-08,107.502197265625,111.25494221375985,106.62867501216499,110.33750146938347,6145026
2025-05-09,108.1512451171875,108.33668867883478,105.50626919705739,106.08699408003794,5864400
2025-05-12,112.8653564453125,113.1679159846806,110.08861761310224,110.8645407554835,7344388
2025-05-13,112.40663146972656,113.65104085516887,111.99671065575433,112.86535557188725,6125816
2025-05-14,114.45136260986328,115.1199244516195,112.24070923669099,112.72871232032878,10515502
2025-05-15,116.80841827392578,117.07682145891008,114.14391816369199,114.91984872507135,10136628
2025-05-16,115.8177719116211,117.75025993916803,115.44689225136867,117.12073924212946,13642966
2025-05-19,117.65266418457031,118.7067526550825,115.66161066682605,116.62786215463035,14642518
2025-05-20,118.05770874023438,121.77628996938391,117.46234436413218,119.56075917774352,34044772
2025-05-21,119.37043762207031,119.94140035088571,116.87674150341336,118.83363123788338,17467454
2025-05-22,118.59568786621094,119.89686089451119,117.36404299412519,119.1916445734782,14472238
2025-05-23,118.99796295166016,121.07885170429883,116.77801788133688,119.6882809494519,28329800
2025-05-26,119.13701629638672,120.1352436044272,117.72658363620992,120.08558496535102,31103998
2025-05-27,119.00292205810547,119.93659236566381,118.19838088210346,119.439960513218,13957124
2025-05-28,118.51126098632812,120.40839071590325,118.27287224177367,119.19164419699241,14692904
2025-05-29,119.55418395996094,119.78760153732402,118.22321423014655,119.19164482878026,13373628
2025-05-30,117.22001647949219,119.57405420730286,116.75815249040315,119.55418468936313,20459598
2025-06-02,117.32927703857422,118.07422482929532,116.44030934263405,118.07422482929532,11181946
2025-06-03,117.25975036621094,118.05932797483085,117.15545433986881,117.96000311707701,11195000
2025-06-04,117.01639556884766,118.27287355917976,116.68365313445148,118.19838181192716,12071762
2025-06-05,116.17708587646484,117.65208308791286,115.61092586647474,117.65208308791286,14461902
2025-06-06,120.20477294921875,120.58221801553117,115.97843851743738,116.23668920838786,23821972
2025-06-09,120.77093505859375,121.5605854947669,120.14021803698505,120.68154495902753,11154574
2025-06-10,119.8074722290039,121.11360886334288,119.56411989034723,120.92985750072502,8002548
2025-06-11,119.191650390625,120.42329532282116,118.6950185139974,119.8372733458411,13560528
2025-06-12,116.82270812988281,119.32573690133891,116.65385511934826,119.19164417979646,7131958
2025-06-13,116.60916137695312,116.85747730510762,114.5183379275719,115.21859066368778,8478438
2025-06-16,117.08592224121094,117.25974641993092,115.24342232118214,116.26151912939784,5949562
2025-06-17,116.47010803222656,117.45343701094303,116.11253248032949,116.80285047507505,4227886
2025-06-18,116.20689392089844,117.39880737699566,115.74502234151014,116.20689392089844,10098702
2025-06-19,115.64569854736328,117.33921505736957,114.88088879529649,116.08273702168775,8194360
2025-06-20,116.7829818725586,117.15545577720592,115.2384564448343,115.2384564448343,10280514
2025-06-23,117.5378646850586,118.3275075458293,115.29805766187843,115.72516137654704,6059600
2025-06-24,119.57901763916016,120.63187474854766,117.88550119207875,118.2977065417731,11889666
2025-06-25,121.48111724853516,121.74433152304842,120.00612004637554,120.6815396661456,14770642
2025-06-26,123.6216049194336,123.79045793753558,121.4264929501047,121.52581780910582,18988974
2025-06-27,124.02387237548828,125.10156260319303,123.82025907200548,124.35165122207151,10399732
2025-06-30,124.60990142822266,124.94264386403958,123.57194266273392,124.6496328862606,7429606
2025-07-01,124.95257568359375,125.30021646074671,123.04054004225156,124.43111072886401,7030766
2025-07-02,124.97740173339844,125.64785776055422,124.00897114372947,124.95257620335614,7080494
2025-07-03,124.40628051757812,126.14449202181575,124.08347284084859,125.15122830510853,10579878
2025-07-04,124.0834732055664,125.05190381660229,123.36335094643641,124.70426303033311,7290956
2025-07-07,124.05863952636719,124.38144720256079,123.01570959435578,124.08347263484379,4698604
2025-07-08,124.0834732055664,124.85324652587647,122.74256112166972,124.1579649533381,5972592
2025-07-09,124.60492706298828,125.1015589087204,124.0586365794833,124.33178561023608,10059130
2025-07-10,124.05863952636719,126.14449181238922,123.78549048912603,126.094825595436,13209766
2025-07-11,122.29559326171875,124.70426076934271,122.14660219087592,124.40627862765704,10768796
2025-07-14,125.6230239868164,126.11965583304062,122.66806601738242,124.15796155605507,18222508
2025-07-15,124.60492706298828,126.3431385230507,123.48750541009102,126.0699970702985,11983088
2025-07-16,123.76065826416016,125.05190413415413,121.87345567647696,124.55527227307965,13686931
2025-07-17,122.9163818359375,124.30695251978257,122.46941620591613,124.25728630400215,6161202
2025-07-18,121.4264907836914,123.61166795473336,121.17817485161841,122.8667201585144,4990390
2025-07-21,123.95931243896484,124.40627807149451,120.88018891531378,122.02244368266814,8377482
2025-07-22,123.16470336914062,124.55527411632788,122.91638743492865,124.55527411632788,9118516
2025-07-23,123.76065826416016,124.10829905131213,122.22110404162976,123.21436776377871,4574233
2025-07-24,123.95931243896484,124.60492777972978,123.51233922843454,123.76065515272894,10435772
2025-07-25,121.12850952148438,124.3069580221069,120.78086872963527,123.71100129636547,6422937
2025-07-28,121.9231185913086,124.15796190560957,120.78086382617687,121.12850460391246,10627268
2025-07-29,122.46942138671875,123.2143691869348,121.27750035957254,122.0224481597886,6535234
2025-07-30,121.07884979248047,122.51907916490175,120.78086764328944,122.46942052537048,5517480
2025-07-31,120.23457336425781,121.37682055161375,118.64534538915272,120.13524093231328,11333155
2025-08-01,119.5392837524414,120.43322259036172,116.92700297196366,120.23457288326858,13653423
2025-08-04,121.77413177490234,122.51907957235647,119.35057342689214,119.53928838253994,10209776
2025-08-05,121.14837646484375,122.15157493828589,120.4828915948775,121.77412987687161,5769803
2025-08-06,119.91673278808594,121.66487148697071,119.73794501456354,121.6251400286323,4414208
2025-08-07,119.00292205810547,120.72127160188828,117.36404300743483,119.1916445869951,10739005
2025-08-08,114.64249420166016,119.57901599308056,114.3246501214279,119.00292122953438,10860600
2025-08-11,119.21150970458984,119.5293537955079,114.18559764882286,115.11926798127003,13024457
2025-08-12,118.55596160888672,119.47969719796907,118.09906119400742,118.7248146273854,4155268
2025-08-13,118.92346954345703,120.23457736191104,118.347374762227,118.89366526608235,4597540
2025-08-14,121.13844299316406,123.16470190154966,118.4864306661009,119.19164700149967,19020549
2025-08-18,130.87242126464844,131.9054240127078,124.25728888188924,124.25728888188924,80821577
2025-08-19,132.38218688964844,132.65037233671703,126.25375157909092,130.87242179726428,40387936
2025-08-20,132.2034149169922,133.40525560103617,131.30946842317184,133.39532841941684,20564141
2025-08-21,130.12747192382812,132.90861331594715,129.91889503411994,132.25305563629027,16695588
2025-08-22,130.31619262695312,131.21013903833074,128.75677652039607,130.12747010157338,11093419
2025-08-25,130.12747192382812,130.98167931235037,129.4917837618582,130.52478649756014,5255625
2025-08-26,130.48504638671875,131.46838289809932,129.0348898835527,129.63083900523694,13267634
2025-08-28,128.9455108642578,131.01148618408476,128.6077896613608,130.46520323128576,7709689
2025-08-29,126.1246337890625,129.36267572254602,125.90611455248371,128.80643529379878,10674470
2025-09-01,127.16755676269531,127.64431911924972,125.00224148350807,126.49213710924238,15300044
2025-09-02,129.51165771484375,131.89548461486808,127.59466598244114,127.84298191602709,15084908
2025-09-03,129.3527374267578,131.48826364077274,127.43574561215158,130.91216883142928,14455278
2025-09-04,127.1476821899414,131.7663675397283,125.68759090028063,131.50810927502536,20498606
2025-09-05,129.88909912109375,131.3392556449819,127.37614315654659,127.37614315654659,19576052
2025-09-08,136.36517333984375,137.26904698826624,130.48505376843923,131.11081477980895,33590663
2025-09-09,134.1501922607422,136.77240781006452,133.91181867371367,136.61348198137802,15017284
2025-09-10,133.10726928710938,135.21299873695412,131.82596572204517,135.0640000812942,15726944
2025-09-11,132.66029357910156,133.75288968046917,131.36904777457644,133.3555751181533,12684319
2025-09-12,133.1867218017578,135.22291535537096,131.87562163917818,132.70003230355817,18257240
2025-09-15,133.03775024414062,135.08387116177778,132.29280242523376,133.20660326437257,10539375
2025-09-16,133.63369750976562,134.65677311007173,133.08741457511925,133.39532391093869,9836983
2025-09-17,135.8486785888672,136.84194227494737,134.09059762082495,134.09059762082495,21279686
2025-09-18,137.8252716064453,138.5602922328736,134.8057564945275,136.50422900873065,15571795
2025-09-19,139.94091796875,141.66920221205262,137.9543906272071,138.063650237232,29812677
2025-09-22,138.48081970214844,140.79512588282253,138.0735779580983,140.04025094624248,12613982
2025-09-23,143.0697021484375,143.52661013654412,138.61988484601616,138.61988484601616,43630485
2025-09-24,141.30169677734375,143.0200539912537,138.6596266992435,141.54008553545899,36960853
2025-09-25,139.50389099121094,140.94412040096813,139.15625777147758,140.94412040096813,10954407
2025-09-26,140.97390747070312,142.03670688803254,138.0735793305907,138.62981972496934,20914983
2025-09-29,141.4606170654297,143.17895905591286,140.37796324897508,141.0434481220986,16359612
2025-09-30,141.7089385986328,142.82138915817058,140.67595095849094,142.1658465961585,13913548
2025-10-01,140.27862548828125,142.8313204245024,139.85152938013584,142.03670644813778,12440118
2025-10-03,138.84832763671875,141.9870446041894,137.22931809218284,140.4673523372561,15561840
2025-10-06,136.85186767578125,139.55354607926196,136.54395836206115,138.84832220267657,12157023
2025-10-07,138.8880615234375,139.79193510531948,137.01079378352924,137.12998057463423,9538118
2025-10-08,138.43116760253906,140.64615673520225,138.06366485536282,139.85154268325147,10813847
2025-10-09,137.70608520507812,138.96753440678216,136.5042294032023,138.56029263328685,5658661
2025-10-10,136.62342834472656,138.58015909459417,136.47442969244125,137.86500800042927,6840339
2025-10-13,136.49429321289062,137.06046078589378,134.78587846923335,136.5638289454353,6553457
2025-10-14,134.4978485107422,137.45777025275274,133.71316165804677,137.0008622574615,8702406
2025-10-15,134.7759552001953,135.50103346462842,134.28925052626,134.58723267038363,9026819
2025-10-16,136.31552124023438,136.97106379058496,134.57730969387669,135.06399922701561,9950107
2025-10-17,133.60389709472656,136.7724107763765,133.3059301044786,136.4247775690867,15168999
2025-10-20,134.92494201660156,136.28572363853996,134.64682938350506,135.073940670333,6001026
2025-10-21,135.32225036621094,136.05725579579945,134.9448053146918,135.67982590028143,2918743
2025-10-23,136.92141723632812,138.51063018029132,135.53083885985762,136.07713696647096,12839861
2025-10-24,135.4315185546875,137.5670295576216,134.90508997896882,136.98100758178413,6291344
2025-10-27,139.86146545410156,140.23891052697542,135.58050113977663,135.60037065834945,16792519
2025-10-28,139.15625,141.28183370515512,137.58689154015633,140.44748068118673,21334243
2025-10-29,138.54042053222656,139.69261009410096,137.51736010490757,139.5336842601869,8637758
2025-10-30,139.8217315673828,140.34816010187697,138.06365062154336,138.95758186532566,14765768
2025-10-31,140.5766143798828,142.6724014547153,140.000519598232,140.000519598232,18213013
2025-11-03,138.8880615234375,141.9870393401747,138.61987608745034,141.04344187992467,8798368
2025-11-04,139.49395751953125,139.85153306050532,137.1796512621159,138.51062099285218,8502046
2025-11-06,140.27862548828125,142.88098663977536,138.9774524905347,140.04025190457256,17435511
2025-11-07,140.3282928466797,140.69579556189163,137.86500314028416,140.0501802260867,4888203
2025-11-10,141.32156372070312,142.18569832461912,139.7422780114767,140.84480136916346,7609145
2025-11-11,145.0562286376953,145.7912492549535,141.2917657650391,142.01684404514404,17177183
2025-11-12,141.5698699951172,146.6057240883693,140.78519836267006,146.47659496105487,24925913
2025-11-13,149.3968048095703,150.43973478200294,142.6624777729511,143.8841879461425,53618730
2025-11-14,147.2612762451172,151.90975841709192,146.46667738002915,148.9895606042876,20695998
2025-11-17,147.4499969482422,148.68164942342946,146.60573187557492,148.4929268907151,10767304
2025-11-18,147.22999572753906,149.4499969482422,147.00999450683594,149.4499969482422,11015324
2025-11-19,145.4600067138672,147.64999389648438,144.89999389648438,147.14999389648438,5986604
2025-11-20,146.24000549316406,146.85000610351562,144.86000061035156,146.0800018310547,8625173
2025-11-21,144.69000244140625,146.77999877929688,143.7899932861328,146.5,10000648
2025-11-24,144.58999633789062,146.0,143.89999389648438,144.8000030517578,16912563
2025-11-25,145.8300018310547,148.9499969482422,144.50999450683594,144.58999633789062,21768360
2025-11-26,148.9499969482422,149.75,145.0,146.85000610351562,17859160
2025-11-27,159.75,162.0,149.5,149.6699981689453,90218203
2025-11-28,158.1199951171875,160.22999572753906,156.1999969482422,158.0,27495981
2025-12-01,160.3000030517578,161.39999389648438,156.6300048828125,158.25999450683594,24989252
2025-12-02,160.0,164.49000549316406,158.89999389648438,160.0,37354552
2025-12-03,162.7100067138672,163.14999389648438,159.5,160.30999755859375,21310659
2025-12-04,160.2100067138672,163.47999572753906,159.85000610351562,162.10000610351562,12196009
2025-12-05,160.86000061035156,161.2899932861328,159.50999450683594,160.91000366210938,10982958
2025-12-08,159.27999877929688,162.92999267578125,157.89999389648438,160.89999389648438,11422591
2025-12-09,159.5800018310547,160.2899932861328,155.5500030517578,159.1699981689453,13146291
2025-12-10,158.00999450683594,160.32000732421875,157.75999450683594,160.0,10266182
2025-12-11,160.3300018310547,161.19000244140625,157.10000610351562,158.5,11571887
2025-12-12,163.86000061035156,164.86000061035156,160.35000610351562,160.75,13731776
2025-12-15,166.82000732421875,167.13999938964844,162.50999450683594,163.8000030517578,16406561
2025-12-16,167.75,168.74000549316406,166.02999877929688,166.5,17495643
2025-12-17,166.13999938964844,167.5,165.07000732421875,167.5,7630563
2025-12-18,171.57000732421875,172.0500030517578,165.6300048828125,166.13999938964844,21614399
2025-12-19,173.55999755859375,174.5800018310547,170.6999969482422,172.0800018310547,16822313
2025-12-22,177.0500030517578,178.0,174.61000061035156,174.61000061035156,17655028
2025-12-23,177.9600067138672,178.1999969482422,175.5800018310547,177.0800018310547,8542554
2025-12-24,175.30999755859375,178.3000030517578,174.75999450683594,178.10000610351562,8846615
2025-12-26,174.67999267578125,175.99000549316406,173.27000427246094,175.2100067138672,5686108
2025-12-29,174.9199981689453,176.0500030517578,173.3800048828125,174.67999267578125,9026929
2025-12-30,178.6300048828125,179.97000122070312,174.00999450683594,175.5,58790880
2025-12-31,179.19000244140625,180.33999633789062,176.6999969482422,178.47999572753906,12570359
2026-01-01,184.8800048828125,185.55999755859375,178.80999755859375,179.19000244140625,26287021
2026-01-02,188.77999877929688,190.0,183.77000427246094,185.0,25388934
2026-01-05,187.75999450683594,191.8000030517578,186.0500030517578,189.0,17083159
2026-01-06,186.14999389648438,189.1699981689453,184.9199981689453,187.85000610351562,9072320
2026-01-07,186.1199951171875,186.8300018310547,184.55999755859375,186.1999969482422,9482575
2026-01-08,184.52000427246094,186.3000030517578,184.00999450683594,186.0,9093468
2026-01-09,187.75999450683594,190.75999450683594,183.89999389648438,184.10000610351562,25410790
2026-01-12,187.00999450683594,189.64999389648438,183.33999633789062,189.6300048828125,13071854
2026-01-13,185.6999969482422,187.89999389648438,184.0500030517578,187.0500030517578,6855429
2026-01-14,186.88999938964844,187.69000244140625,184.14999389648438,185.2100067138672,7446179
2026-01-15,186.88999938964844,186.88999938964844,186.88999938964844,186.88999938964844,0
2026-01-16,184.25,186.66000366210938,183.75,185.92999267578125,26684199
2026-01-19,187.97999572753906,188.5,182.33999633789062,183.10000610351562,10612728
2026-01-20,180.7899932861328,189.75,179.5,188.92999267578125,15758631
2026-01-21,181.24000549316406,183.1999969482422,176.8300018310547,179.9199981689453,20759934
2026-01-22,190.27999877929688,191.44000244140625,184.52999877929688,185.3000030517578,20314511
2026-01-23,192.97999572753906,199.2100067138672,190.0,192.0,32467563
2026-01-27,193.0,194.14999389648438,188.0,192.25999450683594,23069013
2026-01-28,195.3300018310547,196.69000244140625,189.4600067138672,193.89999389648438,20044566
2026-01-29,194.05999755859375,196.39999389648438,191.9199981689453,196.39999389648438,10560396
2026-01-30,196.69000244140625,198.0,191.9199981689453,192.89999389648438,14239171
2026-02-02,194.39999389648438,195.0,185.52000427246094,189.77000427246094,14956648
2026-02-03,199.8699951171875,203.0,196.02000427246094,203.0,16548292
2026-02-04,200.9199981689453,205.19000244140625,199.0500030517578,201.74000549316406,22146705
2026-02-05,201.5,202.86000061035156,200.0,201.25,14809572
2026-02-06,201.83999633789062,203.0,199.25999450683594,201.5,9580410
2026-02-09,205.8000030517578,206.3800048828125,200.7899932861328,202.8000030517578,9662823
2026-02-10,209.72999572753906,211.0,204.9199981689453,206.6999969482422,12114047
2026-02-11,206.35000610351562,215.4199981689453,202.55999755859375,210.5,53661132
2026-02-12,211.02000427246094,212.35000610351562,204.6300048828125,206.39999389648438,36604082
2026-02-13,204.6300048828125,212.8699951171875,203.8000030517578,210.1199951171875,26832686
2026-02-16,205.86000061035156,206.88999938964844,203.0,204.9499969482422,11066053
2026-02-17,207.67999267578125,208.25,203.86000061035156,205.86000061035156,7435573
2026-02-18,208.33999633789062,209.64999389648438,207.10000610351562,208.5,7339062
2026-02-19,203.49000549316406,208.61000061035156,202.27999877929688,208.3000030517578,9638504
2026-02-20,208.85000610351562,209.36000061035156,201.80999755859375,202.55999755859375,14624480
