Price,Close,High,Low,Open,Volume
Ticker,BEML.NS,BEML.NS,BEML.NS,BEML.NS,BEML.NS
Date,,,,,
2021-02-22,393.0506896972656,402.5982950578495,390.1003530141492,402.39341757768545,896894
2021-02-23,398.2752380371094,402.39342693732664,389.3832463455619,393.3785206334986,910927
2021-02-24,406.63446044921875,413.82592917216596,401.6762717446549,402.80314226282013,1266784
2021-02-25,438.5760498046875,446.6485017484617,407.9253212798011,408.4580205512848,6708858
2021-02-26,442.1205139160156,449.92661544674326,423.4145394264302,431.4869905663776,4242804
2021-03-01,477.4221496582031,485.57656404781835,442.550780520871,446.6484784324885,5345212
2021-03-02,503.09423828125,510.1627640518326,476.1519131150437,481.4789059927666,3896000
2021-03-03,484.6136474609375,512.0272287886103,479.4710414782913,506.4748381425127,1411159
2021-03-04,489.7357177734375,506.47479165391803,471.2346204862274,478.20069185525995,1415191
2021-03-05,483.5277099609375,501.9673052562537,470.00532225969175,489.6742417260429,3388025
2021-03-08,580.233154296875,580.233154296875,508.4006125978989,508.4006125978989,11547773
2021-03-09,550.7913818359375,631.9461461206672,542.9442684762017,619.1613637366157,13534535
2021-03-10,591.809326171875,604.6760723280072,549.91037889464,556.2618484896777,7684060
2021-03-12,582.5279541015625,601.5412598545893,570.9724374939775,597.8533467140264,3535759
2021-03-15,554.5817260742188,592.4853352743403,546.2633859431222,588.674537091545,2711439
2021-03-16,564.4572143554688,583.470523876214,553.1885655399702,557.368256694686,3493398
2021-03-17,563.6171264648438,582.1592059486245,553.229461434797,569.9890267222453,3044826
2021-03-18,535.4249267578125,575.6438044337036,523.1728454667657,572.7139292108959,2221012
2021-03-19,550.1971435546875,563.3506978649169,506.33133322086366,533.5195425940025,2496868
2021-03-22,568.3909912109375,581.8519089001602,557.327250096259,569.5793341386023,3713533
2021-03-23,556.4052124023438,579.3318320744221,549.5006123238012,575.3160669683551,2271801
2021-03-24,535.5070190429688,553.8032122397814,531.8805774335892,553.8032122397814,1168293
2021-03-25,518.1531372070312,532.6999404637787,509.46602480213295,532.6999404637787,1544962
2021-03-26,523.234375,538.8465788397336,518.1941931927192,524.094866321383,1237790
2021-03-30,523.5825805664062,535.5683415076164,518.5423995025369,528.0900624638524,816188
2021-03-31,514.5678100585938,525.0373796867603,512.7852956709578,523.6851704016974,574277
2021-04-01,540.7110595703125,546.1814876763682,514.6087935209399,516.9239478293276,1337026
2021-04-05,506.4543151855469,535.9576806016476,493.99732547799726,534.7488471029432,1867207
2021-04-06,518.52197265625,524.504608506831,499.13989313929363,510.16271067455483,1372852
2021-04-07,526.7788696289062,538.4368406237752,509.7529839769829,517.9483800751212,1854891
2021-04-08,524.4635620117188,534.7077904477472,519.1775517798292,526.5534366412636,902909
2021-04-09,519.1982421875,526.5331484424431,516.5552360550031,523.275480052301,591681
2021-04-12,479.2865905761719,506.7821031034381,473.50886184055025,497.869621401588,1085490
2021-04-13,493.3417053222656,499.91851297505167,482.7491624557312,484.9619223910007,794124
2021-04-15,495.9437561035156,503.17617758668985,484.4292201035362,486.1912436323695,753108
2021-04-16,498.0335693359375,509.65052917135364,493.0548595364626,497.8696435963513,721029
2021-04-19,473.2015075683594,481.47883604482814,458.96203420002905,471.6443913682684,484478
2021-04-20,476.8075256347656,488.24009926691105,466.29694524264227,481.47890459682935,661057
2021-04-22,480.53643798828125,484.3472957677479,467.1369636063872,467.1369636063872,585255
2021-04-23,462.26068115234375,483.09745345408095,458.5317864553355,475.9469951148033,628041
2021-04-26,466.6657409667969,473.28353019792866,463.03926991711177,464.67834918630706,405052
2021-04-27,485.41265869140625,490.9035470605414,466.3173897595158,466.9730332914644,733889
2021-04-28,482.9540710449219,501.55759367568675,479.4300536516621,489.6537933266545,699564
2021-04-29,477.1763000488281,491.2313878262969,475.14795661866157,487.13368983485395,469567
2021-04-30,478.2621765136719,495.0012508320009,470.4150932360163,471.64441744899545,1019512
2021-05-03,475.66015625,483.09745495028864,467.5467232878536,476.1313833436032,539869
2021-05-04,476.8075256347656,504.0571818028661,472.09519493250184,475.9470342467771,1733900
2021-05-05,485.986328125,489.2644865159087,479.860286707587,481.5813287718216,498301
2021-05-06,488.03515625,493.77193301423466,484.3472431784795,490.370830569071,366543
2021-05-07,481.5608825683594,491.94851897547227,477.3812213245906,488.5269549446129,302394
2021-05-10,510.8388977050781,517.9484049034309,482.68773897037977,483.9375243141613,2590899
2021-05-11,539.7890625,552.7787522576931,504.0776610253338,505.6552681295917,4881000
2021-05-12,540.79296875,563.4327167517383,528.6023580542114,541.1003295082421,2703940
2021-05-14,530.95849609375,550.156219448213,525.0168414000113,545.6692275035928,889252
2021-05-17,534.13427734375,542.1247664501323,524.8734825101793,535.7528658829935,1158770
2021-05-18,536.22412109375,548.8039971433062,533.5196431473436,537.6173118083399,1305613
2021-05-19,535.5274658203125,542.4525563511802,528.6433567252133,536.6338457992914,832980
2021-05-20,542.575439453125,555.1143913359645,530.3847703416444,537.6991836872085,2589213
2021-05-21,538.744140625,556.2208220174901,534.7488664768689,547.4722359625225,2309802
2021-05-24,544.5423583984375,553.1475094006896,539.2563472502055,540.0759165517163,1152342
2021-05-25,538.0885009765625,549.1932820450203,536.5723660547327,547.0419942711495,780458
2021-05-26,537.3305053710938,546.8166392806442,533.9294023438863,540.0759647772244,560171
2021-05-27,541.1207885742188,546.509252953049,534.7488292199237,538.4368017428125,1589729
2021-05-28,537.3099365234375,545.361897098202,535.9781587557311,541.7149653642471,563852
2021-05-31,533.5400390625,540.4856194690371,530.6511451580519,540.0758645544239,589953
2021-06-01,529.4627685546875,543.7637427601846,527.7827081796173,540.8953397547753,991355
2021-06-02,535.343017578125,540.4446714879701,526.2256583484458,528.1516075350733,639400
2021-06-03,534.564453125,546.9189883957392,527.7827390853349,536.7977035178382,846751
2021-06-04,551.61083984375,559.7447630919787,537.7401695153959,539.2563043000439,3607949
2021-06-07,553.7827758789062,565.0104440417552,549.6031438243778,556.6921613758522,1447593
2021-06-08,548.4557495117188,558.5155647318506,546.6322535802498,557.2862996906932,522246
2021-06-09,543.3131103515625,564.2523078122099,534.8513347156448,551.4674658239967,1525857
2021-06-10,542.5345458984375,550.9347903498444,538.9490858460983,547.0010474697336,634512
2021-06-11,543.4974365234375,552.041115152304,538.8465783408153,547.8614840636583,810489
2021-06-14,561.650390625,569.5384276599435,549.7056064053735,562.2035807232114,5142111
2021-06-15,551.2215576171875,564.6414911539003,547.472172512936,563.4326577514985,853624
2021-06-16,546.775634765625,555.2373511447246,542.1452669618853,555.155447664762,1220490
2021-06-17,566.0347900390625,583.921227740785,538.0270656276778,538.0270656276778,7373475
2021-06-18,562.3059692382812,576.9552316347052,549.2548643479508,571.505293595492,1152109
2021-06-21,553.3728637695312,560.4004071615531,547.4517002418338,547.4517002418338,549453
2021-06-22,552.9631958007812,563.0025196280411,550.9757742396015,556.0569380068744,552287
2021-06-23,549.8692626953125,572.5499886628199,548.2916558910898,555.647050132809,1497591
2021-06-24,548.742431640625,556.1388078420189,545.9970321165409,554.0080109978246,392458
2021-06-25,550.7297973632812,558.5153775887811,545.8535420930843,549.5004733406441,582522
2021-06-28,550.9142456054688,554.5817275671109,547.4722209229145,554.5817275671109,424981
2021-06-29,547.267333984375,559.1301528433506,546.0175783885016,551.1396638646025,733744
2021-06-30,547.656494140625,551.7747118498371,542.9441645195428,549.500480197591,418802
2021-07-01,555.4013061523438,565.4406895855562,546.3249271383306,550.0948037572921,2481223
2021-07-02,550.9142456054688,564.6620317989504,548.681054432207,557.6549787391656,843707
2021-07-05,544.9112548828125,555.175977009601,543.0877590040867,554.4178797717644,645329
2021-07-06,543.067138671875,554.827502354367,541.469041091955,546.2223524019703,770681
2021-07-07,542.32958984375,558.1467009947479,535.3635181622683,544.1735761976935,2398544
2021-07-08,540.8955078125,549.2343401364859,537.6378396206318,544.5834217405147,503146
2021-07-09,534.3801879882812,543.4565677430958,533.6016593736801,542.0019047259452,535884
2021-07-12,533.9498901367188,540.895471794093,532.7000750590211,538.4368824702658,335215
2021-07-13,534.8923950195312,538.8057069820846,533.1098804702939,537.2076089220976,215708
2021-07-14,538.2935180664062,555.1555408947008,531.0610653928015,536.3061556274919,3552817
2021-07-15,542.2681884765625,552.430516376743,540.5267148739092,541.2642619970546,1213893
2021-07-16,535.5070190429688,552.4919843677536,533.5606382577977,548.6811262822837,1443912
2021-07-19,531.9009399414062,539.2152935557781,529.6471989060029,531.0608800350988,427705
2021-07-20,521.14453125,535.8552021451226,517.9483359530058,532.6999882796318,479420
2021-07-22,524.6890869140625,541.6330701517148,523.0704983104517,524.5046704450249,780208
2021-07-23,528.9302368164062,530.2825055875123,523.377845474749,527.3731202329519,405805
2021-07-26,535.9987182617188,541.4691462614129,527.270622324831,529.1760809979344,762277
2021-07-27,535.6093139648438,540.895324112869,532.6999296153941,538.0269211904097,384907
2021-07-28,527.7213134765625,537.2075058038427,524.6275715555787,536.3879365134425,328796
2021-07-29,524.8529052734375,532.0852960162078,523.6645626140083,528.9915544734746,280795
2021-07-30,533.9909057617188,538.027102533694,525.119374122106,525.119374122106,469291
2021-08-02,539.748046875,544.7882286382069,528.3974370944802,536.3879256995289,434978
2021-08-03,546.7346801757812,549.0908753267173,539.6661541163625,539.7276262743927,822137
2021-08-04,549.1726684570312,553.5981279268143,546.2223027504715,548.6809507381665,671188
2021-08-05,549.1726684570312,551.9795397791512,539.2562324409541,550.3200295988395,392850
2021-08-06,550.1768188476562,562.9001313715937,542.9853477639465,549.1728922877387,1590477
2021-08-09,545.58740234375,548.5992415821439,540.9365428801003,547.0421248534321,273025
2021-08-10,534.2366943359375,548.3327646707472,530.6922157300876,541.7559566433071,275535
2021-08-11,530.4666748046875,536.3673469128795,518.0711592954839,535.9780827532293,352544
2021-08-12,540.034912109375,542.1657090517854,530.4667571916465,530.6511736401408,235169
2021-08-13,538.703125,544.5833072063559,534.2161333113453,539.8709770334893,260581
2021-08-16,532.8230590820312,542.8623837098041,526.9838570335617,538.8466776160523,321900
2021-08-17,534.13427734375,538.027038610413,529.6267945380745,530.651211649658,360314
2021-08-18,534.9537963867188,538.8466171130676,531.7371099714138,533.929379257688,337932
2021-08-20,527.0452270507812,532.7000115177672,519.6283597390376,529.421853214762,508648
2021-08-23,533.3351440429688,536.7977186640071,527.7212818295422,531.7575371014427,403062
2021-08-24,528.151611328125,533.0892801467073,521.6362761015556,530.4462746444891,262890
2021-08-25,532.9253540039062,535.6093406385736,529.0120432850533,529.0120432850533,242153
2021-08-26,531.8599853515625,539.9939085680801,529.0530542729746,534.6259349988295,231685
2021-08-27,532.1262817382812,534.1751156402394,523.8284925566758,531.8599618398472,275993
2021-08-30,537.6992797851562,544.5833893340241,533.1303245428865,534.7489131822763,301748
2021-08-31,541.8993530273438,546.2224192474619,534.3391098214822,534.3391098214822,235283
2021-09-01,553.8235473632812,565.071701983445,538.8464985835383,540.6904252528325,1630710
2021-09-02,548.0049438476562,562.5927312768839,543.354026061462,556.4666599915681,737185
2021-09-03,550.8733520507812,555.2373404319376,544.1736000044044,549.2137820776435,446532
2021-09-06,554.3562622070312,560.3593881956665,551.2420299802657,553.5981651680406,525858
2021-09-07,551.0371704101562,557.6959404407255,547.4517108362852,555.6471063985134,202941
2021-09-08,549.6234130859375,561.4247573044238,547.082861601042,551.0985662649053,661105
2021-09-09,545.3414306640625,552.9836366480358,543.579407170606,549.5005710953928,192568
2021-09-13,550.15625,560.9741614746849,546.2839199663638,548.2303006457142,663416
2021-09-14,587.3837890625,591.2971005448962,550.6274787993451,552.6558223586476,3683276
2021-09-15,604.0203247070312,612.1952293211982,580.2537079474656,589.9447473341249,3675364
2021-09-16,597.6730346679688,612.7876410610868,594.8223662894478,605.0149771512599,894536
2021-09-17,581.163818359375,600.3801170299439,570.5405457378859,597.6730225153124,695206
2021-09-20,572.9605712890625,591.459001549808,567.4028082676558,574.0680217844657,657875
2021-09-21,570.3558959960938,577.06212973208,564.7981931462144,573.8218208436091,429730
2021-09-22,577.349365234375,586.5370786647138,567.5874159989617,570.1304263066608,464549
2021-09-23,569.4740600585938,585.7986677070547,566.890029061688,580.3844792131353,406211
2021-09-24,565.1878051757812,574.8677102642637,562.8908624223535,573.411640228107,271814
2021-09-27,575.9547119140625,585.7166602143584,557.9074554998433,567.6693443492902,848093
2021-09-28,576.693115234375,586.5371071268944,567.7104473658366,577.5134181666562,575438
2021-09-29,588.3416748046875,597.6114289333458,570.1918668373432,574.1499257550378,1400684
2021-09-30,587.9725341796875,593.8173844673138,584.4860988778225,588.997942338861,369051
2021-10-01,584.0555419921875,587.6854922844929,575.1549761676941,586.455037942722,571881
2021-10-04,586.1267700195312,590.2284621504346,581.5944754202017,584.0759536795019,380376
2021-10-05,596.0529174804688,603.3538393341801,581.2664194135066,581.2664194135066,1086193
2021-10-06,612.70556640625,630.7939034837852,596.196422240597,596.196422240597,2957019
2021-10-07,630.8964233398438,638.9357242359418,607.0453360747791,618.1197813118214,1732437
2021-10-08,620.8268432617188,642.4425773614378,617.709597457971,631.5321575974716,1218719
2021-10-11,639.3048095703125,651.3226795297936,616.9507557800474,627.1433658136524,1732758
2021-10-12,631.0194091796875,645.0880948454103,624.4772598891366,637.6025795530013,666474
2021-10-13,624.8875122070312,637.6846640584772,622.1393967336736,631.2450670472676,451692
2021-10-14,680.7520751953125,689.0784641220285,618.9401337227441,627.1433999371884,3695760
2021-10-18,672.2821655273438,695.10790336832,667.0730225676748,680.4649805713267,1570225
2021-10-19,646.154541015625,675.3173212781049,636.8232551070712,673.492120850739,732298
2021-10-20,632.1473999023438,673.4921350153714,619.3502482963339,643.3449075576024,1295221
2021-10-21,655.32177734375,661.9869904106124,629.9530298348492,631.0399697124856,800002
2021-10-22,646.2366333007812,673.2870676468734,640.330250729491,658.7261869283144,476874
2021-10-25,631.2655639648438,649.7025201642668,625.5437171714519,649.7025201642668,289788
2021-10-26,657.6392211914062,680.0547474307253,626.2205179188145,629.6044007598056,1196916
2021-10-27,665.227294921875,671.8514868571316,656.4702443320383,657.6392263736541,328352
2021-10-28,661.2896728515625,674.5995880689678,653.8041571760976,658.3160009041467,711298
2021-10-29,658.47998046875,674.3123940611711,641.909306301322,653.2298764762498,423843
2021-11-01,663.4840087890625,680.4648935559837,658.3159470278672,658.7260983920738,550990
2021-11-02,662.3970947265625,686.412323042224,658.7261239453651,662.8277566482279,894351
2021-11-03,653.6810913085938,668.5496293387827,651.9788946461639,666.109112602634,256587
2021-11-04,656.2242431640625,661.4743481562476,652.2456136046468,656.2652048030571,62608
2021-11-08,655.09619140625,662.4176226188674,652.2455233106193,654.2142975474266,458237
2021-11-09,683.1719970703125,687.9299075326918,654.2552851065748,655.0756472971055,1056330
2021-11-10,671.646484375,697.2818726957997,658.4801406578778,680.8341983224014,1271956
2021-11-11,665.165771484375,674.7226144619411,661.0231173813917,670.2723616630417,287209
2021-11-12,664.242919921875,671.1542001328733,661.3922516656957,668.0984858951389,140678
2021-11-15,652.6966552734375,667.7497276060507,648.1438502706972,660.3667652254301,301394
2021-11-16,659.2593994140625,670.2108405945015,653.8041893672839,653.8041893672839,450212
2021-11-17,674.5174560546875,683.705167175599,656.880294340352,661.2075426101395,824305
2021-11-18,665.4939575195312,688.6273558901686,660.900130388693,688.6273558901686,997491
2021-11-22,645.375244140625,670.4568421271409,644.042177848975,662.417601646903,386766
2021-11-23,640.8223266601562,654.1321806825061,635.8388005601138,645.641768442253,373330
2021-11-24,639.8585205078125,647.6106730708719,638.6280068896785,638.6280068896785,266767
2021-11-25,664.1197509765625,672.4666489843972,641.088970969076,641.088970969076,463561
2021-11-26,679.9932861328125,728.9465423221333,654.1733066458513,657.905809321671,3488556
2021-11-29,769.081298828125,789.4460095394544,643.2629655884925,680.0547787864597,6761359
2021-11-30,757.8632202148438,787.5182559757043,738.2983612615445,759.2167971935357,2613383
2021-12-01,760.65234375,780.5249199653383,744.5943718811042,765.3692930994083,1282222
2021-12-02,776.7923583984375,840.8397699361279,756.8788205318283,760.8574497768294,11342055
2021-12-03,774.802978515625,794.7780455633342,761.6776592306248,781.3861486989146,2113702
2021-12-06,826.0738525390625,845.4131562502206,780.1147745002495,787.0670763966286,5395984
2021-12-07,838.4402465820312,855.1955169335707,811.3078306772185,842.4804073239925,4481635
2021-12-08,825.4585571289062,838.3582625161936,817.0706958259028,829.2731021663267,1148818
2021-12-09,821.4800415039062,835.9383708424165,814.1790602003,826.4840200745458,791541
2021-12-10,796.7673950195312,827.7144148897179,791.6198433711527,821.972116960917,958042
2021-12-13,794.347412109375,815.2863564224881,785.877509673457,795.7214400389522,727904
2021-12-14,800.0693359375,805.9757189463171,781.4478418315025,789.5281048099258,772828
2021-12-15,777.3870239257812,800.3768436448688,764.3642571014075,799.3719460290971,349357
2021-12-16,758.9093017578125,788.4617293709365,754.7050558950011,781.3658531661855,488693
2021-12-17,732.043212890625,760.7958407838329,723.9424408720894,758.909108795133,732480
2021-12-20,700.4194946289062,714.242054254366,680.8750882775734,707.5358798622217,740217
2021-12-21,712.2733154296875,748.1422720665611,704.8902927825752,709.0945379576618,1200742
2021-12-22,710.6736450195312,726.8136582969719,707.5563992925506,709.5867051784666,270607
2021-12-23,701.3218994140625,721.891715721632,697.4048017025992,714.9189036878112,526171
2021-12-24,678.6807250976562,706.6335035922002,677.0400600201993,701.4859518390529,460334
2021-12-27,656.61376953125,671.8924582111288,644.0626855963015,658.7261174866144,1042877
2021-12-28,664.3864135742188,676.0556638466479,659.5464605779035,660.3668228311145,567145
2021-12-29,667.278076171875,677.5117069551072,664.9811332956552,666.1090941919829,622059
2021-12-30,669.1239624023438,678.783359138523,660.3669107590806,669.8006914966028,717018
2021-12-31,673.9434204101562,688.6683871115686,670.0673434125476,670.2109172330518,515179
2022-01-03,670.9696044921875,684.6281400038116,668.5701681899866,676.773493714248,373052
2022-01-04,709.6278076171875,717.1338346535751,664.7966913946836,678.8243582251218,1983109
2022-01-05,754.7048950195312,760.6317877159061,700.5015368872811,711.6375127587352,3743293
2022-01-06,763.3388671875,787.4361378041231,738.3598216319116,741.641092142046,3229154
2022-01-07,749.6599731445312,770.4553463465227,742.4000133705302,766.4767763849637,838903
2022-01-10,759.6268310546875,765.7793392358565,743.3227349078056,747.1167687385107,632957
2022-01-11,776.074462890625,782.5755904897968,749.1470971198564,759.2986845872708,979840
2022-01-12,776.6693115234375,785.3853407306823,771.1115491047642,773.1623655180343,574274
2022-01-13,760.9805297851562,780.0942163344395,757.2480269776526,773.5725768304729,435475
2022-01-14,779.5199584960938,791.5378288778033,755.1971295790779,760.3242303151179,1153843
2022-01-17,763.8926391601562,801.8740030873969,756.3455916777145,776.8538754648212,1099995
2022-01-18,749.331787109375,767.3996142244605,746.5016293340531,762.8672596752068,549195
2022-01-19,750.787841796875,762.4980531566249,722.4248541480928,746.911765582201,685627
2022-01-20,750.049560546875,767.0099363870328,741.5796576235724,754.7459397685246,720372
2022-01-21,740.3491821289062,763.8721599860495,730.1155503580228,750.0495992128383,872700
2022-01-24,730.5051879882812,749.8239798951404,718.7334438402067,740.4517315530962,900361
2022-01-25,731.8587646484375,762.9082796024378,707.3103191740375,731.1409550711395,920722
2022-01-27,732.7816162109375,741.4771354622823,714.0985323663355,717.7900735001278,226819
2022-01-28,737.3343505859375,773.1623429492234,732.2893518686934,739.9389515616762,983236
2022-01-31,745.6403198242188,759.4219191809509,739.631384365416,741.2105179077387,437161
2022-02-01,737.78564453125,757.7607140165275,726.4855836450273,755.5253026010637,525986
2022-02-02,755.7713012695312,762.4980454504188,737.7855777588363,737.7855777588363,507323
2022-02-03,757.2684936523438,764.5489039517944,753.5154805184993,758.8066059923327,207057
2022-02-04,747.1784057617188,766.8868977014607,744.0406493325188,757.5761216798179,217534
2022-02-07,747.465576171875,751.075015757652,736.4526030678076,751.0134841256904,210476
2022-02-08,754.5818481445312,762.4980251655803,731.5715182009089,750.5827088268043,495983
2022-02-09,764.2003784179688,772.752324509485,756.7763339541888,758.7656784759743,627647
2022-02-10,763.2159423828125,789.569078055724,753.5564869242194,764.1387979514664,1827928
2022-02-11,762.1290283203125,778.0434273123983,755.7714134904172,769.0608194939844,490949
2022-02-14,709.8739013671875,752.6542025332942,697.2818532887813,751.0135372508198,414282
2022-02-15,719.615234375,723.9424832184101,698.1020534124578,711.5554829674535,389796
2022-02-16,712.5809326171875,737.4779978211614,708.8894509232586,719.6152762145183,323030
2022-02-17,709.8123168945312,719.3076880609798,708.7663980567588,713.2782421104291,415496
2022-02-18,684.751220703125,712.6014476576497,603.3537902271329,709.812310963279,304792
2022-02-21,630.404296875,675.1329229103154,623.4519946142271,672.6718951838617,932288
2022-02-22,619.0631103515625,630.4862341507,604.9944238022916,615.2485655709601,559256
2022-02-23,653.0044555664062,656.2652161096346,623.4724807121449,625.4822763459763,649051
2022-02-24,603.8460083007812,635.7569080532427,598.8420299339389,635.7569080532427,585151
2022-02-25,633.5420532226562,640.3097599282961,614.8384582945174,614.8384582945174,525005
2022-02-28,640.5559692382812,646.0111207255446,623.5955900177969,631.655343144229,227404
2022-03-02,637.4385375976562,648.5130416629654,631.6552185029107,636.1670623000142,188735
2022-03-03,646.9544067382812,662.007480209448,641.9093483744584,642.0529221710037,287181
2022-03-04,625.1951293945312,646.0110123117387,623.4519115623222,642.3195306646696,334137
2022-03-07,590.6591186523438,618.1197013876374,581.204769802305,607.0452575825442,325120
2022-03-08,590.0233764648438,620.9909063676265,584.8963354433365,592.2792982946456,671171
2022-03-09,582.5379638671875,604.5228314208531,576.4880068317948,594.3302197517957,1009211
2022-03-10,604.379150390625,616.8687031642063,588.6493481200926,596.3809307316644,926918
2022-03-11,607.86572265625,617.2585423908263,604.256282588998,608.6860850743154,360532
2022-03-14,628.0457763671875,630.8349129139647,597.9395695469659,610.2445872210327,532374
2022-03-15,622.221435546875,641.4992666837562,616.2740315744991,627.5536420831895,380765
2022-03-16,629.1327514648438,639.8585768569764,625.5027419167561,628.148364263985,267784
2022-03-17,637.9512329101562,644.9035933945567,633.7060262273314,641.9093514493626,419132
2022-03-21,637.0283813476562,649.7025292981131,632.8857273514757,641.2940985993704,516701
2022-03-22,634.6494140625,643.7346334713836,631.6962525517134,643.7346334713836,211372
2022-03-23,629.3992919921875,639.8380286067573,627.5535809620601,639.8380286067573,152452
2022-03-24,619.3092041015625,632.4755449785571,616.479046617121,626.3230364624901,214948
2022-03-25,629.9530029296875,637.807708253745,620.0679917381154,623.3698323160162,258553
2022-03-28,643.1808471679688,648.8821236672303,623.4518467468388,631.6141503888591,592204
2022-03-29,674.6929321289062,679.5306901791614,647.1485760743616,647.4367552570607,1063996
2022-03-30,703.5137329101562,710.2248652579335,671.7080333346213,681.1570770891788,624975
2022-03-31,748.8651123046875,753.4558683149801,696.1644244551493,696.6379000643069,1671491
2022-04-01,732.3138427734375,748.9269053951197,729.5758717942045,741.9275940995379,423126
2022-04-04,730.8522338867188,742.5863610446057,725.1292300701649,732.3138377394304,373318
2022-04-05,736.266357421875,760.8668576382598,732.0461347439405,744.8096258733362,1116984
2022-04-06,729.123046875,741.5159472207224,719.8798279295331,736.2664782202963,340808
2022-04-07,738.0162353515625,767.207554820498,729.1641980899357,729.7817931875915,1647217
2022-04-08,764.6342163085938,772.7863640124815,745.2214166605064,745.2214166605064,1433114
2022-04-11,767.98974609375,781.8648971654931,754.279302950688,766.8163214554683,834742
2022-04-12,749.1945190429688,770.3365713330595,741.9275577148829,770.3365713330595,341833
2022-04-13,761.9992065429688,768.6691620137693,749.503364119897,754.814598434739,437923
2022-04-18,774.7833862304688,795.8636779024838,754.1353932804936,761.628770051843,1521891
2022-04-19,754.01171875,794.5459822875013,732.9931965653362,782.2766140609511,795680
2022-04-20,748.0623168945312,769.5131381684064,742.3393129714136,759.6317960141442,334493
2022-04-21,733.5902099609375,759.261194318778,725.1498236164452,755.4733296286804,314766
2022-04-22,725.7468872070312,749.2975571791626,718.4593364578952,731.6345397808661,352033
2022-04-25,696.5967407226562,721.7530721778198,691.6972169046819,721.7530721778198,254255
2022-04-26,694.9293212890625,716.9977393242592,692.5207062838338,704.2343057408917,254742
2022-04-27,690.873779296875,694.5381728970367,681.6305606801425,688.6092838315676,207354
2022-04-28,691.4707641601562,706.1075705777348,674.425402582453,695.4027483620962,406819
2022-04-29,683.40087890625,707.322077426999,680.4982003313129,693.7969320276623,196693
2022-05-02,671.9138793945312,690.7914386729811,668.7230210596928,680.1689698854362,205993
2022-05-04,657.48291015625,677.719189164067,651.677612025322,675.2282204114783,164520
2022-05-05,666.1908569335938,672.140274234127,659.6856100672172,662.032399596612,219752
2022-05-06,651.6776123046875,656.3712512554513,642.2902747263731,650.9364862906567,140027
2022-05-09,643.2990112304688,651.3482164680788,629.9385718132374,646.407515468472,249026
2022-05-10,623.4951171875,649.3926389816694,618.2250592571163,642.2903840342022,151647
2022-05-11,584.4840698242188,625.821221836011,559.9453351568425,624.1743216851927,637376
2022-05-12,555.9515991210938,583.6194865077383,548.8081688008244,570.2796367421422,427002
2022-05-13,556.19873046875,578.4729732815267,553.769527022417,559.966006918416,202877
2022-05-16,573.7794189453125,581.6022119022267,554.0372594437606,563.6510128345117,215397
2022-05-17,593.1098022460938,596.1771294207738,577.3407483741385,577.3407483741385,167674
2022-05-18,605.0704345703125,612.6256362975495,596.0948654214709,599.8827306940016,197864
2022-05-19,572.1941528320312,592.7391992936049,555.8692696443316,585.4722973885057,223575
2022-05-20,571.535400390625,589.2395937396998,569.0239027666959,584.54589500815,244466
2022-05-23,573.7587280273438,580.5316258392497,570.3619848752915,576.0026349698467,116132
2022-05-24,562.8892211914062,578.0406811323653,557.92793145541,572.3383249998428,118431
2022-05-25,534.6860961914062,569.4150651405512,523.0960873306598,569.4150651405512,518876
2022-05-26,518.5258178710938,543.12637714773,488.57287797868037,534.685991680173,592175
2022-05-27,537.9592895507812,543.0646986273493,517.1260624226471,522.8901839092065,974466
2022-05-30,569.353271484375,574.7674481968216,537.0329191482601,537.9592819491122,364446
2022-05-31,583.2696533203125,589.5896049149907,566.4507035480254,579.296491679278,421946
2022-06-01,573.4705810546875,594.5714593499107,568.6739991938196,577.2378576013292,396092
2022-06-02,565.9976806640625,580.943252912524,564.8860215979141,572.7087523626803,171226
2022-06-03,566.162353515625,579.522851379517,554.2017536282972,571.638295127422,329713
2022-06-06,554.4694213867188,566.038840323998,551.7520389857604,566.038840323998,118267
2022-06-07,547.5935668945312,572.2764812398223,540.1825458822628,567.768079291021,1052220
2022-06-08,559.471923828125,565.7095208218306,546.4202520610942,551.2991876046337,243702
2022-06-09,554.2018432617188,561.9834583216226,550.8874538723817,558.9161308540315,125676
2022-06-10,528.1190185546875,554.160594968487,522.0666586954119,553.1518782714052,482445
2022-06-13,499.11309814453125,518.7317831376552,496.1486834461111,515.890869555872,299100
2022-06-14,505.0007019042969,510.1061104626466,494.93403405964216,499.01010760707794,237050
2022-06-15,515.4379272460938,517.8876592081567,508.8915034513462,510.9501137744479,193395
2022-06-16,494.33709716796875,522.8902045139384,489.952225483229,520.8110053853945,319421
2022-06-17,483.96160888671875,497.56907983884065,476.3652910938697,494.0694242270146,691385
2022-06-20,472.08331298828125,494.02822683451444,455.77901890273915,494.02822683451444,434233
2022-06-21,490.137451171875,494.0694052721229,474.53307619841326,483.7762939055533,221514
2022-06-22,499.7923889160156,509.71493748950314,479.88552629646375,489.9521644675713,516003
2022-06-23,500.08062744140625,502.30394587815,494.48118420379495,500.2247468859182,206807
2022-06-24,519.2257080078125,534.3359865035259,499.8334717954789,502.3038216879335,332358
2022-06-27,521.510986328125,531.0217966879686,519.1847251364661,527.8309380733407,430531
2022-06-28,521.7374267578125,529.8895759158033,499.2160890138762,518.8141587478262,322125
2022-06-29,528.5307006835938,542.5910859910836,512.2881744173388,517.4964649652856,696641
2022-06-30,516.7348022460938,533.1832150302098,514.6556035166194,526.5956145207748,288017
2022-07-01,525.3604736328125,529.0660440234653,510.70307903173295,516.7142620748624,180866
2022-07-04,519.9874267578125,528.4484007989008,515.4790846439173,526.1427286797621,117201
2022-07-05,528.819091796875,532.7716652272114,520.9962989188672,520.9962989188672,256119
2022-07-06,529.9924926757812,537.3005728309125,523.5901869353173,524.5577268341842,176669
2022-07-07,533.4920043945312,542.2411579471851,530.3011464573866,532.6479956454423,148160
2022-07-08,535.2418823242188,545.4732288232101,531.9480817183992,534.4184620111575,252405
2022-07-11,545.2673950195312,550.8873967113943,533.224440473446,538.123964321893,230218
2022-07-12,541.8501586914062,548.417172461712,537.3005787198788,542.2412804188272,268178
2022-07-13,536.8888549804688,547.5936785536143,533.2245207076298,545.5350678167471,151079
2022-07-14,530.9805908203125,541.6236484551245,527.4191991719326,536.8888320273938,109198
2022-07-15,531.86572265625,541.4177681923292,527.4191455901024,535.2418771963881,158282
2022-07-18,545.2673950195312,546.9554722792603,531.9892503464664,534.830163767805,255086
2022-07-19,547.7171630859375,554.5930035245962,542.6529906508616,543.8881211821928,238662
2022-07-20,554.881103515625,566.0799887300712,551.1344161176394,552.9460241857573,279708
2022-07-21,557.4750366210938,562.3745608105587,551.9167403396018,555.8281362294217,129060
2022-07-22,547.2643432617188,559.9454837560386,542.2412875171793,557.4751030358267,194283
2022-07-25,530.7540893554688,548.9729358597974,526.657456767708,548.4171062398227,230436
2022-07-26,516.46728515625,537.1976292902131,514.6556768549672,533.1832910087395,283669
2022-07-27,515.005615234375,527.0073322025373,510.5178018794298,518.752302634491,314863
2022-07-28,518.3817749023438,524.9693763334766,515.829100234656,517.9494762397434,133458
2022-07-29,524.1459350585938,533.5949784885086,520.9756654237592,520.9756654237592,395759
2022-08-01,545.2056884765625,550.887456256593,527.3986108744567,527.4191993680246,516929
2022-08-02,585.1840209960938,598.5239301708319,541.4177254117043,544.7115257257052,1676374
2022-08-03,589.1984252929688,600.9531414304514,577.6495344003581,594.9419581626305,1634559
2022-08-04,590.7835693359375,596.8771066670727,576.8261230270398,588.3543659297618,565495
2022-08-05,585.43115234375,592.0187537534623,577.2378275661795,577.2378275661795,303279
2022-08-08,603.4439697265625,606.8407124180113,582.590157351854,585.0604776967743,800078
2022-08-10,632.1412963867188,637.7612982224954,601.94126103712,606.4702518341633,1019479
2022-08-11,734.1871337890625,755.2674806580341,619.6454224149779,637.7612653148207,5064265
2022-08-12,722.0001220703125,731.63446161639,697.090793247014,712.3863710151071,2296218
2022-08-16,723.255859375,728.7523296795026,710.2453661292514,722.0206693467428,956997
2022-08-17,744.8096923828125,757.573124975166,717.2241570614917,726.4467868241583,2358475
2022-08-18,739.74560546875,747.2801594211776,731.2229230761351,731.2229230761351,760206
2022-08-19,748.5769653320312,760.4552120839734,725.4997726966897,740.2806983773783,1154830
2022-08-22,754.197021484375,765.3959076125719,741.207055954894,748.5151946161426,1060265
2022-08-23,757.4290161132812,769.5130873740236,749.3385748865162,752.6323752794474,708845
2022-08-24,739.3748779296875,763.7077880014868,732.8696311183061,761.2785848539739,529014
2022-08-25,740.3218994140625,753.0442150573251,737.0692756995752,746.8683238275333,711564
2022-08-26,756.44091796875,765.7664906913003,741.1248099695738,741.1248099695738,761039
2022-08-29,747.3828735351562,763.7077553362442,737.2132936239677,740.3217974646465,588445
2022-08-30,760.55810546875,774.0008976829952,755.4321084873294,757.2643050893082,764528
2022-09-01,772.0865478515625,782.2355415405156,755.9468991729846,757.9849810498155,738648
2022-09-02,779.51806640625,796.2546600756885,764.5724327966199,777.3359250065313,794469
2022-09-05,746.6007080078125,785.5704257949317,741.5570646676399,781.8649150523346,605077
2022-09-06,751.6237182617188,765.7252836641783,741.0630154172453,749.3386343602822,645268
2022-09-07,757.140869140625,765.375371122351,749.4416082957914,750.5738560480781,973905
2022-09-08,751.494384765625,751.494384765625,715.708960606038,715.708960606038,114694
2022-09-09,789.064208984375,789.064208984375,768.4582335394983,768.4582335394983,64054
2022-09-12,767.3583374023438,805.6614661673578,756.5053376709582,803.7059771718059,54370
2022-09-13,751.2498779296875,767.5293458883505,734.6771582662624,767.5293458883505,183214
2022-09-14,739.4437255859375,750.4188834305426,724.0686579336827,733.3083551438526,37192
2022-09-15,748.517822265625,752.9077162705431,735.7404393523223,745.5503118770199,34948
2022-09-16,755.0903930664062,766.1510483480761,738.5117443342768,738.5117443342768,121450
2022-09-19,747.1934814453125,764.1890982037991,740.4001564432829,756.8316935355981,27012
2022-09-20,757.5182495117188,759.7745078635522,736.3288922571982,747.0216755817883,43224
2022-09-21,767.40185546875,779.5415731703844,748.248054700731,758.3031744131957,75078
2022-09-22,779.8848876953125,799.5046332977103,773.6310937845482,799.5046332977103,249444
2022-09-23,760.3387451171875,787.1442351208523,751.6815202015871,785.672754167766,83198
2022-09-26,732.4541625976562,764.5814954051491,726.9115606214411,759.7746338749071,139350
2022-09-27,726.764404296875,747.9782542811312,723.9686144916093,734.7594745992078,63692
2022-09-28,713.4476318359375,722.0312715444425,708.7388444389254,721.0257355144157,133520
2022-09-29,725.881591796875,734.6614404356552,718.5732241632072,718.5732241632072,77180
2022-09-30,727.3040161132812,741.1359132444638,723.4781416516109,728.3830782051812,75888
2022-10-03,716.4149780273438,739.4436896885846,711.2647949553021,727.3039724473437,125104
2022-10-04,726.3965454101562,735.2254310906186,721.0256639044269,725.9306003935726,84210
2022-10-06,737.2365112304688,744.569367414208,729.78097175841,730.0507672182282,74900
2022-10-07,745.5502319335938,757.3220777009662,737.2363898102684,737.2363898102684,247916
2022-10-10,737.6778564453125,751.9021714368087,734.2199123463434,736.2309242150269,56838
2022-10-11,750.1610717773438,759.2842425618643,740.6454820855394,750.4553560204472,214942
2022-10-12,746.1389770507812,762.7176877176173,737.5553374783965,750.9458391612039,208722
2022-10-13,745.256103515625,751.4117632264642,741.6264383371797,746.04088142252,38886
2022-10-14,744.4466552734375,756.733543802203,738.8305275495393,751.1909422179341,47052
2022-10-17,748.5913696289062,759.77464857394,734.023732466689,737.3100159057295,100972
2022-10-18,768.750732421875,783.7598263483186,743.2205136299253,755.3602316383996,263024
2022-10-19,784.3239135742188,794.1092381737875,768.7016425516335,768.7507398175678,206318
2022-10-20,801.8099365234375,804.3605393990579,776.4514390587077,776.4514390587077,219386
2022-10-21,781.3319091796875,805.8321052224271,780.0076001502285,804.3851128942359,100204
2022-10-24,780.9885864257812,794.5997864718264,778.9039882205311,785.7708999554728,22728
2022-10-25,765.2681884765625,783.8824588979838,760.2406284346633,782.50905269275,116048
2022-10-27,776.5494995117188,782.3373483585506,766.0284349836779,766.641552027846,88950
2022-10-28,770.5166015625,779.0756930803703,765.7097391264198,772.2823669906463,39458
2022-10-31,773.0669555664062,777.4323606072179,765.9303095689373,774.3913242190789,48024
2022-11-01,763.7967529296875,776.9174591854855,761.9819502198943,774.980033052741,66332
2022-11-02,759.7500610351562,809.2163900096781,757.8126352057113,763.6985585859499,78670
2022-11-03,746.5313110351562,765.1700691293323,740.7925594665708,755.8997274707078,109674
2022-11-04,760.0198974609375,768.5299501655351,748.2480500656084,748.2480500656084,111260
2022-11-07,752.3191528320312,765.1455133429214,750.9702953509868,763.8212044932347,77632
2022-11-09,762.7667236328125,781.8469401059502,752.9078124608743,752.9078124608743,334740
2022-11-10,744.7655639648438,759.6765827762542,730.3450387993697,751.5343403539391,132222
2022-11-11,752.098388671875,758.7936386347709,747.512285248475,758.7936386347709,83808
2022-11-14,748.9102172851562,757.7146142246344,744.569360459004,752.907752506305,80320
2022-11-15,735.12744140625,753.398331943286,731.8166088928274,748.9348511964306,89230
2022-11-16,735.0783081054688,741.0868552162677,727.9171129116221,735.7404625468184,68098
2022-11-17,728.922607421875,738.1929494598013,725.9306081066484,730.9091306709712,52176
2022-11-18,733.263427734375,743.8090407724108,724.9495846612497,731.3260018470388,91682
2022-11-21,730.0997924804688,735.7404694126323,727.8925710722309,733.263452549058,60264
2022-11-22,725.6608276367188,734.219978002851,723.9686484449144,723.9686484449144,46158
2022-11-23,726.1758422851562,735.642393594787,723.8950348582542,729.2904649596637,44160
2022-11-24,726.6664428710938,733.2881080609417,723.9687274233779,730.835639472109,90708
2022-11-25,724.09130859375,733.778558954276,722.0067104149026,727.1568941508785,72608
2022-11-28,729.5848388671875,734.4652871655647,722.0067350611686,722.546266162697,75116
2022-11-29,722.3990478515625,735.7404507417959,721.0256417269601,730.8355144035173,112444
2022-11-30,720.265380859375,730.0017277720259,717.5922144001825,724.4591255427679,163482
2022-12-01,722.7913818359375,740.6699100954579,719.7993827480086,724.6797702859224,172040
2022-12-02,717.4695434570312,729.0942183141423,711.2157497950403,723.4780903087479,91902
2022-12-05,765.7095947265625,772.036974536012,719.3089092484508,722.9876114778156,1356042
2022-12-06,759.0388793945312,777.3833528165527,751.9267218816261,764.9738402407033,736462
2022-12-07,763.7476806640625,774.9309602765069,752.0003812315686,757.8127192391393,514488
2022-12-08,760.8782348632812,769.9769155459381,757.8126497107298,769.9769155459381,206306
2022-12-09,753.9868774414062,767.5980773591842,741.9207446243736,761.2462080141084,213854
2022-12-12,738.7570190429688,755.3602170333369,736.7950444532718,754.3546811062321,106228
2022-12-13,731.6448974609375,747.5123557675429,726.9852075791844,742.6074190499081,136216
2022-12-14,727.4265747070312,737.4571451153851,725.3664656132772,732.3069621930628,106738
2022-12-15,732.380615234375,742.6073959982456,724.9741729955969,729.8545609282625,159834
2022-12-16,719.6278686523438,735.1274581298793,716.1208266019175,730.3451443905857,156814
2022-12-19,718.8674926757812,724.70437917675,715.3849996814145,719.6277817950232,68068
2022-12-20,718.9901733398438,726.7644864576716,710.1122494044299,718.8675499156675,331910
2022-12-21,704.348876953125,730.3450402389994,698.904409447441,719.554180007127,210460
2022-12-22,681.3201904296875,714.1832631442384,676.390705572621,706.8503475614642,200698
2022-12-23,648.4328002929688,680.8053909278674,644.0183561154826,676.8814405478796,144390
2022-12-26,667.4882202148438,672.95723596604,640.8544529961149,647.4761167610869,121612
2022-12-27,681.3692626953125,691.5960432751838,669.5238291281034,669.597415150203,100752
2022-12-28,681.4428100585938,686.6420304544517,673.2760793125369,681.2466006356972,51148
2022-12-29,720.3880615234375,738.1930064937386,676.9548810196834,681.2957382191381,360420
2022-12-30,720.1918334960938,735.6423831117755,714.6492314301073,716.7828667830448,135394
2023-01-02,744.8882446289062,752.907804381413,722.3255351816457,723.478183363247,522414
2023-01-03,746.6785888671875,755.3112660747598,740.8661905803199,745.5258807640644,160960
2023-01-04,740.35107421875,752.3926565383168,735.7894596508279,746.6784538251646,118352
2023-01-05,728.2359619140625,743.0733961245996,726.4211592001817,740.6454762945809,92846
2023-01-06,728.8735961914062,744.4713189023199,723.968659474102,728.8735961914062,191412
2023-01-09,739.4191284179688,749.9647411947425,731.2033603244357,734.2199080471524,195906
2023-01-10,739.24755859375,746.8256619671296,729.2660242238088,737.2119978555993,109450
2023-01-11,737.6778564453125,750.9457328269195,730.6638335984694,741.6263540393875,104648
2023-01-12,736.45166015625,742.9752495919065,733.2880000923586,737.0647772131834,64736
2023-01-13,748.8121337890625,750.4552755219622,735.7404661980022,736.7214534862662,157006
2023-01-16,744.0543212890625,760.2161230437619,740.1549207063993,750.4062500059038,271134
2023-01-17,740.3265380859375,749.4988047631658,737.2119155540477,742.607345408402,79652
2023-01-18,741.3810424804688,747.4386261883818,740.4736413369254,741.6262892692482,53270
2023-01-19,737.2855834960938,743.0979216009998,735.7405164366336,739.6644658576289,42618
2023-01-20,737.0894165039062,748.0029014596288,731.84115780093,739.1740147538758,72300
2023-01-23,741.0623779296875,753.3983061809665,736.72152075769,744.7165918369715,146214
2023-01-24,743.0488891601562,748.0028633622348,735.3726510792333,741.1849892228751,63902
2023-01-25,732.2579956054688,745.0108307413745,727.1323009433243,744.5693744732657,71896
2023-01-27,710.3328857421875,740.2285098770225,692.577039418041,733.28801269828,111186
2023-01-30,717.6167602539062,733.7539534767236,703.0490628901464,710.3328816346697,100818
2023-01-31,755.2376098632812,757.7636641767829,721.4671334868119,722.9386144607296,287912
2023-02-01,684.7536010742188,774.9308357267689,675.9001678144303,755.262054719592,804248
2023-02-02,683.0369262695312,711.2157612749907,670.6028648881622,688.1625607371117,242166
2023-02-03,674.0609130859375,696.7462448889024,660.4497140041585,691.5960614525537,186788
2023-02-06,668.2975463867188,683.5028483595542,664.6678816827776,679.333652657325,96280
2023-02-07,671.3386840820312,683.674612259943,668.5183453875156,679.8242487997653,85380
2023-02-08,684.5328979492188,687.9173159706475,668.5673662199671,675.9002220374704,80286
2023-02-09,677.4207763671875,691.105561345349,674.0118694076691,684.2386501609382,69542
2023-02-10,676.3171997070312,684.238684625851,660.00828482258,678.6960820836545,271006
2023-02-13,679.7996215820312,693.042949573201,674.4287402910522,681.2956511012884,152274
2023-02-14,678.4752807617188,682.6690250445226,673.9872522901427,679.8241381787401,70204
2023-02-15,677.0528564453125,684.1895625667577,674.8946725422009,678.3526765133566,49510
2023-02-16,694.4163818359375,700.7927992569985,675.5323763966413,678.2055428271241,146058
2023-02-17,701.4794921875,712.9570553542571,694.5389951969944,696.5009697596978,268170
2023-02-20,688.9473266601562,707.5615954635254,681.7861317832738,703.3433024318613,129646
2023-02-21,699.2233276367188,707.7578702347512,695.0295824939421,703.8584692158129,355370
2023-02-22,674.6740112304688,698.462953102281,672.466789819682,698.462953102281,114828
2023-02-23,671.1179809570312,681.7616699154343,667.1694828637466,675.9002943605255,82740
2023-02-24,668.4595336914062,681.1852861212014,664.4966140879683,674.4409011474529,86326
2023-02-27,633.186767578125,664.299698386792,630.1345772572616,655.2661404895063,196718
2023-02-28,612.387451171875,637.5190163563136,605.5199923693173,637.5190163563136,227892
2023-03-01,601.4832763671875,608.0061549834629,593.9019563716699,607.9815163094444,333186
2023-03-02,596.1417846679688,610.4429107684579,593.7049599893227,603.0585207188394,222880
2023-03-03,598.6770629882812,605.0276500154432,594.6895046530964,600.5723776191817,202414
2023-03-06,595.8463745117188,602.8615445105296,593.2126209520809,600.1047177930179,141092
2023-03-08,584.1544799804688,598.8494044070623,581.9391629283897,595.8464310886637,248100
2023-03-09,581.2745971679688,587.7974753491889,578.4439141836657,585.3852291350051,147820
2023-03-10,575.8346557617188,581.9145177172446,574.6285628758669,579.9453472297711,147846
2023-03-13,579.40380859375,584.8436663972086,571.8471284584072,575.8346868922519,157226
2023-03-14,577.4592895507812,587.8220740702171,564.5612459105629,578.2469457870592,402114
2023-03-15,570.2717895507812,583.4651958611256,568.1549072228385,580.3637883762339,106612
2023-03-16,611.6243896484375,615.8580943452972,555.3060994576301,571.551756622614,1101634
2023-03-17,599.1448364257812,614.8735636766588,596.7571688276402,611.1813685384883,267634
2023-03-20,590.7265625,600.5970545239619,580.9053478182582,600.5724158528518,164688
2023-03-21,592.252685546875,596.6586806442691,585.8774597919821,591.735754236313,148152
2023-03-22,589.791259765625,593.1880311271893,585.8774969663787,592.720377126487,84180
2023-03-23,614.5289306640625,619.7964379096024,581.7914698848817,585.8282455221819,826696
2023-03-24,627.40234375,629.64229934521,605.6676713281195,614.405865865553,788488
2023-03-27,615.021240234375,633.531432112889,605.4953292489665,633.531432112889,463942
2023-03-28,615.5380859375,620.1410100692283,610.7382327323378,617.7780414709688,125422
2023-03-29,613.888916015625,622.774822117571,611.7474550716429,615.3657939210354,172610
2023-03-31,619.0087890625,629.8392273438425,615.4150286859639,620.928742413056,135982
2023-04-03,621.1995239257812,639.9805022213731,616.448887409658,620.7810871547318,275958
2023-04-05,631.143798828125,636.5343791614878,619.57492186734,626.0977993026762,90020
2023-04-06,625.4332275390625,634.9345005479688,618.4426953389307,628.4362610406441,73188
2023-04-10,624.4978637695312,634.1960049146638,621.2733228816656,627.574692825007,75906
2023-04-11,623.6363525390625,629.2977180093541,619.8948803267201,627.1808355783876,77350
2023-04-12,604.0184326171875,626.4177478116115,598.2586327477766,623.7347769524237,227064
2023-04-13,602.0000610351562,609.9505994307812,599.3416686797905,606.2337658484998,101834
2023-04-17,600.6954956054688,603.5508171468279,596.9048660607903,602.7631608888282,96482
2023-04-18,613.0521240234375,624.7194369885677,607.4891924695766,607.4891924695766,703214
2023-04-19,607.9814453125,618.8611012623861,605.5199819711539,617.3350060096154,172288
2023-04-20,597.4463500976562,610.7136731178595,596.6586938737821,610.7136731178595,97392
2023-04-21,594.7142333984375,602.5909167722807,591.2435457491077,599.1202291229511,77156
2023-04-24,588.0189208984375,597.5940488207467,585.8282426841101,597.5940488207467,93458
2023-04-25,585.7789916992188,594.1233274443173,584.3266924355908,588.7819646169476,115750
2023-04-26,593.06494140625,598.1355798243817,582.9237246643053,585.1390416266179,145036
2023-04-27,588.9542846679688,593.21262799986,587.7974089890729,592.9418430115943,65256
2023-04-28,598.9970703125,606.504533079926,583.8590716175262,593.1141972964075,278232
2023-05-02,607.956787109375,618.0980638253656,597.6432800782072,598.6278653831137,306756
2023-05-03,625.8516845703125,638.9958745939551,604.5600269615386,606.701488020089,825914
2023-05-04,683.9913940429688,702.8954431064019,627.8700340669013,630.1345681523358,5605700
2023-05-05,675.9915771484375,698.0216703935663,670.6994318437418,679.1176230537446,1002790
2023-05-08,689.18505859375,711.3628661041349,684.2375536092696,684.2375536092696,1210734
2023-05-09,694.8218994140625,699.0556044361496,678.7731700916462,689.2097508525419,504908
2023-05-10,689.111328125,698.3171773451879,681.8745895608464,696.5449356887315,258682
2023-05-11,686.2066650390625,696.0770955819843,682.7359781820594,684.7790044846105,198292
2023-05-12,677.4931030273438,688.1266720623995,671.3394450646106,686.6005168121889,179946
2023-05-15,696.00341796875,711.2152137697028,672.86566191078,679.06853768618,838786
2023-05-16,700.9508056640625,714.8088543565732,696.7663185689998,698.4647640935827,697828
2023-05-17,700.2124633789062,707.3999243032753,691.6711976193392,699.0802263006052,452594
2023-05-18,711.9044189453125,718.747299085608,696.8402752436151,703.929301719214,594278
2023-05-19,698.1940307617188,716.2857851283629,695.8556407415402,713.8243219492276,202704
2023-05-22,707.9660034179688,712.8397123652959,702.6246405202821,704.9630304607069,196734
2023-05-23,698.8340454101562,710.8213592483734,696.914092083588,708.8767672519284,111542
2023-05-24,694.6248779296875,705.2091691242221,691.6711222474918,698.587857507692,99320
2023-05-25,694.5264892578125,704.0277012723504,691.2035138961485,694.1818483489016,97080
2023-05-26,701.3200073242188,718.7471769204674,688.3234710103565,697.7755247360335,596494
2023-05-29,701.0001220703125,708.4091507773941,697.2833484755012,703.4862240867936,146918
2023-05-30,704.9630737304688,711.2644436786358,699.473998672433,704.913856484407,152232
2023-05-31,707.2030639648438,716.704276504258,703.0677934896866,708.4091569768676,390174
2023-06-01,737.5529174804688,740.9005319616134,707.2031198446774,707.2031198446774,953898
2023-06-02,736.8390502929688,747.6941276521999,733.0484207898543,740.4081721333723,340306
2023-06-05,743.6079711914062,753.2076768770947,740.9250005631308,740.9250005631308,423486
2023-06-06,737.8482055664062,750.623175063955,735.5836114307522,747.4971289344944,228532
2023-06-07,749.3924560546875,756.6537723475478,738.438945036644,739.4235302966928,438360
2023-06-08,744.4695434570312,752.567733332261,737.9466659891485,750.697057360326,229692
2023-06-09,737.085205078125,750.3524685854665,730.5869658284722,747.2018435518896,181136
2023-06-12,746.16796875,750.2540219096768,738.6851442752428,743.0665610152328,225514
2023-06-13,737.9712524414062,751.8785185115199,734.0574901810171,749.2693436712606,167560
2023-06-14,745.50341796875,748.7771763536576,737.5283004831854,740.8758546956288,124812
2023-06-15,741.9342651367188,748.4325643864986,738.4389992259133,745.5033869663107,136104
2023-06-16,763.4967651367188,770.3888629790362,743.3619815642269,743.3619815642269,713206
2023-06-19,774.0809326171875,780.0376613381108,765.5150289559875,769.4533699409701,531422
2023-06-20,801.8217163085938,811.298350561205,765.219766941399,779.7669798284243,1054306
2023-06-21,808.1475219726562,861.3151228931508,800.3200575960544,816.7134252509316,4036996
2023-06-22,798.9417724609375,824.1225541184803,790.1297218001899,817.1566009385742,510612
2023-06-23,802.0923461914062,811.2981936471294,775.8531269343907,799.4831714095499,597534
2023-06-26,774.2779541015625,804.4062421950055,770.4380471451552,804.4062421950055,521004
2023-06-27,774.7208862304688,784.1975193388521,770.9302570248415,779.9392361733942,245188
2023-06-28,793.6004028320312,807.3107413292317,778.413126267507,780.6777205682364,580816
2023-06-30,797.907958984375,806.8676612645334,794.0188349923633,799.212486444217,223514
2023-07-03,785.3052368164062,805.8092383755001,779.323928999574,797.9079771422794,258828
2023-07-04,776.0993041992188,792.0988141176929,774.3762800541523,783.9759860052368,235880
2023-07-05,784.5914916992188,793.0835407858456,777.822467064951,777.822467064951,221346
2023-07-06,781.8837890625,792.0988613893043,778.5115964819123,788.111303005897,180732
2023-07-07,759.090576171875,787.1266767454298,747.792484657987,784.2221382884617,441438
2023-07-10,771.0533447265625,775.3609053116271,760.5921261628341,762.0443654080723,211114
2023-07-11,794.4864501953125,804.0615779209327,772.8747916843948,772.8994303536608,570156
2023-07-12,773.6871948242188,807.1385198251929,763.5459772293348,800.3694952043654,560004
2023-07-13,772.0133666992188,790.1297615946951,766.5243513218534,777.7240099363577,224664
2023-07-14,783.3114013671875,789.0958395564486,767.9764744891348,777.330034114323,296568
2023-07-17,795.5448608398438,809.4029098838558,783.2867627845256,783.2867627845256,355288
2023-07-18,784.123779296875,796.9971843856754,780.2838724797516,796.9971843856754,208216
2023-07-19,793.0342407226562,798.4986771106535,783.7791148787145,790.2527752354356,215558
2023-07-20,790.32666015625,802.904701750032,787.6682677337845,793.0342698265848,238366
2023-07-21,828.4793090820312,833.7960336221977,785.6990659651885,787.6682365565799,1657732
2023-07-24,872.6134643554688,883.6654116218675,831.9993159104525,835.4207261962725,2977732
2023-07-25,888.3175048828125,893.5850726301975,860.133748873668,876.2071169396688,1542602
2023-07-26,887.1113891601562,897.9418278735433,880.2192917970918,892.4773912688347,446266
2023-07-27,888.0220336914062,897.8433075515371,882.7053094332952,887.1113043600659,254422
2023-07-28,893.9295043945312,899.9108714947179,886.1266787147113,886.1758959557776,358772
2023-07-31,991.9203491210938,1012.4243474620105,897.2770989310575,900.5262179980433,6100820
2023-08-01,972.0318603515625,993.4465911316552,966.2227829068213,991.9204958995239,934296
2023-08-02,1011.3167724609375,1047.5249193855482,958.2722416511234,963.0966733619235,5560060
2023-08-03,1006.7138061523438,1041.6912221238606,987.9082514163786,1013.1382491166847,1306414
2023-08-04,987.1944580078125,1021.4825924117969,977.2008933479382,1013.3844024970936,562092
2023-08-07,986.8989868164062,992.9542100527678,939.2696760466466,990.9604009130525,840142
2023-08-08,1008.1414184570312,1050.7985855169059,997.8032735538432,1033.814490318811,1766800
2023-08-09,997.2864379882812,1010.4799045642021,990.591210117327,1008.2153103814477,276782
2023-08-10,975.404052734375,1011.6614192686329,968.8565963937534,998.8125928237929,397348
2023-08-11,967.4288940429688,1010.6767904717138,944.8818670809341,983.329910267059,1228200
2023-08-14,951.8231811523438,969.299569879359,942.2481133382267,962.9244042265265,383818
2023-08-16,947.93408203125,968.0688021892566,940.7958390144984,950.0755429174127,482288
2023-08-17,1005.0400390625,1015.9442727008433,948.1063845966653,948.1063845966653,1932216
2023-08-18,997.9757080078125,1004.7693711054409,979.1947901314461,1004.7693711054409,643356
2023-08-21,1018.7012329101562,1022.2949933924637,999.3541071913353,999.3541071913353,905172
2023-08-22,1025.0762939453125,1050.5524366811367,1016.5349690299287,1020.0302946594729,1037200
2023-08-23,1064.755126953125,1085.4559351954117,1039.7219994866257,1043.1680477803789,2662158
2023-08-24,1077.456298828125,1087.154560530404,1065.8136253152638,1085.0130393509662,765450
2023-08-25,1034.99609375,1076.8409720106372,1026.9225417845817,1076.8409720106372,692246
2023-08-28,1070.687255859375,1082.05926435641,1051.0694655136845,1067.782777247067,1211394
2023-08-29,1211.72900390625,1226.7932061178187,1056.9522526223743,1068.274982855404,7774876
2023-08-30,1178.3270263671875,1225.8086255981116,1168.7026815943443,1223.3964398320245,2207292
2023-08-31,1214.3629150390625,1247.9618889729495,1170.179648950178,1178.5486241425015,3792958
2023-09-01,1228.3687744140625,1255.1002932241288,1201.366590758145,1213.9938509867432,1635776
2023-09-04,1232.6024169921875,1249.4388023477986,1216.4798319737122,1240.5282569033527,595008
2023-09-05,1232.429931640625,1248.4294417405058,1220.8856937755136,1235.6544723292495,412554
2023-09-06,1227.925537109375,1252.7370377084249,1223.3471915900443,1243.0388968872683,598444
2023-09-07,1204.787841796875,1234.3745583272284,1194.3512615210757,1234.3745583272284,817546
2023-09-08,1277.1053466796875,1298.298565617335,1207.1013680514573,1207.1013680514573,2317666
2023-09-11,1282.126953125,1339.2821789148509,1263.9367634112466,1294.212761942128,1405870
2023-09-12,1138.156005859375,1293.2528344210252,1127.3748445424362,1293.2528344210252,2183728
2023-09-13,1191.9881591796875,1208.0861040095708,1135.8667998247197,1155.903085661969,2324166
2023-09-14,1169.2196044921875,1208.5783751987133,1162.7458844629773,1195.7787671518024,572486
2023-09-15,1186.0313720703125,1206.116935275068,1164.2720620104228,1181.010011316281,1128652
2023-09-18,1155.75537109375,1202.7446780886517,1149.0356248413298,1202.7446780886517,560674
2023-09-20,1154.078125,1173.614449431097,1143.1259266976215,1157.8768447133948,486548
2023-09-21,1163.27880859375,1170.2103060385293,1152.1046310417169,1155.9033503576197,411774
2023-09-22,1159.751708984375,1192.3863272840288,1154.4235760826523,1166.4118450002366,725930
2023-09-25,1136.8111572265625,1158.863581886065,1122.356172324733,1156.643536710038,437360
2023-09-26,1155.804931640625,1162.3170403754273,1138.1679052427382,1142.040578632238,256466
2023-09-27,1142.879150390625,1163.3035150726214,1138.463631447615,1157.8767387088392,255942
2023-09-28,1145.7158203125,1169.5688957547209,1139.6229825954606,1146.4804060442789,389318
2023-09-29,1143.6685791015625,1163.7970127368699,1141.1032176601866,1147.0233381149735,195136
2023-10-03,1140.0177001953125,1151.4385491965284,1136.662941729652,1148.7004698442192,362226
2023-10-04,1142.8050537109375,1164.290178336644,1124.6254255239094,1129.8055301309157,414432
2023-10-05,1140.3138427734375,1172.3811625414774,1134.6897764075688,1149.4406953228026,321282
2023-10-06,1150.8221435546875,1159.6283715640404,1124.8229700465915,1148.9474145155762,454358
2023-10-09,1131.1622314453125,1177.1171115754073,1125.3160651733044,1166.7569022949867,634580
2023-10-10,1152.0306396484375,1157.3587717513108,1132.3956712868758,1140.6097896301576,278088
2023-10-11,1150.79736328125,1165.2770393616265,1147.0480259382061,1154.9907819241687,249880
2023-10-12,1150.0328369140625,1163.6243510978802,1146.9494406935657,1156.347536017508,142990
2023-10-13,1133.1602783203125,1151.0933570474683,1127.7828840503641,1149.4899911799425,183774
2023-10-16,1191.9669189453125,1202.771090157923,1134.6157543715397,1134.640325182975,1145998
2023-10-17,1179.0411376953125,1206.7177457827793,1172.0850692365054,1197.9362107064512,382042
2023-10-18,1139.0557861328125,1188.9080328567245,1135.9476990907478,1182.0259175497479,400312
2023-10-19,1155.385498046875,1160.8369664535064,1138.6365144813824,1140.1165446128573,230830
2023-10-20,1130.24951171875,1156.6186872811256,1124.822735363924,1154.8919857136812,232422
2023-10-23,1015.769287109375,1134.1963847811437,1002.3010495132459,1127.2895777402844,867460
2023-10-25,985.4779663085938,1055.705315169866,965.0781719861191,1055.705315169866,868498
2023-10-26,972.749755859375,994.5555079635656,939.8437783174586,986.1933622228429,600756
2023-10-27,991.8914794921875,1009.3804768619829,977.5845225865191,984.1952751855604,344436
2023-10-30,993.741455078125,1001.4622297144343,979.4344990642821,996.430152033077,189900
2023-10-31,996.9235229492188,1035.5276380900211,990.1893745255097,1003.3122949122454,425708
2023-11-01,991.8175048828125,1023.440802274695,987.4514281829893,999.2176552969462,350246
2023-11-02,1014.1658935546875,1026.1294697101869,1003.460367022096,1003.460367022096,243542
2023-11-03,1016.6819458007812,1025.6607702051301,1011.7732038178815,1023.6380143994419,175700
2023-11-06,1005.581787109375,1028.5962064998255,999.0449876392187,1026.1541809754774,254184
2023-11-07,1047.2939453125,1058.7147953225656,1003.4850331411569,1014.5852581620132,673504
2023-11-08,1054.471923828125,1084.3685760595058,1041.4477088542387,1058.6407710794629,497298
2023-11-09,1033.1348876953125,1067.9896662725773,1026.1788190002862,1061.1815042206258,274580
2023-11-10,1070.974365234375,1082.888557909859,1057.0374168239177,1068.0882587129133,1259682
2023-11-13,1091.1768798828125,1097.1956448527756,1073.6384991505631,1092.7555545633534,264944
2023-11-15,1119.8399658203125,1122.3560649571766,1095.2715645786868,1105.0890485732202,377952
2023-11-16,1107.97509765625,1121.86266336283,1104.5956478757153,1121.86266336283,152594
2023-11-17,1140.881103515625,1163.2048884474334,1101.0928930220111,1106.5443607242219,772970
2023-11-20,1121.0980224609375,1149.440572586652,1117.9159820819932,1146.5298951273398,236500
2023-11-21,1203.091552734375,1221.9866246223676,1122.947960245286,1122.947960245286,4509586
2023-11-22,1197.34423828125,1210.6645079283837,1170.9503706471144,1205.7310747257416,794078
2023-11-23,1182.8646240234375,1208.1978529899986,1175.637192190758,1196.3576126993655,622086
2023-11-24,1180.767822265625,1225.4400827834477,1174.1570701328503,1184.7639512285882,1195232
2023-11-28,1201.5870361328125,1223.49143132197,1186.589326965649,1190.930772262595,842478
2023-11-29,1211.33056640625,1223.491431040754,1186.4906821181503,1209.6778181096486,342026
2023-11-30,1217.5712890625,1222.504722162429,1194.4088447473619,1218.064632372493,493660
2023-12-01,1211.256591796875,1241.0052204549515,1204.2511401830798,1223.491531197885,590318
2023-12-04,1217.546630859375,1245.1985482241425,1213.303950545351,1243.225174930602,717220
2023-12-05,1189.598876953125,1232.4950583368811,1175.2178456344866,1227.4382888590656,520964
2023-12-06,1201.5128173828125,1220.9998761350503,1187.6745148633995,1206.2242696005444,358574
2023-12-07,1219.4461669921875,1231.87839583671,1190.4622439824132,1209.6532529120982,383572
2023-12-08,1212.1693115234375,1227.4382642342662,1196.4070154588169,1224.4782041115145,239968
2023-12-11,1209.0611572265625,1230.8915994206973,1198.8242832033243,1213.624582995958,343532
2023-12-12,1235.5784912109375,1255.3861796757637,1216.2887169373062,1218.656789242674,1049770
2023-12-13,1261.6761474609375,1272.776372064784,1238.2423399639279,1238.2423399639279,1071690
2023-12-14,1267.1029052734375,1285.554017276969,1258.4201353116084,1270.3590192873382,476494
2023-12-15,1275.514404296875,1291.5727527178226,1265.820256680086,1285.2332431675645,487024
2023-12-18,1265.6229248046875,1297.4929519547143,1234.3450060040666,1272.2091064080682,398614
2023-12-19,1334.173095703125,1357.9028378409587,1270.359087165878,1272.7764213284445,3001798
2023-12-20,1238.8590087890625,1363.8228937106867,1226.6981443357604,1352.2046346330767,1015624
2023-12-21,1340.7838134765625,1356.2007922903397,1226.6487877443494,1238.7850816446135,2391674
2023-12-22,1383.4085693359375,1391.2281088349282,1332.1502485395442,1346.8272117444517,1994074
2023-12-26,1420.7550048828125,1429.9064283790608,1363.083090527139,1381.2134600460026,936850
2023-12-27,1414.71142578125,1438.5891955261889,1387.8242134505995,1420.828835087594,585632
2023-12-28,1393.2508544921875,1437.1090254569824,1382.0272944753162,1410.6412057271202,497756
2023-12-29,1395.7669677734375,1415.870709084902,1376.4279327358568,1388.7615163625221,572592
2024-01-01,1403.216552734375,1423.2956035375369,1393.6950017308639,1396.9511161076607,347702
2024-01-02,1373.2705078125,1405.53511262341,1333.5316794687092,1403.5617393519135,470364
2024-01-03,1388.885009765625,1398.973858227771,1364.661800596708,1373.9613718842966,293300
2024-01-04,1424.99755859375,1435.1357884070032,1386.2947973268062,1386.2947973268062,895544
2024-01-05,1527.2677001953125,1551.5648605715119,1440.5872963026538,1455.3629057824992,3437638
2024-01-08,1564.8355712890625,1636.2717055009948,1534.050997425205,1541.697818605488,2354876
2024-01-09,1561.9495849609375,1614.6139824351012,1547.1245946508448,1598.4322980448778,1057380
2024-01-10,1553.3409423828125,1566.365158832523,1527.6130140422968,1544.1893990193425,517024
2024-01-11,1553.0694580078125,1595.9656354655308,1545.4473278254532,1567.3517229904146,758156
2024-01-12,1585.6549072265625,1590.5389582067662,1554.6729208002537,1557.978297151665,504214
2024-01-15,1547.1246337890625,1595.891668590223,1533.3357122421207,1592.5122187088948,471728
2024-01-16,1554.4014892578125,1568.3384382609174,1539.2311819358486,1548.1113618316324,483852
2024-01-17,1522.9755859375,1560.4449886223772,1502.3044276687403,1529.364358118675,537076
2024-01-18,1551.1700439453125,1560.8888832683679,1495.3236041638859,1529.3642932722028,706070
2024-01-19,1574.9000244140625,1577.1693315917253,1554.7962825936681,1566.2171331430202,381798
2024-01-23,1493.251708984375,1607.3126699448362,1471.1745935822782,1571.7919479571049,989430
2024-01-24,1558.841552734375,1573.7651881391428,1484.396094050303,1498.8263861359048,651176
2024-01-25,1579.142578125,1600.849684113108,1558.8415487709983,1569.8184375945302,403882
2024-01-29,1571.9892578125,1625.0730523264233,1548.0867957493715,1584.125552829431,589368
2024-01-30,1732.7451171875,1766.4404908398885,1576.2319451673607,1578.6986618264646,3499198
2024-01-31,1729.31640625,1806.1299389756402,1717.574810855966,1743.993370381255,1928076
2024-02-01,1877.07275390625,1901.8385653504474,1728.6997452086762,1743.8453615752255,2345962
2024-02-02,1887.5562744140625,2044.538098145481,1863.357759955476,1905.785286393435,3305542
2024-02-05,1837.8271484375,1904.9957912895122,1821.9662093469806,1901.3450990076171,758188
2024-02-06,1779.51416015625,1847.4228243136572,1766.045862570973,1845.3754975829488,535272
2024-02-07,1820.042236328125,1849.9881531496771,1786.3222911118833,1794.733698751238,686906
2024-02-08,1734.3236083984375,1836.6183856143894,1723.2727671120654,1836.6183856143894,970804
2024-02-09,1601.959716796875,1734.1017735204387,1550.3560776812496,1730.6483702730295,1773946
2024-02-12,1421.174072265625,1606.8191869431419,1394.2129081113399,1605.7831177971434,1489298
2024-02-13,1367.202392578125,1455.2394856026806,1322.8261841966196,1427.6369504173754,2574682
2024-02-14,1504.228515625,1528.3776477192682,1352.7968034430714,1368.9783684314293,3147374
2024-02-15,1533.1383056640625,1549.0980100925967,1494.3615933473031,1514.5639780204688,1532974
2024-02-16,1552.632080078125,1563.9477994710508,1499.8580828117279,1541.7115748340216,1069650
2024-02-19,1552.16259765625,1579.2661338473436,1527.6286773432612,1560.98301527652,632384
2024-02-20,1487.8505859375,1553.5462560641809,1480.0184447601441,1552.0885720457281,822370
2024-02-21,1472.2603759765625,1516.5104861368488,1463.1435482082793,1489.827017172564,576264
2024-02-22,1493.5084228515625,1510.1362506126532,1427.0715462212906,1484.8857328237461,813824
2024-02-23,1498.7216796875,1533.1137585750005,1487.3564971511291,1509.2715821671793,694374
2024-02-26,1518.561279296875,1530.8159349667271,1483.922252039524,1498.721672052116,448202
2024-02-27,1666.6051025390625,1689.9531393324717,1507.121951743871,1520.9578253992245,4225014
2024-02-28,1599.846923828125,1669.594621838168,1586.2335092802903,1658.8471131071985,1584784
2024-02-29,1541.78564453125,1603.9730009090672,1518.6846778668942,1599.8468976448717,1043208
2024-03-01,1565.9739990234375,1596.0669783155429,1550.1615707552958,1563.429113965481,772346
2024-03-04,1589.0255126953125,1615.2889196210633,1535.4114978846335,1588.679639953417,866516
2024-03-05,1600.1929931640625,1646.9631402966252,1578.9943853113498,1603.4048924775723,1252048
2024-03-06,1582.280517578125,1599.5506294244228,1524.9357358022105,1599.5506294244228,835844
2024-03-07,1589.5936279296875,1610.4216320025062,1573.8553936868238,1589.0994895740703,419076
2024-03-11,1579.3897705078125,1605.9249769396085,1553.373433494139,1605.4555696143552,412888
2024-03-12,1527.208740234375,1573.8307447756597,1499.709987564875,1573.8307447756597,632084
2024-03-13,1351.764892578125,1550.655574636824,1320.2881837757016,1536.6961665171762,1136162
2024-03-14,1368.862060546875,1399.7951701341162,1323.3025278892906,1336.6689946532138,1303958
2024-03-15,1384.6744384765625,1412.2473821009946,1329.2321406059048,1387.5404649893608,2162438
2024-03-18,1420.771240234375,1452.791428301772,1390.184125714484,1397.8185388222225,783156
2024-03-19,1373.8529052734375,1431.0246893492151,1368.7632560418942,1425.589167393814,836082
2024-03-20,1418.15234375,1432.5070870495601,1381.6355676755977,1383.587390044418,846608
2024-03-21,1488.542236328125,1499.1909413193314,1437.8437167589727,1437.8437167589727,1139970
2024-03-22,1527.4063720703125,1537.5609392984732,1481.2291673551397,1488.3447113449151,567050
2024-03-26,1537.0914306640625,1550.606162972437,1508.2585299407142,1508.2585299407142,483574
2024-03-27,1576.227294921875,1604.8131266465566,1539.2409904431674,1541.7116822416317,927024
2024-03-28,1573.1883544921875,1589.9890596067025,1568.3952362785444,1576.301450450081,408264
2024-04-01,1599.1304931640625,1604.3931389389816,1581.242709144712,1591.1254760768663,434416
2024-04-02,1612.6944580078125,1629.915226482674,1582.6509450694075,1605.8259837083733,485098
2024-04-03,1608.8157958984375,1646.9632555167284,1597.2282747692027,1612.3735681821436,587456
2024-04-04,1633.4483642578125,1667.222768236378,1606.4684831304796,1613.3369578381746,1378002
2024-04-05,1658.6002197265625,1676.067939246725,1638.3158149014698,1640.5147065861092,944786
2024-04-08,1690.7685546875,1726.5195150537158,1650.9410732893325,1662.750932420518,1138098
2024-04-09,1702.6278076171875,1709.7187414044345,1673.325499109719,1704.2584883481109,497136
2024-04-10,1712.0904541015625,1754.3145488958041,1704.7771829281105,1704.7771829281105,519480
2024-04-12,1689.6566162109375,1735.2903408319316,1681.058657225096,1711.9670349712371,349434
2024-04-15,1693.0909423828125,1714.6600325772588,1611.5827270317586,1667.7168904749994,645356
2024-04-16,1715.6978759765625,1726.4699958887431,1664.1097579681577,1680.0704513841572,460586
2024-04-18,1704.6785888671875,1743.3201856340604,1688.9649644266492,1719.6015436526445,527134
2024-04-19,1699.860595703125,1707.742077982633,1662.8249517913905,1694.4003429983936,326820
2024-04-22,1709.3726806640625,1732.6465226917765,1704.8019012945485,1714.1657981453275,210706
2024-04-23,1738.4530029296875,1744.3085913575126,1714.5120210373493,1721.4299587934415,489080
2024-04-24,1785.297119140625,1817.1443115210734,1741.8624066348125,1754.191134281704,1035940
2024-04-25,1784.1851806640625,1802.2954221991881,1771.683457231029,1784.8275845981052,370698
2024-04-26,1751.0533447265625,1792.1903630454635,1745.7908194675913,1792.1903630454635,311608
2024-04-29,1712.7083740234375,1767.014134297193,1707.2481207395313,1764.0493039862126,317342
2024-04-30,1733.16552734375,1752.6592610757577,1704.8020343787693,1722.0474144959228,404052
2024-05-02,1719.379150390625,1751.1768813940114,1714.5118393010284,1737.8105353006451,233702
2024-05-03,1755.3524169921875,1819.9115442049601,1723.5545658938097,1734.771482318079,1431856
2024-05-06,1712.881103515625,1771.485959237304,1703.7890062622662,1761.5784613346414,335242
2024-05-07,1638.4390869140625,1717.7977470549704,1626.6785711120679,1717.1306120866673,487318
2024-05-08,1664.9991455078125,1694.4003768945806,1630.656530694697,1645.406608478042,399828
2024-05-09,1582.3050537109375,1708.7303975768234,1546.084809521818,1670.1876066540378,788810
2024-05-10,1586.2088623046875,1620.7738163642398,1568.8892887062384,1601.6754170582078,331536
2024-05-13,1816.6748046875,1837.2062760367917,1606.9378186314273,1655.0668428033766,6625464
2024-05-14,1879.208251953125,1975.4169700433322,1801.134388211712,1816.4526779331284,4975694
2024-05-15,1866.805419921875,1907.3742309657355,1840.1466772723686,1886.6204180899424,1092418
2024-05-16,1828.2872314453125,1886.6202899440084,1791.251584873502,1880.196491156876,1332688
2024-05-17,1983.594970703125,2010.6490467188182,1827.6448513871003,1834.2416469452576,4368780
2024-05-21,2064.2626953125,2096.1346148451526,1997.5787575654397,2075.380806777379,1586808
2024-05-22,2252.7763671875,2312.567097705089,2066.2886328205623,2087.7341854282054,5797718
2024-05-23,2248.032958984375,2357.53406549048,2236.1241765055956,2257.5945843030036,2307776
2024-05-24,2256.6064453125,2299.5470222492568,2208.7985570803908,2248.601307050605,1137102
2024-05-27,2272.443115234375,2312.567241665253,2177.0992751127133,2267.6006564106506,1479038
2024-05-28,2212.405517578125,2298.731583039879,2191.207030813958,2277.4836341854693,853944
2024-05-29,2200.4970703125,2259.694750110579,2180.3855422836064,2208.79849835869,1220276
2024-05-30,2113.355712890625,2210.775043215604,2100.088049545444,2205.6855145716345,923526
2024-05-31,2174.5302734375,2272.9873574131334,2078.667416266745,2125.6846404842204,2677922
2024-06-03,2309.38037109375,2371.86426688593,2199.459431242361,2371.86426688593,2335294
2024-06-04,1856.50244140625,2297.718629728599,1847.5091479060477,2297.718629728599,2907142
2024-06-05,1821.1221923828125,1926.077252294849,1680.1198839224162,1926.077252294849,2333354
2024-06-06,1960.6915283203125,2039.4325233557656,1853.2411672755381,1853.2411672755381,2664444
2024-06-07,1964.4222412109375,1987.4984775797172,1917.2567607477117,1976.05922325518,1164056
2024-06-10,1925.5335693359375,1994.787009177355,1914.2919221421496,1981.4947361357822,846506
2024-06-11,1997.2578125,2021.0259161510212,1934.7246988185118,1954.292505720923,1663216
2024-06-12,1955.947998046875,2011.365569798504,1932.5752282538724,1997.3814293424548,1313154
2024-06-13,1990.9822998046875,2003.6816318083438,1936.528275462031,1976.553483502966,1199154
2024-06-14,2330.430908203125,2363.95824893166,1976.553719842525,2001.2606413405565,9956592
2024-06-18,2326.798828125,2396.4231225072417,2290.9737937136556,2346.44082975053,2901932
2024-06-19,2235.506591796875,2336.7803470363574,2209.786786201436,2336.7803470363574,1437930
2024-06-20,2199.063720703125,2277.9777087744483,2183.9678911834853,2235.457201849824,958406
2024-06-21,2158.569580078125,2238.447006113422,2150.984507199056,2211.9365285682466,861002
2024-06-24,2223.62255859375,2316.446495212078,2144.337964409828,2164.32595703125,2731462
2024-06-25,2233.653564453125,2297.6939450896407,2219.817690173319,2243.3881867971027,1085430
2024-06-26,2238.076171875,2312.07339144519,2224.240297765048,2248.4036153656575,1367284
2024-06-27,2223.894287109375,2277.903754321451,2209.2925951646966,2245.858833599541,811384
2024-06-28,2193.0107421875,2245.8589384721918,2177.2231657039574,2240.9175546691727,501332
2024-07-01,2239.68212890625,2255.222876924345,2189.032946730212,2198.915713984073,471222
2024-07-02,2212.80078125,2263.1534260320054,2194.962340269469,2240.941812817531,580610
2024-07-03,2255.197998046875,2307.6261259521507,2217.198806669657,2227.081573804356,1790388
2024-07-04,2300.4609375,2346.6628701938566,2255.7660301633764,2273.036260874235,1941884
2024-07-05,2500.3154296875,2711.8312529709697,2304.068191818239,2319.880618949265,13361684
2024-07-08,2570.65576171875,2665.777391134451,2543.3300083252693,2569.5193400605012,3579988
2024-07-09,2455.7685546875,2595.0909521376675,2411.395029548592,2585.331720204556,2680378
2024-07-10,2406.552734375,2507.7521738650935,2357.0894363451343,2470.19765855204,1653312
2024-07-11,2524.602294921875,2562.107347471008,2408.9490692144545,2421.2284554806934,3128538
2024-07-12,2499.79638671875,2573.892526920357,2475.6330702765385,2539.871054136009,1459084
2024-07-15,2473.186767578125,2520.0806846200553,2452.4083488628967,2511.210805746774,736590
2024-07-16,2453.644287109375,2549.2600699219142,2441.562506413126,2483.094984748166,1291550
2024-07-18,2383.4267578125,2460.8088680639416,2342.7344183349032,2450.9261015255324,961264
2024-07-19,2291.294921875,2415.1506512268643,2282.919180318927,2386.5893097882467,1118810
2024-07-22,2331.0234375,2376.2617039011175,2243.387958741485,2273.03625775569,1143102
2024-07-23,2282.696533203125,2376.8547329305616,2114.911966572094,2344.6862806973336,1249184
2024-07-24,2270.886962890625,2344.686577065119,2263.3762043971597,2283.907557259216,622794
2024-07-25,2214.06103515625,2259.5217651114795,2185.0552576584378,2259.5217651114795,680538
2024-07-26,2215.222412109375,2268.07060966363,2205.8583930663012,2226.14291883209,690080
2024-07-29,2293.197265625,2309.6027561251376,2233.060770379173,2233.5054466593115,936482
2024-07-30,2305.03173828125,2368.750971434769,2297.743198029436,2301.6963046066912,899900
2024-07-31,2255.840576171875,2319.930177793096,2240.2009037875455,2316.520671306472,476114
2024-08-01,2251.615478515625,2263.57372317267,2223.67205115775,2263.1536573168146,451604
2024-08-02,2193.55419921875,2223.128427601577,2186.562189850407,2223.128427601577,501560
2024-08-05,2066.16552734375,2129.7363805635728,2055.615624859504,2082.793235284329,965390
2024-08-06,1933.933837890625,2114.244861483231,1915.9472514100137,2075.3809311122645,1729928
2024-08-07,2012.427978515625,2040.2973343915996,1930.7716126865594,1954.5890580471266,1143608
2024-08-08,1987.276123046875,2051.1682340607895,1971.6119619134065,2018.0609655274066,643356
2024-08-09,1987.9925537109375,2034.4664079382644,1978.5793151322966,2020.0374723387388,637002
2024-08-12,2005.08984375,2017.369229721719,1958.986712623969,1990.8339044235893,621220
2024-08-13,1895.934814453125,2026.955552325955,1877.7257676349657,2023.4965838066275,929706
2024-08-14,1795.3778076171875,1908.8071810608992,1779.8865204893739,1902.4575749912924,1956886
2024-08-16,1844.149169921875,1862.8276248614816,1806.322852708312,1845.5573919249236,945670
2024-08-19,1897.219482421875,1969.5119478650754,1879.4799637382635,1902.4326661934494,2036436
2024-08-20,1862.3580322265625,1930.6233196114715,1836.7370304311723,1919.2334061909592,1047134
2024-08-21,1899.5419921875,1936.528297932418,1877.725831115894,1877.725831115894,1495188
2024-08-22,1933.6868896484375,1969.734257994837,1922.1981730613738,1951.3523355833845,1331544
2024-08-23,1935.292724609375,1951.846358280871,1904.0384759609535,1937.5163470428597,646846
2024-08-26,1934.5517578125,1949.375909213362,1913.9214804463002,1938.9990032327585,454068
2024-08-27,1914.8109130859375,1933.5387090365086,1908.8565216049062,1927.1396412785748,294810
2024-08-28,1924.940673828125,1934.5516406095621,1908.4363805515102,1921.135832660267,233312
2024-08-29,1889.5111083984375,1946.386364027864,1881.6789667543283,1928.1279748622344,345580
2024-08-30,1876.8857421875,1921.2099286038283,1867.842986142611,1897.4665564642983,383892
2024-09-02,1876.984619140625,1902.4327454762158,1863.0252100342086,1902.4327454762158,471906
2024-09-03,1902.8033447265625,1944.4345027589493,1888.4980629192485,1892.055835086154,805470
2024-09-04,2029.2779541015625,2069.846517527547,1889.7579498981265,1897.4664353781732,4542304
2024-09-05,2005.7322998046875,2068.586673988289,1993.8482483231403,2045.7327752311774,739032
2024-09-06,1955.181884765625,1999.6790665918738,1938.0105773806233,1992.3905260471608,586708
2024-09-09,1938.109375,1954.3171366964054,1893.5381208143174,1954.3171366964054,450450
2024-09-10,1918.1214599609375,1961.7291675262245,1912.315334591055,1943.9401876695636,331720
2024-09-11,1922.099365234375,1929.6102439768072,1898.479528132879,1917.9485307383045,286732
2024-09-12,1946.7568359375,1954.514783914894,1926.8924983691218,1941.3213140803234,291310
2024-09-13,1947.2529296875,2028.5125161878757,1938.1249198560174,1952.2138309254258,814054
2024-09-16,1948.195556640625,1966.9724949933418,1930.8075737298398,1947.6498090629007,245924
2024-09-17,1928.5255126953125,1954.4710501934464,1922.8701337738346,1948.1459011636944,166338
2024-09-18,1859.916259765625,1939.6132117048444,1847.9853890489044,1929.7906029218343,372150
2024-09-19,1778.135986328125,1882.7365239897879,1757.5234159382283,1872.6411618940647,744784
2024-09-20,1855.1041259765625,1873.980378766774,1772.058690529928,1792.8696462907005,939640
2024-09-23,1900.248291015625,1910.1949217002966,1868.3001371615733,1872.2440292161846,380764
2024-09-24,1896.974365234375,1919.2487644844466,1886.55647210244,1899.082748368219,225606
2024-09-25,1858.2047119140625,1903.9938535639858,1852.896571928475,1900.0251326602568,294174
2024-09-26,1855.724365234375,1884.5472508575383,1833.0530700258132,1867.7545511472642,383170
2024-09-27,1841.015380859375,1871.7481415201817,1836.2033306132066,1867.2833301568946,202476
2024-09-30,1829.7044677734375,1850.3914024891196,1817.1781916773814,1841.015347243721,228174
2024-10-01,1822.1885986328125,1850.2176893424414,1816.285053760805,1829.7043152175027,207552
2024-10-03,1813.0606689453125,1826.1078642715183,1787.7600709888204,1803.7838072510842,333976
2024-10-04,1817.67431640625,1843.9670944547029,1765.8577242678755,1823.1064793459386,383340
2024-10-07,1733.73583984375,1853.8640184068695,1698.8110214321391,1843.9670443692817,459980
2024-10-08,1782.1046142578125,1787.908844607889,1716.496693974962,1736.3154706236435,287066
2024-10-09,1774.7625732421875,1820.105166080113,1769.8760366487304,1803.7838480247642,176756
2024-10-10,1866.886474609375,1885.1177880745363,1779.9218449319967,1786.6935483170855,874706
2024-10-11,1881.07470703125,1937.2320893416372,1865.5718894148797,1867.7794664202981,912296
2024-10-14,1849.4984130859375,1892.0878001915064,1843.3469437759807,1881.1738170755618,235794
2024-10-15,1846.1993408203125,1882.017022470393,1831.0685924943634,1843.2476288946298,735262
2024-10-16,1920.8114013671875,1988.6765580406832,1870.2846923110035,1870.2846923110035,3503318
2024-10-17,1939.414794921875,1955.091292196755,1900.0252852356182,1927.310243639785,844868
2024-10-18,2003.7327880859375,2053.813060593937,1900.074783562444,1939.7123350053846,3247324
2024-10-21,2018.56591796875,2057.7571595045542,2003.5096551350573,2016.6063861708985,825896
2024-10-22,1887.1268310546875,2014.1259027555286,1875.2703255414178,2014.1259027555286,949696
2024-10-23,1923.9864501953125,1953.9999042270572,1847.9854635479965,1887.1269278802824,724620
2024-10-24,1920.0672607421875,1949.0885344057692,1906.4744391306767,1924.829774610207,349678
2024-10-25,1853.218994140625,1942.440849985707,1826.7526591107428,1920.2159885567442,418236
2024-10-28,1873.236328125,1897.5447444592492,1826.9510948409215,1859.1474169000226,292242
2024-10-29,1890.673828125,1907.4416985436849,1856.5676320911844,1865.3236954514994,264332
2024-10-30,1974.190673828125,2027.5203628434595,1885.539391753227,1889.5081127962285,1085344
2024-10-31,2019.855712890625,2026.9249969626642,1964.5168368614413,1975.877251941436,469334
2024-11-01,2015.6141357421875,2033.473379868872,2004.2040631056946,2029.5046589518308,101538
2024-11-04,1977.9857177734375,2017.9458020567818,1960.0521079804348,2017.9458020567818,298604
2024-11-05,2009.1649169921875,2032.9772419343171,1951.1223749457465,1968.7335736008633,565488
2024-11-06,2057.6083984375,2130.707335326257,2015.167980187585,2015.1926878041136,1455490
2024-11-07,2116.742431640625,2157.0001012758585,2060.0391787635654,2061.6764216954502,1579658
2024-11-08,2079.43603515625,2157.4958614358275,2065.2231021286157,2122.1494415399197,1010628
2024-11-11,2031.2410888671875,2107.8870158985665,2014.175636408122,2076.1372467722995,1008838
2024-11-12,1959.779296875,2053.7885008415983,1941.0023574816357,2031.2659354996993,435472
2024-11-13,1890.8724365234375,2053.6891996222294,1879.0158092622864,1959.5560936065717,940620
2024-11-14,1880.7769775390625,1926.2188843313836,1845.7034276894701,1895.1635920809235,763174
2024-11-18,1850.2425537109375,1898.9834102690459,1813.4575180474824,1880.9257775070523,592816
2024-11-19,1835.1116943359375,1907.466485813688,1820.6507159782145,1860.8091864303876,438026
2024-11-21,1846.2242431640625,1859.817064247656,1802.7915281619953,1857.857532461935,681968
2024-11-22,1892.658203125,1901.0173702269183,1838.0139239798361,1853.1198441521472,413746
2024-11-25,1954.9176025390625,2013.4810690112906,1922.349332614745,1932.2711356217887,634266
2024-11-26,1991.9259033203125,2042.9735294774998,1949.6590482799331,1964.5169235162039,1065310
2024-11-27,2078.02197265625,2083.57827829095,1993.5875887177272,2005.6921378881696,886926
2024-11-28,2117.7841796875,2152.5351984087497,2076.360651439717,2083.5786663555537,1571960
2024-11-29,2103.174072265625,2144.349552392538,2089.6059589823235,2130.2109839152245,814682
2024-12-02,2100.4951171875,2128.1271901072396,2084.793914145723,2103.1739552510153,414842
2024-12-03,2110.3427734375,2147.0781518556396,2102.5293536381178,2103.372561547395,376390
2024-12-04,2122.34765625,2175.553315548687,2109.6229945703153,2118.254913227024,814088
2024-12-05,2128.573974609375,2136.164056552177,2095.484666715373,2130.210975112645,365798
2024-12-06,2163.076904296875,2212.0410950955816,2127.060713828454,2133.1874751393984,1400172
2024-12-09,2178.67919921875,2200.7552107982096,2163.176382098343,2165.1854503045406,497872
2024-12-10,2164.441162109375,2197.183109553615,2144.498242682556,2187.7326897975368,358906
2024-12-11,2215.04248046875,2256.714052329752,2174.4127463505756,2182.7966212905935,2039348
2024-12-12,2217.77099609375,2243.542976052472,2185.624451548738,2226.948663788132,689732
2024-12-13,2187.01318359375,2232.8271523088206,2138.148309241026,2232.4054272818134,665026
2024-12-16,2211.32177734375,2229.4043596618576,2188.7496761953166,2188.7496761953166,436128
2024-12-17,2199.465087890625,2243.889858889187,2184.9791602618834,2213.057908011806,445946
2024-12-18,2164.29248046875,2199.415564348878,2153.775272949285,2199.415564348878,352932
2024-12-19,2124.2080078125,2150.3023937629905,2096.0052390788755,2098.460981801234,282582
2024-12-20,2020.971923828125,2137.900339080868,2009.6610450438789,2126.1181989130596,406072
2024-12-23,2007.478271484375,2058.5011873352773,1981.6070997857569,2048.356047774481,412940
2024-12-24,2007.776123046875,2042.303926402815,1986.865970710558,2008.6691095810297,246722
2024-12-26,1989.9664306640625,2027.0739978787083,1985.203916807086,2011.645545862412,181800
2024-12-27,2020.5751953125,2031.4643499592496,1985.7000332964512,1991.7523089463195,285608
2024-12-30,2003.3360595703125,2056.2936833823924,1987.1387645274888,2021.5673726859466,318392
2024-12-31,2018.4666748046875,2025.734346612983,1968.6096177680372,1988.3043712996632,213530
2025-01-01,2044.1392822265625,2048.529728111936,2014.125830806903,2019.0867318680039,198726
2025-01-02,2079.907470703125,2107.415522321754,2045.2308200090945,2049.8443611995417,385398
2025-01-03,2055.003662109375,2098.0644298112147,2049.5466707960995,2078.617600238577,190872
2025-01-06,1933.2633056640625,2055.0287293144943,1919.8688716756278,2054.8053918554137,373650
2025-01-07,1904.2916259765625,1949.634215519701,1890.1033997786415,1938.4721875682524,404472
2025-01-08,1851.8548583984375,1909.9470629677335,1843.470983373532,1907.4666122366066,382520
2025-01-09,1878.4949951171875,1892.5839068159887,1813.7055736092411,1845.4056854894231,690736
2025-01-10,1836.5255126953125,1877.6761614268032,1815.6897289208114,1877.6761614268032,512266
2025-01-13,1785.502685546875,1820.6258898449641,1764.9646032713888,1813.2093668630246,539018
2025-01-14,1743.3846435546875,1805.2718838715252,1738.8206388326273,1785.9243698646583,480272
2025-01-15,1740.01123046875,1788.6528899319005,1723.7642793814473,1762.1120690717269,889292
2025-01-16,1782.1295166015625,1802.0971453385312,1757.1761575841367,1761.4177526321603,431894
2025-01-17,1803.28759765625,1818.1703013507995,1764.3693517181537,1782.1294023501332,592004
2025-01-20,1880.90087890625,1896.8502490834128,1800.8319812329703,1805.7680537501533,635784
2025-01-21,1822.2630615234375,1892.3109633295821,1812.4652815016345,1882.8357145602274,353986
2025-01-22,1792.9442138671875,1834.2933773927864,1759.3589340607277,1825.6117995417048,309842
2025-01-23,1818.3441162109375,1859.2715544066302,1777.8879394440428,1788.4050266117838,296346
2025-01-24,1804.354248046875,1845.9514557417535,1782.451916280602,1820.1547678356608,266848
2025-01-27,1713.1976318359375,1783.270363734897,1701.5891710685364,1783.270363734897,299062
2025-01-28,1663.117431640625,1731.825918758146,1622.7109123567586,1713.495411580631,471748
2025-01-29,1733.7606201171875,1743.2606975554013,1664.3823677570779,1664.3823677570779,286544
2025-01-30,1756.456787109375,1776.647631457536,1737.0596143107803,1750.7020930751803,193932
2025-01-31,1907.3177490234375,1925.8219355848983,1758.1434672109426,1758.1434672109426,1754286
2025-02-01,1819.8818359375,1973.9426519590647,1802.0722484940486,1929.5922422286542,1319506
2025-02-03,1720.1181640625,1799.8646526158054,1709.0305011890355,1795.8462741086528,495056
2025-02-04,1698.7117919921875,1764.4437339490044,1682.7128853649622,1735.8193577879413,539166
2025-02-05,1680.4307861328125,1760.4253117802805,1673.3118450164927,1708.9806734325396,806394
2025-02-06,1626.5057373046875,1698.538115804361,1608.324083816417,1696.9009942719601,1032210
2025-02-07,1553.95263671875,1625.1912260888473,1547.801167703664,1625.1912260888473,802286
2025-02-10,1530.5621337890625,1585.950550536033,1519.2760828876117,1563.1800611196293,538536
2025-02-11,1459.52197265625,1535.2997390515036,1448.7815488086821,1530.5620541470132,582990
2025-02-12,1430.7239990234375,1469.9647785109182,1381.114983800711,1457.165628360303,767958
2025-02-13,1458.1329345703125,1513.546178626996,1433.7253240632233,1433.7253240632233,907976
2025-02-14,1371.4674072265625,1475.003839745043,1347.887722086093,1463.474961090186,700624
2025-02-17,1337.5516357421875,1413.2845571536302,1317.5251108964328,1366.0756848155168,1037592
2025-02-18,1285.770751953125,1338.1974426274887,1270.1670271438263,1336.7315072948597,644500
2025-02-19,1317.8231201171875,1336.7564099920255,1260.5016866306994,1272.4032668344169,968836
2025-02-20,1304.2320556640625,1336.7564589986919,1297.9954910425959,1308.431136261545,1027612
2025-02-21,1309.0274658203125,1356.5345480034487,1301.3995787119961,1304.4556834987645,783736
2025-02-24,1311.884765625,1328.209144291875,1260.3277107750869,1297.0015726098618,649258
2025-02-25,1302.5177001953125,1328.780668831415,1289.646997827358,1307.4373131641075,419070
2025-02-27,1277.1739501953125,1301.4491760660512,1268.4527080894593,1295.5108212304779,397766
2025-02-28,1219.77783203125,1286.4168046089756,1216.4482673822993,1258.4890559438682,568660
2025-03-03,1199.8009033203125,1243.3324973188414,1167.7983088326448,1220.5728294184428,690282
2025-03-04,1238.08984375,1250.7120773924119,1174.9541684665949,1177.836418436729,632538
2025-03-05,1260.6009521484375,1267.1853465964386,1228.449254089416,1231.3066328121333,347040
2025-03-06,1283.0872802734375,1295.858496560146,1265.5951774016796,1265.5951774016796,362966
2025-03-07,1326.221435546875,1348.9313627571205,1280.528242347491,1283.0874115449935,786386
2025-03-10,1276.5029296875,1340.2349007755474,1266.6884546076642,1326.171603358749,448580
2025-03-11,1211.3050537109375,1259.2344545209157,1207.553166726845,1249.5193420221228,926216
2025-03-12,1237.419189453125,1258.240739255548,1218.7592363739063,1219.4797686149743,645604
2025-03-13,1269.0240478515625,1312.4562794352003,1227.4305745101199,1257.246701826155,1539594
2025-03-17,1251.109619140625,1283.062596210705,1240.102546290864,1275.6334347139443,490632
2025-03-18,1251.109619140625,1251.109619140625,1251.109619140625,1251.109619140625,0
2025-03-19,1362.7462158203125,1372.5358206896958,1277.1242067967119,1278.7392471360463,1714638
2025-03-20,1363.5164794921875,1406.3274230100874,1341.22887445379,1371.5668100873932,974694
2025-03-21,1388.7607421875,1430.1803645113614,1365.2557901689854,1366.0756852125546,1045614
2025-03-24,1440.09423828125,1484.8433052628548,1406.3274946097317,1407.1226399553307,1825138
2025-03-25,1382.3006591796875,1469.9352878334382,1373.6291585040588,1453.5364154539577,874398
2025-03-26,1371.7406005859375,1401.3331316083654,1359.1682304567864,1374.051423277198,751072
2025-03-27,1560.5760498046875,1622.4942558460737,1352.2607319402705,1366.423392366492,3372530
2025-03-28,1599.90869140625,1673.6289990296348,1573.198408646587,1590.0942154154902,4597072
2025-04-01,1575.23583984375,1617.003294127334,1560.5017503587133,1604.0333499842757,721138
2025-04-02,1552.8240966796875,1588.4294772306275,1524.5981356150835,1585.2491385143956,545956
2025-04-03,1567.55810546875,1580.2548312864383,1523.1321219482322,1526.2875894627061,539108
2025-04-04,1468.320068359375,1566.3654600786815,1458.9527862951713,1566.3654600786815,695036
2025-04-07,1374.2005615234375,1399.345423713982,1218.1379516528666,1218.7591209953525,1244484
2025-04-08,1428.7392578125,1441.112902828621,1390.4254834877522,1441.112902828621,616270
2025-04-09,1485.1910400390625,1507.2053059967495,1381.480629960753,1416.2661134489733,1170804
2025-04-11,1508.074951171875,1522.461209084373,1476.171717551721,1522.461209084373,647280
2025-04-15,1533.24462890625,1564.3030953416212,1518.1378393609393,1521.8648553331839,650024
2025-04-16,1548.6993408203125,1584.6774191245706,1527.3311163199842,1537.5182931166523,998310
2025-04-17,1545.2706298828125,1574.4903392901165,1538.5620008474773,1550.4387103885852,441946
2025-04-21,1555.855224609375,1574.2915791950916,1541.295112301423,1555.3086683821034,433540
2025-04-22,1576.179931640625,1601.1260677111136,1553.0724325256135,1563.855907848192,819056
2025-04-23,1575.2855224609375,1600.082555184699,1542.9847152180478,1584.230361389738,517222
2025-04-24,1573.4468994140625,1594.7157630987624,1560.3774714871774,1572.8008589990181,516820
2025-04-25,1515.603515625,1583.6836783480658,1498.2107733234868,1579.4597266462697,750568
2025-04-28,1544.3760986328125,1560.377396716883,1494.4837039827225,1509.193042620756,615744
2025-04-29,1595.75927734375,1617.0281413281684,1548.5007833760326,1548.550404133493,1562560
2025-04-30,1572.3038330078125,1612.9034367954516,1555.9049624359864,1599.635283960856,625632
2025-05-02,1591.0880126953125,1624.4820520271608,1540.6986832255075,1580.2547951809029,871568
2025-05-05,1606.492919921875,1619.1647736830928,1586.8639699780279,1598.6413156799103,529762
2025-05-06,1545.2706298828125,1629.9483878444103,1490.8064522967165,1607.5862910599594,832818
2025-05-07,1554.4638671875,1564.7504069863173,1508.8451675121644,1515.7029011520874,566682
2025-05-08,1497.7635498046875,1587.7088724704633,1483.103953016619,1559.8804853473503,622660
2025-05-09,1520.1256103515625,1526.5360294178483,1448.5669023127834,1448.5669023127834,747316
2025-05-12,1591.4359130859375,1600.0329213617279,1556.4517029789627,1569.96832409656,709246
2025-05-13,1653.5030517578125,1670.2994950850787,1569.3222307823814,1590.6904562173538,1794952
2025-05-14,1684.5118408203125,1730.3292658114326,1650.620866828467,1657.7766888991785,2108104
2025-05-15,1693.5963134765625,1704.5774861545715,1666.14338178154,1694.1952621594505,883858
2025-05-16,1823.9229736328125,1839.2965183775136,1693.596366860749,1702.2814276898403,3927322
2025-05-19,1847.63232421875,1921.705278953873,1834.9041463971075,1845.3362120240179,2415778
2025-05-20,1774.4576416015625,1869.8441475360034,1769.4661995717408,1856.3172908906358,1133352
2025-05-21,1816.9847412109375,1839.346426343097,1756.3387192840212,1774.4576786023636,1146836
2025-05-22,1809.0982666015625,1831.859291833198,1791.9277541365616,1816.9847696689246,809834
2025-05-23,1855.768310546875,1891.7066956215092,1802.4098403403402,1816.3858789804758,2656388
2025-05-26,2136.187744140625,2186.2518149247912,1845.5359011419566,1860.809763935987,16978166
2025-05-27,2160.0966796875,2211.4086104960456,2127.35276852732,2143.6249196308595,6798730
2025-05-28,2115.07373046875,2172.2757084854625,2093.8101373350687,2160.795391092272,2041176
2025-05-29,2109.383544921875,2191.193236596794,2097.1545111190862,2125.3561605010277,1658014
2025-05-30,2111.429931640625,2167.5836542064762,2099.4005076619674,2116.3214473172598,1553386
2025-06-02,2111.629638671875,2123.8586721543147,2078.93569201474,2113.3766434550807,720022
2025-06-03,2162.7919921875,2220.4931150831912,2107.3869815406474,2120.3647317822524,4152270
2025-06-04,2183.107177734375,2251.1404375942943,2162.9915193865145,2175.769660193687,2800514
2025-06-05,2213.854248046875,2240.159245770405,2166.2859016585467,2194.9866941344376,1665192
2025-06-06,2194.63720703125,2280.5899391269795,2181.360165769413,2231.174661391464,1590478
2025-06-09,2177.167236328125,2226.183297910235,2156.8022489394903,2203.721807236253,1100864
2025-06-10,2181.160400390625,2223.1884428478047,2173.773163134753,2188.747490320526,809286
2025-06-11,2146.320068359375,2199.678534802642,2117.3697046466204,2191.2430465343386,749484
2025-06-12,2099.7001953125,2174.272295547466,2091.4143522368877,2139.332198970716,639750
2025-06-13,2147.66796875,2208.713210386374,2046.4913361772053,2046.9904804055411,2278776
2025-06-16,2186.251708984375,2191.2431512423304,2104.342092786777,2151.3116131786887,926388
2025-06-17,2185.403076171875,2233.6704205131887,2169.131169315736,2186.251718848663,1681188
2025-06-18,2228.27978515625,2256.0819727344824,2143.824483340884,2185.1535283944127,2869338
2025-06-19,2140.23046875,2278.094198496962,2133.0428407946492,2227.6806327545883,2683098
2025-06-20,2315.779541015625,2360.153412132328,2126.8534592666406,2142.0773575317503,9123548
2025-06-23,2390.251953125,2433.2280742180146,2296.063344106987,2321.2701264716397,6015104
2025-06-24,2217.747802734375,2407.0231507081216,2203.1227303923865,2396.3914759751365,4212302
2025-06-25,2219.94384765625,2261.622388697126,2196.7336421664204,2231.1745922481027,2184558
2025-06-26,2220.39306640625,2271.106167146873,2207.7148521517843,2225.2348627571837,1248606
2025-06-27,2209.162109375,2256.63076817336,2199.628407086522,2227.929978708647,976320
2025-06-30,2224.885498046875,2243.653370311724,2209.1624544062033,2224.6359259255946,664278
2025-07-01,2212.30712890625,2260.6241923397506,2206.716616103784,2231.174683099732,763254
2025-07-02,2179.46337890625,2220.6927422174863,2172.275750535064,2218.0473752126086,596044
2025-07-03,2222.739013671875,2238.6616643908865,2160.3959538584704,2179.263506517416,1130316
2025-07-04,2258.52783203125,2323.516511650744,2240.159420899794,2246.3987240997153,3429776
2025-07-07,2285.431640625,2304.9979469850814,2262.1215090510173,2271.1061046297723,1344470
2025-07-08,2258.078369140625,2299.9067988064417,2248.644592624221,2281.8376815053557,582234
2025-07-09,2329.70556640625,2338.4905529805674,2259.975268616126,2263.469277980238,1666184
2025-07-10,2298.559326171875,2362.2501827382625,2286.0807196237106,2333.4494613359857,1063938
2025-07-11,2210.659912109375,2300.6058031241646,2201.725278811147,2297.411328680239,1041504
2025-07-14,2293.517578125,2303.450498710513,2218.695913172245,2246.148843481463,1418774
2025-07-15,2305.547119140625,2343.4820793170024,2289.5745043295187,2302.003146484859,990032
2025-07-16,2304.249267578125,2359.454665595982,2294.9651365868876,2305.0479470535743,762482
2025-07-17,2269.708740234375,2316.528371521109,2254.334951716109,2310.937858655782,631956
2025-07-18,2196.983154296875,2290.073545817122,2186.7506983925045,2275.099220103409,923360
2025-07-21,2182.857666015625,2217.098765558793,2172.2757107443977,2202.5738632983466,791186
2025-07-22,2168.58203125,2213.2054758617946,2151.661090903052,2192.7405628012775,450636
2025-07-23,2139.182373046875,2177.0174055219063,2133.3422884788783,2174.7712566454074,408412
2025-07-24,2145.37158203125,2207.8145657503596,2138.832744732212,2160.1960174822166,996572
2025-07-25,2070.7998046875,2142.8262209855357,2062.6636073469026,2141.72800616911,526272
2025-07-28,1993.931396484375,2083.4279797370673,1982.1017028116662,2068.8031515418666,855586
2025-07-29,2028.2225341796875,2037.456702064734,1967.0773684543788,1992.9330629047852,755062
2025-07-30,2005.8609619140625,2045.4430000976668,1999.072551944431,2028.771632304155,509722
2025-07-31,1976.96044921875,2010.5029157761878,1967.1273326488329,1980.4544586905952,459068
2025-08-01,1919.1595458984375,1988.5905550359362,1896.9975914693964,1975.1136612141565,501960
2025-08-04,1988.93994140625,2003.0657471501559,1916.264616370808,1933.1355934527658,527702
2025-08-05,1994.2308349609375,2026.0262959425777,1976.8605925303225,2016.043412001003,750368
2025-08-06,1972.91748046875,2003.0657424250378,1959.141051337721,1998.9727842187233,352638
2025-08-07,1942.1202392578125,1973.167107908797,1927.7449828970477,1951.903514927974,400730
2025-08-08,1926.2972412109375,1954.1495114941638,1919.6585990856938,1940.3730830517238,312276
2025-08-11,1973.3665771484375,2018.5391268466628,1897.2470873254613,1940.6226691751185,1900902
2025-08-12,1955.2476806640625,1979.6059425544058,1948.6590014453857,1958.6918488397973,446026
2025-08-13,2035.2105712890625,2061.4656057141387,1958.591934369663,1970.7711263192818,1203584
2025-08-14,2023.480712890625,2044.24516127109,1999.5717534005582,2036.4584626630701,350342
2025-08-18,2044.0455322265625,2075.1920826295955,2024.079763542213,2048.9870112313865,485548
2025-08-19,2056.92333984375,2068.453619915534,2035.9592828851466,2051.8322151017455,331324
2025-08-20,2041.599609375,2081.4313414322382,2037.0075070467537,2056.9233121446837,339808
2025-08-21,2011.052001953125,2070.4501623483648,2004.8626625556512,2047.3398831458742,345872
2025-08-22,2013.447998046875,2043.9956002274482,2002.3170574633475,2015.993560476116,324328
2025-08-25,1993.38232421875,2033.313860185781,1989.1894398253855,2021.2844362311623,235306
2025-08-26,1928.9927978515625,1994.580299495837,1924.2009646037166,1991.5354710148167,327254
2025-08-28,1916.1646728515625,1936.6795487751504,1903.835835147873,1928.6932413575207,277368
2025-08-29,1916.414306640625,1945.6642072436907,1902.5381945449774,1915.2164092339767,207984
2025-09-01,1943.41796875,1966.6281743611146,1920.2077631388854,1926.0477259848901,361814
2025-09-02,2035.260498046875,2055.6754473084834,1949.7570712673817,1958.8414714357443,1292772
2025-09-03,2048.23828125,2053.4792954946997,2018.0400563162543,2039.004113295053,304570
2025-09-04,1972.4681396484375,2058.6203567130447,1966.678139960487,2055.974989903413,401690
2025-09-05,2038.0557861328125,2070.9493410457476,1966.7280049332085,1971.6196425959758,1038738
2025-09-08,2042.947265625,2067.3056490355293,2034.0126331100005,2048.437851873886,273240
2025-09-09,2019.6373291015625,2065.608438885959,2016.5426592937347,2041.4998704236077,282426
2025-09-10,2028.8714599609375,2051.4827172016403,2018.0400549017595,2026.4755433641922,257168
2025-09-11,2022.2327880859375,2069.901059774073,2012.150099493812,2032.515207477354,515512
2025-09-12,2206.417236328125,2231.174840348133,2024.7287258389258,2029.7201684347829,5599872
2025-09-15,2188.447998046875,2209.0628017781437,2176.2689271076174,2196.234697081082,759678
2025-09-16,2166.3359375,2201.226070692269,2161.094923045971,2188.747464849342,523852
2025-09-17,2197.931640625,2229.178117982565,2165.2376937535582,2177.1671920353783,1187174
2025-09-18,2173.722900390625,2208.1138850097395,2169.5301381009963,2207.714667162247,479358
2025-09-19,2174.372314453125,2198.680493587012,2164.3894292919113,2178.215579006523,500404
2025-09-22,2160.891357421875,2251.261351805738,2135.7276066387153,2179.2150946830757,1755012
2025-09-23,2164.286376953125,2189.3504176771607,2139.472220887606,2166.7827856391878,755022
2025-09-24,2151.904296875,2195.5914490737387,2140.9700755398126,2171.625925581859,588518
2025-09-25,2176.219482421875,2216.3117098211214,2146.4622410742677,2156.8971809928466,952484
2025-09-26,2100.72802734375,2176.369214781083,2087.0477557335307,2174.3720877200312,505794
2025-09-29,2023.9384765625,2146.6619593946143,2003.8673738877274,2121.448230135531,906784
2025-09-30,2083.902099609375,2103.424065063799,2030.0796237269744,2030.0796237269744,536024
2025-10-01,2156.248291015625,2195.8412381067164,2074.0164854696,2091.9906293013055,1340904
2025-10-03,2191.94677734375,2201.832458211593,2148.509266263385,2156.248133180002,550336
2025-10-06,2177.1181640625,2199.63582070931,2166.882887749398,2191.9469301881845,273152
2025-10-07,2164.68603515625,2214.3145930612395,2150.9058099002973,2177.7670709202243,364302
2025-10-08,2133.3310546875,2169.0297013319832,2121.9475278189366,2168.880014316579,262402
2025-10-09,2176.419189453125,2190.5487658794077,2117.653628226798,2132.0330893253767,388224
2025-10-10,2178.815673828125,2204.3290211090257,2161.940047467882,2176.4691957760992,479934
2025-10-13,2186.05517578125,2196.8397103902403,2148.4093804111826,2157.446428886908,387444
2025-10-14,2176.369140625,2228.7937241913282,2149.4079262194596,2186.754103472649,892124
2025-10-15,2232.288818359375,2263.7435702172684,2164.386496888367,2176.2693056298217,1700802
2025-10-16,2209.72119140625,2264.2428589774227,2201.6329728917995,2237.531283904591,560672
2025-10-17,2206.076416015625,2245.7693152061292,2197.8882440600955,2214.3145649042203,589200
2025-10-20,2168.380615234375,2216.760967493249,2159.9428025147017,2211.818126983256,366606
2025-10-21,2194.792724609375,2206.8254642470797,2171.626098810559,2177.3678392718357,121004
2025-10-23,2195.341796875,2219.007702443121,2176.3690908751705,2206.825276822265,312460
2025-10-24,2215.862548828125,2272.4810547462275,2206.825499720603,2215.812571891411,1794242
2025-10-27,2206.97509765625,2228.793808395084,2201.83259297095,2221.6041997066336,342650
2025-10-28,2158.994384765625,2214.7140367474753,2152.0541729461174,2208.672922201761,472114
2025-10-29,2153.152587890625,2170.877090353261,2134.030194017327,2170.877090353261,283146
2025-10-30,2214.664306640625,2264.7421720561397,2148.5094702655283,2156.897306720133,1342914
2025-10-31,2196.73974609375,2249.2642837087537,2188.301933276888,2223.65122745019,699918
2025-11-03,2183.8583984375,2205.826795678298,2160.8914376857565,2184.856961948445,333246
2025-11-04,2147.31103515625,2187.852814213563,2127.5396712099123,2186.854250628801,278957
2025-11-06,1983.946044921875,2145.613380856145,1969.6665378665564,2127.339619731642,925686
2025-11-07,2003.8173828125,2011.0071133508363,1939.2103713110487,1983.846112253169,382821
2025-11-10,2004.81591796875,2043.560231063536,1997.4266454823385,2003.1184087532145,328391
2025-11-11,2015.2010498046875,2038.867078770491,1992.2340884518185,2005.1155824591594,262483
2025-11-12,2006.3138427734375,2035.0725218699188,1998.1256703933796,2022.0911956754592,210668
2025-11-13,1982.2484130859375,2023.888584879046,1978.154327045502,2006.3137694650457,181583
2025-11-14,2006.9130859375,2040.5646290557947,1972.8619711223828,1977.2556751528784,360420
2025-11-17,2005.814453125,2031.0781584258418,1999.1241264348746,2007.1126344326165,207766
2025-11-18,1974.958984375,2015.7003029728671,1968.1687036612082,2011.1069351464603,170138
2025-11-19,1936.314453125,1977.1557245412323,1927.1277177083473,1969.3668805047532,239319
2025-11-20,1962.9761962890625,1992.1342020167372,1941.3072949897994,1947.1988440765099,246517
2025-11-21,1901.1651611328125,1962.3770334147157,1893.2764847340943,1962.1773694633414,174379
2025-11-24,1821.0802001953125,1914.246223196506,1814.1902095839675,1914.246223196506,357348
2025-11-25,1838.655029296875,1846.3439195222995,1821.3798319138316,1821.3798319138316,130472
2025-11-26,1872.406494140625,1879.1967750600602,1837.0573199799699,1852.2355591248943,130010
2025-11-27,1840.95166015625,1896.3719348859668,1835.1600649430932,1879.1966912952817,219878
2025-11-28,1825.3741455078125,1850.238401956359,1807.5996657924754,1840.9517123049259,164120
2025-12-01,1815.0888671875,1857.627770787684,1809.6967216787093,1832.4638968684956,142969
2025-12-02,1790.4244384765625,1826.4725581182076,1780.538634989417,1815.088909311645,164483
2025-12-03,1771.45166015625,1799.1118205224648,1750.481826524186,1790.4243667757364,257103
2025-12-04,1762.7642822265625,1803.9050516971527,1757.471846657619,1771.451736346941,222545
2025-12-05,1707.84326171875,1777.2434273626566,1696.1599952287695,1768.9553012687804,331592
2025-12-08,1638.9423828125,1719.9258613225718,1630.9538745127156,1717.5292844536439,304263
2025-12-09,1681.1815185546875,1685.0759406632124,1598.7001961492167,1646.8309090741755,407931
2025-12-10,1672.993408203125,1695.5609202180829,1661.2103094695362,1693.164343301679,149804
2025-12-11,1675.989013671875,1683.4782399705502,1650.026362503134,1671.595309864327,168685
2025-12-12,1687.9718017578125,1711.637708468284,1666.203068222936,1685.774888872709,194082
2025-12-15,1737.9000244140625,1761.8655495811745,1671.5953804060598,1687.5723971841344,450402
2025-12-16,1704.4481201171875,1746.3877885342033,1692.565189686707,1746.3877885342033,196208
2025-12-17,1682.3798828125,1711.4380571342356,1673.2928571804953,1708.1427487297765,127146
2025-12-18,1664.505615234375,1679.883518369846,1647.7296987420493,1678.086055211752,117852
2025-12-19,1718.92724609375,1722.6218823133104,1671.4954794901419,1671.4954794901419,175133
2025-12-22,1793.220458984375,1804.404321906162,1723.3210109857964,1727.6147610830167,508784
2025-12-23,1834.3612060546875,1872.206788250486,1782.3360704797064,1797.4143554155892,595424
2025-12-24,1865.216796875,1871.308009881428,1826.1729881769568,1834.3611601665866,320922
2025-12-26,1874.3037109375,1923.9322686971473,1865.0170215232993,1875.302274448921,534077
2025-12-29,1856.72900390625,1905.9581115215033,1837.3568475476793,1887.185190781361,369680
2025-12-30,1829.967529296875,1850.837531779014,1813.5910627699589,1848.440954890569,208888
2025-12-31,1857.228271484375,1884.4889818013369,1831.2656205758637,1831.2656205758637,157466
2026-01-01,1844.746337890625,1861.7219183440718,1835.0601982596202,1855.2312552295186,82086
2026-01-02,1855.13134765625,1882.2922265169723,1845.0457586348061,1845.0457586348061,186395
2026-01-05,1883.889892578125,1914.2462476448602,1863.0198908513096,1863.0198908513096,290385
2026-01-06,1849.2398681640625,1890.1809738367165,1838.3555010574614,1887.2851151540478,126714
2026-01-07,1858.2269287109375,1863.6191962429168,1833.6622898374364,1843.3483074838894,106901
2026-01-08,1817.6851806640625,1878.198104147241,1807.6995457033083,1854.332412212047,256569
2026-01-09,1789.525634765625,1855.4308261631725,1782.3360262802398,1810.395636420507,210648
2026-01-12,1791.123291015625,1817.3855596743977,1739.8970568936456,1797.4142897878658,209370
2026-01-13,1767.4573974609375,1811.2943595509662,1755.5744674154005,1798.912147754734,152802
2026-01-14,1809.7965087890625,1847.342471948042,1761.3661791190732,1763.4631380866172,254445
2026-01-15,1809.7965087890625,1809.7965087890625,1809.7965087890625,1809.7965087890625,0
2026-01-16,1786.929443359375,1821.978999009393,1777.8425395826982,1810.395686398741,162629
2026-01-19,1768.6556396484375,1794.8180767399347,1760.2678036828029,1773.4487932530512,93440
2026-01-20,1713.3353271484375,1769.354715939806,1707.543610005639,1759.7685305784155,182101
2026-01-21,1674.890625,1716.8302924430122,1654.3201191667451,1702.5507854841933,247790
2026-01-22,1680.1829833984375,1725.2181745494354,1677.287124761419,1687.4725459783501,168268
2026-01-23,1643.0364990234375,1685.6751140963238,1632.6514136645596,1684.3770546108176,172413
2026-01-27,1650.325927734375,1681.5810155582594,1618.6715120070894,1651.224659306956,241257
2026-01-28,1816.4869384765625,1832.3641233796627,1658.5142328374573,1665.1047279213012,804436
2026-01-29,1776.244873046875,1831.2656997013419,1759.4689568231524,1825.5738143884887,314821
2026-01-30,1792.3216552734375,1835.3597178583716,1741.6944125524474,1757.471764652195,457501
2026-02-02,1733.90576171875,1742.2937198651084,1643.6355929862016,1697.5580243478387,343828
2026-02-03,1737.3009033203125,1801.0091843166117,1722.5221141050777,1792.4215622136894,285528
2026-02-04,1761.865478515625,1767.3575778115621,1725.5177424326127,1735.6032094879781,141450
2026-02-05,1743.6915283203125,1761.466007310797,1717.3295495363895,1761.466007310797,128462
2026-02-06,1615.07666015625,1762.4646111950415,1567.7447249723598,1732.4078736494043,1732960
2026-02-09,1758.6700439453125,1769.7541966673957,1605.0910458480364,1644.2346875476767,1020909
2026-02-10,1765.6600341796875,1802.407221865457,1738.9984359438745,1755.4747346479078,337219
2026-02-11,1765.0609130859375,1783.2348428996881,1735.6032882527086,1767.3576580173617,199419
2026-02-12,1737.9000244140625,1764.8612402270635,1722.9215711846175,1749.5831691750438,246745
2026-02-13,1735.9000244140625,1748.9000244140625,1700.5999755859375,1731.0999755859375,171064
2026-02-16,1720.0999755859375,1748.5,1708.0,1717.0999755859375,100643
2026-02-17,1736.699951171875,1744.0,1712.800048828125,1712.800048828125,102837
2026-02-18,1765.0999755859375,1776.0,1733.0,1745.0,138635
2026-02-19,1720.9000244140625,1783.0,1712.5,1763.4000244140625,133226
2026-02-20,1706.5,1745.0,1701.0,1715.0,156526
