Price,Close,High,Low,Open,Volume
Ticker,CANBK.NS,CANBK.NS,CANBK.NS,CANBK.NS,CANBK.NS
Date,,,,,
2021-02-22,27.050447463989258,28.15204957800553,26.840618728115285,27.977191464325276,82717840
2021-02-23,27.854793548583984,28.09959292214821,27.102905946760906,27.102905946760906,101122890
2021-02-24,28.12582015991211,28.624166977189706,27.164105487227626,27.872277716180765,86205500
2021-02-25,28.589191436767578,29.00884888271198,28.396847190031885,28.501760717732758,84248020
2021-02-26,27.487590789794922,28.099590846059613,27.102903944310757,27.977191168320783,102290685
2021-03-01,27.408905029296875,27.977191396014305,27.1203903097283,27.8460486448596,67907515
2021-03-02,27.75861930847168,28.361876291217598,27.435132302484437,27.609990413975467,89081495
2021-03-03,28.991363525390625,29.20119392162562,27.92473373778683,27.977190503060328,134824005
2021-03-04,29.472219467163086,30.1541657222652,28.291933131054616,28.589190899909166,158072265
2021-03-05,27.90724754333496,29.236162822487675,27.49633315888537,29.20119386912888,155722910
2021-03-08,28.213247299194336,28.816504244198857,27.977189363721035,28.326905564823896,81364795
2021-03-09,27.968448638916016,28.720334532212824,27.548791163461438,28.46679376703522,75612295
2021-03-10,28.187023162841797,28.45805008311465,27.933479053113224,28.22199211907163,49132145
2021-03-12,27.452619552612305,28.711593670360802,27.199077115068235,28.458049565246125,79507070
2021-03-15,27.679933547973633,27.802333226460757,26.53461774443834,27.540047724682477,78056920
2021-03-16,27.548791885375977,27.95970629908025,26.971762424612265,27.802334324768214,77430805
2021-03-17,26.272329330444336,27.653703020680172,26.088729821411633,27.47010351164747,87762375
2021-03-18,25.63409996032715,27.06793040803158,25.022099932254253,26.71821586805129,101310520
2021-03-19,26.403474807739258,26.648274162990774,24.72484327248792,25.266900417033877,119483480
2021-03-22,26.22861671447754,26.971761188235178,25.79147310256958,26.403474826268937,95556770
2021-03-23,26.901819229125977,27.35644900181717,25.983816611087533,26.39473268806906,107108145
2021-03-24,25.940101623535156,27.041703709778055,25.80021580314595,26.691989158805036,69870025
2021-03-25,25.07455825805664,26.316046202987092,23.964213065340346,25.983816118635957,167465350
2021-03-26,25.555416107177734,25.96633218497631,25.23193075611354,25.704045007484975,82874275
2021-03-30,25.712785720825195,26.141186237091212,25.319355824473526,25.87890075123706,65449225
2021-03-31,26.613304138183594,27.172847439962087,25.433016026870327,25.69530153268635,125375210
2021-04-01,27.33896255493164,27.522562075971702,26.33353255656466,26.997989395389187,93341790
2021-04-05,25.66033172607422,27.277763510226716,25.32810162940084,26.971762631997223,112670590
2021-04-06,25.878902435302734,26.21113085017573,25.467986368468363,25.878902435302734,74317510
2021-04-07,26.167417526245117,26.75319004746918,25.730273903468074,25.791473743845565,97050120
2021-04-08,25.739017486572266,26.473418920810392,25.62535920855627,26.368503715531823,65429150
2021-04-09,26.01004409790039,26.893074366542614,25.529186806816142,25.704043245587467,124922715
2021-04-12,23.116153717041016,25.170728942301896,22.792666723758384,25.170728942301896,139699735
2021-04-13,24.01667022705078,24.12158543108709,23.002497147505704,23.60575581868064,100509615
2021-04-15,23.736896514892578,24.357641277512407,23.36095276208444,23.83306863795618,77774760
2021-04-16,23.465869903564453,24.104099195307867,23.25604116385034,23.736898483915525,69438630
2021-04-19,22.60906982421875,22.696497219050837,21.734782535332588,22.381754928999868,100388660
2021-04-20,22.39049530029297,23.256039411742645,22.180666576387335,22.906324871899916,65192495
2021-04-22,22.775182723999023,22.950040845085066,21.874667902846603,21.997067587064457,69547485
2021-04-23,22.81889533996582,23.570781167916337,22.442951592205347,22.469180807480644,103449745
2021-04-26,23.649471282958984,23.745643421553837,23.037471160950915,23.09867100639465,94189475
2021-04-27,24.418842315673828,24.515014443473802,23.53581202357284,23.745640756215074,100327380
2021-04-28,25.02210235595703,25.12701589432807,24.48004351580457,24.48004351580457,83622715
2021-04-29,24.392614364624023,25.336844544300742,24.147814997622675,25.17947256975952,95224395
2021-04-30,24.2614688873291,25.161985269778746,23.868038995101,24.02541095199224,94299250
2021-05-03,24.2614688873291,24.445068391988595,23.763125468887125,23.94672497354662,68410960
2021-05-04,24.716102600097656,25.931361424728806,24.410101708749835,24.480044626694706,186206435
2021-05-05,25.459245681762695,25.86141701993095,24.899700702803,25.12701558994747,112023825
2021-05-06,25.083301544189453,25.70404468815646,24.89970035546939,25.70404468815646,55567690
2021-05-07,25.231929779052734,25.511701423486688,24.847242934170776,25.258157328486828,54871900
2021-05-10,25.730274200439453,26.377246569508177,25.266901354622263,25.35433041370087,93566470
2021-05-11,26.246103286743164,26.63078847083824,25.065815181849622,25.17947178906622,163775745
2021-05-12,26.613304138183594,27.225304207611178,25.940102560999733,26.385989254943436,171938420
2021-05-14,25.80021858215332,27.365191991663806,25.511703838077608,27.032963549346896,128223600
2021-05-17,26.840618133544922,26.92804552087781,26.053758306984758,26.053758306984758,83654685
2021-05-18,25.642845153808594,27.566277784189207,25.380559644016056,27.260276911050845,233917065
2021-05-19,25.599130630493164,26.62204675372933,25.529187718971485,25.878902276579886,193909280
2021-05-20,25.77398681640625,26.15867365969351,25.599130373145154,25.86141587182206,77175110
2021-05-21,26.726961135864258,26.840619412927474,25.96633215736072,26.04501814376738,167529175
2021-05-24,26.989248275756836,27.942219848841905,26.71821802625508,27.006732753490336,252063070
2021-05-25,26.307302474975586,27.31273244032507,26.228616492093664,27.242789529715644,115872570
2021-05-26,26.149932861328125,26.622048801085224,26.088733017486426,26.403476977324495,77472255
2021-05-27,26.866846084594727,27.172846947548607,25.992558857623962,26.34227341489816,169949860
2021-05-28,28.309423446655273,28.484281572070298,27.067933757835814,27.295248653847075,302720720
2021-05-31,28.11707878112793,28.615422263734665,27.64496451723705,28.326909195713483,129044965
2021-06-01,27.811077117919922,28.50176318231491,27.601248376803575,28.256963818131137,87632170
2021-06-02,28.641647338867188,28.74656420466076,27.679932748413144,27.80233242336464,119397200
2021-06-03,28.545480728149414,28.982624363587284,28.440563854342617,28.85147993889942,82398320
2021-06-04,28.169536590576172,28.667880062073337,27.95096310795799,28.5017633481468,69208590
2021-06-07,28.134563446044922,28.466793528675883,27.98593288204905,28.326907704695653,47878890
2021-06-08,27.618732452392578,28.239475556564027,27.23404562205549,28.152048171661917,80489370
2021-06-09,27.234046936035156,28.37062133787489,26.814389465003817,27.767362681035745,108230265
2021-06-10,27.443878173828125,27.8722787563463,27.216563272734067,27.470107393498072,56634540
2021-06-11,27.260276794433594,27.889763015785157,27.067932531676004,27.732391043554617,42645950
2021-06-14,27.059188842773438,27.260274493620223,26.228615356134334,27.260274493620223,68858495
2021-06-15,26.989248275756836,27.443876380669245,26.910562289458984,27.120391030396387,31980110
2021-06-16,26.60456085205078,27.27776242382981,26.552104084822844,27.015475252548992,40989310
2021-06-17,26.464675903320312,26.997990000852074,26.141188881642485,26.333533147126293,63495250
2021-06-18,25.77398681640625,26.73570309083913,24.73358622642672,26.578331124604773,95152200
2021-06-21,26.630788803100586,26.744447079305825,25.14450148039906,25.354330220042666,88617150
2021-06-22,26.534616470336914,27.260274769155114,26.4034737257448,26.971760064024274,60366600
2021-06-23,26.5695858001709,26.963015682408237,26.385986300173734,26.709471609950754,58516070
2021-06-24,26.062501907348633,26.788160242881393,25.966331445819606,26.691989781352365,46766895
2021-06-25,26.823131561279297,27.155359963529303,26.11495939623948,26.228615998501972,76494885
2021-06-28,27.443878173828125,27.662450001698872,26.9805069659874,27.067934363079132,96950150
2021-06-29,26.884334564208984,27.58376373950159,26.805648573542232,27.41765035260128,49633635
2021-06-30,26.55210304260254,27.12038939004881,26.490901537739894,27.08541710155587,38862100
2021-07-01,26.858102798461914,27.094160748082246,26.4297022607642,26.683246355001714,53296120
2021-07-02,26.884334564208984,27.225306078717797,26.77941935412975,26.858105344796503,39426895
2021-07-05,27.24279022216797,27.36518990195297,26.831875820339345,27.10290439739352,46783410
2021-07-06,26.840618133544922,27.452618182727743,26.753189078641512,27.22530330700709,43728840
2021-07-07,27.024219512939453,27.12913471957773,26.657018791061446,26.75319092484898,28098935
2021-07-08,26.54336166381836,27.338962934512782,26.34227432729655,27.102904974837575,41787425
2021-07-09,26.438446044921875,26.63078863817804,26.228617306577725,26.385989277228482,33389935
2021-07-12,26.534616470336914,26.901817155737117,26.4034737257448,26.700731502857842,37441635
2021-07-13,26.814390182495117,26.8755900235451,26.552104672975016,26.709474978144716,29357725
2021-07-14,26.508390426635742,26.893077302035632,26.447190583007032,26.744448395692764,40916345
2021-07-15,26.324790954589844,26.65701939256142,26.10621913110124,26.639533246465373,40509370
2021-07-16,26.4559326171875,26.622047663064475,26.25484694814046,26.5608461542683,27585325
2021-07-19,25.90513038635254,26.35101708228425,25.739017010128034,26.35101708228425,37632230
2021-07-20,25.25815773010254,25.966331592353118,25.100785760713524,25.913873157509734,44843980
2021-07-22,25.336841583251953,25.61661320859769,25.25815560517716,25.494213539401535,22077260
2021-07-23,25.53792953491211,25.581644897548507,25.153244349135253,25.35433001455096,27940715
2021-07-26,25.642845153808594,25.765244836035695,25.40678719445295,25.56415916735671,25636135
2021-07-27,26.018789291381836,26.33353324143113,25.616616281033224,25.70404534133254,88155180
2021-07-28,25.048328399658203,26.316045529621835,24.847242740237096,26.237359546792614,98948435
2021-07-29,26.167417526245117,26.40347548276166,24.98712941123298,25.161987527372034,124721770
2021-07-30,26.788158416748047,27.111645404122548,26.027529510939242,26.167415325055124,95929250
2021-08-02,27.20781898498535,27.583761088340477,26.95427489107901,27.05044701877735,75713775
2021-08-03,27.478849411010742,27.575021545201658,27.067933323155486,27.277763737312142,70009910
2021-08-04,27.417648315429688,27.898505629268612,27.190333433456747,27.592504762475404,97791080
2021-08-05,27.33896255493164,27.443876090505796,26.578331917951406,27.242790424346513,65215995
2021-08-06,27.51382064819336,27.76736476486721,27.199078355084964,27.365191740936094,48439680
2021-08-09,27.050447463989258,27.62747690453532,26.691989831758235,27.452618790855066,34579170
2021-08-10,26.718215942382812,27.330217639728794,26.289815421268813,26.928044666954744,39908735
2021-08-11,26.945531845092773,27.06793152223161,26.359759341174648,26.718216967855984,27092590
2021-08-12,27.225305557250977,27.347706911260758,26.849361757392927,26.954276965462643,28940720
2021-08-13,27.277761459350586,27.505074665157895,26.928045243341334,27.286502863937365,55109985
2021-08-16,27.53130531311035,28.01216430133992,27.050447992451375,27.102904760552033,89187445
2021-08-17,26.69198989868164,27.365189802626222,26.534617929488952,27.365189802626222,138480310
2021-08-18,27.478849411010742,27.732391854463184,26.403476459418428,26.683248121533115,172405390
2021-08-20,26.718215942382812,27.129131987127003,26.438444309620238,27.102902771216584,57855210
2021-08-23,26.735706329345703,27.041707226581792,25.913875777001255,26.928048940502602,44342855
2021-08-24,27.225305557250977,27.277763995071165,26.534619468325097,26.578333165604594,39847235
2021-08-25,26.41221809387207,27.417649806228894,26.316047626417483,27.260277828031455,157596220
2021-08-26,26.726961135864258,27.12913414056168,26.464675626222473,26.482161771550754,150781535
2021-08-27,26.508390426635742,26.83187745840692,26.43844750997855,26.779419020236027,46886690
2021-08-30,27.146617889404297,27.24279001855691,26.59581766691787,26.75318963550558,64853600
2021-08-31,27.819820404052734,28.414336008896324,26.87559022799839,27.146618812240398,163342355
2021-09-01,28.16079330444336,28.361878984453707,27.487593346688257,27.802335642661195,83001905
2021-09-02,27.819820404052734,28.49302199586507,27.697420721021626,28.26570877525604,91891260
2021-09-03,28.099590301513672,28.580447598372366,27.819818662063486,27.863534022959147,95795720
2021-09-06,27.985933303833008,28.676621029269175,27.933478203513054,28.27444969615742,82329740
2021-09-07,27.29524803161621,28.099592388562034,27.13787772341496,28.099592388562034,78581620
2021-09-08,27.58376121520996,28.17827679358771,27.22530358722994,27.29524649835847,89951525
2021-09-09,27.54004669189453,27.924733525304227,27.39141780177514,27.452617638723627,33803115
2021-09-13,27.417648315429688,27.644963197402628,27.181590360968876,27.452618937810605,33226195
2021-09-14,27.146617889404297,27.609990722738047,27.041704355392863,27.452618754150336,48386370
2021-09-15,28.2569637298584,28.335649715977542,27.19033388228972,27.347705854528012,95019770
2021-09-16,29.15747833251953,29.34108118896538,28.05587786955029,28.25696353599939,189827730
2021-09-17,28.458049774169922,29.944338789893617,27.83730661720748,29.6033672905802,224284535
2021-09-20,27.094160079956055,28.536733623889727,26.997987954503646,27.802332243783404,68590310
2021-09-21,27.094160079956055,27.522560607089662,26.587073571556022,27.330218023755336,71617125
2021-09-22,27.426389694213867,27.81981792644868,27.1029027024217,27.242788518447917,56658945
2021-09-23,28.11707878112793,28.501763983536602,27.62747837142648,27.662448995476975,92340615
2021-09-24,27.57501983642578,28.274448948370093,27.487590780540106,28.152049270672475,37840935
2021-09-27,27.959705352783203,28.283190695635685,27.644963082382215,27.819819528700418,51218570
2021-09-28,28.624164581298828,28.833991642982134,27.96844750947122,27.97719058163644,77002825
2021-09-29,29.402278900146484,30.07548043131958,28.27444763356529,28.291933777443404,176541445
2021-09-30,30.25033950805664,31.037199418931177,29.47222433793705,29.542168923410962,220955680
2021-10-01,30.923540115356445,31.290742506702642,29.376051231761572,30.14542497089637,162352925
2021-10-04,31.841537475585938,31.99016803036984,30.967250296111647,31.019708727530833,125232450
2021-10-05,31.43062400817871,32.068853233526205,31.15959378845272,31.8240538964452,82813145
2021-10-06,30.503883361816406,32.06885842917025,30.32902523479708,31.491828944605434,94984375
2021-10-07,30.573827743530273,31.037198942182414,30.35525591999378,30.871085556945562,58772760
2021-10-08,30.99348258972168,31.290740377675018,30.02302324272281,30.949768895786995,91244705
2021-10-11,30.888565063476562,31.640449173304134,30.696220832864054,31.29947773550242,82634865
2021-10-12,32.70708465576172,32.87319802634702,30.774910706554838,30.949768816989447,210594485
2021-10-13,32.62839889526367,33.16171463491159,32.287427411919225,33.04805636208308,157132885
2021-10-14,33.84365463256836,34.09719870542712,32.680854462271874,32.855712558558636,138845300
2021-10-18,34.78788757324219,35.71462984637144,33.852400560664044,34.23708571789308,184701600
2021-10-19,33.34531784057617,35.23377831777013,33.065546165076434,35.128864773243095,115574880
2021-10-20,34.149658203125,34.50811581091277,32.63714179294046,33.25788488579279,109093940
2021-10-21,34.901546478271484,35.14634918359639,33.61634644966618,34.46440284000571,142001490
2021-10-22,34.726688385009766,35.55725855052933,34.28954478836117,35.14634583757551,116247380
2021-10-25,35.31245803833008,36.15177291576393,34.77040093021333,34.90154200379563,150329375
2021-10-26,33.808685302734375,36.28291974397432,33.441486270048614,35.49605990944615,300775775
2021-10-27,35.11137390136719,35.635944888547435,34.49063078833766,34.770402426185925,209824795
2021-10-28,34.16714859008789,35.461093367558895,34.0097766124767,35.13760467183517,141097665
2021-10-29,37.50692367553711,38.23258034553946,33.415259153291565,34.03600228904537,361340545
2021-11-01,37.53314971923828,37.76046292351235,36.518976701821295,37.59434955635595,88593570
2021-11-02,39.21178436279297,39.596472912146645,37.41949605148142,37.769212308140865,194794090
2021-11-03,39.50904083251953,40.15601488472491,38.818356418649685,39.29921375379544,155316095
2021-11-04,40.007381439208984,40.39206994780186,39.692640843734424,39.806295780235914,21922315
2021-11-08,42.70893096923828,43.01493350883176,39.99864181935998,40.20847222751383,242141500
2021-11-09,42.45539093017578,43.29470590693183,42.14064698010695,42.84007612740366,115533170
2021-11-10,41.25761795043945,42.69145197484003,40.916646424962174,42.315508155687766,89484360
2021-11-11,40.496986389160156,41.67727287862613,40.103556447624406,41.30133241798228,69272370
2021-11-12,40.35710144042969,40.90790337061927,39.61395857306162,40.74178664992801,75428590
2021-11-15,39.79755783081055,40.71555881804685,39.6401858518396,40.64561756913828,38603600
2021-11-16,38.82709503173828,40.10355356346183,38.64349551727278,39.87624035533422,54766815
2021-11-17,38.477378845214844,39.60521015242791,38.381210053131994,38.643495550471044,76916535
2021-11-18,38.38995361328125,38.98446921937169,37.74297957072122,38.626011574682565,63729300
2021-11-22,37.03480529785156,38.582293999123365,36.090573547187724,38.468635732438074,68737045
2021-11-23,37.78669738769531,38.07521045642388,36.5452077132312,36.72006583662434,55769555
2021-11-24,37.33206558227539,38.29378020622297,37.23589345285241,37.97029486327931,45277920
2021-11-25,37.603092193603516,37.76920890134661,37.0785211910722,37.445723560957,32728325
2021-11-26,35.43486022949219,37.40200648948871,35.25126071232638,37.22715171226856,67114675
2021-11-29,34.84034729003906,35.819551459445904,34.05349072746801,34.971491718038244,67554300
2021-11-30,34.82286071777344,36.10806063169658,34.53434434139537,34.840343526819694,68010695
2021-12-01,36.14303207397461,36.282917889056904,34.74417392315167,35.14634522462065,61086710
2021-12-02,36.22172164916992,36.43154872505264,35.59223375123928,36.22172164916992,39022375
2021-12-03,36.108062744140625,36.80749187684447,35.906977076934595,36.26543471589164,49609070
2021-12-06,35.41737365722656,36.64137709383949,35.31246012513264,36.16926119670527,54522660
2021-12-07,36.571434020996094,36.842460909939824,35.72337439655463,35.810801779735016,44753385
2021-12-08,37.541893005371094,37.62932373073623,36.449033951865566,36.85995002322881,65377340
2021-12-09,37.59435272216797,37.9440689652679,37.0348094013211,37.61183886783709,43752670
2021-12-10,38.844581604003906,38.99320883112004,37.17469314064975,37.5418921736245,60846350
2021-12-13,37.97903823852539,39.168069472822026,37.88286943925427,39.15058332700692,39306635
2021-12-14,37.69926452636719,37.99652231878188,37.09600753667609,37.91783633446207,41455375
2021-12-15,36.938636779785156,38.01400971067201,36.84246464744596,37.71675190850596,28998785
2021-12-16,37.1047477722168,37.57686366325734,36.67634890953042,37.244633591583515,26826095
2021-12-17,35.338687896728516,36.96486266255121,35.16383312051878,36.96486266255121,47568545
2021-12-20,33.37154006958008,34.97148721031985,32.89068278746636,34.796629107240065,55742740
2021-12-21,33.607601165771484,34.245830467102095,33.2928605528283,33.89611756322927,36552970
2021-12-22,34.56931686401367,35.38240423095468,33.966056558459435,33.99228744248854,61715265
2021-12-23,35.05891799926758,35.63594746087424,34.60429155630338,34.86657706882618,46320985
2021-12-24,33.91360092163086,35.303717688001264,33.74748422093731,35.26874539994568,50931385
2021-12-27,34.202117919921875,34.35948989925049,32.59342916967264,33.222917086987096,50266245
2021-12-28,34.595542907714844,34.70045643384364,34.21085775514869,34.4643984986982,26939730
2021-12-29,34.39446258544922,34.875319934400196,34.21960445806485,34.45566242976254,28685475
2021-12-30,34.097206115722656,34.342005502641534,33.834920581860786,34.27206425001108,30108385
2021-12-31,34.962745666503906,35.20754500875449,34.24582711322268,34.280799400727304,36008765
2022-01-03,35.92446517944336,36.09057856527938,34.726692515982585,34.919033453492354,38953755
2022-01-04,36.11680603027344,36.54520489768317,35.732117521417784,36.09931988576717,46704665
2022-01-05,36.894920349121094,37.07851985990147,35.87200259522578,36.10806053843239,57771810
2022-01-06,37.15720748901367,37.375779297772574,36.27417884908979,36.53646435257225,53654395
2022-01-07,37.12223815917969,37.69926764690793,36.667608360493595,37.28835488157236,43376495
2022-01-10,38.41617965698242,38.60852391468455,37.29709307065974,37.29709307065974,51528210
2022-01-11,38.71343994140625,39.036928638399075,37.98778322858893,37.98778322858893,57530155
2022-01-12,38.949501037597656,39.544016706410005,38.73092919862669,38.95824577883578,40422790
2022-01-13,39.40412521362305,39.718869150239996,38.591037822409625,38.92326790385431,41998450
2022-01-14,39.806297302246094,39.92869698324527,39.08064062126192,39.32543998326027,40366635
2022-01-17,39.815040588378906,40.27841174527982,39.71012372123297,39.79755444385459,24529380
2022-01-18,39.01069641113281,40.217213757703455,38.765897046809364,39.93744210272203,36236730
2022-01-19,39.937442779541016,40.1997282936384,38.61726713352956,38.87081124238491,37112995
2022-01-20,39.94618225097656,40.6368699616049,39.65766919997882,40.07732666924714,49452470
2022-01-21,37.69926452636719,39.64018324949497,37.297093199906456,39.32543931221575,53192755
2022-01-24,36.49275207519531,38.048982346756176,35.7845781866608,37.69926610510281,52274935
2022-01-25,38.71343994140625,39.036928638399075,35.924464700828615,36.10806423038153,60447725
2022-01-27,42.105674743652344,42.3592188521084,37.76921068963841,38.11892359617042,234705435
2022-01-28,41.773441314697266,42.64772851398447,41.36252859892816,42.359215472493005,108984570
2022-01-31,44.23019027709961,44.48373436952143,42.14064436985583,42.210585612682614,147102420
2022-02-01,45.24436569213867,45.74270916338571,42.840075727822125,44.562422696777716,173366905
2022-02-02,47.15031433105469,47.56123042908417,45.06950962430764,45.410481137506,136021565
2022-02-03,46.31973648071289,47.70111188814665,46.17985065902324,46.98419663509454,83876480
2022-02-04,45.63779067993164,47.00167652283861,45.32304676690977,46.41590572315746,58721430
2022-02-07,45.130706787109375,46.62574051520726,44.912134975210165,45.72522238228652,79617185
2022-02-08,45.5853385925293,46.06619593316086,44.02910828952998,45.200653387052306,77005360
2022-02-09,45.506649017333984,46.0049924646454,44.632361799574866,45.77767925549009,46172495
2022-02-10,45.253108978271484,45.97002762939716,44.903396060919405,45.55911153298858,44205795
2022-02-11,43.976646423339844,45.64653487726229,43.74933321399285,44.955847174216295,44037180
2022-02-14,41.04778289794922,43.45207259198613,40.75926653379719,42.49035471328686,67861420
2022-02-15,43.35590362548828,43.504530852885416,40.60189753240664,41.12647186854371,81562540
2022-02-16,42.71767807006836,43.86299230014489,42.49036150407818,43.513279380751236,62946135
2022-02-17,41.860877990722656,43.10236438945321,41.74721970480713,42.892537299453814,36425255
2022-02-18,41.6597900390625,42.700190696941696,41.46744577108064,41.71224514113662,47159215
2022-02-21,40.7330436706543,42.03573315851782,40.59315784213765,41.53738635083971,69086415
2022-02-22,40.2958984375,40.54944253383726,38.64349611161426,38.64349611161426,76284760
2022-02-23,40.06858825683594,41.13521648687308,39.902471536601766,40.56693174725574,43202360
2022-02-24,36.42280578613281,39.16806714851002,36.06434815604804,36.06434815604804,103991045
2022-02-25,38.19761276245117,38.95824515111629,37.41949756187467,37.76921383265,81491485
2022-02-28,38.3986930847168,38.59103734027771,37.48069217114702,37.85663594239367,61273635
2022-03-02,37.79543685913086,38.27629417250146,37.10474914139685,38.09269465314669,54860675
2022-03-03,37.585609436035156,38.57355160334225,37.37577903364733,38.398693490542584,46552140
2022-03-04,36.74629211425781,38.031495441241496,36.59766488236671,37.375780002599406,74147550
2022-03-07,35.1201171875,35.9594354811526,34.342002069600376,35.93320459578956,77882170
2022-03-08,36.60640335083008,36.842461290021454,34.88405987139371,35.146345358781595,101169385
2022-03-09,37.06978225708008,37.30583688935422,36.457780489907556,36.98235152740325,70015255
2022-03-10,37.48944091796875,38.80961329323122,37.25338294322485,38.38121437750969,86392850
2022-03-11,38.11017990112305,38.36372399434511,37.15720670172034,37.419492199645454,54800695
2022-03-14,38.66972351074219,38.905781461399066,37.629322915009496,38.11892162587614,62331165
2022-03-15,38.27629852294922,39.640187968476894,38.05772668883436,38.66972849138427,74140845
2022-03-16,39.238014221191406,39.49155499872403,38.69595370406618,38.71343984995486,43321620
2022-03-17,39.526527404785156,40.34835958822287,39.35166928053407,40.21721516124922,52476475
2022-03-21,39.33417892456055,39.89372214671806,39.16806223757332,39.74509160231584,46008815
2022-03-22,39.517784118652344,39.710125044547446,38.49486630830814,39.34292600272312,48430980
2022-03-23,39.3953857421875,40.28715916132073,39.22052762046978,39.762584796167566,44813690
2022-03-24,39.45658493041992,39.85001486397733,38.92326916883557,39.063154996862515,30335565
2022-03-25,39.3953857421875,39.85001552459706,39.12435548676797,39.517785426847524,29539365
2022-03-28,39.98990249633789,40.24344327816683,38.862071080966274,39.50030040858226,46274510
2022-03-29,39.94618225097656,40.61064241200722,39.57023847608473,40.20847108751772,46875635
2022-03-30,39.94618225097656,40.523211688113136,39.710124299174176,40.322126025868386,31243675
2022-03-31,39.82378387451172,40.14726922564188,39.64018435104389,40.1123002700822,25135920
2022-04-01,41.95704650878906,42.096932335096106,39.71012521257399,39.850014374022216,69889490
2022-04-04,42.19309997558594,42.47287495568066,41.703501264487606,42.28927210387771,43563700
2022-04-05,42.48161697387695,43.10236011163478,41.834642951116464,42.28053130960925,59173710
2022-04-06,43.338417053222656,43.69687467856654,42.14064450050886,42.14064450050886,49486965
2022-04-07,43.12859344482422,44.160249374586,42.63024662317867,43.33842052590951,54851655
2022-04-08,43.42584991455078,43.6793940397174,43.01493713891474,43.45208080224692,36037350
2022-04-11,43.03241729736328,44.02035943771217,42.93624517119068,43.52201599767324,25153735
2022-04-12,42.219329833984375,42.979958766767155,41.5199007386013,42.92750033393555,31993590
2022-04-13,42.42915725708008,43.06738652050951,42.123158067470435,42.56030167270766,36650785
2022-04-18,40.96910095214844,41.96578788069229,40.38332676204037,41.96578788069229,45659720
2022-04-19,41.03030014038086,42.56904420408183,40.383326120043385,41.2488719487847,44443925
2022-04-20,40.7592658996582,41.60732550033296,40.54943885184929,41.40623985654075,47718935
2022-04-21,41.61606979370117,41.703500515642425,41.13521249601789,41.17892618941801,20244985
2022-04-22,40.78550338745117,41.56361854144959,40.70681739799395,41.09150260470628,21071435
2022-04-25,39.87623977661133,40.4707553401828,39.56149585058631,40.40955550291582,33154090
2022-04-26,41.18767547607422,41.34504745780043,40.21721603380966,40.47076015271762,29983830
2022-04-27,40.51447677612305,41.117733859534965,39.89373354512999,40.81173461471913,27325960
2022-04-28,40.776756286621094,41.039041791249666,40.08606856749098,40.88166982144429,28804625
2022-04-29,40.156009674072266,41.467440418920766,39.96366543091608,40.98658314617116,28451545
2022-05-02,40.173500061035156,40.278413597865494,39.535270764677016,39.76258398366629,23444510
2022-05-04,38.97572708129883,41.24012784982612,38.68721068885318,40.47949887859667,47546350
2022-05-05,39.29920959472656,40.470754554897844,39.098123942588174,39.500295246864944,42695600
2022-05-06,38.35498046875,39.29921229334232,37.17469402315076,38.46863874433415,96162405
2022-05-09,35.207550048828125,38.26755560557357,34.927778379022705,38.26755560557357,154321205
2022-05-10,34.91903305053711,35.985664608179164,34.752919666617984,35.16383575885215,56114470
2022-05-11,35.356178283691406,35.60972240881525,33.8698924967259,35.23377859160168,76693890
2022-05-12,33.70376968383789,34.971486745386315,33.40651191309647,34.945259197572355,68522060
2022-05-13,33.79994583129883,35.399893141308105,33.59011541837549,34.446919880599616,66355955
2022-05-16,34.578060150146484,34.86657654417905,33.66005920255946,34.09720282856673,47003330
2022-05-17,35.45234680175781,35.531032786512185,34.19337438082904,34.875317358606154,52977180
2022-05-18,34.45566177368164,35.95069223082497,34.32451734685518,35.50480718286937,56701920
2022-05-19,32.689598083496094,33.92234290997644,32.45354013776909,33.747484801829664,71319410
2022-05-20,33.992286682128906,34.07097266217411,33.26662671780755,33.38028498568193,40163230
2022-05-23,33.33657455444336,34.53434718106085,33.240402421076034,34.272061666967126,57471725
2022-05-24,33.179203033447266,34.04474557532689,33.08303089876257,33.51143313459221,48054620
2022-05-25,32.56719970703125,34.1671469579357,32.444800026989824,33.51143152759279,53491025
2022-05-26,34.237091064453125,34.53434888445919,32.121317366576925,32.873201654694455,63617345
2022-05-27,34.63051986694336,35.329949027399486,34.28954835966733,34.72669200184507,49651390
2022-05-30,36.54520797729492,36.66760766401215,35.05891892042576,35.128863504344935,65157615
2022-05-31,35.84577560424805,36.79000739176423,35.64468994619724,36.19549182224834,46481305
2022-06-01,36.50149154663086,36.76377704640478,35.81954858019044,35.84577612962551,43283350
2022-06-02,37.3408088684082,37.49818084536682,36.46652158981204,36.606407420981775,59593000
2022-06-03,36.912410736083984,37.769211886683266,36.80749385917205,37.673039750418006,41174630
2022-06-06,36.79874801635742,37.03480595823262,36.02063294969898,36.80748942080867,39746325
2022-06-07,36.553951263427734,37.28835268965167,36.256693463881355,36.623892509422724,41089375
2022-06-08,36.87743377685547,37.3670358017268,36.326631915767834,36.720061816544714,41291500
2022-06-09,36.28291702270508,36.91240484311515,35.714629036485896,36.711319197182114,47601955
2022-06-10,36.36160659790039,36.52771997354806,35.69714976016856,35.93320438103692,26209960
2022-06-13,34.49937438964844,35.58349205669755,34.140916747384196,35.40863393812302,38725540
2022-06-14,34.473148345947266,35.190063661811365,34.21086282419185,34.62177558539017,34361100
2022-06-15,34.048221588134766,34.93423437904097,33.9939746401347,34.83478336546543,43880130
2022-06-16,32.73728561401367,34.78958208484175,32.55646588838774,34.45506783418589,47802120
2022-06-17,32.70111846923828,33.270699354146124,32.27619611280786,32.68303960202775,40185605
2022-06-20,31.56195831298828,33.153164096372954,31.055663839305048,32.981387277068315,47943355
2022-06-21,32.99042892456055,33.15316285584743,31.76989857354283,31.824145516537666,37246840
2022-06-22,32.70111846923828,33.135087156972254,32.42085119243613,32.800569483141935,31695735
2022-06-23,32.88193893432617,33.397272882861515,32.33948323550451,32.71016210109746,35953395
2022-06-24,33.6142578125,33.749873463973245,33.162210239388216,33.27070069125725,33271320
2022-06-27,33.93973159790039,34.39177915743924,33.83123770043966,34.16575537766981,24537415
2022-06-28,33.95781326293945,34.174794156001546,33.70466428923486,33.80411530224212,20202530
2022-06-29,33.67754364013672,33.831238157006496,33.27974302395975,33.76795177372492,23957985
2022-06-30,32.7734489440918,33.98493657404806,32.583589791725714,33.70466583804388,26590390
2022-07-01,33.42439651489258,33.578091024441356,32.267152456761664,32.84577621025165,28842895
2022-07-04,34.0572624206543,34.28328620666506,33.48768496307865,33.62329716537555,27463575
2022-07-05,34.192874908447266,34.744373447107535,34.08438446687689,34.310408231977064,35090105
2022-07-06,34.85286331176758,35.02464357766361,34.13862739814982,34.328489978816435,25836415
2022-07-07,37.70980453491211,37.88158480544328,35.14217439863914,35.27779003865333,112584385
2022-07-08,38.1708984375,38.36075759177788,37.33008966987018,37.791176680094935,50635800
2022-07-11,39.22868728637695,39.337177736707076,37.80021876900776,37.80021876900776,72005145
2022-07-12,39.21964645385742,40.024290542071064,38.79472065268203,38.966497480316136,55604310
2022-07-13,39.454708099365234,39.951959695529204,39.15635852120644,39.67169243253897,43189160
2022-07-14,37.890625,39.36430095911284,37.31200469549778,39.34621864349101,66069090
2022-07-15,37.26679992675781,38.33363238634571,36.81475239130019,37.97199297844002,48892765
2022-07-18,38.78567886352539,38.867047555641555,37.357207035008045,37.86350150249183,49556565
2022-07-19,40.349769592285156,40.458260050205624,38.39692410546944,38.73143836255306,77759550
2022-07-20,39.734981536865234,40.79277118041879,39.55416182162511,40.72948479741213,49931445
2022-07-21,40.91030502319336,41.353313158617745,39.61744869903865,39.72593914999695,64524545
2022-07-22,41.416595458984375,41.93192936128902,40.9826302490883,41.33522676657581,69973065
2022-07-25,40.64811325073242,42.40205988219961,39.89771614099513,41.452757305896704,138779555
2022-07-26,40.069496154785156,40.93742665769007,39.82539005418391,40.84701852362261,50739525
2022-07-27,41.05495834350586,41.21769573737597,39.915800035264176,39.979086416341545,42682535
2022-07-28,40.90126419067383,41.58837495504619,40.56674651764664,41.40755524373268,40711750
2022-07-29,40.196067810058594,41.389473080751486,40.06949504632588,41.262900317018776,40322070
2022-08-01,40.70236587524414,40.95551142485947,39.97004752962192,40.42209512470613,30405695
2022-08-02,42.166996002197266,42.70041226293999,40.36784863804497,40.63907648528636,95803855
2022-08-03,41.94096755981445,42.40205795284108,41.588371052705156,42.166991315535675,38881895
2022-08-04,40.6119499206543,42.347814292553494,39.8163487220142,42.05850413871181,62866305
2022-08-05,40.00620651245117,41.3352273578524,39.861551440416605,40.68427780927238,57954925
2022-08-08,40.693321228027344,41.09112530172123,39.63553155683072,40.006210430777735,42501730
2022-08-10,40.774688720703125,41.1001635172216,40.34072347496156,40.68428058782542,27668320
2022-08-11,41.7511100769043,42.45630311889362,41.09112109806961,41.21769385444216,61765740
2022-08-12,41.778236389160156,42.37493905499635,41.58837723385985,41.95001667630271,37512705
2022-08-16,41.97713851928711,42.32973507957369,41.68782834423918,42.05850722157243,39317305
2022-08-17,43.25190734863281,43.42368416662139,41.97713346553625,42.21219666114424,75880015
2022-08-18,43.38752365112305,43.75820248951391,42.962597867291215,43.30615495738608,57338785
2022-08-19,41.705909729003906,43.54122175759743,41.56125464471352,43.396566673307035,60525460
2022-08-22,40.15086364746094,41.479884561148054,39.988126251954384,41.44371992906901,41631205
2022-08-23,41.425636291503906,41.58837368181894,39.590324382655325,39.798265837202536,47758120
2022-08-24,41.96809387207031,42.04042313721636,41.10016338341288,41.344269480007,39480270
2022-08-25,43.1705436706543,43.75820690120817,42.13083286239724,42.18507981330738,89120005
2022-08-26,43.306156158447266,44.21929068117699,43.17054051550814,43.58642342887617,61874855
2022-08-29,42.492469787597656,42.6100031165177,41.497966555087146,41.95001410601903,36877250
2022-08-30,43.59546661376953,43.8486121369076,42.83602659550624,42.890270093979204,52440695
2022-09-01,44.21025466918945,44.571890663598865,42.935480632533896,43.034928203023185,51092010
2022-09-02,44.083675384521484,44.53572293273739,43.586423771253806,44.43627536916313,40954795
2022-09-05,44.35490417480469,44.752704753247954,44.07463346910784,44.08367290206952,28638355
2022-09-06,44.17409133911133,44.752711706326714,43.75820838128145,44.6532606840523,27442605
2022-09-07,43.61355209350586,44.18312956188673,43.44177180561537,43.848615317922665,26177455
2022-09-08,44.3006591796875,44.66229859334702,43.86669395260551,44.192168735129265,44647800
2022-09-09,44.03847122192383,45.150507774209885,43.94806309202054,44.61709153054268,56989085
2022-09-12,44.68037796020508,45.06009969368297,44.02038895441043,44.2644950440357,30898475
2022-09-13,44.64421463012695,45.04201521139184,44.49955955977163,44.84311319633493,26128175
2022-09-14,46.1630973815918,46.56993742045614,43.794365719281835,43.93902079837451,77069055
2022-09-15,45.647762298583984,46.588018564611296,45.34036983213783,46.41624174027484,41610740
2022-09-16,44.18312454223633,46.018439856167866,43.57738250850227,45.304203932244974,49418235
2022-09-19,44.653255462646484,45.79241719514028,43.95710183697784,44.156003858268605,58216875
2022-09-20,44.96969223022461,45.45790096786232,44.68037862246084,45.02393572949039,32745710
2022-09-21,44.74366760253906,45.38557428987655,44.21929079394286,44.86119748128036,38195950
2022-09-22,43.92998123168945,45.078182427379794,43.46889424624408,44.48147979682449,38935875
2022-09-23,41.425636291503906,44.04751340315819,41.26289890118887,43.66779167614009,58631625
2022-09-26,39.264854431152344,41.13633120109647,39.0930775864039,41.13633120109647,50837145
2022-09-27,38.740474700927734,40.14182490282447,38.54157611877756,39.72593852447586,43454140
2022-09-28,37.97199249267578,38.68622841728558,37.519944963001066,38.24322032071082,49641340
2022-09-29,38.948421478271484,39.66265403959794,38.44212694279571,38.69527248610892,79592200
2022-09-30,41.36235046386719,41.61549598602527,38.7675985151996,39.056908668765715,103522925
2022-10-03,40.205108642578125,41.82343618773836,39.85251211905803,41.208654716503936,48671660
2022-10-04,41.08208084106445,41.769195060774166,40.6571584816418,41.13632778962548,54791090
2022-10-06,41.05495834350586,41.86864531285642,40.91934269899773,41.40755488060807,29973490
2022-10-07,41.416595458984375,41.534125332247605,40.26839433226295,41.19961112961188,46539300
2022-10-10,41.163448333740234,41.561252380503824,40.35880425565797,40.85605586526339,26800945
2022-10-11,40.26839828491211,41.353313140569384,40.123743200747754,41.344270257831404,29612710
2022-10-12,40.86509704589844,41.00975211628476,40.187025756803386,40.47633589757603,30062920
2022-10-13,40.41305160522461,40.95550728495282,39.961004055834735,40.66619712925123,25711445
2022-10-14,41.00071334838867,41.76919628911475,40.82893651283425,41.38947453571909,34716035
2022-10-17,42.92643356323242,43.09821038516085,40.322638792709895,40.774686328273226,86520200
2022-10-18,45.249961853027344,45.40365982289803,43.30615933758141,43.39656747361171,102556705
2022-10-19,45.0239372253418,45.69296914559014,44.544767905379,45.38557666042456,59255885
2022-10-20,46.81404113769531,47.06719009989931,43.14341739865143,44.834074196420644,235480435
2022-10-21,48.5589485168457,48.98387433080975,46.91349565912645,47.01294667506264,180001415
2022-10-24,48.91154479980469,49.35455292779517,48.64031695253565,49.07428219793595,21534540
2022-10-25,51.38876724243164,52.075878022605174,48.242516609080624,49.0923647882938,179379565
2022-10-27,52.36518478393555,52.79915345239821,51.37972446881318,51.61478766945221,119912870
2022-10-28,52.04875564575195,53.12462759413977,51.69615910169415,52.36518755738096,100288330
2022-10-31,52.50984573364258,52.762991261241815,51.569585989918046,52.42847703565009,58033925
2022-11-01,52.799156188964844,53.75749480529711,52.20245354996298,52.781073872770946,68535540
2022-11-02,52.6906623840332,53.24216095794028,52.38326990589725,52.61833656798019,42057470
2022-11-03,53.350650787353516,53.93831398689233,52.10300202191129,52.16628840354173,62626855
2022-11-04,53.7213249206543,54.33610981574344,53.37777129310653,53.51338347802838,56124935
2022-11-07,55.954444885253906,56.397452999357036,54.435564849541855,54.435564849541855,117634740
2022-11-09,56.795257568359375,57.04840310905097,55.692260371604284,56.3251276721826,81620855
2022-11-10,55.50239944458008,56.939910838345575,54.81528866369842,56.38841225757056,58722660
2022-11-11,55.050350189208984,56.777171695455344,54.90569511089486,56.777171695455344,55353710
2022-11-14,55.00514602661133,55.37582487968875,54.38132164914418,54.60734542416333,45614395
2022-11-15,55.92732238769531,56.062934580839524,54.83336816495975,55.005144989148704,35388595
2022-11-16,55.52048110961914,56.22567419867764,54.987064851553335,55.84595590421512,41127470
2022-11-17,55.556644439697266,55.99060967270218,54.96898124669216,55.33062066528747,25824405
2022-11-18,55.954444885253906,56.524025760858194,55.26733413045516,55.76458574300217,42259940
2022-11-21,56.768131256103516,56.94895096300465,55.36678456310555,55.8821184860219,55263285
2022-11-22,57.62702178955078,57.86208499233859,56.496902942044166,56.93086816562482,58920515
2022-11-23,58.75714111328125,59.028372413880746,57.6812691401706,57.952496991920846,64215050
2022-11-24,59.40808868408203,59.62506957851914,58.78426085266479,58.838511249547764,38394985
2022-11-25,59.10070037841797,60.3845137912165,58.69385343648152,59.182065628186244,55461500
2022-11-28,58.61248779296875,59.41713189119753,58.268927235726146,59.41713189119753,34233385
2022-11-29,58.17851638793945,59.04644682760932,58.0429007478696,58.72097205052088,35102955
2022-11-30,56.90374755859375,58.53111814051635,56.54211156752723,58.53111814051635,112465320
2022-12-01,58.02482604980469,58.386465483404194,56.9941581475501,57.319632948019816,46415965
2022-12-02,57.70839309692383,58.585366465920316,57.482369317190646,57.96153862659326,26750455
2022-12-05,58.31413269042969,58.45879121420024,57.057441080389765,57.8620851501938,44409360
2022-12-06,57.617977142333984,59.07356727629847,57.33770643515257,57.97961309314826,68401680
2022-12-07,56.759090423583984,58.14235485095957,56.53306664400762,57.690310740656024,53558045
2022-12-08,58.65768814086914,58.937962314865196,56.80429730755095,57.04839995179445,76294260
2022-12-09,57.41907501220703,59.76068132575419,56.62347385270565,58.9469944025722,95079860
2022-12-12,57.95249557495117,58.12427585431063,56.957992326566654,57.590859597742785,33882015
2022-12-13,59.03741455078125,59.30863895025578,58.04290439294606,58.04290439294606,40287220
2022-12-14,59.27246856689453,59.85108884020777,58.71193405707732,59.290554330390556,53238855
2022-12-15,57.95249557495117,59.670277675450784,57.6631854136448,59.12782198521363,43057550
2022-12-16,56.234718322753906,58.24180718565899,55.99061222141763,57.862088882813175,51761875
2022-12-19,57.49140930175781,57.76263715026665,56.081019661122966,56.31608632565338,35935395
2022-12-20,58.25084686279297,58.58536452890931,56.514982498433525,57.319630024712865,39456395
2022-12-21,56.88566207885742,59.56178274912383,56.31608464860519,58.540157768535416,64792305
2022-12-22,56.38840866088867,57.57277444649871,55.737462554428454,57.42811937296877,50547250
2022-12-23,52.7177848815918,56.062933888385054,52.446553600955376,55.38486258449199,76551365
2022-12-26,55.07747268676758,55.64705357423779,52.05779831704887,52.71778733637504,59785635
2022-12-27,55.52048110961914,55.80979127173797,54.42652684355426,55.80979127173797,37573365
2022-12-28,57.156890869140625,57.771675786626304,55.222127990108795,55.74650133217072,76209100
2022-12-29,58.070030212402344,58.94699664879045,56.15334615339232,56.84949978112015,58037585
2022-12-30,60.26698303222656,60.88176108206098,58.106189384604264,58.48591457109375,91821295
2023-01-02,60.78231430053711,61.55079372682405,60.122321867604875,60.72806390616181,68163660
2023-01-03,60.899845123291016,61.78585443872805,60.51108396309369,60.9360097542045,56669795
2023-01-04,59.109737396240234,61.20723783186847,58.77522661108261,60.9179276648059,63676240
2023-01-05,59.218231201171875,59.72452226830006,58.07003341744945,59.42617611671293,45723890
2023-01-06,57.943450927734375,59.42617321918308,57.410038136261065,59.39904457245385,44465020
2023-01-09,59.06453323364258,59.399043998725986,57.97961499899077,58.5853639448597,34632685
2023-01-10,57.37387466430664,59.1006996296263,56.777172031621774,59.1006996296263,47865145
2023-01-11,57.50044631958008,57.8259211036551,56.460739035839396,57.62702252915852,39150920
2023-01-12,57.34675216674805,57.82592146359159,56.79525360683803,57.68126638630774,26748045
2023-01-13,58.693851470947266,58.80234536470342,57.24730070935578,57.50044623042203,53541255
2023-01-16,58.4135856628418,59.30863789121256,58.27797001667694,58.748103337021995,47321030
2023-01-17,57.789756774902344,58.91987564283003,56.424574699939306,58.56727910785244,43562670
2023-01-18,57.3919563293457,58.22372561177922,57.10264617428598,57.84400387773265,27292015
2023-01-19,57.88920974731445,58.106190645948395,56.84950242292433,57.26538535268038,22833170
2023-01-20,57.6722297668457,59.0102867103722,57.509492365854804,58.00674745157658,33990715
2023-01-23,58.4135856628418,59.04644948134673,57.771678961873,58.151397252975954,65416825
2023-01-24,57.88920974731445,59.30863881758777,57.509491450280464,58.64865323908084,42215215
2023-01-25,55.339656829833984,58.02482021484035,54.64350323191201,58.02482021484035,69401075
2023-01-27,52.61833572387695,55.65609582405364,51.732322936133606,55.65609582405364,77590380
2023-01-30,52.82627487182617,54.43556298230942,51.29835545506674,52.61833342094286,72139590
2023-01-31,54.95994186401367,55.213087387954936,52.91668501010487,53.160791100554995,63613740
2023-02-01,51.4339714050293,55.87307835633723,49.4811260617601,55.5114423735684,92868925
2023-02-02,51.5515022277832,52.52792312745491,50.20439903188304,50.99096424003001,67545240
2023-02-03,53.61283493041992,53.75748999818655,50.403298243264345,52.07587267986899,82031535
2023-02-06,53.278324127197266,54.12817227336337,53.07038266958798,53.67612472668689,39368680
2023-02-07,53.29640579223633,54.3361130675891,53.052299706149405,53.422978551944574,32861175
2023-02-08,53.459144592285156,53.84790576383728,52.79915557865807,53.422979960315395,29581065
2023-02-09,52.97997283935547,53.667087064334915,52.10300291507926,53.43202040095014,31199465
2023-02-10,53.14270782470703,54.15529679987799,52.59120927278423,52.59120927278423,37760200
2023-02-13,51.47917175292969,53.486263900604634,51.32547724734685,53.142706810270866,35326170
2023-02-14,52.555049896240234,52.87148180632205,51.44301332086091,51.76848466458115,53405300
2023-02-15,53.50434875488281,53.703250782228196,52.17532784280072,52.41039450218147,26914405
2023-02-16,53.33256912231445,54.001597535552484,53.169831735559484,53.847903030755546,24065285
2023-02-17,53.097503662109375,53.395856694111835,52.44655410053968,53.16079004183432,32866660
2023-02-20,52.25669479370117,53.567633345945595,52.093957403830885,53.16078987126988,24695615
2023-02-21,50.4394645690918,52.41943152240841,50.34905299316587,52.41943152240841,66986370
2023-02-22,49.571537017822266,50.26768722429092,48.911544546130024,50.26768722429092,46162270
2023-02-23,49.50824737548828,50.014541885519385,48.91154473277446,49.7885181049634,35371055
2023-02-24,49.02003479003906,50.068784911698394,48.60414844527413,49.77043188929196,41317050
2023-02-27,49.924137115478516,50.12303571054715,48.72168886648215,48.9838772973106,36986335
2023-02-28,50.54795455932617,50.70165251260131,49.544408493041,50.141111093420164,30807060
2023-03-01,52.22053146362305,52.3471076746687,50.39426239643132,50.61124328909708,37434805
2023-03-02,52.50984573364258,52.96189328941217,51.76848456923924,52.057798177872996,35633330
2023-03-03,55.18596649169922,55.330621571737325,53.0703837906112,53.15175248868571,68210465
2023-03-06,55.267333984375,55.864036607624044,55.05939252690856,55.46623255955863,31410850
2023-03-08,56.32512283325195,56.397452095149596,54.6073442493713,54.6073442493713,40222395
2023-03-09,56.11717987060547,56.72292535174921,55.89115610652252,56.36128594967692,34253085
2023-03-10,53.920230865478516,55.51144016260258,53.41393981999738,55.42102858387446,49179760
2023-03-13,52.175323486328125,54.86952626872124,51.98546435726878,53.6128347256396,55801815
2023-03-14,51.76848602294922,52.38327099196756,50.87343376874702,52.220533591412746,51441790
2023-03-15,50.8372688293457,52.645459092308805,50.4485076469007,52.45559994242149,33038945
2023-03-16,50.92768096923828,51.641913509801014,49.851805543735615,50.62932791713608,49203635
2023-03-17,50.94575881958008,51.714241743712165,49.99645962986321,51.53342202927819,41464915
2023-03-20,50.2676887512207,50.692614573583725,49.508248690427905,50.6293281892551,41987440
2023-03-21,51.352603912353516,51.61479233399664,50.10495163768046,50.57508153029421,36650525
2023-03-22,51.50630187988281,52.15724804368584,51.32548215982947,51.50630187988281,30192160
2023-03-23,50.737815856933594,51.895059925831355,50.511792082777276,51.397804863608165,29414325
2023-03-24,49.50824737548828,50.89151525770833,49.24606241116873,50.566040461891845,32212690
2023-03-27,50.12303161621094,50.48467103945764,49.27318345508507,49.716191576119826,31774230
2023-03-28,49.75235366821289,50.97288415732962,49.3183884216989,50.15919716458513,26306060
2023-03-29,50.819183349609375,51.099454064508905,49.56249174688878,49.88796652577881,78420555
2023-03-31,51.4339714050293,51.6871169378524,51.00904559020547,51.32548095508357,34693365
2023-04-03,51.93122100830078,52.06683665207236,51.40684764667211,51.84081287835245,19288720
2023-04-05,51.397804260253906,52.103000772560776,50.84630915481967,52.103000772560776,23085250
2023-04-06,51.45205307006836,52.1662890416041,51.00904494438757,51.38876668766384,28327120
2023-04-10,51.22602844238281,51.84081338886308,51.06329104779397,51.687115427818455,18842705
2023-04-11,52.057796478271484,52.83531535177717,51.895059087599606,51.895059087599606,36033040
2023-04-12,51.732322692871094,52.166287926734384,51.262192827306926,52.057797480480836,23537185
2023-04-13,52.663543701171875,52.781077039058324,51.506302986134145,51.60575400674196,28440130
2023-04-17,53.78462219238281,53.88406976222178,52.13012640624012,52.618338616791995,45394945
2023-04-18,54.101051330566406,54.318035673698844,53.34161130287657,54.03776494899635,33036140
2023-04-19,53.350650787353516,54.45364792236828,53.05230119521703,54.064886750153214,22552285
2023-04-20,53.63996505737305,53.86598883708788,53.35065144639681,53.4681847775263,19038260
2023-04-21,53.39585876464844,53.7032512418818,52.708744545491896,53.630921977191996,21572190
2023-04-24,54.77912139892578,54.923776474732435,53.54955153014473,53.685167172584926,38398570
2023-04-25,55.63801574707031,56.22567551880033,54.9237797586984,54.95090150926846,45251025
2023-04-26,55.99060821533203,56.090059225299605,55.18596415119297,55.5204783629347,21205370
2023-04-27,55.873077392578125,56.14430523718862,55.42102983527757,55.42102983527757,19426085
2023-04-28,57.400997161865234,57.518527037077476,55.963485871374644,55.963485871374644,34971485
2023-05-02,57.862083435058594,58.142350694433844,57.4100359082222,57.6270202385972,29659120
2023-05-03,57.77167892456055,57.9344163203136,57.138811657615214,57.229219789100625,17864585
2023-05-04,58.5582389831543,58.666732882755845,57.31963306010446,57.95249689686726,29678925
2023-05-05,57.59989929199219,59.10070050272618,57.27442449683779,58.21468424976179,33018590
2023-05-08,56.63251495361328,57.98865756629118,54.670630296053446,57.536610028731886,139314980
2023-05-09,54.76103973388672,57.26538356572997,54.489811894633284,57.229218934136426,118015345
2023-05-10,54.39036178588867,54.733918894037515,52.97997216994802,54.20954207376564,72950675
2023-05-11,54.444610595703125,55.25829415480379,54.24570856068219,54.60734799729311,36430215
2023-05-12,53.703250885009766,54.6615894938372,53.522431173336,54.4265262828557,34759285
2023-05-15,54.86049270629883,55.05035185567426,53.45010306340445,54.028723394176744,35834890
2023-05-16,55.17692565917969,56.225675890631926,55.03227057376728,55.14980390843026,54438130
2023-05-17,54.73392105102539,55.6922597000007,54.164340142488655,55.312541393542396,40548900
2023-05-18,53.36872863769531,55.24020507811041,53.160787194187954,55.14979695444594,40895745
2023-05-19,53.84790802001953,54.04680660648865,52.68162445649685,53.703252934928685,31717830
2023-05-22,54.417484283447266,54.54406049786728,53.6761265575189,54.02872310413736,17184210
2023-05-23,54.61638641357422,55.059394542725684,54.45364901501647,54.598304097195665,15665520
2023-05-24,54.173377990722656,54.824327581424534,53.91119302677812,54.40844465352019,16454215
2023-05-25,54.18241882324219,54.29995215019397,53.549551572765985,54.06488549629041,20849835
2023-05-26,55.457191467285156,55.647050603355986,54.27282568964762,54.408441329040485,32373645
2023-05-29,55.529518127441406,56.14430305740932,55.30349435756641,55.873075223329124,27527200
2023-05-30,55.63801574707031,55.864039532085535,55.19500761094681,55.538564729847735,16243865
2023-05-31,55.9996452331543,56.35224519388041,55.0774678834798,55.583762344727226,27683650
2023-06-01,55.94540786743164,56.325126168330755,55.81883510046527,55.873078601251294,23434025
2023-06-02,56.73196792602539,57.03936040015224,56.01773196425283,56.1081435442014,31900850
2023-06-05,56.41553497314453,57.111685157181,56.33416627712287,57.03935934341123,21989370
2023-06-06,56.370330810546875,56.66868386331174,55.85499685472507,56.5782757285129,16851625
2023-06-07,56.95798873901367,57.22921656704871,56.52402352438782,56.57827046953441,20877380
2023-06-08,56.46977996826172,57.23826288413842,56.234716756217146,57.21113768551274,18536670
2023-06-09,56.234718322753906,56.64156182498104,56.053898605225264,56.64156182498104,18601375
2023-06-12,56.939910888671875,57.03032247100544,56.081019825173755,56.596353773502784,18881245
2023-06-13,56.939910888671875,57.211138737974125,56.64156128909418,57.1388129209565,18079580
2023-06-14,57.23128128051758,57.73883497731621,56.95870574866473,57.24068241498547,30397045
2023-06-15,55.793216705322266,57.40046651167163,55.63342968685564,57.2406830786873,29795900
2023-06-16,57.099693298339844,57.33467146006141,55.943601172927615,56.093987053010125,27557380
2023-06-19,57.33467102050781,57.748231291193626,56.80831865151317,57.13729022669064,24512760
2023-06-20,57.59784698486328,57.69184040268694,56.85531870420886,57.33467258592158,23542870
2023-06-21,57.64484786987305,58.17119668951863,57.240685120226665,57.597849366276904,27869135
2023-06-22,56.563941955566406,57.71063650331696,56.24437152023341,57.52265326156541,20922150
2023-06-23,55.71802520751953,56.71433398709496,55.379656052739854,56.62034414875949,23699580
2023-06-26,55.21986770629883,55.924802187655835,54.82510611777035,55.71802025910348,28009650
2023-06-27,55.65222930908203,55.83081501423194,55.29506506974692,55.38905490420724,20914190
2023-06-28,55.755619049072266,56.33836389794008,55.567635798813605,55.88720624860865,26225310
2023-06-30,56.74252700805664,56.99630385976951,55.924803987303385,56.26317312292054,20638290
2023-07-03,59.8724365234375,60.32359416518974,56.87411287516173,56.95870515708291,92489890
2023-07-04,60.46458435058594,61.22591132573484,59.69385265529624,60.28599864689831,70211795
2023-07-05,60.549171447753906,61.12251874035312,60.21080231864734,60.47397671440479,29330585
2023-07-06,61.25410842895508,61.90265048127452,60.20141080312033,60.53037881119369,43883880
2023-07-07,62.729766845703125,63.293712988857344,60.2765943105662,61.12251711077967,59222370
2023-07-10,62.786170959472656,63.820073490851485,62.410204446889956,63.08694273534586,50257705
2023-07-11,62.46659851074219,63.2467277893745,62.081238024443614,62.936554870742626,24688125
2023-07-12,62.26921844482422,63.19033607666662,62.137631236127454,62.73917481044553,24154370
2023-07-13,60.473976135253906,62.974147212934824,60.1168119117128,62.607581855073995,44281450
2023-07-14,61.39509582519531,61.78985742882783,60.53037788267706,60.643162814592266,33175515
2023-07-17,62.729766845703125,62.936548771418,61.0943208792666,61.65826702242082,37077115
2023-07-18,61.742862701416016,63.105733140835554,61.42328867964993,62.97414594686253,36129700
2023-07-19,63.6226921081543,63.78247554398916,61.6112795306899,61.99664000364247,59625690
2023-07-20,63.9140625,64.85397518382354,63.42531105963623,63.9140625,54864325
2023-07-21,63.566287994384766,64.78817727041073,63.359513241317124,63.91405824579873,31280540
2023-07-24,63.857666015625,66.05705811531878,62.83315752581987,63.91405847839738,126452930
2023-07-25,62.56998825073242,64.4592147885788,62.03423829772701,64.29003021547368,63249455
2023-07-26,63.40650939941406,63.594496240563714,62.701574879773574,62.98355155601567,47384160
2023-07-27,64.81637573242188,65.72809215377778,63.632083781003374,63.6884834164758,66811855
2023-07-28,64.52500915527344,65.09835648364631,64.12084640201002,65.0325628806018,32009085
2023-07-31,64.7317886352539,65.17354156975661,64.42161573086646,64.83517960338305,22936200
2023-08-01,64.03624725341797,65.04195351763491,63.54749582308268,64.95736481988948,22592770
2023-08-02,61.51728057861328,64.00805055573281,60.85934458660337,63.914060724154886,55995715
2023-08-03,61.51728057861328,62.438398138391655,61.00033291945249,61.50788661513064,33604925
2023-08-04,61.79926300048828,62.91776146205007,61.413895332870624,61.66767578982985,35770240
2023-08-07,61.780460357666016,62.410200099066294,61.60187466316338,61.95903888120437,29034630
2023-08-08,63.679080963134766,63.87646175578892,61.846254194943185,61.846254194943185,42117945
2023-08-09,63.180931091308594,63.79187576357903,62.41020298549555,63.594494962562045,36473840
2023-08-10,62.26921844482422,63.444109358877505,61.921448152717026,63.12454247231824,41717995
2023-08-11,62.42899703979492,63.679082596296126,61.97784297957604,62.52298687142681,44584120
2023-08-14,61.949649810791016,62.39140275840346,60.71835929133915,62.39140275840346,44506845
2023-08-16,61.65827178955078,62.18462777869248,60.74655532166239,61.65827178955078,22837050
2023-08-17,62.006038665771484,62.63577842021887,61.39509400909912,61.64886726936625,33122890
2023-08-18,61.705265045166016,62.67337389810576,61.52667935234498,61.836852238519135,30723480
2023-08-21,61.686466217041016,62.2222161544169,61.56428015096042,61.752259817386665,27031115
2023-08-22,61.31050491333008,61.94024466367577,61.17891054590434,61.855648796828106,25423450
2023-08-23,62.522987365722656,63.058737298320935,61.319900301008246,61.545484503865616,52511900
2023-08-24,62.37260437011719,63.44410422332281,62.16582243862759,62.9553527978638,30369150
2023-08-25,61.207115173339844,62.47599583372495,61.09432307227457,62.12822556699708,30563530
2023-08-28,61.40449523925781,61.789855697444516,61.19771330858788,61.51728016801273,15019900
2023-08-29,61.39509582519531,61.9120506663555,61.188313888731244,61.73346496287022,15764360
2023-08-30,61.197715759277344,61.921445374639745,61.056727421723316,61.65827096905342,16755830
2023-08-31,60.22960662841797,61.52668355330316,60.01342355545476,61.19771554745888,32176605
2023-09-01,61.73346710205078,62.10003248540667,60.09801740844476,60.45518524230951,36120140
2023-09-04,63.26551818847656,63.65088581711067,61.526681219848285,61.94964621500507,46503455
2023-09-05,63.6226921081543,64.15844205316183,62.75796698576772,63.36891166680274,34979960
2023-09-06,62.82375717163086,63.77307094221528,62.513591451567954,63.77307094221528,22525825
2023-09-07,63.66028594970703,63.82006937669068,62.710972180100306,62.82375710692909,28583565
2023-09-08,63.744876861572266,64.57199742792537,63.06813859320856,63.7260817634353,36302970
2023-09-11,67.664306640625,68.23765390517005,63.970449804424234,64.08324189892893,132858755
2023-09-12,65.56830596923828,68.2282532172796,65.26753421955681,68.04967469685145,64026290
2023-09-13,68.5666275024414,68.6700184714687,64.86337639979322,65.54950864410377,73506725
2023-09-14,68.6136245727539,69.30915793726517,67.84289647398073,68.80160423744412,53319120
2023-09-15,68.5854263305664,69.25276344291736,68.04967641383597,69.03658038098975,37571540
2023-09-18,69.97650146484375,70.86942288114442,68.4350451264122,68.78281542593544,90346740
2023-09-20,69.74151611328125,70.71902613472601,68.98018915765093,69.57233154858957,45690940
2023-09-21,68.5102310180664,70.7190242640848,67.7865014482853,69.55353461090716,74010120
2023-09-22,71.98790740966797,72.56125470771588,69.27156038755584,69.27156038755584,164013815
2023-09-25,70.50285339355469,72.17589684647386,70.24907294968303,72.17589684647386,68578965
2023-09-26,69.56294250488281,71.20778976700647,69.22457335156875,70.72843227131739,48894255
2023-09-27,70.35246276855469,70.474656006554,68.72641784547389,69.55353842355811,53402070
2023-09-28,70.40885925292969,72.06310033502459,70.18327505640046,70.67203364458277,79975190
2023-09-29,70.72842407226562,71.3487698384174,70.02348961307361,70.86001126430433,47783295
2023-10-03,72.26988220214844,72.65524982600465,70.23027349759084,70.72842604865231,43315645
2023-10-04,70.15508270263672,72.05371035474025,69.62873389023483,72.05371035474025,53115860
2023-10-05,69.79791259765625,71.36756493917458,69.64752313762463,70.54044442189308,36566050
2023-10-06,70.54984283447266,71.61194874278122,69.74151736323226,70.20207973540349,34741410
2023-10-09,68.6794204711914,69.86371247707876,68.25646262599975,69.55353956609032,31218410
2023-10-10,70.02349853515625,70.12688950935517,69.11178203774679,69.20577187675534,24002555
2023-10-11,69.52533721923828,70.49344606450319,69.27155679766614,69.9389010641919,36355700
2023-10-12,69.42195129394531,70.26787414227637,69.16817085396366,69.81671289951157,18850570
2023-10-13,68.90499877929688,69.43135477547449,67.63611804939345,69.25276906507807,32407640
2023-10-16,69.80731201171875,70.4558540595605,68.61362605610415,68.80160572485828,31506305
2023-10-17,70.97280883789062,71.13259227327684,69.83551534978601,70.21147468693835,35506600
2023-10-18,69.90131378173828,71.11380208945387,69.6099359530541,70.80362916099902,18162470
2023-10-19,70.29607391357422,70.67204043964078,69.00839089235987,69.55354199660813,24142670
2023-10-20,69.42195129394531,70.47465607975336,68.70761564746968,69.92010386825008,38109775
2023-10-23,66.83718872070312,69.82611121690104,66.54581809563142,69.42194849294783,47485035
2023-10-25,66.49882507324219,67.83349941728486,65.63410709014116,67.6737159755963,31390525
2023-10-26,67.55152893066406,67.93688941218583,64.30882578427753,65.97247529379742,61186460
2023-10-27,71.58374786376953,72.89961978180902,67.8992849803666,67.99327480723169,136009790
2023-10-30,71.92211151123047,72.5518584251796,71.05739361003062,71.80932658470441,38097645
2023-10-31,72.25109100341797,73.43537582876563,72.01611283110799,72.1477000339244,49438935
2023-11-01,72.05370330810547,72.54245470454242,71.43335755047283,72.24168295958951,32192280
2023-11-02,72.96541595458984,73.6609564740766,72.27928374037525,72.73983892795424,31461020
2023-11-03,72.84323120117188,73.83953632676312,72.74924136929874,73.49177323173612,25160335
2023-11-06,72.35447692871094,73.51996657424604,72.0725002732111,73.12520499331767,21697560
2023-11-07,72.8526382446289,73.34138971258984,71.90332437249437,72.37328074094205,23755220
2023-11-08,72.37327575683594,73.46357789861231,72.26048365462867,73.12520876295514,22322510
2023-11-09,72.18529510498047,73.1627979602356,72.05370790635133,72.56125443194112,25663990
2023-11-10,72.8244400024414,72.97482230729746,71.62134570876846,71.99731222735595,16067395
2023-11-13,76.02953338623047,76.25511041347451,72.73983912415015,72.96541615139421,61933460
2023-11-15,76.58409118652344,77.26082231782866,76.34911300773325,76.69687612292518,34318120
2023-11-16,76.31151580810547,77.00704921099909,75.95434438613351,76.69687629327554,17498810
2023-11-17,74.77944946289062,76.0765335322663,74.26250179881929,75.00503366597786,38988760
2023-11-20,75.03323364257812,76.12352866137766,74.64786598796537,75.08022497567595,22057440
2023-11-21,74.66666412353516,75.72876284947249,74.08391569186365,75.22120915175174,19851960
2023-11-22,74.18730926513672,75.41859260024646,73.6515593161001,74.80764791461685,15692850
2023-11-23,73.92413330078125,74.67605913797706,73.80194006365053,74.40349077275764,12982570
2023-11-24,73.27558898925781,74.40348846653795,73.12520669486577,74.14030690216417,13076900
2023-11-28,74.45987701416016,75.09901786637901,73.31318249950594,73.31318249950594,23130565
2023-11-29,75.70996856689453,76.07653393514683,74.64786265855336,74.97683065942535,27494830
2023-11-30,75.766357421875,76.39609716081496,75.2306075114245,75.56897663075789,39491645
2023-12-01,77.12923431396484,78.77408154849054,76.13292914090374,76.2269189772551,49701145
2023-12-04,80.25914764404297,80.644515306381,78.68009396681006,78.85867968067062,55340260
2023-12-05,81.68781280517578,82.22356273507836,80.05235961202936,80.44712120859663,48484695
2023-12-06,82.23295593261719,82.95669269054696,80.58810879127701,81.68781204427742,39209200
2023-12-07,81.88519287109375,82.55252999388355,80.8042918864764,82.04497630099459,28704895
2023-12-08,82.43973541259766,82.90029059061098,80.8794841852413,82.07317006281664,40078965
2023-12-11,83.97179412841797,84.49815009757144,82.40214169741563,82.71231459819033,35171875
2023-12-12,83.56763458251953,84.50754720360216,83.12587450325643,84.2913641455289,25567405
2023-12-13,84.4511489868164,85.09969100095178,83.55823485019425,83.84020433867077,33012275
2023-12-14,84.25376892089844,85.47565822773744,84.02819189397711,85.2500740298517,21803925
2023-12-15,84.43235778808594,85.12789116360246,82.91909779920273,84.78012089036186,55247630
2023-12-18,83.0506820678711,84.77072393302178,82.8533012725043,84.44174876977937,31513035
2023-12-19,83.830810546875,84.57334239202142,82.58072501627542,83.45484405717292,34764590
2023-12-20,80.0711669921875,84.64853735378202,79.70460160469536,84.3007742364492,39043010
2023-12-21,81.19905853271484,81.38703820653606,77.72138437026794,79.51661391944478,38760745
2023-12-22,80.08995819091797,81.85699143869466,79.53541315462931,81.77240273999217,27348250
2023-12-26,79.9677734375,80.94528349624247,79.8173839649405,80.45652488138886,17491435
2023-12-27,81.30244445800781,81.81939928537514,80.17455214316111,80.24973970544363,26349440
2023-12-28,82.91909790039062,83.97179551414033,82.59952385981327,82.90029563102243,71150080
2023-12-29,82.24235534667969,83.08827815015268,81.95098472530289,83.08827815015268,20864775
2024-01-01,83.1634750366211,83.82141102805647,82.33634730914291,82.80630363758661,21701345
2024-01-02,83.45484924316406,84.68613258176167,82.74991472027877,83.06008763137984,33168170
2024-01-03,86.14299774169922,86.98892057989383,83.53004166335941,84.59214040016985,97005400
2024-01-04,87.46826934814453,87.75024601292894,85.90801807030701,86.90432318954018,43984105
2024-01-05,86.83853149414062,88.2108031395131,85.69183688296188,87.97582497069664,34552380
2024-01-08,84.6861343383789,87.03591613007069,84.43236106010077,86.75394661764665,29005830
2024-01-09,84.6673355102539,86.28398645908985,84.44175130509218,85.32527151456407,28163540
2024-01-10,84.35716247558594,85.06209698095294,83.28566260110524,84.79892257963694,26641065
2024-01-11,85.43805694580078,86.0396004373319,84.6391326683889,84.85530855108323,21747555
2024-01-12,86.89492797851562,87.59986251756567,85.13729578390176,85.72003708009889,45209325
2024-01-15,87.48707580566406,88.04162085640213,86.92312962005923,87.55286940780188,17352745
2024-01-16,87.40248107910156,88.6055682030809,86.69754654511695,87.34608861109156,26041455
2024-01-17,85.87042236328125,87.59985823922253,85.08089198920379,85.72943402816406,33668370
2024-01-18,86.14299774169922,86.56595557531423,82.9942917276636,85.68244254072394,34924420
2024-01-19,87.72205352783203,87.94763056671677,86.43437055439233,86.65994759327707,32255045
2024-01-23,85.70123291015625,91.15272897019845,84.63913423194958,90.6827726605729,67779560
2024-01-24,85.40046691894531,86.40617320253857,83.27626224829393,86.24638976752017,104038180
2024-01-25,87.46826934814453,88.24839857254553,85.231279811596,85.55084667211815,61778805
2024-01-29,89.20711517333984,90.23161654412155,87.99462696551245,88.33299610123008,44012445
2024-01-30,89.73345947265625,91.13392727629459,88.73715438468103,89.31049448874968,30096690
2024-01-31,90.60758209228516,91.17152825554925,88.69956053490993,89.95904006050095,33216415
2024-02-01,94.27323913574219,94.9311751047159,90.1094259210433,90.79555812140671,77435540
2024-02-02,96.6888198852539,98.18327760303237,95.21315726583393,95.30714709955555,70094345
2024-02-05,97.79791259765625,99.15138191659656,96.14366435121327,97.50653480437913,41140860
2024-02-06,98.02349090576172,98.286665299808,96.68881666683298,98.11748073635476,25722875
2024-02-07,103.7945556640625,105.36420809027328,99.63074228004832,99.83752421326689,93641330
2024-02-08,107.0090560913086,109.01107466868656,104.71567405177862,106.21013175565807,116284190
2024-02-09,107.33802795410156,108.2779406583265,103.06142945245702,107.7139944699845,76345650
2024-02-12,102.59146881103516,108.08995646666843,101.77374221100095,107.90197680206873,51213620
2024-02-13,103.80396270751953,104.28331302985156,100.49546592961786,103.01443229673836,44616500
2024-02-14,106.48271179199219,106.95266814706093,102.07451888673859,102.45048540498657,41070590
2024-02-15,110.35515594482422,111.7932212596896,106.69888886516067,106.97146441459394,80202835
2024-02-16,110.12956237792969,110.87209422451846,108.33433296328745,110.55252736877776,45188595
2024-02-19,107.68579864501953,110.52433186733022,107.17824492229546,110.40214579686446,30254305
2024-02-20,106.9620590209961,107.6857885831489,106.62368990412968,107.4320153309812,23257800
2024-02-21,106.65189361572266,109.54682640930706,106.0315478009697,107.05605635749558,56105005
2024-02-22,109.44342803955078,109.91338435071894,105.91875570578954,107.71398508555053,40230970
2024-02-23,109.11445617675781,112.56394105473,108.68209721795527,109.96978013095035,82259680
2024-02-26,107.760986328125,109.78179995178105,107.15004167386185,109.78179995178105,40534550
2024-02-27,107.50720977783203,109.83819637991137,106.64249183309481,108.89828369972794,53513285
2024-02-28,103.47498321533203,108.04295940128044,102.94863441068436,107.99596806998812,62807585
2024-02-29,106.10673522949219,106.7646711959211,102.30948737947517,103.58776911793493,48528555
2024-03-01,108.77609252929688,108.91707368793811,106.77407402501949,107.15004051364619,36848925
2024-03-04,111.26686096191406,111.74621843867389,109.78180437097318,110.68411968719101,34505780
2024-03-05,113.25006866455078,113.54144645066158,110.55252405627634,111.06007772750752,55574805
2024-03-06,112.78952026367188,113.97381223431051,109.98857735523295,113.54145326714885,44320730
2024-03-07,112.4041519165039,113.82342204538273,111.66162722324613,112.80831464839795,29660555
2024-03-11,110.20475769042969,113.24067869077204,109.81939006369235,112.40414983894763,31771280
2024-03-12,106.56729125976562,110.74050562587504,106.21012704240908,110.2047557143581,43186065
2024-03-13,100.84323120117188,107.4602172569362,99.52735202928748,106.97145865291063,61035900
2024-03-14,102.82644653320312,104.26451175697756,99.46155748626254,100.38267504913802,46018095
2024-03-15,103.23060607910156,104.14232247936788,99.5837404780363,102.82644336055972,47635625
2024-03-18,103.96373748779297,104.5182825022831,102.46927266411306,103.39039020479831,25027215
2024-03-19,103.0896224975586,104.48069641200865,102.66666466212585,103.89794797186687,21355995
2024-03-20,103.58777618408203,104.20812199842922,100.67404829391009,103.37160028220809,30262105
2024-03-21,106.00334930419922,106.86806723572518,104.89425207168912,105.27021857221135,27814235
2024-03-22,107.7421875,108.55991410990761,105.91876178428002,106.00335048308186,29115490
2024-03-26,107.49781036376953,108.02415914327662,106.64248642610623,107.51660546119581,24848115
2024-03-27,106.06914520263672,108.0335664456808,105.71198096343085,107.49781650138964,22051135
2024-03-28,109.22725677490234,110.49613751786978,106.79288626226514,106.80228022640858,51789135
2024-04-01,110.73110961914062,110.97548892178706,109.65021578286311,110.05437134779027,19686100
2024-04-02,111.793212890625,111.88720272143624,110.46793261200379,110.70291077451412,18757320
2024-04-03,114.09600067138672,115.00771712649058,110.90969723138265,111.47364341023064,43724155
2024-04-04,114.18058776855469,115.56225329072676,113.22187288431296,115.55285932765919,38719345
2024-04-05,115.60926055908203,116.32359620943105,113.97381449075051,114.55655576756587,40105775
2024-04-08,115.12989807128906,116.35178738022432,114.12419182629075,116.35178738022432,19005745
2024-04-09,114.32157135009766,115.76903767024285,113.4850496776253,115.4212745842945,18031285
2024-04-10,115.21449279785156,115.8912310440418,114.21818052608734,114.6035481494318,23270245
2024-04-12,113.88921356201172,115.92882228221328,113.7106350355789,114.39676725122138,23474690
2024-04-15,111.49244689941406,113.90802224819271,110.44914323019792,112.41355732838385,30203555
2024-04-16,109.79119873046875,111.94359964532624,109.06746911632942,110.53373061409803,31644765
2024-04-18,109.67841339111328,111.82141316328762,109.27425065015305,110.70291477461438,25803295
2024-04-19,108.79489135742188,109.85699009107019,105.77777255264756,108.08995685618588,47342605
2024-04-22,112.75192260742188,113.12788910819677,109.86639100824371,109.97918310976556,52446075
2024-04-23,113.09029388427734,113.87982426796404,112.63913264060427,113.73883593113091,26919135
2024-04-24,112.21617126464844,113.81401990916284,112.03758556555685,113.55084551321595,24646005
2024-04-25,115.95703125,116.72775936964703,111.86840530809107,112.01879478068793,57499790
2024-04-26,116.09800720214844,117.37628897794691,115.44007121650117,116.03221360358371,29797195
2024-04-29,116.70895385742188,117.44208458855023,115.45886829231095,117.00972562329414,39740260
2024-04-30,116.91574096679688,118.37260852999538,116.3705898760935,117.39509845489569,40666775
2024-05-02,118.16582489013672,118.6169789669556,117.12252122741651,117.27290352936788,21606080
2024-05-03,117.61126708984375,118.97414473233702,116.36118871764812,118.97414473233702,19884865
2024-05-06,111.24806213378906,118.23161342934368,110.59012614536444,117.89324430073546,65295460
2024-05-07,108.41893005371094,112.17858090721433,107.52601584438985,111.91540649482347,43276005
2024-05-08,104.83786010742188,112.50754376828857,104.15172070286769,108.97347729099965,114364700
2024-05-09,102.54447174072266,106.77407879193366,101.88653573447569,105.83416611388677,65605805
2024-05-10,103.0426254272461,104.74387226916767,101.64215752967881,103.3903957034322,38864845
2024-05-13,103.2682113647461,104.33031013866443,100.00671313467852,103.76636395048624,52494105
2024-05-14,106.50150299072266,106.96206536491825,104.05773146805281,104.40550173961516,46097330
2024-05-15,111.84960174560547,112.4135478832392,109.02986388647255,109.2648420414003,58148316
2024-05-16,106.8680648803711,113.11848540453084,105.08223659143779,113.11848540453084,83518740
2024-05-17,106.9620590209961,108.27793095218303,106.3981057122426,108.04295279719047,39194579
2024-05-21,109.21784973144531,109.7818030720027,106.77407821590019,108.46592389564314,35545169
2024-05-22,109.02987670898438,109.87579960040226,107.99597413990253,109.87579960040226,32841192
2024-05-23,110.62772369384766,111.52064507573097,109.49983130416497,109.87579782438084,35478278
2024-05-24,110.15776062011719,111.61462810801817,109.87579112537036,111.09767327786892,29084908
2024-05-27,109.96977996826172,111.09767227903761,108.74789065578415,110.9096926175631,34617257
2024-05-28,108.98287200927734,111.61463037276847,108.32493600388688,110.62771919371814,30239355
2024-05-29,109.54682922363281,111.33265763593829,108.55991800970409,109.40584088293373,39784811
2024-05-30,108.13695526123047,110.48673692991463,107.85497859260255,109.68780542579036,34512065
2024-05-31,110.9096908569336,112.17857147915481,107.5260068073556,109.49982190536241,285607552
2024-06-03,120.5438003540039,121.15473785489384,115.09230398032977,117.30110449941654,93777898
2024-06-04,103.24940490722656,120.1208415614528,90.4195955844549,120.1208415614528,200212291
2024-06-05,108.27793884277344,109.31184853685663,98.40885561389173,108.27793884277344,105580249
2024-06-06,110.9096908569336,113.3534622721308,109.49982190536241,110.53372436898842,52416611
2024-06-07,111.75562286376953,112.41355889362329,110.90969998898261,112.27257055266466,40419251
2024-06-10,113.75762939453125,115.32728183366622,112.78952049100445,112.78952049100445,43824793
2024-06-11,113.94561767578125,115.6938486682672,113.49445643287332,114.19939094487874,37514599
2024-06-12,115.41188049316406,116.07921764502048,114.19939225805658,114.66934860479755,39113054
2024-06-13,114.59414672851562,117.48907936510321,114.1053953135811,117.02852418186201,62531469
2024-06-14,116.63116455078125,116.80493862276535,115.17340094382361,115.84918490959915,32576803
2024-06-18,117.66415405273438,118.26271083260747,117.12352687445733,117.6351929346828,33945927
2024-06-19,116.96906280517578,118.6006004688581,116.43808443310911,117.67380788210853,45620625
2024-06-20,117.00767517089844,117.97308505635303,116.74701774264258,117.29730108273198,19050406
2024-06-21,114.99962615966797,117.5772687402254,114.40106938976439,117.10421996711204,32273022
2024-06-24,114.17902374267578,117.36487930615141,112.19028173854451,113.91836631480622,44230331
2024-06-25,113.96663665771484,115.59817430883645,112.80814040907724,115.11546937994395,36965833
2024-06-26,114.58450317382812,115.24098219922105,113.15569328368129,113.8700945460082,21602758
2024-06-27,114.0245590209961,115.2699386228043,112.79848437554861,114.09213741649766,28134054
2024-06-28,115.33751678466797,117.67380687069524,114.15971558074718,114.15971558074718,43712892
2024-07-01,114.26591491699219,116.03261677950424,113.82182725243324,115.22166864364095,20506793
2024-07-02,112.22889709472656,114.86446927376792,111.50483969411542,114.69069520300154,23399374
2024-07-03,113.00122833251953,113.90870860261018,112.47024995733926,113.04949440676778,16011335
2024-07-04,113.21361541748047,113.91836788333838,112.32544007966767,113.62874196794625,20110432
2024-07-05,113.6866683959961,113.89905974595426,112.4895548535942,112.95295483218409,20103764
2024-07-08,110.91593933105469,113.99559917209052,110.69389918571873,113.43565967999442,34032815
2024-07-09,111.987548828125,113.19431120773842,110.9255994071638,111.02213892443427,32861024
2024-07-10,110.79043579101562,112.22889439664327,108.99477289142992,112.22889439664327,22991042
2024-07-11,110.2015380859375,111.45656649709905,109.8636461046822,111.3117609090559,13553009
2024-07-12,108.82099914550781,110.82905339522941,108.4155287774369,110.76147500055093,22397084
2024-07-15,113.19430541992188,113.48393132241725,108.5120690995311,109.3326660026111,49372062
2024-07-16,112.02616119384766,114.02455931220344,111.60137849790003,113.53219822058166,34514206
2024-07-18,111.76549530029297,113.52254093592133,110.76147553607045,112.0261600849507,24517941
2024-07-19,108.98512268066406,112.75987891328666,108.44449549531386,111.79446901630816,33377806
2024-07-22,110.79043579101562,111.49518085265848,107.18945383106357,108.89823338010122,21519135
2024-07-23,108.95616149902344,111.4083035197854,105.22967870960886,111.4083035197854,26483458
2024-07-24,108.56999206542969,109.960184621987,107.6818167611815,109.08165811319239,24622269
2024-07-25,108.01970672607422,109.91190913418056,105.4710253302173,107.93282337565509,76948576
2024-07-26,109.92156982421875,110.44289204469206,107.1604969706895,108.59895563345353,54279930
2024-07-29,111.90066528320312,113.74459436608122,111.03179489825058,111.21521777110671,51072326
2024-07-30,111.76549530029297,112.42197429412623,111.13798478902706,111.90065945579605,17664352
2024-07-31,110.7421646118164,112.17097445130464,110.30773311922827,111.9875442201932,16689282
2024-08-01,108.79203796386719,111.60137678725062,108.1741762513192,111.50483727569485,25958910
2024-08-02,106.66813659667969,108.12590759172761,106.24336125396167,108.12590759172761,27944377
2024-08-05,101.61904907226562,104.68905287716058,100.44124780493901,104.68905287716058,57645213
2024-08-06,101.3969955444336,104.43803805035299,101.17495540322098,103.05750166781777,18760783
2024-08-07,104.47665405273438,104.80488986286481,101.80246467152844,102.9126874605149,24292529
2024-08-08,103.44367218017578,104.80489630809403,102.81615427254988,104.26426912145904,17399682
2024-08-09,106.82260131835938,108.64722534464227,103.92637176991127,104.26426374413168,29858732
2024-08-12,105.76065826416016,106.9288033678385,104.65043539794736,106.09855025853106,22238178
2024-08-13,102.99958038330078,106.33024145613906,102.57479768768353,105.22967480430592,19954825
2024-08-14,101.99555206298828,103.35677612059652,101.85073911247865,103.05750142423787,13061546
2024-08-16,103.89741516113281,104.66008985917658,102.83545838822822,104.26426826827706,30254042
2024-08-19,106.09854888916016,107.40185077376569,104.3415031756158,104.55389453090572,27792179
2024-08-20,107.50804138183594,108.08728581818028,105.80891798513225,106.48470929877784,24247603
2024-08-21,107.7686996459961,108.02936443196685,106.84190706747351,107.50804222551803,15379494
2024-08-22,108.44449615478516,108.76308319044377,107.94247888062739,108.12590911912655,13967447
2024-08-23,108.22244262695312,109.08165680353927,107.94247288681377,108.70514755157423,13224117
2024-08-26,107.55632019042969,109.27474862909368,107.32461651192962,109.24578751065442,15658016
2024-08-27,107.01568603515625,108.14521385142221,106.6777940429604,107.5563205881626,12098332
2024-08-28,106.4171371459961,107.35357856750977,106.02131554922292,107.2570390500385,11686742
2024-08-29,106.46540069580078,106.91914451919179,105.08486426878879,106.41713462095692,13192113
2024-08-30,107.67216491699219,108.5120741811677,106.71641117878762,106.72606734012105,21379047
2024-09-02,108.86927032470703,109.42920983001515,106.20474432484833,107.99075115268279,28495435
2024-09-03,107.56596374511719,109.53540072344933,107.35357239958736,109.18785258812645,16764307
2024-09-04,104.84351348876953,105.85719682824445,104.16772950611491,104.31254246396746,28544684
2024-09-05,104.45734405517578,105.56756686886192,104.02291256375163,105.56756686886192,28593475
2024-09-06,99.80406951904297,104.26426576153027,99.38894298111346,104.26426576153027,60221990
2024-09-09,100.42192840576172,100.73085926021821,97.20711923346198,100.01645804031745,45565580
2024-09-10,100.02611541748047,101.271495011198,99.86199751025612,101.17495549903619,22295664
2024-09-11,98.23045349121094,100.49916519456788,97.60293560760343,100.02611642436831,20777048
2024-09-12,100.3929672241211,100.69224928313014,98.39456914944596,99.14758764635361,23673743
2024-09-13,102.70995330810547,103.54020636798795,100.49916386869677,100.83705584295298,30088081
2024-09-16,102.99958038330078,104.43803901324186,102.76787671360444,103.20231557016554,18598510
2024-09-17,101.88935852050781,103.08646469646284,101.69627212729391,103.02854246124507,10915215
2024-09-18,101.8024673461914,102.90303400335618,101.37769201400906,101.46457536644655,17234512
2024-09-19,101.08806610107422,103.15404262335956,99.1669025316672,102.33344571103939,19006150
2024-09-20,101.32942199707031,102.62307509027877,101.07841336128484,101.47423495485012,20245750
2024-09-23,105.51930236816406,106.00200730605046,101.41631039612967,102.14036780295926,44004939
2024-09-24,105.5096435546875,106.67778859114775,104.89178183896462,105.51929971554048,28379404
2024-09-25,104.65042877197266,105.56756517940966,103.58847941454755,105.15243865103982,16444233
2024-09-26,106.35920715332031,106.87087322298657,103.4919385654243,104.98832685997053,33028089
2024-09-27,109.18785858154297,109.3809449814836,106.25301159188264,106.89018566344718,118637751
2024-09-30,107.47908020019531,109.57401780370205,106.97706295430424,109.09131287945667,20409076
2024-10-01,106.66813659667969,108.56999525690591,106.17578285633655,107.20877114317352,17636415
2024-10-03,104.22564697265625,106.66813272523508,103.49193342114684,104.26426425068229,26156379
2024-10-04,103.89741516113281,106.53298003990487,102.82580959246941,104.26426826827706,22926805
2024-10-07,99.91026306152344,105.2779468224854,98.80004026373228,104.49595983742779,39225162
2024-10-08,101.31976318359375,101.6576625313994,99.14759097023473,100.11300084283874,16673844
2024-10-09,100.7887954711914,102.62307576226297,99.94888620296314,102.28517640339983,28593344
2024-10-10,100.52812957763672,102.90303703223783,100.30608942676568,101.48389067553786,12428432
2024-10-11,100.4605484008789,101.12668356605211,100.06473418547374,100.9818706129067,11563438
2024-10-14,100.87567901611328,101.79282284611376,100.33505182570832,100.88533517751138,11440300
2024-10-15,100.81775665283203,101.6576659215851,100.40263009914852,101.36804000394802,8407143
2024-10-16,100.75983428955078,101.29080531723096,100.03577686185623,100.81775652680858,11037275
2024-10-17,98.95451354980469,101.31011603419192,98.67454379834122,100.99152900333766,14889333
2024-10-18,101.04944610595703,101.35837695989544,97.28434625980671,98.56834311371952,19968661
2024-10-21,99.30206298828125,101.94728405420855,99.14759386871232,101.27150006982703,13874672
2024-10-22,93.44202423095703,99.30206197453221,92.97862424247398,99.30206197453221,30808126
2024-10-23,94.3108901977539,95.04459637744299,91.17330819875106,93.64475504716182,31433274
2024-10-24,94.79359436035156,96.20309184012373,94.1467641710478,94.61016413415426,16182512
2024-10-25,90.980224609375,95.74935175154346,89.76381346933842,95.04459930157604,30977098
2024-10-28,97.20712280273438,97.98910244558876,91.47258578048803,92.10010367318888,55924681
2024-10-29,100.17092895507812,100.5377820496384,96.34790680023976,97.98910061307949,55169329
2024-10-30,99.7847671508789,101.31976534563779,99.35998444091109,99.91992394668813,29812887
2024-10-31,99.09932708740234,100.54744192833226,98.6166221404257,99.4372190771874,15415779
2024-11-01,100.36400604248047,100.87567207899743,99.68822210094723,100.20954429819825,4211783
2024-11-04,98.38492584228516,100.88533393254511,96.0582844620884,100.88533393254511,32237064
2024-11-05,100.08403778076172,100.32539024422385,97.79602114105593,98.09529583879134,22694396
2024-11-06,101.60939025878906,102.33344767155954,99.88130568311773,101.34873283100856,30178638
2024-11-07,101.43561553955078,102.80649579795339,101.2039192312768,101.85074208151696,17438397
2024-11-08,100.10335540771484,101.46457954372623,99.61099429382035,101.40665730638325,19031613
2024-11-11,100.29643249511719,101.50319485295188,98.18218248723308,99.43721828557833,16982584
2024-11-12,97.98910522460938,101.174960852986,97.6222521127844,100.54744294248843,14401385
2024-11-13,94.92875671386719,98.47180925970899,94.16608201319264,97.50639936500596,29270560
2024-11-14,94.11780548095703,96.98507395252835,93.85714805876543,95.57557643641609,17064169
2024-11-18,94.78394317626953,95.38249995889835,92.40903573369908,94.12746415727091,17115166
2024-11-19,94.4267349243164,97.76705211624922,93.74129481574423,95.79762250695339,21458767
2024-11-21,91.19261932373047,94.56189785131923,89.31972173913427,94.56189785131923,40836258
2024-11-22,93.65441131591797,94.39777365726034,91.66566202264559,91.80081881198058,26716825
2024-11-25,97.48709106445312,97.92152255597279,95.94242939351055,96.54098615927543,40537064
2024-11-26,98.26907348632812,99.02209202127814,97.12023336144684,97.96979877769233,16210652
2024-11-27,98.04702758789062,99.14759429027315,97.31332136329763,98.47181030301827,17400124
2024-11-28,99.3406753540039,99.84268523678355,98.33664822295196,99.00278337852794,21562794
2024-11-29,98.48146057128906,100.16127164301226,97.26504210152756,99.76545007023955,21218297
2024-12-02,98.19184112548828,98.65524112340373,97.65121393249784,98.1725361680928,17322174
2024-12-03,101.48388671875,101.75420029996303,98.47180531632048,98.47180531632048,27016365
2024-12-04,104.87247467041016,105.66411049292225,101.91832273660769,102.23690977097662,53999025
2024-12-05,104.42838287353516,105.53860568653793,103.34712854336985,105.53860568653793,24991310
2024-12-06,105.53860473632812,106.96741455824444,103.99395044607579,106.19508373037195,59964689
2024-12-09,105.22001647949219,106.43643494115763,104.90143682982361,105.80891707158064,17122712
2024-12-10,105.88615417480469,106.38816406325208,104.99797886767092,105.72203626564811,19506335
2024-12-11,104.98832702636719,106.17578444872373,104.75663071181947,105.32621901956034,10634931
2024-12-12,103.78156280517578,104.98832516337549,103.63674984909323,104.37046342521667,10577584
2024-12-13,102.89338684082031,103.77190600209939,100.40262758118418,103.29885722294911,21008467
2024-12-16,103.62709045410156,104.66008607135805,102.74857131480357,102.81614971013418,13504751
2024-12-17,101.52250671386719,103.58848327184953,101.36803759732992,102.99958265466371,13726161
2024-12-18,99.62064361572266,101.36803306687014,99.24413436785655,100.81774975341254,18763147
2024-12-19,99.3406753540039,100.42192967552704,96.54098530700232,97.50639516007233,17354119
2024-12-20,96.16447448730469,99.7171829833588,95.93277818867949,99.00278176606044,19435112
2024-12-23,97.58363342285156,98.46215259246057,95.67211860034529,97.60293837982951,20493999
2024-12-24,97.07196807861328,97.94083109342102,96.35755945175879,97.4967434247102,15379038
2024-12-26,97.53536224365234,99.08001662995598,97.02369616870425,97.31332208853941,14937263
2024-12-27,96.88853454589844,98.34630550296094,96.73406543221296,97.53535738709769,7369762
2024-12-30,96.00035858154297,97.88290485736864,95.28594998387705,96.88853388267648,42398975
2024-12-31,96.6568374633789,97.00438560088288,95.58523193365707,95.6238492117678,12525017
2025-01-01,96.9078369140625,97.38089303796991,95.81692644839362,97.0719621843429,9259122
2025-01-02,97.60293579101562,97.82498330058363,95.96174196818211,96.90783951035911,15233832
2025-01-03,97.94082641601562,99.57237142080115,97.66086404092128,97.99875601559775,19285506
2025-01-06,93.96334838867188,98.24976338421583,93.55787799384218,97.94083250737037,28855272
2025-01-07,94.48466491699219,95.57557539875415,93.85714703976042,94.23365629300095,13157181
2025-01-08,93.77991485595703,95.03495064216605,92.69865314221552,94.51362842476351,17677192
2025-01-09,92.42833709716797,94.01160866399279,92.2352580731133,93.78956852287918,19527220
2025-01-10,89.61900329589844,92.77589044608816,89.44522921828752,92.486271893732,26563443
2025-01-13,85.45807647705078,89.16525412225167,84.75333141291007,88.96251893809506,34247797
2025-01-14,89.9955062866211,90.82575933663074,86.12421077348237,86.37521939372758,26041305
2025-01-15,91.41466522216797,92.36076279363623,90.4299430055866,90.8933429955354,34474633
2025-01-16,93.96334838867188,94.86117990036226,92.72762488129008,92.72762488129008,34645885
2025-01-17,94.49431610107422,94.96737224391846,93.16205312250595,93.60614078202872,15548712
2025-01-20,97.54501342773438,98.4718060122256,94.23365730348786,94.71636223492034,29523421
2025-01-21,96.0293197631836,98.1725308266332,95.69142778594889,97.54501294577295,12354313
2025-01-22,94.43639373779297,96.1451659768102,92.40903447210532,95.96174310897896,17908580
2025-01-23,94.7549819946289,95.43076597013393,93.52890731200745,94.32054312566744,11470131
2025-01-24,93.40340423583984,95.26664556586184,93.07516841788943,94.75497951700223,12610574
2025-01-27,88.75012969970703,94.22400189834191,87.73644638937044,92.67934757846604,44804245
2025-01-28,88.64393615722656,91.7139399142387,87.19582131647542,90.45890410605719,42091874
2025-01-29,88.75012969970703,89.63830501294906,88.17088525044018,89.59003893871429,23565700
2025-01-30,87.76541900634766,89.20387771897006,87.3695974053178,89.20387771897006,26854992
2025-01-31,90.04377746582031,90.74852992842176,87.61094777664123,88.23846568009593,33477188
2025-02-01,89.41626739501953,91.0285001567932,87.91022294576123,90.26582545359352,16282476
2025-02-03,87.47579193115234,88.83701606480966,86.37522523058072,88.73082775169551,18359971
2025-02-04,89.62864685058594,89.92792891232716,88.19018823783583,88.33500118829221,18833599
2025-02-05,92.51522827148438,93.54821652282136,90.31409497820502,90.45890056421602,28988222
2025-02-06,91.57878112792969,93.11377929032697,90.99953667731737,92.85312186547391,17662066
2025-02-07,90.80644989013672,92.72762083194469,89.85069618249146,91.70428136261947,18697525
2025-02-10,89.94723510742188,91.18295855275092,88.68255054470119,90.80644929567387,11919454
2025-02-11,86.97377014160156,90.25616511566501,86.88688679024779,90.16928176431124,23695177
2025-02-12,87.40821075439453,88.26742495182151,84.38648050454964,86.8868885392996,21437438
2025-02-13,85.65116882324219,88.29638992757062,85.14915154284832,87.85230225060256,27030641
2025-02-14,82.65839385986328,86.16282895748097,81.78952352332797,86.06628944575318,29190700
2025-02-17,82.14672088623047,82.64873813464907,80.63102771108855,82.64873813464907,23885790
2025-02-18,81.7219467163086,82.91905288907493,80.63102885266106,82.53288746916854,21927534
2025-02-19,82.6004638671875,82.97697311697821,80.85307440710793,81.09442686802467,27545822
2025-02-20,85.01399230957031,85.34223550127345,82.0598404117066,82.4460058396838,26398555
2025-02-21,84.30924987792969,86.16283515213972,83.73965419644735,84.56990731488388,18438389
2025-02-24,83.9423828125,84.27062598882361,82.59081492614563,83.99065625079518,11551998
2025-02-25,82.07914733886719,84.7147196349951,81.96330286353833,83.89412268427895,13249250
2025-02-27,80.57310485839844,82.61977638337125,80.13867337392192,82.08879802190651,25101806
2025-02-28,78.1016616821289,79.93594194876468,77.47414377966234,79.93594194876468,36424489
2025-03-03,78.60366821289062,79.16360769356334,75.88121273073169,78.4395503061222,30406353
2025-03-04,79.1056900024414,80.11936598377723,76.94316651127221,77.66722394029482,25682844
2025-03-05,82.07914733886719,82.20465534113092,79.2987694485782,79.50150464589679,17408359
2025-03-06,82.3977279663086,83.76860816465903,82.16603166818419,83.02524583232584,19427907
2025-03-07,82.07914733886719,82.9769788501313,81.52886398457584,82.5425473366619,12988687
2025-03-10,79.63665771484375,82.47496507537659,79.36634413107734,82.05983853873738,14634696
2025-03-11,80.39933013916016,80.75653443083745,78.58436229509432,78.58436229509432,21742642
2025-03-12,79.60769653320312,81.19096812155263,78.72917738667037,80.41864464934147,14726763
2025-03-13,80.03247833251953,80.59241781529765,79.31807710322934,79.85870426426055,25685980
2025-03-17,79.63665771484375,80.57310646252935,79.32772685261175,80.41864471415973,13115634
2025-03-18,79.63665771484375,79.63665771484375,79.63665771484375,79.63665771484375,0
2025-03-19,82.61012268066406,82.88043626709207,81.11373442873257,81.11373442873257,22116696
2025-03-20,82.87078094482422,83.68172907780945,82.39773216378703,83.01559390058868,17359824
2025-03-21,84.51197814941406,85.19741825091644,82.54254119493888,83.02524611420752,26691971
2025-03-24,88.1612319946289,88.4315455888284,85.14915044749233,85.43877636441637,36771697
2025-03-25,85.40015411376953,89.05905831484561,85.00433990687081,89.010784876337,23478508
2025-03-26,84.22235870361328,86.23041308931855,83.99066238695286,85.24569821939193,21455219
2025-03-27,86.54899597167969,86.88688795172673,83.79757932630689,84.08719786685033,58399584
2025-03-28,85.92147827148438,88.02607207882134,85.59324245172647,86.54899615892523,30188247
2025-04-01,86.88688659667969,87.54336559002986,85.05260640654014,85.46773293712177,14596862
2025-04-02,87.94883728027344,88.1708847901712,85.43877310289156,87.36959283403034,18479410
2025-04-03,91.1153793334961,91.89736632346688,86.64553436279235,86.88688682619846,38514763
2025-04-04,87.26339721679688,91.52085826218605,86.59726205215954,91.14434900360654,33552098
2025-04-07,84.08719635009766,84.87883213142537,80.80480139136345,80.80480139136345,29326338
2025-04-08,86.33660888671875,86.73242312132476,84.56990697672666,85.92148232916038,21516232
2025-04-09,85.36154174804688,87.07997019474399,84.13547441359778,86.55865532941435,21829542
2025-04-11,87.40821075439453,88.2384638341206,85.78632187370789,86.83861509946954,22091340
2025-04-15,89.48384094238281,89.72519340377407,88.12260952469963,89.61899773152251,31990152
2025-04-16,91.42430877685547,91.65601244129344,89.30041007795518,89.75415388061386,27215945
2025-04-17,92.69865417480469,93.25859367738094,91.3277739020087,91.6946343732449,31763625
2025-04-21,95.57557678222656,96.04862555446729,93.16205211600872,93.45167802215197,27799862
2025-04-22,97.17816162109375,99.08001288916367,95.86520360093346,96.64718324327421,49276193
2025-04-23,96.010009765625,97.79602393873192,94.16608072208068,97.6512109834134,41477808
2025-04-24,95.95208740234375,96.83061392874863,95.57557813831104,96.05828307840352,27747894
2025-04-25,93.1910171508789,96.26102094997762,92.69865603593573,95.96174623574406,41413435
2025-04-28,95.04460144042969,95.5755798301276,92.5538495032374,92.93035877393483,28301422
2025-04-29,95.8941650390625,97.88290703264309,95.38249898172326,95.81693048103206,47026479
2025-04-30,94.07919311523438,95.57558142721119,93.59648815853129,95.57558142721119,23757351
2025-05-02,93.31652069091797,95.54661511266052,93.11377813849346,94.12746143864518,12615367
2025-05-05,93.79922485351562,94.35915697048479,93.30686376614455,93.64475574159816,13789187
2025-05-06,89.18456268310547,94.55224666177311,88.71151390095339,94.12746395466101,27373024
2025-05-07,90.42993927001953,91.06711330919153,87.804023288267,87.85229672717131,25189656
2025-05-08,92.0711441040039,94.77428738384617,89.71554160922588,91.1250391684887,78481304
2025-05-09,94.26261901855469,95.03494985994061,90.62302705329425,90.75818384571286,41029403
2025-05-12,97.3712387084961,97.9408269883517,96.39617269116657,97.02369057094285,49391352
2025-05-13,101.15564727783203,101.91832197616424,97.33262499040859,97.69947809769157,59518073
2025-05-14,102.01486206054688,102.88373244105001,100.92395152838309,101.94728366236846,46744208
2025-05-15,101.52250671386719,102.57479994967908,100.80809809812162,102.4299869942986,22577353
2025-05-16,104.0325698852539,104.83385448136413,101.85074151185626,101.85074151185626,33164805
2025-05-19,104.22564697265625,105.71237903194177,104.03256794801872,104.94004820240632,26144154
2025-05-20,103.33747100830078,105.27794686501585,102.88372720128602,105.11382159309015,24579486
2025-05-21,104.10979461669922,104.26426372802906,102.34310019019313,103.29885387869545,20965817
2025-05-22,103.1443862915039,104.72766524405993,102.1596714714495,103.7815603369159,18266891
2025-05-23,103.50159454345703,104.25461308732967,102.72927104239231,103.44367230638777,16155459
2025-05-26,103.76225280761719,104.44769290991763,102.9223435955345,103.68501825272607,17383646
2025-05-27,104.67938995361328,104.83385169900156,102.91268816674945,103.66570666856221,19199151
2025-05-28,107.10257720947266,107.62389944199198,104.72766972721331,104.76627964177648,29822557
2025-05-29,106.89984130859375,108.1355648002743,106.11785428222323,108.02936912219303,29174369
2025-05-30,110.79043579101562,111.33106294685042,105.51929892514852,107.27634454710422,70759040
2025-06-02,112.7984848022461,113.33911933379639,110.3463502330605,110.7904378859639,47869167
2025-06-03,111.90066528320312,113.90871228171308,110.95456033836746,113.90871228171308,29821086
2025-06-04,113.26188659667969,113.66735697773694,110.85801806270558,112.22889832179983,20540175
2025-06-05,112.35440063476562,113.58047532288604,112.03582096802323,112.95295741967813,13566294
2025-06-06,111.70757293701172,114.0149018908704,110.10499641495791,112.83710069457582,49884802
2025-06-09,113.61908721923828,115.17339766172157,112.51852058319942,112.85641255645827,34703106
2025-06-10,113.6866683959961,114.35279619800977,113.09776778583674,114.30453012378742,32755500
2025-06-11,113.03984069824219,114.88377712706276,111.79446841942296,114.88377712706276,41718080
2025-06-12,111.63999938964844,113.71563213181145,111.11867716379172,113.62874141142218,33242141
2025-06-13,111.45999908447266,111.7699966430664,107.5199966430664,108.48999786376953,32522564
2025-06-16,111.23999786376953,111.75,109.5,110.44999694824219,24551800
2025-06-17,109.2300033569336,112.0999984741211,109.0,111.30000305175781,14822292
2025-06-18,108.22000122070312,109.8499984741211,107.94000244140625,109.2300033569336,11798762
2025-06-19,104.88999938964844,108.5,104.5999984741211,108.19999694824219,25631663
2025-06-20,107.22000122070312,108.19000244140625,104.8499984741211,104.88999938964844,23310134
2025-06-23,107.81999969482422,108.33000183105469,105.9800033569336,106.0,13114898
2025-06-24,110.61000061035156,111.44000244140625,109.30999755859375,109.5999984741211,25341633
2025-06-25,110.70999908447266,111.5,110.3499984741211,110.8499984741211,19878446
2025-06-26,111.06999969482422,111.44999694824219,108.69999694824219,110.94999694824219,21835265
2025-06-27,110.9800033569336,113.0,110.66999816894531,111.48999786376953,34489264
2025-06-30,114.19999694824219,114.61000061035156,111.47000122070312,111.55999755859375,34766391
2025-07-01,115.41999816894531,116.0,112.62000274658203,114.44999694824219,30511659
2025-07-02,114.2300033569336,115.86000061035156,113.41999816894531,114.69999694824219,20734163
2025-07-03,114.16000366210938,115.0,113.6500015258789,114.80000305175781,13257229
2025-07-04,114.37000274658203,115.0999984741211,113.55999755859375,113.55999755859375,10569354
2025-07-07,114.30999755859375,115.80000305175781,114.0999984741211,114.37000274658203,15821152
2025-07-08,113.73999786376953,114.5,112.88999938964844,114.30999755859375,12740671
2025-07-09,113.95999908447266,114.44999694824219,113.4000015258789,113.5999984741211,13519733
2025-07-10,112.38999938964844,114.5,111.69999694824219,113.94999694824219,16076230
2025-07-11,111.91999816894531,113.48999786376953,111.20999908447266,112.37999725341797,13374647
2025-07-14,113.66999816894531,115.30000305175781,111.9000015258789,111.98999786376953,27221603
2025-07-15,114.87000274658203,115.80000305175781,113.62999725341797,113.79000091552734,25377145
2025-07-16,117.02999877929688,117.3499984741211,114.61000061035156,114.8499984741211,40471492
2025-07-17,115.52999877929688,117.5,114.91000366210938,117.5,15765452
2025-07-18,114.44999694824219,116.0999984741211,114.25,115.5,18085327
2025-07-21,112.02999877929688,114.69999694824219,111.4000015258789,114.66999816894531,23975731
2025-07-22,108.05000305175781,112.69999694824219,107.70999908447266,112.69000244140625,42331690
2025-07-23,107.80000305175781,108.33000183105469,106.30000305175781,108.05000305175781,38208234
2025-07-24,113.51000213623047,113.98999786376953,107.19999694824219,108.5,86127146
2025-07-25,110.76000213623047,115.69999694824219,110.5,113.86000061035156,41767665
2025-07-28,110.41000366210938,112.83999633789062,109.88999938964844,110.69999694824219,23234791
2025-07-29,110.08999633789062,111.38999938964844,109.52999877929688,110.01000213623047,32038885
2025-07-30,108.19999694824219,110.54000091552734,108.0999984741211,110.45999908447266,23534777
2025-07-31,107.25,108.36000061035156,106.0999984741211,107.05000305175781,48203474
2025-08-01,105.88999938964844,107.4000015258789,105.75,107.25,13286442
2025-08-04,107.75,107.94000244140625,106.0,106.0,21300202
2025-08-05,107.45999908447266,108.30000305175781,106.9000015258789,107.75,11549473
2025-08-06,108.7699966430664,110.0,106.11000061035156,107.98999786376953,40662042
2025-08-07,108.80000305175781,109.19000244140625,106.75,108.5,12014876
2025-08-08,107.88999938964844,109.0199966430664,107.54000091552734,108.80000305175781,14136544
2025-08-11,109.4800033569336,109.88999938964844,107.30000305175781,107.80000305175781,16773203
2025-08-12,109.55000305175781,110.25,109.04000091552734,109.69000244140625,10606131
2025-08-13,108.98999786376953,110.48999786376953,108.55000305175781,109.80000305175781,12096926
2025-08-14,109.26000213623047,109.87999725341797,108.62999725341797,109.5,10879799
2025-08-18,109.33999633789062,110.41999816894531,108.9000015258789,110.0,15704185
2025-08-19,111.66999816894531,111.9000015258789,109.05000305175781,109.5,20003557
2025-08-20,112.27999877929688,112.70999908447266,111.69999694824219,112.0,14596666
2025-08-21,111.06999969482422,113.0,110.9800033569336,112.69999694824219,13162672
2025-08-22,109.93000030517578,111.77999877929688,109.80000305175781,111.05999755859375,12854408
2025-08-25,108.81999969482422,110.9800033569336,108.51000213623047,110.0,16134641
2025-08-26,106.01000213623047,109.05999755859375,105.83000183105469,108.81999969482422,27014374
2025-08-28,104.62999725341797,106.48999786376953,104.5,106.05000305175781,14184569
2025-08-29,103.83000183105469,105.18000030517578,103.55000305175781,104.44000244140625,13999620
2025-09-01,105.13999938964844,105.26000213623047,104.0,104.0,9174103
2025-09-02,106.16000366210938,107.0,104.75,105.4000015258789,9179806
2025-09-03,108.33000183105469,108.4800033569336,106.11000061035156,106.44999694824219,12012180
2025-09-04,106.08000183105469,109.19999694824219,105.94000244140625,108.9000015258789,12953562
2025-09-05,107.13999938964844,107.62999725341797,105.61000061035156,106.30000305175781,8009273
2025-09-08,108.11000061035156,108.6500015258789,107.12000274658203,107.48999786376953,8138600
2025-09-09,108.04000091552734,108.80000305175781,107.36000061035156,108.11000061035156,7104394
2025-09-10,110.63999938964844,111.25,108.25,108.25,18306308
2025-09-11,112.06999969482422,113.4000015258789,110.63999938964844,111.06999969482422,18795548
2025-09-12,110.95999908447266,112.88999938964844,110.79000091552734,112.87999725341797,10893570
2025-09-15,112.51000213623047,113.0,111.20999908447266,111.48999786376953,9013604
2025-09-16,113.2300033569336,113.86000061035156,112.51000213623047,113.44999694824219,15104682
2025-09-17,116.25,116.38999938964844,113.01000213623047,113.44000244140625,34943043
2025-09-18,115.41000366210938,117.69999694824219,114.69999694824219,116.9000015258789,26965142
2025-09-19,117.76000213623047,118.4000015258789,115.55000305175781,115.69999694824219,46393129
2025-09-22,118.87000274658203,119.72000122070312,117.30000305175781,117.63999938964844,31509156
2025-09-23,121.9000015258789,122.08999633789062,116.93000030517578,118.7699966430664,44544453
2025-09-24,122.91000366210938,124.55000305175781,122.25,122.69999694824219,55162500
2025-09-25,121.44000244140625,123.33000183105469,121.20999908447266,122.9000015258789,30764727
2025-09-26,118.08000183105469,121.55000305175781,117.5,121.3499984741211,25531804
2025-09-29,120.4800033569336,121.4000015258789,118.26000213623047,118.58000183105469,28333195
2025-09-30,123.70999908447266,124.44999694824219,120.91999816894531,121.25,47473634
2025-10-01,123.76000213623047,124.5,121.16999816894531,124.30000305175781,38045288
2025-10-03,125.9000015258789,126.41999816894531,123.31999969482422,123.7699966430664,34668909
2025-10-06,126.76000213623047,127.94999694824219,125.87000274658203,126.0,27335116
2025-10-07,128.05999755859375,128.5,125.75,126.86000061035156,30539720
2025-10-08,126.04000091552734,128.5500030517578,124.69999694824219,128.5,38012061
2025-10-09,126.16999816894531,126.98999786376953,125.51000213623047,126.48999786376953,16981691
2025-10-10,127.38999938964844,128.60000610351562,126.3499984741211,126.5,23836453
2025-10-13,127.63999938964844,128.38999938964844,126.36000061035156,127.30000305175781,21132831
2025-10-14,125.22000122070312,127.80000305175781,124.5999984741211,127.3499984741211,19638720
2025-10-15,128.41000366210938,128.8000030517578,125.5999984741211,125.80000305175781,22108228
2025-10-16,127.37000274658203,130.13999938964844,127.19000244140625,128.99000549316406,20085575
2025-10-17,125.48999786376953,127.55000305175781,124.5999984741211,127.37000274658203,20351565
2025-10-20,127.58999633789062,129.4499969482422,126.11000061035156,126.19999694824219,27681896
2025-10-21,127.12000274658203,128.8000030517578,126.44999694824219,128.24000549316406,7993166
2025-10-23,126.23999786376953,127.87999725341797,125.81999969482422,127.5999984741211,34824359
2025-10-24,125.69999694824219,126.93000030517578,124.7300033569336,126.5,17014666
2025-10-27,129.1300048828125,129.97999572753906,125.7300033569336,126.25,30460506
2025-10-28,129.97999572753906,131.77000427246094,127.75,130.38999938964844,44849817
2025-10-29,128.77000427246094,130.39999389648438,128.3000030517578,129.8800048828125,37842782
2025-10-30,132.88999938964844,134.25,127.80000305175781,129.0,93428789
2025-10-31,136.99000549316406,138.60000610351562,131.1999969482422,131.38999938964844,80524287
2025-11-03,139.60000610351562,141.4499969482422,137.3000030517578,137.6699981689453,57720656
2025-11-04,139.60000610351562,140.69000244140625,138.5500030517578,139.6999969482422,34484844
2025-11-06,139.24000549316406,140.75,138.83999633789062,140.25,22293737
2025-11-07,140.6699981689453,141.41000366210938,136.57000732421875,138.6999969482422,27498022
2025-11-10,141.0399932861328,142.60000610351562,139.89999389648438,141.25,28309612
2025-11-11,140.8699951171875,141.38999938964844,137.9499969482422,140.60000610351562,21813910
2025-11-12,143.57000732421875,144.5399932861328,141.3699951171875,141.6999969482422,39711769
2025-11-13,143.4499969482422,145.0,143.0,143.5,27528003
2025-11-14,146.07000732421875,146.3800048828125,143.36000061035156,143.8800048828125,26463777
2025-11-17,149.1199951171875,150.32000732421875,146.27000427246094,146.60000610351562,44625403
2025-11-18,149.0,150.69000244140625,148.41000366210938,149.47999572753906,29594222
2025-11-19,150.3800048828125,150.8800048828125,147.7100067138672,149.1999969482422,26500324
2025-11-20,147.94000244140625,151.8000030517578,147.7100067138672,151.58999633789062,19144061
2025-11-21,145.77000427246094,148.14999389648438,144.9600067138672,147.30999755859375,22283701
2025-11-24,146.6699981689453,148.58999633789062,145.83999633789062,146.0,35398447
2025-11-25,148.69000244140625,149.3800048828125,145.3000030517578,146.66000366210938,24048863
2025-11-26,150.16000366210938,152.5,148.9199981689453,149.69000244140625,30511761
2025-11-27,151.75999450683594,152.0,149.85000610351562,150.89999389648438,20130369
2025-11-28,151.5800018310547,152.33999633789062,150.8300018310547,151.99000549316406,19414509
2025-12-01,150.5,153.67999267578125,149.60000610351562,152.0,17845829
2025-12-02,152.02999877929688,154.2100067138672,150.60000610351562,150.8800048828125,42353933
2025-12-03,146.0800018310547,152.9499969482422,145.02999877929688,152.8000030517578,43621493
2025-12-04,147.38999938964844,148.7899932861328,145.80999755859375,146.0800018310547,23552476
2025-12-05,148.63999938964844,149.4499969482422,146.69000244140625,147.69000244140625,23212483
2025-12-08,142.83999633789062,148.89999389648438,141.97000122070312,148.5,27695937
2025-12-09,146.19000244140625,146.49000549316406,141.11000061035156,142.5500030517578,30373958
2025-12-10,145.55999755859375,147.7899932861328,144.39999389648438,146.6999969482422,24139924
2025-12-11,146.8000030517578,147.99000549316406,145.25,145.6999969482422,19389862
2025-12-12,146.6300048828125,147.7899932861328,145.7100067138672,147.00999450683594,14181844
2025-12-15,148.2899932861328,148.89999389648438,146.0,146.11000061035156,16431186
2025-12-16,147.1699981689453,148.89999389648438,146.49000549316406,148.3000030517578,14586929
2025-12-17,150.2100067138672,150.77999877929688,146.91000366210938,147.0,26335842
2025-12-18,149.8300018310547,151.72000122070312,148.32000732421875,150.89999389648438,16158407
2025-12-19,148.5800018310547,150.97999572753906,147.27000427246094,150.10000610351562,26225514
2025-12-22,150.3000030517578,150.5,148.86000061035156,149.3000030517578,15647315
2025-12-23,150.22000122070312,151.25,149.61000061035156,150.85000610351562,16025851
2025-12-24,149.6699981689453,151.1699981689453,149.42999267578125,150.77000427246094,16461725
2025-12-26,150.07000732421875,150.85000610351562,148.9600067138672,149.8000030517578,12422858
2025-12-29,150.9199981689453,152.10000610351562,149.77000427246094,150.05999755859375,19512200
2025-12-30,154.02999877929688,154.5,149.1199951171875,150.5,76140412
2025-12-31,154.91000366210938,158.0,153.0,154.02999877929688,35538921
2026-01-01,154.24000549316406,156.27999877929688,153.5500030517578,155.0,18111681
2026-01-02,154.8699951171875,155.6699981689453,152.8000030517578,154.89999389648438,29236511
2026-01-05,154.22999572753906,157.60000610351562,153.52000427246094,155.5,19385780
2026-01-06,153.8800048828125,156.1199951171875,152.60000610351562,154.5,17196220
2026-01-07,152.9600067138672,156.38999938964844,151.7100067138672,154.10000610351562,22810626
2026-01-08,150.4600067138672,153.8000030517578,149.63999938964844,153.14999389648438,17324688
2026-01-09,150.5399932861328,152.89999389648438,149.2100067138672,150.39999389648438,18132919
2026-01-12,150.02000427246094,151.36000061035156,146.9600067138672,150.5500030517578,25793554
2026-01-13,150.86000061035156,151.58999633789062,149.24000549316406,150.99000549316406,13262673
2026-01-14,153.88999938964844,154.5500030517578,150.39999389648438,151.3000030517578,21735599
2026-01-15,153.88999938964844,153.88999938964844,153.88999938964844,153.88999938964844,0
2026-01-16,157.1300048828125,157.72000122070312,153.85000610351562,154.0,35174000
2026-01-19,156.86000061035156,159.10000610351562,156.0500030517578,157.4499969482422,24657963
2026-01-20,153.67999267578125,159.08999633789062,153.05999755859375,157.5,35087078
2026-01-21,150.75999450683594,155.49000549316406,149.80999755859375,152.8000030517578,24315864
2026-01-22,154.67999267578125,155.58999633789062,152.0,152.0,18824351
2026-01-23,151.80999755859375,156.77999877929688,150.9199981689453,155.6999969482422,26875350
2026-01-27,154.72000122070312,155.4499969482422,152.10000610351562,152.89999389648438,23086886
2026-01-28,157.74000549316406,158.25,152.30999755859375,155.49000549316406,28198960
2026-01-29,150.32000732421875,160.7899932861328,149.0,158.0,88706121
2026-01-30,147.4199981689453,150.6999969482422,146.6199951171875,150.6999969482422,43411151
2026-02-02,146.47000122070312,146.97000122070312,139.0,141.0500030517578,32606697
2026-02-03,147.33999633789062,157.5,146.8800048828125,152.5,40510681
2026-02-04,147.5,148.5,146.0,147.5,26421597
2026-02-05,148.2899932861328,149.5800018310547,147.57000732421875,148.0,16041047
2026-02-06,147.30999755859375,149.1999969482422,144.86000061035156,148.0,21884724
2026-02-09,147.92999267578125,150.3699951171875,147.35000610351562,148.64999389648438,31077822
2026-02-10,146.8300018310547,148.52999877929688,146.4499969482422,148.0,18264415
2026-02-11,145.50999450683594,147.33999633789062,144.0,147.33999633789062,31370839
2026-02-12,144.80999755859375,145.8000030517578,143.64999389648438,145.5,20031934
2026-02-13,141.77000427246094,143.8000030517578,141.4199981689453,143.8000030517578,14139257
2026-02-16,145.83999633789062,146.27000427246094,140.14999389648438,141.0,18090364
2026-02-17,149.11000061035156,149.89999389648438,144.8000030517578,145.8000030517578,24239721
2026-02-18,151.94000244140625,152.47999572753906,149.3800048828125,149.5,26925046
2026-02-19,149.4199981689453,152.58999633789062,148.77000427246094,152.13999938964844,15847818
2026-02-20,154.14999389648438,154.5,148.41000366210938,149.1999969482422,35644772
