Price,Close,High,Low,Open,Volume
Ticker,DEEPAKFERT.NS,DEEPAKFERT.NS,DEEPAKFERT.NS,DEEPAKFERT.NS,DEEPAKFERT.NS
Date,,,,,
2021-02-22,144.41159057617188,151.43192277247388,143.3279204440727,147.00298942827283,429398
2021-02-23,153.2694549560547,154.3531394505983,144.9298710394356,146.06066037302182,772996
2021-02-24,158.68785095214844,161.13790674777383,153.6935296729219,155.48394510750106,1510214
2021-02-25,169.85443115234375,173.1054562237501,158.7820895931757,162.08023388739596,3956440
2021-02-26,174.09487915039062,181.86907537767465,166.88608476387006,168.48803747434508,4167473
2021-03-01,200.1031036376953,206.6051528681277,176.82761995295957,180.73828483747224,7670978
2021-03-02,193.22413635253906,199.77330552098775,186.10956528488245,199.77330552098775,3524372
2021-03-03,193.7895050048828,198.73672081558567,190.397137076232,193.17699832268323,1490113
2021-03-04,192.75296020507812,197.60593773514577,189.92597965270474,190.16156136540252,1017280
2021-03-05,187.09898376464844,198.8780684340576,183.28255745600677,194.11931535186324,1250271
2021-03-08,191.7635040283203,194.68472286330476,187.8528535551705,190.35001382663737,592788
2021-03-09,195.0616455078125,202.03485800151304,191.4336816152189,195.53280890275892,1477983
2021-03-10,198.4069061279297,200.85694712525196,195.5328065771866,198.7367118732102,896525
2021-03-12,205.7099609375,211.50526550243723,196.19245369069475,200.00888043337477,2794601
2021-03-15,219.3737030029297,221.30547600437347,203.8253093083489,207.68884093246922,3245406
2021-03-16,220.1275634765625,224.27379596987694,210.51581786055417,221.4468153484079,1786305
2021-03-17,228.3258056640625,234.59227365808704,215.98131779729835,219.2794618738938,2823721
2021-03-18,218.5255889892578,235.06342794823846,207.3119053168097,231.76528400001646,1783253
2021-03-19,222.20068359375,224.88630660366644,207.8301985176285,215.79285786438172,1483647
2021-03-22,223.19012451171875,229.6450549324107,219.70350359594278,223.3314677904591,811260
2021-03-23,223.9439697265625,227.2892329134757,220.69294497597735,223.19011975100454,704772
2021-03-24,213.10720825195312,224.8862937042779,210.9869728705347,221.49392572126823,576428
2021-03-25,208.16000366210938,212.49471309538464,203.5426076656456,212.49471309538464,711552
2021-03-26,209.573486328125,214.70917917931277,208.20711526720808,212.02354189710937,443425
2021-03-30,213.20144653320312,215.5572636219678,205.568593414099,210.28022759162835,642986
2021-03-31,213.53126525878906,220.97564145833078,210.13888292199474,212.58893842954245,497467
2021-04-01,221.02276611328125,222.38913717355186,215.13322328559184,215.69861076979,424800
2021-04-05,212.3062286376953,220.45734961872697,211.17543936558192,220.45734961872697,388789
2021-04-06,212.58895874023438,216.31114719562214,211.269692425987,213.43704721607597,459480
2021-04-07,225.87574768066406,228.74984750759424,212.02354557861463,212.96587244785292,972607
2021-04-08,253.25033569335938,258.8571918377696,228.60849482763297,228.60849482763297,4016038
2021-04-09,244.6751708984375,260.5062798830528,237.41925673123092,254.66384167012313,1589382
2021-04-12,226.72384643554688,236.9952033750462,221.9650929552449,235.58171309646738,648019
2021-04-13,231.43548583984375,235.4874798921227,226.2997928772152,232.70761849157077,358290
2021-04-15,225.73440551757812,230.68162160553297,221.44681536559722,227.57194004592225,400472
2021-04-16,233.6028289794922,239.02120856683888,227.10077922618302,227.76040516975877,549060
2021-04-19,219.65640258789062,227.52482344833433,217.44192865720956,227.38348016712794,494493
2021-04-20,215.69862365722656,225.21613118692585,214.23802845170613,222.20068795473725,272967
2021-04-22,217.0649871826172,221.9179645193253,210.4215802734829,215.79284023322927,409195
2021-04-23,222.153564453125,227.80752579657675,215.13323199409254,215.13323199409254,503799
2021-04-26,224.0853271484375,227.66617204368703,222.38913594765967,226.11132411848794,311228
2021-04-27,238.87986755371094,243.12033857537443,224.2738007013144,224.6507257072887,930427
2021-04-28,244.9578857421875,248.77429813095543,239.8221927057885,240.2933561492183,584671
2021-04-29,248.44448852539062,253.67442022420096,238.50295094962138,246.7011779591205,618296
2021-04-30,245.8059539794922,257.0667420971195,243.63858506338826,246.60693751897554,814974
2021-05-03,249.00985717773438,251.93107601249892,240.29333426801236,240.3875726996238,326091
2021-05-04,244.58091735839844,255.22922779779168,243.16742711261875,250.98875706045263,402194
2021-05-05,246.22999572753906,250.0935415848447,245.00498231895764,246.37136776182675,224565
2021-05-06,258.4802551269531,268.0920009341072,244.251142055283,247.9733160263852,1232383
2021-05-07,253.6743927001953,262.0610956881202,250.18777194595805,260.5062621789456,405859
2021-05-10,254.23977661132812,259.139887811134,252.54359975775964,255.37058035206292,258803
2021-05-11,266.2073669433594,269.5055113125691,251.9311192110016,253.67442984337697,985564
2021-05-12,270.9189758300781,280.48358783396367,263.85152428668476,267.6208317764946,1103969
2021-05-14,266.01885986328125,278.92874928949067,264.3697878657927,273.84019002017556,650040
2021-05-17,264.51116943359375,271.2016673442285,261.9668753284689,268.51605871469445,312542
2021-05-18,268.0448913574219,272.3795719806099,265.3121204112372,267.6208327602459,289230
2021-05-19,271.625732421875,276.4787102678447,266.16024783452696,267.9035296159419,412730
2021-05-20,278.0335388183594,291.131905662608,273.27479950245123,286.1846894647188,1580614
2021-05-21,281.0489807128906,287.2212100268747,278.64605876806525,281.0489807128906,436658
2021-05-24,286.2789306640625,288.82322506323004,282.60386112112764,282.6980995724927,385370
2021-05-25,286.65582275390625,289.90683294454044,282.9336204078922,288.4462379142234,319917
2021-05-26,278.83453369140625,290.2366953309136,276.1960297823214,287.0798943542163,575093
2021-05-27,273.4632873535156,280.7663210814322,271.39015659870563,279.87109899241517,386719
2021-05-28,289.8125915527344,295.89061082589666,270.21220590549643,274.6882581393277,2377384
2021-05-31,278.5989074707031,294.0059561147618,276.9027307653612,294.0059561147618,1542371
2021-06-01,269.6468200683594,282.1797843206224,267.6208231097045,281.66148730303803,603989
2021-06-02,281.14324951171875,282.69808321791004,270.82475797125056,271.2959214432804,589357
2021-06-03,279.87109375,287.4097090698653,278.08067836303906,283.6404014099327,595387
2021-06-04,277.5152282714844,280.81337190119643,274.26418947632754,280.81337190119643,411318
2021-06-07,282.5567321777344,284.3000427279359,278.316261045775,279.87109470931966,528413
2021-06-08,294.75982666015625,301.4974866318691,280.3893422228534,283.82885822534917,1753513
2021-06-09,298.7176513671875,315.1141349967181,294.1002549366784,297.1156840051057,1758535
2021-06-10,358.46112060546875,358.46112060546875,300.6964973932279,301.45034735468795,4879406
2021-06-11,373.96246337890625,394.83499998961855,360.1102454323416,362.79588304535355,4228983
2021-06-14,422.2566833496094,430.077985000053,348.7551862448292,373.114341998369,4683128
2021-06-15,420.79608154296875,447.1341308931116,416.83832566840476,423.10479403794966,2538480
2021-06-16,431.114501953125,443.835913486168,400.48888159579917,420.7960122066443,2826329
2021-06-17,427.1096496582031,437.23966341181745,412.83340346856966,424.0470873605988,1000115
2021-06-18,405.7659606933594,412.73917386096474,405.7659606933594,412.2680104204842,124414
2021-06-21,385.50592041015625,385.50592041015625,385.50592041015625,385.50592041015625,71526
2021-06-22,396.3898010253906,404.77650460542867,369.3921413444522,369.3921413444522,490129
2021-06-23,380.1817932128906,401.996654846645,376.6009337957786,396.38979837852094,345764
2021-06-24,383.9510803222656,393.5627967822051,367.5074655528494,383.5270217436146,210507
2021-06-25,383.8568420410156,391.06563657824046,376.3653321987326,385.41167556747075,137915
2021-06-28,376.0355224609375,387.3905783929808,372.3604534537438,381.64237878812213,177987
2021-06-29,374.8105163574219,386.2597821929488,372.21911743854594,386.2597821929488,135426
2021-06-30,371.22967529296875,379.7577218107679,365.6228190138411,374.81050583184356,184618
2021-07-01,374.2922058105469,378.8153628188038,372.2190754065361,375.04605572607943,109901
2021-07-02,372.6431579589844,378.76828237917357,367.55457005003177,370.3344457129769,130022
2021-07-05,391.2541198730469,391.2541198730469,370.4286907232316,372.2191059878691,309475
2021-07-06,400.0648498535156,408.9698500264598,391.8194899739499,399.5465815926704,352197
2021-07-07,405.2005310058594,409.9121650873229,400.4888969243959,403.31587737327396,196760
2021-07-08,425.4134521484375,425.46055698617613,414.62379861332784,414.62379861332784,411528
2021-07-09,416.46136474609375,427.6279149631251,408.07463273709516,427.6279149631251,172475
2021-07-12,412.1266784667969,425.9317619007912,408.12178911264124,424.98943499393107,177157
2021-07-13,407.2265625,416.50848818041436,402.84474818354556,411.79685369873545,148725
2021-07-14,397.66192626953125,409.9121751830476,394.0810957824396,399.54657994853375,121119
2021-07-15,393.0916442871094,406.1428770625519,386.4011178229713,404.1639849030838,133466
2021-07-16,391.4425964355469,401.3370290859178,385.41170990492316,395.6830675714201,121945
2021-07-19,390.9242858886719,392.9973876321078,382.16062923370504,390.40598888466366,135746
2021-07-20,385.929931640625,395.7301534226091,377.8730489576334,392.9502778437235,150244
2021-07-22,384.1866760253906,392.5262458106882,381.6423819758713,392.5262458106882,107906
2021-07-23,388.5213317871094,391.536789078452,382.5846843943478,389.8877171629591,86873
2021-07-26,385.4587707519531,388.5213328894147,383.1029537231366,388.5213328894147,78636
2021-07-27,397.1907958984375,404.72941124170563,385.41170942458115,385.50594786787906,218695
2021-07-28,391.58392333984375,402.3735776149684,384.4693669014218,398.6513749372964,91204
2021-07-29,389.51080322265625,395.259002670967,386.3540025720851,391.5839050063282,79275
2021-07-30,406.09576416015625,408.9698495259313,387.2963321547414,387.2963321547414,424854
2021-08-02,423.3874816894531,426.3558345498248,410.3833814496319,422.16246817321485,600954
2021-08-03,442.1397705078125,444.54269247765137,421.2201028882038,423.1047565924016,869127
2021-08-04,458.2064208984375,464.23730685644256,443.36477333206136,452.3168782133676,713417
2021-08-05,450.3851318359375,458.017956355168,435.3079021564171,458.017956355168,208105
2021-08-06,445.8148498535156,460.79784139903256,438.18199642239296,448.5475920366861,213008
2021-08-09,439.878173828125,460.79784195999736,435.35501633030424,455.99196914510406,157443
2021-08-10,417.9219970703125,449.489949498397,417.9219970703125,442.8936609313345,307860
2021-08-11,400.8187255859375,411.79682747771557,397.04941824060376,408.9698469687153,321397
2021-08-12,420.84320068359375,420.84320068359375,382.58472266553343,404.16400299540754,246473
2021-08-13,424.8009338378906,441.85705562903877,419.33544959339457,441.85705562903877,234800
2021-08-16,415.566162109375,431.39724249624203,407.41504019138966,430.6433924806902,133672
2021-08-17,411.44403076171875,425.63174385485354,407.41777283403775,422.75585369367207,102390
2021-08-18,399.65289306640625,419.59241720971517,392.5590359958829,411.44406115119256,190849
2021-08-20,392.6069641113281,407.417811550913,379.71340621646493,399.6529015268109,243786
2021-08-23,375.9267883300781,395.81836292974066,373.0029782234806,384.41067057661064,232545
2021-08-24,389.77899169921875,393.9010892917003,364.32734582775726,364.32734582775726,115092
2021-08-25,396.5852966308594,397.83150409829597,386.3279425340079,394.95561370722396,62255
2021-08-26,390.2103576660156,399.7487385492541,385.8006827551382,396.7769794860038,64563
2021-08-27,394.188720703125,396.3935582975526,383.9313666219343,393.85319430699826,73327
2021-08-30,398.6942443847656,403.58326364333516,390.3541802425643,393.99696284420605,255854
2021-08-31,392.70281982421875,400.7073871164341,388.772430511058,398.69425802871086,124862
2021-09-01,394.09283447265625,399.46116880890764,389.2038151797297,393.038335526328,89192
2021-09-02,409.57470703125,413.79267358734563,390.1624476576214,397.7356195375541,255952
2021-09-03,403.9188232421875,415.8537511656375,398.8860149087268,411.97131072471046,80747
2021-09-06,398.02325439453125,405.50055794539674,394.95562617849515,403.91882403137566,64710
2021-09-07,392.0797119140625,400.6594630332805,389.2038216066244,398.0711500545586,63610
2021-09-08,403.29571533203125,405.7881303150393,392.0797308882131,392.0797308882131,114053
2021-09-09,403.1518859863281,407.4178017299995,393.13421876742046,403.2957039086414,72793
2021-09-13,398.885986328125,403.58326791844235,394.9555971078343,397.83148737803697,78931
2021-09-14,399.7008361816406,403.3915387021481,394.9556054337463,397.8314957645745,92885
2021-09-15,395.4349060058594,400.7073714192708,392.0797007427794,393.3259081384675,113754
2021-09-16,398.02325439453125,402.62466746351447,395.43494125880886,397.8315166603774,66663
2021-09-17,412.25885009765625,416.95616084694603,384.4106582529312,397.8314792393179,281064
2021-09-20,393.3739013671875,412.210978608394,391.69629854726963,412.210978608394,201038
2021-09-21,388.7245178222656,391.12109314792696,376.741641193959,391.12109314792696,209657
2021-09-22,392.5590515136719,402.1453531379374,385.3693252954728,385.3693252954728,159349
2021-09-23,391.9359436035156,401.570164931725,388.2452116662911,397.8315131889156,143541
2021-09-24,406.31536865234375,411.49196527656227,390.2103656208023,394.9555962584593,798749
2021-09-27,397.16046142578125,410.10196851539126,394.85975490530916,409.33507609359077,519536
2021-09-28,392.4152526855469,402.28913140099945,386.0403681213914,400.13221359135565,222272
2021-09-29,391.4566345214844,398.1190966286837,386.80727236080503,391.79216093092805,240925
2021-09-30,390.4979553222656,398.2149154951462,389.2996677640501,395.5786828670722,147821
2021-10-01,398.45458984375,404.5418967477211,384.74619130053475,390.5458916253408,557118
2021-10-04,402.3849792480469,412.21093764540836,398.31080137597013,410.2936774703134,496986
2021-10-05,404.20635986328125,408.7119328575109,401.66599604954234,407.4177764225668,589882
2021-10-06,398.1670227050781,410.9647405459843,392.3672929768419,406.36329845725106,518876
2021-10-07,404.2543029785156,407.8012166033813,400.89909781022607,404.82945760331137,448017
2021-10-08,403.0560302734375,407.80123163329563,397.8314846168039,407.32191659158866,396997
2021-10-11,396.249755859375,405.6443190940402,394.3324956682132,402.43290242283047,221656
2021-10-12,397.01666259765625,400.70739445018506,391.21696201158943,397.25632013022215,252606
2021-10-13,397.4001159667969,404.541922268108,393.23009822899,401.6660318254437,259822
2021-10-14,403.5832824707031,417.24376174673046,400.03633930753125,402.5767325418658,1502968
2021-10-18,422.46826171875,431.95869307029074,405.5004986545813,407.32188984244203,1386721
2021-10-19,415.2306213378906,431.38354434954863,407.41779188568484,431.38354434954863,769563
2021-10-20,401.33050537109375,420.45518851437606,394.0928594600157,416.90824526685213,663655
2021-10-21,402.3849792480469,407.32191834790257,392.07970580691165,405.78810435681294,777697
2021-10-22,392.0797119140625,403.58327314381495,390.3541894316273,403.58327314381495,331248
2021-10-25,401.47430419921875,403.3915645425867,377.7002876434847,402.624672107268,613297
2021-10-26,395.3869934082031,403.0080850915883,388.48484503922333,403.0080850915883,282317
2021-10-27,397.4001159667969,402.5287931072289,395.09940946367954,396.8249612823204,159611
2021-10-28,391.9359436035156,400.7074036457029,389.2997106847939,399.46119614978994,221552
2021-10-29,386.6155090332031,394.33249891929347,382.5892801516104,394.33249891929347,284163
2021-11-01,391.16900634765625,398.79012745660714,388.5807225926863,392.7028203811956,284955
2021-11-02,390.8335266113281,393.75733688740473,386.327953172548,392.0318143072727,124622
2021-11-03,385.1775817871094,392.84662297156206,384.0272431624837,392.654914494993,118663
2021-11-04,391.4566345214844,393.0383684459233,385.56106484580977,385.56106484580977,74714
2021-11-08,390.402099609375,394.8597236249877,387.28655185313073,393.038332326197,136570
2021-11-09,387.33447265625,392.9904135401063,385.36929269156667,392.9904135401063,272623
2021-11-10,381.3910217285156,389.0121140817846,380.576180227141,386.32796128850833,268350
2021-11-11,380.3844299316406,385.3693183889487,368.54537104190706,378.6589073722257,213154
2021-11-12,380.76788330078125,389.2038163874472,376.2623101775198,385.3692960289502,460448
2021-11-15,367.7784423828125,379.425792575174,359.48629763504476,376.74163992152694,580519
2021-11-16,366.3404846191406,377.41267975933425,362.69770196349026,370.98984642666426,311032
2021-11-17,362.0266418457031,371.32536527196754,359.48627799885816,367.10739879446123,274222
2021-11-18,355.7476501464844,365.6215288681786,344.24408848777875,362.36219224922604,347066
2021-11-22,337.8212585449219,363.3208263509073,330.96705883285154,354.69315501275906,534748
2021-11-23,342.6143798828125,348.60581779785565,329.33734761206335,330.87116156932797,270567
2021-11-24,337.389892578125,352.7279749591949,335.6164209517997,346.3051412600937,195303
2021-11-25,366.676025390625,371.0857298476439,341.2723268995098,341.2723268995098,402877
2021-11-26,351.4338073730469,367.1553354690088,349.8999933320841,363.1290772683652,299472
2021-11-29,340.60125732421875,357.23349514147327,332.40498180368945,354.69313126853666,232065
2021-11-30,357.0896911621094,369.0725667044621,341.7995302680405,342.2309254895921,1015764
2021-12-01,361.59527587890625,370.03120883423986,358.52764793783865,363.99185106565653,224292
2021-12-02,356.7062683105469,363.99186296750656,352.8237988280211,363.03323286146104,96596
2021-12-03,356.8979797363281,362.74562928267903,354.0700384531002,359.19871541395884,95702
2021-12-06,342.374755859375,356.61041958914956,340.3137068659895,352.2965838683131,104531
2021-12-07,351.05035400390625,353.73450657944625,345.7778884586841,350.8586162820524,84013
2021-12-08,355.46002197265625,357.569019850747,345.10682881037246,354.69312961066055,89975
2021-12-09,351.5296630859375,358.28799346805675,349.08513882160935,354.78899951663993,89723
2021-12-10,359.4383850097656,372.9550466667551,358.911120876328,364.27945554591344,270975
2021-12-13,356.4665832519531,365.2380421937826,354.78898069594493,364.2794121617779,117269
2021-12-14,353.2072448730469,359.48625984294364,347.98269952796943,355.6517397379522,85244
2021-12-15,360.109375,368.06602202479195,356.3707236293472,364.7587366266755,684809
2021-12-16,364.327392578125,368.73709731004635,359.43840200552467,363.3208425790771,1246333
2021-12-17,358.1441955566406,366.580128365881,355.7476204113942,365.1901323346787,314763
2021-12-20,347.5513000488281,358.33588771176323,340.5053928464303,358.33588771176323,218880
2021-12-21,351.9610595703125,356.6104217260889,343.18959940306405,349.90001056457646,130595
2021-12-22,355.268310546875,357.6648857269604,347.7430586303932,354.59725779442385,72167
2021-12-23,353.9262390136719,366.67600743961,351.05034875924355,357.664890493415,989541
2021-12-24,351.33795166015625,357.3773099320952,348.9413762736613,356.706286376919,124144
2021-12-27,350.5231018066406,353.7345185988638,345.7299511481194,350.8586282037511,203468
2021-12-28,363.8480224609375,365.1901279301426,351.433780911329,353.5427494606691,240143
2021-12-29,364.5669860839844,368.3535863772672,358.71936634711034,360.732465991573,138809
2021-12-30,360.7804260253906,365.19013011687747,358.6235084077678,362.36215976063386,107341
2021-12-31,357.0896911621094,364.27941648752096,356.41863842971077,363.2249175887805,118120
2022-01-03,386.4717102050781,387.90965532248885,357.0897041569991,361.5473281699587,877962
2022-01-04,398.02325439453125,400.61153827518274,386.5676122730053,390.0666065082812,486353
2022-01-05,400.08428955078125,410.1978256935659,397.9752915683184,402.1453384738286,524744
2022-01-06,405.6922607421875,407.22604546304837,393.03833200960696,398.11905972136236,251297
2022-01-07,398.3587341308594,408.52021924027446,396.8728691488757,405.97985527668806,203842
2022-01-10,418.8734436035156,420.83862365202685,398.7901308411006,398.7901308411006,518122
2022-01-11,434.8346252441406,439.8194842802618,417.5792832047308,423.7145100788404,1088618
2022-01-12,466.32562255859375,473.5632680915689,438.14187429240883,439.53189963559583,1864115
2022-01-13,487.9906311035156,495.80348966888096,450.5561381369319,468.9618473968935,1980378
2022-01-14,519.8172607421875,531.0811663460984,485.1627825437231,492.8317954019502,2568647
2022-01-17,541.5780639648438,545.7960011217174,523.4120126303176,523.6995899462192,1125537
2022-01-18,514.5447387695312,546.227453879488,514.5447387695312,544.885406760557,961291
2022-01-19,489.6682434082031,513.7778138287467,488.853431227208,513.7778138287467,687764
2022-01-20,497.96038818359375,513.8257037137738,475.4805019440892,490.8185826519631,748399
2022-01-21,491.106201171875,511.8605667752671,480.27369246501144,501.363555207986,510941
2022-01-24,466.5652770996094,498.48764743526317,466.5652770996094,498.48764743526317,541162
2022-01-25,473.4194641113281,486.984073698977,444.08537823041553,457.26654164254336,658057
2022-01-27,495.4679260253906,497.0496890377618,464.93558183860074,469.824601024412,836869
2022-01-28,520.20068359375,520.20068359375,498.63150483346607,503.28083773995934,1093493
2022-01-31,546.1795043945312,546.1795043945312,545.796028947022,546.1795043945312,300646
2022-02-01,547.7612915039062,573.4525678401629,534.9635438862133,573.4525678401629,2242741
2022-02-02,568.22802734375,573.2608356837832,549.6305788355706,549.6785571516842,1148776
2022-02-03,596.6033935546875,596.6033935546875,563.6744744464371,565.5917345636018,1581442
2022-02-04,626.4168701171875,626.4168701171875,607.0046099857207,622.9178467388178,705985
2022-02-07,595.1176147460938,632.6000905643605,595.1176147460938,626.9441489965724,340025
2022-02-08,565.4000244140625,587.3526772298819,565.4000244140625,579.0125836115946,907985
2022-02-09,539.3252563476562,562.4282762422489,537.1683386806791,549.2950325235163,1735478
2022-02-10,565.8314208984375,566.2628161487994,545.652268839496,545.652268839496,1330482
2022-02-11,538.1749877929688,558.0185850227087,537.551854793521,558.0185850227087,966994
2022-02-14,511.5249938964844,530.1224410929502,511.28533637338626,512.8670994298886,800675
2022-02-15,537.072509765625,537.072509765625,513.6339922826612,513.6339922826612,586663
2022-02-16,558.1144409179688,563.9141411650251,551.2122926814949,552.1709227557236,851071
2022-02-17,537.21630859375,563.2430795956278,532.9024733272374,557.922694468956,497555
2022-02-18,530.314208984375,546.2274460193768,527.3424204228038,532.4232070096518,248481
2022-02-21,505.8691101074219,530.1224396781943,503.8080320102239,515.7429883306845,503557
2022-02-22,492.4962158203125,500.1173368474428,485.6899362324146,486.5526974748086,617131
2022-02-23,517.0850830078125,517.0850830078125,498.4876362513055,503.23286679841726,429043
2022-02-24,492.16070556640625,521.4947625561342,491.24999529006215,491.9210480468492,801326
2022-02-25,516.74951171875,516.74951171875,508.07392155275346,508.07392155275346,230706
2022-02-28,542.5845947265625,542.5845947265625,509.60769842746714,512.3877489069747,651063
2022-03-02,569.7138061523438,569.7138061523438,542.5845884327335,542.5845884327335,646108
2022-03-03,556.628662109375,598.1852588514901,552.3148261080421,598.1852588514901,1257009
2022-03-04,573.8839111328125,584.4288418352535,542.680455746117,551.1164471161784,808034
2022-03-07,545.2208862304688,565.6396962896874,545.2208862304688,555.0468450592376,497469
2022-03-08,521.9261474609375,561.5654770068896,517.9957291119293,540.1880383876315,747477
2022-03-09,545.5563354492188,548.0008888731687,516.8454123967474,529.1637850764479,757905
2022-03-10,527.29443359375,560.606826965313,522.9326786816583,551.2122644215464,521130
2022-03-11,535.299072265625,549.7743633991946,529.2596558159889,531.8479687929561,834098
2022-03-14,542.4888305664062,548.3364511342357,527.3424272409487,541.6260400189566,537492
2022-03-15,521.9261474609375,543.8787407116916,517.7081517961813,534.915573061754,321296
2022-03-16,521.8782348632812,537.6956310592351,517.6602391403057,536.8328405899467,466681
2022-03-17,528.0613403320312,536.6410909928273,519.5774877824421,530.1224183462923,384512
2022-03-21,536.353515625,554.0881716376228,532.1834982909509,533.956940488159,872772
2022-03-22,537.83935546875,542.6804253177661,533.9569156298414,539.516957986438,308578
2022-03-23,534.9155883789062,543.3515214398436,530.2182775500187,541.1466839424598,321401
2022-03-24,529.6910400390625,541.3384189379218,525.32928486855,536.7370062469399,711664
2022-03-25,509.0804748535156,534.4362513034836,505.3897725759221,532.0396761855308,497648
2022-03-28,496.8100280761719,511.9084515054043,494.4613727295975,508.84082361458076,320304
2022-03-29,521.6385498046875,521.6385498046875,502.27421166088413,502.322131459951,454502
2022-03-30,512.5315551757812,541.3383751014374,508.1218220501566,532.0396523581956,555658
2022-03-31,538.126953125,538.126953125,517.6123052387912,517.6123052387912,580086
2022-04-01,545.7960815429688,555.0468863868065,530.6976558770064,533.9570219645099,432171
2022-04-04,545.5563354492188,554.2799039686975,538.2707705080171,554.0881662575848,441483
2022-04-05,560.463134765625,572.829428465774,547.3778099503221,548.8157551603492,1108163
2022-04-06,555.1906127929688,567.9883004626299,548.3363845816444,559.6002875865995,510306
2022-04-07,549.6785278320312,570.3849147796401,544.5019018400599,559.8399835820334,443917
2022-04-08,577.1432495117188,577.1432495117188,552.1709466973142,552.1709466973142,484591
2022-04-11,605.9981079101562,605.9981079101562,584.764425450795,584.764425450795,592933
2022-04-12,617.6932373046875,628.5258034671963,587.6402092255114,613.523220072312,1060690
2022-04-13,648.5132446289062,648.561164430547,613.5232469512196,630.6827486684409,1328479
2022-04-18,680.9149780273438,680.9149780273438,648.5132909361116,651.8684964324551,1308875
2022-04-19,657.6202392578125,694.8150749073932,646.8835705883106,689.7343471515978,1576926
2022-04-20,667.8296508789062,680.6273387025695,658.3871097358951,664.3306277758883,585268
2022-04-21,678.1829223632812,683.503308080392,667.8297282767147,677.7515270867281,359880
2022-04-22,681.106689453125,690.117835842204,671.0410733528325,677.7514840863608,331678
2022-04-25,650.4784545898438,678.1828883923005,647.0753293744209,667.2065618438473,368311
2022-04-26,635.4758911132812,670.9931231865247,625.3143773562454,670.9931231865247,942718
2022-04-27,626.7523193359375,639.6938251007165,607.340060688769,633.6544674458466,519655
2022-04-28,632.64794921875,646.7398234580847,618.3164174532706,642.2821700677384,304383
2022-04-29,646.883544921875,664.2347839030191,636.1948549888976,646.1166525852251,417142
2022-05-02,624.7871704101562,644.6308252690542,621.1923075194189,625.985458040402,241036
2022-05-04,617.0223388671875,651.7726828981647,606.9087436583337,642.2822207104751,286698
2022-05-05,589.3658447265625,639.02287818231,586.6816918254684,617.3578587183033,315840
2022-05-06,571.3914184570312,586.3940018510004,564.1537734227089,570.3848686261882,281516
2022-05-09,563.53076171875,579.9712936961796,549.1992864760276,570.8163866299468,349311
2022-05-10,552.74609375,578.4374273075532,540.1880628101112,573.2608013495058,273716
2022-05-11,525.1375122070312,556.005410491518,525.1375122070312,550.3494699807408,274542
2022-05-12,526.6233520507812,534.5800276315715,498.9189809483499,498.9189809483499,542519
2022-05-13,512.9150390625,545.1729663226934,507.88223088286486,533.95698210605,284378
2022-05-16,527.102783203125,531.08112187029,514.7844087443063,522.1658728622217,175149
2022-05-17,553.4170532226562,553.4170532226562,525.5209453443443,532.0396172409465,244052
2022-05-18,546.8025512695312,573.2607146976802,534.0048062283132,573.2607146976802,303999
2022-05-19,535.4907836914062,550.876844559459,521.9741218465441,527.3424273356751,257376
2022-05-20,547.8571166992188,552.7461069349985,539.7566804370712,548.8157468246767,168349
2022-05-23,556.8682250976562,570.0973082198187,546.3232944406935,555.7178573239605,267378
2022-05-24,544.2623291015625,565.3042749714111,535.8743143421813,560.2235463049012,235348
2022-05-25,571.2476196289062,571.4392988138299,517.0850265986927,549.1991304307662,1728600
2022-05-26,599.7669067382812,599.7669067382812,549.2950118285181,586.3940060048271,1506643
2022-05-27,611.8456420898438,626.6564883712491,601.5403688388201,618.3163950614166,487230
2022-05-30,593.3441162109375,626.7044322202113,586.7774648743253,618.3164187870536,369864
2022-05-31,620.9047241210938,622.9657437188879,590.5640582157828,594.8299738397878,540562
2022-06-01,650.0950317382812,651.9163938390625,611.8935867934915,617.3577901161121,616704
2022-06-02,662.7489013671875,682.4487968829702,647.2191404349436,647.2191404349436,792194
2022-06-03,637.5848999023438,675.8342669237895,633.6545396264182,653.7857731092545,573743
2022-06-06,665.5289916992188,669.459351969583,605.710446030803,647.0753610327298,525717
2022-06-07,678.2786865234375,693.8564249817284,658.5788505135951,658.5788505135951,931087
2022-06-08,667.3504028320312,688.1526302946749,656.6616532473788,682.0653522416205,449371
2022-06-09,654.6964721679688,677.7515155566585,650.86195157076,667.350401840786,228454
2022-06-10,657.81201171875,667.2065753594266,647.3629198212776,659.5375342633412,206323
2022-06-13,628.477783203125,648.8007502133757,624.9308991319632,648.0338579415064,242446
2022-06-14,610.8870239257812,636.9617740362532,604.0327953886242,616.3991469349194,244968
2022-06-15,606.5731811523438,625.0268101324822,602.0196882871147,617.3577695173597,197386
2022-06-16,576.280517578125,626.2730430162947,576.280517578125,618.3164247563417,397050
2022-06-17,547.617431640625,573.2607862076039,547.4736137249798,552.1709245076587,524028
2022-06-20,520.5841064453125,559.8400239352678,520.2486092870796,549.9661448041915,461524
2022-06-21,546.6109619140625,546.6109619140625,519.6734176866879,519.6734176866879,191660
2022-06-22,551.9791870117188,566.8379532153712,547.1860366234438,553.9923452808762,361987
2022-06-23,556.53271484375,565.4000436191327,552.5544348776353,554.8551121024614,148687
2022-06-24,582.3677978515625,584.3329778953712,557.9227297935956,565.5438509489896,363134
2022-06-27,568.515625,591.2830921135202,562.7159240267952,588.5989392716392,373824
2022-06-28,596.5076293945312,596.9390246774799,563.6745457356117,569.4263268145465,429871
2022-06-29,584.7164916992188,598.5687095426678,580.929890775141,586.585832257702,196099
2022-06-30,569.9534912109375,596.5554754104745,565.9272332516831,587.592307741892,184043
2022-07-01,582.607421875,584.2850244883792,566.0710532574044,571.8228336461333,181283
2022-07-04,590.6119995117188,595.3572303558228,582.4157236047062,590.420320293888,161361
2022-07-05,587.4005737304688,611.0787480944994,580.0670303116643,596.6033989723752,341290
2022-07-06,586.1543579101562,593.6316606253725,577.0952922026229,587.4005652776698,242332
2022-07-07,592.1937866210938,596.2200450310277,586.2981876804611,590.5161838261332,184860
2022-07-08,620.9047241210938,621.7674561003549,594.3985785950885,596.2679189820275,544292
2022-07-11,623.9243774414062,631.5454984416153,613.5711840591118,619.2750448585206,331983
2022-07-12,628.6696166992188,648.5132717496847,616.4470827527169,629.8199845373879,374787
2022-07-13,613.4273681640625,640.1731103963238,609.2093727066512,632.7916476009201,254510
2022-07-14,607.1962890625,619.6584795480696,599.1437733446936,617.3577440543723,209744
2022-07-15,612.1332397460938,626.8961667165119,599.7669465400933,607.7714844853323,288050
2022-07-18,642.7135620117188,642.7135620117188,616.3991540743253,623.1095647718686,429781
2022-07-19,631.9769287109375,649.4240092071092,627.9506703641069,639.1187350567222,444065
2022-07-20,633.7982788085938,650.9098017389133,629.8199407105539,641.3235012714772,287024
2022-07-21,639.1187133789062,642.282181076209,625.5061539585469,639.7417878514788,250764
2022-07-22,644.1036376953125,656.2781941041935,639.1666688922379,639.4063264358795,324314
2022-07-25,641.8507690429688,655.7029856315098,639.0707768707891,645.1580545760323,221641
2022-07-26,624.45166015625,649.6636196648194,620.2336643823616,648.9925669039548,164322
2022-07-27,645.2538452148438,650.9097857558031,618.3642847659863,625.0267751292837,328961
2022-07-28,648.9446411132812,669.1237924943575,646.1166706893939,659.2499144217545,397917
2022-07-29,681.3463134765625,681.3463134765625,644.7266335722073,651.868439203746,720598
2022-08-01,715.377685546875,715.377685546875,715.377685546875,715.377685546875,205300
2022-08-02,751.1345825195312,751.1345825195312,732.0099008478529,746.772827386375,1393915
2022-08-03,766.568603515625,781.2835525428986,727.4085277698144,766.904100655606,1612540
2022-08-04,804.8658447265625,804.8658447265625,771.6972651800239,776.4904158954279,2287760
2022-08-05,776.2986450195312,826.1474103313627,768.8213419247842,804.8658103615917,1218100
2022-08-08,815.0752563476562,815.0752563476562,786.0287755270919,790.4384506578192,617966
2022-08-10,855.8170776367188,855.8170776367188,830.1737207879007,834.0082414381912,1414405
2022-08-11,838.4179077148438,871.2030706222988,825.5722987813751,861.6646889058262,925576
2022-08-12,829.0233154296875,848.3876555406662,824.4219025592914,836.7882545017364,456321
2022-08-16,870.4360961914062,870.4360961914062,831.5157390829372,832.282631430418,650791
2022-08-17,878.153076171875,910.2192641627316,872.4012956716366,882.7065690678971,874402
2022-08-18,855.72119140625,881.9397015202139,852.2221680994242,880.4538365512022,551479
2022-08-19,865.3074951171875,881.9397041777893,849.4421199350087,853.1808007806874,462019
2022-08-22,892.1011352539062,901.112281472688,865.211573024754,867.6081482414368,569661
2022-08-23,936.6774291992188,936.6774291992188,891.5259757660878,891.62181537018,802926
2022-08-24,914.9166259765625,955.6104284760812,903.0295888760488,948.5166005697632,733073
2022-08-25,933.4490356445312,960.6430146165842,920.4811407173511,923.6263477094598,1172217
2022-08-26,923.2876586914062,942.3040889273718,919.3682584556292,921.3037705786936,384283
2022-08-29,889.4161376953125,908.6261296861081,881.6257137288095,886.4644937163441,489499
2022-08-30,887.045166015625,919.0779265019125,884.5290239288983,908.7229250210454,363409
2022-09-01,842.7219848632812,890.3355959377277,842.7219848632812,888.4000837726456,647450
2022-09-02,833.2379760742188,870.0127067255779,813.205413616497,819.6893910974021,812888
2022-09-05,858.6415405273438,874.8998300730133,839.0444808534314,839.0444808534314,903523
2022-09-06,841.8509521484375,865.7544776438746,831.5927033016384,865.7544776438746,477866
2022-09-07,839.3831787109375,849.4478651663096,834.5443985049204,840.9799998057797,534792
2022-09-08,836.4799194335938,861.3028857798356,833.5766512792798,848.4317421091383,409809
2022-09-09,826.8507690429688,854.6253196280236,822.5926189181832,854.5285676526539,335614
2022-09-12,868.1738891601562,868.1738891601562,818.8667679192757,834.8831180015396,712778
2022-09-13,895.3195190429688,911.5778086109282,885.4967716648574,890.3355518378895,1243879
2022-09-14,897.6420288085938,918.2068429568532,873.9320077906007,879.6901675655405,693131
2022-09-15,889.7064819335938,906.10995844409,886.7548378575789,904.174446385439,240378
2022-09-16,860.0448608398438,898.077663887153,845.2382042723747,890.3356150605396,2694331
2022-09-19,859.22216796875,872.9159394258454,846.9800896244036,861.3512430490704,275760
2022-09-20,860.5286865234375,877.7547323009203,856.5608513009765,867.30297883447,237287
2022-09-21,861.6415405273438,880.4160307623777,854.5285574753278,854.6253094495452,177466
2022-09-22,868.5126953125,871.851465561576,857.6738155340711,861.8835308043347,167096
2022-09-23,847.4639892578125,874.0772807728525,842.91552398545,869.96431753871,172266
2022-09-26,806.2859497070312,847.3187694138392,805.1246306724593,847.3187694138392,429882
2022-09-27,825.4959106445312,837.1089832444543,808.0763017446466,808.0763017446466,224996
2022-09-28,808.4149780273438,828.3991637229847,804.205262913318,828.3991637229847,175704
2022-09-29,834.6895751953125,848.8187895949509,808.0762843919837,822.592624830163,269279
2022-09-30,850.5123901367188,866.1416741405249,822.5926514183756,841.9477726282197,296288
2022-10-03,848.7220458984375,867.8352276618288,836.4799083826241,843.1090726876798,293425
2022-10-04,879.109619140625,890.3355656898578,864.0609653146537,867.1094204979486,402349
2022-10-06,899.4324340820312,913.0293938275614,879.2546863994521,883.5612123365353,438474
2022-10-07,908.0454711914062,914.0455703912032,886.4645235345073,895.1743278050429,382891
2022-10-10,880.8999633789062,901.7067188995286,866.1416833003252,890.1420220409168,575812
2022-10-11,868.319091796875,892.2226773828111,863.286748662919,880.8515441104641,300946
2022-10-12,868.7061767578125,880.6095634666497,846.7864802423973,868.0771117456347,311562
2022-10-13,862.9480590820312,876.5933954041349,858.4479699400928,872.8191823478982,151294
2022-10-14,865.7061157226562,891.6903996949877,861.6415287198578,878.7224457020449,262321
2022-10-17,934.9974975585938,949.2718987804466,853.0769272585281,865.173877446539,2101350
2022-10-18,934.320068359375,990.9821719437047,924.73926006236,946.465394688421,2787026
2022-10-19,953.6268920898438,976.417536611206,929.2878023559794,940.2718105507722,1265268
2022-10-20,1004.5791625976562,1014.2082875395739,947.4331235698883,950.3847675551206,2389019
2022-10-21,997.8048706054688,1027.7568715383024,985.9981765302063,1013.7244095446063,1073305
2022-10-24,983.7239990234375,1010.9179196883263,971.6270487157219,1008.4017776511774,241845
2022-10-25,986.0950317382812,1009.3695527568788,973.1270771364083,986.724037725889,515185
2022-10-27,959.5784912109375,992.917698656648,952.7558229312573,986.0950303769677,488587
2022-10-28,938.191162109375,967.514160099409,934.8523917539676,963.9818267107478,287168
2022-10-31,934.8038940429688,951.9815625657435,929.1424861599692,942.013687856096,278531
2022-11-01,893.2871704101562,939.9813977459321,890.3355264023588,936.0619977311757,781146
2022-11-02,895.1259765625,909.6423174146931,870.9804511315903,893.2872164276986,949873
2022-11-03,874.8514404296875,898.6582148499227,871.4642943660771,893.2388047750018,475481
2022-11-04,875.7224731445312,894.7872200730459,870.980444873364,870.980444873364,399208
2022-11-07,902.9163818359375,908.722918053532,880.6579930018254,884.9161431882511,498699
2022-11-09,886.7064819335938,910.4165051885711,881.8193256883432,909.6906881501535,608012
2022-11-10,856.8995971679688,905.8196531614997,810.2053682523251,886.4645323674506,2750248
2022-11-11,846.3026123046875,877.4159909751055,832.2701504654445,871.125577047169,701485
2022-11-14,828.9314575195312,846.786568987613,824.5281791742243,841.9477885933981,282342
2022-11-15,815.2377319335938,831.2057069894593,813.3989717851522,828.9314447987929,363511
2022-11-16,795.1083374023438,834.6412070052901,785.4307770198072,814.8505842095747,541984
2022-11-17,768.9789428710938,805.7052972198825,766.5595527172492,795.0599805429664,726455
2022-11-18,742.6076049804688,780.2049641601106,736.0752514350208,773.2371085648708,913095
2022-11-21,799.56005859375,805.6085338931655,752.1883882353003,756.88198144079,2185558
2022-11-22,786.3985595703125,819.6893920354452,779.8178301017564,808.7537602479287,1055939
2022-11-23,791.5276489257812,802.2697168025549,765.5917411047504,789.3017628920395,1050328
2022-11-24,774.4951171875,797.1890072654182,770.52734120308,793.5599222551053,426783
2022-11-25,777.4951782226562,788.7694999531991,771.3498923072888,776.6241742135057,285732
2022-11-28,773.4306030273438,791.5760279338264,769.366016034864,777.4951900198236,409037
2022-11-29,764.2369384765625,774.5435046178443,761.8175484339414,763.8981884303117,276046
2022-11-30,778.4630126953125,792.4954758249652,765.5918096054336,767.7208847902579,799759
2022-12-01,778.8016967773438,789.5922005770091,770.33383117088,788.624444507699,355973
2022-12-02,775.0758056640625,781.027469636351,773.0918586061608,780.0113376476324,233949
2022-12-05,766.4628295898438,782.5275571892377,764.5273173939098,774.1565023821101,342933
2022-12-06,765.0111694335938,777.1564962367264,763.5595353359968,766.4628035311907,355427
2022-12-07,775.0274047851562,779.9146200646927,754.8980908684605,766.4627874162629,394270
2022-12-08,777.1080932617188,791.6244337336065,774.5435161514957,775.65645921453,432997
2022-12-09,766.6079711914062,783.6888298677842,762.1562579643427,783.6404538791822,214929
2022-12-12,769.02734375,773.2370588037402,762.5917425999339,770.1402277310232,154002
2022-12-13,779.5274658203125,781.7532928292145,769.0273367418295,775.0273767483117,287142
2022-12-14,777.9791259765625,785.7211745134423,775.2693617349404,782.9146582919662,166518
2022-12-15,785.527587890625,799.3664874211711,771.7370643485527,777.8339155747775,641439
2022-12-16,794.1890258789062,833.9637758980122,783.930776310952,795.3019098958683,3562611
2022-12-19,765.4466552734375,805.1730290899901,761.4788200503775,799.1729298001701,671077
2022-12-20,727.5589599609375,762.5917395027932,725.81701094809,759.6884714590009,998793
2022-12-21,683.9616088867188,729.6880836230434,678.5905744612776,720.0105228322869,1710129
2022-12-22,641.9609375,695.5262690861673,614.5250777350625,683.9615727389848,3217124
2022-12-23,616.557373046875,653.1869760026229,601.9442799106287,633.7350434140996,1655776
2022-12-26,639.6383666992188,646.3642829932526,620.3316218803113,622.2671339610611,776654
2022-12-27,636.6383056640625,657.5418721717402,622.7994057060232,652.9450308490499,762167
2022-12-28,686.76806640625,692.9132933559453,635.5737505747445,636.638258543827,2021010
2022-12-29,685.7518920898438,693.4939402492195,672.2517428656444,681.3002380250587,1021371
2022-12-30,692.3810424804688,700.123090485691,687.1067604634833,689.0422724647889,586813
2023-01-02,685.2680053710938,698.5262744889587,681.3002293666946,695.8165694810417,310916
2023-01-03,671.3807373046875,689.2842236328124,668.9129712728874,688.7035936490265,338466
2023-01-04,678.4937133789062,692.719738505677,664.2677473192747,674.4291854002339,924306
2023-01-05,684.2034912109375,688.5100172193987,670.1710292271206,682.4615422263741,421331
2023-01-06,675.4937133789062,684.0099546854414,672.5904452698278,679.364737524344,190898
2023-01-09,670.4129638671875,681.7840967801279,667.7516348875631,677.4291948134698,174778
2023-01-10,657.4934692382812,670.654927595993,655.4127701506295,667.7516595111618,205158
2023-01-11,663.4451293945312,671.6226795978757,653.2836911585404,660.0096073281719,259331
2023-01-12,683.1389770507812,685.4131800007021,659.4289552929031,660.3967112830205,622691
2023-01-13,681.880859375,689.9132814923438,677.7195203554617,685.171253427922,231391
2023-01-16,674.7678833007812,686.3325795250294,672.5904322610871,684.3970674897456,117157
2023-01-17,686.042236328125,689.0422562326199,669.3484457101296,674.6226685357284,231550
2023-01-18,672.0098266601562,692.9133337728146,668.8161844323502,689.0423095617932,243557
2023-01-19,665.7194213867188,678.1066872173172,661.5096470595957,668.9613805807594,153728
2023-01-20,640.1222534179688,670.6549450932746,637.8479912518983,669.4936260156154,415386
2023-01-23,632.2350463867188,655.8483187814988,630.0575951683652,655.8483187814988,258705
2023-01-24,640.702880859375,642.5900169696268,634.0737755461083,635.8157246220554,144368
2023-01-25,634.50927734375,643.9448988243261,624.9768448179599,643.9448988243261,158901
2023-01-27,609.7830200195312,637.0737504979771,599.137704228212,633.783415602761,321797
2023-01-30,592.5570068359375,620.331616779754,586.9924096495356,604.8958962492633,423350
2023-01-31,626.428466796875,637.5576611488269,589.9440526296567,593.6699487877684,642179
2023-02-01,610.412109375,647.4287771254459,592.0731209897825,637.751216929251,500984
2023-02-02,633.2510986328125,652.9449681649176,610.4120812490031,610.4120812490031,1219592
2023-02-03,637.60595703125,646.7512621849196,606.0571380240376,644.5254354075993,512957
2023-02-06,651.6868896484375,662.9128352016398,624.7832266011435,636.7834241790935,428063
2023-02-07,626.476806640625,656.0417989235639,623.1864717666887,653.2352829698755,330490
2023-02-08,625.1220092773438,632.3801793849053,617.3799611626115,630.8801693761038,220810
2023-02-09,610.0734252929688,627.2994708235394,605.718523155441,621.3477476087286,290212
2023-02-10,602.766845703125,615.7348006923035,599.1377604338187,612.5412174687425,207298
2023-02-13,606.6378173828125,626.1381241656776,595.8473735581072,605.6216854089542,346299
2023-02-14,592.7021484375,609.6862536911843,591.2988904846248,609.0088127069891,314767
2023-02-15,593.9602661132812,600.6378063775007,591.8311910241721,594.7828351156653,225907
2023-02-16,618.1057739257812,622.557427934305,596.0409487638502,599.0409687608372,400867
2023-02-17,613.6541137695312,630.9769714279224,609.7830894049428,615.4928739695684,314846
2023-02-20,620.1380615234375,628.073672902038,612.2024501448371,616.7509153675713,291533
2023-02-21,609.4927368164062,626.0897763832461,607.4604727771421,622.2671282454486,138636
2023-02-22,606.4443969726562,614.4283849725011,600.0087951398622,604.8475757458289,199116
2023-02-23,607.8959350585938,614.3314768069149,600.0087002908194,608.8636910268048,196577
2023-02-24,607.8959350585938,614.5250398139844,604.3636021477689,609.6862599729294,273731
2023-02-27,598.3635864257812,610.2669746743647,596.1377592032242,610.2669746743647,127067
2023-02-28,597.831298828125,606.541103262691,593.3312095767426,601.8475100553649,147656
2023-03-01,625.17041015625,627.8801152908673,604.7991570566923,604.7991570566923,408001
2023-03-02,617.8154296875,640.5576947915495,615.976669733084,623.9606564185482,340065
2023-03-03,615.8800048828125,622.2671715078234,611.7186064043943,620.6219743264888,280451
2023-03-06,631.2188720703125,639.299611313195,615.8799625851497,616.8477186174538,409935
2023-03-08,632.1382446289062,635.1382646666675,615.4928292569568,628.7510985559513,205123
2023-03-09,626.476806640625,645.2996721633325,624.7832336847772,633.8801634744718,251145
2023-03-10,624.8316650390625,627.9768719384502,612.0088984492511,621.2993321252031,248507
2023-03-13,598.2184448242188,622.0252207791053,594.4441724831823,597.153877695318,292173
2023-03-14,582.9278564453125,606.7346916694047,580.6536532635546,601.2184701499721,374986
2023-03-15,582.1536254882812,595.1699558483106,580.6536154617663,591.5892467395349,199092
2023-03-16,568.1694946289062,586.8472317179685,564.2017188606853,583.5084618769781,223365
2023-03-17,567.8792724609375,583.2666182077044,566.1373232796599,572.9116160368525,249494
2023-03-20,536.9110717773438,565.363124707678,535.1207466214998,556.7016958103677,645312
2023-03-21,540.9756469726562,555.4436121353536,537.2013746459896,539.9595149053671,462085
2023-03-22,551.9112548828125,566.1372804090844,544.8466476415632,545.2821496706906,575891
2023-03-23,542.2820434570312,555.9274383081872,540.0078405154076,549.4918373705301,222490
2023-03-24,518.6204833984375,544.50795736539,516.4914083054842,544.50795736539,427935
2023-03-27,505.0718994140625,518.9107989318416,503.23313931662614,517.7494798738364,433414
2023-03-28,509.5235290527344,516.2978209869588,495.8781932120805,507.975143094624,519599
2023-03-29,522.5398559570312,527.4270118682545,509.620278115939,509.620278115939,556664
2023-03-31,531.0077514648438,538.4594847933365,522.3463230852042,525.1528392307213,393870
2023-04-03,547.5079956054688,555.4919831684296,532.217461540742,532.217461540742,366657
2023-04-05,554.5725708007812,557.9113408552336,542.911122670921,552.3951197740262,272509
2023-04-06,562.0242919921875,566.0405029832573,553.0725490719503,554.572559045157,228178
2023-04-10,573.0567626953125,581.5730040336235,569.0889274911493,570.9760635825198,332420
2023-04-11,588.5892333984375,590.3311824512589,569.2824886507427,574.6535228415842,274893
2023-04-12,616.073486328125,648.2998104927735,591.2989547321615,599.041003239293,2206053
2023-04-13,621.1057739257812,628.944632775985,609.9282042102466,616.4605570518478,742757
2023-04-17,616.2186889648438,625.5091237817435,611.6218475473596,621.1058453952664,285978
2023-04-18,591.0570068359375,619.1703082416396,585.9762875794681,618.2993632379585,589751
2023-04-19,596.8151245117188,604.70230030622,591.0569646189093,591.0569646189093,399886
2023-04-20,580.0245971679688,598.5087741902717,577.0729528648978,598.0732721301459,508689
2023-04-21,572.3309326171875,587.0407768356655,566.2340224506602,581.5729907747735,527736
2023-04-24,575.0890502929688,579.3955766605476,569.185761834362,575.1374262835193,174485
2023-04-25,586.556884765625,590.8150347691952,573.4921788370679,576.6858208733147,384413
2023-04-26,585.056884765625,595.1699468962328,583.266559771736,587.1375838165895,336714
2023-04-27,580.072998046875,592.3150765979368,578.7181159545729,587.9117983986673,309125
2023-04-28,580.121337890625,585.3956198302028,575.8631879233917,582.5891038426438,258412
2023-05-02,572.5729370117188,585.6376447455067,570.5889896947226,581.6214331856688,380861
2023-05-03,572.3309326171875,577.750342690612,563.4759414264805,572.5728716216644,496392
2023-05-04,578.9600219726562,588.8795208865213,575.4761240297638,576.1535059701708,430860
2023-05-05,576.5406494140625,584.9601386087785,572.9115643359212,581.9116835162838,357992
2023-05-08,582.78271484375,588.3956882139413,572.9115911556796,575.960046390882,326049
2023-05-09,575.3309326171875,586.1698114538489,573.7341116163739,583.5568584830346,331641
2023-05-10,574.94384765625,581.6213880510809,573.8793396244442,576.782607784433,184839
2023-05-11,576.4439086914062,583.4601399794411,571.8470675026938,575.4761526516774,260061
2023-05-12,573.1051025390625,579.5890794113582,570.0082715930413,579.5890794113582,179768
2023-05-15,570.6857299804688,577.6051500004096,567.1050209358758,573.8309370078434,160906
2023-05-16,579.105224609375,582.589122646184,570.1050463911955,571.024426421424,250585
2023-05-17,576.3954467773438,586.8956347594091,565.169500866441,580.6535967805901,764840
2023-05-18,548.9112548828125,579.5891341244842,543.8789115038677,579.4439470870832,924297
2023-05-19,533.0884399414062,551.5726174424254,529.3626024722536,551.3790544032294,654009
2023-05-22,529.894775390625,533.1367933660798,513.8784257243209,532.1206023326889,805061
2023-05-23,529.9915771484375,535.1206719426325,528.394756181474,531.7335260696744,316336
2023-05-24,531.9755249023438,535.7981732024036,526.2657404473537,531.7819618744021,383158
2023-05-25,526.5560913085938,534.2013884292775,522.7818778088925,534.2013884292775,322235
2023-05-26,528.3463745117188,531.4432053756716,523.9430967376796,530.2818864182973,243987
2023-05-29,526.8463745117188,536.6206861970188,526.168933518241,534.6851742540179,273501
2023-05-30,521.9108276367188,529.7012520509442,520.4108175678039,529.3625610592072,311377
2023-05-31,516.9752807617188,523.556009923297,514.5075147095195,523.556009923297,564473
2023-06-01,546.9757080078125,551.6209250367998,519.6849767451956,519.6849767451956,1176956
2023-06-02,538.3626708984375,554.9597105391506,536.1852198179024,546.7821602232682,1331454
2023-06-05,534.6851806640625,544.8466184866375,533.4271096994569,543.3466085262563,802025
2023-06-06,541.2659301757812,546.4918363106682,530.9593640030041,536.9110280857554,540930
2023-06-07,540.8788452148438,552.5886690405108,530.5722203177934,546.7821331136403,6498179
2023-06-08,550.7015991210938,561.2985402724246,541.5562921256399,555.9758817008757,2479113
2023-06-09,548.1370849609375,556.9436419452024,544.3144365086143,555.7823227984385,920003
2023-06-12,539.669189453125,554.0403432897668,538.4110593238188,552.3951461774867,1123552
2023-06-13,543.2982788085938,550.4596382531405,537.1046163624222,540.9272646346465,703598
2023-06-14,553.0725708007812,560.2823650332222,542.9111324921055,544.8466445509008,1703676
2023-06-15,548.7660522460938,556.9436026210298,545.814408129037,555.443592568146,738808
2023-06-16,548.9112548828125,554.3306652495882,547.4112447872891,551.5242080860284,398213
2023-06-19,546.3466796875,554.3306672968927,545.3305476233695,553.3145352327623,323018
2023-06-20,551.76611328125,557.4758383056878,543.2498131310049,546.7821461979001,745017
2023-06-21,560.5726928710938,569.3308733243609,548.8628682739708,554.4758415596401,1836919
2023-06-22,564.9759521484375,575.1373903491905,559.3629790509733,564.6856371561297,1568068
2023-06-23,552.4435424804688,566.5244408979954,551.3306584129627,566.1373148336446,536179
2023-06-26,550.2176513671875,555.3951813075427,548.9595804048964,555.298370269128,358357
2023-06-27,550.0241088867188,555.0080760034047,548.717661890027,553.0725639685193,414593
2023-06-28,543.1046752929688,553.2661132233593,541.9433562874965,551.7661032470627,552669
2023-06-30,544.5563354492188,551.3306277283205,542.9111383680087,545.8144064876237,433515
2023-07-03,549.8790283203125,552.5887335892828,546.6854450009138,549.9757803035402,492940
2023-07-04,550.9918823242188,558.3468637296011,549.201557262203,552.5887034303399,435097
2023-07-05,554.3306274414062,557.4274584685483,551.6209224428342,552.7822414614047,597577
2023-07-06,582.9278564453125,585.8795597697841,553.8951737821347,556.5565030262594,3446370
2023-07-07,594.5408935546875,596.7667796779654,577.9922890643395,584.4762662804148,2823566
2023-07-10,588.5408325195312,599.8151544312168,585.7826924909983,599.7667784448506,1036974
2023-07-11,589.5569458007812,598.0248104961018,586.7988058597377,590.3795147443292,815503
2023-07-12,577.3148193359375,591.2989050913787,573.6373584172092,590.0892101136959,788102
2023-07-13,578.2826538085938,595.1700098026007,574.9923184629805,580.5569161156064,859159
2023-07-14,580.072998046875,585.4924082818003,576.395477815524,581.6213840948133,458099
2023-07-17,590.2828369140625,593.1377291833433,580.7504040194909,582.7827272419092,585697
2023-07-18,583.556884765625,596.137713127073,581.6213727100176,593.2344450436619,460506
2023-07-19,585.056884765625,589.6053498317558,582.6858707247243,586.3633908210467,311736
2023-07-20,582.056884765625,587.5731060325865,578.9116776210666,587.427918999058,318931
2023-07-21,576.0567626953125,583.4601197696593,574.4599416582137,583.4601197696593,335904
2023-07-24,568.4598999023438,578.3309638811999,567.5888958726147,578.3309638811999,416803
2023-07-25,571.750244140625,575.7180792583151,559.7501049468021,568.5566610917504,597412
2023-07-26,534.6851806640625,581.089091867249,526.7495697891954,574.459927942715,2717400
2023-07-27,523.1205444335938,532.74972937561,520.6527782090429,532.6529773931351,1316797
2023-07-28,534.5885009765625,536.8627042175026,518.9108401170341,524.6205657490916,707953
2023-07-31,526.5560913085938,535.0723925807492,524.3302640035679,533.185256297325,619593
2023-08-01,537.5401000976562,540.10461814365,527.0883467594603,529.5561128290544,568878
2023-08-02,535.2174682617188,541.9433845802049,528.83030199888,540.5401265031315,451863
2023-08-03,534.4432983398438,536.1852474807141,529.3625788898045,529.3625788898045,290924
2023-08-04,531.733642578125,539.3305049308864,530.4271363005756,538.5563118037179,272756
2023-08-07,532.798095703125,537.6368760819876,531.2980855991062,536.717495996575,241466
2023-08-08,533.765869140625,536.3304464516971,531.3948548644321,536.3304464516971,230226
2023-08-09,531.4915771484375,536.8626108332065,530.7657601892219,536.42710884425,185156
2023-08-10,534.5885009765625,537.1046432459918,532.3626146607455,535.3626940542988,203851
2023-08-11,531.4432983398438,535.9433288695376,528.3948429268687,534.7336337163167,213538
2023-08-14,529.5077514648438,532.1690806278785,521.6688919443469,532.1690806278785,295562
2023-08-16,521.1849975585938,531.056120866952,520.41080454889,529.4592997923866,278521
2023-08-17,532.7496948242188,536.1368409311847,519.2494863844548,519.2494863844548,436241
2023-08-18,526.12060546875,536.2820440953294,523.0721502539193,535.7497310087947,244943
2023-08-21,536.3303833007812,538.3626472598578,526.4108843694471,526.4108843694471,353212
2023-08-22,535.6045532226562,543.8788549498358,535.1690512228812,536.1368071925427,370629
2023-08-23,554.959716796875,559.846873019311,537.1046059217246,539.523996038489,1146022
2023-08-24,552.2984008789062,563.2824086448879,548.7176916070191,560.330764445263,490013
2023-08-25,548.9000244140625,558.060658827003,546.880754159044,557.0756430810826,302287
2023-08-28,545.5509643554688,555.2534058368273,543.9257243948437,551.5103579062032,296495
2023-08-29,575.4954833984375,579.9772932818291,546.6837711358713,546.6837711358713,1358745
2023-08-30,593.4720458984375,605.3907135603586,579.8296005098404,581.159347850752,2847408
2023-08-31,597.7568359375,602.7312140050202,588.1036927702864,596.8211189899185,726233
2023-09-01,594.7033081054688,602.8296887131212,592.388544950315,596.9195937257376,638449
2023-09-04,614.2557983398438,618.1466225808202,600.3178615340847,600.9088469365107,1940905
2023-09-05,609.4785766601562,624.0075609118529,601.0074641277453,616.6199418008207,1059335
2023-09-06,622.5299682617188,624.4015222778308,603.3713994611916,610.7097789909267,1361988
2023-09-07,649.3716430664062,654.8384685379551,620.5599319405931,624.6970101776485,3758742
2023-09-08,656.1683349609375,663.949924132459,652.080495120028,652.080495120028,1411761
2023-09-11,652.7699584960938,664.8856403630352,645.1853250930194,658.2367839594049,1117873
2023-09-12,616.8169555664062,655.0847984242957,611.7933385102313,653.0655278960971,1347928
2023-09-13,623.7612915039062,634.0547192346436,606.5235140047853,617.5064648596067,965952
2023-09-14,637.157470703125,642.1318487810413,626.7655656373054,629.2281052320776,578450
2023-09-15,627.7505493164062,646.4166105126618,620.6091848574092,638.2902302662169,822135
2023-09-18,628.8341674804688,636.1724877558102,626.3716277583814,627.7506139303911,478026
2023-09-20,615.7333984375,629.2281279277124,611.7440961741979,628.3908884835297,425089
2023-09-21,602.9774169921875,618.4421162112752,599.7761157962914,616.619861117232,420078
2023-09-22,614.8961181640625,619.5749432522152,603.8639290899838,604.6026909460079,354933
2023-09-25,608.3457641601562,620.3629695394284,606.3264936942703,616.6199213381722,186412
2023-09-26,643.412353515625,650.1596879168922,607.8040071389761,611.1038462486825,2342789
2023-09-27,641.1467895507812,650.1104090208626,636.4186657523381,646.1703459358877,828733
2023-09-28,625.9283447265625,646.1704087698523,624.1060293002038,639.7678056341754,424598
2023-09-29,637.1082153320312,640.2602779553147,625.5342795382236,630.2131046463586,330776
2023-10-03,640.9990234375,648.1403878937764,627.4550563652516,638.9797530981197,464533
2023-10-04,633.8084106445312,643.0675228308319,627.4550468897397,639.1767586271254,376494
2023-10-05,629.32666015625,639.2260575747437,626.9625980321632,637.0590106477637,246408
2023-10-06,633.9068603515625,638.2409536072457,631.3950822668185,634.5471446236255,278694
2023-10-09,613.9603271484375,627.4550554354535,608.493501562404,626.4700396498405,393116
2023-10-10,617.4078979492188,627.4550712396554,613.5170734739279,613.664849893729,202886
2023-10-11,621.003173828125,633.3158703505297,619.8703816998284,620.5599047292008,264839
2023-10-12,628.8833618164062,630.4101243121057,620.5599661197291,624.3030142087133,280471
2023-10-13,637.551513671875,645.1853865663625,622.08675268731,627.9968478314294,855142
2023-10-16,670.7465209960938,686.3589973769714,638.438014782044,642.2303015635916,5378214
2023-10-17,672.716552734375,684.1919507337292,669.8107440998233,679.3654093853659,1330510
2023-10-18,678.6266479492188,682.6159499181281,662.9648726690937,676.6566163477235,1013867
2023-10-19,669.1212158203125,686.753022554278,666.4124223909408,679.6608968241682,565961
2023-10-20,652.6222534179688,675.7208876209683,648.2389207671534,669.8107923939627,532054
2023-10-23,601.6476440429688,655.7250359990044,591.1079628637782,652.0804654820104,1207135
2023-10-25,614.058837890625,618.8361401932642,598.8895714086823,607.7547130907187,674099
2023-10-26,607.9025268554688,615.6348768606005,585.1486257343448,615.6348768606005,786565
2023-10-27,627.0117797851562,632.2816502557198,609.7740037162499,609.7740037162499,468222
2023-10-30,626.71630859375,633.5621804917022,616.6691353159475,633.5621804917022,253318
2023-10-31,632.8234252929688,641.8362839694796,626.4700612327629,628.4400928718596,453317
2023-11-01,629.6221313476562,634.251717778566,609.4293068073988,634.251717778566,494017
2023-11-02,585.838134765625,637.7977171260902,581.7502952331051,632.9711157590614,1602553
2023-11-03,593.521240234375,601.4999040443347,576.6282558499493,586.133621958815,1098934
2023-11-06,603.1251831054688,609.2322933000981,595.3928328571737,595.9345795417289,632711
2023-11-07,612.9752807617188,618.5898824835375,600.8595992276399,603.1251233973312,497147
2023-11-08,621.8404541015625,623.5149929630225,612.4828041281838,619.180899453431,343950
2023-11-09,618.9346313476562,624.3029792863247,614.6498368218939,621.8404398759806,224346
2023-11-10,606.57275390625,618.8854521429009,604.7504986154644,618.5899594093406,313403
2023-11-13,602.1401977539062,609.7248320834256,600.8596891290623,609.4293393423998,174752
2023-11-15,605.7847290039062,612.1873318307768,603.3221894551099,603.7162198311551,259742
2023-11-16,606.2772216796875,613.6648401404473,604.1101749070793,609.3307465952311,204034
2023-11-17,601.3521728515625,610.3650918737433,598.9388720092838,609.1338220685599,205587
2023-11-20,590.4185180664062,603.4699779358435,587.1186789327194,601.1551546413596,376409
2023-11-21,591.2557373046875,594.9495465756456,583.6218648113742,594.4570386728511,352321
2023-11-22,591.6990356445312,603.1251955050603,590.024496668265,592.9795442308773,255886
2023-11-23,597.1165771484375,607.4592428261104,590.9109897659521,594.9987691757249,408195
2023-11-24,591.9452514648438,603.075917876003,591.0094744395293,597.1165843661896,214830
2023-11-28,591.4035034179688,596.3285823600884,590.4184876295448,593.472012525422,263799
2023-11-29,619.6241455078125,626.2730018202527,593.6197657804004,594.9495129946523,1660970
2023-11-30,618.097412109375,625.4850305808018,612.7783027617105,624.8940451513249,520072
2023-12-01,617.5064697265625,632.0846925023142,616.127423467525,625.4850741836585,656338
2023-12-04,635.4336547851562,638.191747061964,618.7869241976381,625.4850194686167,833727
2023-12-05,630.1638793945312,644.7913404717465,626.1253385259776,640.2602916865109,680541
2023-12-06,661.3888549804688,667.5944423466624,628.6863191851822,631.3951125698422,2084787
2023-12-07,645.7271118164062,668.1854605940018,638.3887318987446,666.3139665995492,679465
2023-12-08,635.4336547851562,658.9263171792854,630.4100983620704,647.1553665998129,655144
2023-12-11,640.2110595703125,650.7014422322683,635.6799506174065,638.2902666511782,456052
2023-12-12,656.2667846679688,663.8514184435973,636.32021447731,640.5065316778187,1054738
2023-12-13,652.2774658203125,658.9263223789418,646.4166098667356,657.9905453576829,549611
2023-12-14,641.1467895507812,658.5815206053221,639.5707282444364,658.5815206053221,403847
2023-12-15,648.33740234375,659.862099063614,641.2452766607112,641.2452766607112,558192
2023-12-18,688.821533203125,694.386896491365,643.757060596023,650.1104244958971,2626524
2023-12-19,694.9286499023438,703.9908073256141,669.8107468938252,695.4211578044716,2192097
2023-12-20,646.2688598632812,703.69533065758,636.9605083972456,695.5196511993214,1379278
2023-12-21,653.9027099609375,662.9156285127281,635.3351863160618,646.1703600361807,881930
2023-12-22,666.6094360351562,674.6865775391245,655.3802319783476,656.0205162902314,656404
2023-12-26,663.8514404296875,678.6266780972942,658.4830920530045,668.9735348452436,458855
2023-12-27,667.594482421875,681.1384501582096,661.8814026008494,667.8407363807174,636722
2023-12-28,665.6736450195312,679.3161494997797,656.8085030938241,669.8107232756462,829962
2023-12-29,669.2197265625,678.6758537420192,663.2110943975097,665.6736337797375,642856
2024-01-01,677.4938354492188,692.0720568397637,667.8899316794237,674.7358033138062,1506451
2024-01-02,681.877197265625,694.6331640814951,670.8450081243159,683.0099895000028,1149524
2024-01-03,676.5088500976562,685.2755149043153,672.2240553482385,681.8771983165387,504916
2024-01-04,685.3740234375,698.1792296188754,681.6309751932173,695.1257045007862,674825
2024-01-05,673.60302734375,687.8857563708522,666.1661701158257,685.4232168834208,463395
2024-01-08,659.9606323242188,678.8237102665007,655.5280609130859,674.5388551633805,439962
2024-01-09,647.0569458007812,669.1705038747168,645.1853916089439,664.8857089099803,486014
2024-01-10,639.8170166015625,653.0162526944222,635.4336841596399,647.6971431953666,440743
2024-01-11,643.8555908203125,650.6029248878696,640.211020397882,640.8512445846895,351594
2024-01-12,645.8748779296875,654.3952286044461,644.7913244675248,646.9583712712565,291921
2024-01-15,637.945556640625,648.8792088245722,636.024763656797,645.8749224245324,365115
2024-01-16,652.3267211914062,666.8557044116,637.8962155041289,643.5600564204756,710743
2024-01-17,643.8063354492188,651.9820150999016,639.3245253562734,650.1104609368448,362609
2024-01-18,638.0932006835938,648.091134748785,621.0524399694541,643.2152946868415,436946
2024-01-19,635.0889282226562,654.838482714031,633.8576584897701,641.2945156522837,495667
2024-01-23,619.4765014648438,648.1404390843154,615.6349155436127,648.1404390843154,485414
2024-01-24,628.1445922851562,631.9368790946967,611.6948162805462,617.6049111238365,360879
2024-01-25,627.8490600585938,641.5407428449532,620.6091582587906,628.1445527580452,579382
2024-01-29,618.6884155273438,633.6606680888754,616.6199063434392,628.489335008519,436421
2024-01-30,606.6712646484375,623.4657722739913,604.7997105512627,618.7377083850058,461362
2024-01-31,608.8875732421875,617.9004322197765,603.5684635907016,606.6712875741678,487417
2024-02-01,571.0629272460938,615.5364160035359,562.0500083564555,608.8875591533227,1980261
2024-02-02,565.4483032226562,585.5426494223334,561.4590012902389,566.3840802489252,1318929
2024-02-05,532.6472778320312,568.4525770370436,529.445976578302,566.1870527892919,1495356
2024-02-06,529.8892822265625,542.3496965084405,524.61941141941,527.0819510151086,1165819
2024-02-07,527.0819091796875,541.0691449971836,524.8163849555825,538.8036207730786,628167
2024-02-08,516.4930419921875,534.3711038942142,512.0112318546135,527.9192620372146,678965
2024-02-09,507.57861328125,521.565849212483,504.86981991895664,521.0241025641426,560987
2024-02-12,492.55712890625,509.3516359359518,490.39011222580564,507.7756347357363,654659
2024-02-13,487.632080078125,496.25096868714354,476.10741277424466,492.6064281115087,827799
2024-02-14,483.44573974609375,492.2124043622912,481.1802154436608,487.58281810565427,633883
2024-02-15,500.2895202636719,507.57863119282223,484.5785362441344,486.1052987144583,995334
2024-02-16,487.09033203125,506.6921712613323,485.3173155464586,498.91052209065344,777790
2024-02-19,487.04107666015625,494.0839336517326,486.2038072140982,493.64066451549695,574941
2024-02-20,506.8398742675781,538.5081566858051,500.38803272020607,509.5486677517918,11983014
2024-02-21,514.2275390625,519.4974102048978,506.83991980543715,507.48020418928905,1849768
2024-02-22,509.647216796875,516.6408051732896,503.34309140810484,515.1632814216024,697173
2024-02-23,512.4545288085938,517.133354395986,509.2532270909043,512.20827483031,447992
2024-02-26,503.44158935546875,515.3110479693971,502.35806594627036,515.3110479693971,509004
2024-02-27,507.23388671875,510.23817281642715,502.850554484143,503.2938236081984,305971
2024-02-28,507.28314208984375,510.2874282858687,503.9340943483003,507.67717246203455,476682
2024-02-29,498.1717529296875,509.7456888603328,495.26594422510874,507.03689534464985,359325
2024-03-01,501.0282897949219,505.46089103605345,499.4522584741213,501.57006653097994,263710
2024-03-04,498.270263671875,507.0861373151575,497.3837554368379,506.2981366751906,231711
2024-03-05,514.1290283203125,520.8763627578085,497.43299785339144,498.2209984991391,982834
2024-03-06,500.88055419921875,514.0797904918415,494.47795124485316,514.0797904918415,657064
2024-03-07,505.6578369140625,512.5037087486185,498.0239945238715,498.0239945238715,463380
2024-03-11,496.0539855957031,508.9084604102111,493.49293838642853,507.2831602175862,317165
2024-03-12,485.56353759765625,497.2852192908919,481.0816977918072,496.5956962252857,524968
2024-03-13,453.05804443359375,490.4393772615081,443.2571248706677,489.5036302562931,935743
2024-03-14,465.4692077636719,468.9660319161269,449.80746243804026,454.0922872122981,547384
2024-03-15,483.10101318359375,488.0753309705778,459.11587233978145,464.8782208062866,752131
2024-03-18,479.7519226074219,485.9082712193655,475.76262073100077,481.62347663368945,405657
2024-03-19,478.8161926269531,485.6127957233956,475.07311450203474,482.55924069157453,409350
2024-03-20,476.4521484375,483.8890056090007,470.8867851898923,480.49068911800987,396470
2024-03-21,474.9746398925781,484.9232756151231,472.8075930669026,476.7476563424601,576453
2024-03-22,476.9446716308594,488.075338362536,474.8268635715632,476.55064125498285,540826
2024-03-26,482.510009765625,487.2873425475218,476.0088992832715,478.71769281256064,815126
2024-03-27,479.4071960449219,491.47363944795217,476.0088795521948,485.07103682593606,729281
2024-03-28,496.5464782714844,507.18466710790426,485.0710500406906,485.6127967147322,1512219
2024-04-01,514.3260498046875,519.1033526259669,504.2296072881917,505.313130734575,1011116
2024-04-02,522.3538818359375,524.0284207685273,510.23819916935554,510.3366767039688,722159
2024-04-03,548.30908203125,552.3476228581228,516.000514933889,520.1375934154383,1992282
2024-04-04,570.3241577148438,571.5554274853853,542.2512069464965,551.6088572026123,1535148
2024-04-05,554.9579467773438,571.3091856281171,552.790899911187,569.9301394076732,1045238
2024-04-08,546.7822875976562,566.3841275380829,544.1227928343905,556.5339687982902,433203
2024-04-09,533.5831298828125,566.285670082876,531.9085908135388,549.4418619680873,877078
2024-04-10,554.4161376953125,561.9022941003533,529.9385182873416,534.8143586860375,846552
2024-04-12,542.8914794921875,556.5339242054466,541.7586872796384,554.4161161978436,306135
2024-04-15,530.2832641601562,537.4739280343273,516.1975493868761,526.9834850775358,466769
2024-04-16,537.2276611328125,544.0734730981949,518.3153450529107,518.3153450529107,348682
2024-04-18,538.902099609375,546.9792408859012,534.0755584455346,541.6601918408164,370465
2024-04-19,540.8721313476562,547.471748983052,522.3538470296824,528.5594343116908,647185
2024-04-22,545.0092163085938,551.5595952608835,539.7886447249706,541.7586762750617,287712
2024-04-23,545.7972412109375,549.7373044865858,542.7437162205479,547.1762874056521,345943
2024-04-24,599.2836303710938,620.3629321937236,547.5210025371672,549.2940790547148,3354288
2024-04-25,608.6412963867188,612.5813596483371,587.0694259811211,596.7718077146184,1874520
2024-04-26,611.7932739257812,624.9925093616396,601.0566380485037,603.9624466094492,1677976
2024-04-29,590.960205078125,620.4614385073058,589.0394123615238,613.9602985527011,1145157
2024-04-30,596.0330200195312,605.3906698602912,587.2664157147533,591.0587023914561,836906
2024-05-02,581.7996215820312,597.4120983733948,576.4805120742445,597.4120983733948,564306
2024-05-03,576.0864868164062,598.3478807506784,572.5896926277024,586.0351828182033,784396
2024-05-06,569.9794311523438,584.1143841920587,562.2962596213013,581.1593367172253,371807
2024-05-07,547.0778198242188,572.3926787343011,544.2212498491705,569.9794380305414,505426
2024-05-08,546.8807983398438,552.9879084820418,527.4759745534413,549.8358458163336,329147
2024-05-09,531.6622924804688,549.5895925511733,529.0519764913818,547.6195608977023,304191
2024-05-10,523.73291015625,535.2576069803422,516.4930079916031,531.6622752808312,385806
2024-05-13,515.7542114257812,528.5594158970613,503.34303729416075,525.0626220847911,859054
2024-05-14,522.1076049804688,525.9491905914222,515.2124944832852,515.7542411410883,393603
2024-05-15,544.4674682617188,558.8979733774075,525.0134067544027,525.0134067544027,1151307
2024-05-16,548.99853515625,551.0671044201903,542.7437088394591,546.6345332953672,228073
2024-05-17,548.5060424804688,555.0071830497092,546.8315636610811,551.3133736764801,154975
2024-05-21,543.0391845703125,550.5253405304195,533.9277886542985,547.6195319709237,418417
2024-05-22,546.9300537109375,551.4118638288888,535.8978641063364,545.6003063543859,492028
2024-05-23,540.9214477539062,551.1163371816841,537.8186239520993,548.6537976947241,181337
2024-05-24,551.1655883789062,561.4590156906877,538.8528906663912,540.2811756251618,607737
2024-05-27,546.0435180664062,556.5339610260205,543.1870081441176,551.4118665287413,345204
2024-05-28,537.7693481445312,548.3090284468584,533.4844936600088,547.077758788189,264067
2024-05-29,561.3605346679688,569.339138687848,528.3625050035347,531.7607614545908,1519647
2024-05-30,550.0820922851562,566.3840919511085,547.8658067079563,566.3840919511085,1068061
2024-05-31,558.2084350585938,574.2149409246786,550.8208169665546,550.8208169665546,2130087
2024-06-03,556.4846801757812,568.354108369784,554.8593800810796,568.1078544233499,616265
2024-06-04,519.5958862304688,555.4997277391394,495.7584894731217,555.4997277391394,777522
2024-06-05,548.0134887695312,551.0670736685863,518.1182847886145,525.0133950424553,481707
2024-06-06,566.3840942382812,569.634634407182,547.7672712663853,548.6538095490829,1571857
2024-06-07,570.1271362304688,575.4954843948561,563.2320255915915,566.4333269596417,764285
2024-06-10,591.9945068359375,599.6776181950471,572.8851759114648,580.6668249247673,2522505
2024-06-11,598.298583984375,602.9281098617259,589.039411988494,593.9152519212123,917136
2024-06-12,591.6497802734375,604.1101944071053,589.5319721980886,599.8746383770024,676137
2024-06-13,590.615478515625,594.5555419083125,585.0994138141009,592.2900174816365,744419
2024-06-14,584.705322265625,600.662589360977,570.619609134271,580.2235126493655,928612
2024-06-18,610.2665405273438,614.2558425825298,584.7053679210112,590.9110156964058,1850265
2024-06-19,635.8276977539062,652.9669966912496,618.8361752345338,620.5599528814267,6281630
2024-06-20,717.2392578125,738.7618283639326,627.4550462237668,642.0332676126968,21619784
2024-06-21,675.6715698242188,721.6718176516238,670.0569679911341,712.1663915583829,5005746
2024-06-24,667.8899536132812,685.4725217800664,637.6992553050071,652.080461989468,1982798
2024-06-25,663.7529296875,694.2391833353062,654.1490248141255,669.6137862240893,2531168
2024-06-26,690.7915649414062,703.0550236120681,657.2517891490752,661.9306141748648,2255229
2024-06-27,649.1746215820312,689.511028790387,638.2902095088153,689.511028790387,2248574
2024-06-28,667.0526733398438,673.3074992611218,640.8512184975574,651.3908989742422,1913770
2024-07-01,676.21337890625,685.57102945193,667.0527435540719,670.7957917482247,1124250
2024-07-02,704.6803588867188,711.5754697951188,678.0356322084963,680.4489330505554,3546245
2024-07-03,730.1921997070312,748.0210217396378,700.7402633920118,709.1128976827372,4740250
2024-07-04,738.6140747070312,755.5071197510049,716.5989955917289,733.9845485364528,2883919
2024-07-05,746.3464965820312,768.312337277513,736.1515468034922,758.4621791072885,3077723
2024-07-08,759.1516723632812,763.3379894210747,736.3485330472987,748.5135139817127,1633742
2024-07-09,769.494384765625,784.4666375292102,760.6292422225201,763.8797824642061,2505661
2024-07-10,749.2030029296875,767.3273179276935,719.1107818823159,767.3273179276935,2031462
2024-07-11,743.1944580078125,762.599282255595,738.8603642243396,755.507156119274,766514
2024-07-12,761.9097290039062,782.4965834803036,742.94817466218,745.8047445593011,2027521
2024-07-15,770.0360717773438,783.0875306210276,748.6612177224378,764.1752159705902,1079297
2024-07-16,757.9696655273438,791.9527109603436,753.6848708035943,772.2523947673002,1619920
2024-07-18,744.9181518554688,761.7126581640923,733.8367248030734,760.4321497288223,863908
2024-07-19,741.4706420898438,752.9461001870304,732.556261140315,744.9181973835196,950516
2024-07-22,764.7169799804688,780.1325010507309,722.8045703887935,733.6889827795874,1708118
2024-07-23,771.6614379882812,778.8520416416733,720.0465835973594,764.7170281758517,2463504
2024-07-24,829.5311279296875,834.7516999470947,781.6100824436616,783.0876062289993,6200066
2024-07-25,835.1456298828125,838.2484537304047,813.6722972637788,825.4432482092586,1400878
2024-07-26,849.3298950195312,868.6854800270429,834.357642456941,835.1456430927416,2556235
2024-07-29,905.4757690429688,918.5272283193565,852.3833936741812,854.9937095776959,3384717
2024-07-30,954.2340698242188,967.1870518267156,896.5121671713475,911.1396279611896,3234466
2024-07-31,916.064697265625,978.4161856037795,906.9533010831443,954.2340596516926,5475632
2024-08-01,920.64501953125,960.291904534397,913.454356266504,928.8698772165853,2720591
2024-08-02,947.2897338867188,964.1334804986143,908.6771014019427,908.6771014019427,3153233
2024-08-05,916.8526611328125,941.6750704104273,894.7390452062737,917.0496763097362,2769300
2024-08-06,934.4352416992188,997.8209829551939,924.4373075058732,924.4373075058732,4402434
2024-08-07,997.3284912109375,1003.6818551049925,939.5080520914292,950.4910022404091,2800442
2024-08-08,968.9600830078125,1020.5748763748634,960.6366872286745,1009.6412247212421,1982316
2024-08-09,979.9429321289062,998.8060085074366,966.3989650510194,985.015787482679,1254211
2024-08-12,998.70751953125,1013.5812337035414,966.398953975616,979.893682133591,1569610
2024-08-13,939.31103515625,1003.7310919980835,935.7650023534635,1000.8252833877094,1254708
2024-08-14,945.1719360351562,959.4054269290127,929.9041905347459,945.6152051867066,1497511
2024-08-16,936.208251953125,957.1890758598687,930.8399039748659,951.2789812314569,638704
2024-08-19,941.2318725585938,955.9578713699156,924.6343797262724,938.7200941942602,760183
2024-08-20,945.3196411132812,957.3860842271108,927.8848500593847,947.0926574650726,507820
2024-08-21,1036.236572265625,1065.0975819280507,949.5551859924549,951.6729939098651,6115519
2024-08-22,1046.0867919921875,1067.1661544101357,1024.1208912954996,1043.9198053029913,2216460
2024-08-23,1052.63720703125,1058.892033600091,1022.9389552499485,1048.7463222979577,1019518
2024-08-26,1069.7271728515625,1107.1577737432378,1049.337393620204,1063.1767936472818,1925756
2024-08-27,1059.0888671875,1097.2090481691578,1054.0653110014086,1069.7270851919575,1312502
2024-08-28,1053.7205810546875,1072.6821339271369,1046.136008002179,1060.861945123532,562772
2024-08-29,1027.6671142578125,1082.3846741702807,1020.8211817567052,1053.7207361507592,1001883
2024-08-30,1030.425048828125,1058.399522804371,1020.7719657159923,1031.3115871346452,1008184
2024-09-02,1055.7891845703125,1078.3953698258117,1033.3800746238908,1034.6606432887334,1282770
2024-09-03,1046.0589599609375,1081.25685026977,1034.591035795317,1063.3848362157244,827092
2024-09-04,1084.4837646484375,1111.9371888362916,1035.1371955024376,1046.406469251218,2932878
2024-09-05,1063.8812255859375,1100.121696639495,1052.5622597013435,1095.3557779926093,1206128
2024-09-06,1043.477294921875,1066.6613644499591,1032.605202092322,1066.6613644499591,680784
2024-09-09,1054.697021484375,1068.150724605101,998.5491243883788,1027.5415140349435,1387918
2024-09-10,1060.753662109375,1078.6753692589311,1052.4630575474669,1067.3564027014406,426862
2024-09-11,1016.5700073242188,1060.1578856308986,1005.0028796787411,1059.4132184202,798437
2024-09-12,1002.3220825195312,1037.9171515513005,991.8967413937709,1023.7684743091972,715672
2024-09-13,993.6839599609375,1016.1729350084007,985.2940302107204,997.8541086546547,594560
2024-09-16,966.5284423828125,988.8684595186777,961.1171816674457,985.1451233293668,851702
2024-09-17,951.4861450195312,980.9253475540576,948.7556984661196,961.117186800891,464704
2024-09-18,1011.7048950195312,1029.1797887716946,951.4861150522428,951.4861150522428,1954151
2024-09-19,973.9254760742188,1019.1019548778028,953.1740582734212,1018.6055100557853,1605314
2024-09-20,964.9397583007812,987.8755450105133,959.6278230448306,978.6416836136068,449981
2024-09-23,1026.796875,1039.1087311308327,968.0674268631643,970.0532062003196,2285748
2024-09-24,1065.96630859375,1082.6469032665818,1016.7190059819685,1029.626571487599,1265040
2024-09-25,1055.2431640625,1076.2426831097944,1045.1653099169182,1066.3634796147871,776918
2024-09-26,1063.6827392578125,1090.1928446494965,1038.6122753895065,1058.2218461379834,778974
2024-09-27,1058.1224365234375,1080.4128815713439,1045.3638289422818,1061.597550249172,625214
2024-09-30,1059.1650390625,1077.880984811557,1054.4488132030701,1059.413261476154,575150
2024-10-01,1102.504638671875,1126.1353384860122,1062.3918744971224,1066.3634329064573,3008033
2024-10-03,1117.7454833984375,1155.57455346619,1058.4203289386937,1091.036728530904,2562257
2024-10-04,1080.3631591796875,1119.0858539259295,1069.689595884249,1117.7454771944133,1301423
2024-10-07,1040.54833984375,1086.0227337109907,993.8825268927421,1077.8313942036327,1648165
2024-10-08,1063.037353515625,1072.3208477253695,1024.8606728358425,1034.5910401202175,794504
2024-10-09,1072.122314453125,1082.5476559911024,1061.7962376417056,1066.0655905025135,485101
2024-10-10,1059.8599853515625,1109.405202049048,1025.6549861342207,1074.3065779256794,1682475
2024-10-11,1050.67578125,1070.3350448402507,1040.8462706572247,1057.4274793644408,401430
2024-10-14,1028.931640625,1056.6828591520925,1022.2792069392278,1050.6758280093038,337157
2024-10-15,1038.9100341796875,1052.0658217020912,1030.6194300569816,1031.612319681314,281731
2024-10-16,1053.6048583984375,1060.207598698984,1030.6691321144297,1042.5341147489669,313422
2024-10-17,1027.0450439453125,1057.8741938281544,1019.1019270102403,1057.1295266154912,361979
2024-10-18,1012.548828125,1025.0592737689851,993.7832505607826,1022.72600738916,379314
2024-10-21,983.5564575195312,1024.165668216678,977.9962997512629,1013.243882128085,365915
2024-10-22,953.2236938476562,1012.9956627402125,947.8124331491962,991.8967577333715,449358
2024-10-23,1110.7952880859375,1125.9368551414107,949.3017634144709,964.2944333842014,5555984
2024-10-24,1117.497314453125,1134.7239258463835,1065.5691366555266,1074.703794266292,2333348
2024-10-25,1125.638916015625,1162.6737473983205,1052.5126923149178,1108.0648181866145,1738877
2024-10-28,1121.1708984375,1170.4678917839735,1103.348578429963,1145.7946092312056,1799972
2024-10-29,1223.1903076171875,1323.5218512754586,1107.419403231461,1126.9297083253155,3566513
2024-10-30,1206.1126708984375,1326.4508448607098,1188.3399223862398,1315.5787519575465,4282182
2024-10-31,1242.5516357421875,1254.0195590505466,1178.7584792346677,1194.4461833236799,843698
2024-11-01,1239.37451171875,1264.941420332215,1227.7080582737708,1249.0551858539454,155621
2024-11-04,1268.5157470703125,1280.8276025288887,1181.5386410925407,1236.1475698825323,1278206
2024-11-05,1312.053955078125,1340.4010025386783,1241.1120393876652,1241.1120393876652,1764773
2024-11-06,1381.7548828125,1393.967352584129,1300.7351129528167,1312.2029154992606,1263313
2024-11-07,1336.6279296875,1387.066769797435,1327.493393857674,1387.066769797435,587799
2024-11-08,1320.8907470703125,1370.0387856916404,1315.578811581003,1336.4294946324756,578496
2024-11-11,1271.9908447265625,1332.4081527604235,1265.5867552753814,1328.1883719524383,762785
2024-11-12,1292.64306640625,1354.2517967929023,1275.3170692007834,1282.7637416151342,1087053
2024-11-13,1228.552001953125,1304.0613094085054,1216.2898388387719,1291.7494533299935,954537
2024-11-14,1273.331298828125,1315.5291094723102,1241.1120777701524,1242.9985923688334,1627537
2024-11-18,1269.6575927734375,1333.4010574546146,1263.3527679706133,1273.877373629185,1165133
2024-11-19,1263.501708984375,1348.2943838640729,1256.9982336233168,1279.8346944237405,1629865
2024-11-21,1270.40234375,1279.1398214024928,1246.6226844288215,1274.8703473036342,604380
2024-11-22,1267.22509765625,1284.6006663787823,1236.14760340301,1270.8987408480746,418700
2024-11-25,1285.69287109375,1315.529133261473,1273.0830994341675,1293.4373378776706,614862
2024-11-26,1296.86279296875,1338.4151990550263,1287.777828764369,1298.103904985678,1129963
2024-11-27,1329.1317138671875,1341.3441834700682,1285.394877631379,1309.6214085964527,1284954
2024-11-28,1343.0322265625,1364.1807036577152,1312.649827122747,1330.472148088212,1489946
2024-11-29,1365.173583984375,1377.1379528196605,1316.819906219953,1347.3015701770544,989429
2024-12-02,1358.521240234375,1378.1308104844236,1342.2378260141184,1362.2942693203868,638361
2024-12-03,1348.989501953125,1414.7187460969083,1336.8266041487016,1364.0318038864118,2150315
2024-12-04,1338.3656005859375,1371.92532037402,1333.1529297468105,1357.776642382104,638041
2024-12-05,1369.1451416015625,1383.8896499436419,1344.3725931844583,1345.2662181146375,923422
2024-12-06,1413.7259521484375,1421.0733600496014,1353.358332090101,1375.0529474423524,1197996
2024-12-09,1371.7266845703125,1432.8389671391965,1362.7906781103188,1424.796585565671,969146
2024-12-10,1370.53515625,1398.931775007341,1352.0177406840357,1374.953587759528,826016
2024-12-11,1349.5355224609375,1379.6698193772625,1340.4009864416807,1370.1876750292736,426794
2024-12-12,1319.25244140625,1356.7837189966476,1315.5787981489632,1354.3014948491968,632276
2024-12-13,1321.883544921875,1330.9188160427893,1272.8844673948433,1310.167520361488,836525
2024-12-16,1278.09716796875,1321.8835761286862,1271.0476758817165,1321.8835761286862,569850
2024-12-17,1277.8489990234375,1318.7064329840434,1261.9627643813435,1287.7778956747463,710791
2024-12-18,1192.9569091796875,1285.7920910426094,1170.2197120551436,1285.7920910426094,1999544
2024-12-19,1179.652099609375,1237.736140721416,1168.2835622658185,1181.5386140739954,1782047
2024-12-20,1137.9508056640625,1195.7866278802207,1128.9155340733387,1187.8932036295134,1137730
2024-12-23,1158.8511962890625,1173.8934989483616,1102.0082629901876,1125.887186702627,1234448
2024-12-24,1193.205078125,1198.8149286116982,1151.9504667182512,1166.2977941755894,615613
2024-12-26,1182.233642578125,1206.0629938718325,1141.8230828234853,1193.4533439598515,555855
2024-12-27,1157.014404296875,1193.1059202897425,1127.7241584403832,1188.4889589905363,1062460
2024-12-30,1183.8719482421875,1194.1980248278744,1150.6598379781742,1157.6596372792433,855446
2024-12-31,1187.9427490234375,1200.6020918026434,1157.9078377237531,1181.538659392543,481317
2025-01-01,1209.786376953125,1219.0699923833963,1177.070710617658,1190.4747212404657,530412
2025-01-02,1209.5380859375,1219.5166750939477,1194.495905164654,1215.6940742995203,344868
2025-01-03,1194.644775390625,1236.1476111370496,1188.7371304689418,1211.5735923614336,945816
2025-01-06,1147.3336181640625,1195.4390704846028,1135.170720644597,1194.4461808911772,685818
2025-01-07,1177.864990234375,1196.431977419617,1151.5534156272215,1151.7519450678471,719994
2025-01-08,1152.6951904296875,1187.2477987229274,1143.8088765451078,1180.9925454483814,339407
2025-01-09,1170.8154296875,1233.168948342268,1152.7945794574218,1153.7377761463088,1813706
2025-01-10,1137.255859375,1173.5955972839301,1119.4334169655624,1170.6169282552908,622596
2025-01-13,1063.8812255859375,1127.8233412195325,1056.1863310471686,1127.8233412195325,732569
2025-01-14,1123.45458984375,1127.7736353918983,1061.398989432584,1063.8812134490306,582750
2025-01-15,1131.5963134765625,1141.8728185688826,1112.781102626895,1121.9653321154506,371073
2025-01-16,1176.9217529296875,1191.4676109201414,1137.950833155841,1139.8373477802686,604218
2025-01-17,1198.1695556640625,1215.0983722610752,1159.0993731381088,1179.7514046286853,1245761
2025-01-20,1167.5885009765625,1214.0557837060753,1163.1701906454036,1198.4177721801127,362313
2025-01-21,1165.3544921875,1187.1980637089328,1135.9154120761727,1169.8224954532477,465455
2025-01-22,1148.822998046875,1165.6524288409391,1106.922982823688,1162.9716753134708,610861
2025-01-23,1171.1630859375,1215.0984548556914,1145.4967904098476,1148.773374877909,610144
2025-01-24,1160.290771484375,1185.5101917640457,1145.7946074503423,1171.1629854116582,406085
2025-01-27,1119.433349609375,1168.631078586455,1107.0719223652484,1156.6667102270403,533903
2025-01-28,1110.74560546875,1133.8799828466488,1062.8883727122045,1092.1786174529893,848062
2025-01-29,1287.3310546875,1305.6498192600593,1116.9015312257468,1120.9723543304997,6560210
2025-01-30,1112.9300537109375,1275.8632240784639,1102.653669881982,1275.8632240784639,6284521
2025-01-31,1127.773681640625,1149.269766745052,1113.02929461875,1129.9084186227813,1934832
2025-02-01,1126.582275390625,1167.6382385339814,1116.0079762858802,1133.1850158609004,760564
2025-02-03,1127.37646484375,1147.5321725087044,1108.1640750344302,1119.0362890398267,603744
2025-02-04,1107.6676025390625,1141.6244992438492,1094.3132860323833,1136.7593160116096,482262
2025-02-05,1122.26318359375,1138.248682201477,1111.0434824305373,1112.0363720484377,356715
2025-02-06,1158.6029052734375,1166.6452868401218,1126.433257804356,1130.901261030552,634181
2025-02-07,1166.6453857421875,1188.836446073068,1149.2698161673038,1158.6030034937123,473148
2025-02-10,1121.419189453125,1171.6098107593943,1107.071982200614,1166.5956694442712,585166
2025-02-11,1072.718017578125,1130.9013276671499,1064.2287624671983,1121.4191828918972,508230
2025-02-12,1042.68310546875,1098.0862760292873,1011.7545681775147,1079.2710653669856,1421954
2025-02-13,1060.50537109375,1100.1216908812983,1042.683051026566,1042.683051026566,402845
2025-02-14,995.3222045898438,1070.9804052144268,986.9322752404524,1066.3137513123052,1811218
2025-02-17,978.740966796875,987.9251960059757,935.6495319969486,935.6495319969486,948511
2025-02-18,958.6845703125,1002.8185264948082,932.224098028564,978.7409529626309,722268
2025-02-19,1026.8961181640625,1036.1796121298619,953.0747970958565,958.0888776966547,710600
2025-02-20,1057.725341796875,1066.1649034163113,1012.3005818910901,1028.7328926886992,419564
2025-02-21,1061.9947509765625,1090.2425343888146,1049.4843655613345,1062.3919310791182,578715
2025-02-24,1049.03759765625,1072.3208112340499,1013.7403224721897,1047.6475279197361,396796
2025-02-25,1055.7396240234375,1085.2283984462986,1037.4207370739077,1050.4772603441756,340659
2025-02-27,1022.4281005859375,1054.4487912816369,991.747786655635,1054.4487912816369,500348
2025-02-28,946.372802734375,991.8967693599233,928.6496859601816,954.1669623172035,1229607
2025-03-03,921.0540771484375,962.8050734093597,882.5796045023061,946.3727623736336,1090566
2025-03-04,968.8616943359375,992.7406779528117,893.6006720747644,917.4300233300914,861120
2025-03-05,1039.95263671875,1052.6119796718701,968.8617018918959,968.8617018918959,816747
2025-03-06,1071.2286376953125,1076.2923505283622,1044.5695755781373,1047.4985514828618,385698
2025-03-07,1108.2137451171875,1120.9723521657625,1064.4769099994905,1069.391786213563,597067
2025-03-10,1089.348876953125,1143.3620968255211,1074.3065748850142,1115.809409715485,365317
2025-03-11,1107.4691162109375,1114.816523704573,1058.6188737522627,1082.2496953987898,338637
2025-03-12,1134.4757080078125,1154.581723742127,1101.2635971646632,1108.2633965877912,517504
2025-03-13,1110.1995849609375,1147.9293916124402,1101.5613722956311,1141.6245665835143,252660
2025-03-17,1100.9161376953125,1128.7666208022392,1096.1502186982912,1112.0364537518894,153546
2025-03-18,1100.9161376953125,1100.9161376953125,1100.9161376953125,1100.9161376953125,0
2025-03-19,1085.6256103515625,1106.57555855205,1082.2497611679987,1105.8308912851915,281947
2025-03-20,1105.0364990234375,1131.8942128172791,1088.2567607251324,1095.107602419777,556646
2025-03-21,1134.922607421875,1139.8373629011778,1100.8664426103492,1109.3556979317136,397689
2025-03-24,1117.5965576171875,1164.6595509230917,1109.1074238932495,1141.823089140286,1061008
2025-03-25,1130.255859375,1143.8088267448677,1118.9865865811337,1125.6388984640764,225975
2025-03-26,1107.9158935546875,1164.6595613870322,1096.6963132124374,1135.8160685256205,538116
2025-03-27,1132.6885986328125,1139.837355868117,1100.2707262485317,1102.107547921263,285550
2025-03-28,1108.263427734375,1146.7875963346096,1094.8098451048495,1132.6886111636456,268644
2025-04-01,1094.11474609375,1111.3910509509456,1085.2781248091483,1105.830892923965,197870
2025-04-02,1152.9930419921875,1167.240983437478,1082.6468384392037,1104.9868543227983,596128
2025-04-03,1147.879638671875,1160.5886739924265,1124.9439132252273,1132.8870299999862,276305
2025-04-04,1128.5679931640625,1156.6171244904087,1104.291769613305,1148.7235794134463,237565
2025-04-07,1086.66796875,1092.178554483102,969.0602447050068,981.719587041061,639783
2025-04-08,1103.3983154296875,1146.6385869228175,1091.2354172292717,1108.2138059869333,370665
2025-04-09,1150.3619384765625,1156.1207469987241,1092.1786285074538,1103.3983301721528,418621
2025-04-11,1197.8717041015625,1206.0630439488878,1148.4754425979945,1180.5458276933127,632083
2025-04-15,1254.3175048828125,1259.976927233419,1203.7793990062669,1216.2897839723705,596586
2025-04-16,1249.7501220703125,1274.8702780549827,1237.3390017621448,1259.9769336851814,303295
2025-04-17,1283.905517578125,1305.649824059586,1249.7500910960973,1249.7500910960973,611237
2025-04-21,1291.352294921875,1323.4226801004513,1261.5656044906352,1285.5936074932474,423184
2025-04-22,1266.530029296875,1311.6072442167083,1252.9274894010034,1301.678347591298,364159
2025-04-23,1274.2745361328125,1298.699596038013,1261.069055979623,1268.8136433360166,171323
2025-04-24,1308.3306884765625,1312.6001625998485,1266.9272371236057,1277.8490236505334,302285
2025-04-25,1299.990478515625,1339.3088847566132,1258.090462200337,1314.5859080164382,468469
2025-04-28,1304.5577392578125,1320.2453230530884,1274.5723990171666,1285.6928358516707,207487
2025-04-29,1292.3450927734375,1327.4934092252558,1279.4375278370662,1311.6071754574143,247662
2025-04-30,1270.7994384765625,1293.437248905857,1265.9342551379164,1292.7422746584841,253846
2025-05-02,1259.1826171875,1285.593579081395,1241.1120738728516,1270.7994989203605,154804
2025-05-05,1280.430419921875,1288.7707169065777,1242.3034345649094,1256.7003339448363,256401
2025-05-06,1238.0341796875,1287.38074883886,1225.325143164436,1286.288594419461,271529
2025-05-07,1255.012451171875,1264.941347146336,1196.5312296418308,1197.822034599448,362707
2025-05-08,1240.91357421875,1288.5722789998467,1225.225868747364,1258.7855885116612,338182
2025-05-09,1245.0836181640625,1254.9132499163538,1196.432025428784,1196.432025428784,252359
2025-05-12,1292.7423095703125,1325.5076676469794,1269.409403061171,1280.82763390607,397618
2025-05-13,1281.6219482421875,1299.6924905387946,1271.8915816502642,1292.742263316662,215490
2025-05-14,1326.5006103515625,1334.4437277788174,1279.8347954664403,1289.1679826839354,413968
2025-05-15,1335.6351318359375,1382.1024167418186,1325.805621092543,1331.46504371464,655213
2025-05-16,1335.535888671875,1358.2730866583072,1322.5290580620358,1345.3655207763204,228224
2025-05-19,1373.5635986328125,1380.1166462377876,1331.2665227799523,1343.975437880011,342529
2025-05-20,1364.428955078125,1397.293700575742,1351.4221244600426,1379.1237708801802,497634
2025-05-21,1358.968017578125,1375.0529026544389,1341.3939192268554,1368.8969140934978,231267
2025-05-22,1351.8192138671875,1383.988861706112,1320.6424556454992,1365.2232236998773,744849
2025-05-23,1317.9617919921875,1348.1456626539723,1276.2604252258984,1348.1456626539723,825548
2025-05-26,1356.18798828125,1365.1239950726454,1314.9830680764821,1317.9617370069473,512012
2025-05-27,1345.7626953125,1369.1948674991356,1335.4366184092369,1356.1880369432042,265026
2025-05-28,1434.4276123046875,1439.491446423074,1350.429173125441,1353.209312594267,1524601
2025-05-29,1508.69580078125,1518.1282523162429,1411.3926165255325,1445.647308942086,2044345
2025-05-30,1473.1502685546875,1514.1566580031872,1467.490846248335,1514.1566580031872,492193
2025-06-02,1469.6751708984375,1497.1782861659938,1449.6188490027625,1483.37709617132,609824
2025-06-03,1529.1492919921875,1583.4604273705183,1465.9022711633281,1472.455318468301,2673869
2025-06-04,1565.9854736328125,1573.7300612162667,1520.9083814595367,1529.1492926549074,725771
2025-06-05,1528.05712890625,1573.7300515376257,1514.156674192353,1566.2833793694667,534271
2025-06-06,1533.6173095703125,1552.7801280516067,1507.2064694579615,1533.2201294749132,445297
2025-06-09,1520.709716796875,1543.744828687822,1488.540068888601,1539.5746195650322,491066
2025-06-10,1542.2554931640625,1575.7158248323685,1516.837421964184,1533.716545481607,607813
2025-06-11,1564.69482421875,1600.5381163557254,1545.1348253855488,1553.773038064958,840406
2025-06-12,1551.68798828125,1625.360351582485,1540.2697573446594,1573.730089956163,811804
2025-06-13,1543.2484130859375,1571.04932295465,1514.3552276533612,1536.0002702463696,448572
2025-06-16,1561.3189697265625,1566.5813333359924,1529.2485856512392,1553.8722973749254,333683
2025-06-17,1550.4964599609375,1602.5239020882889,1540.9647435198415,1559.9289116770706,605938
2025-06-18,1531.8302001953125,1558.737485464474,1521.106943496512,1553.872301939975,300278
2025-06-19,1517.234619140625,1547.5177528511958,1496.4832016361904,1533.0215884957854,333002
2025-06-20,1523.390625,1536.7946351564278,1497.774023775665,1513.1638132145265,363837
2025-06-23,1536.8939208984375,1549.9007511357886,1517.0361278025273,1524.0856201111053,263333
2025-06-24,1566.879150390625,1586.439149441313,1537.48964065411,1548.9078717600332,522162
2025-06-25,1595.3751220703125,1607.4883271976569,1566.7798519567032,1578.6945276369822,475501
2025-06-26,1583.063232421875,1612.4527408972674,1573.9285752076996,1599.545175853139,311165
2025-06-27,1582.765380859375,1607.4883576040709,1569.7585505695095,1584.6518954515732,377362
2025-06-30,1695.259765625,1712.734598739789,1585.4461976216312,1592.0985096111604,1303067
2025-07-01,1731.1031494140625,1745.3015202561285,1688.9053382009292,1707.7702420373887,1083208
2025-07-02,1728.5216064453125,1739.5426572593972,1685.4301716311795,1739.3441278114258,559388
2025-07-03,1716.60693359375,1765.9535005300456,1711.7417500867923,1727.5287197021926,452279
2025-07-04,1697.7420654296875,1742.5213651599954,1685.5294740476254,1716.7062338242918,359585
2025-07-07,1600.5380859375,1705.1886773354215,1595.5736377801256,1705.1886773354215,1098294
2025-07-08,1586.538330078125,1626.3531791489334,1574.4250041298455,1588.623374016052,599203
2025-07-09,1599.545166015625,1603.6159891871137,1581.5738882667192,1588.0276707490914,196087
2025-07-10,1567.177001953125,1612.2542149848732,1554.8651464128352,1599.743708798985,286300
2025-07-11,1571.5457763671875,1579.588158239858,1554.9644465976985,1575.8151291132476,157020
2025-07-14,1559.23388671875,1577.6023447268042,1538.9789141883184,1577.5030800050679,184886
2025-07-15,1591.2049560546875,1646.5089832266417,1585.8433276125488,1595.5736948298506,1349196
2025-07-16,1574.822265625,1597.559463081484,1559.8296559981425,1597.4601983559453,252978
2025-07-17,1593.985107421875,1599.247349974452,1560.0282078381213,1578.2974020864015,216137
2025-07-18,1570.15576171875,1599.743801414723,1560.8225745009834,1596.268687540198,143010
2025-07-21,1614.140625,1631.019748730809,1560.8225002842075,1563.8011691778797,622161
2025-07-22,1585.942626953125,1621.289472927149,1578.6944842989903,1621.289472927149,182822
2025-07-23,1584.453369140625,1603.5168021465036,1574.0280277025206,1587.6305675741544,160006
2025-07-24,1586.7369384765625,1607.190441194337,1578.297376382141,1584.4533649841883,121185
2025-07-25,1523.0926513671875,1590.6091443873759,1512.270130451424,1588.5241004610448,322654
2025-07-28,1509.5894775390625,1527.36222686112,1466.7959570300136,1516.142525116384,308156
2025-07-29,1595.9708251953125,1607.389056009659,1489.7316341400876,1499.2633504055075,1109712
2025-07-30,1553.3758544921875,1660.508671765388,1544.4398476590588,1608.4812299631471,1220699
2025-07-31,1587.4320068359375,1618.4101151605246,1517.4332871311417,1538.681028491002,482920
2025-08-01,1547.41845703125,1595.1764230270358,1540.9646745668913,1588.6233758421558,198098
2025-08-04,1534.41162109375,1566.3826179206133,1520.8089607724403,1543.9433370692714,173665
2025-08-05,1537.390380859375,1567.7727803547214,1527.9579290459678,1542.950538740492,157956
2025-08-06,1523.291259765625,1546.9220820285154,1487.3487027462877,1540.9647441002928,278247
2025-08-07,1494.696044921875,1521.106884338989,1475.1360468600774,1499.2633128928676,224058
2025-08-08,1459.845703125,1518.128277188851,1444.6544429756561,1495.2918152036689,187241
2025-08-11,1464.8101806640625,1478.4127206809924,1397.9886572994205,1452.7961186785137,267288
2025-08-12,1437.40625,1473.0510114895303,1429.761048430304,1463.5192954071308,133335
2025-08-13,1424.3001708984375,1455.5761941701703,1419.8321675739041,1444.6544082657556,178698
2025-08-14,1437.505615234375,1448.625930303402,1401.0664940947815,1423.9029549563156,154425
2025-08-18,1458.9520263671875,1476.228329930513,1437.9026937811507,1464.412919256596,159823
2025-08-19,1464.909423828125,1475.7319453273083,1449.6188988735096,1458.952085887549,140819
2025-08-20,1481.19287109375,1487.7459187323816,1449.6189308316802,1465.3066362353206,165834
2025-08-21,1508.5965576171875,1518.4261893872279,1476.625438183437,1489.0365588015816,221779
2025-08-22,1518.2275390625,1538.9789569809714,1496.2847020453703,1509.0930027665206,253088
2025-08-25,1490.8238525390625,1543.0498253971964,1484.4693343550355,1521.1069877388238,188031
2025-08-26,1443.3636474609375,1493.504575193664,1429.7611076262667,1489.3344871106945,361893
2025-08-28,1418.6407470703125,1447.6330756882046,1411.5911337590614,1434.7255105414647,138279
2025-08-29,1377.9322509765625,1427.2788161748524,1369.09550919595,1421.817923312966,241989
2025-09-01,1396.4000244140625,1404.9388511416619,1373.3649118718142,1379.1237203079636,303777
2025-09-02,1447.800048828125,1458.699951171875,1401.699951171875,1401.699951171875,321223
2025-09-03,1442.5,1487.9000244140625,1436.5999755859375,1446.0999755859375,262327
2025-09-04,1443.4000244140625,1461.5,1428.4000244140625,1459.0,229337
2025-09-05,1403.699951171875,1451.300048828125,1401.800048828125,1440.0,178892
2025-09-08,1399.0,1413.199951171875,1376.199951171875,1404.199951171875,207457
2025-09-09,1412.699951171875,1421.9000244140625,1390.5,1407.0,170964
2025-09-10,1420.0999755859375,1427.800048828125,1412.800048828125,1418.5,128961
2025-09-11,1430.800048828125,1443.800048828125,1415.199951171875,1425.5,156442
2025-09-12,1400.699951171875,1429.9000244140625,1397.5,1429.9000244140625,293158
2025-09-15,1407.9000244140625,1422.0,1395.0,1400.699951171875,122697
2025-09-16,1425.300048828125,1429.800048828125,1407.9000244140625,1410.9000244140625,144060
2025-09-17,1463.199951171875,1487.800048828125,1430.0,1434.0,481750
2025-09-18,1451.0,1479.9000244140625,1424.0,1470.0,237359
2025-09-19,1457.300048828125,1462.0,1441.5999755859375,1454.300048828125,233209
2025-09-22,1453.5999755859375,1472.0,1445.0,1455.0999755859375,130157
2025-09-23,1518.5999755859375,1547.9000244140625,1443.0,1451.699951171875,703222
2025-09-24,1580.300048828125,1597.800048828125,1512.0,1519.5999755859375,1153682
2025-09-25,1546.699951171875,1582.0,1537.0,1582.0,254249
2025-09-26,1531.5999755859375,1555.0,1520.0,1537.199951171875,291054
2025-09-29,1500.800048828125,1548.699951171875,1490.0,1525.0,267523
2025-09-30,1501.9000244140625,1525.5,1490.0,1500.800048828125,211610
2025-10-01,1547.0999755859375,1553.699951171875,1486.0,1513.5,271280
2025-10-03,1572.4000244140625,1581.0999755859375,1531.5999755859375,1549.0999755859375,292023
2025-10-06,1551.699951171875,1593.5999755859375,1542.0,1574.0,300529
2025-10-07,1543.699951171875,1562.0,1527.5999755859375,1550.800048828125,129109
2025-10-08,1544.300048828125,1557.9000244140625,1533.0,1540.0,104374
2025-10-09,1512.0,1548.800048828125,1505.0,1544.300048828125,173169
2025-10-10,1497.0,1515.800048828125,1490.0,1507.0,190686
2025-10-13,1484.0999755859375,1492.5,1464.300048828125,1490.0,238612
2025-10-14,1416.0,1495.0,1401.0999755859375,1494.5999755859375,485908
2025-10-15,1419.5,1429.800048828125,1400.0,1416.9000244140625,275922
2025-10-16,1441.0999755859375,1449.0,1416.4000244140625,1420.0,129861
2025-10-17,1445.0,1449.0,1429.0,1449.0,122526
2025-10-20,1423.699951171875,1452.800048828125,1413.0,1444.0,189114
2025-10-21,1439.800048828125,1443.199951171875,1423.0,1423.699951171875,21548
2025-10-23,1434.4000244140625,1466.5,1420.0,1449.0,272021
2025-10-24,1442.800048828125,1449.9000244140625,1425.0,1439.0,138688
2025-10-27,1459.9000244140625,1465.199951171875,1435.0999755859375,1439.0999755859375,137688
2025-10-28,1519.4000244140625,1540.699951171875,1455.0999755859375,1459.9000244140625,1399481
2025-10-29,1503.5,1541.4000244140625,1490.300048828125,1525.0,313980
2025-10-30,1486.199951171875,1502.9000244140625,1481.9000244140625,1500.0,240288
2025-10-31,1491.5999755859375,1528.0,1475.0,1487.0,311191
2025-11-03,1485.5,1502.4000244140625,1478.199951171875,1485.0,148083
2025-11-04,1504.5,1519.9000244140625,1484.0,1485.0,295511
2025-11-06,1429.0999755859375,1472.300048828125,1409.5999755859375,1421.0,680432
2025-11-07,1426.4000244140625,1448.5999755859375,1414.699951171875,1433.0,266134
2025-11-10,1391.199951171875,1448.699951171875,1386.0999755859375,1424.9000244140625,279009
2025-11-11,1365.4000244140625,1407.300048828125,1360.0,1397.0,455008
2025-11-12,1393.199951171875,1396.699951171875,1367.0,1368.0,219126
2025-11-13,1419.800048828125,1433.9000244140625,1393.300048828125,1401.5,242928
2025-11-14,1411.5999755859375,1429.0,1405.699951171875,1419.800048828125,136466
2025-11-17,1443.5,1451.0,1405.5,1411.5999755859375,261791
2025-11-18,1412.699951171875,1449.0,1409.800048828125,1443.199951171875,147369
2025-11-19,1449.0,1459.800048828125,1420.5,1430.0,718532
2025-11-20,1446.4000244140625,1464.5,1443.0,1458.0,138647
2025-11-21,1418.5,1453.5999755859375,1411.699951171875,1446.4000244140625,221743
2025-11-24,1364.0999755859375,1424.4000244140625,1350.699951171875,1424.0,309032
2025-11-25,1377.199951171875,1384.0,1335.4000244140625,1364.0999755859375,153034
2025-11-26,1391.699951171875,1396.9000244140625,1348.5,1376.0,244704
2025-11-27,1378.300048828125,1413.9000244140625,1370.300048828125,1390.9000244140625,196114
2025-11-28,1368.699951171875,1387.199951171875,1365.300048828125,1372.0,122528
2025-12-01,1357.5,1364.300048828125,1347.0999755859375,1364.300048828125,162910
2025-12-02,1320.699951171875,1358.5,1316.4000244140625,1357.5,204889
2025-12-03,1309.800048828125,1329.199951171875,1299.4000244140625,1315.5999755859375,253360
2025-12-04,1320.699951171875,1337.9000244140625,1306.199951171875,1306.199951171875,117176
2025-12-05,1292.5999755859375,1325.699951171875,1290.0,1314.5,199825
2025-12-08,1233.5999755859375,1293.5,1225.0,1289.4000244140625,394213
2025-12-09,1249.0,1253.0,1211.0,1235.800048828125,251486
2025-12-10,1229.300048828125,1271.5999755859375,1220.0,1248.0,245552
2025-12-11,1230.0999755859375,1235.0,1191.0,1223.199951171875,444399
2025-12-12,1236.300048828125,1243.199951171875,1220.800048828125,1230.4000244140625,189871
2025-12-15,1251.0,1264.4000244140625,1225.9000244140625,1231.199951171875,129831
2025-12-16,1221.4000244140625,1274.699951171875,1215.0,1255.0,281526
2025-12-17,1214.9000244140625,1229.199951171875,1207.0,1229.199951171875,152842
2025-12-18,1194.9000244140625,1217.5999755859375,1182.0999755859375,1213.9000244140625,145889
2025-12-19,1204.800048828125,1211.0,1179.5999755859375,1193.0,174239
2025-12-22,1236.0999755859375,1238.0,1207.0,1207.0,133374
2025-12-23,1252.199951171875,1256.0,1233.0,1246.0,132329
2025-12-24,1252.5999755859375,1272.0,1245.0,1252.199951171875,119823
2025-12-26,1254.9000244140625,1274.800048828125,1245.0,1265.0,137427
2025-12-29,1236.300048828125,1269.800048828125,1231.199951171875,1255.0,144281
2025-12-30,1209.0,1244.0999755859375,1201.0,1234.300048828125,404033
2025-12-31,1287.0999755859375,1312.800048828125,1233.0,1233.0,3216572
2026-01-01,1243.5,1297.0,1236.699951171875,1289.9000244140625,570077
2026-01-02,1261.800048828125,1274.800048828125,1228.0,1251.5,665297
2026-01-05,1252.199951171875,1279.9000244140625,1243.0999755859375,1265.0,246855
2026-01-06,1243.800048828125,1254.199951171875,1236.5,1252.300048828125,245210
2026-01-07,1235.0,1246.800048828125,1231.0,1236.5999755859375,169138
2026-01-08,1220.699951171875,1242.0,1213.0,1241.0,174655
2026-01-09,1206.4000244140625,1232.9000244140625,1201.0999755859375,1220.800048828125,198891
2026-01-12,1208.4000244140625,1215.0999755859375,1180.5999755859375,1205.0,209730
2026-01-13,1224.5,1241.9000244140625,1206.5999755859375,1215.0999755859375,199904
2026-01-14,1216.800048828125,1232.5,1211.300048828125,1214.5,113389
2026-01-15,1216.800048828125,1216.800048828125,1216.800048828125,1216.800048828125,0
2026-01-16,1198.199951171875,1231.199951171875,1190.699951171875,1224.9000244140625,148653
2026-01-19,1194.199951171875,1205.800048828125,1183.4000244140625,1193.699951171875,97209
2026-01-20,1145.5999755859375,1193.5,1140.5,1191.0999755859375,256152
2026-01-21,1150.4000244140625,1164.0,1126.4000244140625,1142.0999755859375,254984
2026-01-22,1182.199951171875,1186.9000244140625,1142.300048828125,1142.300048828125,127756
2026-01-23,1179.5999755859375,1196.0999755859375,1170.0,1170.0,117370
2026-01-27,1156.5,1185.0999755859375,1137.0,1180.9000244140625,178771
2026-01-28,1171.4000244140625,1177.699951171875,1144.800048828125,1162.0,199163
2026-01-29,1114.5,1180.800048828125,1085.0999755859375,1172.0,829781
2026-01-30,1055.800048828125,1087.0999755859375,1013.7999877929688,1082.0,1912271
2026-02-02,969.5999755859375,1000.0,960.0999755859375,990.0,579368
2026-02-03,1018.9000244140625,1042.5999755859375,992.0,1015.0,716769
2026-02-04,1044.199951171875,1048.0,1000.0,1000.0,410304
2026-02-05,1017.7999877929688,1054.699951171875,1012.7999877929688,1051.4000244140625,265520
2026-02-06,996.9000244140625,1010.2000122070312,982.2000122070312,1005.0999755859375,244250
2026-02-09,1078.5999755859375,1090.0,990.7000122070312,997.4000244140625,984276
2026-02-10,1069.5,1093.800048828125,1065.0,1082.0999755859375,289143
2026-02-11,1061.9000244140625,1073.300048828125,1053.0,1071.0,171830
2026-02-12,1044.5,1068.699951171875,1029.0,1068.699951171875,194766
2026-02-13,1030.800048828125,1049.800048828125,1023.4000244140625,1040.199951171875,175387
2026-02-16,1023.9000244140625,1037.4000244140625,1016.7999877929688,1028.9000244140625,109969
2026-02-17,1034.4000244140625,1045.199951171875,1016.9000244140625,1022.2000122070312,130086
2026-02-18,1031.800048828125,1058.0,1026.0,1043.0999755859375,218989
2026-02-19,1003.5,1034.4000244140625,1000.0,1030.0,152188
2026-02-20,1000.5,1011.0,992.0999755859375,1009.5999755859375,117388
