Price,Close,High,Low,Open,Volume
Ticker,FEDERALBNK.NS,FEDERALBNK.NS,FEDERALBNK.NS,FEDERALBNK.NS,FEDERALBNK.NS
Date,,,,,
2021-02-22,76.4217758178711,80.43643273491858,75.99163739122983,80.05408341528928,22954904
2021-02-23,77.6644058227539,78.66807183046897,76.46956881009616,76.5651543125675,21166182
2021-02-24,80.96215057373047,81.34449986457778,77.56881793763768,78.47689112228217,13585032
2021-02-25,82.4437484741211,84.25990207296175,81.77464270793523,83.16065063476563,31750950
2021-02-26,79.8629150390625,81.48789058526357,78.47689962122564,81.15333765430535,26936158
2021-03-01,79.38497161865234,81.00994698926006,78.85924043202306,80.91436148970186,13016839
2021-03-02,79.62394714355469,81.00995526042612,78.42911004531831,79.81511816218975,17089278
2021-03-03,84.21210479736328,84.59445407091422,79.81510638329196,80.00627737371452,38195349
2021-03-04,86.69737243652344,88.41794068587166,82.01361708841004,82.87389392037764,53425954
2021-03-05,83.49520874023438,86.98413426546747,81.5834695256087,85.93267915596462,31006526
2021-03-08,82.49154663085938,85.26356254373918,82.10919734513959,84.30769297579275,20432110
2021-03-09,81.48788452148438,83.82976215663216,80.43642940555489,83.35182735005453,17158578
2021-03-10,82.49154663085938,83.35182340784633,81.15332777719316,82.20478284339302,17414101
2021-03-12,81.48788452148438,83.9253549521128,80.6753968088437,83.39962374779485,15241292
2021-03-15,80.0540771484375,81.87023080497313,77.71219959968506,81.87023080497313,25969266
2021-03-16,79.91069793701172,81.10553494950503,78.85924282455888,80.38863274200904,19001810
2021-03-17,76.6607437133789,80.05408391896708,76.18280888401195,79.95849841163503,20684329
2021-03-18,74.31885528564453,78.47688624501406,73.31518937113555,77.42543123006054,24059775
2021-03-19,74.46224212646484,75.99163200385014,71.11669857912553,73.88872183403362,29696921
2021-03-22,73.7453384399414,75.08355729023842,73.21960726181207,74.55782611210908,16327873
2021-03-23,74.7490005493164,76.08721946122031,73.88872373489123,74.07989473971763,17739659
2021-03-24,72.3115234375,74.84457887151015,71.78579233683008,74.55781512701657,15165464
2021-03-25,72.93285369873047,73.98430880453799,69.39613178847893,71.88139130021662,31628783
2021-03-26,73.36299133300781,74.79679572388093,72.74167463842154,73.69754423233695,19263538
2021-03-30,72.45491790771484,74.74899909172292,72.21595050998849,74.55782809062433,20728852
2021-03-31,72.45491790771484,73.69754400026818,72.07256861281142,72.40712151108708,13984956
2021-04-01,75.37032318115234,75.9916399347578,72.93285986075598,73.07623447929751,17948568
2021-04-05,73.0284423828125,75.37032009746366,71.06890669223827,75.37032009746366,21409152
2021-04-06,73.45858001708984,74.46224605127608,72.4071248767607,73.60196192093167,13469267
2021-04-07,75.56149291992188,76.18280231032176,72.88505518932962,73.64975376741486,20909522
2021-04-08,74.36665344238281,76.80411640402814,74.07988966209236,75.65707586827808,22333908
2021-04-09,74.27107238769531,75.84825884305633,73.79313754017421,74.36666519136514,13319626
2021-04-12,68.05790710449219,72.74166922463044,67.24541946867464,71.69021420811917,33673976
2021-04-13,73.60195922851562,74.07989402870079,67.91453802339467,68.3446764264788,39859534
2021-04-15,72.5027084350586,73.84092734714028,70.82993661813309,71.69022072537891,22121021
2021-04-16,73.0284423828125,74.17548304045661,71.69022342042327,72.59829666666597,19511735
2021-04-19,68.77481842041016,70.73435412056247,67.91454156932542,70.495386707993,31167449
2021-04-20,68.91819763183594,71.21228616134678,68.53584832813307,69.92186364246768,22445564
2021-04-22,68.58364868164062,69.39613644093055,67.10204777910086,67.10204777910086,25187266
2021-04-23,68.87041473388672,70.06525185770357,67.96233414416167,68.29688708028898,19721445
2021-04-26,70.68655395507812,71.92918735131965,69.53951335293695,69.53951335293695,26114856
2021-04-27,71.83360290527344,72.12035941366848,70.39979848517898,70.78214778907879,17179563
2021-04-28,74.41443634033203,74.65340370641705,71.78579531339689,71.833591703696,25111812
2021-04-29,74.12769317626953,75.80046503898491,73.2196126466001,75.13135191827482,28600074
2021-04-30,76.56515502929688,79.24159287978704,72.88505845440275,73.64975706674463,64129131
2021-05-03,76.32618713378906,77.04308934348533,73.7931312009876,75.9916342278054,24276048
2021-05-04,75.94383239746094,79.14600120587006,75.51369401949553,77.04308383223527,35216722
2021-05-05,76.51736450195312,77.42543770611516,75.51369850349504,76.89970650831211,15530336
2021-05-06,75.13135528564453,77.28206206267275,74.8445987576649,76.9475091336764,17472483
2021-05-07,74.22327423095703,76.27839528332562,73.84092494100607,75.99163149268585,15173888
2021-05-10,76.03943634033203,76.6607458012653,74.46224990192438,74.84459923437274,16982850
2021-05-11,78.19013977050781,79.71952974186233,74.65341771324968,75.51370185110743,32415840
2021-05-12,77.99895477294922,80.29304317947543,77.0430852112888,78.66806784173512,36316083
2021-05-14,76.135009765625,79.19378935428868,75.56148950433878,78.81144008252927,20951304
2021-05-17,77.95116424560547,79.81510693968953,74.22327156473149,77.23426208746454,97918564
2021-05-18,80.62759399414062,82.58712946223656,79.43275707279086,80.29304111470385,84550492
2021-05-19,80.6753921508789,81.63126170884499,79.62393709565741,80.57980665362349,26551292
2021-05-20,79.7673110961914,81.72684659238955,79.19379082425968,80.96214803467663,22471941
2021-05-21,81.39230346679688,81.72685639114324,79.71953155235828,80.3408482934054,24025317
2021-05-24,82.5871353149414,83.39962302049666,81.10553451038874,81.9658186132675,32717895
2021-05-25,83.01727294921875,83.78197154305667,81.82243595428841,83.01727294921875,28803347
2021-05-26,83.16065979003906,83.82976562988773,82.77831047039409,83.3518308035082,20844850
2021-05-27,84.16432189941406,84.7856313104337,82.44375368797381,83.16065589395619,22886407
2021-05-28,85.0723876953125,85.45473696372022,83.78196529555396,84.9290058080714,24897756
2021-05-31,83.39962768554688,85.40695250940837,83.1606602709751,84.88122857297452,19382451
2021-06-01,81.9658203125,84.02094146400776,81.34450359794558,83.44742114776773,23672298
2021-06-02,83.73417663574219,84.02094043670928,81.48788450385463,81.96581931032885,15917553
2021-06-03,84.11652374267578,85.31136072765698,83.87755634567954,84.06872734619405,18196232
2021-06-04,83.97313690185547,84.5944535560057,83.06506376381682,84.21210428478204,13270504
2021-06-07,83.68638610839844,84.69004480931244,83.3518259153875,84.02093900870311,14273855
2021-06-08,82.39595794677734,84.02094066890423,82.25258333860397,83.73417686714465,12959267
2021-06-09,80.77098083496094,83.73417512302771,79.81511123928092,82.5871345252942,25076526
2021-06-10,82.63492584228516,82.92168964575075,80.81877939602467,81.24891780851658,16619873
2021-06-11,82.25257873535156,83.78196857616226,81.53567656378036,83.16065190225935,13388255
2021-06-14,81.53568267822266,82.25258490355507,79.67173251673445,82.25258490355507,15538471
2021-06-15,82.20478820800781,83.35182884731601,81.72685339284499,81.9658208004264,16132267
2021-06-16,81.20111846923828,82.8738902458841,81.00994746898982,82.20478445230825,13901357
2021-06-17,81.5834732055664,82.63492836249688,80.53201804863595,80.77098546124317,21189940
2021-06-18,80.149658203125,82.2047791401704,77.66439889696332,81.96581175894899,20269918
2021-06-21,81.5834732055664,81.82244061817364,78.28572582866933,79.05041717338845,14830152
2021-06-22,80.86656951904297,82.77830878565253,80.57981300467547,82.01361745463264,17222313
2021-06-23,81.05774688720703,82.53934042613142,80.86656858712531,81.34450339826991,13567339
2021-06-24,81.10553741455078,81.63126863310897,80.34084607893757,81.48788672871068,12288877
2021-06-25,81.9658203125,82.39595872650341,81.10553619178668,81.39229999625995,14215718
2021-06-28,83.49520874023438,84.21211094571899,82.10920072671331,82.39595723328334,17814231
2021-06-29,82.6827163696289,83.87755331138655,82.20478159292585,83.59078952828234,17100260
2021-06-30,83.25624084472656,83.68638654109054,82.63492414511614,83.16065534310334,14367650
2021-07-01,82.87080383300781,83.73805790161849,82.67808397411271,83.64169797217095,8653163
2021-07-02,82.19627380371094,83.15988776459012,81.81082674900105,83.06352048706934,10597712
2021-07-05,84.07532501220703,84.36441216500006,82.19628057442739,82.53354401815812,17005014
2021-07-06,83.73804473876953,85.27982542295071,83.35259772977668,84.21985166206304,19807149
2021-07-07,83.15988159179688,83.73804845504998,82.24444398583812,83.73804845504998,12472836
2021-07-08,82.91897583007812,84.60530008988502,82.38898526485126,83.35259912759805,14929358
2021-07-09,82.48534393310547,82.96715085719111,81.90717709456072,82.91897457585668,8479435
2021-07-12,86.24344635009766,87.592507316435,83.9307714580609,85.23164878739695,66543936
2021-07-13,86.0025405883789,87.06251440818568,85.27983016326648,87.06251440818568,17595140
2021-07-14,86.58070373535156,87.01433438284833,85.52072996112108,86.24344035515873,17850303
2021-07-15,85.1834716796875,86.72525247556156,84.41257760585509,86.58070891774413,14639550
2021-07-16,84.70166015625,85.66527402070838,84.41257305619634,85.37618692065473,10270602
2021-07-19,82.87080383300781,84.21986490064761,82.67808397411271,83.35261083203693,11727934
2021-07-20,80.7026596069336,83.2080541363132,79.93176558937516,82.87079076055271,15546947
2021-07-22,81.1844711303711,82.29262858648502,80.79902409975007,81.90718155586401,11982348
2021-07-23,82.29263305664062,83.83441391108396,80.65448492546437,81.85900236671557,52135646
2021-07-26,84.07532501220703,84.41258845593777,81.56992997790361,82.53354401815812,28994949
2021-07-27,83.15988159179688,85.23164557247132,82.91897811945886,84.3162153183031,26001457
2021-07-28,82.43717193603516,83.30441856302801,81.66627787671862,83.15988235972294,12226537
2021-07-29,82.77442932128906,83.25623623543883,81.90717540546146,82.82260560163,12676353
2021-07-30,84.26802825927734,84.79801881760346,82.2444406442153,83.01533466509143,14456555
2021-08-02,83.4007797241211,84.89437674590988,83.15987626720774,84.70165692109522,10564287
2021-08-03,85.90618133544922,86.14708481235637,82.91897969215864,82.91897969215864,19906321
2021-08-04,84.55711364746094,86.7252447666266,84.0753067320908,85.90617448085537,22414475
2021-08-05,82.8226089477539,84.84620395037047,82.3408020141386,84.79802031629279,17695360
2021-08-06,83.97895050048828,84.21985396873306,82.67807324232454,82.87079307620421,16582952
2021-08-09,84.55711364746094,84.99073693057804,83.2080528140665,83.83440327440572,11443816
2021-08-10,83.2562484741211,84.94257292153527,82.388994430807,84.60530950241066,16781025
2021-08-11,82.09989166259766,83.64167960230765,80.99174168964201,83.35259252566459,16619726
2021-08-12,82.48534393310547,83.11169440477485,82.00353700901981,82.0998969234789,10443600
2021-08-13,82.19627380371094,82.96716056133964,81.37719605553076,82.62989714539013,9740235
2021-08-16,81.71446228027344,82.38898907467143,81.52173508773781,82.19626923392649,6958502
2021-08-17,80.22085571289062,81.71446017138436,79.97995224228134,81.61809290170827,11228911
2021-08-18,80.22085571289062,81.08810967744213,79.40178538317717,80.60630273622357,11789254
2021-08-20,76.99274444580078,79.83540222820818,76.65548108460175,79.35359532598389,17753165
2021-08-23,75.40279388427734,77.90818876023374,75.01734682217838,77.57092533781886,9998875
2021-08-24,77.18547058105469,77.61910123960882,75.25824281447758,75.45097000220959,11212700
2021-08-25,77.52273559570312,78.00454254745216,77.18547219983692,77.52273559570312,14068568
2021-08-26,75.35460662841797,77.66728153823806,75.16188678251248,77.57092161528533,10575502
2021-08-27,75.11370086669922,75.78823501048933,74.68007755066965,75.16188450260945,9003787
2021-08-30,78.3899917602539,78.96815864808096,75.40279004665513,76.02914057171395,21810178
2021-08-31,78.29363250732422,78.77543947660006,77.1854750076316,78.34181614496816,13356776
2021-09-01,79.40178680419922,80.22085714857126,78.14908579389567,78.53453282412681,16310517
2021-09-02,79.7872314453125,80.31721466319392,79.40178442662304,79.7872314453125,6746469
2021-09-03,79.83541870117188,81.3771996360574,79.11270819871385,80.17268213196068,11703500
2021-09-06,79.40178680419922,80.46176062349188,79.30542688458908,80.46176062349188,6317125
2021-09-07,78.58271026611328,79.6908602819738,77.7154563543959,79.6908602819738,7586462
2021-09-08,80.0763168334961,80.413580241674,78.29363251730638,78.82362312429375,9085081
2021-09-09,79.40178680419922,80.22085714857126,78.87179621865758,79.93177003795024,7302486
2021-09-13,79.1126937866211,79.64268433259093,78.67907050485672,79.40178087565738,4067786
2021-09-14,79.35359954833984,79.88359010970301,78.96815253569304,79.49814309705619,5706185
2021-09-15,80.6063003540039,81.13628356260703,78.87179247616213,79.3054231215177,9881509
2021-09-16,82.77442932128906,83.06350905870488,80.3653947505402,81.37718485918067,19475498
2021-09-17,80.26904296875,83.54532443540035,80.07631577249415,83.35260459093533,19944073
2021-09-20,76.8000259399414,79.97995479416046,76.51094617706104,79.97995479416046,16863234
2021-09-21,77.13729858398438,77.57092191484166,75.30643063364857,76.60730797801133,15056016
2021-09-22,78.14908599853516,78.67907658546461,76.9927522566044,77.47455920770732,10697315
2021-09-23,78.87179565429688,79.49814615496685,78.2936287889825,79.0163392085731,13640424
2021-09-24,77.9081802368164,79.54632823357026,77.6191004857119,79.49814459915764,9330468
2021-09-27,78.63088989257812,79.01633690883294,78.05272304409108,78.4381700603459,5384060
2021-09-28,77.95636749267578,79.01634133288067,77.18547341700454,78.91998141136945,10618280
2021-09-29,78.3899917602539,79.2572457678899,76.607307459541,77.7636412351951,23686048
2021-09-30,81.23265075683594,83.11169482965997,78.7272488573502,78.82361612409217,33472211
2021-10-01,80.1244888305664,81.23264616940591,79.69085821008669,80.89537545843618,10264738
2021-10-04,81.95537567138672,82.87080605335247,80.89539436368966,81.42538501753819,15602179
2021-10-05,82.62989807128906,83.06352141782718,81.42538060669301,82.05173115864119,13017163
2021-10-06,81.32901000976562,83.73804462289974,80.9917466342849,82.77443077764609,13315657
2021-10-07,82.3407974243164,83.30441123783346,81.71445432696228,82.58170087769567,11719207
2021-10-08,82.48534393310547,83.20805431923394,81.71445726564255,82.82260730960738,14090906
2021-10-11,83.1116943359375,84.31621164515398,82.67807104533566,83.3525977977808,12822354
2021-10-12,85.37619018554688,85.71345358064661,82.38898856184963,83.78622577803024,25448034
2021-10-13,90.19425964355469,90.57970667422867,85.27983021988551,85.80982080603607,54208636
2021-10-14,89.71244812011719,92.02512283448318,89.37518474239074,91.25422881243111,31082419
2021-10-18,91.83240509033203,92.98873879787965,90.57970411399675,91.54331798754991,28559068
2021-10-19,89.47154998779297,92.5551189079259,89.08610295380252,92.5551189079259,17698523
2021-10-20,90.57970428466797,90.96515130517358,87.68886265856155,89.47154685763576,20059712
2021-10-21,93.03691864013672,94.43415575912196,89.90517367873727,91.3505944301524,47242354
2021-10-22,100.1194839477539,101.85398452666337,90.19425800879732,93.66326651840673,128941859
2021-10-25,98.77041625976562,103.73302888854111,96.65046880271103,101.17945080268673,78995676
2021-10-26,98.28861999511719,100.89037464250691,97.95135659294309,99.25223391663795,25656807
2021-10-27,96.69865417480469,99.01132902382143,94.72325007494155,98.96314538771644,31075808
2021-10-28,94.24143981933594,97.90316812951684,93.51872941382504,96.6986507869987,21384254
2021-10-29,93.90416717529297,96.36138544485281,92.5069300270587,94.33779782086897,25060969
2021-11-01,94.43415832519531,95.63867565077179,93.3260009153069,94.43415832519531,21186299
2021-11-02,98.24044036865234,98.96315083929507,94.96415878317148,95.15687863462645,28226648
2021-11-03,96.55410766601562,98.91496607895111,95.39777395275897,98.91496607895111,24199708
2021-11-04,97.4213638305664,98.14407425564745,97.22864399126105,97.71045094131507,2912999
2021-11-08,97.85499572753906,98.48133888905514,96.55411106459778,97.90317201207607,15322961
2021-11-09,98.33679962158203,99.58949325739775,97.08409863397583,97.85499268047049,22350613
2021-11-10,96.69865417480469,99.05951265992643,96.40957441354678,98.33680222909561,16567044
2021-11-11,96.55410766601562,98.38497550516404,95.68686105696835,97.22864179190738,17144200
2021-11-12,96.45774841308594,97.37318601486226,96.12048502371171,97.2768187449349,13928829
2021-11-15,95.92776489257812,97.61408918605636,95.39777431676877,96.93955505759078,11534669
2021-11-16,93.85599517822266,96.12048636919391,93.51873178412747,96.12048636919391,11586459
2021-11-17,93.56690979003906,94.7232509005211,92.98874291069342,93.85599690560726,10725400
2021-11-18,91.25422668457031,94.53051517420998,90.579699944846,93.61508497718556,16495647
2021-11-22,88.12248229980469,91.83240144724012,87.20705209696148,91.83240144724012,17323342
2021-11-23,89.37518310546875,89.80880639006226,87.4479554374263,87.6888588959316,17668580
2021-11-24,89.66427612304688,91.10969696961857,89.18246917418963,89.85699596187352,11974638
2021-11-25,89.51973724365234,90.96515816571845,88.70066685817308,89.66428080621715,10826969
2021-11-26,85.47254943847656,89.32700501363745,84.84620628894537,89.27882873002228,21088333
2021-11-29,83.8825912475586,85.32801206846915,81.61809274669969,84.79802149341909,18514448
2021-11-30,83.64168548583984,86.91796670870971,83.11169492531018,84.31621224306829,20266746
2021-12-01,85.32801055908203,85.52073039107817,83.93076604584373,84.31621306162637,14539590
2021-12-02,85.66527557373047,85.9543553272345,84.3162146686736,85.2798285506013,12932852
2021-12-03,85.95436096191406,86.72525505870786,85.56892126530813,85.85800103776258,12453387
2021-12-06,84.55711364746094,86.24343785125646,84.21985027705985,86.09889430628739,8944775
2021-12-07,86.38798522949219,86.67706498046746,84.94256441924455,85.52073127298553,11089664
2021-12-08,87.06251525878906,87.54432221357128,86.38798846281023,87.54432221357128,11330813
2021-12-09,87.49613952636719,88.07430635943857,86.82160542795879,87.20705243393643,8410945
2021-12-10,89.23065185546875,89.51973898622568,86.72525701214285,87.44796748724404,9658633
2021-12-13,88.60430145263672,90.00154611787522,88.31522167319476,89.95336247873932,14719726
2021-12-14,87.6888656616211,88.17067261580583,86.62889183277282,88.17067261580583,7786084
2021-12-15,86.05072784423828,88.12249193528675,85.80982435906604,87.92977208786533,10577697
2021-12-16,85.37619018554688,86.82161103750914,84.79802331512009,86.72525111773645,9936849
2021-12-17,82.09989166259766,85.32800372854942,81.71445202945992,84.99073302186926,19561652
2021-12-20,78.10092163085938,81.666290672296,75.93279002009045,81.666290672296,24015437
2021-12-21,77.61910247802734,79.25724316503835,76.94456833788882,78.96815605472317,14156976
2021-12-22,78.34181213378906,79.40178594156602,77.47455816313864,79.40178594156602,13374546
2021-12-23,79.16088104248047,80.0763112800177,78.63089047224918,79.01633749134554,12168815
2021-12-24,78.05272674560547,79.49814761126483,77.42637623346161,79.49814761126483,12195815
2021-12-27,78.29363250732422,78.91998303774099,75.74005409980407,77.33001856877253,9405458
2021-12-28,78.91997528076172,79.35359856977314,78.34180844481644,79.11269510881343,6676061
2021-12-29,78.9681625366211,79.49815316510495,78.43817925992846,78.7754426817858,6029362
2021-12-30,79.20906066894531,79.73905126155105,77.66727987926139,78.96815719081374,25636819
2021-12-31,79.97994995117188,80.46175687858857,79.11269601146377,79.20905592658904,7508345
2022-01-03,84.0271224975586,84.65347295340833,79.93176374626654,80.1726672022249,23089490
2022-01-04,85.27983093261719,85.66527796651258,83.7380501488263,84.79802397819562,17703948
2022-01-05,86.7734375,87.0625172684678,84.55712251612594,85.23164932767499,18419964
2022-01-06,86.7734375,87.30342075141972,85.76163993088556,86.43616674243462,16421121
2022-01-07,88.02613067626953,88.55612127632517,86.77343698345113,87.49614742800472,19019068
2022-01-10,92.07331085205078,92.41057424583674,88.26703154563606,88.50793502002469,29701899
2022-01-11,92.94055938720703,93.37419006108672,91.01333155251707,92.45875242853454,19146191
2022-01-12,94.91596984863281,95.87958375572553,94.14507578224236,95.10868968933508,22266577
2022-01-13,96.93955993652344,98.19226098687146,94.1932617049968,94.91597215286122,23810313
2022-01-14,95.87958526611328,97.32500614952203,95.20505846123885,96.79501555155584,11509042
2022-01-17,96.36138916015625,96.84319610595703,95.59049510615878,95.83139857905917,8373684
2022-01-18,94.72325134277344,97.3250059878715,94.24144438243744,96.5541119106176,16203943
2022-01-19,94.96415710449219,96.16867453427119,93.7596396747132,94.91597346658465,12924190
2022-01-20,94.28961944580078,95.59049675149593,93.85599612783263,94.81961003602025,10645612
2022-01-21,90.48334503173828,93.56690651483909,89.71245098506783,93.51873023179124,14711397
2022-01-24,88.65247344970703,91.30241151477979,86.9661492264789,90.48334121956988,16770551
2022-01-25,92.36238861083984,94.09689652960668,87.4961429446053,88.6524766559229,41665022
2022-01-27,96.45774841308594,96.84319543742383,90.57970518525214,91.92876609453953,31055664
2022-01-28,96.55410766601562,99.01132599642408,95.9759408093873,97.08409823980269,28438564
2022-01-31,96.93955993652344,97.99953378969977,96.16867320320924,97.80681394431892,14174495
2022-02-01,96.602294921875,98.28861927213217,94.67506709300966,97.42136527878462,14525052
2022-02-02,97.71044921875,98.4813359141719,96.65047541767585,97.32500219514381,12593978
2022-02-03,97.32499694824219,98.19225086665385,97.13227712272409,97.56590040603487,10269350
2022-02-04,95.30142211914062,97.5177298161772,94.67507157475097,97.32500996488395,9864599
2022-02-07,95.87958526611328,96.84319918838578,94.24144453896636,95.39777830497704,24264144
2022-02-08,95.39777374267578,96.40957125339003,93.47054599029849,96.21684406707804,9556428
2022-02-09,98.43315887451172,99.25222919851026,96.07230046793892,96.07230046793892,22966546
2022-02-10,100.64946746826172,101.17945804636364,97.22864258348278,98.77042333097403,30117303
2022-02-11,99.20404052734375,102.14306563977014,98.57769742136212,100.11947807386856,28714979
2022-02-14,92.69965362548828,96.79501267337153,91.97694320527359,96.36138936195894,23369759
2022-02-15,96.79501342773438,97.27682037829908,90.96515373697574,93.27782857004448,20803245
2022-02-16,95.97594451904297,97.80681242895797,95.34959400357327,97.32500547117985,16016476
2022-02-17,94.91596984863281,96.55411054997417,94.48234653115736,96.0723035964278,13437785
2022-02-18,94.33779907226562,95.34958922178387,93.42236148732202,93.47054512139971,10075699
2022-02-21,96.12049102783203,98.1440788422703,93.4705526786938,94.24144677552313,35843421
2022-02-22,95.8313980102539,96.40957222321555,92.65147659791744,94.19325734497063,25227553
2022-02-23,96.65046691894531,98.38496734496825,95.83138930888437,95.83138930888437,21482751
2022-02-24,90.4351577758789,94.00053340923408,89.23064047105423,93.47054285439513,39643527
2022-02-25,93.2296371459961,94.04870742317397,91.5433129598928,91.9769362384605,28249018
2022-02-28,93.47054290771484,93.75963000175376,91.54331521889598,92.60328897738832,14455709
2022-03-02,92.55511474609375,94.1932553771542,91.20605386368436,92.50693111209006,15548463
2022-03-03,92.26603698730469,93.95236142310398,91.83241364452988,93.90417778422186,12419175
2022-03-04,89.85700225830078,92.16967724522652,89.47155520184796,91.83241382775199,13385957
2022-03-07,84.2198486328125,89.13427760328423,82.87078782575615,88.65247069732054,24502834
2022-03-08,86.38798522949219,87.11069563461601,82.91897675525593,83.83440699436328,29047023
2022-03-09,89.08610534667969,89.6160959516261,86.24344717925307,87.49614823542225,23549931
2022-03-10,91.25422668457031,93.71144488974758,90.33879648754588,91.73603359917055,25939107
2022-03-11,91.83240509033203,92.26602839271479,90.3869842800023,90.9651511337761,15023756
2022-03-14,91.44696044921875,92.50693426734057,90.38698663109693,91.88058376288066,15504240
2022-03-15,90.04971313476562,92.3142116087863,89.61608983434785,91.88058095657813,12684289
2022-03-16,94.77141571044922,95.10867906991619,91.10968768342383,91.49512732179187,23649366
2022-03-17,94.48234558105469,96.65047685021085,94.19325847111763,96.02412634654094,18789951
2022-03-21,93.80780792236328,94.8677816993806,93.27782470974978,94.8677816993806,10129862
2022-03-22,95.25323486328125,95.59049826613274,92.98874361351749,93.95235753697362,11871146
2022-03-23,94.96415710449219,96.36139438231945,94.57871005660472,95.39778043849626,11438626
2022-03-24,94.43415832519531,95.54231573508373,94.14507122634083,94.7232454240498,10320726
2022-03-25,93.95235443115234,95.108688160358,93.56690740415361,94.53052129575518,7671535
2022-03-28,95.06051635742188,95.44596340258822,92.69965780064733,94.24144598131271,11144335
2022-03-29,94.00054168701172,96.16867302662386,93.7596382048326,96.02412946695821,11378953
2022-03-30,93.51873779296875,95.06051865917523,93.13329073846937,94.96415873349815,18410087
2022-03-31,93.85599517822266,94.8196090766607,93.37418822900364,93.66326798746069,10490975
2022-04-01,97.9031753540039,98.52952588869118,93.61509623892884,93.85599972520926,21163607
2022-04-04,98.77041625976562,100.2158369855183,97.56589898830507,98.28860935118139,25317872
2022-04-05,94.67506408691406,99.44494987118743,94.14507351008791,99.44494987118743,43539147
2022-04-06,95.68685913085938,96.6504729897732,93.95235124409837,94.67506163828374,15242800
2022-04-07,94.86778259277344,96.16866719914441,94.43415929184337,95.68686026398194,17796591
2022-04-08,96.55410766601562,97.22864179190738,95.39777395275897,95.87958089191432,15120901
2022-04-11,96.40957641601562,97.66227011106696,95.92776945212107,96.36139277890983,8635769
2022-04-12,94.86778259277344,96.40957066672564,93.71144888909967,96.40957066672564,12213669
2022-04-13,95.3495864868164,96.55410378630519,94.67505973981875,95.39777011951202,11604703
2022-04-18,93.42237091064453,95.10869534839473,92.65148415017624,95.10869534839473,9523135
2022-04-19,92.7960205078125,95.25323151518154,91.54331951063496,94.0487141531995,11897241
2022-04-20,92.6032943725586,94.24144241456906,92.26603097772399,93.42236471766851,10227110
2022-04-21,93.08511352539062,93.75964775527535,92.50694657962629,93.37420067416859,10130826
2022-04-22,92.26603698730469,93.18146731173644,91.92877357050304,92.9887474597901,11899685
2022-04-25,91.92877197265625,93.03692948156416,90.29062385242122,91.54332492367206,12393868
2022-04-26,93.95235443115234,94.19325790405274,92.74783706665039,93.27782764774747,10607557
2022-04-27,93.51873779296875,94.14508098576529,92.41058026820467,93.32601058982351,7410436
2022-04-28,94.09689331054688,94.43415668549417,92.79601609187004,93.66326266979448,6876170
2022-04-29,92.50694274902344,95.01233764478457,92.21785561221623,94.43417072296143,7943317
2022-05-02,91.10969543457031,93.03692319752862,90.097897918301,90.57970485904059,9517127
2022-05-04,91.0133285522461,94.1932573153739,90.43516169125664,91.73603896643056,15628039
2022-05-05,90.72425842285156,93.37419688933437,90.48335492589858,91.83241597919354,16564829
2022-05-06,87.78522491455078,90.4833467781841,85.4243737977146,89.61609279688835,37190821
2022-05-09,90.38699340820312,91.44696730580048,86.09890682676259,88.31522190047713,29740740
2022-05-10,89.03792572021484,91.54332038675746,88.50793513515421,89.80881242818685,14752094
2022-05-11,87.3997802734375,90.14608584792792,86.050726656526,90.14608584792792,16650244
2022-05-12,82.3407974243164,87.44795357667279,80.89537670404081,87.25523375468535,29157781
2022-05-13,80.46176147460938,84.65348051220992,80.17267436093043,84.65348051220992,17971518
2022-05-16,82.19627380371094,82.77444070988024,79.78723890151298,81.81082674900105,14916447
2022-05-17,83.54531860351562,83.83440570182424,81.32901113971398,82.48534482936786,12606291
2022-05-18,82.96715545654297,84.55711986452464,82.62989206134459,84.21985646932626,12264421
2022-05-19,80.41357421875,81.90717865254192,79.69086381887463,80.94356478604142,12533024
2022-05-20,82.19627380371094,82.38899365517034,81.18447620407136,81.85900303597036,9026094
2022-05-23,82.0035400390625,83.40078458161341,81.71446028500371,83.06351384085907,8056677
2022-05-24,81.47355651855469,82.77443378657722,81.23265304848421,82.48534668177645,8238311
2022-05-25,80.46176147460938,82.3889892943605,80.02813815588165,81.81082241879331,8821604
2022-05-26,81.95537567138672,82.38899904141438,79.4981569697858,80.89539436368966,11661808
2022-05-27,83.73804473876953,84.26802794331826,82.4371675162351,82.4371675162351,10805008
2022-05-30,86.86980438232422,87.15888417395139,84.41258571864022,84.70167286205884,10333214
2022-05-31,85.61709594726562,87.30342031958799,84.942569139053,86.67706979665294,7561081
2022-06-01,86.05072784423828,86.72525466200416,85.08711390354934,85.18347382726004,6377447
2022-06-02,88.65247344970703,88.89337691016819,86.05071901744256,86.43615867274828,14588418
2022-06-03,86.86980438232422,90.00154991159643,86.53254094953012,89.519742907093,14520124
2022-06-06,87.49613952636719,87.83340289967632,85.27982475583838,87.25523606660494,11663917
2022-06-07,87.83340454101562,88.12248428705826,86.62888721969559,87.06251051465468,9194889
2022-06-08,87.78522491455078,89.47154924137395,87.20705804428383,87.44796151954428,9098083
2022-06-09,88.02613067626953,88.3152177948073,86.91797319092919,87.39978015396493,5384969
2022-06-10,88.36339569091797,88.70066645262415,86.86979848935314,87.11070197526271,5883324
2022-06-13,85.47254943847656,88.02612772737876,84.65347909911299,86.72525044112008,10712518
2022-06-14,86.62889099121094,88.07431183972349,85.27983006224109,85.42437361745047,10367840
2022-06-15,85.90618133544922,87.54432203770159,85.66527785854207,87.15887500429201,10060165
2022-06-16,83.73804473876953,87.44795657777149,83.15987790117536,87.39977294472605,10232041
2022-06-17,84.12349700927734,84.99074364401554,82.38898903621961,82.91897962570688,10344357
2022-06-20,81.71446228027344,84.89438376330915,80.94356821371228,84.31621688928364,9567545
2022-06-21,84.60530090332031,85.08710783932602,82.09989895465826,82.72624944182377,8029209
2022-06-22,83.64168548583984,84.50893207319348,83.20805484037277,84.50893207319348,4463288
2022-06-23,83.78622436523438,84.50893477902923,82.43717080758304,84.1716713896164,7559023
2022-06-24,86.09889221191406,86.38797929482008,84.12348831802262,84.60529522167272,9452966
2022-06-27,87.73705291748047,88.65248322748265,86.86979889380994,87.44796579232663,8739342
2022-06-28,88.45975494384766,88.79701832317474,86.77343069542195,86.82160697715995,6663872
2022-06-29,88.26703643798828,88.98974690121163,87.20706256228554,87.68886953776779,8629695
2022-06-30,86.91796875,88.74883658634877,86.72524891534873,87.8815826268372,6540849
2022-07-01,90.24243927001953,90.91696602988817,86.05072045817228,87.25523778064507,16073373
2022-07-04,91.73603820800781,92.02512531200779,89.76063416997616,90.82060796499198,13501261
2022-07-05,91.10969543457031,92.31421278641926,90.6760647768304,92.02512568125931,8291514
2022-07-06,92.07331085205078,92.31421432643941,90.38698653133036,90.7724262089197,9418380
2022-07-07,93.47054290771484,93.7114463688172,92.26602560220306,92.89237607142722,11404099
2022-07-08,93.95235443115234,94.67506484985351,92.79602070194669,93.75963459354826,6014287
2022-07-11,96.07231140136719,96.26503860951735,93.03693322886275,93.42237294158052,10419710
2022-07-12,94.86778259277344,97.03591380100454,94.6268791251922,95.87958009733077,11379873
2022-07-13,94.43415832519531,96.02412266531432,93.71144792984943,95.5904920170326,6843492
2022-07-14,93.66326904296875,95.44596065660107,92.65147884928113,94.62688295226592,13463788
2022-07-15,95.15686798095703,96.31320166380699,92.89237689683155,94.24143776135,22353647
2022-07-18,99.25222778320312,99.44494761488156,96.0722990979766,96.36138619728459,27285612
2022-07-19,104.98963928222656,105.43097525539049,98.663776277371,99.54645570625243,40561228
2022-07-20,103.12620544433594,107.34343991795791,102.58678816532974,106.36268667071279,30368364
2022-07-21,105.13675689697266,105.9213625757406,102.83198800410398,103.46947918278364,15882426
2022-07-22,105.13675689697266,106.26462475424371,104.40119187908557,105.77424807565232,11412216
2022-07-25,105.28385925292969,105.92135035807695,103.46946724793628,105.13674476981056,11501496
2022-07-26,103.66561889648438,105.48001845391417,103.32235674435438,105.38193713968812,6454013
2022-07-27,105.3819351196289,105.72520474773252,103.02813327439806,103.37139541994809,11256923
2022-07-28,105.23483276367188,107.14729871802,104.45022712557557,105.97039774342944,13107519
2022-07-29,104.59733581542969,106.36268717938145,104.45022133112867,106.36268717938145,7925696
2022-08-01,104.84252166748047,105.774234241928,103.71465395771803,104.69540718663262,9882729
2022-08-02,108.71649932861328,109.79532643749394,103.95984742862558,104.695412386847,29943278
2022-08-03,106.90210723876953,109.05976145607184,105.9703946182421,108.5203516430231,11009901
2022-08-04,105.872314453125,107.78478785437552,104.40118452103403,107.68671402208021,11536827
2022-08-05,106.85306549072266,108.52035053484285,105.48001690239894,106.21558185295248,11292440
2022-08-08,107.4415283203125,108.76554379497325,105.77424320041597,106.85307034708198,9773628
2022-08-10,107.6376724243164,108.61842570380904,106.95114812169304,107.83382008719344,8193387
2022-08-11,109.0107192993164,110.28569396537294,107.63766332755678,108.22611374901003,13838517
2022-08-12,108.66746520996094,109.74629230946677,108.3732362362077,109.10880118803716,6636181
2022-08-16,108.22611999511719,109.3539877328184,107.34344057071826,108.86361110621382,8723159
2022-08-17,107.68671417236328,108.814574469164,106.70596088293394,108.47131231437449,10861983
2022-08-18,108.86361694335938,109.8443702491554,107.49056081873415,107.63767531111434,10109846
2022-08-19,105.48001861572266,109.10880277104141,104.79348682785577,108.86361445020762,10127705
2022-08-22,104.59733581542969,105.57808906736517,103.46946807919319,104.94059795709641,11627416
2022-08-23,107.73574829101562,108.07901044881194,103.17524395871061,103.51851359906078,9588848
2022-08-24,111.80587768554688,112.19818050727011,107.19634010732223,107.34344711823373,22321308
2022-08-25,111.70779418945312,113.86544829849038,111.31549140165907,112.54143293691963,26934518
2022-08-26,111.70779418945312,113.52218616512809,111.07030309460697,112.93373572471369,13977432
2022-08-29,110.92318725585938,111.41356386396004,106.5097977829534,107.8828537821459,10728917
2022-08-30,114.74813079833984,115.58176956831281,111.31549440693651,111.65875654956614,26076777
2022-09-01,116.4644546508789,116.80771681018125,112.83567042530466,112.83567042530466,19439843
2022-09-02,117.24905395507812,120.43650201552717,116.51348901805142,117.49424226742036,21691153
2022-09-05,121.17207336425781,127.25274083907652,117.78846998536275,118.08269896876367,60977739
2022-09-06,118.86729431152344,122.2999307848395,117.83750785906084,122.2999307848395,20079032
2022-09-07,116.4644546508789,119.84805055087236,116.26830698343582,118.62210892296838,14868949
2022-09-08,115.77792358398438,118.18076604160137,113.42411429909325,117.64134876374281,20125550
2022-09-09,117.24905395507812,120.3384207045475,115.72888342553487,116.90578433175621,24051083
2022-09-12,117.4942398071289,118.42595238149825,116.70963423104176,117.83750194070954,10126462
2022-09-13,116.85675811767578,118.18077358665869,116.07215247843573,118.08269975239216,8918057
2022-09-14,118.42596435546875,118.67115268746765,114.15968887519871,114.89525387119541,13520540
2022-09-15,119.70094299316406,121.95667108864059,118.3278868796914,119.40671401079355,16778868
2022-09-16,119.21055603027344,122.2508894939889,117.93557386038314,118.9653677270294,24093647
2022-09-19,120.24034881591797,121.22110208110907,118.47499742810615,119.21056237699948,9936503
2022-09-20,120.92688751220703,122.20186234039514,120.7797730174977,121.36822351378099,7439626
2022-09-21,120.38746643066406,121.51533421145395,118.67114817197842,120.73072858589043,8204399
2022-09-22,120.53457641601562,121.71147732782258,118.27884093873985,119.55382316199199,12019517
2022-09-23,114.50294494628906,120.92688189561197,113.66930615839426,120.63265291985914,14301412
2022-09-26,108.86361694335938,113.76738347233952,107.34344632635396,112.78663016654349,20998829
2022-09-27,112.19817352294922,113.08085294624134,108.47130817240627,109.45206142438562,16966246
2022-09-28,109.69725036621094,111.90394519581419,109.40302887846262,110.53088913866145,10117759
2022-09-29,110.82511901855469,112.34528957333507,108.86361248725284,111.31549565138016,12297229
2022-09-30,116.4644546508789,117.2000196276213,109.25591937531424,110.53089417880206,17967686
2022-10-03,114.06160736083984,119.16152133009405,113.6693045595387,117.05290032033476,20472858
2022-10-04,118.52403259277344,118.8182615702946,116.46445219778649,116.51349285489125,10509831
2022-10-06,118.52403259277344,119.84804802651121,118.08269660904543,119.11248306526204,9762115
2022-10-07,120.48554229736328,120.8288044583849,116.46445523420874,118.18077352187078,15447242
2022-10-10,119.01441192626953,119.65190307028594,117.78847029645104,118.67114976643113,8985222
2022-10-11,120.04420471191406,121.80955615202005,118.72018926119611,119.45575423187873,15549812
2022-10-12,123.18260955810547,123.47683853294528,119.45575161127188,120.92688152036364,17110533
2022-10-13,122.49608612060547,124.31047819138516,122.00570948079725,123.1335772488669,18586183
2022-10-14,127.84119415283203,129.65557871506851,122.69223202604641,124.55566472713635,64043276
2022-10-17,128.9690399169922,130.14594071028583,126.61523833040488,129.45941649462333,34812065
2022-10-18,129.753662109375,131.22479203132912,129.214244811637,130.24403875002636,19209348
2022-10-19,128.7729034423828,131.5190155082009,128.23348616720494,130.24403330280964,17193426
2022-10-20,127.79216766357422,128.92002805796918,126.81141428927988,128.0863966688843,11746743
2022-10-21,130.0478973388672,132.20555166844142,127.74312103096014,128.47868602729966,21539773
2022-10-24,132.15650939941406,132.64688605766793,131.51902572972725,132.45073838738796,5471882
2022-10-25,131.61709594726562,132.94111894947432,130.5873019416709,132.3036202959593,11565536
2022-10-27,132.0093994140625,133.38244804019794,130.97960546190708,132.4997760612691,12116858
2022-10-28,128.6257781982422,132.40168406312193,128.2825235519572,132.40168406312193,11830604
2022-10-31,128.9690399169922,130.04787437382294,127.10561490803603,129.41037584383912,14441082
2022-11-01,129.36134338378906,131.02863582538686,128.72385977854742,129.65557234201847,17414680
2022-11-02,130.63633728027344,131.1757545912403,129.3613549902903,129.80270594978631,9763448
2022-11-03,134.6083984375,135.24588213440282,129.55752462789226,129.80271296748697,22729155
2022-11-04,133.72572326660156,136.17760660507898,132.79399562589353,134.85358361625788,12856806
2022-11-07,134.36318969726562,136.5698844185711,133.38243648779653,134.36318969726562,15494978
2022-11-09,135.44204711914062,136.32471917089424,134.21610539997792,135.34396579556406,10717725
2022-11-10,135.3439483642578,137.01122589456423,134.26511380429704,135.04971939653151,8519582
2022-11-11,132.45071411132812,137.25639849536898,131.42092032471788,137.25639849536898,18402905
2022-11-14,133.43148803710938,133.77474270938941,130.83248284072155,132.79398941983345,6766232
2022-11-15,133.48052978515625,134.11801344253288,132.6468834961797,133.72571810954844,6002862
2022-11-16,130.58729553222656,134.3141610544965,129.26328756011083,133.03917877515315,9854701
2022-11-17,132.3526611328125,132.990159787178,130.2440474236314,130.4401950999329,7763154
2022-11-18,130.1459503173828,132.64687404093564,129.85172135606365,132.64687404093564,5861896
2022-11-21,129.85171508789062,130.44017298212302,128.87096190757393,129.7536487489225,4197089
2022-11-22,128.92001342773438,130.63633163797647,127.69407184899002,130.34210266605638,6354133
2022-11-23,131.7642059326172,132.35264890716624,129.11616016927178,129.60653679728284,8020019
2022-11-24,130.78346252441406,132.64688786512673,130.3421115538853,132.3526588731436,7435488
2022-11-25,129.9988555908203,132.49977955045367,129.45943827166676,131.42094491214655,7701526
2022-11-28,131.22479248046875,131.66612846554403,129.75366255347942,130.6853751808845,7327894
2022-11-29,129.90077209472656,132.10746702826702,129.50847675925138,131.1757543826826,6388679
2022-11-30,128.92001342773438,130.7834536064901,128.47867745240785,130.24403631882114,6326371
2022-12-01,130.1459503173828,132.3036044252122,128.723861130298,129.6065330491488,10535474
2022-12-02,130.68536376953125,131.32284736285234,129.45942227075517,130.34209416383146,6907375
2022-12-05,134.6574249267578,135.00067958700026,130.48922359231952,131.22478853369097,14401826
2022-12-06,132.20555114746094,136.52085978960415,131.81324083856094,135.19685178047544,18534496
2022-12-07,129.55752563476562,133.0882287733037,128.67483862629956,132.4017044101248,12158260
2022-12-08,133.1372528076172,133.57858877417908,129.70461645530293,130.14595242186482,16928789
2022-12-09,131.27383422851562,135.5401020731698,130.04789261250448,133.77474315309226,12091632
2022-12-12,131.42092895507812,131.81322424949857,129.70461085305286,131.371888301999,5392164
2022-12-13,133.62762451171875,134.7554847142155,131.51901110179654,132.00938770550925,10645314
2022-12-14,134.11801147460938,135.0006834434267,133.38244651222578,134.31415913822352,7409698
2022-12-15,135.19683837890625,139.4631059388989,133.62762722907266,134.11800384275733,30030543
2022-12-16,133.43148803710938,137.06027221544488,132.7449637274417,134.9026179714433,14600806
2022-12-19,134.21609497070312,135.09876695386862,131.81323741577137,133.62763700518767,10385302
2022-12-20,132.3526611328125,134.70647814375604,130.73442409693942,134.06897948939056,10008151
2022-12-21,128.38059997558594,133.62763607541595,127.84119763690887,132.99015242146618,13127587
2022-12-22,125.48737335205078,129.80269656259836,124.6537345992976,128.92000967254904,17643887
2022-12-23,120.09323120117188,124.50662077956198,119.11247796152962,123.67298202237676,13181619
2022-12-26,128.23348999023438,129.75366055101767,118.57307178193585,120.38746383404413,22992460
2022-12-27,130.3911590576172,130.78346938922303,127.30179189240457,129.21425799301755,12906891
2022-12-28,131.07766723632812,131.66612517847588,128.87097240093468,129.94980697316987,7348889
2022-12-29,135.0006866455078,137.2073815849992,129.45943645016146,130.58729676652504,30066392
2022-12-30,136.37374877929688,138.28621471315947,134.3632015298074,135.39299548345886,17160666
2023-01-02,135.0497283935547,137.99198833661734,134.51031107763828,137.06027568100242,11044858
2023-01-03,135.09877014160156,139.51216009178094,134.65743413960524,135.5891468027326,24559742
2023-01-04,133.7747344970703,135.83432226474446,132.3036046530478,135.5891339574074,10921191
2023-01-05,134.0689697265625,134.46128001570617,132.49977346530991,134.26511738858065,8313992
2023-01-06,132.0093994140625,134.8045373240756,130.78345779604598,134.36320133461118,11398532
2023-01-09,133.0391845703125,134.3632075652101,132.156512550453,132.84303689535577,10116170
2023-01-10,132.6468963623047,133.38246140682764,130.63634891425346,133.33342074417095,9012962
2023-01-11,132.05841064453125,133.13724513628202,130.73440282113458,133.13724513628202,10832347
2023-01-12,132.45071411132812,133.5785742325504,131.02862505605933,132.6468617456574,9268341
2023-01-13,135.78529357910156,136.1285632256738,131.46998497563706,132.8920742905214,22395780
2023-01-16,137.5996856689453,140.64001180246382,134.51030391419206,136.56989175069424,58289006
2023-01-17,135.3439483642578,140.1496332983952,132.40168861720872,139.75733798483142,46001364
2023-01-18,134.0689697265625,136.07951693374014,132.1565038329476,136.03047627695875,19124929
2023-01-19,133.3824462890625,135.147805188851,132.40169300752527,133.82378227273276,12287029
2023-01-20,131.66612243652344,134.55934150076646,130.93055750671044,133.38244060608704,11820995
2023-01-23,133.3824462890625,133.72571592364352,131.42093972598806,132.499774321722,12409370
2023-01-24,132.40170288085938,134.2161025730479,131.46999018694171,134.06898059078182,9611256
2023-01-25,129.7046356201172,132.40170743830487,128.33158686235618,132.40170743830487,15133077
2023-01-27,129.4594268798828,130.7344090770242,126.9094624856,130.39113945910304,13446595
2023-01-30,130.4892120361328,131.56803154220597,127.4979118797784,129.36133691351748,12277806
2023-01-31,131.86227416992188,132.5978391224857,129.1161620206621,131.12670921735804,12256476
2023-02-01,128.8219451904297,133.8237777792557,124.65373640130109,132.84302453064979,12078487
2023-02-02,130.73440551757812,131.46997042300512,126.07582778320719,126.07582778320719,11753340
2023-02-03,130.83248901367188,132.4017003370431,127.792162651664,131.32286568158685,7881035
2023-02-06,130.34210205078125,131.666124935618,127.49792358756306,127.49792358756306,7602374
2023-02-07,128.4786834716797,130.68537841680396,127.98830681720763,130.68537841680396,12025284
2023-02-08,128.8219451904297,129.31232181473266,127.64502932001704,128.92001153622613,6651377
2023-02-09,127.44889068603516,128.87098000416887,126.51717802692052,128.82195431035336,9128501
2023-02-10,128.92001342773438,129.7536596873234,127.00754755791462,127.15465456132108,7108094
2023-02-13,127.89021301269531,129.36134283246608,127.30177006385084,129.21423583653154,4384613
2023-02-14,127.25273132324219,128.28252520558453,125.43833934809197,128.28252520558453,7680733
2023-02-15,127.1546630859375,127.84120238814656,126.07584340338127,127.1056373915867,6266944
2023-02-16,127.74311065673828,129.5084694976071,127.39984103361407,128.23348728114036,10039227
2023-02-17,124.65373992919922,127.69407358941312,124.26143712214336,127.35081892175056,13966049
2023-02-20,123.57491302490234,124.94796911057867,122.88838872334104,124.65374013416456,9530070
2023-02-21,124.89893341064453,125.83065355123149,122.643205271308,123.96722075261158,9155033
2023-02-22,122.7903060913086,124.80085328259582,122.39801077037279,124.35951730526624,5283351
2023-02-23,125.38929748535156,125.78160026925168,121.7114729160752,122.79029995988562,9981405
2023-02-24,124.70277404785156,126.5171660174831,124.31047126136421,126.12487071354904,6152834
2023-02-27,126.17389678955078,126.51716640537546,123.37875906896112,124.55565994947816,8137444
2023-02-28,126.6642837524414,127.49793005035224,125.14412061445033,126.2719884152527,8178756
2023-03-01,131.7642059326172,132.15650124898323,126.66427702921642,127.35081628051756,13898807
2023-03-02,130.78346252441406,132.79399487856418,129.90077554846476,131.51902752181772,10331343
2023-03-03,131.61709594726562,132.59784929257327,131.42094827122577,131.46998893151283,8336592
2023-03-06,131.5680389404297,133.3333977356698,131.1267029828963,132.79398046974828,10685105
2023-03-08,133.28436279296875,133.62763242193034,130.34210299652258,131.32285626200465,7830013
2023-03-09,131.61709594726562,133.82379097420784,131.273841255473,133.57860263788092,6794833
2023-03-10,130.44020080566406,130.83249617542694,129.26329973126636,130.68538915304313,6662275
2023-03-13,127.0075454711914,130.88151780335306,126.27198053603006,129.4103879330304,7173855
2023-03-14,125.29122924804688,127.74311240358595,125.04604093249296,127.00754745692423,10242575
2023-03-15,124.16336059570312,127.20369418991804,123.62395079494522,127.00754653192489,7183525
2023-03-16,124.84989166259766,125.5364159442715,122.15282022629495,124.16335989837033,9318760
2023-03-17,125.92871856689453,126.56621719517581,125.34027556206699,125.34027556206699,8882157
2023-03-20,126.6152572631836,127.30178158150207,123.57491604120605,126.02679929599189,7022788
2023-03-21,126.32102966308594,127.25274231708734,125.14412119836663,127.25274231708734,7719172
2023-03-22,126.6152572631836,127.15465960715026,125.63450396126926,126.81140493054491,7040596
2023-03-23,124.55567169189453,127.2037026639762,124.21240952626232,126.4190970146277,6305290
2023-03-24,124.40855407714844,125.73256952998288,123.42780078133717,124.5556685680309,7844882
2023-03-27,123.0354995727539,124.75181786283049,122.59416357689865,124.40855570132597,6549186
2023-03-28,123.28067779541016,123.77105440952484,121.27013816707193,123.32971844984294,8491983
2023-03-29,126.6152572631836,127.49792924886339,123.08453939024888,123.18261322392954,11695672
2023-03-31,129.753662109375,130.68537473359112,126.90946861453257,127.20369759194487,10340913
2023-04-03,130.58729553222656,132.10746613586258,129.75366420869614,130.44018852369405,16580155
2023-04-05,126.07583618164062,130.881521231181,125.7325665501989,130.881521231181,16378346
2023-04-06,124.60469818115234,126.71331159420058,124.31046922546726,126.02678734100625,10998936
2023-04-10,124.55567169189453,125.48738435326112,123.67299220701598,125.48738435326112,8949316
2023-04-11,125.83064270019531,126.27197866171979,124.702774986512,125.48737308283923,7732152
2023-04-12,124.80085754394531,126.37006881148399,124.55566921871163,124.70278371036261,7493813
2023-04-13,125.6344985961914,126.07583457018455,123.57491076408054,124.80085233912102,9104949
2023-04-17,128.8219451904297,129.1651998483776,124.65373640130109,125.63449713246047,9713611
2023-04-18,129.1161651611328,130.09691845507263,127.98830485914507,128.82195114503696,8784805
2023-04-19,129.16519165039062,129.85171588782038,128.62577440487226,128.62577440487226,4628203
2023-04-20,129.753662109375,130.34210509909218,128.87097517713806,129.16520415455037,7467713
2023-04-21,128.4786834716797,129.8517321181583,128.23349514444365,129.65558444939106,3869518
2023-04-24,129.55752563476562,130.3421163554794,128.03735492444244,128.5767722687647,6342651
2023-04-25,130.83248901367188,132.10747134327246,129.55752164917956,129.55752164917956,10237783
2023-04-26,132.40170288085938,132.64689121952762,129.99886015493215,130.58730318867083,8575324
2023-04-27,131.37188720703125,133.08820529475122,130.73440361763483,132.54878804558945,9193198
2023-04-28,132.3526611328125,133.77475049238407,131.61709612285048,131.76421810390795,9349394
2023-05-02,133.8237762451172,134.16704586423683,132.40168704396265,132.94110431753347,7107201
2023-05-03,135.0497283935547,135.6381863682104,132.9411147537363,133.2843694346955,8477131
2023-05-04,136.7169952392578,137.35449382231357,134.70646307567702,135.04971772953158,9125430
2023-05-05,125.29122924804688,137.59968568187446,124.55566430138515,137.30545671018834,52169855
2023-05-08,126.17389678955078,128.3315658631231,123.91816885480088,126.51716640537546,25677860
2023-05-09,126.07583618164062,128.57676001971055,125.63450020200648,126.51717216127477,12857628
2023-05-10,126.76236724853516,126.95851492050159,124.65374610340267,126.07584291409856,10100422
2023-05-11,125.34027862548828,127.64503997299846,125.0460496333294,127.25274462685874,11009514
2023-05-12,123.47683715820312,125.97775348628271,123.32972267242113,125.83064648305428,14452494
2023-05-15,125.04603576660156,125.58545303155724,121.51532566499641,123.47683210839408,20973726
2023-05-16,124.50662231445312,125.97775219205228,124.16336017285735,125.73256387911908,11003684
2023-05-17,125.19315338134766,125.68352252192322,123.62394968384551,124.65373610288437,11739989
2023-05-18,124.31047821044922,126.27198476998294,124.01624923349769,126.02679645004122,11018880
2023-05-19,123.7220230102539,125.14411221853993,122.10377866397964,124.75180942511686,9669660
2023-05-22,123.77106475830078,124.16336757890451,122.59416377904354,123.57491708927589,15934321
2023-05-23,123.23165130615234,124.50662608245803,123.03549616033736,124.06529009884332,6772781
2023-05-24,121.41725158691406,123.77105332805517,121.02494880253947,123.13356972131885,12562198
2023-05-25,120.87783813476562,121.51532924415744,119.94612553973,121.17206710296291,15655834
2023-05-26,122.83934783935547,122.98646232729058,121.02495577496555,121.12302960607106,8746928
2023-05-29,123.08453369140625,123.96721311877165,122.79030472143326,123.67298414879868,8267792
2023-05-30,122.88838195800781,123.57490622177414,122.4470385176838,123.52586556755371,8917811
2023-05-31,122.83934783935547,123.67298662758287,122.10378288223359,122.83934783935547,9003220
2023-06-01,123.08453369140625,123.52586966381219,122.398009404874,122.83934537727994,10982556
2023-06-02,123.7220230102539,124.50662111454662,123.37876087196625,123.52586787226566,10542134
2023-06-05,124.84989166259766,125.63449725527074,124.21240055386995,124.50662203920726,10321926
2023-06-06,123.7220230102539,125.04603839082252,123.28067956169542,125.04603839082252,6668953
2023-06-07,123.77106475830078,125.04604705462441,123.5258764307427,124.06529374439206,5556188
2023-06-08,123.67298126220703,125.14411111262794,123.47683360850559,123.8200957437598,9170509
2023-06-09,122.69223022460938,123.8691386155431,122.44704191181737,123.8200979599633,6445849
2023-06-12,122.7903060913086,123.37876403781952,122.20185562735128,122.5941584308407,3558036
2023-06-13,122.15282440185547,123.57491366931417,122.00570991288124,123.08453702776927,14180212
2023-06-14,122.00570678710938,122.79030490394766,121.12302735843195,122.39800958680529,15051657
2023-06-15,119.70094299316406,122.29993324637029,119.40671401079355,122.2509000710111,16997484
2023-06-16,121.36821746826172,121.95666793523347,119.74997307217417,120.33842353914592,7806010
2023-06-19,120.7307357788086,121.61341528951756,120.28939976473124,121.56437462904042,8471676
2023-06-20,121.02495574951172,121.27014406850078,120.43650528044871,120.73072677370337,4066067
2023-06-21,121.07398223876953,122.25089059446714,120.73072010764854,121.31917054422071,6402879
2023-06-22,121.41725158691406,122.00570202219934,120.73071984362021,121.31917027890547,7522638
2023-06-23,119.79901123046875,121.36821493718631,119.40670843315098,121.36821493718631,6602216
2023-06-26,118.96537780761719,119.94613110369794,118.67114882577143,119.79901661277506,5930251
2023-06-27,120.68169403076172,121.22110384493332,119.11248279758031,119.60285943731107,9768441
2023-06-28,119.79901123046875,121.85859156319515,119.30863460445991,121.61340325019073,27133502
2023-06-30,123.7220230102539,123.96721132082415,119.99515769656489,119.99515769656489,17568492
2023-07-03,125.09508514404297,126.02679777660727,124.06529119642661,124.75181550646833,14414543
2023-07-04,129.4594268798828,130.7344090770242,125.19315180876097,125.53641394412878,41128680
2023-07-05,130.73440551757812,131.51901107638818,129.2142350533411,130.19498826057708,22443255
2023-07-06,132.7939910888672,133.87282570698122,129.80270549021134,130.44018915039194,23044807
2023-07-07,132.54879760742188,133.57859152736256,130.73441304858082,133.3334032114294,13848264
2023-07-10,131.32286071777344,132.89207198183075,129.94981208555407,132.54880234122206,12720773
2023-07-11,132.40170288085938,132.8920795581959,131.07767986600734,132.4997842023701,8025060
2023-07-12,131.66612243652344,133.77473591594458,131.32285281656797,132.4016873663364,15485814
2023-07-13,124.31047821044922,132.54879977444787,124.01624923349769,132.4016927685258,72729803
2023-07-14,126.8114013671875,127.49792566621488,124.16336303689545,125.58545977424312,30563704
2023-07-17,130.0478973388672,131.12671702110023,127.30178502617808,128.47868602729966,29948533
2023-07-18,132.30361938476562,132.79399605404217,129.01810467967783,131.02865201673328,30095708
2023-07-19,133.1372528076172,134.21608736153013,130.8815173545036,133.48052242889136,24377900
2023-07-20,134.21609497070312,136.56989690254957,132.8430313728696,135.44203659460393,39128767
2023-07-21,131.5680389404297,134.31415095912467,130.48921937369326,134.16704396164906,21243972
2023-07-24,131.37188720703125,132.69591000360052,130.83246995786945,131.91130445619302,11438342
2023-07-25,130.0478973388672,132.15651100899714,129.16521036419488,132.00940399577252,12507814
2023-07-26,131.32286071777344,132.4016953324513,130.1459597522843,130.1459597522843,15769623
2023-07-27,131.32286071777344,132.94111263979025,130.97960604227245,131.71517101634163,20697424
2023-07-28,132.84303283691406,134.7554987982548,130.93056687557333,131.37190287201997,28108965
2023-07-31,133.0391845703125,133.9709122152966,132.30361956539346,133.33341356530178,11585682
2023-08-01,132.49977111816406,133.77473838125056,131.9113131774264,133.77473838125056,12265664
2023-08-02,130.1949920654297,132.20553919204147,128.08637859429217,132.20553919204147,19099857
2023-08-03,129.60653686523438,130.39114246348487,128.23348829212634,130.194994805199,13591421
2023-08-04,132.0093994140625,132.89207139299134,129.16520588119957,130.3911474992161,16663874
2023-08-07,131.46998596191406,132.54880563831944,130.53827329793867,132.54880563831944,13236209
2023-08-08,132.84303283691406,133.67667913639718,131.56805054098427,132.05842719594898,12282946
2023-08-09,132.0093994140625,133.13725971659466,130.6363358228194,132.89207139299134,12772010
2023-08-10,131.61709594726562,132.7449712734345,130.93057159857193,131.71517726783975,15357708
2023-08-11,131.61709594726562,132.75343880610723,131.22185543481754,132.20997179339682,10427685
2023-08-14,131.4194793701172,131.81471989362998,128.94918840451348,131.81471989362998,6724869
2023-08-16,130.62896728515625,131.81470378827876,130.13490915240038,130.3325293900112,11329623
2023-08-17,133.00045776367188,133.3956982460102,130.43134939609888,131.0242251970643,14592871
2023-08-18,132.5557861328125,133.2968733048054,131.3700496731153,132.9016328440587,6454530
2023-08-21,132.6546173095703,133.3957045571098,132.06174148055527,132.5557996455816,11583244
2023-08-22,134.4332275390625,135.27311735951164,132.5064037421987,132.9016442368267,15619405
2023-08-23,140.01608276367188,140.5101409350874,134.18620237195205,134.92728962907535,31220704
2023-08-24,139.0279541015625,142.09112052389497,137.7433999542148,141.59706239625794,22632569
2023-08-25,139.0279541015625,140.60894614098393,137.10113041926968,138.3362757383622,14682803
2023-08-28,142.18992614746094,142.78280194430278,138.83033683857812,139.76904428569617,19046442
2023-08-29,142.7333984375,144.7096310640558,142.28874911201663,143.07924517813063,17276351
2023-08-30,141.6958770751953,144.06736533683676,141.3006365703178,143.72151858697484,8170161
2023-08-31,142.23934936523438,142.83222522204957,140.31252544677406,141.64648858587856,19548529
2023-09-01,142.09112548828125,143.47448226301364,139.62083476378908,143.3756796805088,13687325
2023-09-04,141.3500518798828,142.782817622541,140.8065848526788,142.14054800331957,11140979
2023-09-05,142.9804229736328,143.86973667380633,141.20181065074368,142.04171552133124,13833678
2023-09-06,142.09112548828125,143.77092016544432,141.15241802846583,142.288745730749,17346713
2023-09-07,143.27687072753906,145.40131484872245,142.1405429562008,142.73340371963246,13131381
2023-09-08,145.74716186523438,146.53765796202913,143.32627981923582,144.1167759160306,18010921
2023-09-11,147.13050842285156,148.21744236450778,145.74715165843264,146.63645028163654,20273209
2023-09-12,140.9053955078125,148.11863269676311,140.16430825600588,148.11863269676311,17735490
2023-09-13,143.42507934570312,144.21557542562027,139.1267823543651,141.3006352660433,16236362
2023-09-14,145.74716186523438,146.14240237490228,143.77092916197697,144.6602278474592,10378267
2023-09-15,146.4882354736328,147.03170243185957,144.90724342742,145.74714827899388,8614702
2023-09-18,144.36380004882812,145.9447771106936,143.9191356438906,145.40131012045984,11469599
2023-09-20,144.759033203125,145.74714947072312,142.58518042990067,143.5732966974988,19554843
2023-09-21,144.06735229492188,146.98229221752587,143.72150557636826,144.7590306545717,14051863
2023-09-22,144.215576171875,145.6977506753423,143.27686866850414,144.11677358478576,8086555
2023-09-25,145.3519287109375,146.04360717658741,142.4369732641576,144.16617696701223,14333389
2023-09-26,146.09300231933594,146.6858630582719,144.8084481021205,145.35191508757222,14100749
2023-09-27,148.7609100341797,149.69961749140649,145.64833468342812,146.24121048665452,20485056
2023-09-28,144.2649688720703,149.60079045690378,143.52388170320694,149.1067323443282,29980644
2023-09-29,145.45071411132812,146.9822973683046,144.56141548596526,146.9822973683046,8836942
2023-10-03,148.90911865234375,150.4901107129787,145.5495293703166,145.74714960853154,18267135
2023-10-04,145.5001220703125,148.66209114735062,144.4625969619596,148.51387973649645,22633122
2023-10-05,143.77093505859375,146.9823133330984,142.9310300942779,146.4882551370208,11157021
2023-10-06,144.759033203125,145.25309133692406,142.33815136300115,144.5614129650969,9149275
2023-10-09,143.22744750976562,143.91912586969792,141.44883524318436,143.3756739938309,11349775
2023-10-10,146.19180297851562,146.73526995681024,143.4744831645006,143.77092106879388,8324817
2023-10-11,145.2530975341797,147.67397947759102,144.808448210281,147.0811187382122,11961227
2023-10-12,147.52577209472656,149.05735543220635,145.05548125281038,145.9447799249167,11378622
2023-10-13,147.62457275390625,150.29249889029882,146.73527409341443,146.932894342695,15602219
2023-10-16,146.78468322753906,150.78655736291495,144.95666199364558,149.74903220523103,32531561
2023-10-17,146.63645935058594,148.95853878889218,146.191810011484,148.95853878889218,13265518
2023-10-18,144.80844116210938,147.77278994709644,144.0673539658626,147.2293229876906,20284169
2023-10-19,145.10488891601562,145.9447787490248,143.47448792701198,144.56142191968107,8868032
2023-10-20,144.1167755126953,146.48824871898364,143.52389967239375,144.95666536275377,10731136
2023-10-23,141.6958770751953,144.51201467418866,140.80657840049153,143.22746041714856,16900861
2023-10-25,140.164306640625,142.53577978809162,139.81845989611762,141.59707229544685,13307403
2023-10-26,136.50827026367188,139.67025470452378,135.66838039700622,139.32440794459959,19469168
2023-10-27,137.89163208007812,140.21369632849238,137.1011360280285,137.44698276250588,11627544
2023-10-30,139.2255859375,139.5714326866451,135.61896733622683,138.7809366010697,10041391
2023-10-31,138.97854614257812,140.065480061161,138.03983870968796,139.62083075899804,6692752
2023-11-01,138.83033752441406,139.67024239451288,137.9904326543152,138.92915518352848,8303782
2023-11-02,139.76905822753906,141.54767071802178,139.37381770852483,139.4726202995487,6186723
2023-11-03,141.79469299316406,142.33815998876895,140.31251850194633,141.2018171656935,8768877
2023-11-06,142.3875732421875,143.37568960034992,141.3006392172252,142.48637583152828,11103173
2023-11-07,145.54954528808594,146.4388439960386,141.74529120720752,143.0792543465959,14254789
2023-11-08,145.30250549316406,148.16803674327733,144.31438918933767,146.04359272103386,19887689
2023-11-09,145.79656982421875,147.13051784444474,145.05548256494023,145.74716099144175,7550625
2023-11-10,148.06922912597656,148.217440535529,145.54952962138103,145.74714985993685,8015794
2023-11-13,151.08297729492188,151.72526194088564,147.32814739064625,147.62457022075137,19532510
2023-11-15,148.36566162109375,153.35565212671528,148.06923878265698,152.26873320504345,22224705
2023-11-16,148.41506958007812,149.40318590894344,147.62457350149415,148.31626699366677,9606277
2023-11-17,146.34002685546875,148.4150619935411,145.9941801270611,147.22932547500577,17556958
2023-11-20,145.64833068847656,146.98229367041802,145.0060611504796,146.24120647544112,9425725
2023-11-21,144.95664978027344,146.4388241442383,144.75902954723625,145.74714578987948,7748972
2023-11-22,143.7215118408203,145.4507153540451,143.47448276750248,145.20368628072728,7738354
2023-11-23,145.40130615234375,145.59894147245947,143.37567981828016,143.72151147356655,5139738
2023-11-24,145.64833068847656,146.29061530393108,144.61082067747498,145.7965571739465,6129389
2023-11-28,148.1680450439453,148.76092089043854,144.95666687660173,145.74716297943965,7168750
2023-11-29,148.46446228027344,148.71149133564825,147.37752840564139,148.56327993340616,7318824
2023-11-30,145.59893798828125,149.20555633221596,144.95665336819113,148.61268054097243,18371642
2023-12-01,146.9822998046875,148.5138830870515,146.24121257878153,146.9822998046875,12179761
2023-12-04,152.2193145751953,153.35564225595294,148.46446972960396,150.78654899762245,21781254
2023-12-05,154.68960571289062,157.1104875687413,152.6145555064713,154.1461387466896,18640322
2023-12-06,153.30624389648438,156.07297265994202,152.9110033920442,156.0235638275223,11309743
2023-12-07,152.8121795654297,154.04732493882454,151.62644302246224,153.9979311858553,7807482
2023-12-08,152.66395568847656,153.84969213464325,151.42881041591608,153.15801379750076,6969212
2023-12-11,152.31813049316406,155.331888399338,151.77467855845094,152.76279491605163,10074791
2023-12-12,150.7371368408203,153.3556388703888,150.19366988823325,152.91098957371116,8884252
2023-12-13,150.53952026367188,151.47822770778683,149.89723563957168,150.98416957115182,10328622
2023-12-14,150.83595275878906,152.81218543209104,150.58892367462633,152.7627916772255,11126495
2023-12-15,155.1836700439453,156.1717863574025,151.28061362128105,151.67585411568058,14415539
2023-12-18,154.68960571289062,155.82593339702734,152.8615845749756,155.23307267909166,14540270
2023-12-19,155.52951049804688,157.1105027199229,154.29436503641227,154.73902946456812,12245375
2023-12-20,151.37940979003906,157.40692507763924,150.39129351846248,155.77652418306326,13005090
2023-12-21,152.12049865722656,152.66396562802828,147.57517280474383,149.50199653989728,13604825
2023-12-22,152.169921875,154.64021281452924,151.42883459314123,152.9604179911412,10356668
2023-12-26,152.12049865722656,153.55326425118898,151.4288202750507,152.21931631644793,5809256
2023-12-27,152.169921875,153.3062496761997,150.9347764052354,152.26873954356492,8811491
2023-12-28,153.65208435058594,155.23307645848843,152.46634780838815,153.1580262015487,15172431
2023-12-29,154.2943572998047,157.1104948421089,153.05921190010258,156.61643668222806,13041199
2024-01-01,154.68960571289062,155.3318752600187,154.04732108830473,154.34375898600146,6210375
2024-01-02,150.09486389160156,155.08485435349917,149.30438289275168,154.68961385407422,13182359
2024-01-03,149.9466552734375,151.37942095742832,149.25497684779975,151.37942095742832,10486168
2024-01-04,153.0098114013672,153.40505188086615,150.63832329199988,150.6877321213017,13766132
2024-01-05,152.76278686523438,154.09673483121892,151.2312035761781,154.09673483121892,7195693
2024-01-08,148.41506958007812,151.52764506247905,147.97042024758048,151.18179831639273,15037236
2024-01-09,149.65020751953125,150.98417052788173,149.20555820923371,149.84782775994594,10718241
2024-01-10,149.9466552734375,150.44071344567288,147.92101375178066,149.60080852188918,8429097
2024-01-11,148.56329345703125,150.78655515778686,147.82220622344605,150.39129958673308,10176583
2024-01-12,149.30438232421875,150.0948633200586,148.3162660019604,149.1561558294049,7828235
2024-01-15,151.13238525390625,151.4782319903115,149.5019993879003,151.13238525390625,13760399
2024-01-16,147.92100524902344,153.40505366109525,145.99418150355442,151.9228792295871,36969953
2024-01-17,144.16616821289062,147.72339307374358,142.14054177451538,147.72339307374358,48678947
2024-01-18,145.10488891601562,147.47636207416446,140.6089566044606,143.6721081772813,21044204
2024-01-19,144.80844116210938,147.13050533054133,143.91912748013868,147.13050533054133,10902628
2024-01-23,138.58331298828125,146.5870611597643,137.74340809070225,146.5870611597643,15830801
2024-01-24,140.5101318359375,141.54765694421388,137.99043230939708,138.7315195185291,18178107
2024-01-25,140.11489868164062,141.79469342801386,138.87975326850463,140.9053947615394,18228649
2024-01-29,143.7215118408203,144.90724837725426,140.80657179116156,141.49825018095987,20336392
2024-01-30,143.37567138671875,144.75902808142874,142.78279561615324,144.7096192543054,7968976
2024-01-31,145.54954528808594,146.63646425586595,142.88163408676854,143.77093279472123,18544711
2024-02-01,145.10488891601562,146.38942808149537,143.27686767674268,146.38942808149537,12321655
2024-02-02,144.1167755126953,147.13051831476122,143.77092875960957,145.30251211583948,11258500
2024-02-05,145.5001220703125,145.8459687989161,142.33815299327435,144.1167653108139,15973650
2024-02-06,145.15426635742188,146.340017880695,144.56140567324223,145.50011306461937,8693602
2024-02-07,147.42694091796875,148.11861927481925,145.54952608116633,146.1423867824136,16778158
2024-02-08,144.90725708007812,149.6008097550017,144.3638051481068,148.21745289232362,10083699
2024-02-09,145.54954528808594,145.89537697341893,141.6464886160235,145.25310735961526,10858532
2024-02-12,144.90725708007812,146.63646069715523,143.67211163930875,146.63646069715523,15243144
2024-02-13,145.9447784423828,146.53765426940365,142.53578013065945,144.4626039522893,8633927
2024-02-14,147.67398071289062,148.3656591200143,143.77092427219557,144.56142034210484,12223910
2024-02-15,154.739013671875,155.33187438647658,147.62456447699427,148.21744026905355,29844812
2024-02-16,162.7427520751953,163.82968603938903,154.34376350038755,155.38128863394368,51750478
2024-02-19,161.0135498046875,164.37315430736754,160.4206890647734,163.9778987366331,14982976
2024-02-20,152.56515502929688,153.75090668499652,147.37754430671612,151.18179820092544,33045447
2024-02-21,151.92288208007812,154.2449614306594,151.4288239269722,154.2449614306594,14375228
2024-02-22,151.774658203125,152.96039465772844,150.53951292177618,152.86157700423772,9963362
2024-02-23,150.63833618164062,153.05921824999908,150.1936868347926,153.05921824999908,21338955
2024-02-26,149.6996307373047,151.28062296749428,148.1186385071151,150.68774711180833,25950539
2024-02-27,152.36753845214844,152.91100546120185,149.25497797455182,150.88536392425308,15504425
2024-02-28,148.51388549804688,152.76278867771012,147.97041850806812,152.3675331043354,9726132
2024-02-29,148.61268615722656,149.40318221627254,146.34003071897453,149.106744309448,12829211
2024-03-01,150.78656005859375,151.18180056503513,149.10675021257072,149.60080838435186,7683577
2024-03-04,151.774658203125,152.4663365451889,150.34187761479473,152.4663365451889,11491625
2024-03-05,153.3556365966797,155.3318690659087,151.28060155046356,151.37940412745067,15097161
2024-03-06,155.38128662109375,156.66584081373907,150.88535448556414,153.6026742833893,28581350
2024-03-07,154.4919891357422,156.12237499553507,153.8002956655676,156.07296616517144,7038942
2024-03-11,153.5532684326172,155.3318808048301,152.81218120065,154.49199098840896,12353089
2024-03-12,149.9466552734375,154.49199648898653,149.45259710120212,154.1461497374382,12926472
2024-03-13,146.7352752685547,150.93476967859752,145.00607168794883,150.53952917687107,12273615
2024-03-14,144.31439208984375,146.4882449864614,137.9904385717777,144.26498325816775,23395531
2024-03-15,148.662109375,149.35378783955687,144.26499441018163,145.00608171023393,18505435
2024-03-18,145.59893798828125,150.44070166609194,145.15427360611974,149.20555633221596,20703599
2024-03-19,145.74716186523438,146.73527821686307,143.91914058373766,146.24122004104873,8094302
2024-03-20,145.69775390625,147.62457778799384,144.11677678063467,147.17992844258512,14058739
2024-03-21,148.1680450439453,148.4644829671919,145.25310479984833,147.2293375182136,6212045
2024-03-22,147.82220458984375,149.50199928524825,147.32814643958017,148.21744507907133,8409218
2024-03-26,148.0198211669922,149.69961582077664,146.88347840306605,147.8222009272748,7742995
2024-03-27,148.0198211669922,149.60079816218905,146.73526699264247,148.0198211669922,20853016
2024-03-28,148.41506958007812,149.2055656586621,147.27874183286647,149.1561568267271,7208707
2024-04-01,150.53952026367188,151.18178981031429,149.1067396054641,150.19367353704425,8748792
2024-04-02,152.2193145751953,152.71337271073475,150.78654899762245,151.57702995251938,8112500
2024-04-03,152.66395568847656,153.20742262389456,150.44069419786769,152.16989757945237,12129473
2024-04-04,150.63833618164062,154.88723954837988,150.4407159249814,154.88723954837988,16855917
2024-04-05,152.71337890625,153.00981681509157,149.4525920639094,151.3794158551921,9900539
2024-04-08,152.56515502929688,153.70149785309928,149.55141229052637,153.70149785309928,13919010
2024-04-09,153.9485321044922,156.76465468769354,152.8615980760894,153.15803599996826,17300199
2024-04-10,157.11048889160156,157.60454703277014,151.77466699796432,155.13425632692733,40162551
2024-04-12,154.09674072265625,158.29623518169524,153.9485293021443,157.55514792421778,16558634
2024-04-15,153.15802001953125,154.14613627772178,151.03357609540464,152.1204949329397,18051649
2024-04-16,150.29249572753906,152.46634857879576,149.89724015983714,151.7746701821402,13947991
2024-04-18,150.34188842773438,153.652084050809,150.0948593536977,150.58891750177105,12619744
2024-04-19,150.0454559326172,151.77465933945194,146.7352605228363,149.20555110402887,10378590
2024-04-22,151.6758575439453,152.86159413140297,150.58892354359153,150.73715004043544,12152983
2024-04-23,151.92288208007812,152.66396930973704,150.98417460466848,152.56515164813254,9181183
2024-04-24,151.774658203125,152.61454794796796,151.1323736103494,152.2687163156645,7177359
2024-04-25,154.09674072265625,154.7390253922787,151.67585869705496,151.67585869705496,17911036
2024-04-26,155.2330780029297,156.66584363390092,154.19555286413728,154.44258194111364,15126683
2024-04-29,158.5432586669922,158.9879079902797,154.19555294102364,156.12237672690836,24049248
2024-04-30,160.66770935058594,162.69333561460508,157.65395175253116,159.48195778072616,32465189
2024-05-02,166.0035400390625,168.2762105669937,160.91474707480077,167.48571450369698,75875713
2024-05-03,163.97789001464844,167.48570574636167,162.05106632686324,166.49758948827105,17758980
2024-05-06,161.754638671875,165.70710395440076,158.64207829286937,165.70710395440076,19660309
2024-05-07,157.85157775878906,162.545130149113,157.20930819951744,162.0510720027631,11483902
2024-05-08,155.38128662109375,159.08672270903716,154.8872284760346,157.85157734638935,18895207
2024-05-09,155.1836700439453,158.2468215691876,154.49199164001695,156.12237752623798,8372049
2024-05-10,158.0491943359375,158.44444989032442,154.64019622068548,156.27058203484063,10878308
2024-05-13,159.7783966064453,160.61830146042556,156.36939851683059,159.03730940968308,16577995
2024-05-14,161.95225524902344,162.29810198438744,159.23493542888912,160.5688984624838,10674881
2024-05-15,160.81593322753906,162.44631914632788,159.87722572649525,161.95226097973023,11602958
2024-05-16,162.14990234375,162.8415807872401,159.77841400933636,162.0016758417783,7523851
2024-05-17,161.90286254882812,162.94037260675006,161.2605779043269,162.05107396354316,8301634
2024-05-21,161.70523071289062,163.23681403362528,160.3218738875256,162.05107745796118,8380426
2024-05-22,160.47007751464844,161.9028581797007,159.38315865533377,161.65582911020311,15020638
2024-05-23,160.86532592773438,162.19927379730137,160.12423875215586,161.4087928719834,6626566
2024-05-24,161.50759887695312,162.4957151320308,160.4206800428422,160.61830027836623,6465598
2024-05-27,161.70523071289062,163.23681403362528,160.66772063259617,162.34751537124185,17962246
2024-05-28,158.09861755371094,162.34752091595874,157.60455937385558,162.19929441552668,5526636
2024-05-29,157.60455322265625,158.98791004127608,156.61643690151107,157.60455322265625,10114326
2024-05-30,158.39505004882812,160.074844787277,157.45634255476483,158.04920330379812,8503177
2024-05-31,160.12425231933594,160.81593072632307,158.2468222689898,159.5807853290395,8705347
2024-06-03,162.39691162109375,165.01541365104046,161.60641560607633,163.28621021457747,20720708
2024-06-04,152.8121795654297,163.38503602365628,146.24121220995227,163.1380069489773,19975571
2024-06-05,164.07672119140625,165.06483753091794,149.10674960132903,154.1461489638221,39670558
2024-06-06,162.59454345703125,167.0904757281231,161.80404738560986,165.70710383377104,10103459
2024-06-07,163.08859252929688,165.06482505900067,162.29809650192382,163.03918370056275,9139816
2024-06-10,162.89097595214844,164.66957320688266,160.8356922657772,163.92848599159072,18888960
2024-06-11,165.59841918945312,166.5371267275005,162.49573438401126,164.03719351216643,11979407
2024-06-12,171.7938995361328,172.4855779266755,164.4719541765226,165.8059172048577,31959137
2024-06-13,170.21290588378906,173.01916759300633,169.56076059433653,172.93022566845818,11800445
2024-06-14,172.32748413085938,172.8116665666534,170.35125144551714,171.20103210331266,11108163
2024-06-18,173.00927734375,174.10608702713958,171.19114699140667,172.8215328365321,10019555
2024-06-19,172.4757080078125,175.34123932703088,171.3492559973832,173.00928419066483,29598134
2024-06-20,176.75424194335938,177.32735118517203,172.9203460182819,173.8590534526039,13690057
2024-06-21,174.4222869873047,177.59413174853768,173.61202441436814,177.59413174853768,9510818
2024-06-24,173.7503662109375,174.89658473513626,170.0844631889618,173.65156362761854,16360199
2024-06-25,173.90846252441406,175.5289725948387,172.9697550887795,174.84716996004863,6501716
2024-06-26,175.0645751953125,177.06057448134214,172.5251239685831,173.90848085347938,10907675
2024-06-27,174.91635131835938,177.07043761112377,173.37489230565492,174.60014686577478,12594627
2024-06-28,175.14361572265625,177.26805975544562,174.69896639921876,175.88470295420487,5586121
2024-07-01,175.62779235839844,177.07043367826358,174.61990953499355,175.19301878448033,5278090
2024-07-02,172.94012451171875,176.37876512267405,171.8433147809668,176.2305537039746,6398642
2024-07-03,179.3035888671875,181.1217192247296,175.09420381635218,175.88469986494468,36051344
2024-07-04,178.8194122314453,180.77587832986518,175.88470554508623,180.77587832986518,9860769
2024-07-05,183.97738647460938,184.97537856486602,177.80165925838483,178.8095421617612,16844463
2024-07-08,185.8251495361328,187.05041917977962,183.06831168475028,184.87656632859702,17405153
2024-07-09,185.5188446044922,187.10971253016436,184.09595464892715,186.06231161216758,9869013
2024-07-10,186.41802978515625,187.08994165002883,182.30746224812606,185.5188403094074,16100830
2024-07-11,190.3704833984375,191.32895738251457,185.99312050041672,187.39624378863755,16408103
2024-07-12,193.15696716308594,194.846652644456,191.40801219446928,194.08579888334543,24195859
2024-07-15,192.43565368652344,194.50081318066682,190.9139611849069,193.15697437980893,14486955
2024-07-16,193.02853393554688,193.60162814721232,191.12146155031917,192.4356580978434,8445700
2024-07-18,194.263671875,195.4197661442274,192.68267975372967,193.01863567932568,9065610
2024-07-19,189.19464111328125,194.65892339110906,188.57212298018774,194.65892339110906,10613495
2024-07-22,190.63726806640625,192.58385835853076,187.8409122415866,189.17486018293042,18442177
2024-07-23,195.6074981689453,201.0223709608512,193.5324480269136,200.58759740138115,48303121
2024-07-24,198.83863830566406,201.57572467117168,190.83490534313654,194.65891058931777,52568775
2024-07-25,202.23776245117188,202.71205405615586,195.49881708748094,197.32682320630553,26159847
2024-07-26,195.64703369140625,197.02051478947484,190.6669340133432,192.68268469608194,26611586
2024-07-29,198.6212615966797,199.7872467270881,195.78537250394749,196.84266423302512,21488147
2024-07-30,199.44139099121094,200.50855840781162,197.12920246063854,198.60150118008414,8784936
2024-07-31,198.9967498779297,199.79712170402692,195.40988272509213,199.59950145075558,17531393
2024-08-01,198.36434936523438,201.09154495477426,196.74383921884836,199.59949475356086,8241827
2024-08-02,195.36048889160156,197.9197066024686,194.75773731901717,195.1529778254015,5501380
2024-08-05,190.55824279785156,192.51470893550143,188.29544792877522,190.75586305097983,17772430
2024-08-06,189.09580993652344,193.1668593114011,188.433773830314,191.69456060873776,7400639
2024-08-07,190.41001892089844,191.9317265535959,187.99901259815317,191.7242154846066,12297322
2024-08-08,191.47718811035156,192.94948692290845,189.98513782625426,190.70645855141822,5630502
2024-08-09,195.21224975585938,195.89405240107354,193.37435287298302,193.67079077230977,3959405
2024-08-12,198.84852600097656,199.3030510472822,192.68267497392608,192.68267497392608,14710865
2024-08-13,199.79710388183594,204.13493364114746,199.17460089343228,200.24175318139783,12610913
2024-08-14,200.32081604003906,201.9512170039997,199.3623420096236,199.3623420096236,9200992
2024-08-16,201.24964904785156,202.4650278995382,199.2931829563021,200.59748865818224,5776204
2024-08-19,200.2812957763672,203.2555204191594,199.7180622467334,202.76146226788413,11539502
2024-08-20,201.279296875,201.91169073400238,199.35247301377868,200.7654721528547,6524853
2024-08-21,200.8346405029297,201.67454539948494,198.42363428818874,201.2792898280349,11466995
2024-08-22,200.90382385253906,201.45716659706378,200.14297004008807,201.17060441171128,5362821
2024-08-23,198.35922241210938,201.91768296597579,197.80259442236047,201.91768296597579,9308243
2024-08-26,197.53421020507812,199.5818124770527,196.89806177915423,198.74687051183537,6050543
2024-08-27,195.735107421875,198.4089238027894,195.31763643121934,197.81252800643838,6295365
2024-08-28,194.38328552246094,196.30168032758354,192.76308860849946,196.11282115761566,10580774
2024-08-29,194.74111938476562,195.6953496002752,193.3296655488674,195.01943337116953,5587549
2024-08-30,193.52845764160156,197.03721588475483,193.03146621716652,195.2182254512857,10597018
2024-09-02,193.54833984375,196.3116109259574,192.5046548282171,196.3116109259574,7256241
2024-09-03,193.4390106201172,195.6655377514173,193.08117617342563,193.82666334011842,5279057
2024-09-04,186.7395477294922,190.5962059284381,185.62629182339407,189.8507188126815,16570778
2024-09-05,188.5088348388672,189.5326359251814,186.48111656929578,187.12719933239632,6187897
2024-09-06,182.3461456298828,188.83685224302369,181.3124101686564,186.86877050256854,7100505
2024-09-09,183.87689208984375,185.2386437350482,181.35216716820932,182.34615001392928,10193666
2024-09-10,184.2545928955078,185.55670797999173,183.39976705246863,185.16905528180968,4849579
2024-09-11,182.07777404785156,185.5567140775928,181.50127733271808,185.5567140775928,6817180
2024-09-12,182.47537231445312,183.67808306214056,180.6364979863349,183.0618185523164,5059255
2024-09-13,185.39768981933594,186.6202845070365,182.40579166311812,182.4157411987175,7965898
2024-09-16,183.5786895751953,186.95822509866406,183.09163253295912,185.5964734877858,8179164
2024-09-17,183.22085571289062,184.17507073013826,181.99826108649086,183.58862450422833,4896706
2024-09-18,184.79135131835938,186.22268901836196,182.60459212867733,183.22085662902177,11651012
2024-09-19,185.07960510253906,186.7196859182142,181.31241674466966,185.3877373617637,5766996
2024-09-20,183.92657470703125,187.86275335556897,183.48923500561526,187.86275335556897,8194605
2024-09-23,186.5208740234375,187.45522032057607,183.60851157982097,185.22870846387937,9605071
2024-09-24,189.56246948242188,190.8447006413876,185.0795972761175,186.47118231847878,8541648
2024-09-25,191.59019470214844,192.53447537805073,187.46517193358724,189.562476357758,15026637
2024-09-26,191.41128540039062,193.0314671382369,189.90042721614606,191.5901950338931,9537810
2024-09-27,192.54441833496094,194.3236409055895,189.86065259296683,190.8447010428296,17024145
2024-09-30,195.54624938964844,196.51041400476169,191.7392931070108,192.63388680676266,12907403
2024-10-01,195.93389892578125,198.8959788053278,194.8206429622859,197.3056001429273,16206968
2024-10-03,192.63388061523438,196.30167978228565,189.9103621284246,192.13688918700464,19743283
2024-10-04,192.50465393066406,197.29565847790724,191.2025388428789,192.136885134962,9625150
2024-10-07,183.09164428710938,195.29775289511832,181.55096778277633,194.8206453573228,26530545
2024-10-08,186.63021850585938,187.96216708066405,181.252782697567,182.9127322730518,11599116
2024-10-09,184.72177124023438,187.77330590352125,183.48924219951118,187.3657692904548,17928394
2024-10-10,184.56272888183594,186.1431731451518,183.79737300517746,185.72570216689044,3798189
2024-10-11,186.42149353027344,188.16096358289693,184.5826191221385,184.5826191221385,5256494
2024-10-14,195.5561981201172,196.69927237028864,187.42541023959868,187.72360813828803,23696585
2024-10-15,197.42486572265625,198.60770772235344,194.42304848287486,196.80860121873644,12866991
2024-10-16,193.23025512695312,197.2061864272359,192.24622183699665,196.01341007054592,8161660
2024-10-17,192.4450225830078,194.02545169404362,191.19260963657894,193.23026237078213,6228921
2024-10-18,194.12484741210938,195.06912805592793,189.12511505032683,192.33567530609966,7308007
2024-10-21,192.22634887695312,196.06312340682786,191.5902004393717,194.07515764351402,9532877
2024-10-22,188.20071411132812,193.82666082984798,187.85282920489547,192.83267795379746,5731783
2024-10-23,187.58444213867188,190.22844012413222,186.47118621509887,188.75733460572567,5765355
2024-10-24,187.72360229492188,189.84079062604073,185.28834733755014,188.14107327330206,4639754
2024-10-25,185.11936950683594,189.17482131243256,181.60066176115342,187.7633523332659,7802725
2024-10-28,183.87689208984375,189.28414603030163,180.90487792103028,184.98021365527188,15752834
2024-10-29,199.4923553466797,200.2080242134191,191.09320328136195,192.78297109622875,67924331
2024-10-30,202.01707458496094,203.55773582839157,197.15649918287923,198.0113250180928,23886475
2024-10-31,202.68304443359375,204.42251440264215,199.81043463424425,202.76256488078718,13019192
2024-11-01,202.9414825439453,204.3131837701172,202.27551583518834,203.02100299428608,1541532
2024-11-04,203.0607452392578,206.350841139882,201.39086136852495,202.94147215334098,23397597
2024-11-05,203.04087829589844,204.26347293826512,198.9953608704527,202.9414739454404,9979703
2024-11-06,203.508056640625,205.65504809579852,201.57972746149036,205.65504809579852,10938474
2024-11-07,204.77040100097656,206.6490279765094,203.26949236101342,203.9652773210303,9253419
2024-11-08,205.5258331298828,206.6788416808681,203.27942223679364,204.74057820402402,8766446
2024-11-11,206.4800567626953,206.94722992365087,202.67310056117185,206.5496428435493,13015963
2024-11-12,206.0228271484375,208.5077842442749,204.82010124058345,207.03667872331755,8129987
2024-11-13,198.18031311035156,206.1918127628349,197.3751893975947,205.5854825943306,13381335
2024-11-14,195.79473876953125,200.48633906420133,194.82063981719818,198.00138192367586,9354472
2024-11-18,199.04505920410156,199.68120760062172,193.86640205146506,195.814615047231,13133102
2024-11-19,205.40655517578125,209.33279966797804,199.9993010727807,200.78454087103506,22964708
2024-11-21,209.61111450195312,210.16774248780905,202.7725074369229,205.17794418550037,15482528
2024-11-22,208.1101837158203,210.72436345551637,207.12615040466065,210.20748812858957,13076979
2024-11-25,211.5990753173828,212.21533983490002,208.15988796087527,209.7303826939761,18553476
2024-11-26,212.3544921875,212.71232661465223,209.3327910436391,211.59907069327838,8728077
2024-11-27,211.5990753173828,213.14968614660336,209.58129133231057,212.31474418732685,10096152
2024-11-28,209.78009033203125,211.72828828773308,209.13399235838438,211.5990808265838,10970713
2024-11-29,209.51170349121094,210.52557024293895,207.53367216355053,210.22737235513958,7279254
2024-12-02,207.82192993164062,209.91923428958938,205.09841154334075,209.5116976931077,7705204
2024-12-03,208.69664001464844,211.0126066433491,207.8915011884387,210.7243582983907,6355689
2024-12-04,214.14366149902344,214.97860342904218,208.01078931016627,208.6966398837439,12814059
2024-12-05,213.67649841308594,215.694282422389,212.4340198277035,215.09788663461546,5002379
2024-12-06,212.11593627929688,213.90510846087813,209.98881356535438,213.70631492225237,9436594
2024-12-09,212.4837188720703,213.87528880039406,211.03249723226864,212.76203285773505,4922985
2024-12-10,213.05027770996094,213.50751648859446,211.24123683287488,212.59305409830188,3626922
2024-12-11,213.3882293701172,214.1734843092802,212.71232831729412,212.71232831729412,3817336
2024-12-12,211.4002685546875,214.40210105525466,211.07226755600993,213.3882342856903,4299148
2024-12-13,211.867431640625,212.21533169379794,208.43819395109898,210.9231509966938,4333300
2024-12-16,212.11593627929688,213.14968694731039,211.22135777199364,211.867440564271,4806881
2024-12-17,209.02464294433594,212.41412803952755,208.5972376069761,211.91713662382114,4722997
2024-12-18,198.82638549804688,209.73037842376854,197.3055929721235,209.02464393664636,14942335
2024-12-19,199.7408447265625,200.5857361906946,193.53840163411203,195.81461561936598,8834477
2024-12-20,193.2899169921875,200.08875623280892,189.40344030189138,199.1941625430587,10057259
2024-12-23,195.83450317382812,196.63962684664997,193.70738050518509,193.82665359242552,8006446
2024-12-24,195.5363006591797,196.63962219095453,193.67755764781023,195.83449853719503,7118698
2024-12-26,196.4905242919922,198.1902416543945,195.33751570242356,196.51040819592563,7075411
2024-12-27,195.54624938964844,198.40892496169403,195.12877839655434,196.26191828265982,4451218
2024-12-30,199.8402557373047,201.92761062955068,194.3733500428431,196.31161357384818,48698861
2024-12-31,198.8164520263672,199.29355954310904,195.1188346459251,195.317628180653,8032394
2025-01-01,199.30349731445312,199.76073610241156,196.68933271254483,199.19415859343968,4148526
2025-01-02,204.89962768554688,205.3568664780341,198.35921859781394,199.29356491991504,9827756
2025-01-03,204.01498413085938,205.9830659673176,203.45835615020252,203.76648841328222,5485629
2025-01-06,196.3414306640625,204.40263216440766,194.48268759256763,204.06468163631305,7247076
2025-01-07,196.1227569580078,199.28363036023399,195.63571506029763,196.75890538587456,6619585
2025-01-08,194.3236541748047,196.4110243017845,190.94411842985903,196.16252858033332,8162449
2025-01-09,192.2760467529297,194.82064044632904,191.0435025471379,194.32364901661902,6131064
2025-01-10,187.962158203125,192.4350809139315,185.93442474738714,192.4350809139315,7899382
2025-01-13,186.59046936035156,187.36577480134392,184.59256921117512,185.39769292551523,7575227
2025-01-14,191.40133666992188,193.110988398684,187.47510741503413,187.86276012289443,5224795
2025-01-15,192.97183227539062,195.01943454496117,191.83869241907612,193.32966671248863,4521543
2025-01-16,194.24412536621094,196.64956202632303,193.80677048855884,194.82063723520923,5711244
2025-01-17,190.42723083496094,194.8007491844238,190.11909858689538,194.72122873863685,8047952
2025-01-20,192.86248779296875,193.87635452895753,189.5525231404262,192.2760415618179,5380998
2025-01-21,191.19261169433594,193.81672587245924,190.09922446721166,193.81672587245924,4833705
2025-01-22,188.95614624023438,192.2760453259853,185.40762017829172,192.037483981384,9163217
2025-01-23,189.60223388671875,191.2820673764416,188.4591596443621,188.9561510831215,3960511
2025-01-24,186.97811889648438,190.72543857544494,186.17299519585603,190.1787449617544,7657794
2025-01-27,189.98988342285156,192.93207936453962,184.48322504701838,184.90069602855306,14535640
2025-01-28,182.99224853515625,186.76937122710504,177.01840190686457,186.76937122710504,43454549
2025-01-29,185.05972290039062,186.65010155440189,180.51722908496674,182.44555827368856,10013432
2025-01-30,183.84707641601562,186.09347221897863,183.09163973572868,185.07960545526313,14297599
2025-01-31,186.0835418701172,187.14709566621525,183.46936203902806,184.14526311812213,5772412
2025-02-01,182.9822998046875,187.8031227094756,181.40187070818055,187.10733774563369,4749102
2025-02-03,179.47354125976562,182.19705973328456,178.91691328958066,181.898861844407,3886494
2025-02-04,180.13951110839844,182.78350918010463,179.41390786075613,180.80547781061466,5216085
2025-02-05,182.7636260986328,183.97628641767156,180.89494860997925,180.89494860997925,4286422
2025-02-06,182.51512145996094,184.8808054367228,181.70999779848464,184.23472266730892,3983013
2025-02-07,187.0079345703125,188.37963576978592,181.2527804875638,183.09163967736208,7298157
2025-02-10,185.43743896484375,188.28023053625185,184.85099272058545,187.71366819584247,9502645
2025-02-11,182.56483459472656,186.85884793635327,180.1892161072079,185.77539506523647,2332865
2025-02-12,182.8431396484375,184.055799921713,176.044300690285,182.3859160373841,4770520
2025-02-13,180.70608520507812,183.93652946832327,180.3482507723166,183.04193580293213,4044621
2025-02-14,179.92083740234375,182.14736453535633,177.41601144055176,180.92476982779294,3674337
2025-02-17,180.44764709472656,181.3621247000472,175.89521880754373,179.16541584068122,4678837
2025-02-18,179.60276794433594,181.34223797397695,177.6346861004094,180.72597344547899,4152347
2025-02-19,180.08981323242188,181.84916719938275,177.93287217514202,179.60277132182742,3020603
2025-02-20,183.27056884765625,183.7874290266694,178.1217296261395,179.46361258517493,3532472
2025-02-21,178.767822265625,184.7118354826977,177.92293077337496,183.1115224819118,5491982
2025-02-24,180.1494598388672,182.29645129948622,177.9726349386935,178.91691562666148,13756156
2025-02-25,177.6346893310547,181.5211509124919,176.82955044814733,180.9048863727859,8344437
2025-02-27,177.6346893310547,179.75186257780837,176.48166553607714,177.92293769631144,12518738
2025-02-28,176.5512237548828,177.97262707527483,173.9569279862418,177.1277356109113,5614981
2025-03-03,178.40003967285156,178.89703110342768,171.62108444662016,176.74009011476429,10498910
2025-03-04,175.44790649414062,177.67443352683955,174.24519574531087,177.67443352683955,7378836
2025-03-05,180.41781616210938,180.75578184774236,175.4479020631005,175.83555475614423,6338076
2025-03-06,180.64645385742188,182.3958582640395,179.6226527055921,181.95850337064132,7595816
2025-03-07,179.42384338378906,181.8491640265547,178.86721540026417,180.2488509904331,6040527
2025-03-10,178.04220581054688,179.86119627236076,177.22714774859944,179.31450266356836,6397181
2025-03-11,178.04220581054688,179.16541130070445,174.44399269499934,176.82954550267092,5753482
2025-03-12,177.1476287841797,180.05999132101354,175.83556411208082,178.91691708420998,5916404
2025-03-13,175.53738403320312,178.26088743861516,175.18948395572082,177.5750368193916,3060509
2025-03-17,176.27291870117188,177.17744675384614,174.49369603556997,176.41207569643137,3411602
2025-03-18,176.27291870117188,176.27291870117188,176.27291870117188,176.27291870117188,0
2025-03-19,185.06967163085938,185.8250931463924,179.473543260486,180.70608747033182,11138888
2025-03-20,185.4175567626953,186.55069662088835,184.532912620483,185.67600201417915,4488082
2025-03-21,186.17298889160156,187.1769060994928,184.68201463219253,185.87479100632487,6584799
2025-03-24,194.62184143066406,195.5561877189399,186.1729873633669,186.86877231198474,9174683
2025-03-25,193.6775665283203,196.11282150432103,192.2362792463226,195.55619352888942,6813212
2025-03-26,191.15284729003906,195.31763802892402,190.7453106647647,192.93208515795627,5584885
2025-03-27,196.39112854003906,198.796565158419,190.40734768201784,190.9341573663297,25012772
2025-03-28,191.5703125,197.30559785311297,190.56639527078275,195.8046891935352,7248212
2025-04-01,191.27210998535156,194.82063599250566,189.85072180902336,190.56639066480275,6099041
2025-04-02,190.95404052734375,192.1766351515629,189.5525211083509,191.88838680667232,2745983
2025-04-03,192.97183227539062,194.1248560357036,187.69378570342633,189.27421481436963,7697462
2025-04-04,193.82666015625,195.76492372441749,191.35163734337456,194.5224451336723,10170845
2025-04-07,189.661865234375,192.15677189543058,185.3877359447949,187.16697374029405,12697165
2025-04-08,189.383544921875,193.46881490668764,188.55853736367484,192.77302996813756,8769895
2025-04-09,188.81698608398438,190.7950022195451,185.7952697708958,189.35373014162576,6819642
2025-04-11,189.29409790039062,191.78898941380902,188.47902467669928,191.15284099138094,8325890
2025-04-15,190.74530029296875,191.83868748011147,187.86275613337344,191.83868748011147,7869328
2025-04-16,193.74713134765625,194.92003897354445,190.74529895516963,191.53055388414867,8520549
2025-04-17,193.6775665283203,195.01943429045548,192.08718788396584,192.84260939819808,9504482
2025-04-21,200.8242950439453,201.62943391957916,193.9260665749446,194.82064510301535,16250402
2025-04-22,200.42669677734375,204.26347109907096,199.4426483177776,201.4803161480245,15722852
2025-04-23,198.56796264648438,201.76858870865416,196.72908826593604,201.76858870865416,8092835
2025-04-24,200.6851348876953,203.15022331939383,198.0908389967607,198.54807778929387,16720717
2025-04-25,195.3076934814453,201.64929368027538,193.82665359132898,200.58573992944713,7977095
2025-04-28,198.62759399414062,199.79055210426282,195.32756366431047,196.55017348546872,7788146
2025-04-29,202.19598388671875,204.16406562806634,197.65349027575812,199.54205157128698,11997673
2025-04-30,195.4965362548828,202.52400216220494,194.82063520879592,202.37491080408998,11619893
2025-05-02,188.379638671875,194.7510573722061,186.71968909105746,194.7510573722061,18366458
2025-05-05,190.35765075683594,191.5106745066256,188.77722166031677,189.751320609703,6580183
2025-05-06,186.1630401611328,191.36158135496743,185.48713910742651,190.9441103805651,5927722
2025-05-07,190.0196990966797,190.5067561519634,182.04795241464896,182.04795241464896,9698741
2025-05-08,185.60641479492188,191.34170013132544,184.73172019357864,190.0594689182,5655491
2025-05-09,186.2525177001953,186.75944351104084,182.49526361116904,182.49526361116904,4820032
2025-05-12,193.27996826171875,193.72725752496964,188.98597010074488,189.85073035416164,6284131
2025-05-13,196.89805603027344,197.79264968143647,192.84260424580106,193.62785917849888,6888878
2025-05-14,197.03721618652344,198.80650444686384,195.4269688223197,197.80258722807844,6176362
2025-05-15,197.64353942871094,198.53813306300276,196.25196955355582,197.8025803192927,3449592
2025-05-16,197.83241271972656,200.3372538408773,196.92788465278667,198.29958588981748,3753649
2025-05-19,200.6851348876953,202.02701782565197,197.74295409330983,199.840258550479,8969305
2025-05-20,196.9676513671875,201.6691861482365,196.58993301892147,200.8839463456033,8802803
2025-05-21,199.6116485595703,200.58574753188827,196.1128245871746,197.40500536015355,8080241
2025-05-22,199.95953369140625,202.14629298900084,199.05500563260472,199.80049279089664,10212588
2025-05-23,202.20591735839844,203.31918842795113,198.66734095351018,200.03904209559744,8097368
2025-05-26,200.6851348876953,203.35895122806937,199.30349930850636,202.9712985164113,8540130
2025-05-27,201.2616424560547,202.17610485454097,200.08874997766182,201.03303064817678,10595637
2025-05-28,200.4068145751953,201.32127696443493,198.59777370019233,200.7845329063718,13661005
2025-05-29,199.8800048828125,202.46436632361144,198.39898016380164,201.28152432186826,15221151
2025-05-30,200.84417724609375,201.9773171166344,199.0251867652568,199.8800126442243,7261954
2025-06-02,205.0089569091797,205.90353538163006,200.49628157359294,200.9833234492046,12785341
2025-06-03,210.02857971191406,212.15570240903077,205.7942030545037,205.8637891343084,21745811
2025-06-04,209.7005615234375,211.17165188378004,206.0923989512514,210.02857768154303,13731212
2025-06-05,205.82403564453125,210.5852068136538,205.0884828767967,210.5852068136538,6847718
2025-06-06,206.52975463867188,211.23128925600648,202.46436843643755,205.82403531114124,17931531
2025-06-09,211.42015075683594,212.4638357906058,206.7583687284454,207.73248284901712,9749033
2025-06-10,209.7403106689453,213.1596140173424,209.15386444163775,211.8177463023323,11160547
2025-06-11,206.86770629882812,210.21743882351407,206.45023532103716,209.92917530293659,8873836
2025-06-12,205.21771240234375,207.34483516222386,204.63125097531656,207.34483516222386,4136067
2025-06-13,204.06468200683594,204.76046696799244,201.90774104376345,202.27550984459447,3620233
2025-06-16,204.37281799316406,204.7604707048097,201.1224897696891,204.06468573095535,3650155
2025-06-17,203.53787231445312,205.75444982181935,202.9017238975284,204.6511282523277,9087952
2025-06-18,205.83396911621094,207.14601858321336,203.36889591031502,203.5378711737258,7999769
2025-06-19,202.69297790527344,208.26922221663557,202.03694559406037,206.05264474120597,10671945
2025-06-20,206.26138305664062,206.74844013052072,202.3252193245849,203.51799575348133,9350809
2025-06-23,205.70474243164062,207.14601449331366,204.09449510989307,204.09449510989307,3500913
2025-06-24,207.96109008789062,208.68669331116175,206.1520340468613,207.23548686461953,4740437
2025-06-25,209.1339874267578,210.3267789909092,208.00084757439382,208.73640035002387,8025612
2025-06-26,208.75628662109375,210.4062866585267,204.52190988768618,210.4062866585267,12688408
2025-06-27,207.13609313964844,209.71050517596476,206.03277152880213,209.71050517596476,31963885
2025-06-30,211.83761596679688,213.10991277638325,208.7463287574954,210.22736863493978,13990271
2025-07-01,217.4039306640625,218.12953389947407,210.32677760926006,213.06023045303036,16637063
2025-07-02,216.43975830078125,218.67621963798794,214.86926363061698,218.67621963798794,11463228
2025-07-03,215.68434143066406,216.63855646143014,214.75992950469907,216.43976292726842,4618576
2025-07-04,214.02439880371094,216.93676133205284,212.7620363123224,215.68434837622618,5120183
2025-07-07,213.75601196289062,215.8930689939777,213.4876323503579,214.21323557404696,4643396
2025-07-08,212.21533203125,214.3027020196585,211.74815889257735,214.203297670887,5404402
2025-07-09,212.60299682617188,213.28884743760278,211.44003868082277,212.32468283413834,4586061
2025-07-10,209.7104949951172,213.3882284637363,208.93518959453704,211.86743593436955,3952305
2025-07-11,206.13217163085938,210.52557407910396,205.5158919403177,209.71050084873184,4009049
2025-07-14,209.302978515625,210.12797094408464,205.148122265953,205.75445241840603,5690671
2025-07-15,210.39634704589844,211.49966861086716,208.93519104994056,209.73038035958032,5149486
2025-07-16,213.39817810058594,214.10389742266756,210.3963456804897,210.3963456804897,8125748
2025-07-17,211.31080627441406,215.49548066386185,210.69454177299858,213.37829238168055,5632702
2025-07-18,211.19154357910156,212.03643509330007,209.82979188788696,211.300882302504,6478635
2025-07-21,211.49966430664062,212.21533315405438,208.57735237419678,211.17164815432812,4607473
2025-07-22,211.1219482421875,212.71232684614472,210.33670847542982,211.96683971934746,5385123
2025-07-23,211.5294952392578,212.21534585632918,210.4261736307028,211.21142860302155,5401894
2025-07-24,211.42015075683594,213.88522399668278,210.9430432319889,211.68853037511383,6465529
2025-07-25,206.88758850097656,211.8078005443708,206.00294437667728,210.97285859565622,6563450
2025-07-28,204.76046752929688,209.163804283881,204.46226964027676,206.64902888146653,8456565
2025-07-29,203.97523498535156,205.85386203575288,202.40474020331087,204.43245862002374,10354388
2025-07-30,203.4484100341797,204.52191337219344,201.539964711147,203.9752349179151,5616031
2025-07-31,201.21194458007812,203.49810820863448,199.92971335452177,201.77852209467912,8617317
2025-08-01,194.88027954101562,201.69900265253312,193.24021386830364,201.46044130304003,10948324
2025-08-04,195.2778778076172,195.8543745149287,183.99616636888095,184.68201696358307,39513112
2025-08-05,194.8603973388672,195.71522322329875,192.91219938540235,194.30376935216293,5819712
2025-08-06,196.18238830566406,196.570041006641,193.42906675868858,195.29774418461542,7011622
2025-08-07,197.434814453125,198.07096285789348,193.8266519253898,194.4329820586046,6357907
2025-08-08,195.1685333251953,198.52818495274482,194.582071932838,197.40499467651395,7038453
2025-08-11,195.50648498535156,196.80860006411035,194.47273435009507,195.16853446369916,8062362
2025-08-12,194.80075073242188,196.0631131729881,194.3932292991149,195.8146174655445,5218014
2025-08-13,195.00949096679688,196.70919308750993,194.26400385529752,195.81461462050032,6992167
2025-08-14,194.68148803710938,195.49654611420016,193.81672778248222,195.2082977516495,2679922
2025-08-18,194.6118927001953,196.4607013810099,193.66761203981125,196.21220567212072,6237845
2025-08-19,198.8462677001953,199.34325911400884,194.1248492689666,195.5064847926893,5129740
2025-08-20,198.50831604003906,200.02910854422583,198.02125899718527,199.29355579589088,5498900
2025-08-21,198.22999572753906,199.7905561076322,197.80259037521796,198.2995818083215,6033820
2025-08-22,196.33999633789062,199.4199981689453,196.0,198.99000549316406,2466153
2025-08-25,195.00999450683594,197.89999389648438,194.57000732421875,196.33999633789062,6443184
2025-08-26,192.4600067138672,195.99000549316406,191.91000366210938,194.7899932861328,6681812
2025-08-28,191.75999450683594,192.67999267578125,190.5,191.5,7746254
2025-08-29,191.7100067138672,193.86000061035156,191.1199951171875,191.3000030517578,4184028
2025-09-01,193.5800018310547,194.10000610351562,191.7100067138672,191.7100067138672,4546443
2025-09-02,193.55999755859375,195.41000366210938,193.0399932861328,193.5800018310547,3069260
2025-09-03,193.22999572753906,194.6699981689453,192.75999450683594,193.5,8091723
2025-09-04,189.89999389648438,194.6699981689453,188.39999389648438,194.47000122070312,7767020
2025-09-05,190.52000427246094,191.08999633789062,189.11000061035156,191.0,4068142
2025-09-08,190.6199951171875,191.97000122070312,189.27999877929688,190.0,9815612
2025-09-09,191.6300048828125,192.0500030517578,189.91000366210938,190.99000549316406,3712535
2025-09-10,196.0800018310547,196.89999389648438,191.72000122070312,192.0,5427537
2025-09-11,196.64999389648438,198.1999969482422,195.1999969482422,196.0800018310547,4449153
2025-09-12,194.36000061035156,196.9600067138672,193.8800048828125,196.64999389648438,4795808
2025-09-15,196.27000427246094,196.8800048828125,194.1999969482422,194.25,2036783
2025-09-16,196.41000366210938,197.27000427246094,195.5500030517578,196.0,3513785
2025-09-17,198.97000122070312,199.5,196.9199981689453,197.0,5372024
2025-09-18,198.42999267578125,200.47000122070312,197.80999755859375,200.0,6394641
2025-09-19,197.9199981689453,199.5,197.6199951171875,198.42999267578125,2693450
2025-09-22,195.0,198.55999755859375,194.5500030517578,197.99000549316406,5221899
2025-09-23,195.1300048828125,196.0,193.8800048828125,196.0,3435579
2025-09-24,193.5800018310547,196.82000732421875,193.3000030517578,195.1999969482422,2934434
2025-09-25,193.3300018310547,195.32000732421875,192.57000732421875,193.60000610351562,5665259
2025-09-26,191.82000732421875,194.13999938964844,190.27999877929688,192.60000610351562,3860755
2025-09-29,190.0800018310547,193.1300048828125,189.0500030517578,193.0,8268524
2025-09-30,192.92999267578125,194.0,190.55999755859375,190.8000030517578,7294473
2025-10-01,193.75999450683594,194.69000244140625,191.60000610351562,193.0,5901005
2025-10-03,192.3699951171875,195.5,192.2100067138672,193.61000061035156,6145378
2025-10-06,193.66000366210938,194.11000061035156,191.8000030517578,192.2100067138672,5036576
2025-10-07,199.1699981689453,199.9199981689453,194.10000610351562,194.10000610351562,12430510
2025-10-08,202.61000061035156,203.5,199.35000610351562,200.5,9371594
2025-10-09,207.33999633789062,207.91000366210938,202.14999389648438,203.5,13012847
2025-10-10,208.3000030517578,210.19000244140625,206.52999877929688,206.91000366210938,5126420
2025-10-13,213.02000427246094,213.5,207.32000732421875,208.10000610351562,15174980
2025-10-14,215.44000244140625,216.0,212.0,212.94000244140625,13286463
2025-10-15,216.3300018310547,217.17999267578125,214.10000610351562,215.10000610351562,7102306
2025-10-16,214.5,216.77000427246094,214.05999755859375,216.5,5674145
2025-10-17,212.3800048828125,215.27000427246094,211.52000427246094,214.58999633789062,9465410
2025-10-20,227.0800018310547,229.89999389648438,216.02000427246094,216.5,55614063
2025-10-21,227.44000244140625,229.3000030517578,227.0,228.38999938964844,2950169
2025-10-23,227.86000061035156,231.25,226.5,227.44000244140625,16833570
2025-10-24,227.39999389648438,232.1999969482422,226.88999938964844,228.0,25955732
2025-10-27,234.0399932861328,235.1999969482422,228.02000427246094,229.89999389648438,21764115
2025-10-28,235.77999877929688,236.6300048828125,232.35000610351562,234.0,15860246
2025-10-29,234.91000366210938,236.4199981689453,233.3000030517578,236.1999969482422,7589866
2025-10-30,234.80999755859375,237.44000244140625,234.39999389648438,235.00999450683594,11944357
2025-10-31,236.61000061035156,237.5,233.85000610351562,234.6999969482422,7758968
2025-11-03,237.88999938964844,238.88999938964844,236.27000427246094,236.6199951171875,7840791
2025-11-04,237.85000610351562,238.99000549316406,234.82000732421875,237.83999633789062,6499891
2025-11-06,235.8300018310547,238.33999633789062,235.0500030517578,237.97999572753906,4895857
2025-11-07,237.25999450683594,238.0,232.4199981689453,235.0,7026019
2025-11-10,238.4600067138672,238.88999938964844,236.55999755859375,237.25,7513078
2025-11-11,235.88999938964844,238.5800018310547,235.08999633789062,238.44000244140625,7025378
2025-11-12,238.94000244140625,239.91000366210938,233.47999572753906,236.0,8593960
2025-11-13,235.7899932861328,238.66000366210938,235.00999450683594,238.52999877929688,3764303
2025-11-14,236.25999450683594,237.19000244140625,235.0800018310547,235.39999389648438,3078306
2025-11-17,239.05999755859375,239.99000549316406,235.27000427246094,237.11000061035156,6245112
2025-11-18,244.50999450683594,246.75,239.0,239.44000244140625,24152192
2025-11-19,246.02000427246094,248.5,244.82000732421875,245.3000030517578,15310593
2025-11-20,244.92999267578125,246.8800048828125,243.85000610351562,246.50999450683594,4639649
2025-11-21,245.05999755859375,247.60000610351562,244.0,244.19000244140625,7135057
2025-11-24,248.1699981689453,251.22000122070312,244.4600067138672,245.0800018310547,16439268
2025-11-25,255.99000549316406,256.8999938964844,247.5,248.39999389648438,15576893
2025-11-26,256.3699951171875,258.79998779296875,253.74000549316406,255.5,10148728
2025-11-27,254.8699951171875,256.8999938964844,253.3000030517578,256.0,4560033
2025-11-28,257.9200134277344,258.239990234375,253.86000061035156,255.35000610351562,5507931
2025-12-01,256.6000061035156,259.70001220703125,255.8000030517578,259.70001220703125,5687469
2025-12-02,258.45001220703125,262.0,256.6000061035156,256.6000061035156,8694935
2025-12-03,258.25,259.8500061035156,255.85000610351562,259.0,5218904
2025-12-04,258.6499938964844,261.20001220703125,257.04998779296875,259.0,5356973
2025-12-05,259.20001220703125,260.25,256.95001220703125,259.0,5002265
2025-12-08,257.45001220703125,259.8999938964844,255.35000610351562,259.20001220703125,5397988
2025-12-09,260.8500061035156,263.20001220703125,255.60000610351562,256.45001220703125,11474245
2025-12-10,259.6000061035156,262.0,258.3500061035156,260.79998779296875,8102670
2025-12-11,260.8999938964844,262.3500061035156,258.70001220703125,259.6499938964844,4776310
2025-12-12,261.3500061035156,263.6000061035156,259.95001220703125,261.5,8484790
2025-12-15,265.25,266.29998779296875,260.8999938964844,262.0,9935972
2025-12-16,262.20001220703125,265.75,261.04998779296875,265.3999938964844,6068364
2025-12-17,263.6000061035156,264.5,261.1499938964844,262.3999938964844,3437773
2025-12-18,265.3999938964844,266.75,263.04998779296875,264.0,7848032
2025-12-19,267.8500061035156,268.25,265.1000061035156,265.3999938964844,7746013
2025-12-22,269.1499938964844,271.1000061035156,267.8500061035156,267.8500061035156,7215889
2025-12-23,265.45001220703125,270.45001220703125,264.95001220703125,270.29998779296875,5290581
2025-12-24,261.75,267.25,261.20001220703125,267.0,5763276
2025-12-26,262.0,263.20001220703125,260.1000061035156,261.70001220703125,3931332
2025-12-29,262.8999938964844,264.0,260.25,261.54998779296875,4625001
2025-12-30,267.6000061035156,269.3999938964844,262.0,263.45001220703125,37037734
2025-12-31,267.1000061035156,269.1000061035156,264.1499938964844,267.5,6154254
2026-01-01,266.25,267.6499938964844,264.54998779296875,267.6499938964844,2846254
2026-01-02,266.95001220703125,268.75,265.8500061035156,267.5,3353300
2026-01-05,263.75,267.1000061035156,261.3500061035156,266.95001220703125,6650072
2026-01-06,256.70001220703125,265.0,254.8000030517578,264.0,10683533
2026-01-07,258.54998779296875,259.1499938964844,253.1999969482422,256.70001220703125,6991588
2026-01-08,255.75,259.1499938964844,253.8000030517578,258.5,8212373
2026-01-09,255.3000030517578,258.45001220703125,254.5,255.5500030517578,4731961
2026-01-12,252.89999389648438,256.3999938964844,250.4499969482422,254.10000610351562,7290684
2026-01-13,249.3000030517578,255.0,246.85000610351562,253.14999389648438,12045490
2026-01-14,246.85000610351562,248.5,242.3000030517578,248.5,11287769
2026-01-15,246.85000610351562,246.85000610351562,246.85000610351562,246.85000610351562,0
2026-01-16,270.25,278.3999938964844,247.4499969482422,247.5,66836048
2026-01-19,279.70001220703125,280.25,270.25,271.45001220703125,31846487
2026-01-20,273.25,279.79998779296875,269.6499938964844,278.0,13733716
2026-01-21,276.1000061035156,276.6000061035156,268.95001220703125,271.1000061035156,12133282
2026-01-22,282.20001220703125,287.20001220703125,278.20001220703125,280.04998779296875,16816171
2026-01-23,278.54998779296875,284.8500061035156,277.54998779296875,283.20001220703125,12120387
2026-01-27,284.95001220703125,285.70001220703125,279.0,279.0,12030692
2026-01-28,284.45001220703125,286.45001220703125,282.20001220703125,286.45001220703125,10075884
2026-01-29,287.6000061035156,289.6000061035156,284.0,284.45001220703125,15848490
2026-01-30,287.75,288.6499938964844,282.5,286.6499938964844,4286394
2026-02-02,281.29998779296875,284.79998779296875,276.0,284.79998779296875,7143698
2026-02-03,285.5,298.25,283.3500061035156,294.0,8832776
2026-02-04,287.3999938964844,288.29998779296875,282.70001220703125,285.5,3498764
2026-02-05,287.6000061035156,289.1499938964844,285.3999938964844,287.8999938964844,2481799
2026-02-06,286.79998779296875,289.1499938964844,284.3500061035156,289.0,5682140
2026-02-09,286.6499938964844,288.70001220703125,284.6000061035156,288.70001220703125,3613561
2026-02-10,282.25,288.1000061035156,281.1000061035156,286.5,5142766
2026-02-11,290.5,293.5,279.6499938964844,281.8999938964844,16329588
2026-02-12,287.1000061035156,293.20001220703125,286.1000061035156,292.6000061035156,9229784
2026-02-13,288.29998779296875,290.54998779296875,285.1000061035156,287.04998779296875,6202181
2026-02-16,289.0,289.75,285.3500061035156,287.1499938964844,4743148
2026-02-17,288.8500061035156,291.04998779296875,282.6000061035156,289.0,7052510
2026-02-18,290.8500061035156,293.0,287.8500061035156,289.0,5124162
2026-02-19,288.29998779296875,292.3999938964844,287.5,292.04998779296875,3644333
2026-02-20,292.6000061035156,293.20001220703125,287.04998779296875,289.54998779296875,5030819
