Price,Close,High,Low,Open,Volume
Ticker,GRSE.NS,GRSE.NS,GRSE.NS,GRSE.NS,GRSE.NS
Date,,,,,
2021-02-22,185.6463165283203,194.615646166666,183.8244254551316,185.83317459237827,506624
2021-02-23,184.94557189941406,189.57037629752867,184.057985480601,189.57037629752867,126481
2021-02-24,186.58058166503906,190.59809334665593,182.18935393430348,185.45941926132943,103782
2021-02-25,186.76747131347656,189.6171030036615,185.69302679806782,188.77623462258993,180101
2021-02-26,185.0390167236328,188.26236453057749,181.25508049097783,182.1893850295911,143721
2021-03-01,186.30030822753906,189.47695202389107,184.9922876537415,186.8608966199409,225738
2021-03-02,197.1382598876953,203.1178033002299,186.8609098461567,187.60835633681253,1664745
2021-03-03,200.64190673828125,203.1178081503205,193.91491667446232,197.93242918335693,601245
2021-03-04,194.47549438476562,200.78205035684985,193.54118979630871,195.26965898749668,211541
2021-03-05,189.29010009765625,199.14700130791465,186.90762073746342,191.62586138091282,216843
2021-03-08,193.8214569091797,198.0725450432178,187.7951960079565,192.93387052558714,196085
2021-03-09,190.45799255371094,194.84922118735744,188.8229595540075,192.933893965005,120967
2021-03-10,191.8594207763672,194.14846378305043,189.75723580477668,191.4389723769657,127744
2021-03-12,194.1485137939453,199.8944818271935,191.9061740261632,192.8404786986496,444835
2021-03-15,191.43899536132812,196.3440942172838,190.27111468133867,195.17621353729436,664942
2021-03-16,189.29010009765625,195.92365358829167,188.0287833021555,192.93388199699433,128244
2021-03-17,184.94557189941406,191.53242143920406,183.21711713780022,189.6638124495533,102749
2021-03-18,177.42442321777344,187.7952091257686,176.5835548496033,186.02003623458467,159484
2021-03-19,176.49012756347656,180.27406392309817,171.39817050844923,176.34998758052464,150680
2021-03-22,178.8258819580078,184.99229757987945,177.51786131402574,179.38647038048916,213865
2021-03-23,185.69302368164062,188.21564303887482,178.82587974483394,178.82587974483394,441256
2021-03-24,179.80690002441406,184.80543485340422,179.43318392310965,184.80543485340422,97884
2021-03-25,174.528076171875,180.60105516857698,172.84632529074813,180.60105516857698,113098
2021-03-26,177.79815673828125,179.33975352608869,173.640504388306,175.74268960241938,209589
2021-03-30,174.2945098876953,180.41420730390115,173.50034534848217,180.32077114998592,119482
2021-03-31,172.70619201660156,176.91056225416318,171.91202749140894,175.1353751556018,116427
2021-04-01,178.03172302246094,180.32076616656863,173.59377670488993,173.59377670488993,121867
2021-04-05,172.75289916992188,178.45216241557944,171.91203080872575,178.0317282349814,119897
2021-04-06,173.5937957763672,176.06969723879496,171.9120446620971,173.5937957763672,168050
2021-04-07,172.65945434570312,177.51783432869132,172.3324421062404,177.0506821330895,171686
2021-04-08,174.528076171875,176.0229547557119,173.31347752126368,173.54705363652144,78106
2021-04-09,173.5003662109375,177.0507266412956,172.84635582395612,175.18211738914474,102547
2021-04-12,167.2872314453125,172.28575220162526,166.4930668804136,171.9120360865881,148306
2021-04-13,165.46531677246094,170.65069484472423,164.48429429034084,168.22151193167159,124171
2021-04-15,165.37193298339844,167.84783475207544,163.92375783763936,165.65222724650638,59789
2021-04-16,168.78213500976562,173.7339526729677,165.51206862452855,165.51206862452855,239069
2021-04-19,164.43760681152344,167.94124900210988,161.68141113953342,163.50330222736704,93525
2021-04-20,164.9047393798828,168.3149450016274,164.20401102557736,166.30619608849372,54623
2021-04-22,164.6244659423828,166.25949897523694,163.8770194189496,164.99819633227776,52510
2021-04-23,164.6711883544922,167.7076783525183,163.59674375004116,163.59674375004116,48823
2021-04-26,165.83905029296875,169.80984445491308,165.55875608908983,165.55875608908983,31483
2021-04-27,165.9324951171875,168.82883069166996,164.90475440137865,166.5865054561767,82572
2021-04-28,167.75439453125,168.17482875185826,166.39965570646473,166.86680800855322,50399
2021-04-29,167.98794555664062,170.3237067177275,166.3061946693871,168.73539197945937,67630
2021-04-30,163.97042846679688,166.3061895560675,163.54999432199904,165.83903733821336,124242
2021-05-03,162.75584411621094,166.212767980093,162.24197378025488,163.9704428403737,186178
2021-05-04,160.56024169921875,164.531036013946,160.13979324904523,163.69015336995488,211586
2021-05-05,163.08287048339844,165.1850558295588,159.90622629538655,162.4755639406936,209846
2021-05-06,163.31642150878906,164.85801815627528,161.40109452566512,164.85801815627528,88870
2021-05-07,159.76605224609375,164.67115034136856,159.15876008922027,163.9704220420436,370167
2021-05-10,159.85951232910156,163.26971819398727,158.92520779008018,161.16753298118917,267905
2021-05-11,165.74563598632812,168.36169180675876,159.95295012017567,160.60696051119402,712025
2021-05-12,172.51931762695312,174.06092858257318,168.17480746985717,168.17480746985717,673015
2021-05-14,166.2127685546875,175.41567378749232,165.74561629426807,173.967498928921,280642
2021-05-17,169.71641540527344,173.5937878324558,167.24051405614662,167.42737211443537,365584
2021-05-18,166.53981018066406,169.8565946652673,161.91500483898037,163.40988378187834,566065
2021-05-19,168.78213500976562,173.7339526729677,166.5398094767177,168.17484266933624,557358
2021-05-20,173.7339324951172,176.0229758476569,170.51058456959342,170.51058456959342,1199933
2021-05-21,173.31350708007812,176.91058557107542,172.84635476988922,175.64926863102258,336242
2021-05-24,173.82736206054688,177.98501440132773,172.84633944485893,176.58355759501805,457632
2021-05-25,172.51931762695312,175.8361014033241,171.9120254136318,174.99523306851685,161110
2021-05-26,175.46240234375,176.58356498444343,170.83759754066682,173.4069351264193,542811
2021-05-27,172.65945434570312,177.0039640622586,172.3324421062404,176.30323576885587,215123
2021-05-28,170.04345703125,174.66826248934473,169.76316276728943,173.54709968986091,173268
2021-05-31,167.89453125,171.21131538151346,167.24052089108272,170.04343464903383,197841
2021-06-01,169.94996643066406,176.3032392682229,169.29595619511107,172.75287965990879,514474
2021-06-02,170.8375701904297,173.12661318545543,170.13684187013482,170.41712179316943,178650
2021-06-03,173.5003662109375,179.85364051952192,170.13687811088025,170.13687811088025,1139938
2021-06-04,172.70619201660156,175.55580932808692,171.49159331892383,174.7149409831167,236654
2021-06-07,190.17771911621094,192.4667627147016,173.78066924725482,174.2011034990008,2820030
2021-06-08,192.1397247314453,199.4273030623426,183.59084381365713,191.39229249759413,1923824
2021-06-09,185.6463165283203,200.7820478187168,183.12369702264698,193.40104736575472,1220104
2021-06-10,191.9061737060547,198.07259023672222,186.860934185587,187.14122843813695,1280054
2021-06-11,191.81272888183594,195.59666519839595,190.64484818267272,193.21418572083178,414233
2021-06-14,187.98207092285156,192.51345365225524,184.52514697012546,192.37329941719855,518544
2021-06-15,186.76747131347656,192.4667346938464,186.3470371229408,188.9630926787885,339895
2021-06-16,190.55140686035156,193.40103854035746,184.05799320024357,187.70177518034566,602706
2021-06-17,184.71200561523438,190.50469094045448,184.15143144229071,188.44922379361586,316376
2021-06-18,181.4419403076172,187.5149198675182,180.0872015647566,185.64631077216404,225325
2021-06-21,188.63607788085938,189.66381856082484,177.93829392168004,179.29303263155765,270103
2021-06-22,189.14996337890625,193.07403984680872,186.39376766075787,189.66383376006942,462911
2021-06-23,195.1761932373047,202.23019466203579,188.35578218063202,190.55138907683676,2904782
2021-06-24,196.76454162597656,204.93970634264346,195.54994287394342,196.67110546952944,1527212
2021-06-25,194.75576782226562,199.84772443451473,193.9616175606673,198.1659877599041,334599
2021-06-28,192.093017578125,196.29738797423454,191.57914723399603,196.06381184111734,283437
2021-06-29,194.75576782226562,198.96013802150244,189.52367123925063,193.21417111842084,546875
2021-06-30,190.3178253173828,196.11051041233486,189.19666275970746,196.11051041233486,212717
2021-07-01,188.26235961914062,191.8127196245196,187.79520736202116,190.5981209047379,215471
2021-07-02,191.34559631347656,195.73682534341773,188.72954042658895,189.61712699811574,630137
2021-07-05,194.61563110351562,196.01708786001282,191.57914146443838,192.4667278922822,389706
2021-07-06,189.19667053222656,196.39081268390916,187.88864987059551,195.26965008017456,280614
2021-07-07,188.91636657714844,191.76599814630612,188.26235628005205,189.6638130265537,241175
2021-07-08,186.67404174804688,190.83169391724954,184.99229079860666,189.61709521730077,374926
2021-07-09,186.62734985351562,189.14996950339307,185.36603290039827,186.30033753045342,150820
2021-07-12,185.92657470703125,189.14992202027938,185.36598636718213,188.44919372364484,205197
2021-07-13,189.8974151611328,194.8959506108445,186.86092512780596,187.56165359703525,543001
2021-07-14,192.0463104248047,195.45651645976338,188.07551593593328,190.31784123887098,459875
2021-07-15,187.7017822265625,195.26965493869065,187.37478418119667,195.26965493869065,426610
2021-07-16,187.98207092285156,190.738266469362,186.9076264025299,188.636081250715,228416
2021-07-19,190.4112548828125,193.40102635195828,184.52513383822105,184.99228607578618,278591
2021-07-20,186.2536163330078,193.30760422694493,185.92660404044454,191.48571321952835,214785
2021-07-22,191.06527709960938,191.9995816331038,187.74849315443302,187.74849315443302,259143
2021-07-23,189.71055603027344,191.95288141677074,188.72953332754693,191.76602334395548,136557
2021-07-26,196.01708984375,197.93241694828413,186.39375050047445,190.27110853014764,1344820
2021-07-27,194.00833129882812,198.49299592523332,191.5324299796819,196.85796298638238,650726
2021-07-28,189.19667053222656,195.12951010084123,186.90762724619427,195.12951010084123,361082
2021-07-29,186.67404174804688,191.298846166741,186.16017142233525,191.298846166741,216861
2021-07-30,184.8054656982422,189.10325860598496,184.15145528362459,186.86093311119376,211133
2021-08-02,184.0579833984375,186.86089685120558,183.5908311563095,185.08572403366117,172479
2021-08-03,189.80397033691406,194.70906939774179,183.21713443174497,183.21713443174497,990084
2021-08-04,186.53387451171875,193.3542997299523,185.9265823322706,191.4389727893289,359860
2021-08-05,186.62734985351562,187.42151449160542,184.52516443589155,186.5806317707414,167385
2021-08-06,187.23463439941406,189.85069010640134,186.7674821037505,186.81420018458817,103798
2021-08-09,185.4127197265625,188.16891506931827,184.9922855651853,187.23461059676683,86883
2021-08-10,178.87258911132812,186.67403718988317,177.42441432199485,184.99228628150757,255924
2021-08-11,174.3412322998047,179.80690528722366,169.48283730251333,177.51786202293593,269796
2021-08-12,179.85362243652344,181.25507923473012,174.71494750976564,174.71494750976564,148467
2021-08-13,178.54559326171875,182.46966925790215,177.75142874481094,179.62003771978922,87455
2021-08-16,177.5178680419922,180.08720560575787,176.1164111890291,176.58356347335013,151812
2021-08-17,174.66819763183594,178.4521331493627,172.23901484434762,178.21855705885307,191965
2021-08-18,177.61131286621094,179.05947361316996,172.84635363113415,175.55583130983615,137238
2021-08-20,172.98648071289062,177.51786345629097,171.9120361892502,175.83611242490755,125819
2021-08-23,171.678466796875,175.55582510634343,170.604022231029,173.87408826525518,184255
2021-08-24,172.84634399414062,176.34998610212995,170.97773486987964,172.56604977423024,187333
2021-08-25,174.43467712402344,177.33102727179104,172.7529258852022,173.78066671347008,136289
2021-08-26,173.4069366455078,175.32224963930767,172.42591398017336,174.43466313499806,203003
2021-08-27,171.5850372314453,173.92079877424393,170.55731070642815,173.73394070209147,133248
2021-08-30,173.45364379882812,175.6492653178439,171.86532882541687,175.6492653178439,168656
2021-08-31,176.63027954101562,179.19961707551337,172.61276709034794,173.5003535691759,223749
2021-09-01,178.03172302246094,180.22733001523562,177.05070045888473,178.8258732833711,127526
2021-09-02,181.650634765625,184.14156916884062,179.7236782035382,179.9116708172478,171000
2021-09-03,183.15460205078125,185.5045455498012,178.59570592551583,182.73160074662417,185519
2021-09-06,183.95359802246094,185.9745582987065,181.83864859985056,183.15462573522603,184170
2021-09-07,184.51756286621094,188.37146152480267,182.4496154953914,184.2355667831636,250875
2021-09-08,183.24859619140625,186.5855189197638,182.35562050596565,185.41054713815322,76342
2021-09-09,182.7786102294922,184.47057248905813,181.46264755145063,183.95358202878558,68550
2021-09-13,182.21461486816406,188.18346242946023,181.88561705879826,187.99546982821525,249955
2021-09-14,180.7106475830078,183.6715705318568,179.58267761882328,183.62458313815782,124926
2021-09-15,181.32162475585938,183.53057726160336,180.94563955369347,181.6506225649416,146362
2021-09-16,184.37655639648438,186.67951243990981,180.8986429770508,182.26160730242006,241979
2021-09-17,182.49661254882812,185.92753877880662,181.3216407597089,185.45755006315892,112236
2021-09-20,178.73667907714844,185.64551801644564,176.0577523596224,180.47564283117754,187269
2021-09-21,179.91168212890625,181.18065745133572,176.76276620826545,176.9507588337948,74342
2021-09-22,179.34771728515625,181.74466287786092,178.21974710709495,180.42868571769023,55544
2021-09-23,180.99264526367188,182.5436021853051,179.6296809472493,179.6296809472493,70426
2021-09-24,178.45472717285156,183.76559410416806,177.5617371082413,182.1206335431333,94225
2021-09-27,179.06568908691406,181.0866346963977,178.12571171637907,179.34768516665784,41792
2021-09-28,179.25369262695312,180.6166570287867,178.36071693905646,179.44168524394442,72270
2021-09-29,179.25369262695312,181.83863055360612,178.0317191021337,178.50170781607062,81883
2021-09-30,181.69764709472656,183.29560591876813,178.26672073716298,179.86469390412245,104529
2021-10-01,175.63478088378906,181.41563608936644,174.36580567138589,180.6166495714953,394350
2021-10-04,179.48867797851562,182.6846096786889,176.05776627608074,176.5277549664371,1635631
2021-10-05,185.8335418701172,188.46548163940062,179.53569572631181,179.53569572631181,783268
2021-10-06,183.4835968017578,191.94339391770592,181.97964147578435,187.0085122667362,636213
2021-10-07,199.0872039794922,201.06114779268927,186.02151031500023,186.02151031500023,1868928
2021-10-08,194.99830627441406,202.61212885447435,194.48131584242438,202.09513842248464,970755
2021-10-11,196.36126708984375,198.1002309635827,195.13930798172063,196.36126708984375,371891
2021-10-12,212.8578643798828,220.23669218770695,195.32729284090038,197.63023444022951,4510036
2021-10-13,212.8578643798828,224.93657885691576,210.6489262511042,213.79784171372458,1881639
2021-10-14,207.68797302246094,221.83463367407268,206.3250088621142,214.50280816710935,660152
2021-10-18,216.38279724121094,220.80068820632013,207.500013571838,211.4949175703898,726416
2021-10-19,203.693115234375,219.01475089058306,202.0951564011818,219.01475089058306,693189
2021-10-20,204.25709533691406,211.16592073780083,199.18120868547126,203.69310315022582,492502
2021-10-21,211.1659393310547,213.84488093933012,203.50512845435154,205.76106871390678,643957
2021-10-22,210.88397216796875,212.90491819289693,206.0900808555967,212.24693676684493,363321
2021-10-25,208.5339813232422,215.25481365432202,200.73216643138005,211.4949042455129,440610
2021-10-26,208.29901123046875,213.37488378600844,205.90206583477362,208.67499647794656,187252
2021-10-27,209.84996032714844,212.9518887011276,205.99604714388383,209.0039863810256,434429
2021-10-28,209.05096435546875,219.954707741352,207.50000740984382,209.66195826050026,626313
2021-10-29,206.13705444335938,212.24690777320907,203.17611691622022,208.6749906502519,279910
2021-11-01,206.9830322265625,210.55494941558908,204.91508469910008,210.55494941558908,144071
2021-11-02,212.3408966064453,213.8448662380336,204.91508061490694,206.9830281011528,311139
2021-11-03,232.6444091796875,235.37033793391905,213.1868796441516,213.23388138327635,4133316
2021-11-04,246.7440948486328,250.7859866422947,235.08837953390287,235.08837953390287,1687486
2021-11-08,248.1070556640625,253.41792243938642,242.9841671644055,250.69199361262,1873329
2021-11-09,242.7491912841797,249.98702956543875,239.69426438515322,249.00003597117413,705013
2021-11-10,237.3443145751953,251.34997334167326,235.65235223637268,242.74918510512552,908009
2021-11-11,256.42584228515625,258.305797224742,238.33129033456174,238.37829207663498,3030158
2021-11-12,249.46998596191406,260.0917473565319,247.2140460318696,258.02378568725555,840486
2021-11-15,243.7831573486328,263.00567898600184,242.6081855363547,253.22991924501486,1480134
2021-11-16,246.32107543945312,250.03399778312289,241.9501861025918,242.5141783009237,417262
2021-11-17,238.56626892089844,248.38902996187647,235.6523332201297,245.05212163918202,315660
2021-11-18,233.49038696289062,242.65516686959577,229.3544920242111,239.78824719362697,458717
2021-11-22,217.27577209472656,238.98925595396446,214.9728303139994,233.7723784716367,800413
2021-11-23,227.33352661132812,229.07247609372072,216.66477800907288,217.13476668154374,559410
2021-11-24,224.5136260986328,230.29448184450104,222.63367114480016,229.21351348321446,280170
2021-11-25,227.9915313720703,229.91848799630068,222.6806502202687,224.51361770607167,237843
2021-11-26,213.3748779296875,227.0045507489847,212.10590265417216,225.54758285489015,529308
2021-11-29,208.29901123046875,218.0747710940703,204.53910138401926,211.54193060444786,569865
2021-11-30,208.0640106201172,214.8788470122626,205.15007483941218,210.27294898285527,243366
2021-12-01,221.3177032470703,223.1976582788448,208.95700465032036,208.95700465032036,747684
2021-12-02,222.11668395996094,225.3596034348612,218.168781366912,220.7067177236636,295153
2021-12-03,227.28652954101562,228.93148992842984,222.72763358730114,222.72763358730114,323888
2021-12-06,226.20553588867188,233.53736183924767,224.09058692271245,227.28651841035605,331312
2021-12-07,221.4586944580078,228.4145218979809,219.1087508170821,227.38054095880648,182739
2021-12-08,225.6885986328125,228.22653495964013,222.35167571100297,222.58667008094847,150373
2021-12-09,226.6755828857422,231.8924612129914,225.73560532562232,226.81658812551177,174575
2021-12-10,223.99661254882812,229.26047727169495,222.77463908610164,226.44054513136453,100399
2021-12-13,221.69369506835938,227.7095452214598,220.98871195621862,224.466625774196,129748
2021-12-14,219.62571716308594,223.57363377836145,219.0147375808213,220.5656945775959,81498
2021-12-15,215.20782470703125,223.3856252885804,213.56286424292412,219.10873955623546,142171
2021-12-16,214.7848358154297,220.18970586330155,213.6568658044572,215.20782277667976,148402
2021-12-17,207.2650146484375,215.72481116470027,206.2780355196235,215.72481116470027,217335
2021-12-20,197.207275390625,204.82108426546785,195.5153130819095,204.82108426546785,252827
2021-12-21,202.3301544189453,205.38508125686204,194.81033451022725,197.91226309115712,167813
2021-12-22,202.80010986328125,206.60702093555523,201.57813646018005,203.3641020009944,144152
2021-12-23,203.64610290527344,209.61496527700987,202.33014025056673,203.22311593361178,124475
2021-12-24,200.732177734375,205.4790664988715,199.369213365518,203.12912298604323,134149
2021-12-27,197.58326721191406,200.02721444389252,191.00342472588417,200.02721444389252,128729
2021-12-28,201.10816955566406,203.03512616797136,197.9122520105574,197.9122520105574,106575
2021-12-29,206.88905334472656,210.03796936180754,201.39017923634512,202.14216410441108,221342
2021-12-30,205.9020538330078,209.19197475688586,204.91507468726098,206.7480277619811,78824
2021-12-31,209.9439697265625,212.43490423820626,205.0090881015599,205.0090881015599,138566
2022-01-03,210.3199462890625,213.98585246486704,209.47397235400518,209.6149632288757,134455
2022-01-04,211.6359100341797,214.03285531989363,207.50001513002334,211.49491915857416,151163
2022-01-05,217.6517791748047,218.5447548745257,208.72199349175955,212.66989587252232,300591
2022-01-06,216.8997802734375,219.86070328106535,213.65686118343638,215.16081638456617,166734
2022-01-07,246.0391082763672,257.5538325414503,216.10081944998385,216.89980605452428,7235590
2022-01-10,234.4303741455078,245.5691128482311,233.11441143104807,240.63423115463027,1507828
2022-01-11,233.06739807128906,241.1042078688336,230.99945061897023,235.93433206657792,590341
2022-01-12,240.68121337890625,243.97113443723993,233.11440641907282,235.27635741170417,618352
2022-01-13,238.6602783203125,243.87717058702904,236.35733634470225,241.85619604039385,271783
2022-01-14,236.73333740234375,242.70220022140055,233.2084218028027,236.92133003240227,278450
2022-01-17,233.7723846435547,243.45415506893357,232.8324072108561,236.63931868186884,361411
2022-01-18,227.14553833007812,237.2502956183996,225.68858480004928,235.2763516375941,198164
2022-01-19,233.6784210205078,234.99438383280395,223.85564430196146,227.1455656756207,255787
2022-01-20,231.70443725585938,236.78030965736033,229.91848587016167,234.054380838576,181132
2022-01-21,225.73558044433594,231.89243565307706,223.00965155761645,230.7174638324363,144774
2022-01-24,214.7378387451172,226.76955259052428,211.4949195144786,226.76955259052428,226100
2022-01-25,218.63876342773438,221.1296979652018,207.030036033308,215.6308240745961,190387
2022-01-27,218.5447540283203,220.98870110085775,213.8918685853331,216.1478086962004,154367
2022-01-28,223.7616424560547,229.30750386262227,218.07477582143787,218.07477582143787,230788
2022-01-31,226.95755004882812,232.31541858893897,223.94962510902184,226.25256696873677,284155
2022-02-01,221.27069091796875,232.45643142769623,219.95472819584455,229.30750116293896,338419
2022-02-02,223.66763305664062,225.5945897123505,222.96264996378952,222.96264996378952,108728
2022-02-03,231.23446655273438,234.94737483408278,223.85563739101835,224.60762226465158,467204
2022-02-04,230.57643127441406,234.52433300959984,227.66249594875197,231.3284159722864,156942
2022-02-07,229.96548461914062,232.12743569054257,225.6885985618127,229.73049024926905,127771
2022-02-08,228.4615020751953,232.50340762466084,225.5945682352886,231.18743070420518,162884
2022-02-09,224.37261962890625,231.9394411447659,223.71463826729192,228.41452562584848,117380
2022-02-10,223.43263244628906,225.31258730800442,221.4586884472383,222.445653275305,99332
2022-02-11,224.04360961914062,226.06455520711046,221.08267232772602,221.08267232772602,128902
2022-02-14,210.97793579101562,223.94962747003564,208.25200692309096,223.94962747003564,208938
2022-02-15,215.11386108398438,216.19482949428834,206.7950542988845,214.26787271064683,170771
2022-02-16,218.68572998046875,220.84768080585653,214.17385006668823,215.11382743921192,122332
2022-02-17,214.3148651123047,219.95472998368112,212.48191189769096,218.59176550834877,54903
2022-02-18,211.2129364013672,216.61780689892936,209.6149775576281,214.31486494681258,71803
2022-02-21,207.82899475097656,211.2129045552212,205.24405707667543,211.2129045552212,152342
2022-02-22,202.6849822998047,206.72329489368394,198.06976161906462,206.53099708852437,237947
2022-02-23,211.2423553466797,214.75185257793615,201.9157725944505,201.9157725944505,166900
2022-02-24,196.242919921875,206.38677267895073,191.33924496134765,202.87728988363995,420294
2022-02-25,210.9058380126953,215.32874613652706,202.68497861690804,202.87727641857344,511597
2022-02-28,210.13662719726562,212.25193230864744,205.23295267741474,205.47332859169407,108565
2022-03-02,216.3863983154297,218.54978151741855,207.87708518572094,209.51163844850294,203492
2022-03-03,216.53060913085938,220.1843257678332,214.36722601741997,217.49211273683247,88198
2022-03-04,218.83822631835938,222.63616262299684,214.07877173755296,215.28065124353827,139222
2022-03-07,215.08836364746094,218.40554830686816,210.13662571674686,211.530803075468,212797
2022-03-08,221.14584350585938,224.9437800578793,214.75184998609043,216.14602736956843,154863
2022-03-09,219.31898498535156,226.2418082222325,217.6363536243064,226.2418082222325,66577
2022-03-10,218.8863067626953,224.0784354346601,217.29983156012327,223.16500987344037,88178
2022-03-11,221.86695861816406,224.51109355294176,216.43446907526405,218.54977408881004,49688
2022-03-14,217.9248046875,224.03035896563114,216.81908131652284,222.4919471986019,64198
2022-03-15,208.50205993652344,219.31897535393028,206.81942864937125,219.03052134185666,159055
2022-03-16,221.7707977294922,223.93418081249933,210.5212086321311,210.56928674602958,352744
2022-03-17,227.49176025390625,234.6068811074656,219.943951038249,222.58808596876347,479857
2022-03-21,223.78997802734375,232.58773069348584,221.43429698238486,232.58773069348584,117890
2022-03-22,225.6168212890625,229.5109139313649,221.48236741023837,223.06884253384473,131121
2022-03-23,224.0784149169922,229.31860655600852,223.06883321171478,225.61681186045158,91131
2022-03-24,222.20347595214844,234.36648997350346,220.37661040696298,222.7803692784861,398792
2022-03-25,218.9343719482422,225.56875574751072,217.63635086046295,222.20349306815712,184843
2022-03-28,215.04026794433594,218.886282231175,212.49228934785714,217.34788531926748,146915
2022-03-29,216.96328735351562,220.76123841358594,213.6461027778599,215.1364363325403,164951
2022-03-30,217.0594482421875,222.10734238735463,216.33832050716362,218.06903000549718,91011
2022-03-31,217.97288513183594,223.11693577830542,215.8575799331373,215.8575799331373,152587
2022-04-01,221.9150390625,225.56875576318544,217.20366250824898,217.2998187390753,114227
2022-04-04,235.8087615966797,244.46229413233766,227.87635677232655,230.18395957994966,1327772
2022-04-05,240.6643524169922,247.2987360157883,234.799174627367,237.2029336114133,747955
2022-04-06,237.34718322753906,244.173850378726,235.4722393622183,236.43374301771345,310528
2022-04-07,234.3665008544922,252.39469322791467,232.6838695663061,239.6547706173628,912896
2022-04-08,242.20278930664062,246.86608837328706,233.64541178075464,236.19339085548953,624570
2022-04-11,260.2790222167969,265.32691584449685,243.7411494517997,244.02960345051568,1931417
2022-04-12,300.71026611328125,307.05619606288144,252.8754595932629,261.52899243105514,12462892
2022-04-13,285.6145935058594,300.75827313075973,282.2974241460593,296.14306822027396,2858143
2022-04-18,292.92205810546875,304.460100999571,277.63415713933534,286.0473134162849,3142567
2022-04-19,275.9515075683594,301.67172647934757,266.09609658377514,294.9892653429407,1349664
2022-04-20,278.9802551269531,285.5665604537827,266.04804970869225,273.2112337036444,1019484
2022-04-21,298.498779296875,307.10421818875545,281.7205311483751,282.29743912849347,3215330
2022-04-22,305.61395263671875,320.180727619315,294.26819152983546,296.9123266678328,3562394
2022-04-25,288.1626281738281,309.31570645747155,286.62421661192025,304.79662799613465,876123
2022-04-26,292.77783203125,300.6621729067981,289.8933213708436,293.2585838079844,559584
2022-04-27,286.6242370605469,297.1046207256836,280.9513715301299,288.5472443144348,494669
2022-04-28,280.1821594238281,293.1143953310861,278.9322164084278,288.6434092002922,322695
2022-04-29,272.7785949707031,286.52808531410733,271.62477886320573,283.018602889383,412767
2022-05-02,278.8841247558594,285.8550262886089,273.0670393518426,273.0670393518426,519248
2022-05-04,268.2114562988281,283.4512657563379,262.63471749418136,279.0764358632016,569786
2022-05-05,271.2401428222656,280.51864571515796,267.29797260947356,272.92277394480726,430692
2022-05-06,265.8077087402344,275.422745709058,262.0097574004434,268.06721895369657,487907
2022-05-09,262.8269958496094,267.2018251749305,255.61571937308503,263.64427971883396,460972
2022-05-10,271.2882385253906,275.95153691675216,263.69236585163515,263.69236585163515,786949
2022-05-11,270.32672119140625,273.0670122177775,248.06791954995282,270.1825015253362,684137
2022-05-12,268.4518127441406,271.6247628384232,260.56747160783254,264.4134859489075,484516
2022-05-13,272.5382080078125,282.87437174007607,270.3267321152528,273.7881509546096,344041
2022-05-16,266.9133605957031,276.7687708476963,263.5480985584372,273.93232396489816,257062
2022-05-17,293.7393798828125,296.04698289058945,268.4999077979555,269.1248793334086,1009213
2022-05-18,288.4510803222656,294.8931661865674,286.09538476252925,294.8931661865674,506243
2022-05-19,277.6822509765625,284.60508920791455,272.5862932109587,281.1436700922385,284349
2022-05-20,297.58538818359375,304.6043532921757,279.9898826226063,279.9898826226063,1323240
2022-05-23,298.64300537109375,311.9117424850366,293.9316438939842,299.9891044584452,728086
2022-05-24,291.47979736328125,302.68130793098476,285.99924469540446,299.7967972607044,448297
2022-05-25,257.8752746582031,295.08544599753736,246.14491911931873,292.297091454191,1477095
2022-05-26,247.49102783203125,263.3558376846328,238.74135362524328,259.65404285047333,668960
2022-05-27,256.3369140625,259.41370855819264,252.01014704497277,252.01014704497277,371477
2022-05-30,253.93313598632812,262.15398097965385,252.39472417991666,258.74065454213604,270787
2022-05-31,249.41403198242188,260.27904044280524,248.0679327893267,253.64464202190456,329116
2022-06-01,244.27000427246094,253.74080638551925,243.26042250958756,249.99094803356826,503045
2022-06-02,249.2217559814453,250.61591865801884,243.26042165824882,244.2219253011668,249294
2022-06-03,245.6641845703125,254.99078178816927,244.22192908359833,251.48126996295443,245102
2022-06-06,236.2895050048828,246.8179809527845,235.56837731921175,245.27956935480077,225346
2022-06-07,240.0874481201172,246.6256755925186,236.3856680300365,237.39523508190712,514338
2022-06-08,234.6068878173828,240.37590964895782,233.645384178787,238.93365419106405,184565
2022-06-09,232.2992706298828,234.55879523843348,230.135887576435,234.55879523843348,182828
2022-06-10,229.17437744140625,234.5107104168232,227.01099444984376,230.18394443369817,153412
2022-06-13,216.81906127929688,226.24179947094376,214.8960540839151,226.24179947094376,230158
2022-06-14,221.67465209960938,225.76104229242077,213.45379360097158,213.45379360097158,330308
2022-06-15,220.5689239501953,223.88612316713733,218.2613211371217,221.6265837978262,135085
2022-06-16,210.5692901611328,225.42451797110095,207.30018376234332,222.01117722827678,258350
2022-06-17,213.59800720214844,217.49209950368225,206.72326270628213,209.60777334869536,252858
2022-06-20,202.73306274414062,216.1460365393612,199.7043172604571,214.65570285736285,240877
2022-06-21,212.34808349609375,214.41531044121217,203.7906923483019,203.7906923483019,181549
2022-06-22,205.08871459960938,212.78074316652297,203.11762934506174,212.29999138109085,176918
2022-06-23,209.7520294189453,213.93457644496155,204.80029115854745,206.1944686100921,146836
2022-06-24,221.00160217285156,222.7322968675409,211.24233210185446,211.3384883277284,309147
2022-06-27,217.01136779785156,224.99185091412454,215.42489266636855,224.65531877283726,193903
2022-06-28,229.65516662597656,232.53967775125298,216.4825540834418,220.56894484425004,360369
2022-06-29,222.7803955078125,227.87636784969808,221.8669699633664,226.72256638979871,131623
2022-06-30,215.52102661132812,224.03033936119618,214.46338145150708,223.06883575878763,113679
2022-07-01,212.05960083007812,217.39594821378358,210.04043760228282,213.4537779771848,185514
2022-07-04,215.85757446289062,217.7805818077716,212.1077160089254,212.4923116093489,87598
2022-07-05,217.87672424316406,224.70339108225855,216.81906440191943,216.9632840750979,182074
2022-07-06,228.8378448486328,230.28010017330908,217.92477369003055,218.98243346334507,340355
2022-07-07,228.9340362548828,233.64539850431828,225.37646083684717,230.47243336813136,162118
2022-07-08,231.28968811035156,241.91430555801622,227.9244255947986,230.66470198320644,232077
2022-07-11,228.11671447753906,232.68385628478168,227.20328905036646,229.79934566968106,83999
2022-07-12,236.7222137451172,238.45292338135513,227.01103494249634,228.7898080277939,366682
2022-07-13,231.04930114746094,239.0297833791544,230.28009538933756,238.45287539271698,286099
2022-07-14,218.83822631835938,228.26094990817973,216.33831107735764,225.95334712524019,473988
2022-07-15,225.08802795410156,226.4341273009256,214.89608259769372,218.83825373985096,510930
2022-07-18,226.1937255859375,228.212889047393,223.1649950651351,225.08800229647144,187564
2022-07-19,237.44334411621094,238.16447191652622,223.11694435183318,223.11694435183318,410392
2022-07-20,239.75091552734375,244.22190115633896,230.90507114993156,237.34715665769474,477995
2022-07-21,243.83734130859375,247.4910435883342,239.51057470969712,240.95283024266266,394550
2022-07-22,246.14492797851562,248.06793522834778,241.28933173841324,245.8083958412426,234601
2022-07-25,237.05873107910156,245.18343409827798,235.56839746697298,242.49122090723628,197477
2022-07-26,235.8568115234375,242.29888204023132,231.81849975704282,238.16441405526902,187791
2022-07-27,243.93345642089844,248.98136491023178,235.0876263789522,235.85683218072586,438000
2022-07-28,245.2314910888672,248.8852076282695,242.29890223468718,245.4237888706504,171157
2022-07-29,247.29873657226562,252.20238143654555,245.1834169244405,249.02943130756898,207829
2022-08-01,251.0966796875,252.87546736068109,246.24109784980908,248.50063736207892,143921
2022-08-02,255.47154235839844,257.4906766346754,248.45254781056676,250.6640239048551,406893
2022-08-03,245.76031494140625,256.3368540642599,244.22190338225738,255.42341394836404,241292
2022-08-04,243.64501953125,252.39470863239217,240.37591298323062,247.6833466064734,171399
2022-08-05,243.7892608642578,247.0583821772898,241.72201915056513,244.5103886238614,97419
2022-08-08,249.94287109375,256.2407078997732,244.3661326407437,244.89496255192364,356517
2022-08-10,256.3369140625,260.08677294247025,248.452571315677,251.1928629619976,324650
2022-08-11,262.63470458984375,264.41349213274356,257.25027851786103,259.0771588468055,558980
2022-08-12,266.9133605957031,275.4707353361996,263.7403816406271,269.3171191937502,1421669
2022-08-16,267.5863952636719,274.89382726663166,265.3749490916771,268.74021112725995,317244
2022-08-17,262.58660888671875,271.1439840758812,260.32706981753483,269.2209770966196,214834
2022-08-18,258.1637268066406,264.50965668608256,256.769534794416,263.59621649286476,189295
2022-08-19,255.71192932128906,261.432858922345,250.42365879407342,256.9618724360703,181270
2022-08-22,249.7986297607422,258.54831860708674,248.3083108807505,257.00990694024125,122894
2022-08-23,248.50062561035156,253.35620721841943,242.53929135046033,247.10643360582083,282666
2022-08-24,261.24053955078125,264.12505034739894,248.64483653699838,249.02943210799518,524504
2022-08-25,265.7115173339844,268.7402477097461,263.5481343023317,267.29799235531095,414517
2022-08-26,276.5284118652344,298.0660843496928,266.7691572300783,268.74022766367466,3507480
2022-08-29,288.40301513671875,297.39305027823383,269.22100667408574,269.22100667408574,3447813
2022-08-30,289.0760803222656,296.14313835613535,285.3742852242611,291.5279323526259,688044
2022-09-01,300.5660705566406,304.07555328729273,287.68192649934474,289.9895295727348,1557861
2022-09-02,298.1623229980469,309.1715234869783,295.37396795181286,302.48908993478574,750678
2022-09-05,301.3833312988281,305.2774093502857,298.06613196405846,300.5660473265031,577616
2022-09-06,292.77783203125,304.2197184489768,290.56638559537566,302.87361934267244,346599
2022-09-07,335.9493713378906,345.99709627421544,289.36453683807565,291.3356075945973,4228324
2022-09-08,333.2571716308594,348.59313727364025,324.69979499714844,344.1221511606731,3035434
2022-09-09,331.4303283691406,338.4492934565605,323.06523466308045,334.60327875819047,1185103
2022-09-12,345.5644226074219,350.32387764156726,330.37267594185533,332.58412270640446,1842906
2022-09-13,337.6319580078125,348.8334682410965,334.6032277629924,347.2950860704164,646580
2022-09-14,331.8149108886719,336.4782093951484,329.79574738308014,329.79574738308014,433732
2022-09-15,327.29583740234375,340.0357607964077,326.093957836866,334.3148316703914,385061
2022-09-16,334.86248779296875,355.53837891856364,328.1633277482529,331.2960367420574,2889589
2022-09-19,339.0555419921875,345.9474966640094,333.5130562311212,343.15216190254085,1381751
2022-09-20,335.1034851074219,346.9596021076041,333.5612223981037,345.0799648343391,713599
2022-09-21,335.3444519042969,340.9833341257319,324.8378334992838,336.4047593212168,625122
2022-09-22,340.26043701171875,349.1766099362468,333.65764361139253,334.9107450234886,917172
2022-09-23,326.4765319824219,344.1160841957154,324.6932914892007,340.93519098224186,426183
2022-09-26,297.36639404296875,325.22340205872683,292.20946690160633,325.22340205872683,719211
2022-09-27,317.1748046875,321.9461744282997,301.6076527353637,301.6076527353637,1075278
2022-09-28,313.02996826171875,322.09072204486534,309.4153035011908,312.25885154595966,396748
2022-09-29,324.8860778808594,329.56105048948405,316.35549202834574,319.0544301239337,690248
2022-09-30,336.1156311035156,340.2604348321516,319.0544020664084,324.3559102578442,634981
2022-10-03,342.42926025390625,358.57476372822833,335.34451105506446,336.88677398660167,2349507
2022-10-04,357.8999938964844,362.4303854814898,342.6220344244537,349.1766147358236,1260699
2022-10-06,385.998046875,414.48159594621103,362.86419035707195,363.3943294691199,6802535
2022-10-07,377.9493408203125,398.72160186151245,371.5875251676618,382.6724967355687,2736265
2022-10-10,433.85614013671875,448.1220043687917,370.4308089258283,372.6960045791128,11764808
2022-10-11,415.2044982910156,445.0375436549651,407.8787717182498,437.422626247356,4486886
2022-10-12,447.68829345703125,452.0740749550335,407.30041546645424,414.24058360751735,7143500
2022-10-13,457.9538879394531,468.4123228277683,440.5071018726333,442.9168781410832,6221210
2022-10-14,448.1219787597656,469.2316125058666,439.5913650811032,469.2316125058666,3710339
2022-10-17,420.98797607421875,447.25454126717227,413.5176685422778,447.25454126717227,2340057
2022-10-18,439.7842102050781,442.43496434878,423.97608228588143,425.8556903016853,2285802
2022-10-19,447.3990783691406,451.01374295159553,428.0244703239393,440.9890790594971,2477415
2022-10-20,449.3751220703125,455.7369083357205,435.10922790300094,444.1699814295731,1474453
2022-10-21,427.3497619628906,450.96557119702027,417.32509780389114,447.6400679261358,1611173
2022-10-24,421.8554382324219,430.771610648896,417.4214439042296,430.771610648896,298065
2022-10-25,429.4703369140625,435.6875717733319,418.4817624472703,423.5905060492091,1143399
2022-10-27,437.4707946777344,440.4107099924939,425.0845386325234,430.67520787299594,801267
2022-10-28,430.0487365722656,441.71206148209615,427.0124238659435,437.6154411628405,683462
2022-10-31,431.398193359375,442.4349819076545,428.9402330041531,432.26573646471746,898913
2022-11-01,439.2058410644531,446.0977956896617,429.90411003768804,432.7958417195559,1012384
2022-11-02,476.3646545410156,482.9192351882611,437.22987630519026,440.89272500520065,4288602
2022-11-03,485.7627258300781,520.5116888467899,472.4607427987089,476.17180424132255,7656249
2022-11-04,490.919677734375,497.13691313581336,472.50900802276595,487.73878438530596,2749382
2022-11-07,497.6669921875,501.137105376236,482.6300115335995,490.91961851390346,1812897
2022-11-09,487.3531799316406,502.1010289954136,479.3045209564195,498.341754317685,1062800
2022-11-10,453.23077392578125,489.8111633878019,443.4470578451326,486.7748508941806,1532491
2022-11-11,444.7965393066406,459.8817336747864,435.68757275576934,453.03796282126456,2177645
2022-11-14,446.9653625488281,465.37603170496936,442.0494125444073,448.2184345779354,1801949
2022-11-15,467.6412353515625,480.41305117421774,435.6876039124649,449.1341689412947,1872596
2022-11-16,478.0514831542969,484.8470412502638,464.26754365590074,470.6293596231437,2983043
2022-11-17,478.29241943359375,484.2686471033651,469.0870561707634,474.7259386861156,1521502
2022-11-18,469.1834716796875,480.99137620578136,465.1832486826622,478.29243836630354,1151893
2022-11-21,458.7732849121094,470.38839645984564,454.96582608411296,469.1835081492415,884162
2022-11-22,497.37786865234375,500.07680656071466,453.0379811368247,455.9297129313151,3051334
2022-11-23,500.221435546875,514.7282788298046,493.61861240100103,498.8237533603443,3280519
2022-11-24,487.4495849609375,504.12522598516495,483.7867071606465,500.22139995960566,942303
2022-11-25,473.13555908203125,493.8114253400393,470.1956138836468,487.44963843986403,889638
2022-11-28,478.0514831542969,487.8351700517495,469.5208682947813,473.6656721890818,1496312
2022-11-29,465.08685302734375,482.7746179842694,462.67707658678756,477.1357352301247,947638
2022-11-30,492.8956298828125,496.07655211687336,463.2553826197113,466.9664438513423,2978287
2022-12-01,483.883056640625,501.233445125747,478.58154904794884,495.40179854028844,1184347
2022-12-02,497.426025390625,500.17320574559704,483.8830939887023,486.3410541139914,1072119
2022-12-05,496.7513122558594,516.4632961129288,493.37765451720946,498.2936045404026,1596647
2022-12-06,499.5948486328125,504.0770564236612,490.9678664743741,494.4861342559145,873305
2022-12-07,504.3661804199219,510.872576440628,495.69098572564707,499.01648879160496,1023066
2022-12-08,525.2349243164062,529.958051090424,500.3659830676488,504.269868173922,2819086
2022-12-09,517.330810546875,536.7053893159068,506.14941272486607,526.4879608886184,2164257
2022-12-12,517.7164306640625,523.403527516277,507.4990004370531,514.5837207848214,785459
2022-12-13,517.2344360351562,527.9338796484584,512.4631253395294,520.5117558084065,958844
2022-12-14,504.41436767578125,521.6683896647374,502.1973852272525,519.3067971039967,533245
2022-12-15,487.25677490234375,507.7398737483869,481.1841503050617,506.0048465537963,913948
2022-12-16,466.0025939941406,492.60650317289145,462.6770906386882,487.2568110788685,710058
2022-12-19,484.7506103515625,488.558068795574,464.55670195213855,467.88217570429845,707605
2022-12-20,499.64306640625,503.1613638434947,474.0030664176983,483.40119534006243,1410787
2022-12-21,467.73760986328125,505.2337550318683,463.73738683167113,502.67936845688035,784306
2022-12-22,430.5788269042969,472.4125362146539,426.048435842652,470.34013454798327,1370357
2022-12-23,384.7930908203125,426.3376106421002,378.33487857872484,426.3376106421002,1580526
2022-12-26,438.241943359375,445.37487583397916,380.7446826148339,380.7446826148339,2094812
2022-12-27,450.0016784667969,455.8333259465998,432.41030966600465,443.30248789672044,1267717
2022-12-28,438.6756896972656,450.6763581901088,435.2537896534699,448.2183980960679,469275
2022-12-29,460.2191162109375,465.7133888436108,432.5548709172633,439.5432225922497,873505
2022-12-30,467.2074890136719,476.8947789726526,462.6770973357721,465.56882919412067,594814
2023-01-02,463.01446533203125,470.67753699762903,457.08642099020955,469.42446497670375,414482
2023-01-03,474.7259521484375,484.7506161176689,462.3879087118782,463.0144446944147,1734999
2023-01-04,465.5206604003906,476.84661054315563,460.79747468022015,472.3162187195622,584288
2023-01-05,470.9667053222656,474.14759840258404,462.6770686261375,467.59301836353336,637510
2023-01-06,459.7371520996094,470.8703072706377,456.94178795029114,470.3883519919574,343974
2023-01-09,461.32763671875,467.3038650179956,457.8575525425523,461.18305600645385,293235
2023-01-10,451.73663330078125,462.1468839670191,448.4111598480127,461.3275541889586,295395
2023-01-11,449.18231201171875,457.56834548314464,446.77253565972455,449.18231201171875,346976
2023-01-12,461.6167907714844,465.5206464384454,449.18234963688286,451.0619871153698,520188
2023-01-13,471.15948486328125,474.24401051932455,462.6770834334874,462.6770834334874,498543
2023-01-16,483.015625,487.7387812274571,475.20794297457775,475.20794297457775,821324
2023-01-17,475.1114807128906,483.64209454171225,470.72569969379623,482.91916166496827,312117
2023-01-18,470.0027770996094,477.5212674157479,468.46051437890503,475.2078880427987,220085
2023-01-19,462.5806579589844,469.90638387807013,459.11057416402645,469.3762448524885,185737
2023-01-20,477.714111328125,484.26869180745143,462.77349665016766,463.54461338318805,916168
2023-01-23,474.4849853515625,487.835152833829,466.5809067899864,481.42515332837166,399180
2023-01-24,470.051025390625,482.72644463042315,466.0989858188283,468.94253401976243,387119
2023-01-25,469.80999755859375,480.89496891596167,458.8214231397504,468.4605286678964,484355
2023-01-27,469.32806396484375,480.46124901392784,458.8214443370086,470.3883715051685,482475
2023-01-30,463.73736572265625,484.65420674787055,455.0621708805138,471.8823921191609,589948
2023-01-31,484.07586669921875,486.7748043429514,469.5689959695667,477.0393023728496,774968
2023-02-01,461.66497802734375,510.00505768347904,450.1462349803119,488.89545155666667,1319488
2023-02-02,475.738037109375,493.5221984083495,461.0384013169388,463.59278779089175,702392
2023-02-03,464.5085144042969,481.18418551112296,460.4118943353572,476.653793903691,374518
2023-02-06,463.1590270996094,474.1476016720073,458.14668038844457,464.5084960091642,359258
2023-02-07,475.2560729980469,478.3887822070211,463.11082390545715,463.1590076652632,324619
2023-02-08,464.990478515625,476.3646415134208,462.9662603246749,474.34042332247077,165935
2023-02-09,460.84564208984375,469.6172340209431,456.98999987100586,467.68941291152413,172315
2023-02-10,459.9299011230469,473.1836708418701,454.0018572775071,461.6167445418062,349124
2023-02-13,426.43402099609375,462.67706352188446,417.37326771869994,459.78533187487267,788431
2023-02-14,433.518798828125,439.3986594592319,426.4340499290133,428.6992457561058,331745
2023-02-15,429.8077697753906,436.2659831496669,426.3376854163201,432.36212721463016,249994
2023-02-16,431.49456787109375,438.5793165603113,424.12065777260875,433.4706022218097,719321
2023-02-17,430.4342956542969,435.35024592864136,426.2413077948627,428.02451899199264,246995
2023-02-20,437.07061767578125,440.92552649187775,428.4824087082014,431.8493819040611,197037
2023-02-21,426.1401672363281,438.9248663541128,423.6027412629974,436.680237483307,152759
2023-02-22,409.3053894042969,421.60212397689895,406.96316133881214,421.5533393479903,318870
2023-02-23,408.475830078125,417.11282373422836,402.8642279004874,410.81808785696614,243472
2023-02-24,413.0139465332031,425.3106513840155,409.9885549496517,409.9885549496517,349574
2023-02-27,401.1075439453125,418.4790996287535,396.81345454094946,409.89092082002736,306098
2023-02-28,402.6690368652344,405.98719548712626,390.8602687321973,403.05940321197875,404461
2023-03-01,426.1889953613281,430.23910225406576,403.35219064942004,403.84015605295576,691003
2023-03-02,429.06793212890625,438.4368729328271,425.5057909821093,427.7504197093946,359488
2023-03-03,427.7503967285156,431.31256746697676,423.26113951513037,430.3854214259723,266184
2023-03-06,427.7503967285156,436.24100539095156,425.01780279140803,429.8974560955574,229136
2023-03-08,423.9931640625,433.80125706147027,418.7719281277607,427.2625085401264,276292
2023-03-09,420.13818359375,428.5799785386187,418.3815201748678,424.6274709546123,108155
2023-03-10,414.8681640625,419.5038350834433,408.91498058425907,415.94169383448485,189821
2023-03-13,399.5948181152344,416.72238917636304,397.20377610018676,407.06068166026375,205483
2023-03-14,397.7893981933594,409.40296870293633,394.66640773461273,399.2044799769756,199187
2023-03-15,395.0079650878906,407.1095002482428,394.27601703646155,401.88826485810694,115341
2023-03-16,397.35015869140625,401.5954629808617,388.7131664714189,396.17905977975505,236309
2023-03-17,408.2806396484375,410.0373031042779,402.0834733620975,402.0834733620975,153264
2023-03-20,409.69573974609375,418.1375650300164,401.1075605811745,409.8909378201783,263162
2023-03-21,416.4296569824219,419.6502164981441,405.88958716334065,410.5740725661687,169826
2023-03-22,415.4049072265625,421.40687522995995,412.8186967613798,418.5278974604328,100312
2023-03-23,411.5500183105469,419.2598654498331,408.28064426897004,411.8427856288191,198583
2023-03-24,400.9611511230469,413.3554536709255,398.9116906091802,409.8909114516347,84855
2023-03-27,396.0326843261719,405.9871898363376,390.5186815746667,402.47383319845306,144875
2023-03-28,390.86029052734375,403.010641059951,390.27472608305334,395.73994459135554,154281
2023-03-29,424.8714904785156,429.3607782286259,392.1289934408696,392.3241915190225,475057
2023-03-31,444.4388732910156,462.59119183876584,441.4134819025499,454.7837455630061,1170320
2023-04-03,436.68023681640625,449.8553022677261,431.89815219652934,444.43886860124616,283420
2023-04-05,452.4903259277344,456.73563101881325,433.41089000672656,438.58331152171286,471091
2023-04-06,449.85528564453125,458.0530978880378,446.7322953693656,451.2703673449637,288351
2023-04-10,446.5371398925781,455.56450008098074,444.0973128146315,451.85597483571996,244209
2023-04-11,454.88134765625,460.6393333667252,445.1708243722719,446.48833689677286,270504
2023-04-12,453.1734619140625,470.39863415848544,449.7088897885047,455.7108878889535,433822
2023-04-13,456.6867980957031,460.5417066184855,451.8559290575726,453.8077905221841,183959
2023-04-17,451.12396240234375,457.12593020187273,449.1721010182341,456.1499995098179,231367
2023-04-18,443.0726013183594,454.78377139725876,440.3887915086116,451.12403074760266,174021
2023-04-19,447.4154968261719,453.5638490856043,444.09730820814667,444.68287265738905,194285
2023-04-20,448.53778076171875,453.51503356668695,446.4883202204915,449.269728827654,132388
2023-04-21,443.46295166015625,450.8800317318343,436.24106966261894,450.8800317318343,251850
2023-04-24,444.731689453125,451.66077449334085,440.73036710873095,446.0003876140826,272395
2023-04-25,450.83123779296875,458.98023601674663,445.9027694616363,446.87870024609293,287036
2023-04-26,445.26837158203125,452.9294333565439,444.0484582352311,452.24626996911957,154825
2023-04-27,446.48834228515625,452.8318925034153,444.04851527813355,446.0003768837517,192904
2023-04-28,451.36798095703125,455.6132857615601,446.97629249366554,447.95222326330236,203395
2023-05-02,484.01287841796875,487.0382399855549,451.80716293322877,454.4909725569571,1048645
2023-05-03,498.4566650390625,512.7052311481533,486.0135471159141,486.0135471159141,1945791
2023-05-04,492.6498107910156,499.9205064981042,483.08570174048134,498.31022678224423,470951
2023-05-05,491.6251220703125,499.77412011839317,489.67326054348246,495.577629748926,310174
2023-05-08,484.5008544921875,497.33433847396816,479.2796187887814,495.0896797784157,309789
2023-05-09,479.5235595703125,491.8690770760291,474.35110894552133,486.94063891140064,255196
2023-05-10,501.6772155761719,503.43387910207656,483.0857457586769,483.9640775216293,834209
2023-05-11,495.8216247558594,507.19124225849725,489.9172554037529,505.3369499355139,399423
2023-05-12,494.89447021484375,500.3596881608943,486.9894254877923,496.74873261179613,204150
2023-05-15,493.6745910644531,504.36101523659755,491.1859497054008,494.7969055049463,315213
2023-05-16,505.5321350097656,517.0481060948403,494.6016985557966,494.79689662152737,1387668
2023-05-17,503.6778259277344,513.3395639811906,496.7975261944353,507.483979601177,442743
2023-05-18,501.7748718261719,507.288845405195,498.21270038678347,506.1177164685405,200981
2023-05-19,494.7969055175781,504.2146613721091,489.28290256654526,502.1163863684299,203076
2023-05-22,466.4461364746094,493.7233843888415,464.5430595066898,493.7233843888415,645473
2023-05-23,467.0804748535156,477.2301489565137,462.8351700258213,468.5443710159589,430240
2023-05-24,469.86187744140625,475.2782812591713,455.95486407807323,469.4226966851363,248044
2023-05-25,442.8774108886719,455.90609378315077,435.2651621190901,439.1688855461672,767907
2023-05-26,448.6841735839844,461.61525634632864,442.6822052773163,446.3907303072617,480982
2023-05-29,448.73297119140625,456.8332147240611,446.9763076596734,449.41613466654934,261005
2023-05-30,446.4395446777344,452.2951293243342,441.75505909062827,451.61196586901343,233413
2023-05-31,443.8533020019531,457.0283673886172,440.1935616167687,448.9769385412114,327333
2023-06-01,445.414794921875,451.07521122530136,443.8532997422042,445.80516127103186,231020
2023-06-02,452.246337890625,457.7115564617021,446.9763173975684,448.3426145945764,437061
2023-06-05,492.84503173828125,513.3395776125465,453.3686207482057,455.7596630134205,5322415
2023-06-06,495.968017578125,510.80217684692377,483.96405151924307,493.8209580213368,2671455
2023-06-07,493.2353820800781,505.33691710418776,490.74677064645374,501.6283922652491,828089
2023-06-08,485.4767761230469,502.55556469209307,482.30500110308117,496.84636369954603,537691
2023-06-09,495.52886962890625,500.45730831465625,479.0356448681769,485.33038073366555,773118
2023-06-12,551.1080932617188,559.2083063798327,496.60235622079324,498.01743790463416,8308265
2023-06-13,549.6441650390625,559.5986697823278,541.6415216350226,543.3494003068447,2450979
2023-06-14,535.5419921875,554.2798742601702,532.9557519067664,549.6442032571805,1058182
2023-06-15,536.030029296875,551.3033712088763,530.1744440883521,535.7860465798532,1123109
2023-06-16,575.7015380859375,585.9488103350049,536.761879713049,539.689671784211,5709517
2023-06-19,583.7530517578125,593.3659466392655,575.7991916400767,580.4836477266423,1900833
2023-06-20,578.7756958007812,590.9260450566154,561.2089430162741,582.630634019487,2103018
2023-06-21,564.0879516601562,604.1011108609632,561.2577287682999,581.6547044800227,2482743
2023-06-22,564.1367797851562,578.6781723449291,551.4008949218601,567.1133567737292,1174093
2023-06-23,547.985107421875,566.9181874976133,539.9824634857562,564.0879645411287,748381
2023-06-26,576.0430908203125,578.7269002226943,546.6676008243119,550.229712109642,1603543
2023-06-27,567.1134033203125,580.3860988589629,564.1856107175931,579.1661852744966,509910
2023-06-28,565.8446044921875,571.8466020869772,560.2330030014474,570.919456014421,469532
2023-06-30,561.4529418945312,573.6520761246666,557.7444170017872,567.9429051313973,470905
2023-07-03,563.1607055664062,578.8732229825457,560.0865601084747,562.1359904137623,616476
2023-07-04,548.8146362304688,566.6253725086558,545.5452920277565,565.0639071271396,410338
2023-07-05,554.035888671875,561.1601711048588,548.814623514118,551.4984330280978,302530
2023-07-06,557.7444458007812,563.1120651391965,551.5473091183189,557.2076957801573,320422
2023-07-07,562.1848754882812,572.8713287122287,549.2050089144917,558.2323680125976,758870
2023-07-10,565.8934326171875,575.7991537496545,553.3527460611086,565.0639152899151,1262471
2023-07-11,601.4661254882812,621.4727064013605,571.0170733561334,571.7978656300016,7978689
2023-07-12,597.4649047851562,609.2736447675235,589.8526557307157,602.1493611597277,2557665
2023-07-13,587.2664184570312,608.9808809591816,582.2891946987068,597.269710171505,1422587
2023-07-14,569.943603515625,593.6587107212933,551.937667826956,591.4140817302547,829499
2023-07-17,593.2194213867188,606.1505024907317,573.9447910618693,575.7015138835801,1983672
2023-07-18,589.4133911132812,600.4413967262843,581.6547297015286,596.1961217705012,781621
2023-07-19,579.0196533203125,593.2194326242678,575.7990940296341,590.4380540473367,515420
2023-07-20,591.9019775390625,603.466732663722,578.775697533677,579.01968021197,1392270
2023-07-21,585.0704345703125,599.9533772345281,582.240211811013,592.3899145691071,722639
2023-07-24,593.7562866210938,599.9046383758688,582.5330831001559,587.461521428742,615435
2023-07-25,586.8271484375,620.594388148771,578.726935120531,596.7816540070905,2539624
2023-07-26,593.0242919921875,601.0757199727149,586.6807426741962,590.3892672853442,650311
2023-07-27,593.2194213867188,602.7347452179736,589.022931507689,594.341765459914,489913
2023-07-28,603.8084106445312,616.7882786458541,592.048456169011,594.5370678484306,1276389
2023-07-31,605.9554443359375,608.9808059235457,597.2696365788622,603.808384709528,451313
2023-08-01,609.2734985351562,619.2280031707388,603.6618972455869,608.9319466309189,1041906
2023-08-02,587.2664184570312,610.6887600323844,567.1134215667998,609.2736483156546,863333
2023-08-03,590.6820678710938,599.3678750995145,581.654708717343,585.5584315946406,529119
2023-08-04,585.7048950195312,595.7569703733116,581.0203795140784,591.4140663884295,316148
2023-08-07,584.1920776367188,594.7809611893898,580.6787510367107,588.2909983807823,258369
2023-08-08,577.6046142578125,588.9254471619113,575.0672180301478,586.631974065668,260667
2023-08-09,578.4341430664062,587.9982521002138,576.9702470030862,580.4347891063936,294773
2023-08-10,580.7275390625,590.5844746674624,576.4334798113193,581.8498831706268,261101
2023-08-11,568.382080078125,584.4849370976183,563.1608149412447,583.3138083102564,385912
2023-08-14,641.6744995117188,650.4578766913469,580.9715919792935,595.3177866192372,8368871
2023-08-16,757.6150512695312,770.0093840669699,636.0141001216386,643.96790022501,11983540
2023-08-17,761.2747802734375,811.8768261084399,753.0769975984136,759.1765648712379,7808779
2023-08-18,730.532958984375,764.7393202325505,723.7502282845192,755.6143914467448,2989896
2023-08-21,744.293701171875,754.8825272755472,717.4067580743447,734.7295310014823,2667733
2023-08-22,745.3670654296875,759.6644738826932,734.0462932378102,751.6618303013609,906267
2023-08-23,779.3294677734375,803.5813820056225,744.6351424468314,744.6351424468314,3639252
2023-08-24,766.3984375,787.3809494857178,761.2260162260408,783.6724243968087,1014763
2023-08-25,769.9605712890625,798.3113474484335,755.3703947739456,775.9625096164135,1322887
2023-08-28,783.8676147460938,823.5880094223816,777.6704185507779,780.7446243355341,2643290
2023-08-29,774.6450805664062,794.5052487267753,767.6671514473093,790.5039562315453,806741
2023-08-30,783.7212524414062,813.3895739284874,767.7648069668054,775.8162364306316,2921109
2023-08-31,797.6769409179688,804.9476366108952,778.8902747757656,787.0393319329427,1459457
2023-09-01,796.1155395507812,821.0017746210171,791.5774375644795,799.9704780729178,1206367
2023-09-04,797.6769409179688,814.9021417527078,789.9183394367826,796.3594582876761,1128705
2023-09-05,810.2177124023438,822.7096139633027,793.5292610057858,801.6783184258563,1216756
2023-09-06,801.336669921875,811.9743383249206,793.4316551179812,810.2176749869533,615272
2023-09-07,885.0716552734375,943.139537146959,797.1402555538807,799.3360998264088,14969899
2023-09-08,863.991455078125,951.3372545762895,857.8918880740632,902.4919339209797,10954186
2023-09-11,876.2882690429688,886.1451460704005,856.8672227420833,873.3604767101369,2043777
2023-09-12,795.1883544921875,884.1932498322244,783.3308317489892,876.2882346700923,2686141
2023-09-13,779.7199096679688,819.6842870772211,757.4198555746068,798.9457579736621,2249820
2023-09-14,773.8643188476562,790.3087285565581,770.0093803786774,787.0881689168609,951609
2023-09-15,825.29248046875,839.9443763727847,775.2318361299647,776.5504829138409,5059649
2023-09-18,804.2426147460938,848.8332458101943,799.3098212712865,834.6209174272203,1972743
2023-09-20,824.0226440429688,832.2277300173888,786.3184538309836,795.2561346381655,2361293
2023-09-21,810.591796875,831.5928502527593,798.5284249450327,824.8530130795037,962791
2023-09-22,789.9813842773438,817.0873915894875,781.9228415629227,815.1338054769006,969703
2023-09-25,777.8692016601562,797.0143831838226,767.9547869524514,793.4490643365183,739418
2023-09-26,824.559814453125,842.7281399573726,772.9362699056044,778.0156053040247,4995911
2023-09-27,815.6222534179688,833.4487278190201,811.8127364108037,822.3132624278614,1425920
2023-09-28,809.3707885742188,823.7784876850324,805.8543570455095,818.5526681262265,603886
2023-09-29,821.5806274414062,835.1580749637424,805.9519383192777,813.1802308857492,1394027
2023-10-03,810.73828125,825.3413501673434,807.3683330969637,824.9506090758795,423055
2023-10-04,787.5883178710938,808.5893709414014,776.892420778983,808.5893709414014,685298
2023-10-05,798.1375732421875,824.4133300008381,791.4953924597628,791.5442201882709,1312381
2023-10-06,797.7957763671875,807.6125352453904,789.2488366142485,802.9239402189509,562034
2023-10-09,767.5151977539062,788.1743961893618,763.0708009601445,788.1743961893618,646201
2023-10-10,782.7530517578125,797.7956879024485,779.1389653294422,788.2719560909409,683892
2023-10-11,785.4881591796875,794.0839261416288,780.4576510979648,786.9533487624747,466147
2023-10-12,782.7530517578125,794.8653088835232,777.7714312731248,789.1999213706767,371892
2023-10-13,780.2134399414062,789.4441460841745,777.2830608242554,779.9204139534343,456531
2023-10-16,792.5210571289062,797.9423065240346,777.1365658176618,784.2672031362617,834465
2023-10-17,787.1976318359375,800.9703915504747,785.8300975638499,799.0168052296199,470772
2023-10-18,775.72021484375,796.086325835113,766.3429659093094,791.4953866335477,550762
2023-10-19,769.9571533203125,778.5040928592314,767.7593688674477,771.6665412280963,300017
2023-10-20,740.6044921875,774.2061368713922,733.229716685773,773.5224294408245,694857
2023-10-23,683.4133911132812,750.0795274898842,676.9176924393527,741.3860441002433,976476
2023-10-25,667.3938598632812,705.1957633006858,652.4977656621616,687.2227471056184,834757
2023-10-26,725.2200317382812,744.7558932727828,633.2549397171275,667.0520159430462,2838282
2023-10-27,745.7815551757812,763.7545726254104,722.82691660783,736.8438741837499,2169160
2023-10-30,724.975830078125,743.9255799067259,713.1077704039392,743.9255799067259,621277
2023-10-31,725.70849609375,743.3396008525123,721.8501511563818,728.6877033324233,455174
2023-11-01,718.0406494140625,729.9575382440664,713.1566834688743,729.4691416495476,324890
2023-11-02,724.1455078125,732.3017655967616,719.2615425352357,724.4874211531386,235074
2023-11-03,725.7572021484375,734.5483391865747,723.364047364313,727.6619604304433,235202
2023-11-06,745.0978393554688,753.6936075723333,722.875794105597,729.5668632817387,899720
2023-11-07,757.3076782226562,763.7056611015164,745.2443072896616,745.2443072896616,822203
2023-11-08,758.2844848632812,770.4943988267462,750.1771139152846,761.1172087502933,468486
2023-11-09,761.3125,769.5175255575899,755.3540268352247,761.2636126542618,506672
2023-11-10,756.037841796875,772.8875223795573,753.1074625651041,765.1220054916209,588785
2023-11-13,750.86083984375,762.9242103306095,747.7350901167752,762.9242103306095,279237
2023-11-15,772.0083618164062,780.9948697838109,750.8608280935849,758.2844314126013,907947
2023-11-16,765.3174438476562,780.7019361777144,761.89866777431,775.573772067695,459757
2023-11-17,757.7471923828125,768.7361139610357,752.130632465054,763.0707263155614,334522
2023-11-20,768.1011962890625,776.5504800770098,749.3956450244754,761.5567305041417,502609
2023-11-21,791.1536254882812,798.2353758411955,762.0940292125297,771.6177624457592,1628794
2023-11-22,786.4160766601562,804.7798340676427,776.0620939676097,794.4257917563785,644736
2023-11-23,814.4500122070312,825.1947354805243,786.5137555434352,790.1279016591714,3174679
2023-11-24,814.6454467773438,825.3413431641716,810.2498778199121,818.2595931771982,1128392
2023-11-28,810.2010498046875,824.0715237670225,806.8311016814267,818.6502743597806,631948
2023-11-29,810.3474731445312,826.1715321406836,807.319438601618,814.5477308648959,613548
2023-11-30,827.4413452148438,830.1764133718325,793.6443304959779,814.6453804721791,1698735
2023-12-01,816.5990600585938,834.6209053054016,812.5942320565127,831.0555865186619,663460
2023-12-04,822.117919921875,831.2509113756358,817.4781527902248,824.0226187335778,499222
2023-12-05,817.1362915039062,834.1813437657207,806.0985409164649,825.3902054824754,680630
2023-12-06,841.7514038085938,851.6658770307912,808.9800091784891,821.3852927336442,2979065
2023-12-07,828.2229614257812,845.3656698163411,825.3902373554149,844.5842471958442,772067
2023-12-08,813.0825805664062,843.8515624701135,810.7382533357795,830.0299165928658,616053
2023-12-11,822.313232421875,829.7857233483677,816.6478444687258,817.5269820902138,389391
2023-12-12,814.5965576171875,829.346108492372,810.7382132328784,826.3180739530845,320664
2023-12-13,812.3988037109375,820.7503724891064,808.0520626499414,817.0873984970395,393028
2023-12-14,814.4500122070312,825.3901060092398,810.7382106362948,817.1850207529047,418135
2023-12-15,808.73583984375,821.678348111085,803.607676190655,817.6246329949608,379587
2023-12-18,814.156982421875,825.3901021553502,808.8334485374851,810.9824051058929,478121
2023-12-19,829.8833618164062,861.531480879889,815.3291809605273,816.5990000176726,2908041
2023-12-20,787.8812866210938,838.9676131872652,775.3295191971689,834.9138979953136,1108849
2023-12-21,798.0888061523438,815.6222545664689,771.6665642006112,787.2952541084718,1134947
2023-12-22,800.6284790039062,815.3292030651611,794.3769793887117,802.7285483733891,424135
2023-12-26,851.9589233398438,864.2176643836216,800.9703134157329,802.9238995460153,3921279
2023-12-27,850.9332885742188,883.5093129143422,841.9956083274328,857.6731248418048,3060990
2023-12-28,840.8723754882812,861.3362042977603,834.2790215990829,855.0358764354482,968297
2023-12-29,852.9844970703125,872.2761590424152,840.2861879241184,844.9259547275354,1448171
2024-01-01,853.5217895507812,866.2200997123387,849.8099877349929,853.7171600923951,604835
2024-01-02,844.9259643554688,858.2592129583907,831.3485174969527,858.2592129583907,465924
2024-01-03,847.9052124023438,856.6475223016861,840.0908678431493,844.9260054628944,537995
2024-01-04,843.6561889648438,869.2481793978809,840.1396981312674,852.1543006225894,952233
2024-01-05,843.5584716796875,856.6475226694444,836.8674629954919,847.7587295770318,422997
2024-01-08,844.6329956054688,855.4265473103627,835.0604352612803,844.9260216082943,480205
2024-01-09,842.6793823242188,861.6780192094658,840.4327702165247,848.8819943896137,861695
2024-01-10,884.4861450195312,889.6143087537694,843.0700940612451,846.1958438801435,4321529
2024-01-11,864.5107421875,895.621638947878,859.8221471175896,885.951363175977,1696471
2024-01-12,855.8661499023438,871.0552711052454,854.6939862260609,869.3458831327933,497315
2024-01-15,872.5204467773438,888.7840759300014,850.6402572340119,856.6475587167428,1136044
2024-01-16,863.192138671875,903.2406587541126,851.9101894505017,873.2530964273265,2148923
2024-01-17,876.183349609375,900.1147788907905,849.9075932039266,860.5546610990629,2319823
2024-01-18,861.1895751953125,889.8584259942953,841.0187758299542,876.2321516747014,1055131
2024-01-19,867.782958984375,876.1833552654089,860.5546666542086,865.5362873015424,578086
2024-01-23,875.5973510742188,924.4370056495608,864.5107137143848,906.4639889183474,1538702
2024-01-24,877.5020751953125,890.8353251261026,844.974876234518,875.5973763069602,818922
2024-01-25,888.7840576171875,928.9302298219416,882.3860151742274,882.4349025237673,1313121
2024-01-29,884.193115234375,897.1356236511513,879.1137792527265,894.7424686616639,442791
2024-01-30,881.9464721679688,896.2076269066811,879.1137484643193,886.9280928951132,780334
2024-01-31,909.3455810546875,921.8485212603551,889.9073738185036,908.4176156525883,1162408
2024-02-01,898.747314453125,925.3649266351615,889.565495012939,914.4737192566795,950915
2024-02-02,870.2738647460938,903.2894611341461,866.0247787927209,903.2894611341461,651993
2024-02-05,857.673095703125,876.7693872405806,850.7867168646454,875.1088868084913,580336
2024-02-06,850.2495727539062,861.531521227185,843.2166504527975,859.7733055565877,428511
2024-02-07,855.6218872070312,860.2616542115356,852.2519392484373,854.4985513479277,216028
2024-02-08,871.3970947265625,882.8255858424557,845.414422291044,858.5523013202928,946511
2024-02-09,848.5402221679688,876.329999236698,835.6953683852759,876.329999236698,536664
2024-02-12,755.793701171875,843.9981108517754,737.4788295764338,842.9724899661752,1088054
2024-02-13,779.090087890625,792.1303104618835,732.5947640466187,775.573656870687,806840
2024-02-14,792.4234619140625,799.9936090078486,757.0147093786113,776.5505728464465,497558
2024-02-15,795.5979614257812,810.2498575846354,791.3000480383635,800.872667890456,324876
2024-02-16,772.1061401367188,814.3036152001941,769.7129850488,805.0729082146337,582627
2024-02-19,820.1643676757812,827.7833420937993,782.4112897117402,782.4112897117402,889120
2024-02-20,806.0985107421875,820.1643553163492,798.1376230806446,820.1643553163492,380066
2024-02-21,789.1511840820312,810.103348773527,784.4625294194526,810.0545210413587,285878
2024-02-22,795.8909912109375,808.7846718158027,773.9619745984683,792.2280171538007,403678
2024-02-23,811.79150390625,825.7488181218052,797.3409992265962,801.9276946242786,376052
2024-02-26,801.5330810546875,817.5124633923037,797.8835199524902,810.8050854319457,255474
2024-02-27,789.943115234375,812.7778570223318,785.7509964329856,801.5330907440988,251978
2024-02-28,794.9244384765625,847.9424149919255,787.1813118305738,795.9601264421259,2278219
2024-02-29,802.66748046875,805.3307210161572,788.1183617751536,797.9821710589478,396407
2024-03-01,806.7116088867188,815.7370183588322,802.9140664378349,804.8868282718345,238069
2024-03-04,808.2405395507812,826.7844885678718,799.0671489494478,806.5636799675315,408001
2024-03-05,823.8746948242188,837.8813164627318,810.5585518967995,816.7234328817158,1086883
2024-03-06,795.5656127929688,823.5788583056678,785.2086119117407,823.5788583056678,533247
2024-03-07,797.883544921875,815.7370153726495,795.5162066481763,799.6590185251924,287030
2024-03-11,785.7017211914062,802.3715830629715,784.1728427839939,801.3358951227189,252136
2024-03-12,758.3789672851562,788.562260396283,753.2991415286751,786.0963080279189,344117
2024-03-13,676.4600219726562,769.3771165507179,664.2782417088353,754.6307097760465,895016
2024-03-14,717.0496215820312,723.2638093350581,674.0433773628423,676.8545991061995,574460
2024-03-15,750.3892822265625,756.9980464078881,709.1092649526475,722.57332834051,994227
2024-03-18,751.6222534179688,762.3244622098746,746.690348867982,750.389277280472,300605
2024-03-19,751.1783447265625,764.1492773387428,743.385971921771,744.9148502401108,365847
2024-03-20,741.0186157226562,757.6391090120433,733.8673545393095,753.5949715968178,285204
2024-03-21,751.9674072265625,765.6288179453758,746.7396008297065,749.6494363404942,370356
2024-03-22,770.264892578125,782.5452869976318,746.6903642616153,751.967478157328,707306
2024-03-26,779.8327026367188,785.8496621501375,764.9383753731706,780.7204695136874,350818
2024-03-27,766.3193359375,787.871734257856,757.5405219530935,784.0741919207757,437350
2024-03-28,754.2854614257812,778.1065232538048,751.7702022544125,771.3498383929245,471323
2024-04-01,796.4039306640625,811.7914480027201,768.8345735787167,787.1319264959546,1656396
2024-04-02,813.8135986328125,818.2030059435763,791.0775295560557,798.6726749853447,994021
2024-04-03,870.7278442382812,891.6884408851954,808.931049336517,810.8545043637237,7045898
2024-04-04,875.85693359375,880.8381451059181,852.2330989602613,874.9198596964719,1389343
2024-04-05,885.9180908203125,917.1370123467756,868.1138661781565,874.624016691728,3229226
2024-04-08,902.2426147460938,917.3342303661742,881.8245182229675,890.2087558123358,2491544
2024-04-09,885.0302124023438,907.7169718175055,876.3993800161409,906.4839957623336,731085
2024-04-10,869.3961791992188,889.4690071220144,866.239748170035,885.0302929195758,515399
2024-04-12,869.8892822265625,898.5929404355303,865.6971636789763,868.7549201850641,714124
2024-04-15,848.0902709960938,866.4862985419962,824.6637250294436,846.4134114545408,675890
2024-04-16,872.5032348632812,889.4689988081394,833.6891695596511,838.078576715151,1227987
2024-04-18,852.8742065429688,886.2631734708528,848.9286832331375,878.8653172649192,448847
2024-04-19,858.5953369140625,873.9335491271471,837.0428763578203,838.4238338127258,876663
2024-04-22,856.81982421875,874.9198903144908,849.4219671980525,872.9471284423047,403899
2024-04-23,944.9529418945312,955.803132250314,857.9541308191996,857.9541308191996,7171326
2024-04-24,970.155029296875,1004.6290575999243,956.9868669091653,961.2282932068003,4223795
2024-04-25,1009.8074951171875,1063.170680301399,957.5293048937824,971.5852333972451,7794493
2024-04-26,985.2465209960938,1028.2034566179323,977.5527621487489,1014.9859287029187,1569294
2024-04-29,987.5645751953125,1003.7905531409014,972.7195545997829,995.6035434574129,844804
2024-04-30,975.5800170898438,1005.8126157559633,971.5851864856851,991.3128044853944,697236
2024-05-02,977.1582641601562,1005.1221386363343,958.0717575936351,976.5170924926114,1319033
2024-05-03,988.4030151367188,998.0202293625364,957.8745128098784,980.8572370203493,952374
2024-05-06,941.6485595703125,996.4420070659045,937.0618642584298,996.2447188431727,883018
2024-05-07,900.9603271484375,962.7077466534573,894.4008701619082,945.3474671068449,1352680
2024-05-08,917.2849731445312,935.0891371862501,895.8804945668899,902.3412777250203,1108353
2024-05-09,888.3839721679688,927.000747867731,869.0015636086404,920.2933698602287,782695
2024-05-10,900.1218872070312,911.4159606651472,878.3722001864866,889.7155806493104,671588
2024-05-13,894.5487670898438,915.3613777833114,878.8652883673819,902.3904462471686,702634
2024-05-14,971.9797973632812,978.440580446301,898.5930317227956,900.6151005986227,2828234
2024-05-15,966.1109008789062,974.3471583041006,947.1230662675081,966.653398398448,1153889
2024-05-16,977.4048461914062,982.1887694175747,959.7486042111977,968.7740134197228,1010615
2024-05-17,1069.58203125,1079.8897831905583,981.498234980634,982.4353088119492,5745300
2024-05-21,1196.8253173828125,1218.1804893134774,1078.163759777786,1119.4437789980568,6509026
2024-05-22,1176.3577880859375,1219.166741438061,1160.9702707707104,1196.8251909053872,2816054
2024-05-23,1406.1845703125,1411.6096651982796,1282.2951548206258,1296.1044872571556,14603622
2024-05-24,1439.8201904296875,1487.4624373487502,1353.3146313279078,1380.9332972733755,8164728
2024-05-27,1402.1898193359375,1501.715556016843,1384.9281535517412,1454.9118303822524,3695547
2024-05-28,1383.9910888671875,1411.0673182285873,1339.5546992500506,1400.5623370143119,1751271
2024-05-29,1425.073974609375,1440.116285121777,1350.7994358505753,1371.0696139173083,2864671
2024-05-30,1392.0794677734375,1437.4529909804621,1384.0896858389804,1419.4515388385448,1218185
2024-05-31,1350.75,1401.9431917098445,1338.5188530168812,1395.7289440080226,1287442
2024-06-03,1398.046875,1464.7755636477386,1377.037035119643,1464.7755636477386,1117229
2024-06-04,1258.27685546875,1379.9962861220074,1258.27685546875,1379.9962861220074,1383908
2024-06-05,1164.0775146484375,1242.790643053856,1132.463956700389,1242.790643053856,2970705
2024-06-06,1280.4703369140625,1280.4703369140625,1196.6279638518106,1200.425506079537,1834439
2024-06-07,1335.06640625,1388.824159586258,1302.2198776080243,1308.9273151782418,2693039
2024-06-10,1306.954833984375,1355.0902752784064,1299.0637859301298,1350.2569842636135,844779
2024-06-11,1310.259033203125,1367.5677389203636,1304.1435198386712,1321.7503946711968,1075126
2024-06-12,1346.7059326171875,1352.328255758083,1310.3084521990256,1316.818542258965,1088153
2024-06-13,1514.1441650390625,1551.5772749068997,1335.0666507224976,1360.219365604968,5663976
2024-06-14,1607.8009033203125,1663.9752486811642,1505.2172874029427,1558.2846291848668,11892498
2024-06-18,1822.3880615234375,1862.2871203617017,1618.848268541121,1622.5965640863344,14576795
2024-06-19,1746.288818359375,1877.576095745487,1726.1666233541384,1832.6957635382794,5457899
2024-06-20,1737.2139892578125,1781.2066736314114,1702.5920438223009,1750.8260938122714,2538518
2024-06-21,1621.8568115234375,1745.499634529884,1610.5134310566475,1714.3300218505303,3005182
2024-06-24,1729.2242431640625,1794.5227276451694,1696.5750611274184,1700.6191985287746,7499773
2024-06-25,1919.546630859375,2036.8765927225634,1729.2243607619823,1739.8279556151385,20215533
2024-06-26,2059.070068359375,2132.5554432541167,1943.1703160086079,1943.1703160086079,19131293
2024-06-27,2093.198974609375,2145.0824647261284,2036.9258968971897,2076.33176513169,10068220
2024-06-28,2070.51220703125,2124.319091525586,2023.0671902510308,2104.9368035083858,3398709
2024-07-01,2275.08740234375,2277.5533544382047,2098.722460385235,2098.722460385235,9513296
2024-07-02,2372.78857421875,2440.256930089372,2299.549793873453,2305.1721167267306,7084172
2024-07-03,2425.609619140625,2444.646579832934,2293.3358304027392,2416.6334556932093,5490800
2024-07-04,2632.45361328125,2660.269508814283,2386.055595781146,2426.497216048623,10822653
2024-07-05,2673.7333984375,2795.206355676663,2511.3752402179084,2640.443041715578,8211761
2024-07-08,2565.2314453125,2747.5146876366457,2546.391714214905,2679.8982273537226,3972546
2024-07-09,2511.473876953125,2633.6372596492674,2446.2742375987773,2594.1820198043347,2412591
2024-07-10,2437.54443359375,2586.2907215792084,2393.107925855051,2533.9137994269163,2128812
2024-07-11,2559.412109375,2559.412109375,2480.7482243291743,2480.7482243291743,3098954
2024-07-12,2552.950927734375,2640.5415974335897,2533.02608225979,2623.7731225899697,1644765
2024-07-15,2462.10546875,2563.3080049267196,2454.1156871079947,2558.6720628449107,1089181
2024-07-16,2527.650146484375,2555.564771058688,2413.673797815496,2469.798768549199,1868013
2024-07-18,2497.96044921875,2582.3453897000027,2409.5808584456904,2554.184164731699,2144098
2024-07-19,2421.91064453125,2568.536081424552,2388.5709191207466,2498.5030315854033,1858841
2024-07-22,2533.272705078125,2542.988653110806,2347.7837316974583,2391.9736434593415,2893707
2024-07-23,2407.953125,2599.1138011161943,2406.62165520799,2542.8900870123525,3762141
2024-07-24,2346.550537109375,2436.360556389615,2337.7224771835577,2407.7555134198583,1236916
2024-07-25,2229.220947265625,2327.415219012958,2229.220947265625,2296.2948518736175,1686099
2024-07-26,2182.61474609375,2276.7647725050765,2174.9702926840896,2199.629819812027,1406510
2024-07-29,2291.7080078125,2291.7080078125,2180.4935687395773,2217.384115618001,1683330
2024-07-30,2406.2763671875,2406.2763671875,2310.1042229773007,2334.714379922316,1214676
2024-07-31,2372.78857421875,2476.3091994191086,2351.581385297216,2454.1156296175036,1348238
2024-08-01,2318.290771484375,2440.306024548686,2298.2671936937904,2414.6601245332185,793156
2024-08-02,2294.913818359375,2356.266660039993,2253.880278021867,2263.744086678418,753818
2024-08-05,2180.19775390625,2235.139121935443,2180.19775390625,2185.9188112958695,1044477
2024-08-06,2071.202880859375,2233.1172263785606,2071.202880859375,2175.9564953461786,1283335
2024-08-07,2149.274658203125,2194.648180538584,1937.2027603308723,2102.964122156478,2791493
2024-08-08,2058.034423828125,2178.866086613684,2042.794886766465,2148.337645281198,1771919
2024-08-09,2027.0621337890625,2130.582761953244,2004.1287776708157,2105.8245048283597,1740077
2024-08-12,1981.787353515625,2025.286730289167,1958.9526099375555,1997.3721006249095,1043546
2024-08-13,1924.7252197265625,2006.8906816340866,1914.0228899603012,2002.3533532894799,799969
2024-08-14,1939.915283203125,1979.4692539320838,1865.5422590814192,1934.2435929832866,1400895
2024-08-16,1939.8660888671875,1977.1019691436259,1909.8800843775762,1971.775488015894,801430
2024-08-19,1895.47900390625,1985.1903044356754,1889.9059273770424,1933.3066898011498,791411
2024-08-20,1751.86181640625,1891.8291674568668,1727.6954847590798,1878.956969171129,2942955
2024-08-21,1776.8172607421875,1839.5018168857498,1708.4117674603715,1716.3028148851308,2650000
2024-08-22,1727.301025390625,1803.7947958501593,1723.2075203648606,1803.7947958501593,1214323
2024-08-23,1740.7156982421875,1820.711165378892,1719.508508831672,1726.1665799256712,1833693
2024-08-26,1764.882080078125,1791.1197887505502,1735.04405692744,1790.2813890411048,749700
2024-08-27,1753.5386962890625,1787.3222431026754,1748.2615824012025,1765.7204766789748,604641
2024-08-28,1749.3465576171875,1787.3222229502926,1745.8942244050872,1764.438233821786,646857
2024-08-29,1733.1207275390625,1764.5861840838538,1717.3878788588338,1754.1799371188465,521154
2024-08-30,1786.3358154296875,1852.3739687259817,1709.7433142260268,1745.9435656127812,2480956
2024-09-02,1806.359375,1837.2330246632368,1765.6217960126678,1793.240460978229,1183854
2024-09-03,1887.0946044921875,1947.9050098205519,1831.7586612104842,1853.606901374358,5277573
2024-09-04,1934.73681640625,1967.780577380567,1893.8513752444424,1893.8513752444424,2998200
2024-09-05,1875.4061279296875,1957.7689363557683,1861.3008323355023,1949.7791544217052,1446809
2024-09-06,1806.556640625,1874.0251190984573,1799.1587837837837,1873.9757518897186,978980
2024-09-09,1763.4024658203125,1827.5172247509909,1746.88058563433,1809.0225827517568,843188
2024-09-10,1765.5233154296875,1795.2133584298451,1752.7003628694742,1772.2306337549453,546974
2024-09-11,1733.21923828125,1771.4907453046578,1731.0984952453955,1769.5179834867142,364803
2024-09-12,1726.8570556640625,1757.9280551331644,1719.3113378335438,1743.822879999825,465123
2024-09-13,1756.5123291015625,1776.8977655463204,1721.6643724428045,1736.4722655544113,607275
2024-09-16,1729.117919921875,1766.5324376227609,1724.62614364035,1766.5324376227609,363350
2024-09-17,1704.5860595703125,1757.2034932739377,1695.602627610584,1742.3955986676965,503350
2024-09-18,1695.1090087890625,1749.3059264352005,1682.1768051047302,1709.3246115251409,608544
2024-09-19,1679.165771484375,1789.7313800001818,1648.858996638626,1786.868616899529,2151421
2024-09-20,1831.835205078125,1847.0380005361465,1650.5866044342258,1687.6063398805677,5810787
2024-09-23,1777.98388671875,1850.1969536276138,1771.0241283127343,1831.8845969573129,1447221
2024-09-24,1733.4613037109375,1776.947198635888,1727.7356572639442,1776.947198635888,680934
2024-09-25,1696.8365478515625,1772.060721608922,1689.0871074331685,1732.523596461257,791630
2024-09-26,1683.509521484375,1711.1016375327192,1668.4055412201826,1701.920694631519,600097
2024-09-27,1676.450927734375,1713.1251679210693,1670.0341739105666,1687.112659213635,516282
2024-09-30,1700.291748046875,1710.3117805596248,1649.698109516612,1671.3176591558122,736079
2024-10-01,1686.22412109375,1710.9039429015356,1679.31377098757,1701.9205118648902,318718
2024-10-03,1637.1607666015625,1672.6010166169392,1633.804286564029,1648.612180399957,499934
2024-10-04,1638.394775390625,1675.2664073375902,1576.991302652514,1637.160784224348,1207497
2024-10-07,1518.4508056640625,1652.5609390084937,1481.776564785991,1638.7402382043606,1218102
2024-10-08,1642.7877197265625,1663.222685545087,1491.8458976374955,1512.37955864697,2039399
2024-10-09,1615.3931884765625,1684.4966962105173,1605.2744605583764,1651.0308305065398,885531
2024-10-10,1720.47998046875,1765.8908577261716,1630.6947062827828,1633.8043882833235,4985663
2024-10-11,1725.76123046875,1752.2673347836667,1701.920498685657,1731.2400785634861,1370623
2024-10-14,1676.302978515625,1732.4741590069787,1666.431049359753,1725.2183151788022,650845
2024-10-15,1751.132080078125,1815.2503304505947,1660.507845274205,1677.191308673951,3354735
2024-10-16,1755.969482421875,1785.8320695438774,1719.7888362371327,1750.095732496527,1081766
2024-10-17,1722.35546875,1767.0753569928793,1712.779745465165,1764.7554776926306,595787
2024-10-18,1742.050048828125,1805.5758905308123,1662.8278152496134,1722.3554773352778,3006209
2024-10-21,1780.9947509765625,1846.0507895326043,1770.0369334930265,1776.947284042079,2590482
2024-10-22,1553.5455322265625,1776.9473500494503,1443.6710267193444,1776.9473500494503,3426226
2024-10-23,1589.1337890625,1631.780474630493,1515.4398141280524,1571.561707037505,1470667
2024-10-24,1566.181640625,1636.1242381676566,1557.7905004136464,1579.459337815478,843328
2024-10-25,1486.0216064453125,1567.2675145060914,1469.979720893302,1564.7008369191603,951494
2024-10-28,1502.1126708984375,1544.3645746125142,1450.5812504636028,1490.6612575248014,641421
2024-10-29,1529.50732421875,1553.545447683498,1497.8678634841215,1506.6044967116977,498413
2024-10-30,1585.3824462890625,1604.1885199098629,1544.9569437901139,1544.9569437901139,671898
2024-10-31,1593.822998046875,1604.188523893572,1555.3718813230985,1588.9364412076409,380591
2024-11-01,1589.8741455078125,1607.989110894203,1584.4445846259168,1597.278092164943,170192
2024-11-04,1523.090576171875,1600.6346284265485,1520.2771004445199,1587.4062191654468,439869
2024-11-05,1528.8162841796875,1559.66606181017,1491.2042593939918,1520.277041630181,691343
2024-11-06,1568.797607421875,1584.444590648699,1537.009924015597,1537.5529283086285,517034
2024-11-07,1555.5198974609375,1593.3294359974882,1549.9423536475497,1574.5727697744694,343180
2024-11-08,1506.6044921875,1559.6661113989985,1501.3230341906287,1554.8288420113513,260980
2024-11-11,1476.9886474609375,1509.417909378572,1468.449404970978,1498.608195575008,275218
2024-11-12,1443.819091796875,1503.494857197228,1439.4754187318158,1480.7400115824998,273441
2024-11-13,1366.472412109375,1438.6363120468081,1352.454320638385,1435.3785271592787,703813
2024-11-14,1388.38818359375,1451.1736308687207,1357.390300982647,1419.9783578711642,828483
2024-11-18,1369.6314697265625,1414.598034548116,1353.5401770638655,1410.5505677117346,500890
2024-11-19,1391.2015380859375,1437.3528042952812,1383.4520982355962,1403.788247052122,411727
2024-11-21,1363.955078125,1406.6511705409673,1359.9568987248888,1403.78828706371,394303
2024-11-22,1357.6864013671875,1380.0956312977867,1353.4414238263703,1374.0737788963736,336103
2024-11-25,1424.5687255859375,1431.4296678601454,1396.8779172566246,1416.4736717118042,463461
2024-11-26,1520.0797119140625,1558.7776263151811,1419.9289175138356,1431.133533094952,2342205
2024-11-27,1645.3050537109375,1678.2279124808645,1515.933377313679,1529.161786136976,1960221
2024-11-28,1699.3045654296875,1713.7669662915453,1658.484160927302,1678.2280199859601,1448899
2024-11-29,1657.7437744140625,1697.92247959443,1619.440639447985,1697.92247959443,1003122
2024-12-02,1641.109619140625,1698.613609703086,1625.1664285571096,1647.625068648028,744250
2024-12-03,1682.6209716796875,1717.7157291768574,1623.29069961813,1648.612222830662,995063
2024-12-04,1753.69873046875,1792.1005573173718,1717.7650063087697,1747.2819767963333,1605248
2024-12-05,1737.7064208984375,1762.4849402792515,1723.095916777862,1761.1522538746271,529803
2024-12-06,1757.4501953125,1805.3784597671663,1747.3314678854795,1752.2674324840261,1050474
2024-12-09,1732.3756103515625,1769.8396569712,1727.5877484073678,1764.1138893736952,447763
2024-12-10,1728.8216552734375,1751.28029490654,1688.0999460485814,1735.1890016039977,464724
2024-12-11,1711.496337890625,1742.3955248629288,1707.8437722452504,1734.0537927908692,349094
2024-12-12,1747.479736328125,1782.8705817481457,1689.0872454989353,1716.3337485604718,790300
2024-12-13,1698.26806640625,1742.3955427129708,1680.054284321312,1737.459578002736,508368
2024-12-16,1723.3426513671875,1745.1597115468758,1692.690383165172,1697.971841244397,453397
2024-12-17,1732.720947265625,1768.2598920222695,1699.9461908594983,1716.6297751383124,1086085
2024-12-18,1674.526123046875,1729.5621326915991,1666.1349825629259,1727.09415019632,547477
2024-12-19,1633.5574951171875,1648.3159811655044,1604.2872007452283,1604.2872007452283,365402
2024-12-20,1552.0648193359375,1646.1443624353253,1540.2185030845287,1640.4680025648586,442865
2024-12-23,1537.7503662109375,1583.013258084731,1505.6173089078868,1578.4227868965954,406117
2024-12-24,1543.179931640625,1577.534293621904,1524.2752835387626,1551.669887198342,238997
2024-12-26,1537.1580810546875,1567.6623665710943,1528.2733447202165,1549.6955035197216,303857
2024-12-27,1674.081787109375,1731.486958493308,1516.3283116880125,1538.3427618117828,3900341
2024-12-30,1617.2193603515625,1658.484071768583,1604.7314665738618,1658.484071768583,666907
2024-12-31,1595.69873046875,1635.1864490128569,1556.803303601414,1607.0020416992193,372359
2025-01-01,1628.967041015625,1653.5481692448946,1585.4318566013735,1591.3550142225492,428606
2025-01-02,1628.473388671875,1660.2116646044115,1616.034782195583,1628.8682899344606,374070
2025-01-03,1621.8592529296875,1658.2866953424557,1611.14823397746,1625.9067197517845,339107
2025-01-06,1515.193115234375,1628.1280157992717,1503.001306081183,1621.9086518471881,396538
2025-01-07,1554.384765625,1599.4007417233186,1499.6942500529087,1515.1931317434473,548553
2025-01-08,1522.9425048828125,1560.7026349505663,1515.8347638963685,1554.8288851428072,271099
2025-01-09,1515.884033203125,1566.5269542437024,1500.5331361404908,1523.2385717531429,370342
2025-01-10,1453.246826171875,1512.4291202503075,1446.2377798045895,1512.4291202503075,412641
2025-01-13,1353.8365478515625,1443.0788220236966,1332.7105928705919,1426.888832201506,604668
2025-01-14,1420.8173828125,1446.138904825399,1348.35739977525,1378.8616845185752,740461
2025-01-15,1390.3131103515625,1452.7037745522243,1382.3168718839393,1434.786199138788,474711
2025-01-16,1429.2578125,1444.1643999754108,1410.7972344682807,1426.3455213778548,248484
2025-01-17,1488.1439208984375,1514.1565507782852,1415.1904604254398,1429.4553499343674,1080745
2025-01-20,1571.1669921875,1578.5215314828727,1475.8534643945557,1498.4107992640118,967459
2025-01-21,1529.0137939453125,1610.1117198141671,1520.277160339557,1579.508738015124,723457
2025-01-22,1522.8931884765625,1532.6170146776362,1448.9524143594851,1528.8163460212104,479181
2025-01-23,1514.6500244140625,1566.3788328859616,1498.4600377174424,1524.1763389258283,419354
2025-01-24,1517.1180419921875,1538.4906710977878,1487.6996464345668,1514.3538537694926,310788
2025-01-27,1435.1810302734375,1485.6265613954713,1413.709585535484,1485.6265613954713,427804
2025-01-28,1487.7984619140625,1543.4761680612835,1373.3827755943782,1446.2376630698948,1617043
2025-01-29,1517.61181640625,1545.746816337167,1490.3159064069691,1494.6101717687181,487256
2025-01-30,1500.3851318359375,1574.523295852384,1483.7509552744036,1525.2130578170018,922102
2025-01-31,1603.398681640625,1627.8811140941837,1502.754412328606,1506.8512870203476,2120516
2025-02-01,1576.2017822265625,1687.85329029813,1541.1070216564149,1618.6016748445436,2410489
2025-02-03,1488.6375732421875,1562.2328564850711,1455.1224205112132,1547.9185585899472,983607
2025-02-04,1502.2608642578125,1567.9586029592672,1470.917488249805,1528.5695803470264,1684885
2025-02-05,1507.443603515625,1551.9166931973693,1500.5826608576099,1510.4051823044572,595465
2025-02-06,1504.2845458984375,1521.264215086634,1488.2426617354538,1520.3757174008342,360314
2025-02-07,1482.388427734375,1509.3986712588044,1473.8483119613227,1509.3986712588044,452495
2025-02-10,1491.8717041015625,1578.910405743736,1457.7613054288079,1482.884896850538,2881334
2025-02-11,1441.177978515625,1490.5312981272684,1425.934939884079,1485.5661705518944,607263
2025-02-12,1402.251220703125,1430.8504022935012,1352.5503694138083,1429.956655140253,943374
2025-02-13,1400.5631103515625,1458.4564210008673,1392.4202289800453,1407.2163323382704,801247
2025-02-14,1341.428466796875,1422.0622097895528,1330.6541644109163,1413.5717933126414,583800
2025-02-17,1285.6204833984375,1352.848261029715,1280.0098650989419,1328.7178141940426,828140
2025-02-18,1213.775146484375,1305.8285640724803,1201.5608840514838,1292.0751848087361,815372
2025-02-19,1342.3719482421875,1395.7470700144988,1192.7229294440854,1213.7751432279676,4593601
2025-02-20,1338.151611328125,1364.8143227618773,1309.3041709808654,1330.654220033644,934356
2025-02-21,1309.9990234375,1387.2564459364148,1302.849289240212,1334.6261011729002,1016652
2025-02-24,1328.51904296875,1364.863749344974,1263.575155813802,1281.002800541294,2333905
2025-02-25,1321.91552734375,1378.0214693768553,1313.67348823662,1328.6681493857511,1219387
2025-02-27,1300.76416015625,1337.0591703835878,1281.8469754070277,1327.6751276547543,596439
2025-02-28,1247.239990234375,1298.8773146708302,1237.3097355350567,1276.0377288623981,915025
2025-03-03,1205.8804931640625,1281.1021748815613,1176.6359406406743,1253.8932519043162,1109785
2025-03-04,1254.985595703125,1321.7665563379137,1182.6435956462842,1182.6932954057017,3853810
2025-03-05,1285.3721923828125,1292.8694619486193,1248.4315721740354,1261.489881345995,1099481
2025-03-06,1288.152587890625,1334.377971888068,1276.0377256752874,1309.1055222289967,845010
2025-03-07,1375.4891357421875,1389.2425130753109,1280.5559332168507,1293.9120761523445,4153076
2025-03-10,1351.0111083984375,1413.0751982734116,1330.7533652194609,1386.2635114474228,1016946
2025-03-11,1304.3389892578125,1333.08702888521,1286.6135083944412,1333.08702888521,954381
2025-03-12,1290.3868408203125,1329.0652538791455,1279.7615172538635,1312.5313562989672,782310
2025-03-13,1294.259765625,1363.0764814988527,1273.753764735807,1298.43054547068,2045313
2025-03-17,1327.228271484375,1345.5495433471751,1294.0114960039655,1301.459187203304,1345787
2025-03-18,1358.26025390625,1370.1765592615827,1330.0086072282927,1331.1506107352975,1079993
2025-03-19,1629.90234375,1629.90234375,1362.4309555472475,1362.4309555472475,7963944
2025-03-20,1712.0255126953125,1770.4650340381559,1636.5058815082864,1698.0734571475546,11603199
2025-03-21,1689.732177734375,1720.168433754508,1671.8081400721612,1703.4855567565717,2377276
2025-03-24,1692.6614990234375,1741.7665567099316,1669.3254020549748,1689.7320013534904,2206937
2025-03-25,1707.80517578125,1777.5155121849562,1680.1990204563945,1742.3128093278574,2495203
2025-03-26,1689.384521484375,1737.6952331463613,1673.2478581638043,1705.02467208739,1679494
2025-03-27,1684.0718994140625,1717.1892742132209,1666.29671946207,1683.1781522575739,986191
2025-03-28,1673.9429931640625,1732.8294522644019,1662.423921908555,1696.087509723552,807872
2025-04-01,1679.4542236328125,1693.1083230119411,1648.4221795893386,1668.282687777162,605974
2025-04-02,1706.812255859375,1713.961990879527,1633.9241608562857,1687.845372079016,1023221
2025-04-03,1717.8348388671875,1751.9452405915572,1670.2688931132204,1670.2688931132204,2433114
2025-04-04,1624.7882080078125,1719.8703957351277,1602.296278329966,1706.067438826096,1398649
2025-04-07,1512.874267578125,1529.259187443592,1395.2007521806797,1410.195412177413,1453310
2025-04-08,1554.8792724609375,1587.8476683697884,1518.335888015889,1564.9088050967866,980915
2025-04-09,1555.4254150390625,1573.3495731950068,1502.5468089536973,1554.8793237639043,794242
2025-04-11,1603.83544921875,1641.4711396406246,1575.9811568763528,1606.6655476295164,1169719
2025-04-15,1686.7529296875,1731.8363073449664,1619.9223926228,1626.873570461914,2473482
2025-04-16,1709.4932861328125,1741.3693783484312,1676.3262123642899,1703.038620806142,2071724
2025-04-17,1702.641357421875,1751.6968373137895,1691.122286817111,1709.6918136457366,1024910
2025-04-21,1728.0628662109375,1776.522557404685,1705.0247239037697,1711.479389428158,2091025
2025-04-22,1722.0054931640625,1745.6395485222351,1717.9341128629137,1735.8085718406783,794520
2025-04-23,1722.70068359375,1757.6551326596339,1682.1851947601242,1730.8434441953343,1300707
2025-04-24,1717.239013671875,1801.3482234686435,1709.9898791692415,1721.806906643059,2139815
2025-04-25,1605.523681640625,1726.871349612294,1586.656197084769,1720.0194493982226,2245648
2025-04-28,1737.3973388671875,1764.9042171301946,1611.084547512672,1619.6245423148134,7642809
2025-04-29,1944.145263671875,2005.8121195297065,1742.6603767450295,1742.7596550456913,17639880
2025-04-30,1903.6297607421875,2030.2405038275442,1842.1614620122566,1966.1903632078931,8792427
2025-05-02,1867.880859375,1933.4205386513158,1859.9366558263555,1903.6297753438994,3126898
2025-05-05,1916.4398193359375,1924.4833011495887,1836.6998280814364,1881.3859728449715,2828373
2025-05-06,1820.116455078125,1945.8334585737828,1808.299427437029,1920.5113084366908,2019380
2025-05-07,1780.2960205078125,1928.4553646047034,1757.7542707545601,1787.445755040405,4662211
2025-05-08,1764.3082275390625,1845.0412432360458,1741.7665988353199,1805.3202261588435,1990407
2025-05-09,1782.480712890625,1823.1947570290738,1729.0558942896741,1735.6099593456408,3822483
2025-05-12,1808.5972900390625,1846.8287696413972,1780.4946214801653,1837.0970718005053,1801294
2025-05-13,1901.4451904296875,1910.5809761315188,1806.1147467141855,1822.2017106036055,4553005
2025-05-14,2172.73974609375,2249.1033083848806,2080.487776152939,2159.830414878385,17289335
2025-05-15,2243.0458984375,2324.5731410927683,2131.82704984781,2202.5304122494,10837289
2025-05-16,2464.39111328125,2542.1450514277212,2237.087693743964,2257.1467585528167,14393037
2025-05-19,2465.582763671875,2601.7266482319787,2355.654896144453,2506.3962061593566,9626311
2025-05-20,2377.699951171875,2496.863000694779,2339.5678722996836,2477.598404663714,3436543
2025-05-21,2483.06005859375,2492.195843955036,2332.5173081961707,2371.344699028944,3981357
2025-05-22,2736.976806640625,2777.8894083349264,2427.351410417412,2456.745061892156,15650434
2025-05-23,2761.703369140625,2876.0998604946467,2727.543145808537,2789.408684158363,7939225
2025-05-26,2708.278564453125,2767.860095989052,2684.1479956935004,2741.7434761782292,2963815
2025-05-27,2795.36669921875,2840.0528453874335,2712.9455851742896,2716.818287533765,4916001
2025-05-28,2871.631103515625,2923.4669845779754,2803.211503148894,2807.283004552288,4612369
2025-05-29,3068.448486328125,3125.0509341341776,2897.6481175098606,2898.541743394819,5916123
2025-05-30,2982.254150390625,3083.3441953638803,2904.897560467593,3068.4488127775817,4744712
2025-06-02,2945.3134765625,3007.2781674961584,2852.962109967654,2979.076341769218,2069290
2025-06-03,3128.526611328125,3166.4601341951766,2943.0294128656005,2949.2855215503987,3890828
2025-06-04,3333.08984375,3441.329615228847,3163.87840806463,3163.87840806463,5974176
2025-06-05,3381.748046875,3507.5643183225543,3286.9141198520774,3369.3352292018426,5836616
2025-06-06,3229.51708984375,3455.728319719877,3175.1986500874445,3401.1119238622355,3760706
2025-06-09,3248.285400390625,3394.1607309694436,3193.569605265574,3317.2012644246424,2891598
2025-06-10,3212.83447265625,3289.1982759061475,3148.9831296011266,3260.4996946820606,1815766
2025-06-11,3076.98876953125,3239.844944029153,3011.8462027569467,3223.360624513369,2449663
2025-06-12,2957.52783203125,3138.9535385225013,2945.0156140230833,3082.351086230258,2225357
2025-06-13,3047.89306640625,3135.9743754560286,2867.8575035836006,2879.773809000153,4781988
2025-06-16,3047.197998046875,3128.0301728397185,2953.4562499441404,3058.915504426594,2541470
2025-06-17,3151.664306640625,3182.050740766882,3023.961133353652,3053.4539415259655,2933678
2025-06-18,3206.28076171875,3263.0817714561595,3090.3947351214374,3165.665873574182,3156544
2025-06-19,3117.007568359375,3257.0241604177927,3090.593236171354,3190.3922964683115,2408455
2025-06-20,3264.670654296875,3276.984073233274,3091.2883090833884,3117.0075719557417,3186035
2025-06-23,3468.340087890625,3513.7213043935994,3232.2979768978253,3249.179410264112,4933488
2025-06-24,3160.6015625,3499.4218095324227,3129.0233035858864,3490.4845801664205,5120055
2025-06-25,2982.15478515625,3186.618625544664,2964.180927781497,3173.709294870909,4434340
2025-06-26,2962.095703125,3065.072642682049,2821.880549301353,3005.888225184601,3889392
2025-06-27,3011.448974609375,3043.6229011240966,2961.301191083513,2984.0413761428745,2498494
2025-06-30,2994.170166015625,3037.6647274360803,2974.4090573431727,3023.067302405078,1345451
2025-07-01,2962.3935546875,3040.8425673754964,2948.292641400774,3008.17212615526,1201055
2025-07-02,2952.661865234375,2987.9142697741067,2914.52978377781,2976.097363537341,1120902
2025-07-03,2921.580322265625,2968.550232885625,2912.74225015015,2952.5626683360433,653274
2025-07-04,2953.158203125,3016.8112295989176,2934.3901196395004,2934.3901196395004,1417707
2025-07-07,2871.730224609375,2948.39198390643,2860.9063440938467,2948.39198390643,860265
2025-07-08,2814.134765625,2893.6762022713633,2796.2603072719166,2869.843591133919,1028707
2025-07-09,2960.507080078125,2977.785627435875,2817.2134466918424,2819.795410061564,2437396
2025-07-10,2876.59619140625,2965.8690829868897,2859.9133152464083,2965.8690829868897,1129182
2025-07-11,2782.060302734375,2885.2355539097093,2770.5411101043155,2874.7093867671424,908759
2025-07-14,2650.385009765625,2779.081209125792,2626.750954821544,2773.5201694549983,1518404
2025-07-15,2654.754150390625,2725.854869835801,2595.073466098463,2656.243688570863,1491543
2025-07-16,2606.095947265625,2667.266413210907,2601.726732171473,2667.266413210907,784648
2025-07-17,2627.9423828125,2645.419727234836,2569.353882847464,2611.5574633307524,1233673
2025-07-18,2599.939208984375,2693.085045551875,2570.0492881229325,2639.461670751063,1101399
2025-07-21,2568.16259765625,2623.7720277792314,2537.2796488899626,2586.83152625654,782808
2025-07-22,2611.955078125,2631.319075797482,2563.395984652822,2590.803586025945,711531
2025-07-23,2628.240478515625,2642.043678093029,2591.7964920385175,2625.6587577410614,566848
2025-07-24,2599.64111328125,2647.4057322829476,2588.6186767378267,2639.3621295195535,337909
2025-07-25,2556.444580078125,2621.587145517643,2544.6276743897574,2599.641186453132,574434
2025-07-28,2477.598388671875,2569.056125565521,2467.668134609062,2537.2793125645194,790071
2025-07-29,2475.413818359375,2490.5077562734627,2406.199994991976,2437.8774089518943,754649
2025-07-30,2538.470947265625,2556.9410747432094,2483.457193152795,2488.5217198051114,593948
2025-07-31,2593.68310546875,2623.9703820392688,2485.8406858311896,2501.7290932124456,1204116
2025-08-01,2562.70068359375,2603.613282900093,2534.3003017043748,2601.7266315546394,524864
2025-08-04,2606.294677734375,2639.4616305943932,2548.2026892506383,2562.3036020702316,491693
2025-08-05,2634.099609375,2649.3921055126298,2616.6222631281034,2620.5943652353185,446123
2025-08-06,2577.595947265625,2673.1249409599186,2563.097922085343,2656.243509389319,525028
2025-08-07,2529.335205078125,2571.9358996453725,2483.556635140184,2568.956823313737,424286
2025-08-08,2500.239501953125,2584.745821455828,2457.737964622785,2528.242770880651,1115222
2025-08-11,2526.256591796875,2666.0746151763456,2448.90001090213,2482.5634746431556,1672950
2025-08-12,2492.19580078125,2550.387186263839,2468.661147261538,2542.0456274314647,491328
2025-08-13,2620.693359375,2631.4178394552414,2487.5285598543683,2508.8786053780686,1042521
2025-08-14,2569.8505859375,2628.538489767678,2522.483318232433,2624.566387780874,767020
2025-08-18,2653.860595703125,2660.3152613241054,2593.6831546308395,2611.5576132735546,692470
2025-08-19,2584.249267578125,2699.0431036181108,2571.935849290253,2645.4197306985457,1043134
2025-08-20,2545.918701171875,2617.515690765929,2535.1939778075625,2599.740632158323,551570
2025-08-21,2561.707763671875,2625.0628373235254,2527.3492277760156,2552.0754650733725,699951
2025-08-22,2534.99560546875,2616.8208116490578,2530.2290344672656,2561.012825702935,475780
2025-08-25,2501.0341796875,2596.5631865310334,2493.487088736089,2562.1052493638317,575504
2025-08-26,2407.292236328125,2496.763925936669,2394.382905537512,2480.57756268856,538682
2025-08-28,2321.3955078125,2416.9245060443836,2312.756235027105,2416.9245060443836,575561
2025-08-29,2335.2978515625,2413.051791096513,2306.7980702539917,2327.651604251122,775274
2025-09-01,2467.668212890625,2481.5705690195864,2341.6533818111093,2343.5400331677565,1258179
2025-09-02,2526.05810546875,2570.942805851198,2437.877399909112,2477.4990170913557,1110683
2025-09-03,2483.95361328125,2548.5002636237245,2469.753544156177,2527.249617255338,734035
2025-09-04,2388.4248046875,2513.645413048547,2380.5800004735183,2495.4729985152817,843683
2025-09-05,2389.517333984375,2415.0380411121723,2371.3449186578405,2394.581618624315,480856
2025-09-08,2353.967041015625,2410.072983988577,2347.9094882504746,2393.390106440018,440991
2025-09-09,2336.5888671875,2397.361975806549,2333.609790858744,2358.236870330696,380093
2025-09-10,2396.071044921875,2420.7975244362433,2343.738651460765,2343.738651460765,708758
2025-09-11,2339.7666015625,2437.8775680642257,2334.602917523012,2403.1216760551633,959367
2025-09-12,2569.235107421875,2573.713033918136,2345.43838926375,2358.3746213640593,4291340
2025-09-15,2479.37841796875,2601.575870826199,2469.725803598363,2561.3741361845277,2942377
2025-09-16,2428.330078125,2497.688142497366,2414.697326892018,2485.7470039674977,1588077
2025-09-17,2590.8291015625,2612.12403461028,2437.982432302928,2440.370562814481,6160562
2025-09-18,2613.51708984375,2713.6237317264026,2557.3938359137715,2606.153484925357,5290008
2025-09-19,2592.520751953125,2649.9376782173586,2583.2663209358852,2621.7764443889546,1784478
2025-09-22,2655.31103515625,2746.461821780997,2641.976861169763,2681.7806556883284,3371327
2025-09-23,2667.650390625,2681.7806892674025,2607.14857361061,2667.849361011468,1515851
2025-09-24,2701.483642578125,2731.5354595186377,2647.9474891727123,2679.6909188292275,2583699
2025-09-25,2703.572998046875,2815.919348108348,2676.108526996424,2721.285734292373,3692647
2025-09-26,2598.6904296875,2711.3351280414895,2592.222312592739,2710.6386101737507,1374928
2025-09-29,2481.36865234375,2636.9017853764058,2469.3279073009753,2617.099494741715,1906360
2025-09-30,2516.694580078125,2546.4478200717163,2483.756842086363,2496.6930756388965,1095838
2025-10-01,2631.229736328125,2732.530439974801,2503.559019331364,2517.589953800527,3349596
2025-10-03,2711.036376953125,2720.390414532522,2619.288678179086,2641.9768898899215,1566682
2025-10-06,2730.938232421875,2779.498910104077,2672.6258194810816,2714.5191672570354,1737848
2025-10-07,2697.10498046875,2766.363679108555,2680.0890043235336,2745.2677169068465,978883
2025-10-08,2670.436767578125,2724.5698328952276,2649.937715485753,2711.335022152663,1078745
2025-10-09,2708.648193359375,2722.5795213193423,2661.978341870716,2685.761011710857,844152
2025-10-10,2646.952392578125,2759.7960552950103,2640.0863350528075,2725.5648884479265,1324205
2025-10-13,2592.819091796875,2644.066473675487,2587.246463774596,2644.066473675487,659926
2025-10-14,2549.8310546875,2616.999959913409,2538.487070093249,2605.15842787304,692581
2025-10-15,2606.451904296875,2624.0650339795684,2533.0138581702663,2555.0055508161895,906814
2025-10-16,2600.182861328125,2628.045517323987,2577.39528628017,2607.1485253270907,613347
2025-10-17,2583.6640625,2657.500291613371,2577.295552905569,2595.2072594508586,1065579
2025-10-20,2624.065185546875,2629.040659922201,2585.256485419333,2600.182908545311,592875
2025-10-21,2629.339111328125,2641.877160388954,2623.3685423630427,2631.0307239462836,153503
2025-10-23,2597.396484375,2647.3501964004276,2590.729397582856,2641.9767814797324,483335
2025-10-24,2598.7900390625,2667.849530630411,2591.227220351209,2622.0751634506278,1611348
2025-10-27,2561.274658203125,2605.6559877864233,2546.049900633544,2601.1780607499372,697354
2025-10-28,2559.284423828125,2601.178015439173,2540.477227779728,2576.3006434475974,601347
2025-10-29,2553.512939453125,2568.339755237164,2519.6797152462036,2559.284295110435,357133
2025-10-30,2540.079345703125,2579.4849580825435,2532.5165272656845,2561.175309050865,428032
2025-10-31,2543.56201171875,2564.359396648604,2532.6159685044954,2538.685901248373,434933
2025-11-03,2561.17529296875,2567.344832737874,2533.511606259933,2543.5621618909104,374801
2025-11-04,2543.661376953125,2576.997054034593,2537.4918375445727,2567.344682692156,359062
2025-11-06,2571.52392578125,2635.807146843738,2558.388723049655,2611.8252650591617,1372854
2025-11-07,2561.473876953125,2594.9089197970643,2512.6146202300297,2557.3938906895746,545511
2025-11-10,2669.342041015625,2734.5207562762116,2567.344814844478,2572.2206826256684,3632699
2025-11-11,2778.189697265625,2791.0541415430225,2677.3696458359677,2684.549670556056,3367115
2025-11-12,2808.804931640625,2856.6720878020333,2738.3004047725935,2797.236938182306,2497852
2025-11-13,2742.189697265625,2856.6720252720684,2732.4167710702686,2804.815940565625,1500945
2025-11-14,2889.082275390625,2896.361877622364,2734.012626887045,2735.408654953827,3473994
2025-11-17,2880.107177734375,2971.353948224274,2865.1486907688177,2926.877282927368,2463454
2025-11-18,2849.69140625,2908.0295017037183,2826.056803576284,2872.0293146445924,1277240
2025-11-19,2821.5693359375,2855.0764429225705,2794.2452647813634,2846.699787908777,698504
2025-11-20,2913.015869140625,2955.4978263366993,2821.1706611529494,2827.154055980421,3107722
2025-11-21,2809.10400390625,2906.9326050860363,2802.2231973556645,2906.9326050860363,1204830
2025-11-24,2704.39453125,2802.223130081162,2697.5137248646056,2802.023732288025,1036557
2025-11-25,2702.599609375,2802.2230281868406,2692.527464805861,2704.4942535383316,1561183
2025-11-26,2750.167724609375,2770.9102084532333,2717.4584512554015,2717.4584512554015,809480
2025-11-27,2777.591552734375,2859.863228705873,2748.272773036471,2763.331080206325,1752370
2025-11-28,2785.469482421875,2858.0680496116274,2767.519299277071,2791.253479017078,1590264
2025-12-01,2727.4306640625,2837.1262300759827,2718.5553929255693,2807.209257526851,1149897
2025-12-02,2601.180908203125,2753.6578890292817,2587.9179119866053,2731.918173904058,1711353
2025-12-03,2553.014892578125,2625.7130407956383,2532.3719860915894,2612.6491983149276,1570551
2025-12-04,2544.039794921875,2581.8348073068205,2532.970417365517,2563.88462324675,996024
2025-12-05,2464.0615234375,2567.574298765108,2456.1834845959897,2547.9288685110655,1223554
2025-12-08,2357.05859375,2470.144650318872,2349.579350763568,2466.1557207261085,1131826
2025-12-09,2439.23046875,2449.402190613532,2283.662213179681,2345.4906224448077,1954181
2025-12-10,2387.873046875,2449.1030205176803,2376.404873962466,2441.224981728962,761770
2025-12-11,2387.773193359375,2417.191549555912,2344.493404001973,2384.482521166972,904753
2025-12-12,2343.496337890625,2438.2334238904587,2333.7234108523867,2396.3496595536903,1025850
2025-12-15,2343.396484375,2382.986808214549,2324.0502718387897,2343.496305008005,872274
2025-12-16,2283.76220703125,2341.1030748119592,2274.687294048666,2336.515708003518,817680
2025-12-17,2228.814453125,2301.612419602908,2215.850431697427,2288.648398175336,1019581
2025-12-18,2216.0498046875,2241.778449464197,2162.5982937863587,2219.4405409480396,1775059
2025-12-19,2290.84228515625,2306.598606213343,2214.3546066133713,2229.711888620252,1240287
2025-12-22,2420.283203125,2435.2416901653273,2308.5931665572207,2308.5931665572207,1959258
2025-12-23,2414.00048828125,2466.554588511523,2391.4631815012863,2431.2526579680243,1429945
2025-12-24,2447.009033203125,2504.0506806198337,2405.324668122277,2413.4023483489677,1436916
2025-12-26,2489.29150390625,2522.4993919957437,2441.224950229524,2450.1002213309,1381625
2025-12-29,2476.52685546875,2572.560384696453,2463.862052627046,2505.0477996178925,1552839
2025-12-30,2407.618408203125,2490.8873196967656,2385.3800753627297,2482.9094599129435,1081551
2025-12-31,2437.3359375,2460.671079530846,2411.308073072172,2421.280397609278,658122
2026-01-01,2435.341552734375,2449.7016031543835,2399.3413625847534,2443.219591991956,641933
2026-01-02,2430.25537109375,2488.094850586338,2404.3273285625896,2443.21939235933,760901
2026-01-05,2495.075439453125,2513.025622470773,2431.4519642864725,2443.2193551799182,1684840
2026-01-06,2500.560302734375,2541.9454483229997,2474.931478135132,2503.552000005842,1158517
2026-01-07,2496.671142578125,2502.056100170594,2455.0863565837267,2497.169758779833,569122
2026-01-08,2452.59326171875,2544.9370791393276,2423.2747266099395,2493.0809944546704,1022488
2026-01-09,2447.40771484375,2560.8928110025035,2425.3690248155676,2448.205549459169,2847446
2026-01-12,2473.53515625,2500.3608539830566,2380.5931449369923,2453.1917126046214,1414465
2026-01-13,2442.62109375,2509.4356686688006,2417.2914866145265,2488.9924032085705,954435
2026-01-14,2424.27197265625,2472.936962634975,2417.291345832476,2433.247064286816,606996
2026-01-15,2424.27197265625,2424.27197265625,2424.27197265625,2424.27197265625,0
2026-01-16,2417.391357421875,2445.214046288521,2403.330282037249,2435.1419008325875,610176
2026-01-19,2372.615478515625,2428.2610998457394,2362.6431536702626,2393.357962886971,523626
2026-01-20,2272.593017578125,2394.355201645016,2264.714978315632,2378.3994818506308,957562
2026-01-21,2267.806396484375,2306.1998455478674,2226.820045682562,2258.731483865205,1352692
2026-01-22,2295.4296875,2321.85634725688,2266.7093444297216,2295.629085295741,674627
2026-01-23,2228.614990234375,2312.5819086425977,2208.6703424668667,2304.604049535594,538599
2026-01-27,2380.9921875,2403.3300959854228,2182.7423366983385,2236.7922843548977,1853924
2026-01-28,2511.729248046875,2521.0035582476585,2389.069660363148,2399.7399985662228,2417633
2026-01-29,2577.845947265625,2640.5717725423133,2542.942810648876,2587.0204373404645,3427892
2026-01-30,2756.5498046875,2802.2230981836246,2521.0035559459798,2566.8762472329713,5213657
2026-02-02,2576.35009765625,2592.7046128507045,2483.108861298263,2529.9787875958605,1849047
2026-02-03,2546.10009765625,2708.300048828125,2535.10009765625,2695.0,1444609
2026-02-04,2522.39990234375,2563.89990234375,2503.39990234375,2546.10009765625,752711
2026-02-05,2439.10009765625,2519.0,2433.0,2511.0,624915
2026-02-06,2401.39990234375,2455.800048828125,2387.0,2420.0,713281
2026-02-09,2514.699951171875,2538.699951171875,2418.0,2422.0,1128413
2026-02-10,2515.39990234375,2595.0,2500.0,2527.300048828125,1340856
2026-02-11,2483.60009765625,2523.5,2462.0,2520.89990234375,548101
2026-02-12,2496.199951171875,2506.699951171875,2455.300048828125,2483.60009765625,668281
2026-02-13,2432.800048828125,2488.0,2424.10009765625,2480.0,440467
2026-02-16,2430.5,2448.0,2391.5,2424.10009765625,378824
2026-02-17,2437.0,2488.0,2427.0,2433.0,598812
2026-02-18,2505.199951171875,2514.5,2414.10009765625,2442.0,948899
2026-02-19,2448.39990234375,2525.0,2431.0,2511.0,442428
2026-02-20,2477.300048828125,2548.0,2420.199951171875,2432.0,1067714
