Price,Close,High,Low,Open,Volume
Ticker,HAL.NS,HAL.NS,HAL.NS,HAL.NS,HAL.NS
Date,,,,,
2021-02-12,470.62359619140625,480.9392619627717,457.5112500041288,457.55708621434337,2880490
2021-02-15,475.1395568847656,480.0681527807837,470.44019800716706,477.8675109835984,1464310
2021-02-16,466.2909851074219,474.4976530760724,461.20193480236577,472.22822911867587,779356
2021-02-17,476.7671203613281,483.0023555232325,462.57734456686313,469.8900104108312,1494320
2021-02-18,482.8418884277344,492.76786139479435,469.72954365179976,477.271418317559,1457096
2021-02-19,486.6013488769531,496.5273217656657,481.6269173728826,487.67875153983425,1568192
2021-02-22,482.88775634765625,500.6536244307055,476.812975648291,488.73330003949826,2263152
2021-02-23,472.3198547363281,490.56714086715664,463.517177024949,487.40365932629663,1011812
2021-02-24,487.907958984375,490.52129409926073,474.93317967846843,474.93317967846843,557096
2021-02-25,502.6937561035156,504.3213610642835,485.98240248012775,492.4010379845823,1571312
2021-02-26,498.3841247558594,511.19844914394133,490.93392314277503,495.1518610542212,1658512
2021-03-01,497.55889892578125,506.1323401743821,495.1519104720975,505.9948315566667,638750
2021-03-02,507.3930969238281,513.3991504280059,499.7366043626764,499.7366043626764,909198
2021-03-03,510.09814453125,515.2559768626361,506.7742081399123,511.17554720281595,647408
2021-03-04,503.08355712890625,512.5739468168163,497.94861460083337,504.3214145782628,777700
2021-03-05,489.9521789550781,515.1691083958234,487.07021011681644,508.98687073946775,763776
2021-03-08,495.158203125,502.9905463625808,491.4395778023058,497.38940101530426,366926
2021-03-09,495.25115966796875,506.17462185349547,489.92889972532606,495.46036639314974,554256
2021-03-10,496.1343078613281,501.9911311239764,492.7178323532597,495.0419730719072,411122
2021-03-12,493.2988586425781,503.4088705864896,491.48601756636117,497.7147259284245,682402
2021-03-15,472.265380859375,495.041959266963,470.10391870296496,493.27558967336194,852324
2021-03-16,498.01678466796875,502.0142945540395,474.357025548516,474.357025548516,1073246
2021-03-17,486.2335205078125,497.319660799252,481.56197479310305,490.3937098520499,775522
2021-03-18,479.1680908203125,490.5796446885965,476.4488574699253,488.0695613106552,466588
2021-03-19,479.7259216308594,489.7894058260946,456.69366377871614,474.1247196481328,3967772
2021-03-22,482.14300537109375,490.835269201704,471.8005788880792,479.7259216537732,426740
2021-03-23,474.5430908203125,490.27751305030733,470.45258022142707,480.6323285081941,665362
2021-03-24,466.0599670410156,477.7736140031874,464.3633329047815,473.98528151301645,346930
2021-03-25,456.80987548828125,468.9883789877322,452.2778009158969,465.73458185884084,497106
2021-03-26,458.76214599609375,467.1522883869817,455.64779173267544,463.2012491319675,308640
2021-03-30,464.9211120605469,467.15228146201474,461.2024869344811,463.2477137313024,273476
2021-03-31,462.4808044433594,467.152321989078,457.97196541267573,464.8281810836597,289982
2021-04-01,481.3992004394531,488.99912801028285,470.0573842209111,472.73014561450344,1961258
2021-04-05,464.7816467285156,483.88607103786376,461.2024645442659,483.4212429196718,579288
2021-04-06,464.9443664550781,473.1950662846983,463.06181808361833,471.7541103388549,322770
2021-04-07,467.5706481933594,474.19444934162607,465.8972498281241,467.15229150933584,416420
2021-04-08,469.63909912109375,474.1247020129913,467.71007936581066,472.26538945607757,287444
2021-04-09,465.037353515625,474.1247386658824,463.43369063714186,469.0116287390934,317132
2021-04-12,445.0264587402344,461.5743286611116,440.68029874392204,461.5743286611116,435726
2021-04-13,451.2783508300781,453.0679560427208,442.2374669558504,442.9811805696397,224272
2021-04-15,450.4184265136719,453.741958759406,439.8668230254034,450.88325461120917,255634
2021-04-16,448.3267517089844,456.4612443527451,443.4460561227279,450.4184783888085,201178
2021-04-19,437.0313720703125,440.65702546643496,431.82529183366887,440.65702546643496,411194
2021-04-20,442.2142333984375,445.2588803691463,438.2399585317093,439.773885697885,250198
2021-04-22,441.0289306640625,442.841771746511,434.614308048323,434.614308048323,149016
2021-04-23,444.7708435058594,448.1641119991055,437.7751849008282,439.2626407871899,208250
2021-04-26,443.58544921875,448.55911555241426,442.0515221661616,444.7707551970749,137044
2021-04-27,441.5867004394531,445.44476804280555,441.12187233372737,442.56282811313474,322674
2021-04-28,449.83740234375,453.16093467040076,442.2839455748676,443.7714011973726,443340
2021-04-29,439.8901062011719,453.16097251389795,438.7977714024858,447.7457132451742,327116
2021-04-30,444.95672607421875,446.1885319632739,437.4730045525749,439.26258149922876,205378
2021-05-03,442.88824462890625,444.81729275176434,437.8681064079548,444.2362575787177,274984
2021-05-04,443.3531188964844,454.5787309560695,440.65712108721164,445.2124316436878,447218
2021-05-05,450.1628112792969,455.43859924286267,448.1407918773282,455.43859924286267,431836
2021-05-06,445.2356872558594,452.76590989238304,444.4222378926424,451.81301774107277,219222
2021-05-07,446.4442138671875,448.55917633011614,442.51641022411457,447.4668414977596,200884
2021-05-10,450.2093200683594,453.9047097078952,445.07297444476154,445.07297444476154,293348
2021-05-11,464.9675598144531,468.50027052657384,446.978706010311,448.5358972249543,1071592
2021-05-12,468.38409423828125,480.7485116150629,463.10827774094764,467.1522882989009,983626
2021-05-14,457.04229736328125,472.1492128621947,455.11324911276836,468.1284378502938,351682
2021-05-17,465.68804931640625,466.68744114129686,458.48321332269103,458.48321332269103,183924
2021-05-18,468.5467834472656,474.58954950362914,462.50401739090205,471.80058055453827,386026
2021-05-19,471.6843566894531,475.03112498315085,465.7577978840424,465.7577978840424,436916
2021-05-20,469.7088317871094,480.35340745799067,460.7376544296222,474.0317277810428,537066
2021-05-21,476.634765625,479.02864179148673,469.73205102007086,469.73205102007086,401596
2021-05-24,471.6843566894531,479.70264213206764,470.4060793000508,476.9136732824626,507370
2021-05-25,477.30877685546875,481.07387354087,471.80057459888934,471.80057459888934,382932
2021-05-26,481.4690246582031,486.2102491327917,472.9394110089318,477.37851420590545,306608
2021-05-27,480.5161437988281,483.28184884637415,476.10027597189816,481.46906428974944,155340
2021-05-28,478.6335144042969,483.42126695641724,476.6347874417185,479.7026418259832,193086
2021-05-31,474.3804016113281,479.2145977442367,469.5229413723296,478.77303366230495,239702
2021-06-01,479.5631103515625,497.2963130595929,476.54172781321455,487.60465888108007,1068104
2021-06-02,482.050048828125,486.6750661584455,478.6103092184899,481.0041855054349,297788
2021-06-03,487.65118408203125,489.46402515316385,483.4212594105322,488.06954075101805,358806
2021-06-04,493.8565979003906,505.6865072282035,479.9582829418825,490.9049507793543,1092906
2021-06-07,495.2047119140625,499.5508442391617,489.92892318822663,496.85487472205955,439184
2021-06-08,497.41259765625,501.54957958691386,486.6983427212268,497.34286208460884,372976
2021-06-09,486.8842468261719,506.1978800996654,484.04880632088145,497.3428807125286,617068
2021-06-10,483.7931823730469,493.32215986475074,482.02681262911625,492.7178605466376,257872
2021-06-11,486.4891052246094,493.6242056089196,484.8157353196916,488.53436032693753,341256
2021-06-14,488.9527587890625,491.78819925114584,477.8898257500522,489.4640584229268,309452
2021-06-15,484.3509521484375,492.0903525114374,483.74665283198664,488.9527623703607,221610
2021-06-16,478.70330810546875,487.81392943304263,477.6109731890987,484.8158102542384,177230
2021-06-17,477.54119873046875,490.2542375555377,476.4721280077176,478.0757624627037,351492
2021-06-18,472.47454833984375,482.35211752090333,462.68992208611667,478.30813557280425,255810
2021-06-21,468.3375549316406,476.355868172181,463.968187735312,468.1748764420475,326544
2021-06-22,465.3161926269531,474.98461203111276,464.36330063715445,471.3589583009101,356600
2021-06-23,474.6592712402344,486.6750674306516,460.7376626343072,467.15228535606957,1113756
2021-06-24,473.7528991699219,482.95649170141667,470.94069428125147,478.3082097793626,246742
2021-06-25,482.0267639160156,482.9564201627196,473.4739150979961,475.05434206573574,300288
2021-06-28,484.6763000488281,488.0230968480243,477.378520628795,483.8861148730045,509822
2021-06-29,481.7014465332031,495.97164839675975,477.8433500954724,491.7881949426165,697060
2021-06-30,474.96142578125,485.25735288355037,472.96267029349383,482.93321199758725,291170
2021-07-01,471.21954345703125,478.23843726893534,469.47643787087696,476.6812742936479,477700
2021-07-02,496.2272644042969,499.0162330242638,471.3589325054027,471.3589325054027,1634066
2021-07-05,493.71722412109375,508.3825180080698,490.46342711557736,500.2015540282576,800318
2021-07-06,511.6130676269531,531.2985266219525,494.1122780394886,495.0419342540502,4975560
2021-07-07,511.101806640625,524.3261445943909,506.6626751842962,515.9592380317144,1967718
2021-07-08,533.1812744140625,537.8062928704045,512.2407387581553,513.4028093996212,2454964
2021-07-09,519.9334716796875,536.8764325022302,516.2380543979584,535.0171201818761,1019836
2021-07-12,516.656494140625,525.1628720714764,513.332961484944,522.8852027642582,705288
2021-07-13,509.6607666015625,522.4203324685951,506.66264794116483,518.0509368169066,569030
2021-07-14,514.4252319335938,527.3474757188494,510.1488361405352,513.0307476434601,900610
2021-07-15,509.1493835449219,519.8868999475596,506.66256487301445,517.7254949494923,373744
2021-07-16,499.5740966796875,519.6779158761485,498.2958191585252,513.6351494124724,680236
2021-07-19,502.9906005859375,507.12758305175333,496.4365340964918,499.59738865821583,390422
2021-07-20,495.85540771484375,506.1745695049348,489.9055849537096,502.99050816253805,288832
2021-07-22,514.7042236328125,535.9468469966163,498.6908601176756,499.6902519699588,3077192
2021-07-23,512.7286987304688,534.5523570453287,510.3812939441486,520.607512948494,1237734
2021-07-26,513.5653686523438,524.0007946338501,510.241836041381,513.867518297289,994962
2021-07-27,511.3574523925781,520.6075442140102,504.8033866217992,516.424090733719,474812
2021-07-28,509.17266845703125,515.6105257420251,503.43205326229025,515.4943187269829,394264
2021-07-29,511.2645568847656,520.4216498777453,508.9868873191933,514.5415617032928,512508
2021-07-30,518.910888671875,522.9316634771762,511.72931652347523,511.72931652347523,409294
2021-08-02,510.3812561035156,522.3505797325371,508.9867717972219,520.6307384514595,374252
2021-08-03,511.6130676269531,515.8894635172516,510.14884774067616,512.2405742234397,266478
2021-08-04,501.7586669921875,519.6080772789268,500.64312495190654,515.0295318683312,369028
2021-08-05,501.57281494140625,508.4522372007393,497.43583324787255,502.94403522430594,347968
2021-08-06,501.89825439453125,506.4070652867528,497.87747907256966,506.4070652867528,222682
2021-08-09,504.7567443847656,515.4942600031274,502.4790758010646,506.80199896485834,630462
2021-08-10,513.4724731445312,534.0875920914484,506.66272878997285,512.2406670885781,2274418
2021-08-11,508.8241882324219,522.4436201196074,497.83099021865155,518.2834305264206,561760
2021-08-12,513.4026489257812,517.7952518808378,499.6902196425666,502.99048788442144,582148
2021-08-13,506.174560546875,533.9480408249435,504.40824772903045,516.8888714512507,1570668
2021-08-16,496.85479736328125,503.87369074767804,492.29945901223437,497.8309250837299,530890
2021-08-17,495.9252014160156,505.91900738326177,492.4157259261777,499.3416772239159,455472
2021-08-18,520.6773071289062,525.2558534410881,503.54839971680457,510.8461795856246,1710306
2021-08-20,523.62890625,546.1730713215712,515.0295855525966,516.8424266695818,3341314
2021-08-23,517.005126953125,538.2245440514444,512.0546956433959,529.9041085426501,1190970
2021-08-24,539.2007446289062,543.3841986820615,520.6076155037715,522.4436643081877,1404384
2021-08-25,580.2217407226562,585.6834715085495,543.8489378293674,544.0580878010761,6043016
2021-08-26,599.4424438476562,609.3897788166544,581.5000864222994,584.2657915547165,5374274
2021-08-27,642.1136474609375,650.2946119310253,588.1005798873957,601.2319757323216,8430452
2021-08-30,650.736083984375,677.2545501155786,627.5179427975505,646.575895134365,6787604
2021-08-31,639.5105590820312,658.7776622271629,634.9552207460254,646.0878316780858,2507708
2021-09-01,627.4716186523438,642.4623285831193,622.6606579763934,634.0256851341982,1328524
2021-09-02,641.39306640625,664.6577363773619,627.9827865684348,627.9827865684348,3944170
2021-09-03,648.22607421875,664.7042082941109,644.0193570569865,664.7042082941109,4806414
2021-09-06,632.7008666992188,661.8688339866357,629.1681840015966,655.4077111594855,1917914
2021-09-07,642.3925170898438,647.830983864901,622.9626773060684,632.1662975703238,2031434
2021-09-08,635.8616943359375,647.2499848928287,628.1920292670108,642.3925530458639,1335442
2021-09-09,638.8133544921875,644.6469137776038,611.7138504277657,635.8616503220529,1826452
2021-09-13,653.19970703125,656.662653782978,632.6543270943959,638.6970925748486,1949648
2021-09-14,655.384521484375,670.1660814731379,636.7913928151012,656.4769131870753,4616986
2021-09-15,652.1771240234375,662.3800786790358,648.458499020327,657.266969299759,1476220
2021-09-16,665.610595703125,691.1761419945385,650.759360145071,651.6890163738497,5121110
2021-09-17,664.9832153320312,688.6894536660863,657.731906719371,671.2119245955984,4214790
2021-09-20,640.161376953125,673.5360645458766,635.0482667322798,661.8920953917169,2391458
2021-09-21,631.8177490234375,662.4731469985118,622.8698059160613,645.5766527908503,3610208
2021-09-22,630.7020874023438,639.045787049745,622.8930082373586,629.8886381096337,1233098
2021-09-23,632.0499877929688,645.8553592036217,630.0047328731696,636.9539467803058,1318724
2021-09-24,623.5204467773438,639.7894308536931,616.6642320594536,635.3270922839514,1244282
2021-09-27,621.26611328125,631.2366548305976,619.4300079648035,627.8899147034415,959318
2021-09-28,625.9375,635.1411189574129,620.9173906300834,622.8696459280992,949512
2021-09-29,622.4977416992188,638.5808386517991,616.8501259236715,627.0530795774135,2481174
2021-09-30,629.5864868164062,640.9747768847519,623.8226629507008,639.0922568572612,1750880
2021-10-01,621.940185546875,635.6293545275793,616.6643963675997,629.0520803204478,1330144
2021-10-04,625.4727172851562,633.2353810627799,621.0103786075765,622.8929552214486,859422
2021-10-05,639.1387329101562,655.8725470081677,622.8697469815341,625.4727733817697,2481466
2021-10-06,626.0770263671875,645.0885084366463,622.8697008874092,637.2793730721179,1187436
2021-10-07,630.8414916992188,646.0413484613061,628.912443661154,632.3057116192781,1441760
2021-10-08,628.2850341796875,638.2091046849657,625.4263294636718,634.9553073559091,906940
2021-10-11,634.3975830078125,648.2262226760832,628.0758737660789,633.5608695076635,1121032
2021-10-12,649.248779296875,652.1306914000002,630.7718586045171,634.39754121065,1573200
2021-10-13,648.2725219726562,664.0998847560508,644.7165756540519,650.759340962994,1867518
2021-10-14,671.095703125,681.6705445075758,648.2726502146866,650.7594696969697,4466704
2021-10-18,688.1315307617188,727.9208047834015,678.6490261709873,685.621447672744,7684378
2021-10-19,664.7274780273438,707.9332292357557,653.176453811577,698.6366668032441,3102698
2021-10-20,655.3612060546875,677.7426923481406,641.6023044565042,661.9152714815477,2088236
2021-10-21,637.4188232421875,664.1929115886022,632.1662427928846,660.0559299749236,1424668
2021-10-22,616.896728515625,649.2720225002206,601.9757553324017,643.3221991180474,2039040
2021-10-25,614.9908447265625,622.5907728666662,596.9322275211974,615.897236831252,1261996
2021-10-26,615.8507690429688,620.5455215656474,610.5052458234894,612.6434437629388,1327718
2021-10-27,612.2252197265625,628.7034136999288,608.9249508071739,616.3622021147424,1012222
2021-10-28,588.7977905273438,612.5970256752953,585.683464642203,612.2251404613753,1696902
2021-10-29,607.3444213867188,615.7577991647378,573.5514391393981,581.0351606603606,2039752
2021-11-01,617.7101440429688,624.7057737025464,606.2288546156238,613.4104836265151,1588772
2021-11-02,619.3370361328125,632.1430175732311,615.1535827981832,617.7566090802757,1884282
2021-11-03,615.3162231445312,632.6310705946795,611.8764837121322,624.4501070404019,1889084
2021-11-04,622.9161376953125,625.1938067783867,615.8972445958085,618.6397417880115,147072
2021-11-08,628.0293579101562,638.3020495894284,623.4508115742462,627.9596223331175,2097112
2021-11-09,636.3497314453125,646.5759506504235,628.470917072607,629.7491944732459,1575872
2021-11-10,639.0922241210938,645.8787036495285,634.9552423067693,635.4200704490144,1127294
2021-11-11,648.45849609375,657.5226444979239,632.2127191397021,639.5570261843851,3241430
2021-11-12,658.731201171875,661.2180203393954,640.5331683850171,657.7318093358484,2760032
2021-11-15,661.2180786132812,669.3525716717926,654.4780700790861,662.3801490502115,1337682
2021-11-16,664.42529296875,676.7897089963018,657.0809863420233,659.5910694132913,1975778
2021-11-17,653.5947875976562,664.6112477397038,648.8070921574806,662.3567860353405,1754686
2021-11-18,643.1361694335938,659.2657390908892,635.1178844390228,655.4076430344971,788220
2021-11-22,633.2586669921875,656.6162833070931,624.4966670462836,649.3649749636459,1234350
2021-11-23,660.1463012695312,665.0307191475226,628.8673255215626,634.0335246109855,1983442
2021-11-24,646.2210083007812,666.7683901943452,641.1722230355056,666.7683901943452,932532
2021-11-25,635.2311401367188,646.8550876069107,634.0334983741106,641.0783150227119,1427478
2021-11-26,603.9285888671875,633.0941148896255,598.8093445729024,627.5756758317968,1030994
2021-11-29,609.8463134765625,618.2765880620475,580.0937150399709,603.5059782960207,1637856
2021-11-30,599.7018432617188,615.7170502654544,596.5081697253997,605.8543057531931,839842
2021-12-01,614.7542114257812,617.5721383184424,597.2595819671768,599.9366469137265,856464
2021-12-02,610.9500732421875,615.9519053657357,607.3572046840966,615.247423583007,386902
2021-12-03,608.9070434570312,623.7011598233224,606.3944034133749,613.8384155791283,1091386
2021-12-06,600.4297485351562,618.394032440379,597.1187188413426,609.9168034535602,1073828
2021-12-07,604.1400146484375,616.0927552813554,601.1577202368734,605.807310945504,1044366
2021-12-08,606.77001953125,617.1259226728312,605.2671482835701,608.6721429101897,896780
2021-12-09,606.9814453125,614.2375839036176,604.3748400853161,609.8228204425853,1161010
2021-12-10,612.9459838867188,620.6952819660404,606.9813955701316,606.9813955701316,1415600
2021-12-13,615.9518432617188,622.7383274854002,610.5508168053636,618.0183344155414,1064868
2021-12-14,604.7271728515625,614.3081369117747,601.6274643608435,614.3081369117747,770360
2021-12-15,604.2340698242188,614.7308373002014,602.8720601955264,604.4453914343278,562268
2021-12-16,601.5803833007812,611.9597349523731,598.809410640273,610.2220364577628,1126552
2021-12-17,585.9879150390625,603.8347865970601,582.0193573223308,602.0970878250781,2237874
2021-12-20,571.123291015625,580.3989659834674,554.7557883089444,580.1171274615263,2019236
2021-12-21,570.4892578125,578.8021762722568,566.0510460341869,572.9784494185506,427942
2021-12-22,584.9547119140625,591.7647025385137,570.7711681665211,573.3542680585542,554362
2021-12-23,583.5457763671875,589.2990445848922,580.0703212429701,588.3832411478943,343290
2021-12-24,577.7924194335938,584.4145360828549,573.448115528078,582.8412050535175,237280
2021-12-27,573.2133178710938,580.8216978469891,569.7378631011537,577.7924492510554,568392
2021-12-28,581.1268920898438,584.46142704566,575.3031657458318,575.3266713994585,433522
2021-12-29,576.9000854492188,584.5789249494359,575.7964088560034,580.0232992962187,371732
2021-12-30,568.8455810546875,575.8199971466096,566.7321355312878,575.3268369254647,358446
2021-12-31,568.587158203125,578.614269012452,567.5773896928152,568.8689394004323,1138866
2022-01-03,579.4127197265625,585.0251252645626,569.244745911786,570.1605492323234,1104054
2022-01-04,586.41064453125,595.0053455068112,579.2014588409617,580.8217440642984,2104244
2022-01-05,596.3203125,600.6176627621154,582.4185503749345,589.3694601029039,1514570
2022-01-06,586.2931518554688,599.2791095433298,584.6728668505713,596.9308371705112,1531864
2022-01-07,590.1678466796875,597.8701921213452,586.3871622670747,586.3871622670747,942470
2022-01-10,608.7896118164062,610.5508160935993,590.1913061154211,590.1913061154211,2852966
2022-01-11,601.2516479492188,613.2513429570423,596.9308496254266,608.4843384745835,2913574
2022-01-12,616.468505859375,619.6152255131796,603.5765123353887,604.4453617232839,1692542
2022-01-13,619.826416015625,623.7010649507482,610.9264877575955,617.5720518846632,780012
2022-01-14,641.3836059570312,644.3659002244042,616.1631277960847,619.8734093874566,1760492
2022-01-17,656.0369873046875,665.711860167308,638.1196536470744,645.2818859778585,2202348
2022-01-18,652.6083374023438,671.6058362002791,648.8745502780971,657.4926976191098,1986732
2022-01-19,672.6390991210938,677.2417357918316,644.0136825274266,652.8197037105728,1832218
2022-01-20,672.1226196289062,679.3553112144756,663.64538934204,675.5511207996714,1218872
2022-01-21,666.0405883789062,684.2161958992745,653.2894563238085,669.3751241017311,1701794
2022-01-24,639.15283203125,678.157604560443,631.6853138805398,671.5589931150844,2210358
2022-01-25,667.5198974609375,675.3631038993274,625.5092722113784,629.830127580603,1908080
2022-01-27,668.2948608398438,671.2537071797368,656.7883253660613,666.6745757156806,1551976
2022-01-28,665.54736328125,690.8617516431168,660.0524287056277,672.4982726339367,1923192
2022-01-31,678.0401611328125,690.6269243387259,670.5022410018299,680.0596983627848,1698662
2022-02-01,677.1243896484375,692.6464941329841,665.7352677833605,684.5919078220232,1534430
2022-02-02,667.1676635742188,684.6387864881132,662.6824405657538,680.5293099785807,1246952
2022-02-03,665.3360595703125,682.8776436970436,660.803882174512,669.6803636997469,1482606
2022-02-04,657.6101684570312,673.2731909556608,654.9801148812248,665.3125132604323,586412
2022-02-07,651.3168334960938,666.3692246661977,649.0624691369327,657.6101574479231,628232
2022-02-08,647.2073974609375,659.394908630412,641.1722913569953,652.8197457238409,999434
2022-02-09,664.3262939453125,668.3183572175184,649.5791310971072,650.4714861182451,1167058
2022-02-10,656.5064697265625,675.3631075974919,649.5321125224835,666.4396729352163,1993640
2022-02-11,648.0996704101562,657.0466110990707,643.4266313121708,643.4266313121708,557218
2022-02-14,625.9789428710938,641.0313914226098,622.8087752289911,636.381800748019,694502
2022-02-15,642.2056884765625,644.8122370145609,618.0654314360598,634.0336872634352,649632
2022-02-16,640.0686645507812,653.7591055623166,636.3349339707604,645.7514728958878,1010008
2022-02-17,653.3310546875,658.6695012063072,641.5767703303354,642.5343475994852,1118614
2022-02-18,644.4254760742188,658.3343079217509,641.8161016502597,658.3343079217509,1230176
2022-02-21,622.927978515625,640.6191952451267,619.8158523802787,636.7888861554698,1205286
2022-02-22,613.6395263671875,617.6134373628003,601.8373736591577,605.6676831176089,1214574
2022-02-23,627.2849731445312,633.9161843810938,613.3282720484751,613.3282720484751,1168062
2022-02-24,611.0541381835938,622.090242177137,593.6980461098187,617.6374834529566,1384050
2022-02-25,629.41552734375,637.8421956233706,615.626449735065,615.626449735065,1087016
2022-02-28,664.4390258789062,667.0244965770881,615.3153163969968,629.128358857779,1488674
2022-03-02,665.707763671875,684.6438200822776,652.0383240686189,664.0320033640935,1845270
2022-03-03,659.675048828125,682.03445620061,656.395299702185,669.8253451910517,1188174
2022-03-04,656.9459228515625,679.1856916552755,651.655343112099,658.8132103549718,1445024
2022-03-07,634.4189453125,653.139570465424,624.6037776587134,648.6629081271416,1176136
2022-03-08,634.7301025390625,646.3646903435998,625.8007407958356,642.4386467139393,1160930
2022-03-09,639.4462280273438,650.1710474187697,636.7889275453242,641.09802555127,954242
2022-03-10,655.0785522460938,665.0373787036635,640.4037281192321,640.4037281192321,1225572
2022-03-11,663.170166015625,673.1768607703059,654.5280657084002,655.9404688871401,1180240
2022-03-14,661.3268432617188,672.6502068735302,659.3398586136021,670.30413072681,948082
2022-03-15,659.1962280273438,671.2616784702838,650.5540696301698,666.904713501771,793210
2022-03-16,700.0607299804688,709.1098457805109,661.2548924123932,667.9100653259624,4808698
2022-03-17,692.232666015625,715.3102559829058,687.0617251241431,711.479946713921,2445066
2022-03-21,692.4241333007812,703.8193267309684,688.9050483563027,698.073862839287,1174988
2022-03-22,677.3662109375,692.807144178521,669.3704642344541,692.807144178521,1139158
2022-03-23,673.7035522460938,696.1827162502752,671.8841902963878,689.4078446153345,1056982
2022-03-24,673.12890625,689.9104116578699,661.6858469898715,673.1767734209546,2351078
2022-03-25,667.8143920898438,679.7601448079598,664.0798174669063,674.0625485276842,936172
2022-03-28,670.2322387695312,674.5174319908632,661.2070849615843,669.3464915107131,963454
2022-03-29,670.5435180664062,679.1377511316753,668.3889690972533,672.6980670355593,1002168
2022-03-30,672.506591796875,677.5099687456747,664.5347483064428,674.8048009197353,977962
2022-03-31,710.953369140625,716.4115721389455,675.092082972955,687.0139335742082,3826742
2022-04-01,729.8175659179688,737.2626943920602,708.8226367625488,714.352669073744,4339668
2022-04-04,747.3651123046875,762.6624445854976,731.1342239900212,733.9829930504496,2551602
2022-04-05,743.4390869140625,759.8375984109593,739.7284748235238,751.0997054235618,1756158
2022-04-06,741.0691528320312,753.8527873916624,731.4933790957128,739.7285211305929,1716074
2022-04-07,755.6241455078125,777.9357410353235,744.4205390190826,744.4205390190826,4487878
2022-04-08,775.7333374023438,781.3830667782343,759.1433576493256,761.2739437361473,4010552
2022-04-11,804.0776977539062,810.5892119254421,780.4255259530246,784.5670596050807,5061988
2022-04-12,800.0318603515625,806.256112716079,784.7824537476729,806.256112716079,2949782
2022-04-13,803.2398071289062,824.1868110036645,799.0504063539546,803.5988986239021,2013610
2022-04-18,832.1107177734375,839.8671290351366,794.7891655755177,799.5291849389092,4052334
2022-04-19,809.4641723632812,841.7105814125181,799.0026503756312,836.9226941462352,2087080
2022-04-20,800.7261352539062,823.5164628864724,793.4724756503525,813.9167272517988,1140070
2022-04-21,802.8807983398438,818.1541698561762,799.1701858426509,804.3650316495434,1076504
2022-04-22,803.6707153320312,831.1052700288508,795.8185697486963,798.619471674205,1945030
2022-04-25,779.0609741210938,801.9231324692018,764.9127459430222,797.1831130806273,1686524
2022-04-26,788.0382080078125,803.7903654281278,779.6115399137641,783.7051475818381,1315140
2022-04-27,786.0991821289062,795.3637313925449,781.4070881350623,786.1231449412463,1044702
2022-04-28,781.5506591796875,794.2385586975757,775.2306722321485,789.6421992406491,1526388
2022-04-29,763.7157592773438,789.522479044443,759.3587942780391,785.5964355166916,1275486
2022-05-02,754.1879272460938,769.4612982705426,751.0518963686085,755.5285589673558,1161508
2022-05-04,757.3958129882812,772.764917691861,751.3630874017964,759.358834857058,1682782
2022-05-05,763.9791259765625,777.4809426150714,757.8027406626521,763.7157688390163,1001110
2022-05-06,757.8506469726562,762.9976252590477,746.9582045526186,756.0073222522882,1230358
2022-05-09,750.09423828125,758.8799981798344,737.3345092725204,744.5163389082918,1000198
2022-05-10,742.4337158203125,761.250076826913,738.7949333577492,752.4164486132131,913308
2022-05-11,745.4739379882812,752.4882034934678,726.8730103769791,743.0799947063664,1278840
2022-05-12,726.2984619140625,758.664623312496,718.1830171980777,742.0984882924203,1394432
2022-05-13,722.9229736328125,751.6502918105847,702.861718082826,729.1950930791171,2715380
2022-05-16,766.2533569335938,770.8497162231397,728.6444855991379,733.025413377408,2134260
2022-05-17,800.3670654296875,803.8143203613473,771.8312733304303,773.7224651360431,2057806
2022-05-18,804.8436889648438,813.4618843255619,797.7097266715182,808.1233793990525,1698510
2022-05-19,807.1180419921875,812.5044148069063,778.0316287927063,786.6498252962564,1285596
2022-05-20,841.327392578125,855.5953177294699,823.2770838476907,825.9104214232432,3816272
2022-05-23,869.3845825195312,885.7591333908883,842.6681485232235,848.8924018929973,4954548
2022-05-24,854.47021484375,877.6196354368268,844.9901757634606,871.2756855352786,1593430
2022-05-25,835.6776733398438,873.310447376429,832.6373772763654,854.4701267716008,1799772
2022-05-26,844.1043701171875,849.8498337821939,816.7176833590086,842.6680042009359,1533562
2022-05-27,859.0186767578125,877.5956414978046,847.9347077092523,857.0316921510794,1846810
2022-05-30,872.3051147460938,883.9636075080042,862.8729426072523,870.4378271900076,1385854
2022-05-31,880.1572265625,896.2923812004153,866.8708411040002,872.3529479418572,1873818
2022-06-01,906.5144653320312,923.4396321691182,880.9711029228727,884.8014120660156,4099956
2022-06-02,908.54931640625,921.5005725654729,902.5165911993453,909.6984208375364,1964814
2022-06-03,908.5972900390625,919.2264342164991,894.9039449470108,913.528837013454,1255358
2022-06-06,903.881103515625,916.7605293526456,897.2259298690129,909.6983970596822,1439400
2022-06-07,909.0281982421875,929.592207615287,905.1500215291502,915.348244039253,3436266
2022-06-08,882.1441650390625,914.4863631996873,872.3529600784451,912.0924198405258,1894752
2022-06-09,897.2978515625,900.1227164575809,871.6108272467545,882.4075353358094,1409134
2022-06-10,906.322998046875,909.0521285591466,882.2159999741666,885.2802591802462,1254786
2022-06-13,888.1051025390625,898.8060174661431,881.0668741266128,890.5229502192783,1449750
2022-06-14,901.9659423828125,905.7244214118286,883.8438045581601,885.7349962545679,1373658
2022-06-15,890.1160278320312,909.459102291719,887.2193913708095,909.459102291719,825786
2022-06-16,860.4310302734375,904.8865426208924,852.7225450645004,903.9289653664686,1563972
2022-06-17,909.0760498046875,944.4346408309306,844.846594682475,849.8499130457144,8249262
2022-06-20,825.814697265625,929.3287813167882,813.9407152182071,909.698446420349,5165108
2022-06-21,864.2614135742188,867.5411042633339,829.2619736060055,842.1892676518266,2085472
2022-06-22,852.315673828125,870.413850725234,842.0935472780147,854.1111313642995,1488688
2022-06-23,847.6953125,874.8905314445765,838.0238050607866,863.2319809548163,3107600
2022-06-24,860.048095703125,866.6074769848233,850.807451161343,857.0317037584716,742786
2022-06-27,865.8893432617188,873.6696594508273,860.3832733432727,871.8502390559435,727950
2022-06-28,861.891357421875,870.054668433699,858.5158742277224,865.4104421364078,761634
2022-06-29,854.0152587890625,862.6813797775471,850.3286097041693,851.8128427729232,1100850
2022-06-30,847.3601684570312,861.3407735317801,840.7528617686525,856.5050198998492,662900
2022-07-01,831.2728881835938,852.100195897535,827.059582840028,844.1044482684675,860300
2022-07-04,850.4961547851562,864.2134604589008,833.0922001099653,835.0073545929768,1613616
2022-07-05,842.2131958007812,864.2135108282794,837.8801351520715,854.6377378551128,898662
2022-07-06,836.4916381835938,851.8128749736622,830.1716513860425,845.0619667022144,1541340
2022-07-07,831.033447265625,859.3777707828416,825.6950005052009,840.2740917095007,1550608
2022-07-08,833.3555908203125,848.4613373464158,827.8495214597182,840.034668970682,1620218
2022-07-11,836.0128784179688,846.7617190423994,832.9007520874628,835.0074339080586,1436876
2022-07-12,833.8823852539062,844.1284755434258,828.3044849808977,835.4863157755298,1094328
2022-07-13,825.4794921875,840.4177329977064,823.5643376051053,836.2043695380862,1539698
2022-07-14,828.3043823242188,841.2316761524003,825.4795175392547,825.790741857628,1251144
2022-07-15,826.43701171875,836.6352325355966,823.9952014860315,832.4697365424882,1116446
2022-07-18,849.1796264648438,853.2014632332349,830.9617515009363,837.1141746055565,1935542
2022-07-19,873.3583984375,875.9199061245516,849.8498865055922,851.2862525109538,2952758
2022-07-20,876.7098388671875,889.0147415876537,869.5758766710546,881.2344264374485,1960542
2022-07-21,884.7056884765625,890.4511522611597,872.3529179613267,879.4868805163775,1500514
2022-07-22,894.83203125,909.6744795196054,888.631741560888,888.631741560888,2977562
2022-07-25,911.3502197265625,913.8878229144475,894.4011485101571,895.2868958111013,2356300
2022-07-26,901.8703002929688,920.4712286469303,896.7233220313539,911.35028100032,1967752
2022-07-27,928.4430541992188,929.7118558544378,902.5166362227934,902.5166362227934,1957612
2022-07-28,969.3795166015625,974.3349677705801,930.0470146900991,937.4203720813235,3884756
2022-07-29,969.5469970703125,989.4646512730033,963.3706119183183,976.7288266782407,1988732
2022-08-01,971.5579223632812,986.0173164703405,965.9321556264075,971.9409766683996,1776780
2022-08-02,980.726806640625,993.4625149677008,969.547044579753,971.462199235713,1778528
2022-08-03,969.4990844726562,989.3209449510241,959.0136020471689,982.6418671069292,1164778
2022-08-04,959.8037109375,976.1064299464457,948.7437044426362,974.3588980723398,1684594
2022-08-05,956.2846069335938,964.2803541181876,945.9666880084454,962.3651994923323,1403264
2022-08-08,1033.824462890625,1040.8865959588832,958.5349425527527,960.9288859657215,7183926
2022-08-10,1038.1573486328125,1055.3697754887005,1022.4530591158535,1034.1833798596317,3451804
2022-08-11,1084.19287109375,1100.256252731077,1041.030123601667,1044.2859096077684,5522052
2022-08-12,1086.946044921875,1098.1736161614583,1061.9532990440962,1084.360632790017,3423576
2022-08-16,1099.9210205078125,1105.905877715891,1068.5124431231206,1094.8458148386653,2581672
2022-08-17,1096.6893310546875,1115.3860506259884,1092.3562705304669,1105.0681321654845,1766172
2022-08-18,1108.5634765625,1125.1294956456015,1094.5589069199755,1098.8200796442393,2665298
2022-08-19,1078.2208251953125,1118.7818830167987,1070.430826434843,1115.4397733835676,2288654
2022-08-22,1072.2099609375,1090.939650644648,1058.8659419147325,1077.090699314229,2141126
2022-08-23,1076.41748046875,1083.870896125335,1061.0057168732749,1066.800169944124,1318978
2022-08-24,1066.22314453125,1084.7844832258604,1058.7937957022373,1077.138768391888,1625678
2022-08-25,1067.8338623046875,1081.923244099103,1065.4055855927006,1071.7529863366087,1381672
2022-08-26,1093.127685546875,1100.6772517132495,1068.5554073187013,1072.3302491013005,3448186
2022-08-29,1100.79736328125,1112.9392180845505,1065.1171639330958,1072.3301469845615,2438668
2022-08-30,1103.682373046875,1112.722667115123,1094.4738465080109,1110.4866897003596,1221170
2022-09-01,1107.4814453125,1119.6472492608175,1092.0456148928001,1092.0456148928001,2410434
2022-09-02,1139.4110107421875,1166.0990508756297,1115.656297655014,1118.0124920766348,5455060
2022-09-05,1143.257568359375,1159.9195086737411,1131.5004319878656,1145.253112949257,2140418
2022-09-06,1151.38427734375,1168.2627029296673,1146.864188716714,1148.9799499040923,2138480
2022-09-07,1160.5208740234375,1178.1206001525904,1153.5964570473732,1154.077322598456,2718368
2022-09-08,1164.56005859375,1172.3019224865102,1157.9240914008126,1166.579670157131,1234534
2022-09-09,1170.3546142578125,1186.7761251072068,1166.098907368305,1170.42669712761,2369116
2022-09-12,1256.9825439453125,1268.6916670123628,1176.8702965950865,1178.120593980878,7416854
2022-09-13,1249.04833984375,1268.5233957681664,1242.3162217464208,1266.263351029542,2767998
2022-09-14,1235.343505859375,1263.209638924787,1220.1000925404824,1235.824371373528,2740260
2022-09-15,1223.39404296875,1242.6527317401144,1208.992143215468,1241.5227681360766,1979796
2022-09-16,1194.1812744140625,1228.0822904230974,1163.0693016415587,1221.3983072758706,2923862
2022-09-19,1193.0755615234375,1216.5657731713059,1171.4605611598047,1197.355217953383,2277992
2022-09-20,1183.43408203125,1213.8728921696768,1180.5248222278724,1199.0622110424133,1662434
2022-09-21,1180.3565673828125,1193.0274214993347,1158.4051021329694,1186.078937828487,2533448
2022-09-22,1196.1771240234375,1216.5898431691808,1173.9130255481275,1182.929254622998,2726474
2022-09-23,1172.7349853515625,1203.7026813576497,1157.4675033770548,1199.759607130612,1511820
2022-09-26,1125.0570068359375,1157.9001464972785,1092.286067444444,1150.4467306727622,2907240
2022-09-27,1097.50341796875,1136.958338219886,1093.0072785961736,1130.0339219978036,1899410
2022-09-28,1101.2781982421875,1114.1654177494354,1077.6437047259303,1086.756082914857,1342928
2022-09-29,1113.107666015625,1119.7675838470766,1087.4293736515795,1110.7994877561073,3562366
2022-09-30,1127.5574951171875,1133.6403966273747,1101.1819759392101,1112.7227477394465,1537268
2022-10-03,1101.951416015625,1143.7867141077359,1094.4498673292428,1132.366158594085,1951292
2022-10-04,1138.6895751953125,1141.670918001957,1115.6080297521644,1116.6178943248265,1648706
2022-10-06,1190.6229248046875,1199.1342202946544,1139.891616821289,1142.0795782282948,3203376
2022-10-07,1182.784912109375,1201.6829507814991,1174.1293326319574,1187.2088514736265,1778044
2022-10-10,1163.574462890625,1179.226660672317,1158.886023583596,1173.3119906821469,1345132
2022-10-11,1139.074462890625,1178.601591943607,1134.8428221080833,1168.022548686667,1211382
2022-10-12,1134.938720703125,1150.7832153238755,1127.629588640313,1144.4598810080788,1495980
2022-10-13,1135.0347900390625,1153.596243839855,1129.432754363843,1136.2850872003241,1493578
2022-10-14,1123.78271484375,1156.8422191850027,1120.8975217376044,1149.2685872813704,908480
2022-10-17,1136.7420654296875,1147.8019728071351,1121.883367260381,1123.7827626563103,1697222
2022-10-18,1191.560791015625,1196.3694466160018,1134.8427216889434,1142.6327202817902,3098996
2022-10-19,1187.7138671875,1229.5732376915294,1177.6878906944999,1197.5235950569463,3684862
2022-10-20,1177.15869140625,1205.0488891601562,1164.920688457787,1185.2852710336447,2160936
2022-10-21,1155.3033447265625,1197.3550060995778,1144.4598050269058,1185.3333694921523,1552594
2022-10-24,1161.266357421875,1166.0029305421472,1154.5583057805914,1165.8827141421284,404974
2022-10-25,1204.01513671875,1209.8576056210309,1157.443265790867,1162.612569948429,2591880
2022-10-27,1211.9976806640625,1216.4938209933273,1196.081099708902,1209.2808369777122,1429232
2022-10-28,1214.01708984375,1216.1089018182633,1193.3159230972074,1211.7811121320774,1115040
2022-10-31,1216.6138916015625,1227.1448000428659,1208.1265443209666,1214.6663626709615,1038820
2022-11-01,1217.2391357421875,1225.9667990800904,1205.4579290046067,1220.4368448971443,841596
2022-11-02,1199.2066650390625,1225.726354626273,1190.1423019615636,1216.5899086718207,1265316
2022-11-03,1223.8748779296875,1234.3818369017972,1182.929224300125,1182.929224300125,1930752
2022-11-04,1231.47265625,1237.7479754092867,1214.4741288141104,1230.3907087190478,1865810
2022-11-07,1246.692138671875,1254.0733548204796,1227.6498149122963,1237.6518423678444,2117362
2022-11-09,1203.3900146484375,1252.1737975278147,1197.3551289724494,1252.1737975278147,1930226
2022-11-10,1169.0322265625,1202.1638143257949,1159.4629321611808,1200.2403522228738,1648594
2022-11-11,1192.1138916015625,1218.5133646577037,1171.9655536093264,1184.8527744737894,3045810
2022-11-14,1197.4754638671875,1208.2949389949906,1164.7766057031602,1197.8120462802888,1631814
2022-11-15,1213.127685546875,1218.080624406095,1183.1697370049653,1198.3170024858255,1712410
2022-11-16,1289.2724609375,1302.8569110235044,1213.391980570824,1215.3875253938493,9942896
2022-11-17,1289.849853515625,1309.228642741647,1274.8228039304188,1296.605921090074,4194458
2022-11-18,1270.5675048828125,1295.954098822841,1260.2965973452717,1292.3205146741307,2384470
2022-11-21,1285.998046875,1292.9018567160822,1252.423824167165,1268.7507051878238,2329032
2022-11-22,1322.2125244140625,1326.0157224099123,1286.2885432949643,1288.710932265388,5499386
2022-11-23,1317.125732421875,1330.1097631759837,1311.0456296927503,1327.4451348536406,2154714
2022-11-24,1321.60693359375,1338.2972883056443,1312.450350553337,1320.6864730928005,2017230
2022-11-25,1323.37548828125,1344.401779555012,1319.2331790280834,1323.5934796565273,1506132
2022-11-28,1338.394287109375,1343.069450976005,1324.1748151233776,1327.8083989411905,1508604
2022-11-29,1333.35546875,1343.6506215274007,1327.008880829768,1340.0655332842596,986228
2022-11-30,1334.2762451171875,1341.494917762694,1318.5307150078997,1333.3556662346712,962258
2022-12-01,1334.93017578125,1340.768157333989,1323.7388087902355,1337.158821128753,859294
2022-12-02,1344.062744140625,1359.9293945400502,1329.8917663029704,1333.4768552641358,1871954
2022-12-05,1348.4471435546875,1356.0534216922445,1340.1382779517364,1352.7831963987744,1360562
2022-12-06,1336.4322509765625,1362.2549460037626,1333.8402469694258,1337.1832153573835,1451394
2022-12-07,1321.00146484375,1344.1595294222934,1317.0045226343402,1338.0066844651649,1009110
2022-12-08,1333.7677001953125,1337.6192759639928,1313.9041056773294,1322.624708148639,1021472
2022-12-09,1317.9493408203125,1344.014154016688,1298.1341261738676,1340.4048177608233,1329912
2022-12-12,1314.5821533203125,1329.8674531723589,1311.4815423868413,1320.2021437030448,953218
2022-12-13,1311.966064453125,1323.9083965680009,1308.3809755479303,1318.2642767270877,813070
2022-12-14,1300.1689453125,1319.7176740297464,1298.400648458047,1314.3884176368215,863386
2022-12-15,1261.4833984375,1303.0999967561045,1255.790783930364,1298.4005854574214,1667784
2022-12-16,1253.0777587890625,1266.9096255849602,1232.6085688537032,1259.6424575605722,1548086
2022-12-19,1281.153076171875,1283.8661992259217,1238.010421724346,1250.0012475473052,1327990
2022-12-20,1286.9913330078125,1292.5870765794375,1262.5494458643232,1281.9285624547197,1273414
2022-12-21,1250.946044921875,1296.1719808414389,1240.2875323183832,1290.6247331653117,1910302
2022-12-22,1223.0643310546875,1260.1268865411932,1207.803278795538,1253.8286744977347,1737178
2022-12-23,1181.9564208984375,1223.0644166163138,1175.2222256316193,1213.617097890222,1735564
2022-12-26,1224.3482666015625,1232.5117664550392,1170.0141179201728,1174.8588968763638,1637110
2022-12-27,1221.901611328125,1235.9029736348268,1206.8827982420098,1234.7886509432608,2309794
2022-12-28,1223.3306884765625,1241.2078719248063,1210.4192841810864,1221.8530075353356,1371280
2022-12-29,1214.367919921875,1224.1543483630633,1211.1945665014973,1216.0393447675033,1502838
2022-12-30,1226.334716796875,1236.484505414068,1219.091795656534,1220.3998623649693,909436
2023-01-02,1230.8160400390625,1247.0218012832536,1223.960725427894,1230.5738011018377,998072
2023-01-03,1230.1134033203125,1241.8377426297955,1221.635041671616,1232.5115448162294,1109886
2023-01-04,1202.4498291015625,1236.242160627117,1198.1622709086937,1236.242160627117,1376606
2023-01-05,1216.8629150390625,1220.1331403192282,1186.9706572453933,1202.231708552834,1290668
2023-01-06,1211.3883056640625,1230.840161295748,1202.4982085485408,1216.9598006485562,1006604
2023-01-09,1209.208251953125,1231.5427287682553,1203.927490554333,1219.4307821832017,1064990
2023-01-10,1201.190185546875,1214.1014727311076,1189.6353416964225,1214.1014727311076,911896
2023-01-11,1194.0684814453125,1216.9843111632695,1189.3933167386579,1207.1978806450309,1345496
2023-01-12,1186.41357421875,1201.1901479454573,1182.1258981365816,1196.6602329497362,805988
2023-01-13,1193.147705078125,1197.7502441901916,1179.969932539719,1186.3650158603425,1054624
2023-01-16,1200.34228515625,1213.6169300125637,1185.1538583006923,1186.9706501120884,1176602
2023-01-17,1190.65283203125,1203.6852391089901,1179.0737402478792,1203.3461282642795,1182260
2023-01-18,1179.5582275390625,1199.5671869057112,1174.689201367407,1194.2379304210735,1305786
2023-01-19,1188.302978515625,1189.3930536156802,1165.6536403255911,1179.2190193484992,1079776
2023-01-20,1215.797119140625,1221.8530920393132,1185.6383741051582,1188.4241216385549,1758206
2023-01-23,1223.0400390625,1227.4488346450016,1211.049212723184,1224.7599590218592,1168318
2023-01-24,1232.56005859375,1235.418430394926,1218.461706840486,1224.1058260827485,835766
2023-01-25,1221.417236328125,1232.5602276205625,1206.5195414480183,1232.5602276205625,1442252
2023-01-27,1194.238037109375,1231.5185882830717,1171.5160706527336,1223.7185649726262,1602946
2023-01-30,1197.338623046875,1212.115198852473,1174.0110597021353,1191.8156223531428,1147896
2023-01-31,1236.79931640625,1245.4956700853331,1196.6602795550393,1203.2976023887343,2401150
2023-02-01,1145.4752197265625,1256.2510296995843,1114.2990236440585,1247.5304286449784,4646160
2023-02-02,1141.7930908203125,1166.5983312991007,1114.3232223582795,1114.3232223582795,1834140
2023-02-03,1133.6297607421875,1157.7810307270381,1119.192414330823,1145.7902030210043,1316218
2023-02-06,1164.1033935546875,1170.5711018388522,1138.5229395961276,1139.2981514630358,1718828
2023-02-07,1175.682373046875,1189.3931198359558,1165.6537052241588,1169.4810329207096,1456402
2023-02-08,1179.1463623046875,1191.8154096929998,1170.5226336515789,1181.7140000668523,800110
2023-02-09,1166.646728515625,1199.5669696360465,1141.9141144717937,1182.1257697544238,2284432
2023-02-10,1164.176025390625,1186.2197675540608,1150.6348931463738,1152.5970520939893,2477466
2023-02-13,1185.4686279296875,1196.490497381547,1164.0063569842591,1165.6535341175286,2257348
2023-02-14,1195.3524169921875,1202.958696815703,1183.6280747752232,1188.7392222977908,1409882
2023-02-15,1202.740478515625,1208.7479563852087,1189.8533207325452,1201.5050363744988,1296058
2023-02-16,1291.3272705078125,1312.9350308743467,1203.9275098607939,1208.287810701336,6259508
2023-02-17,1278.6339111328125,1331.345124583228,1269.8164379667542,1292.5868967933231,8472188
2023-02-20,1253.416748046875,1280.9593594996907,1242.0800143408972,1280.9593594996907,2273804
2023-02-21,1270.422119140625,1285.80429181017,1249.9529287378443,1258.1890526868922,2991976
2023-02-22,1240.0452880859375,1277.543825863553,1231.0582004321477,1271.7543392894088,2344648
2023-02-23,1231.033935546875,1246.7794652401387,1224.7599712175497,1243.7272312126847,1457900
2023-02-24,1227.5458984375,1243.2671828836894,1216.9600088436614,1236.0727569239448,1296700
2023-02-27,1246.7310791015625,1249.4683315462482,1219.5518253527698,1225.7289177247026,1473038
2023-02-28,1247.1912841796875,1263.0336853454837,1238.3979407183447,1252.3751732328635,1522170
2023-03-01,1300.4595947265625,1303.245342205254,1247.2155293591632,1249.9527817433293,2802016
2023-03-02,1313.201416015625,1321.9946413864911,1287.7420821942042,1313.419407384683,3566784
2023-03-03,1304.238525390625,1338.321468703884,1298.885021879291,1315.3330200406792,2545132
2023-03-06,1313.29833984375,1321.171104953945,1306.2007866105416,1315.3331231699322,1490630
2023-03-08,1387.18115234375,1402.2242126820815,1310.5125354369488,1310.5125354369488,8720466
2023-03-09,1386.91455078125,1401.9818574169014,1373.4945396059688,1389.4580591879278,2678066
2023-03-10,1380.4227294921875,1411.477687985057,1363.5386295008595,1383.1599819686094,3121364
2023-03-13,1353.316162109375,1411.768363620282,1344.4501943714706,1387.3507288713258,4027458
2023-03-14,1348.156494140625,1363.562913479358,1324.1022161183087,1359.4448517403016,2195194
2023-03-15,1348.4716796875,1390.9361224959875,1344.4262417019731,1358.4034771487218,3016680
2023-03-16,1319.112060546875,1355.3267796822633,1291.2303367403406,1354.1155850623506,2539078
2023-03-17,1356.029296875,1380.7619155446741,1344.6440670450702,1371.0723582426062,4055368
2023-03-20,1290.59326171875,1360.3965047015838,1276.808261322749,1360.3965047015838,4032142
2023-03-21,1295.814453125,1303.841447190174,1264.804278112624,1296.5219779881334,2647334
2023-03-22,1280.8096923828125,1305.7690376539156,1276.0276147801808,1297.986024977163,1320540
2023-03-23,1218.1304931640625,1229.5732393607952,1207.7612452752992,1216.4957640793932,10594782
2023-03-24,1252.84912109375,1275.9298706953111,1229.6708023977606,1229.6708023977606,9542446
2023-03-27,1282.883544921875,1286.2748755663347,1232.1107969669936,1232.1107969669936,5794146
2023-03-28,1282.590576171875,1293.1062375146653,1279.2968150008471,1282.858980538134,3718146
2023-03-29,1320.7982177734375,1325.5558727557193,1277.4425142051837,1282.8101249544247,3182244
2023-03-31,1332.6802978515625,1388.7473882558986,1325.629113382124,1327.1174293849742,6241754
2023-04-03,1323.55517578125,1352.3207851782108,1321.5057482220025,1346.782339138019,2026130
2023-04-05,1328.11767578125,1337.0230299037844,1302.8655072420088,1330.679489980883,2337742
2023-04-06,1350.6129150390625,1353.6138497857569,1323.7991639851937,1331.1674773668149,2885656
2023-04-10,1374.2060546875,1379.9640615145613,1350.198217189106,1353.1260051555441,1839512
2023-04-11,1378.280517578125,1389.2352996800082,1372.0589685542682,1380.4275142943463,1341074
2023-04-12,1371.93701171875,1385.1364790985224,1362.7388305731213,1378.280552058634,998346
2023-04-13,1368.7161865234375,1378.9878644712476,1363.860962914769,1373.669098350953,850886
2023-04-17,1381.6474609375,1385.8195824505012,1361.9093150068131,1368.252855349016,1431092
2023-04-18,1380.5250244140625,1393.1145351391126,1371.1805498145613,1387.5273641984716,1039432
2023-04-19,1376.5970458984375,1389.9672289187592,1371.8636937487145,1380.9643054488427,794646
2023-04-20,1354.662841796875,1384.526369854406,1350.9543824114417,1380.4518178964058,1293338
2023-04-21,1357.4930419921875,1364.8369327610405,1337.266933940519,1351.6618890768975,1204638
2023-04-24,1378.7928466796875,1382.8917017420076,1351.686388826555,1363.519530593402,1286140
2023-04-25,1378.231689453125,1390.2112450683715,1373.6692915952226,1379.4760230987315,921288
2023-04-26,1386.3074951171875,1399.4093929086298,1375.2551440496716,1378.0120965191613,1467544
2023-04-27,1385.30712890625,1390.6015926661087,1376.7921701457105,1387.7713740543684,791556
2023-04-28,1424.954345703125,1427.2721777883469,1387.771463236068,1388.2594278855884,1994824
2023-05-02,1433.786376953125,1443.423677594398,1425.3934098412983,1434.54274589314,1528660
2023-05-03,1466.6751708984375,1479.508663674251,1426.2716782883247,1431.7125550445483,3559852
2023-05-04,1444.302001953125,1488.291960949379,1434.6158574397293,1475.4340466831402,1973526
2023-05-05,1436.738525390625,1455.5007392292562,1432.1760090208522,1451.206627198642,922178
2023-05-08,1443.7896728515625,1449.2548525093766,1426.906050149334,1439.4955605732866,899728
2023-05-09,1422.0753173828125,1454.134569124015,1408.217050681096,1446.8150998163437,1102232
2023-05-10,1441.6427001953125,1444.3753498613612,1422.4169408263067,1427.7845519237644,969060
2023-05-11,1472.8480224609375,1475.6049748438143,1446.8150629669012,1451.694709047734,2020784
2023-05-12,1451.182373046875,1479.996707986562,1438.1781634402435,1479.996707986562,2713000
2023-05-15,1475.77587890625,1479.5087606793104,1449.5720829250383,1457.52593023398,1882018
2023-05-16,1511.1044921875,1523.9624080470103,1480.0211685843856,1482.7781211353056,3066666
2023-05-17,1529.232421875,1546.2624602282285,1513.5199834279401,1517.4725448824483,2582144
2023-05-18,1509.7137451171875,1536.8934707460908,1496.5875440142026,1534.6487857595916,1786942
2023-05-19,1499.6617431640625,1517.570021520885,1485.8523201064613,1517.570021520885,1215278
2023-05-22,1512.3487548828125,1516.106058591386,1487.6089727321955,1505.3219929486108,1190554
2023-05-23,1486.5352783203125,1526.6216408409562,1484.388281778553,1514.642086338142,1497886
2023-05-24,1464.5037841796875,1498.0025069671885,1462.4299345894287,1486.5353386445822,2081962
2023-05-25,1471.06689453125,1478.9718974330162,1453.9881330815147,1469.9689741523384,1935542
2023-05-26,1473.750732421875,1498.0025503892457,1461.7224521025096,1478.4352404613942,2405718
2023-05-29,1470.578857421875,1490.1462850853034,1462.9422592600417,1484.3882791111391,2016656
2023-05-30,1513.739501953125,1520.5710071010008,1471.2134300603961,1477.776530822492,4393486
2023-05-31,1521.0101318359375,1554.1673037039463,1479.9966819887188,1531.2329667262115,23508736
2023-06-01,1503.2969970703125,1511.7143867317466,1493.415713554716,1502.9310236067718,2170032
2023-06-02,1545.847412109375,1549.2387422120983,1504.9316523717785,1509.7624542007532,2692120
2023-06-05,1602.23193359375,1622.9704312875933,1549.434182114882,1553.557459594671,4784968
2023-06-06,1665.4720458984375,1678.5982461589215,1604.9155905862478,1606.3794844055726,4634846
2023-06-07,1702.044921875,1720.075189753968,1686.9911665331551,1693.2371371478778,5907826
2023-06-08,1721.246337890625,1731.0788963768757,1696.6529689103786,1716.683940212695,3310766
2023-06-09,1821.52294921875,1846.9459517154985,1722.636973855651,1761.0641848721887,11784674
2023-06-12,1798.6619873046875,1854.2655311831102,1779.6557894364578,1832.3071235769944,7888898
2023-06-13,1775.80078125,1804.981088694656,1770.3600235124327,1804.981088694656,3235854
2023-06-14,1813.081298828125,1824.499622710886,1778.6797948428034,1782.5346674947489,3825868
2023-06-15,1809.177734375,1828.5010625058492,1799.686726887201,1820.2056636833556,2121874
2023-06-16,1876.077392578125,1896.2303535120989,1814.42313951633,1816.6921271553124,6239354
2023-06-19,1899.841552734375,1927.4604000434929,1885.98340409319,1902.5742024733113,5109292
2023-06-20,1878.029541015625,1902.574186951192,1854.2656861796688,1902.574186951192,3893862
2023-06-21,1864.1956787109375,1898.3532020200769,1834.7469663194777,1892.9611691570224,3310098
2023-06-22,1834.9664306640625,1868.392005298108,1828.134926359294,1865.0006752017798,3664396
2023-06-23,1776.459716796875,1883.543534593959,1766.9199841359393,1844.4087937896752,8572968
2023-06-26,1805.9814453125,1815.2283508540288,1746.962149505619,1777.6550758497922,5507348
2023-06-27,1786.4873046875,1839.6266037586624,1782.6323127388935,1822.1574466658037,4390540
2023-06-28,1816.1553955078125,1827.427425410803,1788.8782220443268,1798.0519803427453,3532066
2023-06-30,1850.6058349609375,1857.5593308470793,1805.9570719025523,1821.0351311186544,3494638
2023-07-03,1839.6510009765625,1859.6575499780763,1835.5277238502085,1858.7303457402786,1383142
2023-07-04,1816.253173828125,1846.9461010111556,1812.7885773464843,1839.651053712027,1414468
2023-07-05,1822.4989013671875,1829.3792497458844,1800.589338906992,1816.179783746742,1597660
2023-07-06,1820.6204833984375,1837.089289903458,1808.884910047721,1824.987743074852,1736726
2023-07-07,1834.5030517578125,1846.8485808932871,1810.3488022400543,1815.228448607278,3145996
2023-07-10,1842.77392578125,1854.2655161617545,1825.5000262571684,1846.2629442184818,1850612
2023-07-11,1911.576904296875,1925.0203528944355,1849.8006572269048,1852.2404802343756,6498242
2023-07-12,1875.662841796875,1919.6283823349006,1861.7070060897804,1919.6283823349006,3088386
2023-07-13,1880.6156005859375,1902.4031726960295,1864.024803901993,1884.5193174527478,2637038
2023-07-14,1872.173828125,1886.9591798931513,1842.1640040848065,1881.835551398484,2389776
2023-07-17,1861.926513671875,1909.4054934168664,1856.070938430116,1881.5915110185117,2722208
2023-07-18,1878.7857666015625,1890.862890872295,1860.365102309839,1867.928553873328,1759552
2023-07-19,1883.9825439453125,1895.2545742617133,1875.2724470026274,1880.5667916230077,1581708
2023-07-20,1872.2957763671875,1886.9347145878596,1861.8533814225684,1883.5433843931341,1073984
2023-07-21,1880.8350830078125,1900.1341062959457,1875.2479122997738,1878.8100776197393,1781184
2023-07-24,1895.8646240234375,1912.28458656262,1878.6638704047962,1887.61806923212,1896302
2023-07-25,1872.0030517578125,1905.5017740899814,1867.9529217278443,1902.5739864729417,1092930
2023-07-26,1882.8603515625,1888.4231006402729,1868.2457157235303,1877.5903097808273,680048
2023-07-27,1880.103271484375,1887.3983187761846,1871.8322949459828,1883.5434459049773,807498
2023-07-28,1917.2130126953125,1926.9723052007607,1869.4413235339387,1878.6638072987919,2743224
2023-07-31,1933.0718994140625,1951.3217290900775,1922.0926951387082,1924.5325183110092,2155884
2023-08-01,1886.4222412109375,1939.3420957516978,1881.1278969436823,1935.7555083997033,1689700
2023-08-02,1824.9144287109375,1886.9590789876193,1811.934522899089,1886.4711143951733,1960584
2023-08-03,1837.9432373046875,1850.8743002554447,1806.2255357273584,1824.4509435391362,1441748
2023-08-04,1829.8673095703125,1854.2411183073918,1825.1340766226213,1846.946071126302,1013752
2023-08-07,1830.86767578125,1844.4331160398233,1827.4275013848223,1837.1867937820712,1035448
2023-08-08,1842.4322509765625,1851.6791558811494,1825.8414553642463,1839.6264546597738,790866
2023-08-09,1866.0986328125,1873.3692577435877,1835.7716803922601,1847.433986749853,1270686
2023-08-10,1850.19091796875,1883.5433458518469,1845.6529425187857,1865.4886557491218,791856
2023-08-11,1849.873779296875,1887.8618706632685,1836.235192695588,1860.16987990223,2200848
2023-08-14,1892.7415771484375,1899.1582641239143,1812.9836662541923,1846.8729037600388,2643174
2023-08-16,1903.135009765625,1910.381331434201,1869.392306698448,1893.326993183042,1322556
2023-08-17,1888.0570068359375,1916.8469179048323,1884.226437117199,1907.4535994628623,1116772
2023-08-18,1848.409912109375,1894.7665492926883,1844.5061952939382,1888.4230094676034,1153394
2023-08-21,1864.439697265625,1870.7343933164568,1844.9211121380977,1848.3368645354149,888908
2023-08-22,1898.8897705078125,1907.0631773497605,1865.049497838398,1867.8308721612025,1811764
2023-08-23,1967.0341796875,1976.2078190156979,1900.817287051876,1903.0619719022982,5100426
2023-08-24,1942.226318359375,2025.2697487816365,1938.0386145523116,2025.2697487816365,5055676
2023-08-25,1915.2635498046875,1968.4544800779772,1906.3005409662549,1953.6629326327388,2341784
2023-08-28,1917.6390380859375,1939.3611448756824,1910.1697844416465,1924.8633981681207,1480930
2023-08-29,1908.8719482421875,1924.3736633139029,1897.9985781277055,1921.6553207852824,1921322
2023-08-30,1912.7657470703125,1938.57750550462,1910.1943645781703,1923.8838912638068,1591546
2023-08-31,1910.3167724609375,1924.3736392163337,1898.7088413624722,1919.475767902472,1989702
2023-09-01,1930.6185302734375,1948.765168394859,1914.578000847052,1919.8677260694624,1778540
2023-09-04,1942.6181640625,1968.4544346340213,1935.1734237563298,1941.6876163655788,2012218
2023-09-05,1936.05517578125,1951.8017847585004,1931.328658056938,1948.765128356322,837472
2023-09-06,1953.981201171875,1958.5117320300276,1935.1734236023171,1940.340701631597,1215652
2023-09-07,1978.862548828125,1993.3846901125648,1958.0465947843913,1959.1486158808243,2602116
2023-09-08,2010.8455810546875,2027.1800306875343,1984.1277871119576,1988.4868450094684,2895476
2023-09-11,1999.654052734375,2042.412496541386,1991.4746309202098,2042.412496541386,1653588
2023-09-12,1930.1531982421875,2009.0334415864554,1924.8634731791317,2008.12728754057,1895288
2023-09-13,1944.6019287109375,1954.2507115669453,1905.3210235366842,1934.6592257367001,1477608
2023-09-14,1938.6754150390625,1954.005776289419,1929.761313091944,1951.2874337731025,722168
2023-09-15,1933.5081787109375,1948.2508196335289,1929.8103814208878,1946.365091291009,786220
2023-09-18,1951.1160888671875,2013.588342596689,1938.5040700759716,2008.1272638440835,2944968
2023-09-20,1955.5240478515625,1987.3111832100278,1942.0058758910068,1951.4587909551183,2439714
2023-09-21,1917.737060546875,1970.9034792619357,1910.9535803080048,1962.4301377045915,1535970
2023-09-22,1895.476318359375,1938.8224822288335,1888.1295109238736,1923.2962530971959,1490806
2023-09-25,1888.1295166015625,1904.9781472068662,1868.5380300479794,1903.6068388096708,1657588
2023-09-26,1896.0394287109375,1918.422796546895,1888.4477280828564,1892.4395649979779,1670334
2023-09-27,1879.6561279296875,1902.1618236321121,1876.8643650807333,1897.4354254495722,1706940
2023-09-28,1850.5628662109375,1901.9414918991506,1846.497608833131,1895.280458212922,1992076
2023-09-29,1888.76611328125,1903.0678734100202,1858.3502850004022,1859.231925740429,1147905
2023-10-03,1917.0758056640625,1923.687931754543,1886.7579113252555,1899.5414029309575,2009422
2023-10-04,1877.1092529296875,1918.9370277212713,1849.4362789465101,1917.0759322122742,1825706
2023-10-05,1904.1455078125,1931.720548688117,1891.704961845945,1895.6232591049472,1976433
2023-10-06,1916.1451416015625,1923.8838019913542,1903.3127430087582,1905.4188515342678,1029633
2023-10-09,1881.615234375,1907.2311257471354,1876.5214959428658,1896.4558086525187,824232
2023-10-10,1919.4267578125,1927.4593385822532,1896.0150283930966,1900.3740860690264,1658275
2023-10-11,1921.532958984375,1939.5571503576325,1917.5167281944775,1924.6676685493007,895385
2023-10-12,1928.2430419921875,1934.2674480368717,1918.0065380748133,1921.5329817473043,537987
2023-10-13,1934.7572021484375,1949.3528833309776,1915.1168089143084,1919.965653934028,770978
2023-10-16,1923.1982421875,1939.5080583764245,1916.8310093329599,1933.728665754624,786576
2023-10-17,1923.58984375,1932.6019983003257,1920.0634004811468,1932.5529717586612,449525
2023-10-18,1922.5615234375,1943.5244373688222,1910.169884629515,1924.8634991266651,753713
2023-10-19,1913.9901123046875,1925.3531494596302,1906.3493854783485,1917.0267685029235,437558
2023-10-20,1873.6318359375,1914.6271186831298,1866.138187723476,1906.1537765293358,771497
2023-10-23,1807.6083984375,1878.6275310549538,1803.4941148707424,1873.63160675411,1149806
2023-10-25,1772.8824462890625,1833.9588773380356,1746.14014080143,1807.314505360781,1625270
2023-10-26,1782.2862548828125,1794.4329990453327,1731.6913424181885,1758.3357131940336,1478145
2023-10-27,1816.5225830078125,1823.6244965935655,1788.3598222367236,1792.5719199276273,1140613
2023-10-30,1797.126953125,1831.8039066093563,1792.6699618898408,1831.8039066093563,796456
2023-10-31,1785.8128662109375,1810.2531956701916,1781.5027156391932,1798.4983047892165,691198
2023-11-01,1785.469970703125,1794.3351656605425,1781.8455937417916,1791.494376367557,575637
2023-11-02,1817.5511474609375,1820.3430299702025,1785.7640082011358,1797.518900191489,728430
2023-11-03,1862.9053955078125,1865.991078419309,1819.0694462773802,1827.6407212665708,1032482
2023-11-06,1895.2313232421875,1898.4149396270109,1869.02771145941,1870.9868600039167,975588
2023-11-07,1975.9482421875,1981.678727692281,1890.5783215255078,1900.3250375803182,2897381
2023-11-08,2002.7886962890625,2006.1681798158859,1967.71988828377,1985.5480928322165,1748876
2023-11-09,1989.3194580078125,2007.882342431743,1984.6174537220204,2003.2293646897983,679939
2023-11-10,2016.8453369140625,2067.8322246911966,1954.250637713509,1999.947800600994,4755794
2023-11-13,2018.265869140625,2032.6165360104294,2000.0947192650358,2029.6778133077637,1183911
2023-11-15,2048.289794921875,2062.0038346774495,1998.870320919169,2023.8494647596797,1634396
2023-11-16,2071.11376953125,2110.9823914603094,2042.4121977701832,2050.1019508669756,2450457
2023-11-17,2082.57470703125,2105.0068600954924,2072.5340716845567,2076.7953150298163,1087862
2023-11-20,2102.75439453125,2122.7376156017067,2072.779323771671,2093.6443052491118,1452454
2023-11-21,2100.501220703125,2117.7906114479506,2091.391131876353,2110.0030435886015,832725
2023-11-22,2068.958740234375,2108.1417077941087,2046.2814542668661,2101.1376088504935,1014171
2023-11-23,2102.411376953125,2114.9009494894804,2064.5997126717034,2073.7098016466452,1259937
2023-11-24,2194.540283203125,2205.0216800531894,2101.921488215962,2110.884497117934,2909879
2023-11-28,2240.286376953125,2286.6693147435476,2219.7153170860433,2261.8370110995916,3488568
2023-11-29,2295.5341796875,2307.9259373230166,2253.6573809031815,2284.367129006562,2349730
2023-11-30,2331.19091796875,2394.0795388760444,2259.8778625969862,2321.492989110273,7273415
2023-12-01,2411.956787109375,2448.9357164274293,2387.3693768548924,2444.0378449945742,4012398
2023-12-04,2467.939453125,2482.731121060381,2422.4873002100303,2482.241333898996,2351668
2023-12-05,2500.803955078125,2520.4444660038753,2454.029286111283,2467.939192193163,1840576
2023-12-06,2659.15234375,2697.8943138547024,2504.330586344932,2506.730495416765,6078296
2023-12-07,2634.81005859375,2685.6988972929266,2606.7941370465987,2674.2379254432335,2607706
2023-12-08,2677.813232421875,2726.3511875950458,2635.103935750163,2644.850652360492,2833575
2023-12-11,2734.7265625,2755.542516454733,2666.7442014811554,2683.9845657348633,2624284
2023-12-12,2683.935546875,2762.6444380684384,2659.8381624260187,2747.8527703778686,2393861
2023-12-13,2713.4208984375,2721.257493090027,2680.654184877399,2692.8498374746164,1438726
2023-12-14,2716.359619140625,2756.0814060828893,2708.6698649827645,2728.114511109499,1193987
2023-12-15,2705.38818359375,2735.7059584879617,2660.621688660975,2728.946991894181,1430382
2023-12-18,2755.640380859375,2791.541680972063,2696.033192895995,2703.6248932302465,2920105
2023-12-19,2730.514404296875,2766.709627773607,2720.033006850512,2762.3505698582835,1272030
2023-12-20,2611.447021484375,2762.3504896971344,2596.8514601274815,2740.7998551732553,1947471
2023-12-21,2651.2177734375,2682.0253365339777,2532.19949910805,2585.096509921139,2206814
2023-12-22,2648.474853515625,2671.298981385372,2622.908109067295,2667.380684382973,1000294
2023-12-26,2763.0361328125,2772.146221564627,2646.0750579354167,2654.646332995828,2160870
2023-12-27,2750.84033203125,2779.0030914219747,2731.0529802205406,2775.084794463265,1156573
2023-12-28,2748.489501953125,2769.2564283997026,2738.93865293406,2755.0526016534004,1003223
2023-12-29,2746.7265625,2772.195496389087,2727.13507489301,2750.5468069218027,765894
2024-01-01,2768.619873046875,2801.4843989496217,2747.8039195133642,2747.8039195133642,1038164
2024-01-02,2734.775390625,2780.7663530185228,2692.3107519768037,2772.0970253977644,1047639
2024-01-03,2811.37841796875,2827.590421485029,2706.5639612709606,2706.5639612709606,2164728
2024-01-04,2844.928466796875,2858.397612503497,2806.823124786596,2817.255494708724,1740167
2024-01-05,2937.59619140625,3016.108968037065,2904.5355620878836,2919.131122036523,5560237
2024-01-08,2934.41259765625,2972.958699307976,2924.0290153739475,2955.375390078124,1682520
2024-01-09,2948.76318359375,3011.994744920402,2939.702122403403,2958.314031875467,1979028
2024-01-10,2955.66943359375,2963.7018946163403,2917.3189581978654,2955.473566574442,1248563
2024-01-11,2958.755126953125,2980.6977346197186,2951.457346297371,2968.012056195867,723628
2024-01-12,2940.633056640625,2968.1101639095746,2929.9067657602436,2968.1101639095746,867631
2024-01-15,2968.64892578125,2977.1221477664194,2924.029268839704,2954.3960719666825,1135342
2024-01-16,2932.404541015625,3001.85625961033,2881.662547085078,2991.6197565387365,2214293
2024-01-17,2897.87451171875,2946.6573565280655,2871.915794451052,2919.131224820394,1643170
2024-01-18,2906.98486328125,2920.11106357808,2787.574609540622,2897.0910669346435,2066487
2024-01-19,2966.297607421875,2970.069063867025,2921.286219406774,2924.0290750801682,1203346
2024-01-23,2831.45947265625,2960.273491218539,2789.092884802113,2945.5798769338676,1628038
2024-01-24,2871.572998046875,2881.8585280684397,2762.3994915059016,2830.920665104501,1330866
2024-01-25,2844.48779296875,2897.874590306728,2816.2760063612095,2879.9483334615497,1309130
2024-01-29,2916.1435546875,2924.029175336183,2844.585606937694,2850.561105604118,1213259
2024-01-30,2951.0166015625,3002.3952257017254,2925.0578826453398,2930.6414083175,1853804
2024-01-31,2938.135009765625,2956.8449742388248,2920.9436724162438,2953.4164642471615,1074596
2024-02-01,2936.322998046875,3011.2114056360315,2894.7889041319795,2958.3143933054052,1920618
2024-02-02,2910.021240234375,2985.6933527004717,2904.780661374679,2950.477705474209,1256014
2024-02-05,2872.6015625,2943.6206974637685,2853.205944017051,2919.1313405797105,936558
2024-02-06,2898.021484375,2908.3560408723984,2847.671461983051,2876.9606373292754,1421958
2024-02-07,2889.4990234375,2917.1719948459618,2862.3158391336133,2904.339477044565,893201
2024-02-08,3033.9375,3068.0267337614596,2895.670682037534,2902.47867564981,4475010
2024-02-09,2904.780517578125,3063.1285950505485,2860.356730907452,3063.1285950505485,3176427
2024-02-12,2787.91748046875,2926.0374565766733,2770.2361165475622,2914.2335384473117,2890465
2024-02-13,2862.90380859375,2873.0912851673675,2767.1504253257276,2803.345646157393,1805862
2024-02-14,2896.69921875,2905.8090682928546,2796.978508537024,2828.0309655934366,1112043
2024-02-15,2961.448974609375,2972.028424875436,2922.2169760810834,2928.9271556946455,1788864
2024-02-16,3015.913330078125,3041.5781282896,2973.2037959645854,2981.8240974278724,2732655
2024-02-19,2960.028564453125,3050.2962382014716,2955.2287461688425,3036.631224900743,1615343
2024-02-20,2955.637451171875,2978.8262733166594,2931.659174134217,2978.8262733166594,979624
2024-02-21,2909.01318359375,2984.9441951872814,2896.2347103446764,2958.2523319710685,1281770
2024-02-22,2965.85009765625,2970.1425927830255,2901.0695092299316,2919.817917622914,919890
2024-02-23,3005.172607421875,3024.907774766625,2966.1956519159926,2966.1956519159926,1388116
2024-02-26,3009.366455078125,3034.2821048824444,2973.793766284851,3005.123345741767,849178
2024-02-27,3054.5107421875,3084.360184911187,2993.0850294751203,3004.630055008172,2050688
2024-02-28,3044.34716796875,3128.0243339804556,3020.714350914091,3072.765859941684,2725678
2024-02-29,3043.212158203125,3063.8846975947076,2974.188459332592,3044.100144361046,1382425
2024-03-01,3112.531982421875,3122.1034904531443,3051.0568876362586,3057.9641962434557,1516443
2024-03-04,3172.378662109375,3184.1212308449303,3091.5138647075373,3115.196064756366,1892157
2024-03-05,3194.136962890625,3223.493025493651,3158.6136602449465,3186.24289563603,1502498
2024-03-06,3185.453369140625,3202.030958184281,3112.532020878227,3195.9131043810225,1292669
2024-03-07,3273.37353515625,3289.8523514827166,3211.947827633815,3218.8057500109844,2251410
2024-03-11,3326.806640625,3382.6078776873155,3291.826102673537,3320.4420969713588,2519751
2024-03-12,3224.282470703125,3335.243405035235,3198.1827591026813,3330.309613015952,1421483
2024-03-13,2999.252197265625,3227.045473342115,2975.8166849494355,3206.964843268064,3448647
2024-03-14,3124.027587890625,3135.81930213458,2977.09936415673,3013.5106513502233,2329439
2024-03-15,3058.06298828125,3140.4079268153696,2966.195686846468,3123.04088298435,2864705
2024-03-18,3080.6103515625,3141.8387587197412,3064.2794517927427,3096.447872130197,1967550
2024-03-19,3018.395263671875,3102.763109395172,2994.1705369536053,3070.545543034725,1666528
2024-03-20,2941.033203125,3039.215656978695,2875.0191671985485,3033.2951069975675,2975349
2024-03-21,3080.018310546875,3087.0241503745656,2980.010254164043,2983.957287613267,1962690
2024-03-22,3128.8134765625,3167.3955841465213,3044.149560538412,3072.8149392657238,2086220
2024-03-26,3257.092041015625,3261.2363779437055,3137.8915830139135,3150.719441686612,2573125
2024-03-27,3237.603759765625,3280.8729719064354,3202.031070568958,3273.077676757237,1503735
2024-03-28,3282.9453125,3300.7069643259692,3228.6735985873156,3247.422008848061,1385868
2024-04-01,3358.284423828125,3408.5103319217724,3317.580638290954,3347.0846192020413,2513886
2024-04-02,3496.0849609375,3536.542054755857,3366.8196123959215,3394.448847198702,3169551
2024-04-03,3541.77197265625,3562.987278252385,3461.844542270813,3493.1247353635513,2077663
2024-04-04,3494.06201171875,3567.0821313003944,3465.6927085029083,3562.1483394367697,1591827
2024-04-05,3538.565185546875,3547.3966254871766,3461.400722987662,3498.0587030186484,1123258
2024-04-08,3519.915283203125,3552.330394415294,3496.1345492740943,3552.330394415294,865339
2024-04-09,3499.587890625,3541.4757345954536,3480.296716611358,3520.7538091492274,649755
2024-04-10,3518.188232421875,3575.617762876086,3501.6600295534313,3502.992249729832,1160813
2024-04-12,3589.926025390625,3628.8535981925775,3502.9925092899057,3517.7938860897225,3042596
2024-04-15,3581.193115234375,3651.0062757779674,3516.856512286015,3591.8007686031897,3848159
2024-04-16,3672.862548828125,3689.4401375277234,3537.8741973360634,3577.9858284764073,2939862
2024-04-18,3628.45849609375,3718.105591661341,3604.332301781649,3694.423390440568,2294396
2024-04-19,3701.626953125,3711.3463791328345,3573.0522812892013,3611.535860126616,2256325
2024-04-22,3735.373779296875,3759.5493591655245,3683.1743583109524,3749.6817755456677,1337755
2024-04-23,3745.43896484375,3781.1104270165133,3732.956566933156,3749.6820743199396,1321429
2024-04-24,3894.439453125,3947.0337257015367,3762.0165198092773,3775.4365308397905,4429158
2024-04-25,3947.773681640625,3981.5701569505522,3886.841350242435,3906.1819113084675,2632613
2024-04-26,3931.64013671875,3986.4546149142925,3913.8293400345206,3966.7194465924276,1432727
2024-04-29,3964.499267578125,3991.1911310996343,3922.6608068095074,3953.299704022691,1202126
2024-04-30,3887.186767578125,3982.4089523985263,3877.960480250537,3981.9155732025656,2054258
2024-05-02,3894.9326171875,3920.4898036943496,3879.341786650641,3889.80152180909,1008325
2024-05-03,3868.290283203125,3914.4706251219473,3828.6226431744785,3899.915938527405,1180369
2024-05-06,3765.864990234375,3886.249525546422,3734.930256237824,3883.881401542761,1613143
2024-05-07,3665.8076171875,3788.1656641676477,3644.4935384471837,3764.927454644289,1975562
2024-05-08,3805.43359375,3831.779993630964,3622.389919008492,3653.966186349345,1993745
2024-05-09,3795.71435546875,3901.642973117715,3769.861331850699,3844.213678599369,2335375
2024-05-10,3821.61669921875,3855.9559414115856,3770.0585702794147,3808.8876115949433,1462534
2024-05-13,3869.81982421875,3884.867890087134,3712.777318421001,3824.1822474047976,1619124
2024-05-14,4020.744384765625,4032.1414924118203,3923.3513793403235,3926.952951119702,2964966
2024-05-15,4126.96923828125,4138.070270678486,3997.358421440174,4051.4325909688964,2310941
2024-05-16,4542.740234375,4594.742117493799,4101.955025986442,4159.18701817004,10028325
2024-05-17,4471.693359375,4604.165678289004,4425.660693271924,4583.443751308043,5664667
2024-05-21,4718.92529296875,4805.513341368145,4662.581292746874,4687.102335009998,5540182
2024-05-22,4856.03564453125,4894.913829238009,4672.301037205696,4746.307917414868,5032087
2024-05-23,4884.35498046875,4926.884361021742,4843.0099026426415,4878.533202662025,3335143
2024-05-24,5098.2353515625,5306.786842333819,4855.9370115377205,4884.4542338327265,9073866
2024-05-27,5074.2568359375,5154.036343930436,4958.7564833815995,5123.742670226642,4228002
2024-05-28,4953.2802734375,5138.938762351985,4889.387669681321,5070.951207768378,4402348
2024-05-29,4984.85693359375,5083.779466892661,4884.454262639493,4933.792184484337,4225666
2024-05-30,4910.3564453125,5022.600212336724,4887.463457905267,4995.0201225702385,2751972
2024-05-31,4907.98828125,4976.024982690692,4797.816804115205,4953.527084277193,3912234
2024-06-03,5203.818359375,5371.91274981054,5093.942714758494,5371.91274981054,4619434
2024-06-04,4275.96923828125,5076.871527840769,3902.875823224918,5076.871527840769,15486676
2024-06-05,4307.1015625,4390.186810938009,3868.0928549894484,4362.6067214523355,13759681
2024-06-06,4604.806640625,4736.440108956633,4391.074684345212,4391.074684345212,9128985
2024-06-07,4682.31640625,4724.5990989771935,4489.750605753181,4604.855873821071,4542809
2024-06-10,4748.97265625,4779.8580034718525,4688.631990675199,4736.440631020828,2877321
2024-06-11,4792.291015625,4857.367444018082,4766.043145417545,4767.079049027253,2718189
2024-06-12,4824.26171875,4860.08085520981,4777.439840903139,4817.15686568933,2031876
2024-06-13,5032.17236328125,5049.785616522059,4791.699131363613,4874.586842861665,4364888
2024-06-14,5131.68603515625,5190.349012827858,5036.1680179125815,5071.9380087329255,6319680
2024-06-18,5460.1787109375,5493.284264045393,5318.134640034605,5387.799882623997,9934132
2024-06-19,5241.611328125,5508.874447792618,5191.43456853368,5506.111717076602,7351379
2024-06-20,5218.57080078125,5310.043019406486,5088.3186862361545,5240.674093553046,4867153
2024-06-21,5102.08349609375,5270.770038744821,5082.792561934771,5228.339427181398,4063083
2024-06-24,5254.537109375,5273.63097890375,5046.874113569894,5101.540427200376,3699083
2024-06-25,5300.5205078125,5382.766914407681,5259.422118018871,5303.826244718842,3493916
2024-06-26,5215.46240234375,5338.362968911005,5204.755977290664,5296.474881909287,2351908
2024-06-27,5211.564453125,5239.144542938221,5143.971503198074,5195.2829396389525,2864946
2024-06-28,5194.54296875,5273.236952082443,5180.53080657772,5228.832823556299,1565629
2024-07-01,5322.6240234375,5337.376254434003,5183.737776846339,5200.216835065114,2307080
2024-07-02,5273.2861328125,5348.230627411803,5229.819617210804,5328.49545904497,1706329
2024-07-03,5387.009765625,5407.435856568574,5260.853093730354,5295.883015793891,2852572
2024-07-04,5442.0712890625,5494.96163509085,5387.009881851493,5402.502181289385,3743401
2024-07-05,5478.48291015625,5550.46713175425,5409.903197934374,5461.708016519245,3446662
2024-07-08,5547.5068359375,5587.470552984087,5486.870336729446,5506.112126418543,3536842
2024-07-09,5466.24658203125,5599.606874963035,5443.994892434309,5564.231492205374,2392991
2024-07-10,5413.5048828125,5506.1122615677705,5248.568300946053,5495.060373979579,2121407
2024-07-11,5474.140625,5501.177706963483,5392.634290323845,5427.170831981911,1843378
2024-07-12,5416.5146484375,5504.582839644275,5373.886490891828,5496.244538058663,1387762
2024-07-15,5431.71044921875,5461.707808570264,5357.111416933689,5422.237472103632,1316307
2024-07-16,5258.830078125,5428.157914560583,5241.36474367543,5419.474633436962,2661970
2024-07-18,4949.33349609375,5254.488534456306,4909.1230908770185,5254.488534456306,7950717
2024-07-19,4736.68701171875,4953.527170215744,4719.764201514306,4943.65958621133,6373234
2024-07-22,4931.07861328125,5006.664406132916,4616.055981375694,4736.193821421118,6315834
2024-07-23,4791.79736328125,5001.8781215395065,4450.280198884035,4978.195920924602,7108160
2024-07-24,4785.28515625,4901.377192814555,4739.499660026267,4790.712327785081,2601966
2024-07-25,4766.09228515625,4828.9489888588105,4669.389960577315,4716.705219258261,2232884
2024-07-26,4840.4443359375,4868.419031651483,4777.883952623559,4785.778019459781,1492223
2024-07-29,4963.39453125,4975.23563152336,4845.970286872515,4881.29604329513,2448415
2024-07-30,4888.0556640625,5014.70620138343,4879.61907244758,4983.080787310322,2499857
2024-07-31,4857.66357421875,4921.852013938041,4846.95714946156,4888.055539514372,1298852
2024-08-01,4749.56396484375,4881.394982082646,4734.072147213439,4856.824794540031,2347381
2024-08-02,4633.57080078125,4704.864095857956,4570.023655581193,4677.234860395703,3205399
2024-08-05,4530.30615234375,4602.043192057912,4420.775980442931,4441.448277851981,3622642
2024-08-06,4454.5234375,4674.373507245172,4440.412984519895,4540.075587061341,2117464
2024-08-07,4677.67919921875,4686.115791081617,4509.486031847335,4540.026398027787,2000224
2024-08-08,4606.04052734375,4696.921076954803,4598.294377147871,4679.208570050473,1301394
2024-08-09,4661.34765625,4710.290966595128,4640.280269190996,4683.846035637541,1039025
2024-08-12,4663.962890625,4696.67431821461,4620.1017672560465,4627.897062533432,1030708
2024-08-13,4639.0966796875,4710.883352970035,4622.963083555723,4685.128862480806,1465327
2024-08-14,4599.97216796875,4747.788394551177,4532.921736977963,4642.501072717854,3928422
2024-08-16,4706.64013671875,4731.112034716312,4598.294254520886,4706.344301917889,2878549
2024-08-19,4728.79248046875,4793.671838931022,4711.228375390747,4746.307440357804,2362884
2024-08-20,4673.3369140625,4746.258745063861,4621.5817252217275,4733.480031094611,1472860
2024-08-21,4681.3515625,4722.36546833629,4652.805130336763,4660.424276231901,949203
2024-08-22,4717.9130859375,4763.32986525748,4672.29821847649,4690.108758064075,1218312
2024-08-23,4771.98779296875,4812.803613083822,4727.313119216616,4756.403570742996,1857673
2024-08-26,4751.4560546875,4798.950825746434,4719.792873981544,4798.950825746434,1390960
2024-08-27,4671.75439453125,4748.092252689726,4665.372090990979,4744.530047996128,1074033
2024-08-28,4635.83642578125,4712.8671133767375,4620.8459835123585,4674.277607304579,798611
2024-08-29,4553.51220703125,4634.154375921095,4492.659527439527,4610.951006462316,1715519
2024-08-30,4630.69091796875,4652.954091999673,4554.352581389278,4565.43488794139,1630572
2024-09-02,4638.65625,4665.372060313566,4613.7213004506075,4649.540469016638,1121937
2024-09-03,4781.48681640625,4873.161524911503,4751.109758415561,4870.836163393083,3960603
2024-09-04,4810.67626953125,4897.8983423736445,4744.876221093301,4794.003529050567,3164300
2024-09-05,4742.0068359375,4836.451878615905,4725.779069077896,4819.729857692428,1801363
2024-09-06,4653.94384765625,4747.003727472747,4645.582595202615,4734.635296708097,1417853
2024-09-09,4607.833984375,4643.554107061243,4532.980342186771,4638.75505956361,1571610
2024-09-10,4636.08349609375,4687.041430320324,4626.782532882701,4630.7404306867065,1258288
2024-09-11,4550.345703125,4658.841481755706,4536.7404292097035,4620.845758867898,1173915
2024-09-12,4592.84326171875,4604.716953862047,4547.772415406421,4559.448502565726,933061
2024-09-13,4596.0595703125,4640.635201324355,4583.245682843158,4608.972018714039,867679
2024-09-16,4548.96044921875,4613.82030601527,4541.736995864723,4606.003554506019,642977
2024-09-17,4411.57177734375,4551.483366106529,4379.957875825023,4550.592935741596,2413098
2024-09-18,4390.94091796875,4437.792626833579,4374.466266049331,4407.069640366062,1326709
2024-09-19,4187.25732421875,4417.112503585721,4128.086951866252,4388.318703625798,4675647
2024-09-20,4287.73876953125,4347.206274571448,4148.519535283752,4185.427218409443,3502389
2024-09-23,4391.23828125,4413.847385675076,4308.171708812112,4324.003299841279,1698571
2024-09-24,4356.11181640625,4397.2242849496315,4316.087383202136,4391.2381580164465,1374111
2024-09-25,4343.05078125,4393.266610183972,4326.526364481992,4353.6383512474895,1032339
2024-09-26,4323.310546875,4358.634978207097,4272.550700544437,4344.733055358535,995154
2024-09-27,4427.056640625,4437.149472420872,4328.406336161609,4344.831224133484,2193012
2024-09-30,4374.1201171875,4416.024456643299,4338.845449782852,4413.056033302512,1327395
2024-10-01,4379.51318359375,4399.20362952669,4351.758133967701,4381.39308851646,841972
2024-10-03,4222.53271484375,4382.283066585458,4209.224090928126,4299.216980722201,1628669
2024-10-04,4211.84619140625,4288.7285470630495,4155.7925621663435,4215.161027340148,1374135
2024-10-07,4122.05126953125,4273.1934827819,4076.980904270343,4211.84607052959,1656254
2024-10-08,4322.32080078125,4343.5945002459885,4101.371361922802,4116.2134778284335,2008330
2024-10-09,4340.37841796875,4401.033484128583,4322.023862450624,4339.8344003453385,1355805
2024-10-10,4435.07177734375,4490.234976983867,4319.105180538653,4351.708556362945,2294983
2024-10-11,4399.3515625,4467.4769724288535,4384.70753445175,4438.78221446641,860513
2024-10-14,4460.10546875,4496.963392879461,4441.2068928239305,4470.742319337696,1482299
2024-10-15,4527.2412109375,4549.504385615174,4451.10144342494,4476.382321857753,1760628
2024-10-16,4607.240234375,4627.376135302857,4551.582298657718,4570.3823125,2398061
2024-10-17,4471.03955078125,4621.835367226156,4457.8299696415415,4621.835367226156,1346544
2024-10-18,4477.0751953125,4511.013975373455,4376.692820041815,4446.302443576851,1369365
2024-10-21,4466.93310546875,4538.521195114858,4442.7402620102075,4487.068523928993,1095298
2024-10-22,4256.42236328125,4460.30337702026,4245.290775905846,4452.585669696705,1544137
2024-10-23,4189.1875,4260.23157305564,4147.332923549025,4236.929642751697,1624578
2024-10-24,4152.97265625,4239.354066973352,4140.999918589069,4189.6822555484605,956246
2024-10-25,4121.75439453125,4174.49318343275,4032.3057695305242,4155.792215093184,1520490
2024-10-28,4105.08203125,4174.493565713457,4055.0642921946574,4155.7925956613435,1207398
2024-10-29,4229.50830078125,4239.897781927162,4071.885222938552,4106.318738622573,1523375
2024-10-30,4191.7099609375,4288.381797388687,4180.529094131795,4220.058787343666,1526646
2024-10-31,4202.00146484375,4225.254115109202,4151.389458709947,4191.4138946576395,1137221
2024-11-01,4242.8662109375,4250.3365493721485,4212.241785118162,4224.857583669806,170153
2024-11-04,4163.95556640625,4242.816867877206,4151.834505231539,4242.816867877206,1013884
2024-11-05,4217.0908203125,4234.95064085658,4086.52947353684,4155.792684952718,1215686
2024-11-06,4343.94140625,4373.477316884934,4225.105421441114,4230.992988009045,1228872
2024-11-07,4387.1318359375,4407.119414053664,4334.98681977846,4357.645689154094,1185134
2024-11-08,4354.28125,4429.728674884013,4333.897980222646,4388.863091258472,1073330
2024-11-11,4396.927734375,4442.641163327742,4301.443451521091,4337.806636960275,1152838
2024-11-12,4198.8349609375,4421.961456446256,4176.571785110684,4408.10881370957,1366992
2024-11-13,4024.093505859375,4175.582139344035,4002.968371495049,4175.582139344035,2076393
2024-11-14,4044.031494140625,4140.9504656864165,3879.0861559243576,4037.055651135144,3878379
2024-11-18,4034.928466796875,4203.2874471782525,4017.3157733415037,4145.848648836887,1939714
2024-11-19,4014.446044921875,4105.032717922921,3997.4766552538,4056.8451204308367,1425438
2024-11-21,3941.52197265625,4036.8579331012816,3889.6736078005115,4029.585199222761,2061517
2024-11-22,4068.075439453125,4083.65966036584,3946.1227265964835,3949.981579908421,1404647
2024-11-25,4244.79638671875,4273.639472187937,4186.714039461095,4234.950922042774,2249045
2024-11-26,4318.6103515625,4361.949620692425,4255.778726401596,4264.436627506445,1967056
2024-11-27,4427.5517578125,4441.454163741283,4309.1612363179165,4329.940199799587,2144888
2024-11-28,4419.83349609375,4481.823966078673,4404.397599957543,4452.634473419589,1454277
2024-11-29,4429.72900390625,4451.645767413066,4374.170107460548,4412.066787484966,967791
2024-12-02,4457.3349609375,4478.806749433105,4397.224389012987,4427.898096497101,1068673
2024-12-03,4471.28662109375,4497.161280789402,4434.230610462864,4472.4244200589865,1089664
2024-12-04,4473.76025390625,4578.2981294800875,4442.740134291245,4557.37084217966,2420334
2024-12-05,4520.76025390625,4528.824373717872,4465.745380092241,4492.213820554761,1129143
2024-12-06,4511.65673828125,4562.56538814233,4502.108407188865,4536.146229067607,912032
2024-12-09,4570.3330078125,4598.038291222704,4503.09802856566,4512.992772640732,1524379
2024-12-10,4578.9912109375,4600.957254348101,4552.57204925756,4578.298385549821,1313990
2024-12-11,4600.75927734375,4610.950670332618,4543.220954890435,4575.8736098520185,767757
2024-12-12,4611.4951171875,4673.733448799069,4596.108982204562,4601.056354628895,1327850
2024-12-13,4620.4990234375,4704.950759888463,4611.49470979232,4704.4560226897365,3312042
2024-12-16,4627.12890625,4649.540405746377,4602.193957039919,4642.713128720846,741557
2024-12-17,4573.94482421875,4666.36164394848,4556.925669919626,4626.78266478013,936875
2024-12-18,4435.66552734375,4579.287643653215,4425.276045870466,4575.725439091156,1240240
2024-12-19,4338.9443359375,4396.18552723737,4328.950547758885,4353.143390362509,1084324
2024-12-20,4146.095703125,4373.476720351732,4131.055499427258,4338.845117362522,1598164
2024-12-23,4181.5185546875,4205.117614290131,4106.318504958146,4194.381721088574,947680
2024-12-24,4171.822265625,4236.434752346847,4161.4820646228545,4210.213680073767,947702
2024-12-26,4184.68505859375,4200.318559859016,4150.844843017331,4188.444867817012,637396
2024-12-27,4188.7919921875,4247.814049779807,4158.95943249142,4195.3719010170935,873116
2024-12-30,4038.0947265625,4205.266385502592,4007.371496773058,4194.382166622468,3291426
2024-12-31,4134.37060546875,4154.70411186779,4038.045172514897,4038.0946945508686,901281
2025-01-01,4126.306640625,4143.176987133177,4083.5611501340077,4134.370760951708,696846
2025-01-02,4191.2158203125,4197.350755361607,4133.975108005208,4136.003337437887,1347694
2025-01-03,4161.7294921875,4225.105136775426,4152.824222232748,4195.371623127675,853004
2025-01-06,4058.57666015625,4175.582009108155,4027.1608476469646,4173.603060288672,1131463
2025-01-07,4119.578125,4154.803514583641,4061.8919536698822,4066.245544934859,706292
2025-01-08,4066.541748046875,4137.685344833258,4056.845092059162,4127.097775360674,958207
2025-01-09,4054.222900390625,4089.8439776565265,4014.4953595529255,4073.66597510324,1134421
2025-01-10,3958.392333984375,4051.897664708415,3939.097583200049,4051.897664708415,1321248
2025-01-13,3748.37646484375,3943.3029252342253,3732.6439182223216,3858.950231080479,1959105
2025-01-14,3788.054443359375,3833.174331384284,3740.213259143818,3764.950119323341,1803243
2025-01-15,3782.562744140625,3833.2237845641025,3761.536413365719,3813.384774742306,1061461
2025-01-16,3877.5029296875,3903.0809403783624,3819.371306818182,3836.192372159091,1076967
2025-01-17,4073.270263671875,4098.40281589036,3841.3373277962896,3892.5921481681985,2907534
2025-01-20,4143.42431640625,4197.3506746735075,4061.792673157649,4089.9926953708023,2062527
2025-01-21,4008.162841796875,4188.791437052464,3994.557569156807,4165.687113795338,2319540
2025-01-22,3862.364013671875,4035.076828133867,3779.7924187031317,4035.076828133867,2506920
2025-01-23,3881.262939453125,3928.21345242804,3834.262904442966,3862.3638813785733,1649481
2025-01-24,3809.278564453125,3932.2207577177787,3795.871138120949,3898.529106339926,1149113
2025-01-27,3632.014404296875,3776.8736131478495,3617.5186997895976,3776.8736131478495,2193288
2025-01-28,3561.266845703125,3657.6418014157375,3448.318434637411,3637.159728755172,3530307
2025-01-29,3661.550048828125,3670.950055709321,3539.894218611453,3580.9078845315453,1582724
2025-01-30,3739.372314453125,3758.8156325636473,3668.031350723359,3685.7923689926442,1513385
2025-01-31,3895.363037109375,3927.224065872821,3744.9629217118772,3764.059826783767,1976237
2025-02-01,3735.21630859375,4010.191387134008,3642.898299485518,3930.192285894726,4570653
2025-02-03,3491.409912109375,3690.739479943909,3476.0235370088344,3680.84473602985,3692250
2025-02-04,3690.4921875,3699.545781739828,3542.3183943293784,3562.1078825658556,2467011
2025-02-05,3777.120849609375,3813.236666874792,3710.529171104439,3725.3712877888565,1621003
2025-02-06,3732.198486328125,3805.518637835215,3708.59966623885,3789.6870470381887,1253037
2025-02-07,3778.654541015625,3793.9418727152656,3709.143961988377,3755.0554791232075,1391172
2025-02-10,3746.793212890625,3808.487039557017,3714.0912765923044,3777.813332561364,1336993
2025-02-11,3611.037353515625,3754.907078319804,3579.0772816145745,3754.0659284391572,1551384
2025-02-12,3556.3193359375,3620.0416325590854,3433.5257072252334,3600.74688166248,3099846
2025-02-13,3621.773193359375,3692.2237223003976,3573.0415791765276,3576.9499547409723,2224171
2025-02-14,3476.71630859375,3678.7669419201748,3444.261498488129,3661.0554459855275,2355500
2025-02-17,3439.1162109375,3512.584686999714,3359.265673147699,3452.2762691052494,1606401
2025-02-18,3333.37255859375,3488.151034999059,3291.9121089395935,3464.0323210122465,2310841
2025-02-19,3352.4580078125,3420.37913329565,3264.155337613863,3291.911943457358,2689414
2025-02-20,3397.107666015625,3412.505752243987,3309.3531981092756,3343.737382820846,1492723
2025-02-21,3357.192138671875,3463.932707442115,3343.7873382147754,3396.8585810184795,1456123
2025-02-24,3339.15283203125,3346.6775358460904,3282.992141237408,3338.754272133151,1026035
2025-02-25,3276.3642578125,3365.713453035037,3259.0227661102444,3339.2525314533254,1135200
2025-02-27,3231.7646484375,3305.566118600786,3219.1572105604814,3288.9222275076127,1573040
2025-02-28,3077.8330078125,3213.9745453050045,3069.66058349468,3191.25103517856,2413864
2025-03-03,3176.351318359375,3194.191131834843,3035.8246466639143,3085.6069189301156,2306313
2025-03-04,3300.03466796875,3318.821487531401,3098.5134839666425,3151.385448520808,2598027
2025-03-05,3413.004150390625,3424.4156647347277,3284.885636685469,3301.878449479965,1884731
2025-03-06,3406.22705078125,3485.26089673195,3393.8188929357943,3460.344819403297,1331348
2025-03-07,3440.461669921875,3490.24394132308,3360.331423163286,3407.173646247862,1732838
2025-03-10,3406.42626953125,3527.069962453154,3398.5528865652864,3440.4617765433027,2150456
2025-03-11,3448.235595703125,3459.348068517013,3343.737473314485,3379.2677011495966,1502808
2025-03-12,3403.9345703125,3482.5199720103924,3376.8758088757854,3458.35137808573,1076349
2025-03-13,3384.749267578125,3473.8991849182753,3379.4672539597204,3423.4689482072345,1229721
2025-03-17,3428.352294921875,3472.3043503008907,3387.58969192673,3388.586334966426,1130061
2025-03-18,3428.352294921875,3428.352294921875,3428.352294921875,3428.352294921875,0
2025-03-19,3728.0927734375,3759.736190663602,3565.5404359788854,3587.9150240619483,2913829
2025-03-20,3806.1298828125,3835.082411742071,3691.7152133405993,3776.2804724767952,2956442
2025-03-21,3878.187255859375,3934.1985464253075,3799.701615923898,3836.0790871320874,3311452
2025-03-24,4115.9365234375,4144.042053812857,3926.973135663208,3939.7302161429116,4251655
2025-03-25,3998.98046875,4200.850572817332,3987.3696742223588,4186.2994865534065,3634045
2025-03-26,4114.44140625,4170.951263182223,3957.719526241217,4021.4548021362643,4882801
2025-03-27,4146.98193359375,4194.870435642212,4106.867052378592,4136.068497960366,2966370
2025-03-28,4163.4267578125,4279.585312137876,4147.380707171216,4184.007339733179,3295702
2025-04-01,4209.521484375,4430.028761253126,4192.926988123358,4385.229461079118,6632420
2025-04-02,4220.185546875,4238.224884747564,4137.115245162394,4224.770202573763,2520516
2025-04-03,4304.70068359375,4313.470947425208,4171.200157742918,4182.462029099459,2369383
2025-04-04,4224.86962890625,4337.241132217188,4189.887360702316,4295.0828394332275,2499556
2025-04-07,3994.74462890625,4032.5671840327177,3807.2762169798675,3808.1730983974685,3022372
2025-04-08,4028.38134765625,4122.514235540602,3986.5722201615176,4092.8144671572454,2071394
2025-04-09,4017.169189453125,4056.3373109230565,3952.537032100957,4023.44808948314,1585051
2025-04-11,4093.41259765625,4128.793426519339,4052.99842932173,4061.3204962559794,1518828
2025-04-15,4191.98046875,4235.733001721714,4156.798676773958,4235.733001721714,1572706
2025-04-16,4195.0703125,4227.760011377607,4157.297149864459,4200.85064779741,1487536
2025-04-17,4206.232421875,4238.723084108657,4178.0276169362105,4194.870787917549,1216496
2025-04-21,4294.634765625,4321.444366975459,4210.8169858098045,4233.739776501787,1508314
2025-04-22,4271.6123046875,4324.334627078618,4257.659301359076,4313.471314672772,1224641
2025-04-23,4292.54150390625,4345.363584172568,4241.014864914152,4290.448456227655,1803742
2025-04-24,4285.5654296875,4350.147709412908,4276.8944398589465,4292.541931549782,1554043
2025-04-25,4182.31298828125,4324.4343910162015,4133.577238243765,4290.548525772009,2298293
2025-04-28,4411.44091796875,4424.995360716983,4186.399112934914,4195.767460234891,4014638
2025-04-29,4593.82666015625,4644.3566579370045,4433.566650822482,4457.984405783739,5185900
2025-04-30,4472.83447265625,4621.434056244335,4451.207609364306,4594.524692535343,2513611
2025-05-02,4469.24609375,4581.567956605544,4462.9674373895205,4483.8969407805835,1735022
2025-05-05,4575.388671875,4583.0630179373275,4496.753633373204,4521.569947732646,1497722
2025-05-06,4492.36865234375,4659.3063671008385,4474.927398563159,4586.551422758944,2269493
2025-05-07,4455.29345703125,4576.385593729035,4396.989835658243,4402.571134348873,2829729
2025-05-08,4408.052734375,4522.766454197509,4371.276700773528,4472.934298465936,2292121
2025-05-09,4486.08984375,4563.828000825728,4345.56317519003,4365.296512713949,3536326
2025-05-12,4424.79638671875,4592.5312190060695,4405.162323786203,4587.647765342061,4022655
2025-05-13,4594.3251953125,4633.194276445913,4445.726097523859,4451.705956159769,4339805
2025-05-14,4751.994140625,4781.8934326171875,4564.72500577569,4632.297211021185,8438062
2025-05-15,4848.46923828125,4866.608337657619,4731.2643970996705,4808.803036903136,4873995
2025-05-16,5110.48681640625,5147.661407909133,4817.373994960483,4857.638277279596,6753397
2025-05-19,4999.46044921875,5140.585205593242,4955.309355770086,5122.745391926436,4803284
2025-05-20,4835.01416015625,4981.919732802125,4821.858764081915,4933.38302234964,3939528
2025-05-21,4984.3115234375,4993.081787389718,4763.2558087830275,4813.785804744328,3488551
2025-05-22,5023.0810546875,5047.498809814453,4945.3428955078125,4984.311736732721,2323924
2025-05-23,4944.9443359375,5044.9074408478255,4933.881500571233,5041.020630217007,2318665
2025-05-26,4986.40478515625,5017.200958583829,4933.383179359617,4973.248902021109,1593646
2025-05-27,5012.2177734375,5092.8461006775315,4962.28585817484,4986.404815187148,2490282
2025-05-28,5000.95556640625,5057.963746541365,4984.2121569366245,5051.9838879247645,1273825
2025-05-29,4983.9130859375,5026.070892220757,4947.336091410636,5023.080963076069,1401179
2025-05-30,4957.40234375,5047.997100606197,4941.7548530458635,4987.201873925648,1852727
2025-06-02,5000.2578125,5018.097625299258,4933.382968268386,4953.315828746238,1084257
2025-06-03,4972.45166015625,5038.927459077103,4953.315919091648,5010.124572489681,1164102
2025-06-04,4943.14990234375,5033.047298248515,4874.581056580889,4983.215146780708,2172800
2025-06-05,5054.5751953125,5081.883118664877,4973.249021795987,4983.215452701389,2465458
2025-06-06,4972.55126953125,5081.883213255398,4953.31625218265,5075.803592961514,2141012
2025-06-09,4991.78662109375,5016.602936423903,4970.259033266317,4997.367919662659,1054807
2025-06-10,5094.93896484375,5129.721709493437,5005.24109154777,5023.080904574883,3023426
2025-06-11,5022.88134765625,5127.728389063228,5003.148010320196,5117.263637248813,1759168
2025-06-12,4939.36328125,5057.963812014477,4919.5301805766385,5033.047734122781,1248236
2025-06-13,5009.1279296875,5066.434904609313,4875.677523676257,4883.550906380571,2521739
2025-06-16,5046.70166015625,5092.846039200969,4973.24887193989,5031.851289240971,1615417
2025-06-17,5030.3564453125,5115.370392398404,5023.08114545312,5061.950225745317,1692373
2025-06-18,4977.2353515625,5050.986936667751,4968.265564184834,5037.033934080271,1044099
2025-06-19,4885.84326171875,5014.609744559463,4827.739163797285,5003.148348939383,1743152
2025-06-20,4956.40576171875,4966.272430809151,4836.70883137002,4893.517486508716,1902384
2025-06-23,5011.32080078125,5043.013855254262,4956.3059095216295,4956.405671155493,1864791
2025-06-24,4870.09619140625,5034.841090464633,4858.634796501682,5033.047327658152,2435417
2025-06-25,4776.611328125,4883.550932458522,4768.936982002862,4883.550932458522,2084409
2025-06-26,4800.92919921875,4836.210264873643,4779.003052731945,4800.629914326852,1293102
2025-06-27,4881.4580078125,4888.733794227537,4812.291075904563,4818.769255876268,1454498
2025-06-30,4853.4521484375,4903.483824392005,4828.735595361639,4893.517393854623,985412
2025-07-01,4895.71044921875,4938.366579405192,4860.628417307593,4861.525298772598,1332940
2025-07-02,4881.8564453125,4923.117856796072,4828.735565533241,4895.710172987576,819887
2025-07-03,4914.646484375,4955.109803562794,4864.614807777883,4864.614807777883,1120740
2025-07-04,4976.4384765625,5003.148316744041,4927.20391855414,4938.366515830025,1700709
2025-07-07,4995.77294921875,5031.652098296684,4938.366213365634,4977.235291533397,967116
2025-07-08,4985.70703125,5032.848054499819,4949.827880200524,4993.181854385307,940950
2025-07-09,4990.59033203125,5047.9970692788165,4977.035889166363,4995.174987408772,750110
2025-07-10,4899.0986328125,5017.101071614218,4873.783996883274,4990.59026937818,1330883
2025-07-11,4849.76513671875,4903.484103039473,4803.5209937258305,4864.615021734892,1091444
2025-07-14,4869.79736328125,4898.500487861522,4823.752260681539,4849.764741068594,831409
2025-07-15,4880.36181640625,4915.443848750869,4865.6116929443915,4882.554625918594,753058
2025-07-16,4855.24658203125,4886.541077776899,4835.712280108814,4881.557862319244,571414
2025-07-17,4773.22265625,4872.588169060954,4763.954069975734,4858.635165508724,886157
2025-07-18,4636.0849609375,4792.7569662326305,4627.712769479029,4788.670632143071,1677004
2025-07-21,4735.05126953125,4742.127532722372,4617.4473861793895,4636.084806418273,1126412
2025-07-22,4742.22705078125,4793.753203346791,4732.1608588694035,4758.970458995849,908904
2025-07-23,4699.96923828125,4763.455597083773,4650.336607593448,4754.984130910489,866289
2025-07-24,4664.8876953125,4730.267578657196,4654.323181341201,4699.969239726197,861599
2025-07-25,4537.4169921875,4664.389218975624,4527.849121613246,4664.289457342558,973552
2025-07-28,4491.4716796875,4579.574828238574,4461.472626465718,4534.626129222761,689011
2025-07-29,4482.900390625,4503.829894449616,4386.226015816057,4455.09414715786,1431472
2025-07-30,4529.74267578125,4544.692321575908,4485.790619816534,4509.809814721706,727643
2025-07-31,4518.6796875,4562.033658835944,4449.014437785144,4449.014437785144,770343
2025-08-01,4423.7998046875,4525.6564348066995,4413.135529144956,4518.679933292694,649120
2025-08-04,4522.66650390625,4529.6430054176635,4409.3484784847105,4423.799803044067,742464
2025-08-05,4562.83154296875,4570.605164334972,4484.893859465193,4521.769653420795,776247
2025-08-06,4523.3642578125,4603.494261947726,4494.36184764089,4603.494261947726,880916
2025-08-07,4535.32421875,4544.692566624702,4467.951047407574,4487.784147902793,719816
2025-08-08,4425.693359375,4534.626253386727,4418.617096176978,4526.752870381376,659530
2025-08-11,4429.978515625,4529.742580456996,4424.0984190645995,4445.027922736677,1022011
2025-08-12,4394.59765625,4474.528621496261,4310.481082284816,4452.004391807231,2942539
2025-08-13,4509.2119140625,4553.263733443843,4410.145687915492,4424.098691221891,2711914
2025-08-14,4539.80908203125,4553.164002242507,4457.386503006341,4521.769744593248,1265929
2025-08-18,4499.1455078125,4584.5580115098655,4487.285552893755,4575.189664206072,1132386
2025-08-19,4437.65283203125,4494.860044358299,4410.245148833944,4494.860044358299,1264131
2025-08-20,4453.39990234375,4589.541446264967,4445.028197685505,4584.558230796709,3108635
2025-08-21,4474.0,4526.7998046875,4430.7001953125,4490.0,1833004
2025-08-22,4473.0,4532.0,4463.0,4485.2001953125,1422976
2025-08-25,4457.60009765625,4513.0,4451.60009765625,4510.0,1205292
2025-08-26,4383.60009765625,4457.0,4370.0,4456.0,1118397
2025-08-28,4344.7001953125,4430.0,4338.5,4384.0,1163967
2025-08-29,4332.60009765625,4415.0,4320.0,4344.7001953125,1036537
2025-09-01,4429.60009765625,4448.60009765625,4323.0,4341.0,803109
2025-09-02,4451.5,4495.0,4431.2998046875,4438.5,871222
2025-09-03,4451.0,4480.7001953125,4428.39990234375,4451.5,764001
2025-09-04,4436.89990234375,4479.0,4425.10009765625,4479.0,1018902
2025-09-05,4404.7998046875,4475.0,4389.0,4444.0,721098
2025-09-08,4443.60009765625,4470.0,4420.10009765625,4424.0,599045
2025-09-09,4454.0,4474.0,4427.7001953125,4450.0,888000
2025-09-10,4557.5,4566.0,4430.2001953125,4471.89990234375,1716953
2025-09-11,4581.2001953125,4634.0,4544.2998046875,4565.0,1528168
2025-09-12,4745.60009765625,4750.0,4581.2001953125,4581.2001953125,2816230
2025-09-15,4795.2001953125,4845.0,4780.0,4790.0,2021855
2025-09-16,4840.0,4843.0,4760.39990234375,4794.89990234375,1180944
2025-09-17,4890.2001953125,4931.0,4834.0,4842.10009765625,1549098
2025-09-18,4856.7998046875,4902.10009765625,4846.0,4885.0,926593
2025-09-19,4916.2001953125,4930.0,4852.0,4856.7998046875,1173208
2025-09-22,4808.7001953125,4941.2998046875,4798.0,4916.2001953125,976357
2025-09-23,4799.89990234375,4834.7998046875,4758.10009765625,4814.5,746869
2025-09-24,4723.89990234375,4816.7998046875,4715.0,4797.0,718629
2025-09-25,4775.2001953125,4827.60009765625,4710.0,4725.0,1926254
2025-09-26,4736.10009765625,4822.2998046875,4726.2001953125,4815.0,1794960
2025-09-29,4740.0,4833.0,4703.5,4750.0,1307604
2025-09-30,4746.5,4779.0,4722.7001953125,4746.0,697341
2025-10-01,4803.39990234375,4827.0,4721.10009765625,4732.0,790730
2025-10-03,4870.39990234375,4877.0,4790.10009765625,4794.39990234375,982333
2025-10-06,4845.2001953125,4903.0,4831.2001953125,4870.39990234375,555394
2025-10-07,4837.60009765625,4872.89990234375,4809.0,4845.2001953125,607428
2025-10-08,4789.10009765625,4854.5,4762.89990234375,4842.0,704075
2025-10-09,4846.2998046875,4863.2001953125,4744.0,4792.0,1003478
2025-10-10,4832.89990234375,4899.7001953125,4827.0,4835.0,678453
2025-10-13,4745.39990234375,4819.89990234375,4723.0,4810.0,1046492
2025-10-14,4746.7998046875,4793.89990234375,4730.10009765625,4755.0,790981
2025-10-15,4845.2001953125,4880.0,4747.0,4747.0,991768
2025-10-16,4861.2998046875,4888.7001953125,4827.2001953125,4860.0,721461
2025-10-17,4878.5,4978.0,4850.7001953125,4861.2998046875,1832920
2025-10-20,4860.0,4923.0,4850.5,4921.89990234375,616095
2025-10-21,4858.2001953125,4880.7998046875,4850.5,4880.7998046875,128987
2025-10-23,4810.2001953125,4885.0,4802.89990234375,4880.7998046875,678729
2025-10-24,4814.2001953125,4867.39990234375,4797.5,4825.0,627200
2025-10-27,4756.7998046875,4830.0,4747.7998046875,4830.0,738996
2025-10-28,4724.5,4767.60009765625,4706.2998046875,4766.60009765625,947982
2025-10-29,4695.10009765625,4745.0,4685.0,4737.89990234375,916228
2025-10-30,4650.2001953125,4694.0,4625.0,4693.0,1151821
2025-10-31,4679.7998046875,4708.60009765625,4636.89990234375,4639.89990234375,1176002
2025-11-03,4694.7001953125,4709.0,4655.39990234375,4680.0,470190
2025-11-04,4685.7998046875,4715.0,4670.10009765625,4670.10009765625,851904
2025-11-06,4593.60009765625,4686.60009765625,4575.0,4650.0,768664
2025-11-07,4626.60009765625,4636.5,4526.0,4580.0,536730
2025-11-10,4789.7998046875,4795.0,4645.0,4651.10009765625,1434763
2025-11-11,4862.60009765625,4878.0,4787.0,4795.10009765625,1333303
2025-11-12,4748.5,4921.0,4702.0,4885.0,2723105
2025-11-13,4751.0,4771.2001953125,4636.7001953125,4736.0,1280728
2025-11-14,4729.7998046875,4775.0,4710.10009765625,4747.0,681735
2025-11-17,4795.2001953125,4820.0,4732.7998046875,4742.0,1177546
2025-11-18,4807.89990234375,4857.0,4788.0,4814.0,958797
2025-11-19,4744.2001953125,4822.2001953125,4735.0,4805.0,847006
2025-11-20,4716.60009765625,4775.7998046875,4710.0,4763.89990234375,798346
2025-11-21,4595.0,4708.0,4585.0,4707.0,1158530
2025-11-24,4445.10009765625,4502.5,4405.0,4425.0,3443005
2025-11-25,4441.60009765625,4477.0,4430.0,4450.0,1197615
2025-11-26,4517.7998046875,4522.0,4449.89990234375,4457.0,717411
2025-11-27,4483.2001953125,4535.0,4461.0,4535.0,721812
2025-11-28,4542.39990234375,4549.0,4477.0,4489.89990234375,786275
2025-12-01,4530.7001953125,4584.0,4501.10009765625,4562.0,750897
2025-12-02,4508.5,4532.2998046875,4482.2001953125,4525.0,652604
2025-12-03,4436.2998046875,4525.0,4420.89990234375,4517.0,1027500
2025-12-04,4496.7998046875,4525.0,4422.2998046875,4459.0,1020941
2025-12-05,4443.0,4544.2998046875,4430.0,4519.0,1473356
2025-12-08,4287.10009765625,4448.0,4270.5,4443.0,1757606
2025-12-09,4303.0,4314.0,4187.0,4272.5,1674288
2025-12-10,4294.10009765625,4332.39990234375,4271.0,4310.5,949813
2025-12-11,4320.7998046875,4334.39990234375,4286.0,4300.0,460221
2025-12-12,4302.5,4359.89990234375,4257.2998046875,4333.0,791726
2025-12-15,4321.60009765625,4342.0,4252.0,4252.0,827861
2025-12-16,4261.39990234375,4329.39990234375,4242.89990234375,4324.0,1006671
2025-12-17,4228.39990234375,4270.0,4218.2001953125,4260.5,645807
2025-12-18,4259.5,4268.39990234375,4192.60009765625,4228.39990234375,557768
2025-12-19,4305.2998046875,4314.0,4251.39990234375,4269.89990234375,650177
2025-12-22,4386.10009765625,4392.0,4307.10009765625,4311.7001953125,657486
2025-12-23,4407.39990234375,4451.2001953125,4368.5,4400.0,587365
2025-12-24,4421.2998046875,4460.0,4397.39990234375,4415.0,486359
2025-12-26,4409.2001953125,4476.0,4401.10009765625,4445.0,690425
2025-12-29,4374.2998046875,4458.2001953125,4359.39990234375,4434.0,778626
2025-12-30,4325.5,4382.39990234375,4305.0,4380.0,1064901
2025-12-31,4388.7001953125,4400.0,4326.0,4326.0,512109
2026-01-01,4397.89990234375,4414.39990234375,4342.60009765625,4388.7001953125,384408
2026-01-02,4417.7998046875,4429.0,4380.0,4413.10009765625,597270
2026-01-05,4526.10009765625,4544.89990234375,4417.7998046875,4418.0,1256096
2026-01-06,4516.0,4547.7001953125,4478.60009765625,4528.2998046875,530874
2026-01-07,4525.10009765625,4536.0,4480.0,4516.0,439887
2026-01-08,4479.7998046875,4579.0,4465.60009765625,4526.0,966719
2026-01-09,4462.10009765625,4543.0,4440.0,4466.7998046875,1017357
2026-01-12,4518.39990234375,4528.5,4417.89990234375,4480.0,744251
2026-01-13,4452.39990234375,4559.89990234375,4400.39990234375,4525.0,753776
2026-01-14,4461.39990234375,4501.0,4422.0,4452.39990234375,597515
2026-01-15,4461.39990234375,4461.39990234375,4461.39990234375,4461.39990234375,0
2026-01-16,4428.7001953125,4488.0,4367.60009765625,4485.0,1576883
2026-01-19,4504.2998046875,4517.0,4414.10009765625,4427.0,792050
2026-01-20,4355.2001953125,4525.0,4327.0,4504.2998046875,1194605
2026-01-21,4259.39990234375,4337.60009765625,4235.0,4315.0,1113913
2026-01-22,4353.2001953125,4367.0,4290.60009765625,4299.0,725419
2026-01-23,4305.7001953125,4375.0,4294.39990234375,4375.0,704843
2026-01-27,4348.5,4377.2998046875,4271.7001953125,4349.89990234375,1042386
2026-01-28,4624.0,4638.60009765625,4361.5,4370.0,1837685
2026-01-29,4601.0,4670.0,4553.10009765625,4659.0,1301527
2026-01-30,4619.39990234375,4634.7998046875,4541.0,4620.0,1582165
2026-02-02,4338.7001953125,4453.7998046875,4207.10009765625,4415.0,2563637
2026-02-03,4470.39990234375,4608.10009765625,4410.10009765625,4500.0,1450873
2026-02-04,4217.10009765625,4413.0,4097.60009765625,4410.0,5290920
2026-02-05,4035.5,4125.0,3952.0,4121.0,6343724
2026-02-06,4067.5,4074.0,3985.0,4030.0,2094080
2026-02-09,4131.0,4151.0,4014.10009765625,4066.10009765625,1664057
2026-02-10,4168.2998046875,4189.7998046875,4137.2001953125,4151.0,1000376
2026-02-11,4133.0,4195.89990234375,4107.0,4195.89990234375,916944
2026-02-12,4158.89990234375,4189.7998046875,4083.199951171875,4136.7001953125,2759010
