Price,Close,High,Low,Open,Volume
Ticker,HCLTECH.NS,HCLTECH.NS,HCLTECH.NS,HCLTECH.NS,HCLTECH.NS
Date,,,,,
2021-02-22,752.2380981445312,777.8263638236231,748.886249349941,776.2321960954747,5043203
2021-02-23,743.8994140625,760.290615745078,741.1198370137732,755.3855149983356,5916942
2021-02-24,748.8453979492188,751.6658409231313,740.2614714443423,750.4804315691952,3435827
2021-02-25,759.6775512695312,763.601622265158,753.873201452799,756.9388897145808,6234947
2021-02-26,743.49072265625,756.2030999241699,739.9344943560827,742.3053132228608,9198218
2021-03-01,760.576904296875,763.9287538616707,748.5594445784734,748.8455555632823,5397960
2021-03-02,779.7068481445312,783.0995636943205,759.14627538789,763.4382396896029,6715548
2021-03-03,789.1082153320312,791.3563868856837,774.1885313850646,788.903836099881,5742015
2021-03-04,783.1810302734375,792.9094993557804,777.7445240396703,778.2759298750652,6268541
2021-03-05,769.6919555664062,794.6262143500232,765.4408588435182,781.6276791563819,5992152
2021-03-08,786.3695068359375,795.4439242450873,771.7359347249356,778.6848282049801,5621823
2021-03-09,795.566650390625,798.6323389937376,775.9053275648432,788.1680819772931,5440319
2021-03-10,808.1155395507812,813.5111316920578,800.9214000633202,805.8265019725814,7694950
2021-03-12,800.5534057617188,819.8059183308359,795.9344154249154,808.1154369113699,6447010
2021-03-15,811.2628173828125,812.8978510651659,790.8248963533944,799.1227122502454,5321071
2021-03-16,823.4437866210938,832.8860955649205,809.7095145303215,811.7941723650991,8094575
2021-03-17,807.2569580078125,837.0554547517941,803.3737532854117,827.3269850672945,6758901
2021-03-18,774.8016967773438,817.3125785841725,762.2528314336612,813.4293730345101,8269566
2021-03-19,785.18408203125,792.1738412392009,766.5855733747053,776.6410208227459,9004154
2021-03-22,800.14453125,803.1693532505254,772.2263138533551,785.1839844765791,4745254
2021-03-23,801.8613891601562,811.7125072039692,794.4628715844003,804.1504762773735,5158305
2021-03-24,797.6102294921875,805.0496118873572,789.5576596431011,793.8496225396826,3874331
2021-03-25,782.404541015625,796.6702209338122,776.6410568364511,792.9913948751131,4879437
2021-03-26,783.6307983398438,797.0789610467012,779.7475931450008,788.903792215453,4271178
2021-03-30,814.0831909179688,818.1707747746539,788.4540600954582,788.9036843402407,5475000
2021-03-31,803.3327026367188,817.5165956116801,800.062636254272,817.5165956116801,4445140
2021-04-01,819.642333984375,828.5532871748611,809.832132261535,810.9766757547728,5269079
2021-04-05,844.9036865234375,850.2175461871069,819.6423952403164,823.2394894330929,9452833
2021-04-06,840.734375,850.7080409665687,834.0715925035726,849.4000339242459,4260257
2021-04-07,847.9285278320312,854.3051998636654,837.709566111174,842.8599627363053,3551106
2021-04-08,848.1737060546875,861.9897603580032,843.3912525866835,853.4875654179216,4852068
2021-04-09,854.632080078125,862.3167579336456,845.4350161061132,851.9342347285225,3708082
2021-04-12,825.2015380859375,852.6291688503495,818.4978898573835,852.6291688503495,5976427
2021-04-13,803.9461669921875,834.5212701624716,794.7899674186991,827.7358896392049,7773994
2021-04-15,810.8949584960938,813.1839956261313,783.7942557944631,791.3562864240315,7430279
2021-04-16,827.9401245117188,831.2510575135271,813.0204431764051,817.5167854966367,4677808
2021-04-19,813.1023559570312,840.7752853493723,807.5841164261318,814.2468996704985,6239343
2021-04-20,785.87890625,822.4219179515553,782.3635939161416,822.4219179515553,9742418
2021-04-22,786.3695068359375,794.5446756359897,780.9738654895407,789.7213060850507,4970596
2021-04-23,781.2598876953125,796.9561690881702,776.8044115104884,788.0861324730781,6023490
2021-04-26,759.3096923828125,780.319886848389,754.6089701728824,768.4658917103046,19619972
2021-04-27,759.3505249023438,767.2804485224868,754.8950978777106,761.108206132126,6406825
2021-04-28,755.2219848632812,765.0730519977654,753.5460854582054,761.271628941949,6845677
2021-04-29,756.677978515625,773.4413009776157,754.6397504808432,773.4413009776157,8588734
2021-04-30,747.8594360351562,761.2118301129444,744.906110674758,752.8925751390324,10921664
2021-05-03,755.1387939453125,757.426589092853,741.2456278030901,747.6930504916131,6871176
2021-05-04,749.5233764648438,761.2119209425543,748.1090927951825,757.0522929592616,6217026
2021-05-05,756.5531005859375,757.7177658669845,749.2321152687057,752.0190962723601,2696835
2021-05-06,762.0437622070312,768.6159940039959,749.7728610142871,758.71606018866,6319104
2021-05-07,762.3765869140625,766.5362146235965,760.130377795573,763.7076474704312,3651558
2021-05-10,760.3384399414062,766.7026405469519,757.2187188278905,763.7493147148324,4029147
2021-05-11,754.8060913085938,759.0905284852968,752.9758448221369,755.8044121899984,3818154
2021-05-12,753.8077392578125,756.1787576001973,744.5733857342494,753.8493761577109,4076940
2021-05-14,757.343505859375,758.7162035119402,745.8213557548843,756.2204265267036,5184569
2021-05-17,767.1602172851562,771.3614314368372,757.1354731193086,760.8791383433883,7956551
2021-05-18,775.0217895507812,781.5940214307044,769.1151387042962,772.0268780071248,5913426
2021-05-19,774.85546875,782.8419336282994,769.6559341217568,772.0269016015535,4178834
2021-05-20,769.0320434570312,777.6840392142016,767.076987834803,775.3546576940676,4753782
2021-05-21,774.2315063476562,777.5592084313051,767.867255801996,769.9470696042765,4161547
2021-05-24,776.0201416015625,781.1780901583753,771.77734161426,774.9386485436918,4191877
2021-05-25,782.5092163085938,785.1713884426532,777.9752623099586,780.3462300115698,5032874
2021-05-26,786.835205078125,789.4557909713683,775.8121911197369,782.0100468592287,5017674
2021-05-27,784.0066528320312,796.0695732178117,780.4293323721249,789.4973411107387,9078274
2021-05-28,784.13134765625,790.1212212419053,779.8469619186427,782.0515339651683,4098094
2021-05-31,786.3361206054688,788.5406930728877,775.8538271351345,783.2995717260761,4171524
2021-06-01,790.9117431640625,791.9932363777231,783.7155658211638,788.6655337038671,2944472
2021-06-02,785.1296997070312,790.9115921542541,780.0133375121662,787.8334576133071,3657189
2021-06-03,781.5525512695312,790.1629613176011,779.5143232997979,786.1697284080138,4164240
2021-06-04,779.139892578125,785.5041435822159,777.6424366879589,782.093218234757,3550303
2021-06-07,789.9964599609375,791.9515154149955,779.5973908756434,781.17806968729,3282517
2021-06-08,804.638427734375,808.6316603461752,791.5355999046916,791.9931488164184,6385642
2021-06-09,808.0493774414062,819.4467690546664,802.8914282321157,810.2124146074765,5521459
2021-06-10,805.7615356445312,816.6597915506254,804.0976844323071,814.8711311868007,3878256
2021-06-11,818.0737915039062,823.6061155198437,807.3835708202105,811.9591603508762,4777035
2021-06-14,818.7811279296875,822.3168114803285,811.9593283354624,817.7828071247536,2236373
2021-06-15,819.821044921875,826.1020726806719,817.9492124309068,819.5298405128119,2559001
2021-06-16,814.7879028320312,820.2785911436084,810.2954845576821,818.6563261680542,3138753
2021-06-17,820.6114501953125,822.7328503666187,814.0808036256831,815.2871059275506,3609989
2021-06-18,811.3353881835938,829.1802012884741,807.0509513139313,823.6062899787314,5622783
2021-06-21,816.950927734375,818.1572299927868,799.6884717766477,805.3039694978361,1639495
2021-06-22,815.3702392578125,822.1088669103536,812.1673460909537,817.0340904149771,2529648
2021-06-23,809.38037109375,819.4466497289773,807.7996922709004,819.4466497289773,2395543
2021-06-24,823.3567504882812,827.4331553335951,806.2190532031616,808.6316576776978,4686567
2021-06-25,828.3068237304688,840.2449369296248,822.9824790669618,827.7660517276997,5196000
2021-06-28,819.6961669921875,831.9254817289433,818.7810692729664,831.9254817289433,1844159
2021-06-29,818.2821044921875,826.8509798893525,815.7031551130721,821.0690860746154,1895170
2021-06-30,818.1987915039062,824.8126098874693,816.1189775956605,816.1189775956605,2682591
2021-07-01,819.8626708984375,821.942484878393,811.2522613321054,821.1105592864108,2861509
2021-07-02,819.1555786132812,821.6097185606359,812.9993087403781,818.2404299690876,1646631
2021-07-05,815.0790405273438,828.5146581888974,813.6231708453607,825.0205607967972,2598033
2021-07-06,808.67333984375,817.1174057307852,807.1342976602239,815.2871590958396,2486069
2021-07-07,811.4185791015625,813.2904116218656,798.8981095099881,806.967797641747,3014899
2021-07-08,812.6249389648438,816.9509623628404,806.9678548797914,811.1274829977285,2555624
2021-07-09,812.6664428710938,814.8710658612371,804.1392060920456,808.6316243155921,3218471
2021-07-12,814.8295288085938,817.8244406201746,811.1274497798977,815.2870777274869,2037878
2021-07-13,805.2623901367188,817.7828601908091,801.9762738798981,817.7828601908091,2997764
2021-07-14,823.1487426757812,826.0604820904273,805.3871017804169,805.5119109231555,4371180
2021-07-15,864.9947509765625,875.6018037055369,824.2719775989999,826.1022243036563,12701032
2021-07-16,836.0852661132812,872.4820127724415,830.3033727743696,869.2791193771199,8665827
2021-07-19,832.0921020507812,847.1499370323439,825.6862639534316,836.0853352878577,4644600
2021-07-20,812.9576416015625,842.0750352780032,806.4269956966808,831.093608078976,10216774
2021-07-22,814.1224365234375,816.5350412657791,806.9678961057623,806.9678961057623,6156400
2021-07-23,826.93408203125,835.1701661368131,817.4501094719174,819.1971837732214,5265839
2021-07-26,832.1751098632812,835.2532445253393,821.3184916908776,826.9339891017801,2477027
2021-07-27,830.2501220703125,838.7869783001576,823.4289942833655,836.9456875708795,2883514
2021-07-28,822.8013305664062,833.556113896923,817.9470555263939,832.7610052330928,2952249
2021-07-29,843.3064575195312,844.4782019197605,824.8518152561428,824.8518152561428,4732101
2021-07-30,857.827392578125,878.7510335714567,845.2314219998688,847.8259330497988,9330054
2021-08-02,866.5738525390625,869.5868375100816,856.2375394606499,865.4021077819292,2536478
2021-08-03,869.963134765625,872.8924446070915,857.0323650462104,862.0540390601531,3359006
2021-08-04,870.3817138671875,876.909931748847,865.9040744246464,871.3442219372854,3122161
2021-08-05,888.1250610351562,898.0428483869844,865.1508373978353,870.4236368336102,7896314
2021-08-06,878.7510986328125,895.5319008183751,872.9343668724908,888.1249517915799,11584782
2021-08-09,879.2533569335938,892.8118365756824,873.3528488087411,885.3212133340378,6321578
2021-08-10,890.2592163085938,897.4570320001293,877.1192079716956,880.8854641127954,5871606
2021-08-11,892.9793090820312,903.0645471619666,884.7773012787278,896.3270923893972,5011239
2021-08-12,917.7109375,921.6027553426148,893.8579856361149,896.3688226744187,6540144
2021-08-13,936.918701171875,940.6849563321525,912.4380426300715,919.8032046988758,7270809
2021-08-16,940.4339599609375,945.2045090960613,932.650324881301,938.1741455025531,3159376
2021-08-17,956.5872192382812,964.119731894953,931.1441471087387,936.7516434422089,5295838
2021-08-18,949.3056030273438,969.0993880729712,947.0876766227339,969.0993880729712,4871006
2021-08-20,935.1613159179688,954.7458669554286,926.666296098707,926.9174206908939,3467046
2021-08-23,973.4515991210938,986.0894597430195,942.4428198185726,944.9117689595475,9383780
2021-08-24,964.9146728515625,981.7372602018285,962.4875100017925,977.5106437479419,3947317
2021-08-25,966.1283569335938,979.1429048976354,954.3693298268685,970.7734469570902,3447912
2021-08-26,977.0923461914062,980.9004904979741,966.6724117108874,970.7734666180597,4654833
2021-08-27,973.3259887695312,979.0172605586966,970.438566888488,977.0922445271839,3050466
2021-08-30,973.702880859375,979.5196140000633,966.2959300748395,974.2050279663143,2956868
2021-08-31,989.5211181640625,998.8111966549477,972.5729647213866,975.8788599585232,7199002
2021-09-01,974.748779296875,996.3838040846205,972.3216164597294,995.9653312563615,3200410
2021-09-02,981.5279541015625,989.2697009149836,965.8352240743578,980.9002449004744,5224479
2021-09-03,983.201904296875,988.0980159258887,969.3923010443544,982.15572223229,4533364
2021-09-06,1004.4603881835938,1012.7879569151686,982.5742380026747,983.4111836909224,4331916
2021-09-07,989.4373168945312,1016.8472927587451,987.6797510891575,1016.0522350887214,3721585
2021-09-08,994.9613647460938,996.9281672528814,976.7577907265942,991.7809293382554,3118518
2021-09-09,1003.1214599609375,1008.4778315108339,990.1069115086772,997.6394239377372,3388292
2021-09-13,1011.365234375,1016.8890557259451,984.624757165434,997.6393040537668,3723138
2021-09-14,1036.682861328125,1038.314864654703,1010.1935082227583,1017.726019883077,5593286
2021-09-15,1065.6412353515625,1078.7812434895998,1029.652566103483,1036.6829312270524,6063895
2021-09-16,1057.14599609375,1084.0957064570275,1050.5341052380836,1077.3163651770146,3616292
2021-09-17,1057.313720703125,1072.1276212069356,1053.2963398040035,1058.7364877648504,4817180
2021-09-20,1068.068359375,1087.0252014021269,1046.1822071678032,1052.8777732936771,5453683
2021-09-21,1087.6109619140625,1100.5836205594399,1068.7796832352888,1078.823031863968,4645597
2021-09-22,1101.0020751953125,1112.0079316519843,1087.6946180493308,1088.0294167646568,5367303
2021-09-23,1111.71533203125,1118.5363597034975,1099.6632900721602,1110.5016991195218,3037295
2021-09-24,1136.73974609375,1153.1020773703995,1118.996535978388,1121.5073733814809,7951730
2021-09-27,1084.0123291015625,1144.9001455895,1079.7021392893694,1143.2681418903444,7653504
2021-09-28,1062.083984375,1092.1721383377358,1049.5298001625295,1092.1721383377358,8572321
2021-09-29,1072.2947998046875,1089.2429503850742,1053.5472976857823,1062.9210487452349,4639821
2021-09-30,1070.9139404296875,1080.8735127976033,1061.958559896373,1080.8735127976033,3589722
2021-10-01,1066.0596923828125,1074.6383866689157,1055.0957230455274,1066.268928828815,3372796
2021-10-04,1070.1610107421875,1082.6733124284692,1066.0599549571868,1072.5462863808714,2706626
2021-10-05,1092.3397216796875,1099.411872113456,1056.3928418774549,1062.921059328799,3710314
2021-10-06,1067.4822998046875,1104.642707494037,1064.4275298825994,1098.0727045047483,2861608
2021-10-07,1093.30224609375,1102.9689079589646,1074.680203633131,1074.680203633131,2421641
2021-10-08,1106.56787109375,1119.8334411252536,1083.0497153718247,1093.3023010622464,5197831
2021-10-11,1090.45654296875,1108.8693478622806,1034.1719461919345,1088.0293800722677,5264998
2021-10-12,1046.47509765625,1095.561986307154,1034.7160711732408,1093.846206653856,12811641
2021-10-13,1059.0291748046875,1063.5905899701845,1040.7000443420363,1057.0623729288395,5705730
2021-10-14,1047.14453125,1082.3799213633629,1041.2022377905846,1079.1577011646712,10360519
2021-10-18,1022.2454223632812,1065.013324018318,1016.8889498485315,1037.8125907919168,23861603
2021-10-19,1031.2008056640625,1048.6929917213915,1025.258511459461,1029.443240077663,10189780
2021-10-20,1031.870361328125,1057.397204865552,1021.4085402062287,1036.9757096023661,8222562
2021-10-21,1021.5763549804688,1045.3712911288112,1003.2661559918912,1045.3712911288112,5998795
2021-10-22,1007.4846801757812,1032.2498818226534,1000.7343640607006,1015.2897331838432,3812305
2021-10-25,983.3525390625,1004.1097451261171,976.3912740227601,999.0892376011556,6690819
2021-10-26,984.53369140625,997.3592514081294,973.1003017651651,987.2337767745443,5126660
2021-10-27,993.2672119140625,996.8110879741595,980.0618805682298,987.2340940721729,3536653
2021-10-28,972.0457763671875,999.8908376693726,967.658110938423,998.4564363181125,4096585
2021-10-29,965.0843505859375,989.7651962730532,960.2325604081284,972.0456147540983,3558520
2021-11-01,1003.4345703125,1005.3330969488139,964.873426055587,964.873426055587,4511112
2021-11-02,987.7826538085938,1008.413275386664,986.2637908082531,1004.9537574433275,3016082
2021-11-03,992.592041015625,1002.1690339736192,988.6683981204673,991.4529454658508,2063067
2021-11-04,998.2872924804688,1001.704681004241,993.9839868220602,999.8905130595427,256369
2021-11-08,998.0767211914062,1006.4724913077791,986.0105891321442,1001.9581335810872,3808317
2021-11-09,989.5966186523438,1004.9535502600136,987.6136304213562,1002.4221811157818,3565461
2021-11-10,986.5165405273438,991.4526886321182,980.5677831948908,982.1710038874771,2401325
2021-11-11,979.3865966796875,985.3775855417335,972.2566154024619,983.8587229848301,2861259
2021-11-12,989.2169189453125,994.1109408252742,981.3275051747255,986.3058854315801,3812518
2021-11-15,987.9512329101562,997.0219729496471,981.7493986927941,988.0778219761597,3619915
2021-11-16,981.6651000976562,991.8749363495773,979.1758583202668,987.9935237664115,3141207
2021-11-17,972.4254150390625,982.8040697255656,970.3581714397084,979.2179634398101,3172985
2021-11-18,945.2130737304688,974.5769931668083,939.559724581161,968.6704659354943,5384530
2021-11-22,936.6910400390625,949.9807294409818,929.8563632326982,945.2132964520198,3961223
2021-11-23,938.8003540039062,945.0444180808453,919.7307283108227,932.387573195834,4545069
2021-11-24,944.5801391601562,955.7182226510504,939.0955072674005,945.0442645978958,2675632
2021-11-25,949.0948486328125,954.326304414782,937.450507696572,942.0913517940797,3106454
2021-11-26,936.6488037109375,950.1072083118437,930.9532231992989,945.0444700792762,2207274
2021-11-29,956.1403198242188,966.1392071758792,928.2530290190407,929.0968187196311,3661152
2021-11-30,960.7810668945312,977.0240170031365,956.0136349636213,956.0136349636213,7421904
2021-12-01,976.0115356445312,981.3274521232553,966.3079537877666,966.983026769777,2918586
2021-12-02,999.6376953125,1001.07219971676,972.8896009113594,980.399350434602,4011279
2021-12-03,988.4149169921875,1003.8562011054723,986.9382855522987,1002.4218003359487,2571036
2021-12-06,959.0093383789062,989.4701295581955,957.5748339179131,987.149707608224,2493755
2021-12-07,970.0629272460938,974.5771819039273,954.6637639822438,970.3582330645164,2299958
2021-12-08,988.583984375,997.0218813106038,976.3069061346995,976.6022119271114,2525711
2021-12-09,986.0103759765625,995.5030089543801,974.5769857226159,995.5030089543801,1734844
2021-12-10,980.6524047851562,984.7026367797804,974.7458765439751,974.7458765439751,957733
2021-12-13,978.0367431640625,990.1451062752423,973.100593401168,983.8589134235958,2225682
2021-12-14,980.779296875,983.7747926092045,966.5614558162381,975.421250915383,1972685
2021-12-15,969.4299926757812,980.4413862978656,963.8610013380024,977.3194056544404,1604301
2021-12-16,978.5851440429688,985.4620509756603,969.9785299565185,975.4209325403508,2121810
2021-12-17,988.4149169921875,998.1184950257426,983.0146442688385,988.9211700283938,6373455
2021-12-20,978.7117919921875,989.2169336122994,966.561198490702,978.7961503703311,3091768
2021-12-21,1016.7666625976562,1025.162329523828,983.0573028267296,986.3058728081371,6217986
2021-12-22,1031.7861328125,1034.486218773391,1021.0699413390452,1027.7359008694864,3809814
2021-12-23,1035.7093505859375,1038.4516663815352,1025.7104659007794,1037.7766966020674,2814281
2021-12-24,1067.5626220703125,1083.2571919335805,1051.4884910675562,1064.9891254434142,15952929
2021-12-27,1069.250244140625,1077.5194242272973,1058.1544922204348,1069.9253170870893,3372907
2021-12-28,1083.341552734375,1087.644859351024,1071.612855993639,1071.612855993639,3446067
2021-12-29,1090.092041015625,1096.0829278732563,1077.603911029329,1082.5822913482584,2254162
2021-12-30,1111.3133544921875,1119.2448959053831,1082.3290935770708,1090.0920212391186,4518139
2021-12-31,1113.04296875,1121.7761715139109,1104.478482724826,1113.80240007766,2231508
2022-01-03,1118.99169921875,1130.5938072615832,1108.8239924241811,1110.7225191948264,2661272
2022-01-04,1125.1512451171875,1127.8935614249103,1103.0439979294413,1121.8183172669285,3367100
2022-01-05,1105.9974365234375,1122.2403895297898,1098.6142760660048,1121.396599763226,3510253
2022-01-06,1084.185302734375,1095.070209426644,1077.5193441397557,1088.4886091936453,4409632
2022-01-07,1088.95263671875,1095.6607223898634,1081.9069116282049,1094.8591635240862,3898684
2022-01-10,1086.8853759765625,1101.018851943229,1080.050700736298,1101.018851943229,2529949
2022-01-11,1133.7581787109375,1137.4286437190412,1080.0509376560628,1087.3497399835285,6772189
2022-01-12,1140.930419921875,1145.1071383089986,1123.4217812457503,1142.4914104806137,3162044
2022-01-13,1125.8260498046875,1147.0473746228067,1114.7724288442573,1130.6778390393713,4598005
2022-01-14,1128.3153076171875,1133.167097368685,1091.019851945466,1113.8021690394548,5636243
2022-01-17,1062.1201171875,1074.144118514151,1049.1679679377196,1074.144118514151,11973283
2022-01-18,1029.21240234375,1071.5706006164653,1026.8919808586545,1071.5706006164653,7799487
2022-01-19,1011.8724975585938,1029.845258135154,1004.9534636943616,1029.4233633141237,8464215
2022-01-20,1000.0878295898438,1022.2534290575608,995.5356148595617,1021.0621690867299,6172404
2022-01-21,993.7909545898438,1003.9165054409121,982.772036934959,1000.0875234788278,5514748
2022-01-24,957.1607666015625,990.8557991969989,945.3334417414047,989.1540288248272,5878438
2022-01-25,956.1394653320312,969.7111438623076,926.1032861355509,948.7368071284634,4725254
2022-01-27,917.0416259765625,949.5454026732747,910.6174004571506,948.7371031907837,8304735
2022-01-28,919.3386840820312,937.8454333831874,916.615893548062,918.1049423424079,7654724
2022-01-31,935.4630126953125,947.8433274279901,929.8896742616292,936.5266189713742,7572995
2022-02-01,963.8828125,967.0310462464134,937.037342436307,950.1834774527559,6783774
2022-02-02,996.3440551757812,998.8116432071263,964.3083081819817,972.4767859169259,6982539
2022-02-03,984.2612915039062,996.2587500562196,979.3687024171136,988.7284380614127,4169794
2022-02-04,990.2599487304688,993.0678067515233,967.7539794283538,987.0265443656026,3625482
2022-02-07,984.771728515625,996.6841184495677,975.114204592738,984.4739395408359,3824483
2022-02-08,988.68603515625,995.4080491360257,977.2842563564302,986.1333795083219,3267641
2022-02-09,1004.8102416992188,1011.7023902791141,992.1320328557165,997.2373434879072,3772972
2022-02-10,1012.8511962890625,1014.1701099212487,999.0243115263728,1008.2563953482038,2053245
2022-02-11,990.1749877929688,1003.1935718758883,985.3675698854399,1003.1935718758883,3912397
2022-02-14,975.4972534179688,990.7281186067926,964.5633998487336,966.0524488837451,3243813
2022-02-15,994.302001953125,998.9392850255757,976.9013362433537,981.4961373739366,3000492
2022-02-16,993.6637573242188,1006.2993815063747,987.0268113559046,1002.342744635565,1885868
2022-02-17,989.6217041015625,998.9388520174741,987.0264636629216,998.9388520174741,1644055
2022-02-18,991.2811279296875,995.6206211067192,978.602919339686,980.942853332653,2166690
2022-02-21,991.068359375,995.110063351846,978.6879403830138,981.1555277950699,1706058
2022-02-22,978.13525390625,982.0493055756839,963.2021751037526,963.2021751037526,3254855
2022-02-23,981.0704956054688,986.1758060769629,976.858656013609,983.6231508412158,1937649
2022-02-24,934.7398071289062,965.7119396526847,929.16646854063,941.0788591629458,5469084
2022-02-25,961.244873046875,970.8599163952853,948.7369034011771,949.2474136967095,3213276
2022-02-28,958.9049072265625,964.3081106231413,941.929791288407,952.650922610811,4571884
2022-03-02,949.2048950195312,956.9479284941872,943.6315561838561,956.9479284941872,3867328
2022-03-03,969.7537841796875,980.2197132905947,953.4168305053049,957.2458137603463,3969380
2022-03-04,968.6900024414062,982.6445374416883,955.2460815436585,959.7982955940598,3522375
2022-03-07,982.0916137695312,988.2180492649576,944.9079736866653,945.3334162682442,5249845
2022-03-08,1000.0452880859375,1003.70403165321,982.7722792072918,983.6231642975146,3805165
2022-03-09,1006.3416748046875,1016.8076021310646,987.962579087845,1004.0443267905074,3781326
2022-03-10,1014.3828125,1019.5306056420796,999.7901105385746,1019.5306056420796,3834327
2022-03-11,1015.4888305664062,1027.1460193255346,1000.8962334840719,1004.0444669604659,2770879
2022-03-14,1023.4869995117188,1033.6551375628785,1002.0447390999992,1015.4886597535132,5740660
2022-03-15,1001.3644409179688,1033.2301607909108,993.919193826325,1027.0186559558872,3003066
2022-03-16,1020.6367797851562,1023.5722921273642,1008.298944598091,1012.6810240760265,1894018
2022-03-17,1018.4242553710938,1033.825252766317,1013.2338777562788,1033.825252766317,6987787
2022-03-21,993.8764038085938,1029.4859252298368,991.3662303893478,1020.9770740482822,4046440
2022-03-22,1000.9813232421875,1005.5335380757365,988.9838632568191,995.5356374432932,4516870
2022-03-23,1004.6400756835938,1013.2765809069683,995.5356459388021,1012.5533492881833,2338886
2022-03-24,1014.3400268554688,1015.956729191394,994.6846033708036,994.6846033708036,2351703
2022-03-25,1003.4911499023438,1020.2110600249347,1000.1301958805711,1020.2110600249347,2489854
2022-03-28,990.3875732421875,1010.5110246526023,985.4949843981319,1008.213676655557,3406258
2022-03-29,993.5784912109375,999.7899939973644,990.1324688714625,992.9829131871696,2443230
2022-03-30,991.4512329101562,1005.7035577017451,988.8135099909456,1001.7895071892578,3073672
2022-03-31,990.2174682617188,999.619789528962,987.8775343947201,999.619789528962,3006639
2022-04-01,995.2376708984375,998.938999911603,980.2621155234076,987.8774948018493,2479745
2022-04-04,1010.0431518554688,1011.659750374961,993.833749917989,998.2583106821457,2282137
2022-04-05,1017.1905517578125,1023.614775813157,1007.5330266415331,1012.5532695076117,2634464
2022-04-06,995.9611206054688,1016.7227401340724,993.4084650208329,1012.5533819056026,2838968
2022-04-07,998.3433227539062,1004.6823738898136,989.5791664906654,991.7914465192365,3391918
2022-04-08,991.5787963867188,1004.0442821891518,989.1963807496594,1003.1933972042457,2656091
2022-04-11,964.4782104492188,990.4302046430442,962.989161602032,990.4302046430442,5679058
2022-04-12,962.478759765625,971.4555357920742,952.6085127830924,961.330085584815,2906617
2022-04-13,957.3307495117188,972.6466804202024,955.5439116792897,965.7545322849455,1971580
2022-04-18,937.4627685546875,946.8225057492431,922.8700666096115,944.4825714506042,4391701
2022-04-19,910.6598510742188,949.5452617056401,900.87467164198,949.5027797679301,3422431
2022-04-20,926.9542846679688,931.5490851597525,905.937359562085,914.7015179791504,2573318
2022-04-21,935.2927856445312,940.2705461760645,919.8917873386075,931.719110057186,2547848
2022-04-22,937.7179565429688,965.7119929563331,919.8918515571022,924.5717195598944,9567571
2022-04-25,927.3370361328125,934.2717699529271,916.6584912468371,933.3358171864618,3565801
2022-04-26,931.1235961914062,941.9297952949108,923.2529091033502,939.3771400231088,3213714
2022-04-27,932.2296142578125,935.888461418875,914.3610287013513,924.9120238034885,3288792
2022-04-28,945.1196899414062,953.5976937032809,928.5098483867584,944.6871408842248,5202061
2022-04-29,933.6569213867188,952.0402520139764,929.4179204979966,946.4171155868153,2988180
2022-05-02,922.9732055664062,936.03616606093,918.7342036568463,928.2502829790923,2584604
2022-05-04,903.9841918945312,930.8455293841404,896.0686289846975,930.7590406971353,3385725
2022-05-05,927.428466796875,930.1534413485923,905.8442056900678,916.1388942722319,2982126
2022-05-06,908.5260009765625,914.1059471974622,890.1426659752526,908.2665349029285,4075606
2022-05-09,930.9320678710938,936.8147773412283,894.5979467507059,903.162439278214,4207192
2022-05-10,927.8609619140625,938.6313904667819,922.7135651207965,928.2502137980249,2473518
2022-05-11,917.7825927734375,933.7004188882589,911.8566919260238,924.789866242744,2895668
2022-05-12,916.4849853515625,926.4768054492636,902.9461784180753,908.4395304548373,3195189
2022-05-13,910.213134765625,932.575903159604,904.114149929625,925.6551172363417,2496626
2022-05-16,903.6382446289062,923.0163572013712,899.8749834864956,911.8133792702404,1415370
2022-05-17,936.8148193359375,939.4966025135279,904.330341160762,915.4468314051176,2620776
2022-05-18,928.8558959960938,949.3154895664179,926.3471956959165,937.3771977565709,2865869
2022-05-19,873.2300415039062,915.5333596293649,869.0775283911415,912.7649823532568,4729354
2022-05-20,890.0562744140625,894.9441004330747,879.6318515183565,890.1860602664416,2005622
2022-05-23,880.9293823242188,897.1067273114256,877.8582946376752,884.9953539436725,2285466
2022-05-24,857.9611206054688,884.4764009612783,853.8519042476407,884.1735849172283,3418456
2022-05-25,842.9949340820312,858.8694646025233,833.0895493370065,858.1773966171448,3904551
2022-05-26,848.4016723632812,852.9866814905274,838.3232589107105,845.2007990022772,4278059
2022-05-27,868.471923828125,874.1383053016492,855.5819422031922,855.5819422031922,2795530
2022-05-30,899.6156616210938,911.2511904586619,878.6370297505889,881.5350876719317,3562969
2022-05-31,900.350830078125,904.7196176393427,882.7893495496837,904.0274969316748,5185485
2022-06-01,880.5834350585938,904.4168259203065,875.0900300812539,900.3509068238611,2554081
2022-06-02,899.4423828125,907.4013480790422,871.4132382196639,874.9601718363659,3560227
2022-06-03,902.29736328125,925.3522499161393,899.8750462393747,911.7701457073681,3556955
2022-06-06,897.3663330078125,906.0605058576488,883.3949770796926,897.9718594580422,1997494
2022-06-07,884.9088745117188,894.2951678493608,876.4741679709389,891.0510499490608,1839248
2022-06-08,891.2240600585938,894.3384978394934,878.9397087327793,885.0818843956865,1665512
2022-06-09,889.8832397460938,892.5217257615648,875.2198154340974,886.6823132055716,1654005
2022-06-10,878.3773193359375,885.6441643692698,872.1918997100696,875.4792618722354,2260855
2022-06-13,858.0042724609375,866.8282835120582,849.9588708089792,861.6376949880339,1738804
2022-06-14,862.4163208007812,865.9199575608999,846.1957313544937,854.7169265563842,2461791
2022-06-15,856.3606567382812,871.1538135842464,854.7169491769964,855.5820473036938,2408630
2022-06-16,834.7764282226562,871.1537930317771,831.9216150321863,871.1537930317771,3198618
2022-06-17,829.4127807617188,833.2192334184979,816.6958284781567,823.9194290970497,4302066
2022-06-20,830.5374755859375,835.6848201835803,823.6599346732147,834.8197220260404,1305407
2022-06-21,853.5057373046875,865.0115839113586,833.6517787796789,840.6158077038141,2128325
2022-06-22,831.6188354492188,846.9310831616555,829.7589061200513,846.0227406705363,2575065
2022-06-23,840.2265625,845.6334258365508,829.2830499862612,832.3108934547297,2169033
2022-06-24,836.290283203125,851.7322620480943,830.4941157930407,851.2564686878667,1922313
2022-06-27,858.4801635742188,870.9808429195444,851.4296450406579,853.1165970632802,3626024
2022-06-28,866.7850952148438,871.1538302781033,850.6077493753179,856.360673148658,2702471
2022-06-29,854.32763671875,865.3143933885368,852.1216470759398,852.2081357672662,3150015
2022-06-30,841.9567260742188,862.1135012499057,839.1019129036533,856.4471192535079,3741119
2022-07-01,843.7734375,849.050567758361,834.1276250596327,834.3871439375915,2827579
2022-07-04,851.7755126953125,856.0145142299448,842.1297011890204,843.7733557911922,2738846
2022-07-05,849.6561889648438,867.3907014535755,846.4553151748898,854.1979543582995,2476050
2022-07-06,853.5057373046875,864.2329745254618,847.8393554894494,849.5263072912949,2998254
2022-07-07,856.3174438476562,865.8768213293706,852.0784942905899,862.502917182718,2985141
2022-07-08,850.8671264648438,864.2329011113791,847.0607269495924,864.2329011113791,3141642
2022-07-11,816.2633056640625,847.0608298546639,813.1922179544079,843.4706516016464,5787815
2022-07-12,802.6380004882812,820.5887859261533,799.6966986515888,808.8667173209789,5305354
2022-07-13,793.9437255859375,809.7317648035277,782.9137255846074,804.5411765676076,12874342
2022-07-14,781.1835327148438,802.4216791071113,771.9269730958176,801.2105735279249,4916497
2022-07-15,764.011474609375,782.9138486184416,758.993862951693,775.1279650410207,5591590
2022-07-18,778.8477783203125,785.0764949562778,768.9423949035602,774.2627691304338,5156225
2022-07-19,778.322998046875,785.1465450857164,774.2113564354975,778.5854318955851,4636293
2022-07-20,802.5553588867188,803.7800679363004,783.0469402970441,791.3576833824211,4827089
2022-07-21,808.7227783203125,810.9098159308955,799.187272980381,805.7046557388132,3498709
2022-07-22,805.0486450195312,815.2402629157393,795.2069745425198,813.053225031959,3514659
2022-07-25,814.1466674804688,815.3276464689591,799.5809751852238,805.0485693809652,2120224
2022-07-26,799.1434326171875,813.2717149894977,797.0438554430015,812.2656564696865,2780103
2022-07-27,812.2219848632812,813.009286314419,797.043912811414,797.91872779788,1742497
2022-07-28,827.6625366210938,830.1995217439604,815.9400464329435,818.7394654043368,2843497
2022-07-29,829.6744995117188,844.8087870952286,828.5809808511405,837.1978865387108,3617725
2022-08-01,832.9551391601562,836.7605631234204,826.8751641177411,834.5735255825855,2489519
2022-08-02,831.9928588867188,834.4423303957043,823.2447082157171,832.9551874972135,2545241
2022-08-03,837.3729858398438,841.3971137567517,831.1180368050789,831.9491217907047,4119614
2022-08-04,838.1602172851562,848.5268069128189,827.4000036291078,844.1964620503506,3513266
2022-08-05,837.8541259765625,844.1528051044589,835.4483845550689,842.359444905513,2565683
2022-08-08,845.1150512695312,846.8209512614006,831.1180107528139,837.8540971803786,1746911
2022-08-10,832.8675537109375,845.9460477548095,829.4120240158792,845.1149628821549,3271939
2022-08-11,841.8781127929688,847.2582458824814,838.7288004541343,844.1963936774338,3594584
2022-08-12,836.673095703125,843.3216684116527,834.5735183243949,843.3216684116527,3022304
2022-08-16,838.2476806640625,847.6956712749206,833.3924684579446,847.6956712749206,2784861
2022-08-17,857.8435668945312,859.8556841083537,835.4483242718386,842.4468442657388,4649125
2022-08-18,851.6323852539062,860.3368050065303,846.9083629917826,860.3368050065303,2829269
2022-08-19,848.6143188476562,863.4861745272103,845.7711699677416,852.5072564544341,2880969
2022-08-22,839.34130859375,848.5705966724787,835.6233446392572,844.196521431899,3616799
2022-08-23,828.3623046875,831.9490246557789,821.4512451648542,831.0304796292164,3753715
2022-08-24,830.3307495117188,834.3986075724008,825.956674138206,830.9868608177457,1494361
2022-08-25,825.6503295898438,834.4859925194186,824.6443244456495,834.4859925194186,3316314
2022-08-26,827.2689208984375,836.3232358281167,825.6067508501936,829.8058526524437,2195046
2022-08-29,802.6427001953125,806.5793673897309,787.4208990191082,798.3560856702704,4974880
2022-08-30,821.4076538085938,826.9189782931438,808.0667234526345,810.866142468518,2998417
2022-09-01,810.1223754882812,814.4527201788669,801.5491996389761,802.4677446595325,2953921
2022-09-02,808.7227783203125,819.701696446545,803.9550256503467,814.6277798688868,1750283
2022-09-05,818.826904296875,824.3382285507475,807.0169008695162,810.0787536099426,2279812
2022-09-06,820.4015502929688,824.863139123166,810.9972884242893,818.8268938682706,2108615
2022-09-07,815.0651245117188,815.8086958841641,807.5416836750351,810.953483442126,2709547
2022-09-08,814.4965209960938,823.1134810570491,811.8283458400612,819.1768134317471,3214686
2022-09-09,829.7620849609375,833.6987527335514,817.3397004217946,821.4513418854194,2206526
2022-09-12,835.9295043945312,842.8842946713891,834.1361442336995,835.5796104137074,2517615
2022-09-13,835.7982788085938,839.64743280162,831.4679338462776,835.4483314481047,2442828
2022-09-14,815.3275756835938,820.9701430826156,810.5598232799406,816.464824498679,6761712
2022-09-15,804.742431640625,819.4393146379464,801.59306524475,819.2643409390961,2995215
2022-09-16,784.62158203125,803.0801568717118,781.5597295813034,800.5431720553969,5095937
2022-09-19,785.4088745117188,793.5884265712696,776.3982909408205,785.5401181158625,2686561
2022-09-20,799.5809326171875,805.573394178904,789.0831523202442,789.3455861487734,1836721
2022-09-21,788.1646118164062,799.3622335195088,786.3274682170517,795.2068621277521,1819649
2022-09-22,785.2776489257812,791.6200572139425,778.3665895712396,785.2338654633933,2315711
2022-09-23,783.7029418945312,798.3560921255703,780.3349257365268,784.2715929627761,2569608
2022-09-26,793.1947631835938,802.5552942681348,771.5868222225049,779.6788608909383,4182702
2022-09-27,803.7363891601562,806.0984006561754,793.9821792427617,797.1752757792569,3545337
2022-09-28,805.5296630859375,810.9097968390929,797.7000579454932,798.7061165804643,4154139
2022-09-29,807.4979248046875,814.4527143006487,801.855357727041,810.9534545184763,2928360
2022-09-30,815.6337280273438,818.4331466517864,796.1253645856945,806.4919541707363,3229901
2022-10-03,813.7966918945312,816.0711896433542,801.3305775602157,815.6337821228518,1598950
2022-10-04,827.574951171875,831.9490259666524,819.7453466103301,824.513098815531,2331351
2022-10-06,843.8027954101562,846.777187760327,835.8857303593256,835.8857303593256,3713623
2022-10-07,837.8101806640625,851.1511069377117,835.4481699236063,844.1963182997697,2174327
2022-10-10,842.6654663085938,846.0772658325916,824.2506230390871,824.2506230390871,2758812
2022-10-11,821.1013793945312,850.3202232380731,818.8268816366631,846.9084232067979,3134969
2022-10-12,832.8240356445312,843.23435744788,825.2131330432535,825.2131330432535,3502390
2022-10-13,859.1557006835938,865.2356749794174,847.9580805284273,850.3638215279323,9698562
2022-10-14,877.0457763671875,894.935753975504,869.5661187210665,879.1890838175772,7424383
2022-10-17,870.0909423828125,880.7636956292059,867.0290900068904,879.801420525989,2136170
2022-10-18,882.8632202148438,886.7561572536605,874.0275575635067,874.8149123424007,2487826
2022-10-19,879.7266235351562,889.3133378962319,878.2687112457571,889.3133378962319,2517099
2022-10-20,898.9443359375,900.6230869469076,872.9673506915377,874.734491077553,3931399
2022-10-21,907.6033935546875,909.9890981438085,893.8197180735756,903.4506561754961,2071897
2022-10-24,911.4909057617188,917.8967890722713,910.077215154374,914.4950657133759,398105
2022-10-25,906.9848022460938,916.4831818117494,902.0368307415692,915.3787190715569,3068136
2022-10-27,911.8885498046875,916.6597419798348,900.8880375265555,910.960758071922,3313674
2022-10-28,910.0772094726562,918.6920180089265,906.1011439943776,911.8001280368387,2423629
2022-10-31,919.9292602539062,929.9577618145217,915.7323012338406,918.0295624943356,2418565
2022-11-01,936.6286010742188,938.2189626642868,923.3308268836805,926.8651075607473,2275488
2022-11-02,923.5075073242188,942.1950381689895,921.1219109856046,940.9580183476871,2799322
2022-11-03,923.4632568359375,927.0416508141735,912.8161946191128,913.6114292335003,2396164
2022-11-04,923.6400756835938,926.8651284456239,913.1255688608614,923.4634047888342,1709158
2022-11-07,925.2305297851562,932.7849900624041,917.7201833020204,926.0698783078436,2213508
2022-11-09,930.7969360351562,937.8654972705502,927.0417628788531,937.3795984002278,2307691
2022-11-10,929.9133911132812,938.7049791029671,925.1421984360752,927.748687319278,2321667
2022-11-11,963.6658325195312,970.7785077106003,944.6248521134212,946.3036570167344,3923101
2022-11-14,971.0435791015625,974.5336379943868,963.1356695303872,967.5092985588817,2170007
2022-11-15,975.3731079101562,977.3169190926056,962.1195556906804,966.1839567997829,2172420
2022-11-16,976.5217895507812,982.9276738133857,971.3529252000809,978.5540442530306,2213697
2022-11-17,965.3446044921875,972.4572794406229,962.2962227791293,967.5976436459955,2460883
2022-11-18,974.7106323242188,977.2287861963117,957.7902389121175,970.2044452071514,2623894
2022-11-21,967.9511108398438,977.5378255098514,965.3887358028245,970.9552709571184,1733741
2022-11-22,974.9312133789062,977.1401385008189,961.3242130563898,964.0632586360272,2529146
2022-11-23,974.9312133789062,982.0881092023689,971.7061611293793,979.8349624349491,2217599
2022-11-24,998.0807495117188,1002.8520495569169,975.0195917938835,977.2285170131719,3295202
2022-11-25,996.84375,1005.1052167735459,990.1728604172929,1003.0287407392319,1977441
2022-11-28,988.5382690429688,1000.8640287702082,986.9477997230832,994.0163605089244,2368293
2022-11-29,997.506591796875,1006.1656234003917,987.8757623464227,988.5384400347215,1785948
2022-11-30,990.3055419921875,998.3460093923896,986.9479320257464,995.7836341924943,6053488
2022-12-01,1004.0892333984375,1016.6801092067209,997.0206715411556,998.4343623410731,3919684
2022-12-02,1003.338134765625,1007.6234284548598,993.0002992157501,1004.0891478274191,2944923
2022-12-05,999.1852416992188,1008.9928483916483,995.9601892120545,1001.3058315440446,2646466
2022-12-06,990.437744140625,994.0162457684577,978.1119858361624,991.0120862097133,2807894
2022-12-07,977.1401977539062,986.594354705917,973.6942527832284,984.297094011358,2399879
2022-12-08,973.1199951171875,984.0762869088551,970.8669558752412,984.0762869088551,1752350
2022-12-09,907.8682861328125,949.8378662703391,901.8600201831028,949.8378662703391,12415478
2022-12-12,908.66357421875,918.161953439829,894.5706193793807,905.6594141028717,4275785
2022-12-13,923.065673828125,925.0095928332834,911.0491416035397,911.9327117356075,2284909
2022-12-14,933.2266235351562,934.1986368553255,923.3306823317026,923.3306823317026,2425507
2022-12-15,920.9894409179688,929.3392446075247,916.3506970430036,929.1183520420502,1906369
2022-12-16,909.7681274414062,924.6120428934604,903.3180214878096,910.0773554566726,5159215
2022-12-19,912.9489135742188,916.7040869424166,904.2015469802902,909.7680824103422,3328172
2022-12-20,909.812255859375,913.0373088879982,893.731320230147,907.4266592944746,2629849
2022-12-21,919.2222290039062,930.620306068714,914.4951500414136,914.4951500414136,2878658
2022-12-22,918.1177978515625,931.8573579728222,913.2581616213373,924.2144539664747,2623451
2022-12-23,910.6073608398438,922.5355576791156,907.5148653629955,909.6354552615137,2177675
2022-12-26,911.5792846679688,920.4592078580534,909.1936883954279,910.9608287032908,1680715
2022-12-27,915.6879272460938,919.5756575789546,910.3865062079254,918.0294097761556,554319
2022-12-28,914.8927001953125,917.4109614957218,906.9847902234342,910.0772858549802,1397806
2022-12-29,922.8449096679688,924.2144867062624,908.3985575706292,910.0773626266256,1277244
2022-12-30,918.29443359375,932.3873333234673,913.876583163409,927.7485903716091,1860560
2023-01-02,918.427001953125,921.1219342082734,911.4026620008,918.1177739544254,701880
2023-01-03,920.105712890625,924.0376645965003,913.1697090955425,918.0293447027274,2484372
2023-01-04,915.9088745117188,920.6801753026764,911.4026879315842,915.5554248498528,1219170
2023-01-05,922.5355834960938,927.5719981282278,912.8163117254359,920.5034368404766,2294943
2023-01-06,912.5513305664062,925.8932187935636,905.8803325239833,922.4472734991841,1887689
2023-01-09,943.1668701171875,946.3035871485667,918.9571354062527,923.2865426560832,4562242
2023-01-10,939.986083984375,947.7173228090347,933.3151940559936,937.4679306244512,2297082
2023-01-11,931.989990234375,953.9024688339973,928.234816480926,944.5366452792885,3594167
2023-01-12,946.8779907226562,949.3961441262328,937.4679468756938,937.4679468756938,4748542
2023-01-13,952.3120727539062,957.7901652422865,919.796643927325,922.3590192619666,8253765
2023-01-16,966.3606567382812,972.3247554163457,952.9746548803307,960.4407797120181,4508538
2023-01-17,981.6907348632812,984.2530022119668,967.5093897066951,970.0717649130733,4390338
2023-01-18,985.3134155273438,994.7675743439348,984.3856235938288,988.670917863822,6905092
2023-01-19,990.8857421875,992.6242510697464,979.6074188521854,982.8170323144572,2298287
2023-01-20,987.6760864257812,999.8013527826606,987.0074124483763,990.5736736612029,4747128
2023-01-23,999.6229858398438,1001.1387121728012,987.988123800293,990.5290631767243,1696834
2023-01-24,1014.467529296875,1019.6831644038293,999.6229456588883,1003.8133677635783,4861107
2023-01-25,1001.0046997070312,1011.792615474445,995.6553091942349,1011.792615474445,2692236
2023-01-27,994.6300048828125,1011.3023375712539,985.1794365791862,1001.0047171215216,3864525
2023-01-30,1011.7036743164062,1016.3397701144692,985.8929036868698,994.6301778960882,3508427
2023-01-31,1000.5143432617188,1014.3336027478399,992.3119876163132,1012.8179855634608,4582858
2023-02-01,1009.3408813476562,1013.7095723355304,993.6047347333282,1013.7095723355304,2393911
2023-02-02,1024.943359375,1030.203615961437,1011.9265288760112,1014.4229550357715,3048359
2023-02-03,1021.8674926757812,1031.22892743087,1015.1361317708073,1028.8662578449998,1814055
2023-02-06,1021.4661254882812,1025.1661425429895,1005.6854662272121,1012.1046916271238,2070175
2023-02-07,1005.9085083007812,1027.9747485670737,1003.8133516987926,1023.3831656944282,1931191
2023-02-08,1020.842041015625,1024.4083014209198,1009.8757467358914,1010.9456901576581,2848255
2023-02-09,1022.0457763671875,1027.0831416672675,1014.6012284872833,1019.9506198501335,1501083
2023-02-10,994.6747436523438,1007.4686825892933,980.7217264143563,1003.7241522582594,3185163
2023-02-13,992.3120727539062,999.667485692109,985.179551116861,999.667485692109,2009185
2023-02-14,1003.4120483398438,1018.5241443453074,996.7699308848479,999.4446265848967,3938046
2023-02-15,1010.0542602539062,1011.5698775955725,998.1963992856531,1003.010873243953,1648954
2023-02-16,1005.8192749023438,1027.216839122753,1002.1192576558367,1015.1360874565245,2369355
2023-02-17,989.236083984375,1000.0685127044837,987.4529538136735,1000.0685127044837,1958807
2023-02-20,994.71923828125,1011.6589768798692,987.4975820138301,989.2361994333469,1706036
2023-02-21,985.35791015625,1000.3808722862123,983.4856448231359,999.4446852028287,1313278
2023-02-22,974.1240234375,985.6698569835103,971.8505976931336,976.2638014814461,2212194
2023-02-23,975.6842041015625,991.375727430357,974.0348305031335,985.0011243022027,2139983
2023-02-24,976.1300659179688,984.733691234184,964.6734757042889,978.046952724219,1684570
2023-02-27,966.4120483398438,971.8060612960908,959.324148582196,971.8060612960908,1834553
2023-02-28,960.75048828125,977.9577374976308,952.2806201989786,966.0107439095964,20793703
2023-03-01,981.7025146484375,984.2880757445696,960.5278391059253,960.5278391059253,1655100
2023-03-02,986.0263671875,995.878204959811,972.073460603892,972.073460603892,4074162
2023-03-03,997.6614990234375,1007.2012035145996,990.5735989311265,994.095238079654,3253621
2023-03-06,1004.5265502929688,1023.5169341552684,1001.495315429465,1006.5771939558344,4091674
2023-03-08,999.1325073242188,1002.1192288106191,987.2301343359444,991.4204470083705,3209393
2023-03-09,995.5663452148438,1004.5265105604742,993.2482973617593,1000.2915756781221,1834324
2023-03-10,995.2542724609375,996.9036463078576,985.1795422062762,985.1795422062762,1193681
2023-03-13,979.4735717773438,1010.6783558425564,976.2639586116519,999.4000335493996,3028387
2023-03-14,966.5013427734375,983.7531084153087,950.4085466443587,979.4290387643786,3683544
2023-03-15,962.5783081054688,978.8493716220548,958.8782910733267,976.3084327848214,1528510
2023-03-16,956.114501953125,969.6217359306172,953.6626977564515,966.4120142789707,1812907
2023-03-17,988.2554931640625,995.9675546190366,966.5013873531645,970.2012962060356,5350523
2023-03-20,972.563720703125,988.1215962486124,968.4625432074754,985.1793880269371,2066169
2023-03-21,966.367431640625,982.8613859562142,960.3047454398213,979.8300428558124,2421127
2023-03-22,964.1831665039062,985.848244947816,962.043497036457,973.5446013417558,1382329
2023-03-23,950.3193359375,963.2470308952597,945.9506448402188,960.2156875522297,2178855
2023-03-24,937.7036743164062,971.8060423150775,933.5133615206137,956.6494343156681,2688253
2023-03-27,937.4808959960938,949.9628099703642,931.5074521275826,939.0857570405325,1459887
2023-03-28,928.2085571289062,948.447153541314,926.6483179462463,942.2061968106739,2965015
2023-03-29,951.745849609375,953.9747626061182,929.100071795735,932.5771978373829,2478745
2023-03-31,967.5711669921875,977.9579237005976,953.4398798468447,965.9217930814825,3131614
2023-04-03,979.0722045898438,980.0529044013231,970.0227973515028,971.7613057066876,1540702
2023-04-05,990.7072143554688,992.3120752613164,950.5422670855539,967.6602755242594,3342291
2023-04-06,973.45556640625,988.790555108537,967.7495266294376,988.790555108537,2378264
2023-04-10,983.4855346679688,985.1795302876802,973.1434002796407,973.4554263279358,711625
2023-04-11,969.1314697265625,989.5483366236872,967.3483391474888,984.2880796486891,2318905
2023-04-12,975.8181762695312,978.4482502509138,962.9796147693328,973.5892631213596,2715967
2023-04-13,955.6239624023438,970.9143245417879,947.7336335977232,970.9143245417879,3071057
2023-04-17,929.1890869140625,940.6011635215191,906.0530165201362,940.6011635215191,9509446
2023-04-18,948.4915771484375,950.7651118481602,931.8638650872438,935.7422606142576,3686404
2023-04-19,926.0687255859375,957.496398746098,924.0627038948634,957.496398746098,4322881
2023-04-20,924.9990844726562,933.6472251506456,919.9617182940963,927.2279979292169,3057560
2023-04-21,935.2073364257812,957.5410897337576,925.2218490420921,939.7097845245629,7708194
2023-04-24,939.75439453125,944.0784642235017,932.5772507411308,942.3844684831504,2033625
2023-04-25,939.2192993164062,943.9892601165257,931.1506997034089,936.5446037650753,1237595
2023-04-26,950.0072021484375,951.2999279641415,934.3601916648738,940.6011471435513,1647101
2023-04-27,955.0891723632812,958.4325416947746,945.9506295238659,950.0072945128661,1654910
2023-04-28,964.9280395507812,969.1446912232464,955.5426604692359,961.1647889034497,2629188
2023-05-02,968.0565795898438,974.6308944987613,964.837388012171,964.9280460790892,1905168
2023-05-03,960.2579956054688,964.8373902785017,956.67617175171,963.0237861614369,1649820
2023-05-04,967.37646484375,968.419198639492,950.60062702928,957.6283428704768,1403672
2023-05-05,957.1749877929688,970.2328492988263,954.0464541747458,967.3765112779289,1641673
2023-05-08,975.4921264648438,977.0790297614401,956.6759873766304,959.3963930279383,1389075
2023-05-09,978.4393920898438,981.7038572648604,966.6963500581454,971.1849758370925,2981949
2023-05-10,977.8045654296875,987.3259856950112,972.1823270473393,983.1093345816489,2091411
2023-05-11,986.691162109375,990.7717708118072,979.3914729578481,981.295734880264,2653108
2023-05-12,993.401611328125,1000.5653694134387,977.0337906157464,984.7869921518427,1585037
2023-05-15,997.2554321289062,1002.8775598716535,990.9532029321042,996.5299463004761,1523466
2023-05-16,989.0488891601562,1002.2882868084544,986.6912261178575,997.6635080908037,1166324
2023-05-17,974.4041748046875,991.9960457977313,963.6584820929467,988.8676230421663,3602382
2023-05-18,979.2554931640625,983.8801611839023,972.9985372814075,981.1143708312438,1515743
2023-05-19,993.2657470703125,1001.1096080766673,981.567976793735,987.1448323470177,1984436
2023-05-22,1015.482177734375,1017.3411660755204,987.4619743427381,993.2655291681466,1864932
2023-05-23,1004.1470947265625,1025.9103410396224,1001.1093304007503,1015.6181612761235,2138096
2023-05-24,1008.3184814453125,1011.0842719374725,995.6686372980671,996.6208237150031,1302744
2023-05-25,1011.9912719726562,1014.031576956472,1000.2482275654792,1005.8249726330054,1124803
2023-05-26,1033.028564453125,1034.071408659994,1010.1772034110253,1011.0840052094194,1635167
2023-05-29,1021.240478515625,1040.963424147617,1019.6083011553535,1039.195204333919,1288914
2023-05-30,1029.9908447265625,1037.3813018390451,1022.9178568119919,1023.7792742799667,1983735
2023-05-31,1038.3790283203125,1045.8601453985475,1026.590601409154,1029.0390334145618,5967930
2023-06-01,1035.4771728515625,1047.4922987355674,1031.6232645491457,1041.0086426292526,1445692
2023-06-02,1031.0792236328125,1043.8197248873294,1026.1370864831872,1041.0086609207754,1336554
2023-06-05,1032.212890625,1041.462227910186,1030.1272014853907,1037.3816183972597,1435758
2023-06-06,1023.4168090820312,1026.772043206437,1009.9508202836389,1024.6863541373843,1943605
2023-06-07,1023.8248901367188,1028.1321998376457,1012.1723953382715,1028.1321998376457,2459039
2023-06-08,1021.7390747070312,1025.819683392349,1014.0766426753728,1023.8247634236316,1385218
2023-06-09,1006.3235473632812,1025.5930903968201,1002.8776553904293,1023.8701444103941,1824218
2023-06-12,1033.436767578125,1034.615543586464,1007.9102729398512,1009.2250913666564,1670970
2023-06-13,1025.8651123046875,1038.242870632661,1024.0515083658079,1038.242870632661,2014656
2023-06-14,1029.9908447265625,1032.3032336890392,1021.104253137448,1031.9404908154138,836964
2023-06-15,1037.0189208984375,1040.1020703599377,1030.62603213062,1033.7544552836348,2109652
2023-06-16,1041.1900634765625,1046.6762601245964,1026.9079312721333,1042.8223514345123,2909817
2023-06-19,1031.532470703125,1046.3586585525936,1029.628098296565,1041.189821681847,1278608
2023-06-20,1059.7342529296875,1061.6385151230245,1026.9533362176599,1027.4067372491024,3504867
2023-06-21,1061.3662109375,1066.1269207840364,1053.3864208489827,1065.4922037486,2019683
2023-06-22,1054.9732666015625,1061.3661530592856,1050.8472740154602,1061.0941789276105,972005
2023-06-23,1056.5601806640625,1061.4569327139811,1043.7289125543261,1053.6130746989872,1699790
2023-06-26,1058.6912841796875,1066.3537164344266,1054.6560597508317,1058.4645836905697,1190307
2023-06-27,1060.9580078125,1064.9932311716243,1052.0713067174977,1058.2376026642628,1504039
2023-06-28,1061.1851806640625,1064.5403042297744,1057.7846727149147,1064.086903169888,1424076
2023-06-30,1077.2352294921875,1082.7214250439235,1056.4241710018182,1061.2755388329374,3036648
2023-07-03,1071.477294921875,1083.6284646982174,1065.0390224167836,1079.0944543856726,1749952
2023-07-04,1079.638427734375,1081.814774650263,1068.7115301651754,1071.8399527549125,1094468
2023-07-05,1083.447265625,1090.5202560606097,1076.9182236533336,1082.7217796191628,1653610
2023-07-06,1070.61572265625,1086.3487140304087,1065.4468852300986,1083.4469921267973,2334220
2023-07-07,1049.7139892578125,1072.7013981737753,1046.268208020808,1068.3488149227794,2159585
2023-07-10,1019.6990356445312,1053.6134587909087,1015.6184258976213,1051.890512536822,3960400
2023-07-11,1010.9935302734375,1026.273121205011,1008.3637824430946,1026.273121205011,4982603
2023-07-12,1007.049072265625,1019.698916728386,999.703887022875,1015.3462225618388,3824027
2023-07-13,1005.4619750976562,1019.6080623752403,985.7390340845432,997.4820742264092,12294227
2023-07-14,1043.6837158203125,1049.2605702494031,1007.9558056368908,1010.3587423778586,6605038
2023-07-17,1046.2227783203125,1062.7719143587487,1037.0641005144735,1044.5904904883964,3159479
2023-07-18,1058.4190673828125,1060.9581568218712,1039.5576554554632,1050.9379521744531,2431478
2023-07-19,1060.096923828125,1065.4016933966636,1049.1699154357307,1056.4243314456578,2242397
2023-07-20,1057.12451171875,1063.5268921214279,1049.9903860391616,1060.9658953008952,1990001
2023-07-21,1020.2191772460938,1042.5818422679938,1001.5151266184755,1015.234511914619,5259150
2023-07-24,1017.886962890625,1031.4233562485504,1016.1491517325505,1024.3807830247135,2672505
2023-07-25,1016.6522216796875,1023.4661383524249,1010.7528190404812,1023.0088255113379,2506726
2023-07-26,1019.8075561523438,1025.1580936463758,1015.325868329212,1015.4173085605751,1969964
2023-07-27,1021.9569702148438,1026.85019522043,1014.274092255837,1019.8076222197144,1769815
2023-07-28,1009.335205078125,1023.0088142161937,1003.7558991595525,1018.9387746349154,2031899
2023-07-31,1021.3626098632812,1023.9236068220769,1002.4299000241145,1013.4054098783932,2526624
2023-08-01,1041.3013916015625,1044.5025816504035,1016.9723695601007,1024.3808156291173,2710536
2023-08-02,1034.350341796875,1039.9295368592645,1025.7528369284653,1039.9295368592645,2701150
2023-08-03,1029.411376953125,1038.6034112513091,1019.8535816399906,1029.8686898704743,1608187
2023-08-04,1046.6519775390625,1053.9689836988478,1029.8686169897856,1033.9386570067047,3315303
2023-08-07,1052.55126953125,1057.0786219547924,1045.554360800523,1055.9811158062494,1655404
2023-08-08,1043.9080810546875,1058.130556175994,1039.9294813581137,1056.3013046696472,1667697
2023-08-09,1046.4691162109375,1048.1611515866473,1028.954010065426,1043.5422467042247,1559337
2023-08-10,1037.459716796875,1047.0632842459122,1032.2920605540983,1042.6730373240484,1676669
2023-08-11,1071.4383544921875,1085.615054468158,1055.752611257056,1060.9659336855304,7391806
2023-08-14,1071.0267333984375,1076.5144877967216,1055.4780959366326,1070.7066367216007,1720940
2023-08-16,1076.65185546875,1084.9749284807874,1070.2036984840663,1075.3713569325907,2567226
2023-08-17,1076.2398681640625,1080.1270268531932,1064.5783920966708,1076.3770843298755,2331256
2023-08-18,1073.49609375,1077.2918125732097,1059.731044539932,1072.8559004467002,3406088
2023-08-21,1078.5723876953125,1087.3985482834773,1069.1516980553472,1072.810200960398,1661946
2023-08-22,1078.8009033203125,1085.6605953719466,1075.736929866976,1081.087467337524,1805887
2023-08-23,1081.544677734375,1092.9774967379096,1078.023391811011,1091.1024697618807,2347850
2023-08-24,1071.25537109375,1087.4899775713714,1069.1974632303895,1087.4442016260602,2464221
2023-08-25,1055.4322509765625,1070.8437828895803,1051.8195242267186,1065.538909325328,2105159
2023-08-28,1048.572509765625,1060.6912993736605,1042.0330258243491,1056.392603568378,2571967
2023-08-29,1058.7249755859375,1063.9840731219638,1050.2646882453735,1055.3865696029059,1794652
2023-08-30,1070.5694580078125,1074.8224901450922,1062.4750423167236,1066.453642065023,1497356
2023-08-31,1072.078369140625,1086.6666021176827,1066.3619594084507,1078.8008446559365,4483967
2023-09-01,1084.563232421875,1086.575364363088,1071.118167237284,1072.8559784494128,1669640
2023-09-04,1127.2762451171875,1129.562809508906,1083.8315216745373,1084.7461474312247,4517935
2023-09-05,1130.06591796875,1135.6907771511842,1120.59945190364,1131.1634242363825,2842400
2023-09-06,1130.33984375,1136.330685126541,1118.312496713437,1133.9983455619665,1767709
2023-09-07,1146.940673828125,1149.6845510382402,1125.2640885276753,1132.3066620408442,2582004
2023-09-08,1154.303466796875,1161.1631598882982,1147.215117269071,1151.5138136135695,2280777
2023-09-11,1172.138671875,1174.6538926817127,1161.9405724562343,1167.5655431355221,2691836
2023-09-12,1172.916015625,1181.467743558302,1157.458819023055,1175.2940201063814,2140769
2023-09-13,1166.376220703125,1172.915815648437,1158.0073746765297,1172.5499431024555,2275523
2023-09-14,1174.0135498046875,1180.507370075577,1166.6965440575113,1171.4983290790958,2655172
2023-09-15,1193.220703125,1198.1597043888517,1180.827591492457,1183.5256927321939,4286280
2023-09-18,1193.5865478515625,1199.3487344661662,1179.592729872465,1190.8426707300646,2761885
2023-09-20,1182.97705078125,1192.6720620850315,1172.0929812591778,1172.0929812591778,2220756
2023-09-21,1168.8916015625,1175.2939812267705,1151.7881462616913,1174.3793555604461,3112700
2023-09-22,1164.958740234375,1174.0135572335314,1157.0929813361176,1163.8154580791443,1321467
2023-09-25,1155.583740234375,1170.7208394982813,1149.3185768214753,1161.574582939701,1246703
2023-09-26,1153.7547607421875,1160.6144547772365,1149.7761605315923,1156.0871013735705,903152
2023-09-27,1153.434326171875,1159.425168533878,1146.3003134542018,1151.0563219326507,1670373
2023-09-28,1135.87353515625,1157.9159894020283,1132.8095617794227,1153.4343017104777,1807072
2023-09-29,1129.3798828125,1143.0077167106863,1122.474413972562,1129.6542035390921,2338327
2023-10-03,1132.9466552734375,1149.4099156260588,1118.3126460711076,1127.2760213669865,2162636
2023-10-04,1133.7244873046875,1138.5262728913015,1120.4166368766073,1128.6482693108028,2253785
2023-10-05,1129.97412109375,1146.8946942180644,1122.977324769356,1142.3673422847942,2995200
2023-10-06,1132.0321044921875,1148.7697982826717,1125.0809719915421,1145.1112957403702,2497711
2023-10-09,1142.916259765625,1158.5106727107152,1126.0414601511882,1130.4773724950846,3430211
2023-10-10,1154.07470703125,1156.7728080795102,1141.6357086869323,1148.3582966335453,1532394
2023-10-11,1139.2576904296875,1165.64461817471,1135.0504347578953,1157.916076070504,2186131
2023-10-12,1119.2730712890625,1141.9558306925144,1111.4073135059505,1138.7088651725294,3921609
2023-10-13,1148.6783447265625,1158.373354021492,1105.3708437140729,1107.6116318357892,5740821
2023-10-16,1162.169189453125,1170.080724233661,1152.7028356133922,1155.1722803894452,2527113
2023-10-17,1168.1142578125,1169.8062930606927,1162.4892873183271,1169.7148528186426,1687345
2023-10-18,1161.0714111328125,1172.092694157145,1159.1964956615761,1168.8915045905824,1743126
2023-10-19,1159.1507568359375,1165.9190087516715,1156.9099687270514,1158.6477797342668,2279726
2023-10-20,1162.15185546875,1164.6911194640884,1150.0095341842232,1156.0576444231199,1625449
2023-10-23,1141.8839111328125,1163.9062318095102,1137.8672798811729,1152.364123203704,1646367
2023-10-25,1134.820068359375,1156.8886015891205,1131.403649448233,1136.8514342985568,1420065
2023-10-26,1137.4056396484375,1143.3151093110712,1119.1691073440043,1121.8929999942522,4617424
2023-10-27,1171.4776611328125,1172.6780853616647,1138.9289189997426,1142.2069225136845,2675348
2023-10-30,1167.8304443359375,1177.1103439117803,1159.7509690341471,1172.6781295170117,1158770
2023-10-31,1178.21826171875,1181.7732080686894,1160.3972037396275,1174.524787544083,2525870
2023-11-01,1162.4749755859375,1187.4059303960191,1159.1047700158174,1181.9119317371965,1572719
2023-11-02,1175.817626953125,1177.2949942065973,1168.0613079775258,1168.984676600433,1368604
2023-11-03,1169.2154541015625,1188.6524076253029,1166.214506243059,1184.3125077080867,2052536
2023-11-06,1172.401123046875,1181.4501808509676,1168.199863343181,1178.449232755801,1175823
2023-11-07,1176.325439453125,1179.7880718696429,1170.000386782132,1171.7548097496808,1385282
2023-11-08,1170.5084228515625,1182.6507445025863,1168.8925275330284,1181.9120044134631,937671
2023-11-09,1170.36962890625,1178.0336329037857,1165.1064732945647,1170.5081567309549,1483749
2023-11-10,1159.2431640625,1173.601592120915,1154.8110620286427,1165.5683296923653,1469902
2023-11-13,1164.3677978515625,1166.7685336544696,1157.2579047591273,1163.4444292569142,730991
2023-11-15,1178.818603515625,1184.6819718698525,1171.2008121922217,1177.2950227077645,2410620
2023-11-16,1210.5826416015625,1216.9537957871376,1180.0652594076678,1185.4208432299984,3936945
2023-11-17,1208.8280029296875,1224.1558988637014,1206.2887393265382,1212.752319407282,2882039
2023-11-20,1223.832763671875,1229.649918216106,1213.306339099975,1214.1834941826778,2831858
2023-11-21,1224.9407958984375,1233.6204835202775,1220.508694126106,1233.2511135269424,1514256
2023-11-22,1227.80322265625,1233.3896479560726,1219.2159620237696,1224.9408024454233,1535630
2023-11-23,1227.1571044921875,1232.9281593477754,1224.109942442071,1231.727734851447,1307344
2023-11-24,1208.8280029296875,1230.527164629327,1205.5962128893157,1227.0645324432141,1795933
2023-11-28,1215.75341796875,1218.7543662352848,1196.0395188225407,1208.8281527382849,2152951
2023-11-29,1231.7274169921875,1236.2058445771538,1220.2315237728499,1222.5399451193744,1835524
2023-11-30,1238.1451416015625,1243.59303960335,1227.8033442878846,1234.5439810433702,4104385
2023-12-01,1234.2667236328125,1245.6242021412122,1226.233462152357,1242.8540964285187,1854324
2023-12-04,1235.421142578125,1246.5477808192081,1229.003775015086,1246.5477808192081,1547057
2023-12-05,1216.58447265625,1243.7776357152586,1208.04331220312,1243.7776357152586,3932040
2023-12-06,1227.664794921875,1237.2677384058761,1218.4311087134922,1223.4634226107025,2077245
2023-12-07,1226.2335205078125,1234.5438380413746,1223.7865711353068,1229.0036263523332,1985003
2023-12-08,1259.567138671875,1264.9688226700837,1227.1569219667235,1230.8503965249379,4509751
2023-12-11,1269.9090576171875,1277.0189517415322,1261.3678968770507,1265.107472598592,2824656
2023-12-12,1269.9090576171875,1280.7124266561862,1265.0151582689077,1271.4787393695517,2730422
2023-12-13,1264.2762451171875,1276.8341482805308,1253.0574067725397,1273.6484589732247,1896931
2023-12-14,1306.197265625,1310.490952377131,1276.0954702731688,1284.405788096945,5145574
2023-12-15,1377.01953125,1382.2826867746116,1313.0300471566452,1313.0300471566452,7374290
2023-12-18,1389.0234375,1394.1942791444942,1367.5089039185032,1375.6806935290574,3075527
2023-12-19,1374.24951171875,1389.346565557645,1364.4617145338054,1386.437931968379,2590417
2023-12-20,1329.6048583984375,1387.8695198478767,1325.034227925063,1371.202667922452,4368383
2023-12-21,1313.0762939453125,1336.1605077363001,1311.275657640083,1312.2452397056595,2841508
2023-12-22,1350.611328125,1354.9050150459975,1313.9536364803223,1321.3405859475342,2303438
2023-12-26,1346.4100341796875,1354.90498076569,1331.6361356190564,1350.6112939533264,1363265
2023-12-27,1359.244873046875,1362.8921341460684,1345.8560275556026,1353.1505497539895,1402329
2023-12-28,1359.614013671875,1369.078541569102,1355.920539370518,1357.9058043506757,1928616
2023-12-29,1353.7508544921875,1368.293911796128,1345.8561195853074,1360.9992763830335,1481617
2024-01-01,1370.0482177734375,1381.128641438665,1343.547582927128,1348.118212602675,1222315
2024-01-02,1356.936279296875,1374.7111236427988,1349.3645896602486,1370.3251230899086,1440888
2024-01-03,1327.5732421875,1352.7350372489568,1325.495662778756,1348.1181941184143,1651716
2024-01-04,1311.1373291015625,1334.0831312701805,1308.5519643935397,1326.8808103863146,3392241
2024-01-05,1323.0025634765625,1328.5888758276667,1312.937823282314,1315.8002433738434,1776925
2024-01-08,1336.945556640625,1341.285344422733,1320.925132318283,1325.0340779265364,2025264
2024-01-09,1348.487548828125,1367.4627062500501,1341.054386385841,1348.6721774648954,3119270
2024-01-10,1377.75830078125,1392.4398844402115,1353.7046157651198,1361.8764055411023,4368914
2024-01-11,1371.0177001953125,1385.0528573972485,1361.0452745356963,1385.0528573972485,2271368
2024-01-12,1422.7265625,1435.8383531790014,1383.6680207323045,1389.6699173854643,5862043
2024-01-15,1466.493896484375,1495.4876917043698,1454.7671609020815,1486.6233761043168,9712071
2024-01-16,1436.2537841796875,1465.3861114437752,1420.1410456209996,1465.3861114437752,4459799
2024-01-17,1455.1368408203125,1463.539473931881,1400.3349278569606,1403.5205049693748,3846289
2024-01-18,1447.426513671875,1462.8005108979335,1419.2637709894354,1456.1523019740107,3205598
2024-01-19,1458.964599609375,1479.4819896165297,1449.7528214857646,1460.872153269152,2374099
2024-01-23,1417.7440185546875,1458.918285489885,1411.6027946780507,1450.5438583166244,3196630
2024-01-24,1466.8272705078125,1471.2935629182155,1417.7902853567039,1423.7454554893307,2136023
2024-01-25,1442.494873046875,1460.872085588514,1429.9332340943624,1460.872085588514,2641656
2024-01-29,1465.105712890625,1478.1790527783512,1442.4947197449296,1456.219471956662,2521598
2024-01-30,1450.9158935546875,1481.7616055242856,1446.914733423591,1470.1770281731665,1939386
2024-01-31,1466.455078125,1471.3867301036257,1438.8659735129872,1450.9159104851296,7025931
2024-02-01,1467.7579345703125,1485.9955529539754,1457.4759537196437,1466.4552232031717,2845408
2024-02-02,1473.66650390625,1501.7208565950957,1465.524700017265,1474.6435658071016,2337374
2024-02-05,1447.240478515625,1478.0863061099828,1443.6115375776833,1474.7830146029803,1452864
2024-02-06,1510.885986328125,1513.9100845301675,1449.7527234933118,1457.1500875072172,4988311
2024-02-07,1503.0699462890625,1516.6086477724116,1487.8098576471305,1514.840690588423,3320199
2024-02-08,1520.23779296875,1533.1715402022014,1504.8846757975414,1512.9799103263651,3496692
2024-02-09,1517.259765625,1532.287229518168,1502.4184682258183,1526.006410450764,3341297
2024-02-12,1551.0833740234375,1567.8787976760395,1525.0761717454177,1525.0761717454177,4885445
2024-02-13,1549.8272705078125,1558.5739169979029,1534.0089083651471,1558.5739169979029,3129897
2024-02-14,1555.317138671875,1560.3418174157805,1512.4679432312173,1535.078940786076,1386643
2024-02-15,1546.9892578125,1578.5794104236463,1535.404566224888,1561.3653113415141,2555162
2024-02-16,1551.54833984375,1560.4345810135617,1535.357875130902,1558.5735976134263,1776881
2024-02-19,1558.8065185546875,1565.9712605808159,1544.2908679755778,1553.9214361953905,762624
2024-02-20,1547.45458984375,1556.4803157819172,1530.6591657218673,1545.547036026761,2240414
2024-02-21,1522.5638427734375,1549.0828602055522,1518.6092524546134,1540.4758106881116,2890991
2024-02-22,1569.1812744140625,1573.8337330588,1525.0759437448703,1529.7284023896075,3820901
2024-02-23,1549.9666748046875,1579.3701921889558,1547.8264982871924,1579.0445427846644,2191549
2024-02-26,1535.1256103515625,1552.8514132220448,1525.541498170721,1549.9669109959614,1844253
2024-02-27,1543.499755859375,1557.0849126529063,1533.4503995543419,1534.3808913016444,2049420
2024-02-28,1537.0794677734375,1555.7823307308072,1529.9146125727627,1548.9896949770578,936575
2024-02-29,1548.19873046875,1561.1325889698794,1522.889399404644,1528.0071042112806,3532888
2024-03-01,1529.821533203125,1562.4817724000354,1525.1690742410174,1558.9924281784547,2371138
2024-03-04,1524.0989990234375,1539.0334378539533,1521.354093646441,1534.3809788519764,1788071
2024-03-05,1506.7919921875,1516.655183326583,1495.3470102981103,1511.1188021150763,3339546
2024-03-06,1529.9146728515625,1535.3115710810507,1492.3693489667578,1500.8833722143847,2366177
2024-03-07,1523.8199462890625,1539.5452807078952,1516.7946876390224,1535.3114975078695,3181239
2024-03-11,1524.7503662109375,1544.4302899226789,1518.6091432275614,1539.9638839790846,2970902
2024-03-12,1521.912353515625,1549.2688349397542,1519.53966759535,1522.1915464876215,2414182
2024-03-13,1518.097412109375,1536.4746256485478,1498.4174872984413,1524.8434778389446,2564135
2024-03-14,1562.5284423828125,1566.0177868276155,1498.0918816354492,1520.4236860821889,3513306
2024-03-15,1532.7991943359375,1560.4347554836788,1528.6584376564163,1560.4347554836788,3931561
2024-03-18,1529.1702880859375,1547.687098122507,1520.6562651691895,1535.2184849490855,1183544
2024-03-19,1487.9959716796875,1527.448846371893,1483.2969426965944,1527.448846371893,1915379
2024-03-20,1476.7835693359375,1506.5593080705457,1468.409142816829,1493.2067729488308,1815178
2024-03-21,1484.87890625,1507.3501930534849,1473.2942148269315,1496.2308611303752,2684744
2024-03-22,1449.566650390625,1462.2213163497697,1403.367709087156,1451.5672305087319,7468824
2024-03-26,1453.660888671875,1481.8548370836486,1447.4266387281618,1453.660888671875,4496344
2024-03-27,1438.726318359375,1467.2459136092957,1432.957314863573,1459.9415759876272,2589697
2024-03-28,1436.2606201171875,1452.5442261273283,1424.582902944318,1441.3317548404627,5301493
2024-04-01,1448.49658203125,1459.9416769404804,1440.4013485684281,1441.3318403956687,1014857
2024-04-02,1422.070556640625,1456.2195577034008,1419.092914952857,1450.6366073224292,2031775
2024-04-03,1429.095703125,1450.1247935400786,1412.4864484346012,1419.3255399441282,3343884
2024-04-04,1432.6317138671875,1444.588510707326,1413.1378426245844,1433.7018021477593,3388449
2024-04-05,1437.8424072265625,1440.1220666283139,1417.8834041993107,1435.2369848370572,2773570
2024-04-08,1433.00390625,1445.9842211017835,1430.7707032686658,1445.9842211017835,1820136
2024-04-09,1433.422607421875,1453.242128051167,1427.886226686515,1432.957361525276,2432095
2024-04-10,1432.1666259765625,1444.2630206374945,1429.4216067291661,1433.93458329794,1829986
2024-04-12,1415.743408203125,1435.7024137751664,1410.8117557604219,1430.1660324733507,4319991
2024-04-15,1400.4365234375,1424.1174908369203,1390.1545451227435,1402.3439631962294,3295684
2024-04-16,1374.6156005859375,1397.2264834874047,1365.3106824572449,1383.0364833411486,2446933
2024-04-18,1364.891845703125,1377.965300655175,1351.1670919388014,1374.3829300168259,5180223
2024-04-19,1346.88671875,1354.330652256045,1335.255572646805,1341.7690144645942,5219506
2024-04-22,1364.0079345703125,1370.8935965177088,1349.6783383198765,1351.2601289251031,1939632
2024-04-23,1383.315673828125,1397.0868844825352,1368.8464807298933,1372.3823950465996,2783858
2024-04-24,1376.43017578125,1392.8998373684215,1373.6852700452014,1386.4329639439327,1321471
2024-04-25,1399.5992431640625,1409.7416263524246,1377.081273783,1377.081273783,4558032
2024-04-26,1371.4053955078125,1425.0017035501346,1363.1239952949147,1411.4165452066763,4328477
2024-04-29,1290.9644775390625,1336.1863609084303,1285.0093066953639,1316.6460311179867,11493223
2024-04-30,1271.610107421875,1300.7345470265054,1267.7485436246807,1280.7289727560621,7606726
2024-05-02,1266.1202392578125,1282.1247675374639,1263.6079566485755,1263.6079566485755,6555505
2024-05-03,1254.3494873046875,1274.7737364063726,1240.8573565179047,1274.7737364063726,5964228
2024-05-06,1264.352294921875,1270.1212986095952,1254.7681840110176,1263.6078560526228,2504082
2024-05-07,1255.063720703125,1271.9903419411344,1250.5374694113627,1271.09443863746,5096525
2024-05-08,1238.750244140625,1257.939934512366,1232.7623221970498,1255.06378891783,6832455
2024-05-09,1244.7855224609375,1262.655015281329,1239.5519175409313,1240.0234093315516,5653762
2024-05-10,1241.1549072265625,1247.4729661019744,1229.2733374730478,1244.832566107728,3357203
2024-05-13,1238.04296875,1246.5298196232968,1227.434405158379,1241.1547450040396,2316566
2024-05-14,1245.7283935546875,1251.2919040933905,1234.082455289736,1246.6241818318576,3200462
2024-05-15,1256.9027099609375,1263.880810770787,1243.0879788860216,1244.0309623708583,2975965
2024-05-16,1271.2833251953125,1280.3831396841765,1252.7536749895532,1268.3129039224307,5055915
2024-05-17,1257.1856689453125,1273.9708227953224,1254.356718191511,1273.9708227953224,2487831
2024-05-21,1265.3895263671875,1272.886198820423,1239.080264844997,1239.080264844997,4966721
2024-05-22,1266.4739990234375,1275.762363207252,1263.5978533876566,1272.0375094240042,2390777
2024-05-23,1276.375244140625,1280.995770774039,1261.7118060309072,1269.868635571773,3326149
2024-05-24,1268.50146484375,1282.4576678616588,1264.3995092958114,1282.4576678616588,1769966
2024-05-27,1276.139404296875,1282.0801302924076,1261.7117131029347,1273.970496563576,1942325
2024-05-28,1280.94873046875,1285.5693723560075,1268.8784963686019,1280.4300435316038,2147233
2024-05-29,1275.9510498046875,1288.6813280421875,1270.1516778077666,1288.1155609203583,3845920
2024-05-30,1255.91259765625,1274.489442355841,1249.5474587970853,1269.2558376941877,4150461
2024-05-31,1248.6043701171875,1264.4465382100434,1240.7304812876375,1255.912491895625,10319045
2024-06-03,1239.5045166015625,1277.50679466258,1235.166815869828,1273.5463103227967,5384064
2024-06-04,1229.22607421875,1249.4530223860959,1164.5845152051536,1249.4530223860959,5447244
2024-06-05,1267.0867919921875,1279.534242365255,1241.0604722816386,1244.738130689824,3005139
2024-06-06,1317.8193359375,1319.9882438582897,1273.876331371229,1276.7995569655636,5936709
2024-06-07,1349.880859375,1356.623214317792,1318.2909126135173,1326.7777639822739,5884025
2024-06-10,1337.8577880859375,1359.7821535999449,1317.8193894978663,1357.8961866740087,3293739
2024-06-11,1347.3349609375,1355.9631684512171,1334.6989581704995,1343.7515773537707,2269082
2024-06-12,1356.717529296875,1388.0717311033884,1352.709849366719,1388.0717311033884,5990861
2024-06-13,1361.8094482421875,1374.5868037591572,1355.161369481392,1365.2041653307808,4232861
2024-06-14,1349.4566650390625,1363.5542231694828,1343.1858013641145,1361.8097266114155,3065114
2024-06-18,1355.2557373046875,1357.660391091313,1345.6845475942835,1349.456481308029,2223029
2024-06-19,1363.4127197265625,1369.1178161518603,1348.7493948378055,1357.943484295079,3117522
2024-06-20,1361.1494140625,1366.3358230344675,1348.0420362033917,1366.3358230344675,3163919
2024-06-21,1365.2987060546875,1397.4544219983477,1357.1418753477756,1378.6419462721992,6489262
2024-06-24,1358.69775390625,1361.6209797362428,1345.2602390218217,1355.868803404265,1988692
2024-06-25,1365.3927001953125,1367.4201374267075,1345.1185581019063,1358.7918167230407,2079037
2024-06-26,1361.38525390625,1370.4379877341275,1356.1988445762458,1365.3929338430714,1917424
2024-06-27,1371.94677734375,1377.2746573744816,1342.3370711230511,1353.1813818486676,6613193
2024-06-28,1376.378662109375,1384.959788741124,1359.7821759108838,1384.299746350331,4943575
2024-07-01,1385.101318359375,1394.2954076662948,1372.0410196480143,1381.4708548345986,3723295
2024-07-02,1396.3699951171875,1407.355660664492,1389.014677866447,1390.9006448425048,3811366
2024-07-03,1396.5584716796875,1404.1023391836966,1387.3171879431632,1404.1023391836966,2070876
2024-07-04,1435.5509033203125,1447.0553710473575,1400.330492737163,1400.330492737163,6822557
2024-07-05,1432.7691650390625,1442.0575295705567,1419.708866475669,1436.1638826457138,3061687
2024-07-08,1445.970947265625,1452.1946154526493,1420.321726549896,1440.8788132543168,2939620
2024-07-09,1443.8018798828125,1458.1352968192398,1438.0497040885143,1445.9707877757137,2658608
2024-07-10,1423.85791015625,1445.216509758949,1403.0179975300896,1443.802034488708,3507096
2024-07-11,1425.69677734375,1446.5366896815103,1422.0663138890977,1428.620003173069,3304053
2024-07-12,1471.24267578125,1476.7120256239693,1424.3764461717788,1442.764622736062,6430647
2024-07-15,1480.1068115234375,1543.0981525138047,1478.032293961537,1489.9138625011985,10337489
2024-07-16,1480.059814453125,1492.7428966209804,1466.3393583358336,1475.769193437672,3540650
2024-07-18,1503.63427734375,1508.0662534294595,1468.2252034326518,1469.2153820802357,4399468
2024-07-19,1503.63427734375,1524.2855224136326,1498.023456857912,1518.6748170380768,5633838
2024-07-22,1487.17919921875,1503.5871345272762,1481.3327477814792,1498.0235090632552,2704495
2024-07-23,1518.773681640625,1521.1017742456015,1473.8760950334038,1495.6360067675382,2907674
2024-07-24,1504.8531494140625,1518.4412495461963,1498.344209809512,1514.6403953545912,2484299
2024-07-25,1508.5592041015625,1514.6405948075212,1485.0414156941056,1491.8354666548357,2934731
2024-07-26,1553.931640625,1558.350156645769,1514.6403351788754,1523.0022604653382,2814159
2024-07-29,1551.0809326171875,1563.1011561962341,1539.3458194759266,1558.5400851487932,1639491
2024-07-30,1549.0858154296875,1551.6989029883023,1537.445698123131,1547.89804835759,1783877
2024-07-31,1560.82080078125,1563.10133656813,1538.585779846692,1540.296210685069,1984986
2024-08-01,1558.872802734375,1573.078448152319,1554.6442830666103,1558.3976959847066,1785188
2024-08-02,1529.1788330078125,1557.4001312712833,1521.4345687660034,1539.393629475882,1692851
2024-08-05,1484.6136474609375,1516.2556885205813,1460.4782005192365,1496.5863147806099,3279717
2024-08-06,1503.9505615234375,1525.0928139283633,1485.1838430965931,1485.1838430965931,2138704
2024-08-07,1515.21044921875,1534.594828141211,1510.8394902442883,1525.092692982442,1897787
2024-08-08,1480.2900390625,1522.2419871889051,1477.1544041902214,1517.4909198131595,2373805
2024-08-09,1510.7919921875,1522.2421118982377,1497.3940042888414,1505.9934833405937,2021762
2024-08-12,1506.326171875,1520.8169298760054,1495.4937131871486,1510.8396866621983,1273739
2024-08-13,1513.357666015625,1528.3235297486287,1499.1044624603833,1499.437014011432,1973825
2024-08-14,1545.1898193359375,1548.610564987774,1518.6788375466851,1520.4367094517945,3932148
2024-08-16,1585.1937255859375,1590.6574533977878,1551.4135881085706,1553.5991256304558,3101056
2024-08-19,1594.933349609375,1601.1097373201053,1576.451743549025,1582.105467440935,1631947
2024-08-20,1602.7728271484375,1610.6596466093677,1586.0965316826914,1596.3588851989773,2786109
2024-08-21,1593.7454833984375,1604.7679360427182,1590.4197363768876,1602.0598509523122,1410370
2024-08-22,1592.7003173828125,1603.0101102459896,1589.707121779218,1603.0101102459896,1749127
2024-08-23,1578.732177734375,1602.0124085515663,1574.646329268298,1592.6053876687029,2158185
2024-08-26,1633.8447265625,1647.6703808264447,1584.1010678485804,1587.8069240836155,2672708
2024-08-27,1626.3853759765625,1669.3825361265244,1620.2089883307117,1639.9259181232355,3556487
2024-08-28,1633.8447265625,1651.2336818230417,1608.759180340754,1627.2883455230583,2516461
2024-08-29,1664.6314697265625,1668.5748788860546,1612.7498366681984,1628.665912534566,5112407
2024-08-30,1665.9620361328125,1678.3623703220815,1655.462129191378,1664.6317138607537,4792561
2024-09-02,1716.7032470703125,1721.7868661088723,1672.3757639909577,1676.3666143033379,4445349
2024-09-03,1701.3099365234375,1726.6807098774236,1698.07930299646,1716.0858047723088,2553290
2024-09-04,1696.36865234375,1706.250895950878,1677.1268289520901,1677.2218271036006,2644961
2024-09-05,1701.40478515625,1708.1987187125992,1679.3123218482444,1702.7825482987466,2878565
2024-09-06,1668.6700439453125,1706.3460355752143,1653.4191855883776,1698.9818803332773,3351716
2024-09-09,1659.785400390625,1678.3621203687821,1654.4642280877295,1670.8078535879497,1418238
2024-09-10,1690.5247802734375,1700.2170273720542,1660.165505962958,1662.3509273728005,2307528
2024-09-11,1690.1923828125,1707.3912251818288,1685.3937579005517,1689.669718953345,2303930
2024-09-12,1717.60595703125,1723.8773431430982,1688.6244443088503,1710.3843573875197,3349489
2024-09-13,1722.547119140625,1729.3886101021262,1706.2509340391673,1715.135407271614,1599349
2024-09-16,1721.644287109375,1733.4269575733483,1718.175984675423,1728.4383367553355,836199
2024-09-17,1723.449951171875,1736.9904952403515,1717.2260055713207,1721.739520260813,830317
2024-09-18,1669.0501708984375,1718.081168945727,1653.4666448232713,1718.081168945727,2629136
2024-09-19,1650.0457763671875,1687.5792103818744,1635.7925735768001,1687.5792103818744,4167373
2024-09-20,1672.42333984375,1678.1720620013089,1635.6975643701223,1660.9732206157023,4644317
2024-09-23,1665.534423828125,1676.1767696190345,1646.245041590123,1676.1767696190345,1541597
2024-09-24,1687.1990966796875,1694.7058066585246,1651.803643190464,1662.8736538561357,1907389
2024-09-25,1693.6607666015625,1695.228642261209,1667.6248904130632,1690.2400207941614,2240579
2024-09-26,1695.038330078125,1718.366117918183,1690.3348196466566,1693.5180116755291,4303250
2024-09-27,1718.3662109375,1737.5130372122394,1707.1062035428931,1719.8865294223942,4099016
2024-09-30,1706.678466796875,1730.0536960084626,1700.0745292813926,1717.9860307954837,2117894
2024-10-01,1726.0628662109375,1731.7165902811503,1700.882207826908,1700.882207826908,1642542
2024-10-03,1690.00244140625,1719.2215095496983,1681.878068744826,1689.479777530113,3552386
2024-10-04,1688.1492919921875,1717.8910211347275,1679.2648189073902,1689.4796140994993,2982759
2024-10-07,1688.48193359375,1714.375253020156,1679.8825704992319,1696.0836420492085,3419048
2024-10-08,1700.3594970703125,1704.6830148820118,1656.2221264990783,1685.6787449279202,2353030
2024-10-09,1719.601318359375,1734.1396312541558,1701.0247140969975,1703.7803564356443,2499596
2024-10-10,1718.6038818359375,1748.3454984566454,1707.5338699977005,1729.3887831918837,3753869
2024-10-11,1748.0604248046875,1760.5557565027693,1711.002095414511,1714.185287689196,2977110
2024-10-14,1763.501220703125,1772.6232469124118,1741.1712039234726,1754.141641123842,1751092
2024-10-15,1776.994384765625,1789.0146096971257,1738.843286501674,1738.8908435776073,5696544
2024-10-16,1772.3857421875,1791.1524589322812,1761.7433973167174,1775.9490428352433,2144442
2024-10-17,1774.8089599609375,1783.5984355206683,1759.2728752313353,1776.8043852678163,2399099
2024-10-18,1765.2115478515625,1780.6050759318703,1751.243455994167,1774.048579675046,2366406
2024-10-21,1751.8135986328125,1794.4782083036284,1748.3928532055475,1781.9354364060368,1284980
2024-10-22,1743.3492431640625,1771.3250848113257,1740.2408163143666,1750.0921850314505,2089660
2024-10-23,1765.347412109375,1783.7588641928671,1715.3734707398967,1715.3734707398967,2522186
2024-10-24,1764.534423828125,1781.7980786008827,1757.6479926276274,1764.6300443824068,1621637
2024-10-25,1771.6597900390625,1790.0234892197363,1760.039032630313,1778.9765718707056,4078295
2024-10-28,1790.2147216796875,1795.0447853940248,1764.7255986455334,1764.7255986455334,2418907
2024-10-29,1790.2147216796875,1794.183966932197,1770.5598532713286,1790.2147216796875,1719955
2024-10-30,1758.699951171875,1788.014710973915,1755.3524149169002,1779.9328487165953,1732047
2024-10-31,1689.119140625,1763.577893335124,1680.032970135899,1759.8477578890368,3616088
2024-11-01,1680.8458251953125,1703.7047393300365,1674.7245925971101,1699.5920051656565,242223
2024-11-04,1686.1539306640625,1704.4697591517745,1668.9858989206962,1686.201799310709,2843690
2024-11-05,1696.29248046875,1705.6655128674724,1684.767343509725,1691.9406362013644,1818350
2024-11-06,1758.3175048828125,1772.2814911223131,1705.3307602110547,1713.0778928659386,3477029
2024-11-07,1752.1484375,1781.4155652735772,1735.1716446865662,1769.460077376793,2173869
2024-11-08,1757.4566650390625,1773.381397762631,1748.4183631771275,1758.843454889943,1521324
2024-11-11,1785.9586181640625,1792.3667128589661,1754.109152285669,1766.255881066567,1679869
2024-11-12,1791.266845703125,1810.4912471959715,1783.2327343583017,1808.626237755572,2711052
2024-11-13,1783.5196533203125,1797.7227493432895,1778.1157495347006,1784.715202089129,1254074
2024-11-14,1777.9722900390625,1814.364841871021,1765.9211815985996,1790.4538660951773,2462563
2024-11-18,1755.0655517578125,1783.8065901920809,1735.9367719021416,1777.9722189338559,2483933
2024-11-19,1741.2451171875,1783.758785233633,1738.1366903499616,1756.978492479455,2354204
2024-11-21,1756.3565673828125,1759.4172419436236,1740.9100556502215,1755.0653982060812,1841245
2024-11-22,1815.7037353515625,1819.1468922386778,1756.5001406920778,1765.92104104738,2765950
2024-11-25,1809.295654296875,1836.3150567143796,1796.6707058861032,1835.4064863430567,6531524
2024-11-26,1816.8038330078125,1831.5329008854037,1806.8568435981363,1807.7654139889494,2079873
2024-11-27,1808.674072265625,1833.4936183639497,1804.89606804986,1814.1257280291195,1631975
2024-11-28,1760.7086181640625,1817.7123604992437,1755.0656045862204,1802.9831762164592,3631255
2024-11-29,1767.547119140625,1790.7407646083655,1754.0612360024977,1761.7606165599218,2482280
2024-12-02,1789.9755859375,1796.71852757897,1755.4959133357374,1767.5471381207312,2014744
2024-12-03,1808.38720703125,1813.6954906748729,1790.501842772978,1801.931243182269,2954648
2024-12-04,1814.986572265625,1827.7550101318388,1795.8099227632736,1800.0182779006389,3730643
2024-12-05,1840.1885986328125,1853.6743649084067,1801.931039409677,1802.8874783902554,3881814
2024-12-06,1838.9451904296875,1854.869922886312,1831.8676353403484,1842.1014857824619,2250408
2024-12-09,1826.7030029296875,1842.1495172589423,1818.1906718571208,1831.5808188355531,1379520
2024-12-10,1852.000732421875,1858.16983435041,1828.9027059975372,1832.9675719629013,2695207
2024-12-11,1846.7882080078125,1850.5183436998552,1832.537242634673,1842.3407430193313,1387117
2024-12-12,1851.8570556640625,1864.09952097394,1837.7974497441896,1841.09711743371,2306173
2024-12-13,1883.037109375,1888.9669843462561,1829.0460589352936,1854.5351810872864,2569918
2024-12-16,1869.264404296875,1893.749219337751,1865.2951590977016,1884.9977791402498,1371189
2024-12-17,1865.6300048828125,1877.6811136740216,1853.5788960916034,1860.560947922486,1987909
2024-12-18,1874.955078125,1886.0497466290149,1861.9475317150238,1864.0995193592303,3460812
2024-12-19,1849.9921875,1861.4215871685926,1826.798541101202,1826.798541101202,1916115
2024-12-20,1828.089599609375,1872.3727705645813,1813.7908837273742,1869.4555850087092,3786921
2024-12-23,1820.103515625,1854.9179204620316,1816.4212486260326,1834.9283209283042,2058339
2024-12-24,1814.3170166015625,1839.8540093924807,1806.9524825876294,1825.4595549301039,1310301
2024-12-26,1817.9515380859375,1825.7465397531653,1804.1310404096641,1822.590244163083,1065107
2024-12-27,1809.5826416015625,1820.0078503609286,1800.687711936963,1817.2341538282076,1328546
2024-12-30,1844.9229736328125,1883.1805338668037,1784.3804546142062,1805.7568430443873,6262203
2024-12-31,1833.876220703125,1843.8232099723618,1796.7185877132538,1831.7719847840262,1968650
2025-01-01,1828.6634521484375,1852.5744265312608,1824.7899443501028,1833.8761146155757,880695
2025-01-02,1886.2889404296875,1890.2104337139108,1826.8463502551256,1828.6634909445281,3487645
2025-01-03,1861.85205078125,1905.3221577527042,1856.4481469411373,1893.749268904406,2853344
2025-01-06,1867.9732666015625,1887.4367772234918,1845.9273005851599,1866.2516296719136,1789037
2025-01-07,1832.4415283203125,1894.705684714795,1825.7464552294475,1874.6204654422002,2494547
2025-01-08,1848.0792236328125,1854.056967272458,1812.0215206995929,1823.2596787421264,2372138
2025-01-09,1850.5181884765625,1859.7477312476349,1836.362844846416,1842.8666766230358,2742139
2025-01-10,1908.19140625,1915.1255889298677,1850.9485560295154,1851.6658852722603,4802079
2025-01-13,1902.73974609375,1924.5464849686496,1879.7852103815571,1908.0001605277942,5694121
2025-01-14,1734.5499267578125,1854.5351478756718,1719.4381444525472,1851.7614515344771,15819311
2025-01-15,1746.1705322265625,1763.2430607681245,1733.5934535233646,1756.02190004449,3350594
2025-01-16,1714.1778564453125,1757.8870735408407,1707.530651868828,1753.1527470298552,5362008
2025-01-17,1728.331787109375,1732.3895371320664,1690.7971866190028,1712.970102702422,2424374
2025-01-20,1735.384765625,1738.090011261024,1702.9224076791788,1729.4913211364762,3401004
2025-01-21,1741.374755859375,1759.1034419574432,1730.747191470232,1730.747191470232,4005357
2025-01-22,1765.8182373046875,1769.44127093537,1742.9690662236835,1746.978462425138,3009261
2025-01-23,1745.819091796875,1767.0258675688,1743.1138462506083,1755.52886884039,3750930
2025-01-24,1732.1480712890625,1767.4606169260542,1730.4573223886894,1739.0560118123294,3171259
2025-01-27,1653.9871826171875,1719.491674536344,1649.494715491195,1714.9024988352355,4174844
2025-01-28,1635.9202880859375,1671.909085210521,1633.746468125392,1653.9871001386684,5079829
2025-01-29,1660.7984619140625,1665.7257636062814,1638.577191044939,1638.577191044939,3733620
2025-01-30,1655.0982666015625,1674.276166696466,1640.3645972738043,1663.6969562229247,2543744
2025-01-31,1667.030029296875,1679.3483424760545,1651.1853914005399,1651.1853914005399,2033832
2025-02-01,1636.644775390625,1673.3098222098567,1630.8479225852273,1667.5613236860795,569018
2025-02-03,1634.712646484375,1643.0214460409877,1605.2453085897098,1608.626806380901,2659929
2025-02-04,1673.8897705078125,1677.1263233961658,1634.7610101286127,1637.707673172577,3647768
2025-02-05,1654.8568115234375,1687.657413302548,1652.1033295616267,1671.4261755214118,2681942
2025-02-06,1665.1461181640625,1669.9284749838764,1654.856679921284,1665.4842443540108,2057798
2025-02-07,1667.223388671875,1672.3922260951683,1643.0698325468725,1664.8080330593748,2428098
2025-02-10,1675.1456298828125,1681.0874280002695,1654.1320370328092,1665.580798515355,1823071
2025-02-11,1664.856201171875,1689.7827172461298,1656.9338822625002,1683.792682747557,1702553
2025-02-12,1659.1561279296875,1683.4062747416624,1641.620622559374,1665.5326431723597,2214307
2025-02-13,1645.4368896484375,1671.377786218565,1642.6834077443082,1654.0355795078697,1838463
2025-02-14,1653.3109130859375,1665.049564924085,1642.3934585667596,1653.0693775252237,1460459
2025-02-17,1652.006591796875,1661.9095494693393,1636.7414976731884,1653.3108601955482,1127023
2025-02-18,1667.078369140625,1669.9767957459114,1643.6494207478922,1648.2385962062626,1511900
2025-02-19,1654.3253173828125,1672.9717908679559,1645.7748646604261,1664.8561728929824,1294110
2025-02-20,1630.4134521484375,1656.4992937141897,1626.5488830275854,1647.4657690443657,1681532
2025-02-21,1643.117919921875,1646.4511811272835,1628.0944801366097,1632.7802460125636,1222563
2025-02-24,1588.3861083984375,1632.7802946794557,1582.154420535075,1627.9495837484515,4455420
2025-02-25,1580.705322265625,1596.0186534436289,1576.0195559090769,1580.608731627433,1951519
2025-02-27,1574.0389404296875,1603.796169545569,1560.5129486383394,1565.1504787131457,2266866
2025-02-28,1521.7222900390625,1560.2712687283688,1509.5488042031996,1557.4211964680562,4910121
2025-03-03,1519.1619873046875,1549.112394882425,1515.345654931609,1521.7222876689495,1784684
2025-03-04,1483.5113525390625,1507.181836509891,1471.4345750029256,1507.181836509891,3246644
2025-03-05,1519.6934814453125,1527.8574546310585,1479.2122134828112,1480.1300014915869,3112003
2025-03-06,1531.7701416015625,1540.7069571720203,1521.8189474584497,1526.5047136565845,2011489
2025-03-07,1505.201171875,1533.2676495601331,1502.9307613247959,1529.0649546374525,2091986
2025-03-10,1496.84423828125,1519.210337066457,1494.6220639266126,1504.2834864471465,1855766
2025-03-11,1514.76611328125,1520.6595574585015,1471.0481761741867,1478.1492981720755,1846190
2025-03-12,1488.438720703125,1512.0126150946132,1456.0729554598856,1503.3173348800117,3113860
2025-03-13,1482.7867431640625,1495.5397730438926,1477.3763704252644,1488.43865145314,1983351
2025-03-17,1492.8348388671875,1495.1536040374517,1467.618547741641,1476.2654743859334,2029100
2025-03-18,1492.8348388671875,1492.8348388671875,1492.8348388671875,1492.8348388671875,0
2025-03-19,1492.1583251953125,1508.4861525271813,1473.4634965665346,1505.7326707494562,4522829
2025-03-20,1509.1142578125,1528.5336942647543,1494.6704777439486,1495.4433208140001,4608677
2025-03-21,1513.655029296875,1538.1468299009719,1469.9854463852864,1483.1249575141221,8109210
2025-03-24,1549.8370361328125,1556.358495992976,1507.18183434888,1537.1322425955566,2487843
2025-03-25,1569.884521484375,1602.7815934097953,1564.1359044960918,1567.082685450675,4906013
2025-03-26,1578.0966796875,1589.2555512405208,1567.082635113427,1569.8844710571277,3096513
2025-03-27,1574.956787109375,1589.3039757038034,1558.9188496046233,1570.6091470542583,3383080
2025-03-28,1538.58154296875,1570.5125917104574,1528.050568788916,1561.3824766271716,2211077
2025-04-01,1478.5357666015625,1531.3354640765813,1474.4296620448904,1523.6063260875512,4126827
2025-04-02,1475.8306884765625,1486.4582535672753,1455.396755646507,1463.7055556754244,3167863
2025-04-03,1420.32568359375,1449.2133601604044,1415.3983817566616,1449.2133601604044,3966161
2025-04-04,1373.950927734375,1406.8963562530096,1371.0525008628713,1399.9401789363171,4421312
2025-04-07,1327.575927734375,1336.8992232309022,1258.641707724703,1299.4612142696033,6484139
2025-04-08,1355.835693359375,1376.0280898289989,1325.5471576235818,1333.2762955689088,3938359
2025-04-09,1333.2763671875,1341.6817579796348,1311.1034486907115,1333.9043832667496,3306801
2025-04-11,1343.46923828125,1376.7527937337913,1313.9535434933027,1313.9535434933027,4859622
2025-04-15,1378.201904296875,1380.4240786220748,1358.395988392153,1371.9219797417193,3265147
2025-04-16,1383.2257080078125,1387.4767571752107,1357.912830138519,1367.0911808224862,2553111
2025-04-17,1389.3123779296875,1393.273537060948,1337.1407030978355,1371.9218196524034,3549969
2025-04-21,1431.82275390625,1448.24717146118,1381.5833590323464,1386.4140700779142,2840104
2025-04-22,1429.7939453125,1449.1167903929115,1414.9153310131258,1439.5519584906503,2608145
2025-04-23,1540.03076171875,1545.8276152760352,1491.4337588885946,1502.3512135963967,13293318
2025-04-24,1532.977783203125,1549.0158380900864,1522.7366994596382,1540.9968106466058,3193118
2025-04-25,1524.765625,1563.2181330496833,1515.0076120338092,1536.1661505247198,3800415
2025-04-28,1514.11328125,1533.7567583224293,1502.1902887075348,1529.45666460708,2618810
2025-04-29,1533.36572265625,1544.8977751729592,1512.9403682654263,1519.6836830659456,2231069
2025-04-30,1531.8997802734375,1551.836490268637,1518.7063850366328,1535.3202901496463,3682256
2025-05-02,1536.6885986328125,1545.0932566245697,1521.7360355269539,1531.4112164014552,1370848
2025-05-05,1532.9749755859375,1561.4140518690672,1527.795417241797,1544.116090223083,1012225
2025-05-06,1543.2364501953125,1547.8297783303724,1529.5544093893036,1540.988757927368,2055057
2025-05-07,1527.7952880859375,1542.5523218157716,1509.9108593146914,1516.7518793892564,5469936
2025-05-08,1544.800048828125,1561.7071893987334,1520.465658023644,1526.4270946492481,2789018
2025-05-09,1533.7567138671875,1541.8681374630637,1521.9315459661677,1530.4339088517308,2035161
2025-05-12,1632.3651123046875,1636.9583207691708,1557.7979482424228,1562.4889810002123,4028207
2025-05-13,1582.816650390625,1649.7609219305975,1578.516556534311,1646.7313510197612,3118470
2025-05-14,1600.5054931640625,1605.0011161642653,1580.2756668548495,1592.980418660114,1569126
2025-05-15,1657.4814453125,1663.9315261339664,1588.0939555617997,1612.5261702627506,4961582
2025-05-16,1622.201416015625,1655.0382900272623,1620.3445437645119,1653.4746520834565,2586263
2025-05-19,1612.13525390625,1626.2082336338199,1600.896434983901,1623.2763678279898,1642018
2025-05-20,1601.0919189453125,1628.1627647334162,1599.2350467946155,1623.080911866382,2421580
2025-05-21,1614.480712890625,1619.8558000098128,1591.4167265660574,1607.6396929207494,1420835
2025-05-22,1595.912353515625,1603.4374283451793,1577.3438693044818,1601.1897360457465,2202093
2025-05-23,1610.7669677734375,1632.8537848172423,1585.6506993306352,1595.9122292800785,1459454
2025-05-26,1635.5902099609375,1637.74031650289,1608.2261286111677,1614.871738943854,1078813
2025-05-27,1614.5784912109375,1637.447068579784,1604.2192557885498,1635.7857256593927,2740015
2025-05-28,1619.660400390625,1628.9446418377852,1609.5942803655878,1626.2081861131378,1775441
2025-05-29,1626.8922119140625,1637.4469760410148,1617.9989099115317,1632.0718889814948,2374051
2025-05-30,1599.4305419921875,1626.8923285324765,1590.3418293460747,1626.8923285324765,4408910
2025-06-02,1594.4464111328125,1598.06233137024,1569.2323165811392,1588.1917399969473,1883100
2025-06-03,1593.3714599609375,1614.1876369033746,1580.2757680175937,1609.4967228998926,2380133
2025-06-04,1589.1689453125,1607.2487841475554,1585.3574959687687,1593.9576832419102,1659720
2025-06-05,1595.3260498046875,1616.337756223347,1587.7031504545587,1597.7692714812758,1409322
2025-06-06,1600.5054931640625,1602.557894663253,1585.1621098568744,1594.1531172614302,1261281
2025-06-09,1610.86474609375,1620.3443972001812,1601.7759149644735,1610.5715118129667,1299786
2025-06-10,1630.215087890625,1646.6335840705608,1611.5488995120772,1615.751288206324,3055223
2025-06-11,1682.7933349609375,1686.2138452047698,1628.1628760641452,1637.9357624750944,5085821
2025-06-12,1662.5633544921875,1686.8001600145808,1656.504212760553,1685.822871393483,3607962
2025-06-13,1656.7974853515625,1672.140869338182,1626.7946524117979,1628.1628803725373,1988422
2025-06-16,1683.8681640625,1690.1228346139003,1645.1675615164684,1653.5722191490133,2116100
2025-06-17,1690.318359375,1699.309486183727,1680.9364125598327,1688.75472145546,1777245
2025-06-18,1676.9295654296875,1705.368640386869,1671.1635387172182,1688.657028859282,1794428
2025-06-19,1674.9749755859375,1680.6431779554941,1658.6541841904886,1680.6431779554941,2514527
2025-06-20,1700.384521484375,1703.023153082168,1670.283983779087,1674.9750169506406,2719770
2025-06-23,1664.517822265625,1690.5137933155127,1660.608668038324,1689.927324743082,2221446
2025-06-24,1653.376953125,1693.250257678503,1650.8359072468563,1680.8387397878778,3601071
2025-06-25,1678.1021728515625,1681.6203878296467,1662.3678507982415,1663.3451393642604,1307518
2025-06-26,1684.9432373046875,1687.679693080965,1664.0292375800627,1671.1634920195497,2971055
2025-06-27,1684.16162109375,1712.6984026802909,1671.9455126580847,1695.5958508703593,6478283
2025-06-30,1689.341064453125,1695.4003254033596,1674.3886203248433,1685.8228493228191,1855229
2025-07-01,1679.2750244140625,1705.368581931321,1675.072635776667,1689.3410252673389,1639826
2025-07-02,1679.568115234375,1699.01618166813,1672.140745950055,1682.890920237285,2069447
2025-07-03,1673.0205078125,1691.1980533211731,1667.7431251040634,1677.0273675233361,1839063
2025-07-04,1686.702392578125,1689.7319633318016,1667.449735876389,1676.0499231428803,768500
2025-07-07,1671.554443359375,1686.3114773426612,1664.615718167014,1686.3114773426612,1366412
2025-07-08,1669.306640625,1679.8614052673206,1649.1745192422793,1661.390626792222,2139193
2025-07-09,1635.981201171875,1675.365981511852,1633.0493352199542,1671.163592594926,2894808
2025-07-10,1625.9149169921875,1641.7470631206315,1611.5488229903374,1636.958325354042,2740853
2025-07-11,1601.0919189453125,1617.9012347035837,1592.980376059705,1605.880537520897,2548153
2025-07-14,1583.0120849609375,1605.0987829445833,1570.5027434544527,1602.753266499877,3334703
2025-07-15,1530.824951171875,1584.575826428627,1514.7973935993668,1553.8889392406409,14685607
2025-07-16,1527.306640625,1538.2522250024176,1524.5701848816846,1530.8248556536041,5218099
2025-07-17,1508.8359375,1531.215870953708,1507.3700045571536,1528.0884757635454,4966082
2025-07-18,1525.4814453125,1526.6633301202655,1506.9644484412943,1520.7536656165742,3902458
2025-07-21,1507.3585205078125,1527.352814206147,1503.0247422895857,1525.4815165452098,3368842
2025-07-22,1497.2135009765625,1516.6169718680485,1495.4406737376653,1510.0177742647013,3218227
2025-07-23,1506.767578125,1512.874183637855,1495.1451892983487,1501.153324444694,3471536
2025-07-24,1484.5076904296875,1514.7455462558817,1478.9920275496038,1506.9644638665545,4654421
2025-07-25,1467.6651611328125,1489.4324014259423,1464.2178568256334,1478.4995460982325,2733655
2025-07-28,1444.0264892578125,1471.703393813639,1441.465658700526,1467.6651471387913,4404841
2025-07-29,1450.231689453125,1455.2548802216168,1439.0033028790403,1444.0264936475323,6223556
2025-07-30,1454.2698974609375,1461.952509184248,1446.6858763290873,1458.209673681624,1642426
2025-07-31,1445.7994384765625,1460.3765387150347,1437.5258841615207,1442.9430765992654,2306285
2025-08-01,1430.2373046875,1444.8145254719295,1428.1689461223614,1442.943107633972,2152783
2025-08-04,1452.2015380859375,1453.186482140495,1418.9103809489254,1430.2372375763357,2384774
2025-08-05,1460.3765869140625,1463.036008156187,1449.0497296249407,1457.6188155396505,2614394
2025-08-06,1441.170166015625,1461.361520163538,1434.4726182426073,1458.6037488096254,1735697
2025-08-07,1453.2850341796875,1456.9292792933993,1429.1539034867683,1436.0485122561738,1495363
2025-08-08,1453.48193359375,1459.8840701262184,1437.0334155186883,1452.595580105969,2815614
2025-08-11,1465.5968017578125,1507.9493975075343,1443.5340301579827,1452.7925286241757,2374556
2025-08-12,1476.5296630859375,1487.1671073639752,1466.5817518112065,1467.566695902416,3422656
2025-08-13,1478.49951171875,1484.8031777803567,1466.5817125803987,1477.416097293887,2916128
2025-08-14,1467.3697509765625,1493.3721787241154,1463.429974623002,1478.4010766735587,4227538
2025-08-18,1462.6419677734375,1479.287546874046,1453.6790006369354,1475.5447112541108,2795155
2025-08-19,1453.8759765625,1460.2781132767866,1447.0798381577704,1454.0730375239393,2515817
2025-08-20,1473.4764404296875,1477.711748344754,1436.048562932142,1445.8980043788645,10219330
2025-08-21,1471.0140380859375,1482.340895426405,1463.7254275768885,1477.416174843593,2157601
2025-08-22,1444.2236328125,1469.0441769141178,1441.9582132097007,1467.1727590116886,2802805
2025-08-25,1481.5528564453125,1486.9700489562556,1453.9744218441479,1457.7172574901363,2764914
2025-08-26,1470.3245849609375,1483.8182708946867,1462.6419729695385,1479.2875521292813,4092265
2025-08-28,1427.9720458984375,1465.5968635222293,1424.22921011636,1465.5968635222293,4367902
2025-08-29,1432.896728515625,1440.5792203762308,1417.5315043295445,1427.9720080027619,3404604
2025-09-01,1446.2919921875,1450.3302390953695,1424.229219512329,1424.229219512329,2105254
2025-09-02,1443.632568359375,1455.1564868606395,1437.7229035584512,1446.8829320928585,1295198
2025-09-03,1444.0264892578125,1452.7925156018284,1430.7297441997619,1452.7925156018284,1800307
2025-09-04,1421.56982421875,1443.8295361526164,1419.205934404439,1443.0415328037025,2192155
2025-09-05,1397.6356201171875,1430.4343053841567,1381.679574449836,1426.1989978362844,3895199
2025-09-08,1381.8765869140625,1407.0911320942328,1379.90669869323,1402.4619428682502,2929976
2025-09-09,1405.6136474609375,1410.2429566938608,1387.8846543370264,1388.9680687592238,2906889
2025-09-10,1441.8597412109375,1449.7392942796687,1410.5384696697556,1413.2963613367867,3205017
2025-09-11,1445.6024169921875,1448.2618382191527,1436.3440385771949,1441.859701527013,1982922
2025-09-12,1445.10986328125,1457.7171952248143,1440.9731463607454,1452.7924749706763,2110883
2025-09-15,1444.4205322265625,1446.1934797112908,1430.1388426818744,1445.1099450081597,1725617
2025-09-16,1460.7706298828125,1462.8389885301765,1439.1018588043655,1441.8597504891434,1724524
2025-09-17,1459.1947021484375,1476.4312241110413,1453.0880967460891,1468.3547304843955,2656774
2025-09-18,1471.3094482421875,1480.2724149182607,1463.7253070297977,1470.1274432601965,2792406
2025-09-19,1445.3070068359375,1471.3095553104206,1441.958172825239,1471.3095553104206,3197957
2025-09-22,1418.2210693359375,1427.3809775570503,1393.6959365821042,1401.5754895804482,4457129
2025-09-23,1408.2730712890625,1422.4561696296425,1399.0145730377624,1422.4561696296425,3106480
2025-09-24,1420.5848388671875,1422.948608380378,1398.620538653115,1403.6437292172852,2894044
2025-09-25,1402.363525390625,1420.7819328570436,1394.6809129466715,1418.5165132246768,2713246
2025-09-26,1374.2926025390625,1405.0228115224993,1371.0422387937742,1398.6206746315802,2568054
2025-09-29,1366.5113525390625,1381.4824534968982,1362.1775748199761,1376.0652614061464,2990852
2025-09-30,1364.24609375,1383.8465060313804,1361.0943206192737,1371.1407026768466,2782077
2025-10-01,1368.579833984375,1375.7699740443054,1361.192753196406,1365.2309999806755,2253527
2025-10-03,1372.5196533203125,1378.724849469203,1359.6169091870397,1375.474485727891,2793839
2025-10-06,1396.3551025390625,1399.6054659294057,1369.8602043312653,1372.519505117964,1970901
2025-10-07,1411.8189697265625,1420.190995007908,1395.8628023450046,1400.590582361564,1592836
2025-10-08,1431.3206787109375,1436.737871112136,1405.7121328143633,1411.6217972520342,1735807
2025-10-09,1464.119384765625,1468.6501035176059,1430.6312858204308,1431.320698588094,2681316
2025-10-10,1472.98388671875,1475.938718988998,1451.7091184194492,1468.5516383133775,2129445
2025-10-13,1472.1959228515625,1479.5830037253727,1454.269988024091,1467.5667335969492,1820492
2025-10-14,1472.885498046875,1511.889262130931,1467.7637163549157,1492.5843809410892,5802489
2025-10-15,1473.1807861328125,1486.6745919280122,1463.7253471796544,1475.3477352096886,1710696
2025-10-16,1492.1903076171875,1497.016557741116,1475.446257960757,1477.3176757923743,2021043
2025-10-17,1475.5111083984375,1490.5026052102426,1468.5614528351703,1488.2190984767906,3210161
2025-10-20,1484.64501953125,1499.0407346788663,1478.390281024646,1479.184575854568,2354881
2025-10-21,1475.3126220703125,1492.1903573160696,1470.3485822921484,1491.8924664524288,274400
2025-10-23,1512.9400634765625,1536.370306923643,1494.6723729069756,1499.1400086944757,5011470
2025-10-24,1512.8408203125,1521.5774576588615,1505.4940171584299,1514.032141389429,1491451
2025-10-27,1522.470947265625,1538.355874005925,1515.8191826700736,1520.3860748694353,1394846
2025-10-28,1511.1529541015625,1530.9098565142488,1501.1256180606642,1523.9602008750792,1936466
2025-10-29,1546.099853515625,1547.7875785367585,1511.053684754937,1518.9961482753308,2596355
2025-10-30,1538.65380859375,1548.6811446451054,1527.0378828693122,1546.4968944408054,2183395
2025-10-31,1530.4134521484375,1546.993296406407,1526.541476911987,1538.6538065954383,1723467
2025-11-03,1532.3990478515625,1538.5544085723318,1517.2090379673377,1529.0234766336932,2252136
2025-11-04,1518.1025390625,1530.8105286880013,1514.0320509018281,1525.3500852257325,1666863
2025-11-06,1515.4219970703125,1520.8824404996724,1503.4090457641944,1518.102529913232,2474769
2025-11-07,1501.522705078125,1507.876699931102,1479.7801876431495,1504.2032379541695,2238714
2025-11-10,1529.420654296875,1533.7890335362633,1500.5299670520405,1507.0824753149343,1558896
2025-11-11,1558.70849609375,1561.1905159919884,1530.1155783890918,1536.6682078743436,2270763
2025-11-12,1582.535888671875,1588.4927364335006,1562.1833254863207,1563.672537426727,2331564
2025-11-13,1587.00341796875,1593.4566692773499,1568.6364719365813,1587.8969693114916,1944022
2025-11-14,1583.1314697265625,1586.5070408604847,1562.778907562833,1578.5645775770781,2543918
2025-11-17,1594.8466796875,1596.1372572784026,1574.0969697549983,1582.5358371425214,2000978
2025-11-18,1583.7271728515625,1592.46393117536,1578.6638766106146,1592.46393117536,1640123
2025-11-19,1650.6424560546875,1657.4928550760465,1577.1746685281062,1583.8265544385058,6342672
2025-11-20,1633.566162109375,1656.400744077912,1630.7862514797346,1650.6424097132451,2724035
2025-11-21,1596.4351806640625,1631.6798628242454,1594.449564767714,1624.2338032129392,2958835
2025-11-24,1598.81787109375,1628.2049607815773,1591.371811821883,1602.689846153595,6392688
2025-11-25,1589.584716796875,1607.2567460310713,1581.1458495813354,1606.6610855249191,2285950
2025-11-26,1606.263916015625,1615.7948475599933,1589.5846949187028,1589.5846949187028,1243303
2025-11-27,1617.2840576171875,1621.4538022906338,1602.3919392229225,1607.4552352384987,2106176
2025-11-28,1612.5185546875,1625.127287826632,1607.3560020460795,1617.2840811198662,1841289
2025-12-01,1631.0841064453125,1634.6581906102379,1616.2912446483251,1618.2768604279913,2034350
2025-12-02,1623.7373046875,1641.0121862182775,1612.320013948334,1639.1258269881153,2326220
2025-12-03,1628.701416015625,1642.6999836490309,1617.0856116627165,1623.7373763447454,2371611
2025-12-04,1642.699951171875,1659.9748331234766,1633.2682759836734,1638.1330590034308,3935708
2025-12-05,1670.895751953125,1678.8382154205196,1639.1258980835469,1650.7417024276615,3391204
2025-12-08,1676.4554443359375,1683.206586728738,1664.8396400459083,1670.8957441731231,2702407
2025-12-09,1645.6783447265625,1674.866921117288,1644.4870237279085,1674.866921117288,2817704
2025-12-10,1654.0179443359375,1658.981983784725,1645.0826733281203,1651.33741151054,1482249
2025-12-11,1660.3719482421875,1665.3359877184005,1637.1402192550368,1655.5071653170248,1408684
2025-12-12,1661.1661376953125,1665.8324075629043,1648.0611218299982,1665.336003610546,1284337
2025-12-15,1671.8885498046875,1675.8597815144374,1648.0611595461885,1661.1661757114134,1689723
2025-12-16,1639.82080078125,1669.9029293771819,1633.5661835709452,1668.910121452463,1929309
2025-12-17,1643.09716796875,1652.5288435552777,1634.4597872243548,1639.1259361428438,1394918
2025-12-18,1649.4510498046875,1661.8611484080207,1639.3243366289462,1645.0826708578404,1822056
2025-12-19,1630.5877685546875,1668.9101304161918,1620.758945808705,1662.953282835884,3487150
2025-12-22,1658.287109375,1661.4640462269583,1632.1762127260945,1640.0194194953087,1339691
2025-12-23,1667.818115234375,1674.7677709501743,1644.2884938811706,1663.0525885523043,1614314
2025-12-24,1662.6553955078125,1667.917326025199,1653.124463597572,1663.9460942965677,989858
2025-12-26,1648.9547119140625,1664.343234798626,1638.6294852240096,1656.0036239646458,921138
2025-12-29,1619.0711669921875,1648.8554039037997,1613.7099801096233,1647.7632182631444,1516288
2025-12-30,1603.583251953125,1623.9358136537296,1599.512763851478,1619.0711519572365,3323273
2025-12-31,1611.6251220703125,1619.9646115256955,1605.1718706821791,1612.816443080404,1359963
2026-01-01,1622.7445068359375,1633.8639067998354,1606.7603239406958,1611.227959474964,773806
2026-01-02,1628.403564453125,1631.183475212849,1613.4121885237892,1620.262587673384,950573
2026-01-05,1596.0379638671875,1621.7517128456075,1568.7357464792142,1613.3128456529612,3245802
2026-01-06,1604.675537109375,1614.3057257417076,1585.8121860705728,1588.7906099188046,2112043
2026-01-07,1635.849609375,1642.6007519063255,1605.0725629506446,1609.1431724961542,3816569
2026-01-08,1634.8568115234375,1648.6568663406495,1623.63815434392,1641.409440982351,3266398
2026-01-09,1649.4510498046875,1662.95321284664,1635.2538485255266,1635.2538485255266,3281306
2026-01-12,1655.6064453125,1665.137377003319,1629.6941831182085,1647.2668346358942,4175707
2026-01-13,1653.025146484375,1685.3906596485378,1614.3056385487048,1672.881304400103,7149266
2026-01-14,1656.5,1665.8324186046716,1637.3387588350079,1653.0251723104584,2470615
2026-01-15,1656.5,1656.5,1656.5,1656.5,0
2026-01-16,1698.0,1700.9000244140625,1664.800048828125,1670.0,3098089
2026-01-19,1716.800048828125,1719.0,1685.0999755859375,1698.0,2087629
2026-01-20,1687.300048828125,1720.0,1681.800048828125,1720.0,1739341
2026-01-21,1682.5,1694.9000244140625,1668.9000244140625,1687.5999755859375,1728435
2026-01-22,1703.0999755859375,1709.0,1681.5,1690.5999755859375,1853439
2026-01-23,1707.0,1721.0,1698.800048828125,1712.699951171875,1874357
2026-01-27,1720.199951171875,1725.5,1700.5,1720.0,2671530
2026-01-28,1729.5999755859375,1734.4000244140625,1691.0,1705.0999755859375,2713867
2026-01-29,1721.5999755859375,1725.0,1696.0999755859375,1722.800048828125,2235602
2026-01-30,1695.5999755859375,1713.199951171875,1683.0,1713.199951171875,4448681
2026-02-02,1676.800048828125,1688.5,1653.5999755859375,1670.0,1916380
2026-02-03,1695.300048828125,1780.0999755859375,1689.0999755859375,1780.0,3200948
2026-02-04,1621.800048828125,1645.0,1586.0,1642.0,5834470
2026-02-05,1610.0,1631.800048828125,1600.199951171875,1613.699951171875,3184531
2026-02-06,1593.699951171875,1612.0,1574.0999755859375,1612.0,3342992
2026-02-09,1602.0,1619.9000244140625,1594.4000244140625,1600.4000244140625,1863558
2026-02-10,1573.0999755859375,1602.4000244140625,1567.800048828125,1595.0,3234785
2026-02-11,1551.5999755859375,1578.0999755859375,1546.0999755859375,1574.0,2944646
2026-02-12,1476.0999755859375,1535.0,1469.5,1529.0,5397659
2026-02-13,1455.199951171875,1476.800048828125,1396.0,1423.0,7214938
2026-02-16,1461.800048828125,1467.0,1446.800048828125,1451.0999755859375,2388700
2026-02-17,1482.5999755859375,1510.699951171875,1458.0,1464.0,2840341
2026-02-18,1467.199951171875,1483.199951171875,1443.4000244140625,1483.199951171875,2036245
2026-02-19,1450.4000244140625,1501.800048828125,1443.0,1470.0,2397127
2026-02-20,1436.5,1455.0,1431.0,1443.0,2392491
