Price,Close,High,Low,Open,Volume
Ticker,ICICIGI.NS,ICICIGI.NS,ICICIGI.NS,ICICIGI.NS,ICICIGI.NS
Date,,,,,
2021-02-22,1411.49072265625,1442.1533044574167,1398.1089028025924,1439.7465065527815,787448
2021-02-23,1443.5489501953125,1457.5565585817847,1405.569732846371,1415.1969227973734,859167
2021-02-24,1430.7930908203125,1451.7804143754183,1421.9361220374622,1451.7804143754183,199596
2021-02-25,1427.08642578125,1460.926020703738,1418.325706755705,1443.9821905243334,621933
2021-02-26,1372.8372802734375,1427.0864718771352,1328.6966380686677,1427.0864718771352,2771831
2021-03-01,1373.8963623046875,1400.708064920045,1353.583013416615,1376.6882711136268,414978
2021-03-02,1377.8433837890625,1410.383332949518,1369.9973179659967,1376.6881679985056,458168
2021-03-03,1441.0938720703125,1451.9244591478543,1389.2995508606227,1395.9423344387267,576058
2021-03-04,1416.4486083984375,1444.078598576773,1411.3943333034188,1433.4886888538765,303679
2021-03-05,1439.7943115234375,1445.6668733651136,1401.2855551591388,1411.3459207515525,741576
2021-03-08,1426.268310546875,1477.5331013242096,1420.0106365552756,1443.1158943704122,564677
2021-03-09,1413.511962890625,1436.0876730970929,1384.4379003943484,1421.0212169888275,711740
2021-03-10,1416.2559814453125,1432.3815256522998,1396.953534861434,1427.7123617290852,397041
2021-03-12,1416.3521728515625,1453.7057177729635,1406.7731656263197,1430.6004613315388,773920
2021-03-15,1410.287109375,1428.5787706703452,1403.6443246638607,1424.8241430058395,307023
2021-03-16,1437.3876953125,1460.1559063653913,1410.960987416997,1415.1969746545394,682685
2021-03-17,1420.106689453125,1448.9882577459255,1400.322885684198,1444.0302316851144,274443
2021-03-18,1388.3955078125,1438.351682002868,1385.3546736418175,1427.5399581059444,424366
2021-03-19,1386.8026123046875,1392.498122125886,1353.643321837798,1385.2580972274845,581236
2021-03-22,1384.871826171875,1409.391398731289,1380.4313014970844,1390.0846672418193,466422
2021-03-23,1388.2989501953125,1409.2950226871587,1382.6034402964015,1393.9461461253297,422691
2021-03-24,1354.2225341796875,1393.1738455408713,1351.4713482171783,1376.087433488277,430059
2021-03-25,1340.128662109375,1364.551727542357,1329.799606644869,1355.332715002026,506945
2021-03-26,1351.471435546875,1375.6048540387835,1342.3007365199499,1353.4021090262277,227045
2021-03-30,1383.279052734375,1390.0847229929382,1352.5331051720766,1364.98597105001,559402
2021-03-31,1383.5203857421875,1397.7109046476899,1369.8609669480184,1389.0228751361774,346622
2021-04-01,1387.767822265625,1396.793695580519,1362.0898932046082,1388.1539804594092,410607
2021-04-05,1361.7523193359375,1407.267970979771,1351.5197732832407,1401.3793224930391,731017
2021-04-06,1377.487060546875,1390.0364367687973,1363.151835122699,1363.151835122699,171421
2021-04-07,1399.2554931640625,1406.4472041685813,1372.9983830633103,1377.4871042755688,296617
2021-04-08,1380.9140625,1413.6871942682142,1376.328713463387,1399.496792806274,628533
2021-04-09,1370.3917236328125,1392.8841120685927,1358.0836827925705,1380.4312471800906,909210
2021-04-12,1304.21826171875,1370.3920251515476,1283.801365912008,1370.3920251515476,902033
2021-04-13,1316.7191162109375,1339.7906844102806,1299.1982334355039,1318.2636311958895,748685
2021-04-15,1338.5357666015625,1347.2721103627232,1288.2900649997844,1316.7191820214882,597218
2021-04-16,1368.0267333984375,1378.500611535948,1327.337773712835,1327.337773712835,825956
2021-04-19,1313.5335693359375,1361.1247146504297,1287.4212829249145,1361.1247146504297,1174639
2021-04-20,1350.5059814453125,1368.847377905256,1318.7463819021473,1341.8179515432341,928686
2021-04-22,1332.2127685546875,1351.4711858170056,1324.731410204629,1332.8401430483825,443394
2021-04-23,1333.322998046875,1356.2015484568958,1327.3379576642608,1327.3379576642608,463636
2021-04-26,1401.2828369140625,1411.4671870105756,1341.866429205578,1362.2832076949428,1698950
2021-04-27,1389.795166015625,1430.628954566983,1371.93643750045,1413.8803867975685,541749
2021-04-28,1375.5084228515625,1404.0823684176032,1372.3710782676112,1401.3793782558441,273683
2021-04-29,1368.70263671875,1396.407871120838,1363.5864228366456,1381.3968380788094,244982
2021-04-30,1364.9862060546875,1374.7360839587143,1351.471491143255,1364.60004777514,512509
2021-05-03,1385.8375244140625,1392.9810404972266,1342.0112089276452,1365.9516093579873,375833
2021-05-04,1393.1739501953125,1420.9273817524518,1373.5776848774728,1388.1542462318655,425540
2021-05-05,1401.37939453125,1420.9757788341826,1390.9538277268787,1407.2197293447894,273192
2021-05-06,1403.358154296875,1430.5324045497593,1399.7381418610275,1405.9163199859966,286586
2021-05-07,1399.6898193359375,1419.044866176853,1392.9807767980947,1419.044866176853,244058
2021-05-10,1445.4951171875,1447.8119487055278,1396.6007925032166,1399.689822634623,673766
2021-05-11,1433.3319091796875,1460.5543556524356,1419.044879583001,1441.7302909232733,452283
2021-05-12,1430.339111328125,1442.8884864108193,1412.866543434622,1432.5594325167904,408625
2021-05-14,1422.03759765625,1465.3812429693141,1410.1640258770703,1433.5251289917205,490693
2021-05-17,1424.354248046875,1445.5433406907798,1410.5016904832023,1422.9062430505548,506156
2021-05-18,1435.50390625,1456.6929984894,1421.2168767568053,1433.2352708612486,442991
2021-05-19,1452.783447265625,1459.444294190583,1426.9606900476228,1442.1165472303467,332439
2021-05-20,1474.8895263671875,1493.3757461461582,1443.08173198013,1456.6446407424098,896399
2021-05-21,1474.455322265625,1500.8572578567878,1453.7970929939363,1486.6185413085404,403021
2021-05-24,1441.7303466796875,1500.0849024612726,1437.965510020467,1476.8686257674915,402726
2021-05-25,1428.553466796875,1464.4157481387958,1413.3494140393364,1445.5916828199386,418785
2021-05-26,1425.6573486328125,1447.570560378906,1414.6042915860437,1440.0892016528644,456731
2021-05-27,1396.262939453125,1436.420920103277,1380.4313949917246,1430.2427420404201,1130538
2021-05-28,1432.60791015625,1512.682538562307,1410.260343022591,1410.260343022591,2092732
2021-05-31,1420.87890625,1442.888509114921,1404.419870766215,1440.1856374502474,682347
2021-06-01,1415.9559326171875,1444.1437173987474,1411.3222692760485,1429.1809984016347,423101
2021-06-02,1416.2452392578125,1427.7327678543124,1406.4953635995491,1423.3887533476563,705986
2021-06-03,1423.678466796875,1433.5248529950018,1417.2106408645097,1426.7674967855978,322667
2021-06-04,1397.3248291015625,1429.6636075298197,1393.9461507583117,1429.6636075298197,1058971
2021-06-07,1394.2840576171875,1406.7369247805655,1385.4030069946762,1405.5302538895203,694398
2021-06-08,1416.8245849609375,1419.0449064399265,1388.2024469355363,1399.3038186525832,586141
2021-06-09,1422.8096923828125,1438.737746888171,1412.28749947512,1423.8715391153808,866486
2021-06-10,1449.59765625,1451.8661735784294,1421.8442303920347,1421.940740479406,717238
2021-06-11,1463.208984375,1469.6766926049595,1436.0830488724025,1449.9356058263236,514523
2021-06-14,1452.1558837890625,1477.158007273229,1442.2128697469316,1462.4849381971896,418230
2021-06-15,1450.9010009765625,1467.3117242078342,1443.1783076912582,1456.451686775375,320946
2021-06-16,1463.643310546875,1529.0448654096808,1444.1435582990023,1444.1435582990023,2333441
2021-06-17,1455.823974609375,1476.964867854291,1438.3514072567932,1463.6431768125822,567744
2021-06-18,1480.8265380859375,1487.6804052746068,1433.6215486039337,1458.8651275634766,704322
2021-06-21,1474.4068603515625,1509.7864709790585,1468.614840641924,1477.9303625760476,420137
2021-06-22,1472.1383056640625,1500.470911126596,1467.3116226946722,1482.1778298081824,432914
2021-06-23,1480.4403076171875,1496.271852723471,1465.3810789898253,1477.9304558191188,426814
2021-06-24,1472.3797607421875,1494.3411700566505,1467.456567276845,1491.4451600371608,219795
2021-06-25,1495.4512939453125,1504.9598363738558,1472.428038425535,1475.99973689264,706530
2021-06-28,1542.9459228515625,1551.2961090473932,1495.4514033629182,1504.9599464871724,1483124
2021-06-29,1527.0662841796875,1552.261550707331,1518.4747632230296,1542.6081828546735,575662
2021-06-30,1512.6827392578125,1542.6081795366845,1502.1123486174736,1525.232117439275,392508
2021-07-01,1504.7669677734375,1539.1811285194246,1501.1469549735966,1523.3013861730394,620571
2021-07-02,1499.6024169921875,1522.2396358392448,1496.3203661167288,1510.7521042582418,399379
2021-07-05,1512.3447265625,1556.1227212379745,1504.0910508496345,1515.7716010578863,618930
2021-07-06,1514.082275390625,1532.8098306342788,1508.7729236268492,1525.2319612301344,250878
2021-07-07,1534.016357421875,1540.049711132268,1501.6293854078497,1515.5784520507023,375590
2021-07-08,1514.8062744140625,1549.3653747687845,1511.1380657254567,1540.0498522187397,411390
2021-07-09,1514.2269287109375,1521.9979352790278,1501.725867194205,1521.9496213146795,244062
2021-07-12,1530.05859375,1542.6079702287066,1520.405227227918,1520.405227227918,275434
2021-07-13,1489.70751953125,1539.7120067610122,1486.6184892864947,1532.9546499915282,481159
2021-07-14,1478.5579833984375,1495.547885788287,1463.4504404421773,1495.547885788287,1031226
2021-07-15,1494.292724609375,1499.1194075505066,1482.2743312215327,1485.0738308951768,200824
2021-07-16,1468.71142578125,1503.6566838516633,1466.394712050174,1494.2928474725943,439481
2021-07-19,1438.1104736328125,1480.9714504003343,1431.642764317087,1473.1039320447537,639322
2021-07-20,1425.9951171875,1440.2821453899448,1415.7625732344202,1440.2821453899448,446751
2021-07-22,1490.3350830078125,1498.2026009038034,1429.5671831544164,1430.6290299867503,672911
2021-07-23,1433.3319091796875,1459.5407050314404,1418.8518593880242,1457.658345694103,2037167
2021-07-26,1405.48193359375,1445.7847411733026,1401.6689007307868,1443.178379195955,823269
2021-07-27,1423.0511474609375,1428.9396778773055,1406.688619375352,1407.557445989986,493633
2021-07-28,1447.37744140625,1452.8316168912716,1414.3146620849702,1423.244025843272,616198
2021-07-29,1444.0953369140625,1455.5828667956935,1431.8839223726086,1447.3775051429498,456612
2021-07-30,1424.5955810546875,1461.4231983322766,1421.5065508672953,1455.631178351705,536774
2021-08-02,1408.6241455078125,1440.905596023152,1399.6705132480995,1429.9677161581633,946078
2021-08-03,1402.816650390625,1416.0293338657227,1397.97684825024,1413.222224992453,790799
2021-08-04,1398.9930419921875,1424.9827519163264,1393.8628052370047,1403.5424080511505,436733
2021-08-05,1400.1546630859375,1414.6256232284939,1390.9590396505305,1403.5425243516138,901620
2021-08-06,1399.5738525390625,1411.0441587174066,1394.3468431709307,1403.5424662255116,414404
2021-08-09,1392.4107666015625,1412.253950970928,1383.2151445767347,1405.4782294789495,254588
2021-08-10,1390.765380859375,1406.8334979135625,1374.7940362015736,1398.509063117703,454307
2021-08-11,1395.4600830078125,1402.0905878722915,1363.1301832041108,1393.8629247746633,795227
2021-08-12,1403.5909423828125,1412.7381203588575,1380.795429045502,1399.6706557306666,923594
2021-08-13,1403.5909423828125,1419.0298625872456,1398.3154876188617,1415.15802121593,1030312
2021-08-16,1395.1212158203125,1416.1259068884647,1382.634504424381,1408.3822245541464,678741
2021-08-17,1404.4617919921875,1412.737898889652,1388.926101820783,1402.3807721087155,362506
2021-08-18,1436.8402099609375,1442.2607636960067,1405.7687097574492,1408.382155152812,854268
2021-08-20,1425.0794677734375,1447.1005633019454,1415.1578752825712,1431.613199413764,771225
2021-08-23,1438.2921142578125,1442.212282252547,1413.2703662073864,1425.8054037903328,500489
2021-08-24,1418.303955078125,1455.7156476154605,1404.5589648655425,1447.1007765513032,685910
2021-08-25,1417.5294189453125,1433.355664432102,1412.883280384867,1417.0938840725014,328010
2021-08-26,1424.0147705078125,1437.420996574663,1401.6064666936782,1414.2867225602383,777720
2021-08-27,1507.79150390625,1517.5679961140468,1430.451581139858,1435.3397090845563,2896418
2021-08-30,1534.3624267578125,1548.7366148323804,1514.8580013829219,1518.729842920003,1217030
2021-08-31,1543.5093994140625,1550.3335664773665,1518.3908780536146,1534.2170045953585,714442
2021-09-01,1581.1146240234375,1600.812709649825,1548.736400905687,1548.736400905687,955812
2021-09-02,1576.7105712890625,1604.2006677022093,1550.5756429406401,1558.4645430924704,764801
2021-09-03,1577.5333251953125,1592.2947200161307,1563.546345891077,1576.807354958223,478721
2021-09-06,1513.2607421875,1592.6334884037574,1510.5505241878418,1592.6334884037574,1124382
2021-09-07,1538.7664794921875,1546.8005974434727,1509.534124976906,1515.1966692393326,1089883
2021-09-08,1559.141845703125,1565.4335868156938,1530.4418029962592,1538.766236836433,752222
2021-09-09,1569.69287109375,1574.3390097180397,1552.6083478733992,1566.1597923062095,370982
2021-09-13,1584.406005859375,1598.9738575913104,1558.8034997552927,1570.9997775387192,621503
2021-09-14,1562.96533203125,1577.3879630523863,1528.1187638423494,1572.886924362812,1148377
2021-09-15,1559.384033203125,1576.5168831385047,1543.8482232250315,1555.0282118813286,773385
2021-09-16,1564.4658203125,1576.5653239498743,1553.866702389846,1571.967512567672,513071
2021-09-17,1552.56005859375,1569.6445835307388,1548.7366622225802,1563.1592960213738,650250
2021-09-20,1575.9844970703125,1603.9101265163195,1531.3131081163654,1538.4760375636695,1223575
2021-09-21,1585.5673828125,1589.3907786521495,1553.7697931092928,1571.9674936242939,528009
2021-09-22,1575.5489501953125,1621.3335201473392,1566.1597824468029,1588.3260971899147,776299
2021-09-23,1526.2313232421875,1584.5509282685657,1519.7460368348884,1577.7267612466085,1539115
2021-09-24,1536.298095703125,1553.4309444326764,1527.4412360069844,1532.2810371350167,976417
2021-09-27,1517.0360107421875,1544.8648735967658,1502.0326238118932,1539.2991010258502,856495
2021-09-28,1512.3895263671875,1519.6492286310881,1496.4666266653853,1515.8258327024537,509543
2021-09-29,1549.12353515625,1553.6245737397207,1490.7071604373673,1490.7071604373673,779976
2021-09-30,1538.5728759765625,1571.5319710081012,1532.2811341119211,1547.913716376681,733253
2021-10-01,1531.8458251953125,1575.8395794588964,1511.2766660653974,1538.0891227028173,953316
2021-10-04,1526.2313232421875,1555.4636755103977,1517.7132257837793,1540.9927170455446,387636
2021-10-05,1499.080078125,1537.1209654014558,1492.1592564668445,1492.8367814171254,3686947
2021-10-06,1503.7261962890625,1510.9374526380955,1495.0145543408155,1509.0499774796579,1113928
2021-10-07,1498.93505859375,1516.697107518753,1486.787108845677,1511.6636427651476,576382
2021-10-08,1480.3985595703125,1504.210360172865,1471.7836889593573,1501.3064791686704,1293018
2021-10-11,1487.367919921875,1493.9984249984395,1468.7346823106493,1483.689741314936,731875
2021-10-12,1483.8345947265625,1497.0472755639014,1471.396329340775,1486.7869207064925,635193
2021-10-13,1471.6385498046875,1492.6916882085054,1465.3952525762115,1484.4156978004717,847206
2021-10-14,1471.5413818359375,1480.0110329400745,1465.4916310472681,1475.171232309139,423838
2021-10-18,1470.76708984375,1490.6587193691437,1469.3635948067274,1490.3682840432468,516940
2021-10-19,1480.204833984375,1495.111446140427,1466.895379944903,1476.5266557635412,674830
2021-10-20,1456.199462890625,1485.819023705285,1448.6493254739094,1482.9151428771966,844842
2021-10-21,1457.16748046875,1477.7849642634185,1437.4210664293914,1469.363756794489,553982
2021-10-22,1452.472900390625,1481.6568094098013,1443.66436698187,1464.281968989887,941101
2021-10-25,1448.9881591796875,1460.0713757806714,1428.273902781589,1460.0713757806714,373740
2021-10-26,1457.5064697265625,1470.2351734692545,1445.5521816193275,1448.9883703734813,398883
2021-10-27,1452.32763671875,1477.0589511300532,1447.052182264621,1456.7802304024228,874605
2021-10-28,1424.6439208984375,1471.2995569539519,1413.4639329223737,1453.8278274514403,449386
2021-10-29,1437.989501953125,1452.9366162399033,1392.9537314433358,1428.7202437401838,358571
2021-11-01,1473.1251220703125,1477.1531274872525,1434.5924286647755,1445.2204294269118,517466
2021-11-02,1464.0501708984375,1489.0430715152875,1459.0515670788252,1483.0738696134674,714887
2021-11-03,1483.3651123046875,1486.9077005576876,1464.6325217251283,1470.2620380546616,388656
2021-11-04,1483.7047119140625,1492.7797798573965,1479.4826341523194,1484.0443975305327,31674
2021-11-08,1466.427978515625,1492.7311608689206,1460.7985811509402,1488.89734612503,773438
2021-11-09,1464.5355224609375,1475.3091378635665,1460.7987434066708,1466.5737548104269,332602
2021-11-10,1482.49169921875,1499.5742036678475,1455.8972851144151,1459.7311005727267,1104358
2021-11-11,1463.4677734375,1488.8973947161803,1456.964695474853,1482.1032084299918,554680
2021-11-12,1465.8458251953125,1479.7738846585146,1458.8089887558713,1474.3385588291208,286747
2021-11-15,1491.37255859375,1496.6622708485568,1458.4206819957428,1472.397318338042,446822
2021-11-16,1475.3092041015625,1502.7286021383184,1470.698862838745,1498.3609104156494,265077
2021-11-17,1484.0445556640625,1485.9857519435445,1466.3797169132627,1467.253160454055,566753
2021-11-18,1467.884033203125,1490.596052754458,1446.6764881201495,1484.0445154885665,598304
2021-11-22,1419.3541259765625,1475.212094737852,1414.1614497714484,1467.5443459536239,774628
2021-11-23,1415.6171875,1429.787894648806,1377.2785663781283,1407.2700683697062,583697
2021-11-24,1444.1529541015625,1477.2503260144474,1417.0732430887604,1417.0732430887604,1355957
2021-11-25,1449.054443359375,1464.7296269910769,1427.6042481965703,1450.0736187972016,926456
2021-11-26,1410.909912109375,1451.0441187202102,1405.523045413281,1446.1911283565976,870438
2021-11-29,1392.080322265625,1416.4908881302347,1377.2787012689014,1397.6612613299633,552009
2021-11-30,1395.089111328125,1411.5408196928538,1383.2478622741642,1392.177317119983,1428578
2021-12-01,1398.146484375,1407.1730935895496,1391.400875352067,1403.4847736246095,397870
2021-12-02,1420.664306640625,1429.1570395078722,1394.749386312479,1397.6611804383924,515144
2021-12-03,1406.784912109375,1442.697041867403,1391.83767764898,1432.2145349779796,1149769
2021-12-06,1377.6669921875,1420.5673816044498,1369.5139443012283,1407.4158481961688,542372
2021-12-07,1374.7066650390625,1397.6613349658214,1363.6418224410058,1383.102362726594,873771
2021-12-08,1402.51416015625,1407.367150329801,1378.7345083058499,1391.8861590686554,774617
2021-12-09,1395.331787109375,1408.6775108145623,1385.6743835297423,1402.5142366542273,329879
2021-12-10,1397.5643310546875,1403.92167799026,1390.2848447673146,1400.8643885345411,343809
2021-12-13,1379.17138671875,1402.514319498039,1376.3081695835426,1398.6319269181135,675222
2021-12-14,1392.7596435546875,1396.6420358079288,1365.534438967558,1381.7433792323568,496630
2021-12-15,1359.32275390625,1389.896596639593,1352.9168296012228,1388.0524363975276,704620
2021-12-16,1367.0389404296875,1376.647885975795,1339.7166968233876,1365.6316204805296,658200
2021-12-17,1318.800048828125,1370.4843929680312,1311.2779142349932,1365.8254751178686,1499248
2021-12-20,1311.6663818359375,1317.1502851558973,1276.336584988676,1310.307520710808,652830
2021-12-21,1329.3309326171875,1346.3163967932132,1311.6660972665989,1317.101422106688,861852
2021-12-22,1305.648681640625,1342.3373418471601,1302.9795365284922,1325.7401359370526,539391
2021-12-23,1314.044189453125,1325.7884025475962,1304.3382086343536,1308.366214370386,510565
2021-12-24,1300.941162109375,1321.4693359751923,1295.8455219963603,1320.0134388000454,234118
2021-12-27,1307.0560302734375,1313.4133771055315,1288.4690518926404,1298.6603325290794,265507
2021-12-28,1348.4520263671875,1362.7197714535953,1310.0162457207023,1311.9089831586734,792097
2021-12-29,1339.6195068359375,1365.8742339428713,1335.009165666118,1356.071216414867,595610
2021-12-30,1333.4561767578125,1339.3283426586845,1318.994241363229,1338.3091672606113,373434
2021-12-31,1360.05078125,1365.5831438151351,1332.3887314618644,1333.4563658276165,343301
2022-01-03,1368.349365234375,1389.2172261604642,1357.138908832754,1360.778652017537,295484
2022-01-04,1381.743408203125,1395.7200443040813,1373.3962883798854,1375.3374845472067,390918
2022-01-05,1406.9305419921875,1413.3849246582092,1383.5876099837014,1387.8582653768426,344446
2022-01-06,1406.34814453125,1416.102703348448,1388.1980064867153,1388.1980064867153,312701
2022-01-07,1404.018798828125,1421.8292511533418,1397.2730706086495,1398.631931712525,334076
2022-01-10,1402.3203125,1428.720535879191,1392.808402844184,1417.995378485706,302135
2022-01-11,1384.6068115234375,1407.173218074939,1376.7934491744093,1392.808318339991,679549
2022-01-12,1385.1405029296875,1391.8376534101208,1372.4256917168136,1387.858224959235,344002
2022-01-13,1368.5433349609375,1403.8245525596094,1366.7477521538628,1386.3053277646184,730701
2022-01-14,1373.93017578125,1385.7714251047714,1360.3418025005867,1361.263823295004,357396
2022-01-17,1390.2362060546875,1421.2468873577802,1373.930228579997,1373.930228579997,491451
2022-01-18,1405.037841796875,1421.926273105429,1372.8624898047644,1417.0732824122363,1692259
2022-01-19,1381.1612548828125,1413.0939597355193,1370.5817106818429,1413.0939597355193,452596
2022-01-20,1345.6370849609375,1353.013606032161,1279.3451944608557,1353.013606032161,2296373
2022-01-21,1341.02685546875,1357.9637445033134,1316.130991121862,1320.1104195374191,536891
2022-01-24,1291.8660888671875,1338.84306124951,1286.5763765419229,1337.4842001945788,763104
2022-01-25,1306.5706787109375,1315.5971701090311,1266.6305425057951,1291.8660935442247,1105736
2022-01-27,1332.8253173828125,1349.0828362147279,1279.2969247898684,1294.6808816002433,809958
2022-01-28,1332.8253173828125,1374.1728928985092,1325.8370581729241,1325.8370581729241,506536
2022-01-31,1328.845703125,1356.3136740212722,1320.9838829915332,1342.337039072219,1035056
2022-02-01,1328.8944091796875,1361.6035176801229,1325.5457746538507,1333.601786257352,857386
2022-02-02,1343.25927734375,1356.4595071165606,1329.7194803920997,1329.7194803920997,410524
2022-02-03,1343.696044921875,1350.1019687408655,1326.5163873150202,1342.3371838739158,316535
2022-02-04,1324.720703125,1350.3930922152779,1313.2191401173309,1346.219473276229,660886
2022-02-07,1297.689697265625,1332.0973535141752,1287.1101539731249,1320.1104903284213,972861
2022-02-08,1326.031005859375,1347.869461940598,1297.641012953785,1297.6895902486708,1016198
2022-02-09,1326.6619873046875,1337.6782520269696,1311.2780311389374,1333.5532101081387,604378
2022-02-10,1304.7265625,1326.0311444896026,1298.7573601841727,1326.0311444896026,579032
2022-02-11,1303.9984130859375,1316.5191509830029,1277.0643185841625,1300.6013200857135,837852
2022-02-14,1247.946533203125,1288.808690372409,1242.6082435413578,1286.0425094257364,970046
2022-02-15,1257.021484375,1261.7288611220804,1236.541889647719,1247.9464164949409,739559
2022-02-16,1249.2568359375,1265.6599681162315,1244.3068091449454,1257.8951830357637,427094
2022-02-17,1258.86572265625,1267.9893683979578,1246.2479474869892,1246.2479474869892,655859
2022-02-18,1244.88916015625,1264.1070508672153,1237.51263793227,1258.7201837566695,391940
2022-02-21,1229.5052490234375,1247.0245936291678,1218.1977564887297,1237.5126840377998,581516
2022-02-22,1238.24072265625,1249.6452521418162,1198.6888438020528,1210.3360228511415,668981
2022-02-23,1242.2684326171875,1250.1302529027107,1228.9227098086376,1239.9389736670907,549493
2022-02-24,1204.36669921875,1232.659659186882,1198.6887236974796,1222.7596053796015,838799
2022-02-25,1234.89208984375,1242.3656483043424,1204.5123199575694,1204.5123199575694,402028
2022-02-28,1226.6419677734375,1236.347949102611,1189.9047336575418,1221.9830493429472,1341945
2022-03-02,1214.752197265625,1224.8949008348827,1201.6005445591004,1220.5272090331737,915621
2022-03-03,1204.075439453125,1240.424288463586,1202.570965106716,1240.424288463586,507149
2022-03-04,1182.4796142578125,1199.6591518062457,1171.511809247685,1198.688553786985,1697979
2022-03-07,1169.910400390625,1190.1473471529307,1156.9529394047756,1183.1590882000182,711060
2022-03-08,1181.848876953125,1197.863746643708,1162.8251766532826,1164.7177956787723,1009790
2022-03-09,1199.75634765625,1209.365293022577,1169.5221916344417,1201.5034717160256,1380187
2022-03-10,1223.0989990234375,1247.0242615736342,1211.3062105371143,1222.9533856384326,1099064
2022-03-11,1219.0712890625,1227.8066725032345,1211.8403801623804,1222.9536817028263,670143
2022-03-14,1220.138916015625,1232.9993415594818,1192.3798325002235,1226.8360669762171,454323
2022-03-15,1175.1029052734375,1230.3299530108848,1168.0660700485032,1217.2268805230763,807720
2022-03-16,1183.3531494140625,1211.5490714515854,1173.0648333086733,1184.3237475085562,1180168
2022-03-17,1232.077392578125,1236.7847702046124,1178.6944909801232,1205.482977903966,1520083
2022-03-21,1204.075439453125,1240.3757111693642,1201.6003670719244,1240.3757111693642,587899
2022-03-22,1213.6358642578125,1216.159395572335,1188.1090873333628,1204.1725329674452,388976
2022-03-23,1215.674072265625,1234.4066622487085,1211.2093448780968,1214.2181751730914,628795
2022-03-24,1207.569580078125,1219.7990917356688,1201.212115497762,1211.3063588510959,532228
2022-03-25,1228.340576171875,1236.9788052035267,1211.306530691536,1213.2477270548236,1058844
2022-03-28,1228.5345458984375,1236.5419802288045,1205.5314183055048,1236.5419802288045,618924
2022-03-29,1238.337646484375,1246.6363081967636,1226.4963962508077,1228.5346287033108,349086
2022-03-30,1290.7987060546875,1297.0590177126562,1238.3378204176072,1238.3378204176072,650566
2022-03-31,1289.24560546875,1306.9104448917303,1279.1998195551946,1287.1587956926562,649870
2022-04-01,1308.9486083984375,1313.3648772621023,1278.2291540290541,1282.2571599462622,212179
2022-04-04,1310.259033203125,1327.0018526707158,1299.9222568385521,1308.9487492888636,579597
2022-04-05,1312.1029052734375,1319.1883181883352,1300.601342470961,1305.454332554808,175565
2022-04-06,1327.1959228515625,1334.5724450333212,1309.8221924163397,1310.1134192513798,268510
2022-04-07,1355.5859375,1363.1080732047071,1326.8562557950404,1327.1959414532023,582805
2022-04-08,1339.6195068359375,1362.7197899845737,1330.3017883784405,1358.6433251847996,312378
2022-04-11,1316.131103515625,1345.6857700627022,1312.2487108798857,1335.2033810349385,397845
2022-04-12,1312.8310546875,1327.1959549264172,1305.7942179890806,1316.1311121457616,362320
2022-04-13,1318.703125,1323.8958011101647,1305.939736359037,1308.026545958789,163075
2022-04-18,1317.392822265625,1334.378288677089,1306.4250165617382,1311.8603421171645,217047
2022-04-19,1302.930908203125,1343.1621519033174,1293.1278911264835,1318.6545499711074,324789
2022-04-20,1323.022216796875,1334.572357624559,1298.1749296893436,1306.425013354659,398694
2022-04-21,1359.807861328125,1370.484439825348,1322.9251356104457,1322.9251356104457,546851
2022-04-22,1279.2481689453125,1310.3073050653807,1274.9290552210962,1305.4543150466202,2371544
2022-04-25,1267.3585205078125,1287.983730969839,1242.3656184185334,1276.3365532971652,554626
2022-04-26,1289.1484375,1293.613283851387,1264.3011481310073,1274.0071297971156,291069
2022-04-27,1279.63671875,1299.5824411104095,1268.8631021890424,1271.4836699942493,346202
2022-04-28,1298.1749267578125,1316.95597583373,1283.1792338748512,1285.9938735105166,654326
2022-04-29,1242.5595703125,1303.4161388470156,1237.56108516372,1299.242519859367,1065203
2022-05-02,1246.1510009765625,1250.4216565756287,1215.1888959848575,1235.8141068791692,378864
2022-05-04,1237.658203125,1257.0701653165659,1229.7963821336589,1246.15093658381,284167
2022-05-05,1251.974609375,1276.8218989537195,1242.9479989568404,1251.1010473214326,324056
2022-05-06,1243.7244873046875,1256.34226319583,1227.9036901409984,1243.627451186384,199042
2022-05-09,1227.17578125,1252.6539833932663,1220.04190834613,1238.6773459498586,331402
2022-05-10,1230.5728759765625,1252.7995979435073,1225.4772355433233,1230.718489399471,272485
2022-05-11,1246.6846923828125,1255.5656887669327,1233.290509581628,1237.5125876550317,464070
2022-05-12,1212.3739013671875,1246.6360571214782,1205.5797155730606,1242.3654023546446,528459
2022-05-13,1242.7540283203125,1270.755764256528,1212.8595546997492,1215.7713494622237,667977
2022-05-16,1259.6907958984375,1273.327747413363,1245.2288596453027,1255.9540166856864,479794
2022-05-17,1272.793701171875,1276.6760932864688,1248.140487547964,1266.6304273861983,466755
2022-05-18,1247.558349609375,1285.7513643770321,1235.6685218791895,1277.3072075856346,525100
2022-05-19,1214.16943359375,1242.3653508632403,1208.3944233005736,1228.000454101407,560493
2022-05-20,1214.800537109375,1230.621333256359,1209.8990878784562,1223.9241827867397,528786
2022-05-23,1184.9547119140625,1212.2770731680978,1180.7326337141642,1212.2770731680978,525859
2022-05-24,1176.4620361328125,1190.8269366607446,1163.7472236078208,1188.9827764133283,575696
2022-05-25,1212.810791015625,1222.953492829548,1170.54120027971,1176.461824445581,807827
2022-05-26,1230.524169921875,1237.5124280051893,1211.5975092582662,1225.8652522121995,490371
2022-05-27,1223.1478271484375,1243.7245804624301,1214.2183709337419,1232.6597370790187,468268
2022-05-30,1252.36279296875,1256.4878349502264,1223.2448495700924,1227.8066133100626,351575
2022-05-31,1228.631591796875,1261.728963596398,1207.6181190542002,1247.8009044373846,2109279
2022-06-01,1215.8197021484375,1230.6697816048106,1206.4534070299596,1230.6697816048106,469989
2022-06-02,1199.562255859375,1222.2256985609058,1189.9533106497283,1222.2256985609058,444779
2022-06-03,1182.4796142578125,1209.7048176093535,1179.761892411401,1205.871002825755,603052
2022-06-06,1165.5426025390625,1186.0221969579611,1163.7470199076724,1184.129578221318,750844
2022-06-07,1117.6922607421875,1161.7573185655094,1109.6848266228396,1155.0117093362398,1117981
2022-06-08,1075.131591796875,1128.2233850700097,1070.569827593997,1128.2233850700097,4260384
2022-06-09,1092.214111328125,1114.246641249545,1085.225733778597,1085.225733778597,2288225
2022-06-10,1088.089111328125,1097.7465155980601,1076.4903922629146,1089.011132184813,1109164
2022-06-13,1081.19775390625,1095.320004278132,1039.5106110605932,1087.361146898727,1524945
2022-06-14,1112.1114501953125,1115.217317001609,1062.4167519260016,1081.3919938766996,1312603
2022-06-15,1116.915771484375,1126.8644020798256,1099.0567426216646,1112.1113582478383,450709
2022-06-16,1098.5716552734375,1128.2234805450894,1087.0700891867714,1121.0410294738579,672515
2022-06-17,1080.4698486328125,1101.6289363894336,1072.2197640871648,1088.040561843661,1136156
2022-06-20,1093.2332763671875,1095.8053853345905,1073.7242759312583,1087.9920223070742,388341
2022-06-21,1107.452392578125,1114.828914178635,1098.619973879572,1101.6288041859525,280231
2022-06-22,1101.5804443359375,1109.345230391559,1079.3052617313667,1109.345230391559,919853
2022-06-23,1092.16552734375,1104.1039315336839,1085.5169539617395,1097.7464664970285,383525
2022-06-24,1087.4095458984375,1097.9405114734964,1079.1110033217615,1096.9214545682266,450371
2022-06-27,1099.97900390625,1112.3055538381434,1087.4096859394997,1096.7759824058483,411878
2022-06-28,1085.3712158203125,1125.8936824069417,1069.744611683146,1102.599330357143,1844323
2022-06-29,1078.916748046875,1090.4668883171921,1071.5402267042102,1071.5402267042102,392085
2022-06-30,1087.991943359375,1096.6788678467674,1076.247729499887,1078.3345392080996,619793
2022-07-01,1112.0626220703125,1116.1876634351818,1073.3357394427132,1087.0697243890465,228217
2022-07-04,1127.640869140625,1133.6585296968751,1104.3949746047767,1115.217166628176,372144
2022-07-05,1152.1484375,1160.7382063587918,1126.3790124424202,1127.834909485646,923135
2022-07-06,1196.01953125,1198.6886760752689,1149.236749341411,1149.2852081585957,647362
2022-07-07,1240.812744140625,1257.79821238826,1186.8475087186694,1213.2477319739326,1265608
2022-07-08,1238.6771240234375,1252.3140733579285,1226.8358757794394,1248.1890318452208,646576
2022-07-11,1228.82568359375,1245.9081852299544,1216.6446309215983,1239.4536846325336,314578
2022-07-12,1194.466552734375,1226.835975057246,1191.9430214186325,1223.9241808126483,281608
2022-07-13,1195.728271484375,1204.3666181953536,1177.8207840878847,1195.7768487814371,624780
2022-07-14,1213.9271240234375,1217.3727950335233,1194.2240516087404,1195.728407733321,266983
2022-07-15,1217.4698486328125,1222.8567161244994,1208.3947790087911,1213.1991927858533,211719
2022-07-18,1234.3582763671875,1243.4819232581265,1211.015341971252,1222.8567112488458,385061
2022-07-19,1233.1448974609375,1239.0655222294815,1217.1300286627436,1235.9596556732265,493959
2022-07-20,1181.0723876953125,1244.258306376181,1171.5605964907186,1244.258306376181,2801062
2022-07-21,1189.2740478515625,1202.4255826603367,1174.8605694814846,1190.8269813092666,820117
2022-07-22,1179.3253173828125,1198.6887028830513,1168.6487378429633,1198.4946306475415,497066
2022-07-25,1154.2353515625,1184.0327878950293,1146.2764935804275,1184.0327878950293,737793
2022-07-26,1122.9820556640625,1153.4588611648453,1120.0702612241384,1153.4588611648453,667568
2022-07-27,1153.41015625,1155.254316220822,1121.0407353371554,1123.4186531408427,439202
2022-07-28,1159.1121826171875,1170.613680190139,1153.0690954745498,1158.2837121353173,849859
2022-07-29,1189.0355224609375,1194.5425964806454,1162.8648739569971,1166.6174419057402,639036
2022-08-01,1199.65966796875,1203.7533564871521,1185.721423616697,1194.0063657463654,518200
2022-08-02,1210.47900390625,1212.5258485036584,1182.066497405797,1199.854758446948,510629
2022-08-03,1198.4415283203125,1215.5962115800255,1182.6026652713733,1210.5764865712238,285116
2022-08-04,1171.783203125,1208.6268764681286,1159.891921771833,1198.53876464236,1042786
2022-08-05,1169.4927978515625,1186.208912735367,1164.3269635401723,1179.1911261689434,552645
2022-08-08,1183.38232421875,1187.1836750534667,1154.1413470006842,1175.2923919108564,589736
2022-08-10,1199.5135498046875,1211.4048320110867,1182.5537605571005,1187.183581585451,832004
2022-08-11,1209.552978515625,1219.641210870381,1199.4648651427106,1202.7300838117624,519958
2022-08-12,1206.53125,1212.525673225898,1194.2500652090284,1212.525673225898,659145
2022-08-16,1263.2100830078125,1269.0582778365524,1208.6757138225446,1211.551028687277,709618
2022-08-17,1321.2047119140625,1334.3631505793815,1263.258894421372,1265.1595101914077,1675014
2022-08-18,1293.18212890625,1327.832732129371,1289.6244531253287,1320.7173805675286,418587
2022-08-19,1256.6796875,1293.18212382453,1252.4884334761794,1293.18212382453,377176
2022-08-22,1228.7545166015625,1258.2878296823785,1202.7787602598758,1251.5137181310215,1493498
2022-08-23,1217.8377685546875,1226.6588431882233,1203.6071851913005,1214.4751041815862,733327
2022-08-24,1212.2821044921875,1220.1771440496996,1197.7103993515273,1206.1414520686594,783760
2022-08-25,1228.4134521484375,1252.1960174970948,1197.320523801307,1220.3234011772913,2414864
2022-08-26,1228.169677734375,1257.118194099588,1223.2473995696707,1242.9850568137233,595664
2022-08-29,1226.610107421875,1236.8932311284013,1189.1329724008272,1213.500451343467,469827
2022-08-30,1255.7049560546875,1260.1397657751932,1233.6766601929528,1233.9691175291748,547882
2022-09-01,1239.330078125,1255.3151693859768,1233.0433156478139,1255.3151693859768,296026
2022-09-02,1227.1461181640625,1252.195836446487,1221.5903811074375,1240.8893511318872,291574
2022-09-05,1229.9239501953125,1242.8874949185133,1223.3935142711832,1232.99427594363,245382
2022-09-06,1188.109619140625,1245.1783085867924,1183.2849053811085,1236.4060152190577,1852358
2022-09-07,1217.7403564453125,1235.5286158917531,1191.0823585507112,1191.0823585507112,1060134
2022-09-08,1197.6129150390625,1250.3929029654153,1191.0824776886616,1223.2475527817269,1192677
2022-09-09,1190.400146484375,1221.6879661125738,1179.337215695519,1211.551070926317,1262273
2022-09-12,1209.0169677734375,1218.6665140991295,1185.9165242686793,1189.1330793711902,706476
2022-09-13,1204.484619140625,1241.7668661016842,1194.5427342104135,1231.581306354734,930820
2022-09-14,1213.79296875,1222.906382529173,1190.7899723043433,1194.9812264826205,628651
2022-09-15,1203.607177734375,1217.3991940008052,1196.102042145515,1217.3991940008052,496799
2022-09-16,1184.6492919921875,1208.5294195804693,1178.4111940503128,1198.1488505263414,1026469
2022-09-19,1177.4365234375,1190.8386361835808,1166.7636157888055,1181.8714519752966,329474
2022-09-20,1184.89306640625,1203.5585792545469,1169.6390006431623,1183.2847889839993,393867
2022-09-21,1169.7852783203125,1190.3514078134967,1165.2529032065795,1183.2848385552384,477872
2022-09-22,1164.326904296875,1171.8808226254985,1153.0690816466467,1161.8413738992417,317223
2022-09-23,1149.560302734375,1193.031864863592,1145.8077344721444,1173.5378801435986,995567
2022-09-26,1116.6153564453125,1148.1468511116013,1113.252691868149,1145.271536124278,988721
2022-09-27,1129.091552734375,1135.5245435193194,1118.3210792138404,1130.6510476243868,528786
2022-09-28,1134.5985107421875,1141.518850408184,1111.1569502945606,1124.8027374034411,501473
2022-09-29,1136.450439453125,1147.3183588972988,1119.7344440233524,1137.9124881949826,824143
2022-09-30,1122.02490234375,1136.4991603059993,1118.954576356164,1136.4503777578532,1527493
2022-10-03,1096.97509765625,1124.8515881983442,1090.688335806664,1121.7324795665472,1267334
2022-10-04,1120.8553466796875,1124.656697523025,1106.2836405923747,1107.2583398351874,523647
2022-10-06,1131.089599609375,1137.473926739506,1117.297701595728,1126.4597785708038,1007667
2022-10-07,1115.93310546875,1135.3783063513108,1110.1823565593893,1135.3783063513108,1134702
2022-10-10,1100.53271484375,1109.938584825463,1088.0566379248162,1106.8682589064201,1053052
2022-10-11,1106.332275390625,1122.9996064203417,1098.4371173928103,1106.283492842263,836099
2022-10-12,1105.6011962890625,1114.0810305562115,1092.4427589202885,1106.3322205873278,746825
2022-10-13,1103.1644287109375,1113.8373356801867,1092.3939566515592,1101.4099228340501,476988
2022-10-14,1098.144775390625,1116.0304802515668,1094.635882393186,1108.2328873764468,1441873
2022-10-17,1103.70068359375,1108.7204085806156,1090.2985687647536,1097.5113670872731,915437
2022-10-18,1120.3193359375,1121.8788309330457,1103.0184243397055,1109.2565233037292,1490999
2022-10-19,1109.1102294921875,1152.0944398738554,1103.3106979362092,1148.1956431230133,2589174
2022-10-20,1123.7794189453125,1127.9706731871772,1098.486021760163,1110.0849662831909,914488
2022-10-21,1122.60986328125,1134.2088081742513,1106.3810969421138,1123.8282373460224,995950
2022-10-24,1120.904052734375,1139.0822161685644,1116.8590273564016,1135.5245403787364,79894
2022-10-25,1124.754150390625,1137.2303483661226,1120.5630150105212,1125.7776321944475,594839
2022-10-27,1137.08349609375,1139.9210942666402,1125.781599144662,1137.9640641073274,493714
2022-10-28,1139.3338623046875,1147.602385330966,1134.3924334577132,1142.8076381689266,468144
2022-10-31,1144.8134765625,1158.4638312898057,1131.6524987401178,1150.7335395749058,829508
2022-11-01,1146.91748046875,1151.467599397324,1137.1323298471455,1149.7551980385433,375840
2022-11-02,1142.7586669921875,1151.7121027253293,1134.0498599979421,1146.8195279473969,799025
2022-11-03,1140.1656494140625,1144.8135957423042,1131.7994176918078,1133.5118189706336,391305
2022-11-04,1136.2027587890625,1143.884077937869,1127.3471499275977,1143.884077937869,235006
2022-11-07,1135.3221435546875,1141.388889389109,1122.8950495771026,1137.523802527321,472838
2022-11-09,1130.674072265625,1145.84105462834,1124.020122546801,1135.3220184735537,364895
2022-11-10,1110.4676513671875,1135.0283523742953,1106.0154800764121,1129.206236283426,467236
2022-11-11,1107.5810546875,1124.2646622972252,1104.2051065667204,1116.0452325803835,619654
2022-11-14,1109.09765625,1116.2408627386615,1099.4593084560033,1113.1585169401947,334306
2022-11-15,1096.132568359375,1108.608635897105,1092.1206803348102,1107.1898367797148,1274776
2022-11-16,1107.0430908203125,1113.012009344474,1093.2460510978667,1100.6338882578075,892837
2022-11-17,1103.031005859375,1122.3566766207168,1099.3615747021581,1112.1312429083243,641922
2022-11-18,1112.2779541015625,1117.4641313870525,1100.0954901154937,1104.743436371263,449207
2022-11-21,1103.5201416015625,1114.773062575553,1096.9151662472636,1112.2778018848828,1030548
2022-11-22,1104.4010009765625,1109.6360324429172,1100.3401397549032,1103.5203135692238,341523
2022-11-23,1109.587158203125,1112.8163058364457,1101.4655544806876,1104.4010998027445,1248207
2022-11-24,1144.7647705078125,1145.8411131635285,1110.4677705371423,1111.20165681799,1462853
2022-11-25,1134.4415283203125,1149.7553144836031,1130.1850112583502,1149.7553144836031,475121
2022-11-28,1133.9031982421875,1148.1894929553214,1128.814848715129,1137.5236558624404,1132220
2022-11-29,1150.440185546875,1161.4974542467326,1134.1968583492135,1138.013091229107,538581
2022-11-30,1185.1285400390625,1187.1344242455618,1150.7826852869287,1156.2133722069839,1400360
2022-12-01,1198.289306640625,1202.594796032625,1179.11043874639,1186.3514727991692,971036
2022-12-02,1212.03759765625,1227.0088051049624,1195.794272961004,1198.2894144786417,864356
2022-12-05,1197.1153564453125,1218.0066292290444,1191.831351195803,1213.3097091300049,423089
2022-12-06,1193.93505859375,1212.3800417969383,1185.617681390139,1191.3419700466281,823892
2022-12-07,1219.1318359375,1231.6079019168014,1200.637878949245,1200.637878949245,762091
2022-12-08,1222.31201171875,1233.9073903475576,1214.9731493653744,1220.2081806212564,778965
2022-12-09,1221.1378173828125,1234.83702817833,1215.462501721824,1231.7548013074495,552253
2022-12-12,1203.4267578125,1225.0519173808036,1199.4638433722973,1221.1378570264449,380539
2022-12-13,1198.1427001953125,1224.8562087279306,1188.895780790442,1209.444596754721,436001
2022-12-14,1216.979248046875,1222.116452600293,1198.6810624642362,1198.6810624642362,410641
2022-12-15,1207.6832275390625,1234.4457097281488,1198.9745391477877,1223.045985500381,515065
2022-12-16,1209.8848876953125,1215.3156940104047,1195.2561354538723,1203.5735133919466,423279
2022-12-19,1221.529296875,1223.1438706738181,1198.142762178188,1210.4231744188105,307588
2022-12-20,1209.8848876953125,1226.9110734816043,1202.839627103293,1221.5292406981443,584204
2022-12-21,1198.09375,1225.1007392112986,1190.4612854750637,1210.9612457111139,493935
2022-12-22,1213.114013671875,1216.2941875330837,1186.596280134092,1198.0938317861544,533499
2022-12-23,1197.3109130859375,1212.380067761196,1188.063994246472,1207.732121577285,824353
2022-12-26,1212.0863037109375,1227.0086552570926,1196.7236682588596,1196.7726417806796,665901
2022-12-27,1216.0494384765625,1227.057731522518,1202.0077730141352,1212.3800074612438,330784
2022-12-28,1209.5423583984375,1227.057800654564,1203.573440833424,1216.0495069884046,432836
2022-12-29,1209.2000732421875,1218.251338204753,1193.5438311447772,1203.5736112384307,532654
2022-12-30,1210.227294921875,1231.9502782606876,1208.4169467706226,1215.2665511771556,608914
2023-01-02,1214.6793212890625,1222.1160098685123,1199.9037717204967,1213.3093766815728,336946
2023-01-03,1240.365478515625,1259.8379491532262,1213.7987747662871,1214.8262632028975,1324059
2023-01-04,1222.31201171875,1250.933574896915,1218.2511506603562,1245.6495701129586,753595
2023-01-05,1249.5635986328125,1253.7712607220597,1219.8167200851528,1230.9718144714784,671500
2023-01-06,1244.3775634765625,1261.3059219222241,1237.8705338362395,1256.1197442857685,442656
2023-01-09,1233.61376953125,1259.8869919195113,1219.229647313901,1257.3917309778194,467830
2023-01-10,1215.0220947265625,1239.1914882280269,1211.9398678646903,1233.1246232248745,474112
2023-01-11,1215.2667236328125,1221.1378139572791,1209.6892356036246,1211.010207037102,534699
2023-01-12,1211.841796875,1221.2844900696336,1202.2034484686374,1214.3370577864885,372536
2023-01-13,1228.18310546875,1230.5804193993497,1210.667663374015,1214.337094562257,426159
2023-01-16,1222.6546630859375,1244.6712536577131,1218.3003185074679,1230.9230682105003,682555
2023-01-17,1222.458740234375,1228.770113704295,1204.5028958516912,1228.7211401791299,675386
2023-01-18,1174.3648681640625,1207.487578914949,1149.2659330920644,1207.487578914949,3977121
2023-01-19,1144.47119140625,1171.9185866451608,1137.7683871282195,1168.395956315242,1400021
2023-01-20,1128.717041015625,1147.7491097929264,1125.2922385504714,1144.4711084658056,3037703
2023-01-23,1135.0772705078125,1137.719212927361,1118.002233484824,1128.7169237334153,832729
2023-01-24,1119.0296630859375,1139.9699067212432,1111.8865756823534,1139.9699067212432,427495
2023-01-25,1112.5224609375,1118.1000675017874,1100.2910247626842,1117.51298245492,214543
2023-01-27,1107.385498046875,1121.2315106908768,1092.022858656659,1121.2315106908768,500248
2023-01-30,1109.2445068359375,1114.2838826425725,1091.0441529277439,1107.6789068288845,519697
2023-01-31,1105.4771728515625,1114.7240905812102,1094.8603104162887,1112.033174692437,1211804
2023-02-01,1101.1717529296875,1120.203939992702,1082.3353405213081,1110.4187906896477,657740
2023-02-02,1106.064208984375,1111.788496823355,1083.8519702271806,1093.0010599550078,552867
2023-02-03,1109.09765625,1114.5284616781375,1086.347185017325,1107.7278309596759,199219
2023-02-06,1109.83154296875,1115.2133748759206,1093.9796494939496,1109.0976567995904,202835
2023-02-07,1095.5943603515625,1123.1395819112597,1091.9249290455896,1115.7027722397142,414200
2023-02-08,1106.74951171875,1110.6145984452967,1093.3437836636458,1101.3187053305562,255558
2023-02-09,1110.859130859375,1115.5070770135983,1098.872322356378,1106.7494157231135,234840
2023-02-10,1127.640625,1129.2062249926141,1110.8590701238002,1114.479527572197,190828
2023-02-13,1118.5894775390625,1130.1848567250258,1114.7732450424119,1130.1848567250258,195148
2023-02-14,1117.121826171875,1128.4725778321858,1114.7733659616888,1114.7733659616888,174191
2023-02-15,1110.81005859375,1119.225382230427,1102.9819394508834,1110.8590321174404,306763
2023-02-16,1094.3712158203125,1114.1861448587588,1089.1361843836323,1110.6145411672405,601356
2023-02-17,1093.392822265625,1097.8939679416317,1086.3964152470558,1090.8487068355034,320946
2023-02-20,1089.8211669921875,1099.3616889927926,1084.2925329176933,1095.007344679265,444030
2023-02-21,1076.5133056640625,1096.2792609680853,1072.6970732584966,1089.0871995773837,536446
2023-02-22,1074.8497314453125,1080.5251661054251,1065.8474414130262,1072.697046269479,362708
2023-02-23,1070.5931396484375,1082.1396633709535,1058.0192469385076,1077.785200350819,283881
2023-02-24,1065.7008056640625,1077.9322448059409,1063.5969742421298,1071.4740688285588,214234
2023-02-27,1073.822265625,1076.3663804529106,1057.2853400721542,1068.0490038766834,224597
2023-02-28,1078.1767578125,1085.222137670267,1065.309261327446,1076.4643565165172,475223
2023-03-01,1076.806884765625,1082.1398636833985,1068.3916788674449,1078.323630936653,196382
2023-03-02,1063.4989013671875,1082.482114427232,1059.7316428697784,1081.2589707951108,954939
2023-03-03,1055.91552734375,1068.4405672975656,1052.8821546909514,1066.5813648820977,538047
2023-03-06,1069.0765380859375,1071.963109359934,1051.169667028671,1061.1504715686276,461653
2023-03-08,1069.9083251953125,1071.3760976957321,1058.4107739420265,1069.0276378055344,459244
2023-03-09,1060.75927734375,1075.3880294189382,1056.8940712655185,1069.9083690821271,259973
2023-03-10,1052.0504150390625,1061.6887637978393,1049.0658965415003,1055.8176738597867,364757
2023-03-13,1057.87255859375,1086.5919503881416,1053.3224398854763,1053.3224398854763,820862
2023-03-14,1048.96826171875,1061.9335877148073,1029.6425871208532,1057.9705534992156,540425
2023-03-15,1037.862060546875,1059.7318490547364,1034.4861117968126,1059.7318490547364,440551
2023-03-16,1038.498046875,1048.136396010155,1026.5112377833902,1040.6017586268479,302074
2023-03-17,1048.0872802734375,1051.6099100063454,1039.525274941138,1042.069389778926,475397
2023-03-20,1055.91552734375,1065.700677480283,1039.721175536368,1039.721175536368,1047458
2023-03-21,1059.87841796875,1070.4463070221993,1042.2161765755868,1061.639673087183,707945
2023-03-22,1058.4595947265625,1068.5383466914395,1052.3928496947283,1059.8785131009108,248389
2023-03-23,1060.6124267578125,1077.2960357506456,1056.991849608458,1058.7042508493655,433489
2023-03-24,1053.2735595703125,1061.590936988825,1046.5707557755081,1060.123164503205,346534
2023-03-27,1051.169677734375,1060.9058536401815,1042.950128321956,1054.790135245171,394579
2023-03-28,1042.4609375,1059.6339236301924,1037.8129912226261,1056.7472326946122,319213
2023-03-29,1050.1422119140625,1056.7961614503938,1038.9382633518107,1052.4906717179222,376572
2023-03-31,1046.5218505859375,1064.6243790906967,1045.1030515362415,1050.4359108031827,793594
2023-04-03,1056.5025634765625,1060.7102256192325,1043.3415849322016,1052.0014185119844,839450
2023-04-05,1069.5657958984375,1089.0871210437572,1058.7531581036346,1068.538307439158,513931
2023-04-06,1065.26025390625,1070.348483531407,1057.8724187422524,1066.5812251120487,245989
2023-04-10,1075.2410888671875,1078.0788060060129,1059.046738716473,1068.5382855988798,245512
2023-04-11,1062.4227294921875,1077.932169348873,1054.7902642228817,1076.3665691378367,346671
2023-04-12,1067.4130859375,1070.4464586107122,1057.6279357351164,1066.5813720598242,481932
2023-04-13,1064.4776611328125,1072.746185656518,1061.199659334219,1068.440695191543,661040
2023-04-17,1080.37841796875,1083.7543664821922,1058.7532597506165,1069.4190974398493,509340
2023-04-18,1106.455810546875,1113.5010706041598,1070.0551011715213,1083.2160798367372,872244
2023-04-19,1053.077880859375,1100.8784380547188,1047.5493662178906,1100.8784380547188,3169350
2023-04-20,1053.126708984375,1067.5598044152873,1038.5468124222673,1056.6983124212104,666329
2023-04-21,1036.8345947265625,1058.5087284710808,1032.3334490751008,1058.3619273139107,559059
2023-04-24,1046.4239501953125,1067.3641947907895,1043.1459488808696,1047.011035297542,957468
2023-04-25,1050.6805419921875,1059.5361510332027,1046.2772242376218,1051.9036858129002,576203
2023-04-26,1047.7939453125,1049.9466306064505,1038.2044502082422,1049.9466306064505,494260
2023-04-27,1043.1947021484375,1051.7078533747708,1035.9048139843437,1051.7078533747708,988205
2023-04-28,1055.964599609375,1059.7318588746637,1043.1949297081433,1047.011162507747,527428
2023-05-02,1063.69482421875,1067.2663085640531,1053.1757875169178,1056.0133855806978,584124
2023-05-03,1065.064697265625,1067.0707009703942,1053.909720846607,1066.385788189452,448506
2023-05-04,1066.3857421875,1077.0026065199688,1058.9000782151825,1062.6673372431376,470960
2023-05-05,1049.11474609375,1074.4093316982148,1047.0109152250361,1063.1564106467306,369250
2023-05-08,1059.6337890625,1063.6456761871138,1047.0109232016669,1050.9249827276542,288054
2023-05-09,1074.9476318359375,1077.2471180483958,1057.4321905738595,1061.6887066603463,428096
2023-05-10,1084.24365234375,1087.130223971279,1069.5169530158487,1086.1517089181996,564308
2023-05-11,1086.2493896484375,1087.9617907597712,1078.7148725376185,1084.2435057294485,373263
2023-05-12,1094.1754150390625,1101.9546808852515,1082.237579929203,1088.5489538414197,403079
2023-05-15,1095.1539306640625,1107.3853680573247,1088.353299252461,1098.8723354106664,285321
2023-05-16,1093.245849609375,1102.7373970339138,1086.6408735656398,1102.7373970339138,502923
2023-05-17,1078.666015625,1095.98580326347,1076.4643568152683,1095.98580326347,249895
2023-05-18,1071.2781982421875,1095.8388992125683,1069.0275661134253,1085.9559222620514,307752
2023-05-19,1053.518310546875,1076.9536995071878,1050.7784204767843,1075.3880992304123,421302
2023-05-22,1069.2232666015625,1074.4094437539254,1051.512169423742,1055.3284017200442,687647
2023-05-23,1061.2972412109375,1076.3663946252145,1058.7531263495293,1070.4953051999862,667188
2023-05-24,1051.5611572265625,1059.82956110777,1043.390580954767,1053.860643562079,1032560
2023-05-25,1057.08984375,1059.68281304362,1046.521833556351,1051.2676076030073,574576
2023-05-26,1076.3173828125,1081.161103084577,1056.600403752274,1058.7530886858976,658681
2023-05-29,1165.3624267578125,1228.7212749263017,1150.8315024573462,1183.9053582378667,8245590
2023-05-30,1159.19775390625,1168.3468447558093,1143.6393423855548,1159.5402102475998,1360051
2023-05-31,1156.702392578125,1167.4660560424209,1144.1285005116297,1157.0938224118042,923876
2023-06-01,1198.9254150390625,1202.3991908110834,1147.7980100720833,1147.7980100720833,1228214
2023-06-02,1206.4112548828125,1210.1785140165014,1189.1404399907444,1200.7358196921568,652537
2023-06-05,1199.904052734375,1216.4898346750745,1193.837307341602,1210.6677180392298,342547
2023-06-06,1211.1568603515625,1212.9670890911232,1187.917130653845,1193.8860478656288,386992
2023-06-07,1230.3359375,1245.160465159403,1215.1200993585835,1219.865873705615,962461
2023-06-08,1225.73681640625,1239.778482512026,1222.8501255400317,1236.7939640371085,342612
2023-06-09,1189.385009765625,1231.0697258316848,1186.9876957397214,1223.0948045093403,635421
2023-06-12,1191.8914794921875,1202.4091324707722,1174.8861766488376,1194.8894437570234,301610
2023-06-13,1199.01806640625,1207.1765856176787,1190.3679458063075,1201.1805365609478,486419
2023-06-14,1191.400146484375,1197.0029866209613,1184.7651473797216,1195.8234792208104,523635
2023-06-15,1188.8934326171875,1202.0159611824797,1179.653558874054,1191.4000355974363,887511
2023-06-16,1233.3726806640625,1238.4840396727716,1190.9087320038416,1191.3018211655988,1685160
2023-06-19,1238.4349365234375,1248.3628374530972,1220.9381495455777,1244.0869729922213,354553
2023-06-20,1270.233642578125,1272.8875940672592,1239.1228468349163,1256.22642307204,758433
2023-06-21,1280.3582763671875,1300.3615458682455,1266.1053153972603,1273.8215495794152,645726
2023-06-22,1254.2115478515625,1293.5792626166435,1249.0509922826132,1280.309262582202,630696
2023-06-23,1252.6878662109375,1258.8804601032343,1238.6314496148595,1254.0640381838637,325251
2023-06-26,1259.6668701171875,1264.09020286438,1238.0908839354465,1254.2605745372853,418525
2023-06-27,1305.7186279296875,1310.28942900573,1252.3438192075967,1259.6668441641734,1634789
2023-06-28,1309.9945068359375,1315.1550616591303,1291.80969460183,1305.3746295618823,999855
2023-06-30,1321.5443115234375,1329.4572101977403,1298.5430775945492,1309.3064724461296,1056830
2023-07-03,1315.302490234375,1330.9316226521123,1309.8471187237576,1327.048967613279,482320
2023-07-04,1292.6451416015625,1319.7748880178883,1284.3882309555772,1319.7748880178883,662393
2023-07-05,1304.489990234375,1312.255420842722,1284.3884477015945,1293.3825818875098,482995
2023-07-06,1317.3665771484375,1322.822068190144,1296.134606591167,1304.4897896337948,597110
2023-07-07,1314.8602294921875,1331.3739327397207,1302.9664034649015,1317.3667126684834,640267
2023-07-10,1319.9224853515625,1323.510203550603,1299.378538996636,1314.8110068378194,671900
2023-07-11,1323.4613037109375,1334.126427428865,1310.3878488369674,1323.068094543564,597657
2023-07-12,1339.0902099609375,1343.415150093156,1311.4688605358976,1322.0849062926916,499719
2023-07-13,1333.33984375,1359.4375541192353,1329.4079925450276,1341.6950275605666,375783
2023-07-14,1352.3602294921875,1355.4073900867734,1328.424990005452,1332.897518613548,447923
2023-07-17,1341.94091796875,1359.437705779062,1330.8335090698981,1352.0162878055073,364464
2023-07-18,1328.621826171875,1351.3282451362209,1320.9546675649376,1345.8727530516014,752293
2023-07-19,1343.1695556640625,1363.5169589151496,1293.5791272398912,1315.3025825062134,1601263
2023-07-20,1374.8699951171875,1382.9303619235216,1324.100063421931,1338.2546314895512,1363037
2023-07-21,1385.5352783203125,1399.0510169723334,1364.6963947315774,1381.5050348025206,898024
2023-07-24,1363.86083984375,1385.9775021114865,1354.1294844478314,1378.2120722504778,484640
2023-07-25,1349.706298828125,1377.1309870217501,1344.693212166848,1366.4166676927716,694314
2023-07-26,1345.970947265625,1360.1747110669887,1338.844467297975,1354.129466130799,407577
2023-07-27,1334.568603515625,1360.0765612776197,1327.589591330686,1341.6460079772976,468921
2023-07-28,1350.34521484375,1354.0313255303117,1334.5686131090333,1336.7312033728322,359852
2023-07-31,1361.89501953125,1367.4978597423997,1326.999838590536,1351.5739096755458,792736
2023-08-01,1339.434326171875,1368.2842612746285,1329.1622925896536,1368.2842612746285,850668
2023-08-02,1335.64990234375,1357.4716285354168,1328.916511162681,1339.4342851304727,1068438
2023-08-03,1324.3948974609375,1342.4322407458399,1309.6013793948243,1335.6006973188018,473287
2023-08-04,1343.612060546875,1351.5248401833758,1323.657864959783,1326.999962938636,285450
2023-08-07,1374.3785400390625,1397.7731026935965,1344.791383734029,1344.791383734029,1109451
2023-08-08,1391.7769775390625,1395.7088285272423,1364.499761308565,1387.894202693893,778913
2023-08-09,1370.2501220703125,1385.977526627791,1362.8779011839945,1385.977526627791,404048
2023-08-10,1332.3568115234375,1369.2671107830568,1325.9184775051242,1369.2671107830568,1588599
2023-08-11,1347.19970703125,1364.8930373458174,1322.6256371499064,1340.7120565901148,740173
2023-08-14,1327.3438720703125,1346.8556608147874,1323.166279921395,1340.8105352270557,322253
2023-08-16,1333.8804931640625,1342.6779620534767,1314.7127189439452,1322.0849397978366,328308
2023-08-17,1321.740966796875,1336.8294219360525,1311.7146741380081,1333.8805335053112,220848
2023-08-18,1305.2763671875,1321.7409946055452,1301.4427881487645,1317.1701934436137,312677
2023-08-21,1306.7999267578125,1319.9716530852415,1295.1027647115618,1297.5109757232997,267406
2023-08-22,1302.2291259765625,1325.4760994996805,1299.1818453964393,1310.0928281382796,262829
2023-08-23,1297.8548583984375,1309.1098540141236,1288.7624528528108,1303.3594258657836,434785
2023-08-24,1312.0587158203125,1321.9866155149043,1299.9190299659847,1299.9190299659847,660106
2023-08-25,1303.212158203125,1324.8373403003884,1298.5921609425443,1302.4257399488113,279437
2023-08-28,1304.735595703125,1317.8090484095103,1292.5960296132366,1292.5960296132366,274467
2023-08-29,1298.6905517578125,1317.0720302125062,1288.6643780484087,1303.408821733173,396612
2023-08-30,1300.509033203125,1306.8490955236489,1292.6453304846675,1304.391688424131,391094
2023-08-31,1291.318115234375,1304.735580754981,1286.8947828643227,1296.5278657997758,837571
2023-09-01,1318.4971923828125,1331.4231778342478,1292.5961453318832,1292.5961453318832,639870
2023-09-04,1334.863525390625,1375.066729203525,1322.4290215720441,1337.7632177477822,802413
2023-09-05,1323.3629150390625,1341.1053222470637,1314.712794079912,1336.8294579055553,776280
2023-09-06,1322.1341552734375,1334.519462491034,1315.3024918545527,1328.9656987017465,151416
2023-09-07,1327.1962890625,1334.863446693641,1316.6786353800678,1326.9997445039878,379653
2023-09-08,1326.0169677734375,1338.2548080268527,1320.5123994664916,1338.2548080268527,902545
2023-09-11,1343.365966796875,1346.658867767391,1321.8390601680285,1326.016651546139,242519
2023-09-12,1327.4912109375,1350.3450951687455,1321.8391750523533,1348.5757141997751,885995
2023-09-13,1332.9466552734375,1339.9256666439817,1315.9413520831574,1333.8804218687915,244308
2023-09-14,1345.577880859375,1351.4756580097642,1322.0850445455421,1335.8465245631164,173868
2023-09-15,1354.375244140625,1361.4034520246432,1340.6629613384837,1351.3772796521714,733387
2023-09-18,1354.71923828125,1363.2710863535312,1340.8104111124637,1358.8477538994255,783162
2023-09-20,1351.967041015625,1363.0253723675569,1341.154450360403,1344.9880292271876,404250
2023-09-21,1332.50439453125,1355.5057488580671,1324.493223431471,1343.8576632666486,392655
2023-09-22,1320.8070068359375,1331.9145339715596,1299.0344777896707,1307.3404650790953,577758
2023-09-25,1293.5299072265625,1327.3930492140155,1286.4034266039207,1323.166260986423,400488
2023-09-26,1286.354248046875,1300.2631951873805,1279.5225848271173,1288.6641865494405,468184
2023-09-27,1281.3902587890625,1289.548897876987,1273.3790881165726,1288.6642073749535,435273
2023-09-28,1252.54052734375,1268.75941586733,1244.43108308196,1258.1925642534825,1191909
2023-09-29,1287.2388916015625,1291.6130277556495,1253.2774812697512,1257.799085831513,925827
2023-10-03,1283.01220703125,1291.5639354772118,1271.0201087522223,1291.5639354772118,622904
2023-10-04,1281.0462646484375,1287.4355228262352,1264.090156407359,1273.9197843732018,414364
2023-10-05,1274.6077880859375,1292.5960549456695,1272.6418625270846,1282.56988259175,205623
2023-10-06,1297.1668701171875,1303.8509450963654,1273.6740354327194,1278.5888493838393,404115
2023-10-09,1276.42626953125,1298.1497213299288,1272.9859000611698,1292.546761912888,120033
2023-10-10,1291.8096923828125,1301.1970353270124,1270.1354341569818,1284.7324080622514,461070
2023-10-11,1291.1708984375,1302.1308382125499,1284.191766216392,1297.5109608179914,306389
2023-10-12,1302.3275146484375,1306.65257522204,1290.040478922625,1294.5620840716072,477626
2023-10-13,1291.56396484375,1313.1400709960474,1288.025322647396,1297.5109379723554,293987
2023-10-16,1314.7618408203125,1319.57826218036,1290.6300579253295,1290.6300579253295,298736
2023-10-17,1337.1734619140625,1341.2035855193133,1313.7298224145452,1317.1701923198582,601632
2023-10-18,1335.404052734375,1345.0862115390078,1322.1831321413615,1338.8444222581934,252462
2023-10-19,1348.3299560546875,1384.453837113863,1338.5495246893156,1347.445385572225,1120954
2023-10-20,1364.4998779296875,1374.1820378174816,1336.583709529557,1348.2809912172495,496087
2023-10-23,1375.2142333984375,1395.2175035448724,1356.0464576825282,1364.4999142565562,1275080
2023-10-25,1354.817626953125,1386.2232392976587,1347.6911469070992,1375.2631804701389,511978
2023-10-26,1332.553466796875,1351.1805627840033,1322.4780986792287,1339.139269179987,368083
2023-10-27,1339.163818359375,1349.1284716280811,1332.1589702458161,1336.8453284081324,347173
2023-10-30,1336.35205078125,1340.4957298965815,1314.4001621656112,1334.3788473101813,222640
2023-10-31,1355.3934326171875,1366.246051068837,1333.885467875463,1336.3519720690197,519546
2023-11-01,1339.6077880859375,1366.8379699362135,1336.6479830927601,1355.146764300118,197008
2023-11-02,1352.5323486328125,1360.178512113176,1336.8453568893683,1342.8636034127624,349810
2023-11-03,1344.4420166015625,1359.2904195673334,1341.7782403277615,1359.2904195673334,131204
2023-11-06,1357.415771484375,1366.0979136372957,1334.3786484792827,1344.737965158789,418854
2023-11-07,1361.11572265625,1371.524419081932,1339.3118485096422,1356.577378785089,611603
2023-11-08,1349.671142578125,1366.3447356048252,1343.0115810193513,1361.1156983551357,290849
2023-11-09,1339.015625,1351.0522366159437,1335.858548097162,1348.7337469746628,179012
2023-11-10,1334.132080078125,1344.1953687256598,1325.9926164725457,1331.9122263675124,285344
2023-11-13,1340.8902587890625,1346.661854270076,1318.0997850948113,1343.4061411336231,675464
2023-11-15,1376.8519287109375,1384.202062551291,1341.975465355862,1355.5412375298324,627341
2023-11-16,1380.8475341796875,1388.1484098893702,1373.4974006523303,1381.143562824784,439134
2023-11-17,1426.7740478515625,1464.2155335447246,1382.2289577804618,1384.9914906665672,2327051
2023-11-20,1426.724609375,1431.8056319145708,1400.9743306244206,1426.7739876309724,717176
2023-11-21,1445.124755859375,1465.1034391201035,1429.0431009126332,1429.5857799899193,757349
2023-11-22,1429.6844482421875,1455.0894411084323,1419.571781178925,1450.3044471215505,206343
2023-11-23,1419.7198486328125,1457.3587276366145,1416.6120291857503,1429.2898369646264,499224
2023-11-24,1419.2265625,1430.5724821863053,1407.485978041998,1415.18151956836,701500
2023-11-28,1430.6710205078125,1438.3171832521814,1413.8495347310634,1420.7063679859762,1106120
2023-11-29,1421.2984619140625,1437.0348321422498,1413.257633536596,1436.3935169155588,851718
2023-11-30,1460.17041015625,1470.0364264410896,1417.0065889100772,1417.0065889100772,1003720
2023-12-01,1438.1199951171875,1472.0097394965226,1430.1285454173321,1472.0097394965226,454189
2023-12-04,1451.1923828125,1460.466462356671,1425.2447113912724,1445.2727729461915,589575
2023-12-05,1446.7032470703125,1467.5205169591618,1434.518741270955,1451.2415903904061,677843
2023-12-06,1426.3299560546875,1451.0937537970804,1420.3610883379736,1449.2684443982685,313506
2023-12-07,1430.0296630859375,1434.6667629385888,1419.769102634895,1419.769102634895,225090
2023-12-08,1429.98046875,1435.6040500328172,1420.755767324605,1434.6668266306053,287248
2023-12-11,1427.612548828125,1439.254496156263,1421.791575164056,1421.791575164056,472341
2023-12-12,1435.8507080078125,1453.8069305583833,1428.5992098623856,1442.7076618353503,765001
2023-12-13,1433.9268798828125,1435.9987192864119,1409.804396981926,1434.518816793159,386336
2023-12-14,1443.348876953125,1447.344661923757,1426.6260266814947,1445.371458567351,655313
2023-12-15,1432.200439453125,1453.214984246848,1428.3526685815248,1450.8472364195088,423327
2023-12-18,1429.93115234375,1444.0888626769004,1413.6522242648825,1423.7156338835946,459786
2023-12-19,1422.7288818359375,1432.4468834842717,1416.3159714522453,1429.9310012367632,561481
2023-12-20,1394.2655029296875,1434.1736147759934,1389.2338582432014,1425.836757978736,409956
2023-12-21,1386.915283203125,1396.0413485558754,1368.2192299246428,1393.081543576605,234544
2023-12-22,1403.53955078125,1409.064496200313,1386.9153362652748,1394.1668346549686,230698
2023-12-26,1397.1265869140625,1420.0650755135778,1384.202129252473,1403.9341624563572,398150
2023-12-27,1396.0413818359375,1412.8136104516343,1391.7496886006409,1400.777118089574,326744
2023-12-28,1417.74658203125,1421.692988661817,1397.323975891974,1409.8537687701157,239294
2023-12-29,1401.072998046875,1408.8177970172758,1391.1577235909972,1408.8177970172758,289414
2024-01-01,1417.94384765625,1424.060850166311,1400.9743473969006,1409.8537622747683,156358
2024-01-02,1400.3824462890625,1429.536453622443,1396.5840539145,1423.6662218103713,491395
2024-01-03,1359.537109375,1400.3824428437583,1355.2946739947674,1398.0639529923742,701759
2024-01-04,1374.5333251953125,1379.2690611327657,1356.5772239324413,1361.5596102742456,581309
2024-01-05,1376.9012451171875,1379.8117922592148,1366.837956413852,1376.1120360543455,296418
2024-01-08,1376.95068359375,1386.9153366543735,1360.523741238756,1376.3093684032374,659991
2024-01-09,1376.3094482421875,1400.9744921174956,1365.456828937052,1377.8387291363704,855991
2024-01-10,1369.4525146484375,1376.3093481733117,1358.9451826345678,1376.3093481733117,639538
2024-01-11,1374.582763671875,1380.0090728053365,1366.7393286437807,1369.4031049535706,302118
2024-01-12,1375.42138671875,1378.1345413559466,1362.4969287157874,1372.4123238365432,446952
2024-01-15,1354.406982421875,1398.1627476224298,1352.3350223197313,1392.0951225406986,781961
2024-01-16,1355.7879638671875,1364.6673788783721,1335.3653575153726,1354.4068178799334,1288819
2024-01-17,1434.9627685546875,1456.2240829807902,1391.157750211216,1391.157750211216,5235862
2024-01-18,1420.755859375,1442.559733366266,1403.9342518239976,1434.5189052368887,503202
2024-01-19,1467.0272216796875,1481.875624143447,1415.674679934778,1435.455970033489,1134043
2024-01-23,1459.381103515625,1479.655815472132,1431.164320586408,1470.0364494438918,1546007
2024-01-24,1488.2886962890625,1492.7284040340414,1452.524383898954,1455.2375386319968,594375
2024-01-25,1462.3409423828125,1489.7191386369948,1456.2734384797047,1488.288614394019,324540
2024-01-29,1468.90185546875,1475.808067079651,1449.1205644726758,1462.3409303514395,374957
2024-01-30,1479.6064453125,1500.1278077922814,1465.004813163415,1472.7989902800039,805250
2024-01-31,1477.041259765625,1484.83543664293,1469.8883980276441,1479.606399888154,506409
2024-02-01,1492.0869140625,1497.167936418022,1474.081434761262,1478.471884166807,339207
2024-02-02,1478.96533203125,1503.5809963634197,1472.305770531609,1503.5809963634197,335712
2024-02-05,1498.2532958984375,1500.917192710838,1479.902528630376,1479.902528630376,379612
2024-02-06,1569.6339111328125,1574.0243609158601,1498.7466037661156,1501.607772755167,1019177
2024-02-07,1602.8330078125,1605.2995119241266,1573.7776375514466,1578.4639953635372,1029393
2024-02-08,1598.9852294921875,1618.4706118787522,1590.401843399609,1602.8329999744633,831036
2024-02-09,1616.4481201171875,1622.1703372587774,1585.5674412024682,1598.886563087483,626195
2024-02-12,1593.65771484375,1637.3148384431684,1589.957958606511,1627.8927443850907,644401
2024-02-13,1608.802001953125,1625.031550894415,1582.8050726063116,1593.3122838133188,669899
2024-02-14,1617.632080078125,1622.9597532029497,1578.5626778873675,1578.5626778873675,238109
2024-02-15,1627.4488525390625,1637.4627632624472,1594.3483179376715,1617.6320935433705,329883
2024-02-16,1623.3543701171875,1640.6691567191124,1616.5467946824706,1632.6284496634125,783069
2024-02-19,1620.9371337890625,1627.6460731875052,1613.1430770966124,1623.4530161721714,661296
2024-02-20,1626.856689453125,1634.2069437663956,1605.4968607761505,1610.1338402057772,894551
2024-02-21,1622.515869140625,1644.6650290666214,1618.0267832449065,1636.6735794070626,511833
2024-02-22,1624.193115234375,1630.556648286437,1599.2814212877277,1613.5871465244163,394970
2024-02-23,1617.2867431640625,1632.6284468854476,1599.4292775140825,1632.6284468854476,301727
2024-02-26,1628.435302734375,1642.6916475375974,1608.2099701370653,1618.0266077847807,347806
2024-02-27,1703.614501953125,1710.7673643473108,1635.0456831398965,1642.7904824728523,3828778
2024-02-28,1701.34521484375,1711.6552746360219,1665.8275544484727,1702.8744956180124,2135960
2024-02-29,1688.8153076171875,1701.3450999028912,1648.4140198209327,1696.9547709078793,3109844
2024-03-01,1621.8250732421875,1701.2958830974303,1613.1430511170067,1701.2958830974303,1532835
2024-03-04,1627.991455078125,1632.727191452747,1603.326412366091,1629.8166441518597,861437
2024-03-05,1630.309814453125,1637.758704929574,1619.9998755990123,1627.942066890199,665170
2024-03-06,1633.614990234375,1648.266000022043,1611.1698036587768,1631.7404230927564,850658
2024-03-07,1643.826416015625,1647.6248084031322,1617.3854427727304,1623.0584024423817,907857
2024-03-11,1632.1844482421875,1676.2362368828922,1623.0583827971216,1643.8263961189919,589504
2024-03-12,1638.843994140625,1671.6978776086034,1607.3713770842767,1632.1844329323676,1272822
2024-03-13,1621.233154296875,1656.306890975426,1614.129670621742,1647.4274761641243,1712838
2024-03-14,1639.63330078125,1643.234420878755,1589.4152528759314,1610.0845092009372,482962
2024-03-15,1629.224609375,1666.1235351432922,1611.1698714548877,1611.1698714548877,484001
2024-03-18,1634.1575927734375,1640.12658083445,1621.677058013447,1623.9462899460889,1258890
2024-03-19,1634.7989501953125,1645.602190195597,1621.1837991169402,1637.7587551745437,661062
2024-03-20,1618.4212646484375,1643.4315907493863,1599.330548059418,1631.2963430760256,404017
2024-03-21,1650.6337890625,1654.5801953047248,1614.2281673910231,1627.8925749177747,382800
2024-03-22,1647.4766845703125,1658.8719814102622,1634.7988778902834,1652.2616783214808,363547
2024-03-26,1626.166259765625,1648.611448547465,1600.267965017348,1647.4768325001087,1816648
2024-03-27,1640.373291015625,1647.526153124447,1628.9287357284647,1637.758772502687,209280
2024-03-28,1661.9305419921875,1670.316656332902,1630.408666261883,1630.408666261883,687954
2024-04-01,1675.1016845703125,1694.1431456941814,1667.6529139414295,1686.1023176931244,296627
2024-04-02,1666.271484375,1688.9139431663432,1657.6387202814951,1677.2227381666642,334235
2024-04-03,1670.0205078125,1687.0393856944434,1667.3567316222768,1677.2227477857223,635748
2024-04-04,1616.3494873046875,1679.3932346731988,1610.6765279718413,1679.1959625224854,665511
2024-04-05,1694.7843017578125,1704.8475900529681,1624.9328592692352,1624.9328592692352,1085353
2024-04-08,1687.779296875,1704.847552606833,1680.7744496520522,1704.847552606833,378044
2024-04-09,1679.4920654296875,1704.8476800904566,1655.5669750117513,1701.8878750902995,626217
2024-04-10,1664.2491455078125,1696.9550177567676,1658.4775493308875,1687.08900021167,148122
2024-04-12,1644.8623046875,1673.6711465642215,1633.3684912399553,1668.3434733017311,311722
2024-04-15,1608.4566650390625,1635.78548166744,1589.9085064578285,1625.1301360254943,385070
2024-04-16,1626.560791015625,1671.007121902877,1595.5320976891,1595.5320976891,1708675
2024-04-18,1687.1873779296875,1723.5930011830135,1648.956565796979,1687.0887418562982,4921694
2024-04-19,1667.1102294921875,1715.8976355857055,1652.1631895882135,1687.187550083537,896851
2024-04-22,1663.410400390625,1683.043797530826,1655.0242862724042,1669.7739329299538,539679
2024-04-23,1673.0791015625,1682.1557884346912,1649.5979344649875,1663.4103573612254,635621
2024-04-24,1677.8148193359375,1700.8519448396703,1665.383662059181,1673.2764756234426,597042
2024-04-25,1683.9317626953125,1691.3312751507324,1659.7600220076079,1691.3312751507324,632326
2024-04-26,1669.9713134765625,1696.313529460455,1648.6113635837503,1648.6113635837503,299903
2024-04-29,1682.797119140625,1687.6314912859516,1651.8671816704411,1669.9712977612696,564034
2024-04-30,1687.7303466796875,1706.2783877469326,1670.4154373936212,1691.775389861096,1438902
2024-05-02,1677.0748291015625,1712.0499306565018,1672.4378494141986,1687.5327827442886,320184
2024-05-03,1650.9791259765625,1684.8194882769644,1619.4571328926054,1684.8194882769644,774101
2024-05-06,1658.82275390625,1665.2356649937426,1630.1126683553537,1652.360584994336,847317
2024-05-07,1662.47314453125,1696.9054454789862,1644.418286314115,1660.1545343254236,962627
2024-05-08,1699.42138671875,1704.699681597801,1647.6247987345791,1652.8044575329961,819541
2024-05-09,1629.4219970703125,1707.8074496925165,1622.811693779444,1704.4529800082457,548189
2024-05-10,1639.2386474609375,1672.7337254268414,1624.9823017402869,1641.7051515949445,478772
2024-05-13,1661.585205078125,1665.926276456806,1624.3409925184262,1645.6021859704504,379122
2024-05-14,1661.2398681640625,1677.4694167586772,1647.0327806444811,1661.387762060337,326910
2024-05-15,1630.75390625,1662.2757810811786,1627.8433590950829,1656.454807206117,327336
2024-05-16,1654.333740234375,1657.4908174269926,1628.9780048735852,1632.7763972432338,389375
2024-05-17,1647.1807861328125,1660.5985441046419,1639.3372309772953,1654.3336478920903,400085
2024-05-21,1625.771484375,1653.4457084826145,1603.2276610435874,1651.8177916936777,547370
2024-05-22,1625.6234130859375,1629.2245330238334,1615.9054113833602,1619.2105026664503,457808
2024-05-23,1639.1400146484375,1642.6423782648421,1615.1162884222992,1626.9061300324338,235391
2024-05-24,1637.66015625,1650.6832502801697,1624.6863200430714,1639.140058773191,745275
2024-05-27,1601.797119140625,1644.6155333899308,1593.3616270587593,1627.9913200676335,692685
2024-05-28,1613.24169921875,1621.5291770996112,1590.401847116445,1603.2276684641583,527439
2024-05-29,1575.454833984375,1618.2733700419565,1567.0687198887451,1617.9773413705545,556931
2024-05-30,1564.898193359375,1587.3433803536363,1558.337268458714,1573.4323215122788,218899
2024-05-31,1559.570556640625,1576.8360854979464,1546.2514343792627,1564.1089001390237,2548278
2024-06-03,1579.203857421875,1608.1605899702765,1566.772701488199,1608.1605899702765,817180
2024-06-04,1515.666748046875,1589.0699331132837,1460.6637073935874,1573.6295935783667,1917683
2024-06-05,1608.6046142578125,1612.649777376135,1509.9444491235415,1509.9444491235415,847914
2024-06-06,1622.762451171875,1627.6460811927861,1593.9536105698512,1608.3087128315644,716813
2024-06-07,1638.9525146484375,1644.0025812212104,1614.3951622690672,1626.5252822027878,363770
2024-06-10,1663.658203125,1673.4117850083703,1629.0502787092937,1638.952416839763,278537
2024-06-11,1629.248291015625,1663.7572186041796,1624.9408850567047,1663.5592241896793,622014
2024-06-12,1638.8038330078125,1652.4688317481305,1629.0502512886176,1638.7048358033162,281407
2024-06-13,1646.428466796875,1658.5585860670697,1634.8430134768507,1648.7060069285017,206868
2024-06-14,1713.9610595703125,1749.6581938887252,1624.9408163865482,1672.4710779261914,5530486
2024-06-18,1728.170654296875,1766.5414394875374,1713.0203346326005,1714.0601074848248,3501765
2024-06-19,1742.52880859375,1764.5610665799475,1724.952512896896,1735.844865159735,2946420
2024-06-20,1731.19091796875,1743.519032020083,1693.2161202158034,1743.519032020083,1459465
2024-06-21,1739.6571044921875,1760.6001507075227,1724.5563439194711,1727.9230950419726,1163546
2024-06-24,1754.163818359375,1769.3635766351588,1714.9018154103405,1737.5777365318165,893193
2024-06-25,1762.877685546875,1768.323861474854,1727.9726489175541,1758.619717834717,802613
2024-06-26,1769.4130859375,1786.1971617110462,1747.5788230190478,1762.5805864553122,910690
2024-06-27,1775.89892578125,1796.2478681170944,1755.8470959414644,1772.4827364551263,1303155
2024-06-28,1772.0372314453125,1790.9997298419842,1767.7297045268303,1775.4534208540604,414902
2024-07-01,1789.4154052734375,1815.061967892893,1764.7096183269807,1769.5121312736496,514895
2024-07-02,1790.108642578125,1829.9151909132909,1782.3849262142444,1807.090713368984,924021
2024-07-03,1835.11376953125,1845.6595709331602,1802.3871542941408,1821.9934363617967,1447840
2024-07-04,1809.7642822265625,1843.728543162776,1803.2288952982985,1840.8074607925978,404757
2024-07-05,1846.79833984375,1859.0274563886658,1808.6751076395203,1809.0710964683462,599567
2024-07-08,1820.95361328125,1853.38311512656,1813.576568845348,1846.7982900783838,534239
2024-07-09,1839.07470703125,1857.7402142748922,1821.0033039334871,1821.0033039334871,699638
2024-07-10,1859.3740234375,1866.1075258468315,1804.169602291639,1843.7285965382537,928915
2024-07-11,1855.8587646484375,1867.741330946583,1845.7586316452996,1860.413845096632,400733
2024-07-12,1847.0458984375,1859.918678178632,1840.0648426122168,1855.8587047904753,126088
2024-07-15,1858.334228515625,1862.5426372525997,1835.410875272438,1848.8777590556144,181341
2024-07-16,1854.76953125,1884.6740619324082,1844.3228476974105,1846.7488232704561,981612
2024-07-18,1891.8531494140625,1897.2497666317001,1845.6596484052195,1857.2451022833206,1156392
2024-07-19,1862.98828125,1895.7147750562024,1849.91738646807,1881.4557929314915,648489
2024-07-22,1877.742431640625,1895.2691671242505,1843.2829438880838,1874.4746778297838,1590295
2024-07-23,1861.9486083984375,1906.1616814444876,1838.6785826769074,1901.2106121420345,1213581
2024-07-24,1890.9617919921875,1903.7355740836172,1858.680846549422,1861.948479537467,947140
2024-07-25,1941.314208984375,1945.7701712085166,1868.2363801581675,1883.3867000705336,1248295
2024-07-26,1948.0477294921875,1960.6729559114215,1933.095403855897,1938.8386924596375,796946
2024-07-29,1948.74072265625,1983.3982050205634,1938.690028595458,1949.7309364380876,1376808
2024-07-30,1948.2952880859375,1984.3885341822304,1904.0326569387803,1944.185876477234,1466306
2024-07-31,1988.1513671875,2000.2319275083053,1940.3239910656062,1940.8190979783556,956425
2024-08-01,1984.7349853515625,2011.1242070240903,1974.040748947464,2004.8363736341882,397222
2024-08-02,1963.89111328125,1988.1513518184397,1957.6527178785457,1964.584214603457,238801
2024-08-05,1920.2225341796875,1976.9122736855873,1896.308967839773,1940.3239224770405,505232
2024-08-06,1894.526611328125,1959.4846144380342,1886.4069062677781,1930.9169696013817,493145
2024-08-07,1916.11328125,1933.6400173354286,1910.1224393496566,1915.073508399293,667189
2024-08-08,1950.72119140625,1962.554197998761,1917.0539221129443,1918.0441359156885,993016
2024-08-09,1946.7108154296875,1970.4759471628033,1941.5617519044633,1960.6233679820666,721536
2024-08-12,1932.352783203125,1965.5745064611035,1923.9855244604153,1953.9890526826264,611318
2024-08-13,1928.19384765625,1971.862252641021,1911.1126593794133,1937.749435128289,974239
2024-08-14,1958.5933837890625,1960.6233704774675,1921.0643765799869,1927.9463143028431,749866
2024-08-16,2016.7684326171875,2026.7696888688781,1957.603157054853,1983.6458287907337,1194117
2024-08-19,1994.3402099609375,2029.9383487509438,1973.5457195590986,2023.4523998229429,570280
2024-08-20,2043.850830078125,2065.5859745085045,1992.4091509488094,2004.885820579424,1634070
2024-08-21,2039.7413330078125,2049.79214824243,2026.6211208850093,2049.742589201586,624633
2024-08-22,2062.813232421875,2070.53694801007,2029.6906308864852,2039.8403218081032,923088
2024-08-23,2076.2802734375,2098.5600831782776,2064.6948207225773,2069.0021055549496,703497
2024-08-26,2101.481201171875,2106.8778179394567,2059.8426632424776,2087.370654762781,995347
2024-08-27,2132.277099609375,2138.861925039132,2080.934414569322,2103.21422628848,1057812
2024-08-28,2120.938720703125,2149.7044783048073,2112.373468521599,2142.77298209965,618057
2024-08-29,2117.423828125,2126.3357525446786,2090.3413833268523,2119.0575842347057,611596
2024-08-30,2120.790283203125,2161.6366000851745,2106.2837485746672,2128.365321633417,2816240
2024-09-02,2164.2607421875,2186.095005301119,2121.0380055810597,2121.0380055810597,746937
2024-09-03,2186.4912109375,2194.9080283239473,2127.226817698243,2173.321318911952,798222
2024-09-04,2228.674072265625,2240.8537499239333,2168.6177041262026,2181.094252512849,1189741
2024-09-05,2233.3779296875,2261.648585354723,2222.485576605669,2232.93238177535,1041552
2024-09-06,2239.56640625,2262.6384351424335,2225.4558602102716,2236.8928774559113,828004
2024-09-09,2210.55322265625,2251.2015480893137,2160.64654310902,2239.41810039804,604737
2024-09-10,2139.951416015625,2221.4953879170466,2124.4048639483963,2206.790856140453,1525808
2024-09-11,2109.10595703125,2158.41865547567,2105.046225267129,2150.3485092391497,492325
2024-09-12,2101.67919921875,2135.8911338342027,2091.3315135177727,2120.988368022536,766593
2024-09-13,2088.608642578125,2120.3450460283907,2084.449792600178,2104.105393219661,341976
2024-09-16,2074.398681640625,2095.341847438002,2066.5760897408254,2093.311860906615,294160
2024-09-17,2082.419677734375,2092.618928500572,2056.179011324503,2074.398849036826,542676
2024-09-18,2119.5029296875,2125.9393189314656,2070.2893556646914,2086.3803287746045,602154
2024-09-19,2178.470458984375,2198.274735884233,2127.0288980872797,2128.9597667347302,2268811
2024-09-20,2212.187255859375,2232.4370803380602,2181.0943965381216,2198.274703193832,1452094
2024-09-23,2252.9345703125,2279.373232545149,2213.722245734737,2218.07909010401,458636
2024-09-24,2204.216064453125,2269.4217441924393,2194.313925798798,2247.7854745321624,714781
2024-09-25,2245.804931640625,2252.4888748895555,2194.115818865847,2209.117461457323,383695
2024-09-26,2235.407958984375,2256.499564156976,2215.257008700038,2252.687143805415,385086
2024-09-27,2216.246826171875,2236.892879730508,2178.618703361003,2235.4075590932366,1640821
2024-09-30,2153.12109375,2217.8812304562543,2136.3865748699072,2214.613476105005,1521922
2024-10-01,2132.821533203125,2192.5810362664292,2124.0087265627144,2146.8332043522873,381613
2024-10-03,2114.304443359375,2152.675227854387,2108.7098321271196,2118.909082549625,444205
2024-10-04,2105.788818359375,2138.8123043944433,2096.1835508492886,2119.0575869227146,470353
2024-10-07,2080.2412109375,2144.6051082947774,2060.139822335636,2128.9596818176483,448450
2024-10-08,2079.59765625,2097.6690601932173,2039.8406642754992,2080.241440345419,1041555
2024-10-09,2063.358154296875,2098.0156397919636,2049.7427135666617,2093.3121239033444,411516
2024-10-10,2059.64453125,2094.302011343149,2054.8914570583747,2077.468378155048,236249
2024-10-11,2047.11865234375,2073.5077541378196,2040.9298159238067,2073.5077541378196,449392
2024-10-14,2068.903564453125,2075.983497328458,2030.4336567002158,2044.791758637379,325426
2024-10-15,2082.61767578125,2113.3638635069074,2062.6649638372537,2078.458826051774,719252
2024-10-16,2055.2880859375,2124.008834512045,2044.2470558028074,2091.183340133799,585502
2024-10-17,2020.4818115234375,2064.1007801743617,2012.9067722353627,2064.1007801743617,665718
2024-10-18,2001.172607421875,2023.0068708985987,1969.0897757733926,2023.0068708985987,508530
2024-10-21,2004.539306640625,2073.8543943734016,1988.3988940264765,2014.0948941039196,1651160
2024-10-22,1966.812255859375,2023.5515577078315,1956.563566706314,2001.2221870820877,1256193
2024-10-23,1939.779296875,1984.3884774146704,1931.5110357275807,1967.2082919674847,456048
2024-10-24,1936.6107177734375,1960.623403395836,1927.7977904214147,1945.7701957943525,708334
2024-10-25,1910.27099609375,1938.09597998481,1898.0418797131058,1936.660218310325,468694
2024-10-28,1882.8133544921875,1915.2858780985423,1864.93854416473,1898.3048325317209,691000
2024-10-29,1899.9930419921875,1911.6116199731093,1857.5899478709052,1886.5869345274411,1098306
2024-10-30,1914.491455078125,1942.594555483259,1888.6722854107768,1900.0426020257573,911491
2024-10-31,1904.0147705078125,1940.5091735678373,1866.9742654409004,1921.3434781629783,992543
2024-11-01,1902.9722900390625,1932.4656797251682,1892.1976542002292,1920.5491390485486,35076
2024-11-04,1857.8382568359375,1898.702083772266,1845.1273532756911,1895.226426192139,674361
2024-11-05,1902.723876953125,1927.5003006444456,1831.0259568702463,1856.994107266931,902841
2024-11-06,1920.2510986328125,1937.2322653806539,1905.2561431379577,1916.5768805627467,374768
2024-11-07,1903.170654296875,1989.8138265313662,1891.8996183134977,1930.3801102801056,238211
2024-11-08,1896.8648681640625,1910.1219942306816,1884.749646832569,1899.844003065384,243163
2024-11-11,1907.73876953125,1918.5629845267251,1867.9176883513303,1879.8342286278937,259334
2024-11-12,1879.08935546875,1919.6552184861596,1861.959329636098,1917.7684087878663,859956
2024-11-13,1855.2066650390625,1879.337707606767,1851.0359244274841,1862.952464713498,257151
2024-11-14,1850.4400634765625,1881.1747575093639,1836.9842553381513,1837.1829370694613,308495
2024-11-18,1826.6566162109375,1860.1718856847515,1821.7907925829034,1857.0438908442484,631045
2024-11-19,1828.0965576171875,1836.0409175862153,1776.6071988121882,1831.0756926055728,1196590
2024-11-21,1792.1483154296875,1833.8562066495938,1788.4740973107462,1828.1461977325828,425435
2024-11-22,1824.72021484375,1953.4188245280584,1787.4810267857144,1792.1482898671288,502559
2024-11-25,1824.1243896484375,1851.8303694671881,1813.449155869737,1839.06964420583,1161035
2024-11-26,1841.5523681640625,1859.1293385078723,1821.989428916035,1827.202915495574,651862
2024-11-27,1850.7877197265625,1858.5830991576056,1819.3578195175255,1842.0985755024942,290072
2024-11-28,1858.08642578125,1875.6633945460235,1836.636678596646,1857.9871455281561,548196
2024-11-29,1848.90087890625,1875.6635154008402,1833.2108400458521,1866.9246705819296,519925
2024-12-02,1821.34375,1876.7060069184438,1810.0230131302626,1856.7458273230516,345387
2024-12-03,1883.160888671875,1886.785527218426,1821.3438365301133,1837.2325567593211,579822
2024-12-04,1937.28173828125,1940.5588351416802,1869.7546809207483,1883.1607878967302,1024603
2024-12-05,1919.258056640625,1941.2540280203,1907.987019937397,1937.2322684326189,569643
2024-12-06,1936.3385009765625,1944.183580847363,1917.1726836789007,1926.5073310737273,696971
2024-12-09,1948.5528564453125,1961.2638809725463,1921.9393230970556,1931.472530881824,454299
2024-12-10,1932.2669677734375,1955.3055627875392,1913.7962341951454,1955.3055627875392,347391
2024-12-11,1935.09716796875,1945.275879242286,1917.1230776714515,1926.5073044546252,299853
2024-12-12,1947.7088623046875,1957.9372746912718,1920.5491047419746,1935.3455000620681,321119
2024-12-13,1969.5557861328125,1978.0959489302936,1933.8061659580703,1954.3125695525673,467454
2024-12-16,1950.141845703125,1984.6004591778062,1940.2609750875142,1975.3650920651353,509005
2024-12-17,1903.9652099609375,1951.3334075487876,1889.764618099411,1950.3403625576686,298909
2024-12-18,1861.661376953125,1918.56290283953,1855.0080240705186,1901.6811381665113,389120
2024-12-19,1884.79931640625,1891.7506310610675,1827.7489324777343,1848.0566532307855,1083512
2024-12-20,1888.920654296875,1911.6117093033024,1871.79062729143,1879.834267901897,398594
2024-12-23,1849.0994873046875,1885.792451498022,1841.6019490800852,1881.9692524993845,1415336
2024-12-24,1855.951416015625,1871.939537593932,1821.7907647763288,1849.049801710441,896972
2024-12-26,1848.2056884765625,1871.3435637740865,1837.2821936983041,1856.9444115663825,118252
2024-12-27,1819.705322265625,1858.9803018100208,1809.4273304181504,1852.0289865788936,476041
2024-12-30,1794.2337646484375,1819.70527206562,1778.543605071066,1819.70527206562,1866664
2024-12-31,1775.3162841796875,1805.5048778766502,1727.6998226268693,1802.37676173186,508209
2025-01-01,1796.865234375,1800.9368158693026,1751.483126171236,1771.393726994125,325526
2025-01-02,1820.1522216796875,1827.997301496944,1774.074909006703,1796.865243480228,791676
2025-01-03,1825.415283203125,1831.0757124752686,1791.2049312037946,1829.6854252213395,900919
2025-01-06,1800.142333984375,1833.607902186112,1787.183048172172,1831.8700734262318,788231
2025-01-07,1870.5987548828125,1877.9473118790772,1792.5951454980536,1792.9426869920624,1142167
2025-01-08,1846.269287109375,1872.833241889519,1834.0549058684921,1861.1153831678912,648480
2025-01-09,1875.1171875,1888.4735940210744,1837.1829176712995,1845.7230802733236,498197
2025-01-10,1864.5413818359375,1886.7856154411925,1842.6448109790047,1880.8770458182078,501354
2025-01-13,1824.1739501953125,1874.819244804788,1805.3557960789444,1861.8600803875038,993052
2025-01-14,1818.4639892578125,1859.5760772650171,1805.4551237606618,1822.932691840741,322102
2025-01-15,1881.37353515625,1894.7299424992818,1787.4810778295112,1827.600121820615,528556
2025-01-16,1894.630615234375,1916.5768859012087,1854.3625912415514,1886.6862550855617,546624
2025-01-17,1935.1964111328125,1952.3264370940908,1894.6305478108013,1894.6305478108013,830712
2025-01-20,1909.32763671875,2000.9360410253873,1896.7160132864717,1966.2291656058712,1491930
2025-01-21,1889.26806640625,1939.3175574294216,1880.7279038588729,1914.5907132884363,1132137
2025-01-22,1837.0340576171875,1905.5044651538844,1829.536519020024,1895.7726964211618,485715
2025-01-23,1821.34375,1840.1123241233397,1806.4977762296767,1837.033908969446,747789
2025-01-24,1803.022216796875,1829.0399478610589,1792.4462630779415,1826.209793795199,429489
2025-01-27,1766.3291015625,1799.546529706098,1758.980665503976,1777.9973803689877,416775
2025-01-28,1762.35693359375,1783.508840829305,1732.9628254947238,1767.5704199046374,910568
2025-01-29,1828.6923828125,1837.1332653831794,1745.0283408619416,1762.6548897595371,792094
2025-01-30,1832.66455078125,1857.9871983265884,1813.945676741998,1822.485839513026,318201
2025-01-31,1845.57421875,1867.0239675081575,1822.2873609002509,1827.2028853914446,524180
2025-02-01,1866.875,1894.7299622416083,1789.6161675638207,1860.9664304196929,307383
2025-02-03,1872.2374267578125,1886.7855607202612,1834.1541740264854,1880.827290528513,707120
2025-02-04,1861.363525390625,1885.7427067941721,1850.291049675075,1881.8202276314328,255868
2025-02-05,1841.7508544921875,1880.8271493217435,1834.2533165752695,1870.0526357781798,559179
2025-02-06,1815.18701171875,1856.8949024534338,1810.4700478856607,1848.0567775534876,228070
2025-02-07,1814.2435302734375,1838.324871735972,1798.255529876595,1826.2097711175732,352126
2025-02-10,1815.733154296875,1877.7488897570845,1796.4184767638126,1796.4184767638126,378452
2025-02-11,1782.614990234375,1818.2156279415694,1761.363803765255,1814.1441678343397,950495
2025-02-12,1752.52587890625,1795.3756740317172,1737.183260797241,1771.6915748311349,905327
2025-02-13,1764.4920654296875,1787.4810824847975,1743.98566098914,1767.5209013079811,309112
2025-02-14,1725.862548828125,1771.7413016127168,1717.9181886459949,1767.5208602659602,439130
2025-02-17,1713.0523681640625,1725.4654309714851,1696.5181442603125,1720.1029635944153,335084
2025-02-18,1726.3094482421875,1737.6797649773025,1697.1636018040185,1723.92611600345,336707
2025-02-19,1716.9251708984375,1738.325339967542,1705.2568916955706,1726.9053220243106,545419
2025-02-20,1715.28662109375,1735.842603435382,1709.9737335398263,1717.9677940178553,501605
2025-02-21,1721.0462646484375,1730.3312111508985,1703.0721743990428,1717.9678493937865,974392
2025-02-24,1698.9510498046875,1716.9748411787332,1693.1417606765415,1716.9748411787332,557421
2025-02-25,1676.01171875,1720.6987442832544,1666.2302496275395,1703.6184185679588,1489542
2025-02-27,1689.3680419921875,1722.9330102186889,1664.5916186622924,1670.5001877016082,963101
2025-02-28,1679.1893310546875,1697.2131213705122,1655.4059526884491,1689.3680419215482,1224364
2025-03-03,1651.930419921875,1678.2461134162722,1645.7735891777509,1678.2461134162722,836343
2025-03-04,1628.2958984375,1650.2918702480326,1602.4767274793512,1650.2918702480326,1212429
2025-03-05,1665.2371826171875,1675.6144543654068,1608.8818789391723,1628.295835931586,1146442
2025-03-06,1690.4605712890625,1701.0861044218523,1655.803276149106,1661.4140047074284,1924774
2025-03-07,1675.21728515625,1693.0425163933974,1654.1150780132098,1691.1060058286566,617116
2025-03-10,1687.779296875,1703.072214473721,1650.6393887699103,1669.4576646888675,976837
2025-03-11,1688.623291015625,1703.0224432534503,1663.4000454519316,1687.779227025256,1114944
2025-03-12,1654.1151123046875,1690.0634163040434,1646.4687138111017,1688.623428230463,883972
2025-03-13,1667.0743408203125,1671.294782189478,1647.4617015165443,1671.294782189478,807125
2025-03-17,1713.3502197265625,1721.3938602321548,1658.7824437700801,1670.3017418836348,878122
2025-03-18,1713.3502197265625,1713.3502197265625,1713.3502197265625,1713.3502197265625,0
2025-03-19,1744.2835693359375,1748.6529916474242,1719.9539664616248,1729.8844166144054,519456
2025-03-20,1712.75439453125,1753.7672022568486,1707.4912074481356,1733.0125371395875,484811
2025-03-21,1711.215087890625,1727.8982923048522,1689.4674994645281,1722.436544829176,740178
2025-03-24,1772.635009765625,1784.0053264246437,1706.1009953651512,1720.9469694928514,741272
2025-03-25,1767.1236572265625,1836.1402878403562,1759.2785771283566,1787.4810806450196,768343
2025-03-26,1760.12255859375,1793.2902857783201,1747.411655349414,1768.5634410785588,381027
2025-03-27,1781.77099609375,1785.4949148538735,1749.397753250006,1760.6687897863835,454624
2025-03-28,1780.3807373046875,1792.446258524615,1760.6688179302726,1787.4313326922938,791304
2025-04-01,1779.4373779296875,1796.1204613673965,1755.7532786819045,1760.17228048854,535773
2025-04-02,1817.22265625,1820.1025110053379,1773.5783768206818,1781.5227368512335,368137
2025-04-03,1818.761962890625,1824.2237105269332,1800.6388911883296,1801.383674956917,205636
2025-04-04,1816.8255615234375,1836.040958381208,1798.9010504565285,1818.7619508203875,502850
2025-04-07,1732.2677001953125,1790.1621502256223,1710.0234682341827,1719.1098541127906,876983
2025-04-08,1764.4920654296875,1774.0252736253426,1730.7285338716413,1738.6233147187406,382513
2025-04-09,1774.074951171875,1788.1761421497015,1749.6956471270817,1775.465238462117,385780
2025-04-11,1706.5975341796875,1796.3687052521443,1690.1625909320985,1796.3687052521443,1156595
2025-04-15,1809.9237060546875,1820.5493597784732,1723.9260374185096,1747.75911627683,890911
2025-04-16,1799.198974609375,1805.256524848685,1733.4593230548628,1747.163392506225,2260312
2025-04-17,1780.9268798828125,1811.2147515773459,1760.668738177289,1802.3766270681215,864906
2025-04-21,1828.2950439453125,1833.1609884731702,1770.5991562555052,1786.4878755488803,546537
2025-04-22,1832.3665771484375,1844.5810790812152,1822.039006172624,1837.1332416152077,410889
2025-04-23,1866.924560546875,1869.903695483918,1829.5860935801998,1838.1262561554604,734624
2025-04-24,1867.2225341796875,1878.1460290170023,1847.0636724913911,1856.9941223434955,734678
2025-04-25,1841.2047119140625,1895.4249447186346,1819.4570021502122,1873.5779546989577,934598
2025-04-28,1837.331787109375,1862.6544342868403,1823.7271192711833,1832.1680016636717,637011
2025-04-29,1843.1907958984375,1860.9663256006788,1830.7777334277819,1838.1262906546726,744701
2025-04-30,1863.448974609375,1877.5501653638294,1834.3527071194874,1847.0637318270385,906449
2025-05-02,1840.5096435546875,1881.8202916765158,1838.0270310326869,1863.448959013711,936229
2025-05-05,1839.417236328125,1866.8252531054973,1828.2950599923574,1859.0794538934683,479826
2025-05-06,1782.614990234375,1851.0358124829697,1775.7629557400421,1839.417234895286,351579
2025-05-07,1813.30029296875,1817.272473238123,1767.7195001334312,1767.7195001334312,563977
2025-05-08,1779.338134765625,1820.946624581188,1765.2368225947641,1813.3002263321694,583567
2025-05-09,1769.8046875,1779.3380161376297,1735.842598197699,1737.8286881269871,643695
2025-05-12,1823.92578125,1828.7917262029907,1786.587311892604,1801.7809495328706,693112
2025-05-13,1853.5185546875,1859.9733474040652,1808.235725412476,1823.9257642061054,703355
2025-05-14,1838.0269775390625,1861.8600570566352,1822.2375381144084,1853.0219324912732,847379
2025-05-15,1860.0726318359375,1865.9316217899193,1837.331876277683,1842.595063454601,392401
2025-05-16,1836.736083984375,1866.9246774815315,1830.4799729575207,1866.9246774815315,332070
2025-05-19,1871.5919189453125,1887.7786014175883,1831.5722769820854,1838.722152707239,473162
2025-05-20,1862.157958984375,1904.263091759382,1857.5899761710573,1880.5292917159495,1579714
2025-05-21,1865.0377197265625,1875.1668510763025,1852.0288549627749,1856.9940797750075,450496
2025-05-22,1855.6038818359375,1871.5918822560711,1841.304009444637,1865.0378094329417,657769
2025-05-23,1881.9195556640625,1893.7368154108892,1852.9226901462964,1859.5760431592146,1048319
2025-05-26,1830.4798583984375,1891.7506851182034,1820.2514466255468,1886.7854602228801,725086
2025-05-27,1828.19580078125,1842.0984304449858,1810.7182334482443,1830.5791329678668,793936
2025-05-28,1835.345703125,1849.2483329932986,1813.5981148080687,1828.1958276812572,455472
2025-05-29,1842.297119140625,1850.4401612430581,1826.3091181591292,1843.7866867082425,553171
2025-05-30,1862.356689453125,1866.924672385976,1838.1263662693839,1848.1560969140023,1621063
2025-06-02,1850.7379150390625,1884.1043239625246,1843.0915170398687,1864.9385070047808,495484
2025-06-03,1848.156005859375,1871.393282859763,1837.8283137235014,1850.837300064023,779253
2025-06-04,1860.37060546875,1866.7261179802479,1834.1541921221449,1842.0985524561877,498159
2025-06-05,1864.4420166015625,1875.5640722866383,1849.0498188613099,1860.370556282275,548628
2025-06-06,1999.7025146484375,2006.8792691686663,1864.9404326431918,1870.9210005725658,2498448
2025-06-09,2014.8533935546875,2023.4255167289891,1993.522676580285,2008.3744448558016,837355
2025-06-10,1971.2947998046875,2023.226161545494,1966.4107667115675,2017.3452454645333,1073798
2025-06-11,1935.71044921875,1975.4812495186388,1927.0386745580438,1970.5970948019922,606768
2025-06-12,1895.7403564453125,1943.2858221775887,1888.3642984294654,1935.41138350763,785389
2025-06-13,1934.4146728515625,1943.6846019307577,1857.9631271789397,1869.1268054533755,1703514
2025-06-16,1938.4017333984375,1941.1927138264296,1912.8846673745318,1933.7170037603457,939835
2025-06-17,1910.3927001953125,1941.6910296280053,1901.8205772742474,1938.4016686388345,659370
2025-06-18,1926.0419921875,1934.2153865319738,1907.9008627357875,1918.7655857119555,464789
2025-06-19,1921.2574462890625,1946.5752081782668,1912.186942602665,1925.9421758279263,1063305
2025-06-20,1964.6165771484375,1972.5906677710593,1913.8814012270132,1921.2574593879317,995960
2025-06-23,1966.2113037109375,1975.4812324127724,1943.2857939547496,1957.6391809197032,821137
2025-06-24,1980.365478515625,1986.9440790230822,1961.7259684570333,1981.5615434533559,568413
2025-06-25,2004.2877197265625,2010.6668948626002,1975.481293117084,1983.654687306986,951658
2025-06-26,2010.467529296875,2015.8500646175905,1996.5128711857415,2013.9561938246584,704033
2025-06-27,2010.5672607421875,2025.31937714265,1995.615840745084,2010.467608943867,650132
2025-06-30,2033.5924072265625,2046.749608050662,2003.2909602771254,2010.567244946905,1574983
2025-07-01,2056.916748046875,2062.0000847460683,2026.0170255907922,2033.5923872537505,844222
2025-07-02,2037.7789306640625,2054.0260676831285,2022.2294779208264,2048.7431838519474,501742
2025-07-03,2027.51220703125,2041.1679103246715,2023.4255098930605,2034.688961647674,305016
2025-07-04,2028.8079833984375,2039.872009542763,2022.6279903059121,2034.589125959229,381077
2025-07-07,2018.9400634765625,2045.3542385849944,2008.673373160657,2028.808024927536,814849
2025-07-08,2030.3031005859375,2038.476494512672,2011.5639396210347,2019.338726370826,629955
2025-07-09,2013.6572265625,2032.3963885749147,2002.4935481348718,2028.409343182909,337764
2025-07-10,1988.14013671875,2008.474092310886,1973.5874455461808,2005.4838083024827,643222
2025-07-11,2005.68310546875,2016.3485247361716,1983.5550525475035,1988.1401303440268,598413
2025-07-14,2013.1588134765625,2034.8882591831366,1983.7543541839334,2005.683103486911,757451
2025-07-15,1996.2138671875,2039.1743778562088,1982.7575892307036,2023.1264231010928,696914
2025-07-16,1964.417236328125,2045.3542059440338,1958.9350491289572,2023.4254571473627,2606181
2025-07-17,1942.588134765625,1981.56147751865,1937.7039800282976,1968.0055480838976,629807
2025-07-18,1906.6051025390625,1953.55253640003,1900.425109346929,1950.3628271694226,713897
2025-07-21,1945.87744140625,1953.3531514644262,1906.6051419072717,1906.6051419072717,424520
2025-07-22,1955.94482421875,1968.503992755343,1943.0865786104653,1953.6522244690286,503349
2025-07-23,1930.52734375,1967.0087831696171,1925.7428408171147,1955.9447570216544,468985
2025-07-24,1900.7242431640625,1934.1157483980937,1893.8465655122086,1933.717019522992,434409
2025-07-25,1915.07763671875,1923.7494118222614,1883.87895769123,1903.8141847567456,532479
2025-07-28,1897.9332275390625,1927.935719291149,1893.8465304136896,1913.7817570496231,265181
2025-07-29,1909.2962646484375,1912.0872449503809,1885.7727223712122,1892.0522455381401,258618
2025-07-30,1914.180419921875,1917.7687362576348,1894.045768708787,1913.6820392731595,279986
2025-07-31,1920.759033203125,1932.7201688535856,1888.4639426118888,1894.9428910892216,506162
2025-08-01,1861.25244140625,1925.6431976478987,1855.0724482840085,1901.5215009594103,503165
2025-08-04,1889.460693359375,1894.344848057684,1851.9824928656546,1860.8536927585076,567203
2025-08-05,1894.0457763671875,1896.4380278256879,1863.5449048774578,1885.772730570035,266143
2025-08-06,1877.8983154296875,1905.8076322195132,1854.0756956919506,1888.763038086434,617362
2025-08-07,1897.2354736328125,1903.0166161400377,1846.001918724158,1846.001918724158,448145
2025-08-08,1888.5635986328125,1904.212824148824,1870.3229397300267,1897.2354950037775,426758
2025-08-11,1895.541015625,1911.7882743428443,1875.9048656481923,1888.7631114321032,187046
2025-08-12,1896.7371826171875,1907.601905583363,1880.8886529394606,1893.846550389494,233350
2025-08-13,1906.50537109375,1918.0679000065065,1894.8433120567076,1896.7371829424158,335318
2025-08-14,1892.152099609375,1913.0840877407175,1886.370835169779,1901.8206359333888,232464
2025-08-18,1940.0963134765625,1987.1434004659882,1921.3571514507069,1933.717016509784,741272
2025-08-19,1946.5751953125,1956.0444277997171,1912.984266010761,1948.6683697378392,455745
2025-08-20,1962.1246337890625,1968.603582287731,1937.8036335513757,1946.575181727251,181091
2025-08-21,1960.7291259765625,1991.529074435711,1956.642428987638,1981.162732596148,699719
2025-08-22,1904.5118408203125,1970.4975144346292,1901.8206338763239,1956.7421592932094,383276
2025-08-25,1912.7850341796875,1935.7105452719923,1896.836852550258,1911.5889692274682,364098
2025-08-26,1866.6348876953125,1912.7849857879046,1853.6769904492244,1912.7849857879046,635729
2025-08-28,1854.275146484375,1886.6698896327746,1844.5068368034863,1873.9112959689567,870926
2025-08-29,1833.64208984375,1862.249212575262,1826.1663799849,1846.0019544787085,441249
2025-09-01,1834.3399658203125,1846.600057452047,1815.40150012132,1846.600057452047,567867
2025-09-02,1816.7967529296875,1857.365010400077,1808.52370723533,1838.9249265521623,573486
2025-09-03,1816.09912109375,1833.0440634969298,1799.7522111462774,1821.0829276829204,769780
2025-09-04,1865.4388427734375,1913.7817676329148,1845.2045389560815,1893.8465408867387,1112492
2025-09-05,1834.4395751953125,1874.6089837702448,1824.0732330332448,1868.9274928619311,524534
2025-09-08,1827.0634765625,1847.8958122232737,1810.2181861315407,1843.908766993459,480056
2025-09-09,1828.9573974609375,1848.2945916900087,1812.1121065687319,1839.9217721431464,571543
2025-09-10,1849.1915283203125,1854.9727925716609,1831.1501729962258,1832.047282507637,530816
2025-09-11,1864.8408203125,1874.9080855383447,1830.4525539908238,1849.1915942277994,424545
2025-09-12,1887.4671630859375,1900.823788768332,1851.5837564809767,1864.8407303689057,853957
2025-09-15,1894.0457763671875,1901.1228789475351,1873.1137890364955,1887.3675243173807,252766
2025-09-16,1906.3060302734375,1909.2963142424937,1884.2776293697154,1893.8465137357025,581869
2025-09-17,1866.036865234375,1905.9073185129257,1858.1624263768679,1905.9073185129257,468006
2025-09-18,1879.4931640625,1880.888654277721,1859.1592083299092,1867.8311050191598,286205
2025-09-19,1859.9566650390625,1885.573382870417,1843.111374016416,1879.4931630163762,878186
2025-09-22,1880.19091796875,1885.573331732109,1846.0019561794577,1846.0019561794577,369477
2025-09-23,1888.5635986328125,1896.4380372886437,1864.9404043402837,1878.8950626303767,891529
2025-09-24,1872.3165283203125,1893.1488646938992,1860.7541210932163,1864.3424375878367,821515
2025-09-25,1875.7054443359375,1879.8917930842738,1849.7896507939486,1875.9047479239678,563897
2025-09-26,1887.865966796875,1900.7242123418366,1868.8278496504429,1883.6796178636166,1278304
2025-09-29,1897.335205078125,1903.814153768962,1865.8375711622814,1887.8659723761327,560303
2025-09-30,1883.6795654296875,1905.907269556544,1879.3934431423527,1896.9364177993011,856568
2025-10-01,1897.434814453125,1903.5150341382032,1859.4582326955424,1867.9307038710513,942398
2025-10-03,1905.408935546875,1915.7752777217781,1886.0717413951268,1906.6051221487678,595592
2025-10-06,1919.56298828125,1925.144827307885,1897.833542953498,1919.6626400777145,619624
2025-10-07,1899.8270263671875,1933.7169103632443,1894.7435681027714,1918.4664138950336,431565
2025-10-08,1872.0174560546875,1912.186986892666,1868.5287913502714,1908.797973987668,438884
2025-10-09,1876.6025390625,1888.663448699476,1847.9955370776183,1874.1106356953512,636816
2025-10-10,1856.76708984375,1895.3417053853925,1849.4906833250568,1885.6731689687442,312123
2025-10-13,1827.4622802734375,1851.1851273575446,1821.6810157834198,1849.9890624095951,394441
2025-10-14,1848.79296875,1858.9598856745872,1825.468729227454,1832.0473296889497,569296
2025-10-15,2013.7569580078125,2033.3931074836237,1888.9623668376612,1888.9623668376612,7140189
2025-10-16,2003.5899658203125,2021.9303990000692,1993.522700517692,2003.98869469541,860007
2025-10-17,1994.5194091796875,2010.9659710244975,1985.1498283997723,1990.0339832220122,355745
2025-10-20,2004.586669921875,2031.69865087961,1994.519404906764,2005.4837794464813,436734
2025-10-21,2000.5,2015.9498006975587,1996.0145739910315,2009.9692326856004,32723
2025-10-23,1979.199951171875,2016.800048828125,1975.4000244140625,2004.0,541235
2025-10-24,1993.9000244140625,1999.9000244140625,1964.800048828125,1985.0999755859375,466056
2025-10-27,1986.4000244140625,2013.9000244140625,1981.5,2002.0,334307
2025-10-28,2019.0,2024.5,1988.699951171875,1994.0,803330
2025-10-29,2029.9000244140625,2035.0,2008.0999755859375,2030.0,420554
2025-10-30,2014.0999755859375,2032.800048828125,2005.0,2029.9000244140625,213019
2025-10-31,1993.699951171875,2027.300048828125,1990.0,2010.0,457405
2025-11-03,2007.5999755859375,2017.0,1977.9000244140625,1993.5999755859375,335477
2025-11-04,2040.0,2059.0,2008.0999755859375,2010.5,669043
2025-11-06,2001.0,2030.699951171875,1995.9000244140625,2030.0,369731
2025-11-07,2020.199951171875,2027.5999755859375,1978.9000244140625,1993.0999755859375,882415
2025-11-10,2025.4000244140625,2045.0,2001.0,2020.199951171875,431101
2025-11-11,1996.0999755859375,2026.9000244140625,1985.0,2019.0999755859375,196571
2025-11-12,2028.5999755859375,2039.0,1996.699951171875,2003.9000244140625,457790
2025-11-13,2033.800048828125,2064.89990234375,2022.4000244140625,2044.4000244140625,652557
2025-11-14,2005.0999755859375,2043.9000244140625,1995.300048828125,2043.9000244140625,406284
2025-11-17,2042.9000244140625,2052.39990234375,2011.800048828125,2015.0,1067234
2025-11-18,2025.800048828125,2044.9000244140625,2018.0999755859375,2044.9000244140625,643993
2025-11-19,2041.699951171875,2049.89990234375,2015.0,2030.0,551128
2025-11-20,2037.5999755859375,2059.39990234375,2030.4000244140625,2049.89990234375,460201
2025-11-21,2004.0999755859375,2045.0,2001.199951171875,2045.0,372481
2025-11-24,1997.5,2018.0,1973.4000244140625,2010.699951171875,2667046
2025-11-25,1999.0,2020.800048828125,1985.0,1990.0999755859375,319182
2025-11-26,2010.300048828125,2026.0,1985.5,2003.699951171875,380955
2025-11-27,1980.699951171875,2028.699951171875,1974.0,2020.0,528440
2025-11-28,1970.5,1980.699951171875,1953.0999755859375,1980.699951171875,960439
2025-12-01,1991.4000244140625,1994.800048828125,1958.5,1979.9000244140625,625981
2025-12-02,1986.699951171875,1999.0,1952.199951171875,1999.0,442390
2025-12-03,1972.4000244140625,1988.699951171875,1951.800048828125,1984.0,382195
2025-12-04,1983.0,1989.5999755859375,1956.5999755859375,1976.0,263790
2025-12-05,1974.4000244140625,1991.699951171875,1969.699951171875,1985.0,425023
2025-12-08,1961.0999755859375,1983.5,1946.5999755859375,1983.4000244140625,415417
2025-12-09,1945.300048828125,1966.800048828125,1928.5,1947.0,452828
2025-12-10,1934.800048828125,1946.699951171875,1927.800048828125,1935.0,882433
2025-12-11,1939.699951171875,1948.0,1915.199951171875,1946.0,347675
2025-12-12,1937.9000244140625,1948.699951171875,1925.199951171875,1939.699951171875,387063
2025-12-15,1951.800048828125,1956.699951171875,1922.699951171875,1948.0,290054
2025-12-16,1951.199951171875,1965.0999755859375,1940.0999755859375,1959.0999755859375,454411
2025-12-17,1947.0,1960.4000244140625,1933.5,1942.0,589549
2025-12-18,1949.800048828125,1957.300048828125,1921.699951171875,1947.4000244140625,336176
2025-12-19,1954.300048828125,1958.800048828125,1925.5,1958.0,475952
2025-12-22,1950.5999755859375,1957.4000244140625,1935.5999755859375,1954.300048828125,477977
2025-12-23,1960.0999755859375,1963.4000244140625,1947.0,1950.0,219269
2025-12-24,1959.300048828125,1966.9000244140625,1952.0999755859375,1957.0,381929
2025-12-26,1950.0,1962.4000244140625,1939.5999755859375,1959.300048828125,141253
2025-12-29,1943.199951171875,1953.0,1937.5,1950.0,295613
2025-12-30,1955.0,1970.0,1930.0999755859375,1935.0,1535231
2025-12-31,1962.0999755859375,1969.800048828125,1941.4000244140625,1957.0,262641
2026-01-01,1956.9000244140625,1967.0999755859375,1938.5,1962.0999755859375,213510
2026-01-02,1973.9000244140625,1993.4000244140625,1951.5,1951.5,197253
2026-01-05,1979.9000244140625,1985.0999755859375,1963.5,1979.0,265979
2026-01-06,2010.0,2015.0,1978.199951171875,1987.4000244140625,331204
2026-01-07,1966.199951171875,2021.5,1961.0,2015.0,630961
2026-01-08,1908.199951171875,1970.699951171875,1899.300048828125,1966.0,563364
2026-01-09,1896.0999755859375,1930.9000244140625,1875.0999755859375,1910.0999755859375,588637
2026-01-12,1910.300048828125,1915.0999755859375,1878.0999755859375,1895.9000244140625,359635
2026-01-13,1885.5,1920.0,1862.0,1910.0,421190
2026-01-14,1857.699951171875,1905.0,1830.0999755859375,1881.0,1908268
2026-01-15,1857.699951171875,1857.699951171875,1857.699951171875,1857.699951171875,0
2026-01-16,1870.199951171875,1892.699951171875,1840.0,1850.5,966834
2026-01-19,1884.800048828125,1895.0999755859375,1858.4000244140625,1870.199951171875,607278
2026-01-20,1861.699951171875,1884.0,1850.0,1884.0,715164
2026-01-21,1834.5999755859375,1863.0999755859375,1807.300048828125,1856.0,1772645
2026-01-22,1824.699951171875,1858.0,1812.0,1858.0,711660
2026-01-23,1795.699951171875,1830.0,1790.0,1815.300048828125,1249414
2026-01-27,1805.9000244140625,1816.300048828125,1779.800048828125,1790.0,1610261
2026-01-28,1822.199951171875,1840.5999755859375,1804.0,1805.9000244140625,1199096
2026-01-29,1825.5999755859375,1828.0,1805.0,1821.300048828125,1142792
2026-01-30,1814.0999755859375,1853.300048828125,1808.0999755859375,1825.5999755859375,633707
2026-02-02,1826.699951171875,1844.0,1801.800048828125,1832.9000244140625,1115519
2026-02-03,1861.5,1890.0,1844.9000244140625,1862.0999755859375,1095886
2026-02-04,1854.0,1861.5,1834.800048828125,1861.5,280529
2026-02-05,1874.199951171875,1879.800048828125,1826.800048828125,1843.5999755859375,589173
2026-02-06,1861.5999755859375,1875.5999755859375,1843.0,1874.199951171875,197934
2026-02-09,1888.199951171875,1893.9000244140625,1845.0,1879.800048828125,594790
2026-02-10,1909.5999755859375,1916.0,1871.5,1888.199951171875,244596
2026-02-11,1931.699951171875,1935.9000244140625,1894.300048828125,1923.0,577577
2026-02-12,1919.800048828125,1950.0,1904.0,1935.0,361759
2026-02-13,1916.0999755859375,1927.9000244140625,1885.699951171875,1885.699951171875,581964
2026-02-16,1922.0,1935.0,1902.4000244140625,1902.4000244140625,363587
2026-02-17,1928.199951171875,1937.800048828125,1916.0,1916.0,394676
2026-02-18,1959.699951171875,1983.0999755859375,1933.699951171875,1947.0,1010847
2026-02-19,1936.0,1961.699951171875,1928.699951171875,1960.800048828125,371873
2026-02-20,1936.0999755859375,1946.300048828125,1925.199951171875,1936.4000244140625,426042
