Price,Close,High,Low,Open,Volume
Ticker,IRB.NS,IRB.NS,IRB.NS,IRB.NS,IRB.NS
Date,,,,,
2021-02-22,10.343218803405762,10.7387807290983,10.274850328494873,10.514140922133599,4572110
2021-02-23,10.401817321777344,10.62645800046977,10.35786590489079,10.592273772102532,4198160
2021-02-24,10.343218803405762,10.567858610370465,10.25531594626284,10.460422302446121,4250520
2021-02-25,10.445769309997559,10.577623567869017,10.377400849523653,10.455536499051092,6571290
2021-02-26,10.553205490112305,10.685058803582248,10.255312773392514,10.401816869003707,6959770
2021-03-01,10.460420608520508,10.675294121023907,10.406701997532045,10.675294121023907,6772030
2021-03-02,11.012252807617188,11.134339871699197,10.509254699727547,10.54343892863845,39310070
2021-03-03,11.061087608337402,11.329679703059501,10.987835557576961,11.134339659097844,30264020
2021-03-04,11.095272064208984,11.378514016023507,10.797380260812057,10.88528309610801,10715040
2021-03-05,11.070857048034668,11.5543217991044,10.890167750062886,11.1245756641926,30250980
2021-03-08,12.115920066833496,12.872860428518777,11.109922912285409,11.163641518936407,199619110
2021-03-09,11.818028450012207,12.53590006815391,11.525019303124639,12.321026569576308,52742260
2021-03-10,11.930347442626953,12.179405152425282,11.725241148172467,11.98894870878519,19649960
2021-03-12,11.891282081604004,12.277076779890304,11.671524959418404,12.071970443000586,17892260
2021-03-15,11.412698745727539,11.940114806148625,11.246660270090315,11.940114806148625,16636680
2021-03-16,11.280843734741211,11.52501783752154,11.24177591555437,11.466415643016136,8717340
2021-03-17,11.11480712890625,12.062203066919599,10.98783646245494,11.329680636089268,61563040
2021-03-18,10.86086654663086,11.398049885989549,10.47507185741768,11.217360597391892,24482350
2021-03-19,10.782730102539062,10.963419377944506,10.357866684475171,10.880400132182615,30708100
2021-03-22,10.978068351745605,11.20759262360284,10.758312199811455,10.890165518391802,17744450
2021-03-23,10.763195991516113,11.095272022627993,10.704593791054972,11.095272022627993,15958570
2021-03-24,10.445769309997559,10.924351327666141,10.357866471416585,10.738778461450663,12574890
2021-03-25,10.167411804199219,10.66552731075867,10.06974269973396,10.66552731075867,14703300
2021-03-26,10.035555839538574,10.436002173973273,10.011138800410391,10.352982936906978,11981380
2021-03-30,10.099041938781738,10.269964012229083,10.01113910492594,10.128342572916882,11500140
2021-03-31,10.606924057006836,10.9487682175534,10.484836989875976,10.636225623762531,75897250
2021-04-01,11.11480712890625,11.23201060606505,10.65575947811312,10.74366231884483,31476550
2021-04-05,10.63622760772705,11.129459562711812,10.479955350231911,11.11480877660117,19788010
2021-04-06,10.64599323272705,10.821798929777943,10.558091315652126,10.743663271410995,10404460
2021-04-07,10.68505859375,10.763195165518564,10.6166901413341,10.733893601811488,6150630
2021-04-08,10.65087604522705,10.89016659782513,10.548323350449497,10.714361845142115,6961090
2021-04-09,10.763195991516113,10.831564449178797,10.641108927718246,10.650875184919789,8272670
2021-04-12,10.172294616699219,10.553206609730763,9.825567785624052,10.411585161691326,11658390
2021-04-13,10.401817321777344,10.504370938329425,10.103925523541147,10.318798082263894,5463640
2021-04-15,10.655760765075684,10.719246571694134,10.265082460695032,10.265082460695032,8652490
2021-04-16,10.59715747833252,10.782729404908451,10.548322466670314,10.68505938158404,4707200
2021-04-19,9.952537536621094,10.333449530345515,9.835334061194446,10.059974754350005,9046110
2021-04-20,10.152762413024902,10.206480096918584,10.011140947644888,10.011140947644888,4415780
2021-04-22,10.279731750488281,10.333450363684866,10.06974275557086,10.20647968887053,5158610
2021-04-23,10.182062149047852,10.49460476015229,10.157644175398785,10.265081396553775,9229060
2021-04-26,10.255313873291016,10.377400943211148,10.20647885903288,10.20647885903288,5698380
2021-04-27,10.255313873291016,10.396935321494572,10.186945412199877,10.255313873291016,7358580
2021-04-28,10.367633819580078,10.431119617951936,10.186945476568795,10.299265358056935,5949300
2021-04-29,10.45553970336914,10.519025520223245,10.304151952445098,10.499491136129459,4269040
2021-04-30,10.216245651245117,10.392051323163702,10.167410638884355,10.352983499565171,9552060
2021-05-03,10.265080451965332,10.338332503271005,10.01602273236575,10.069741338000082,3801160
2021-05-04,10.216245651245117,10.333449122040712,10.142993598429168,10.255313474843648,8937440
2021-05-05,10.069743156433105,10.34321796536959,9.99160656528643,10.2553151153488,6461780
2021-05-06,10.079509735107422,10.196713228370232,10.040441904019819,10.13811194746411,5653420
2021-05-07,10.436004638671875,10.929235651991267,10.387169617431677,10.645993646538782,26137330
2021-05-10,10.426237106323242,10.562974043572389,10.362751301357115,10.44577055530861,7520130
2021-05-11,10.558089256286621,10.719244136666351,10.304147950400278,10.392050781780192,9090180
2021-05-12,10.46530532836914,10.665528078096129,10.401819521021231,10.597159606906589,6010250
2021-05-14,10.377401351928711,10.636226285675452,10.294382103855263,10.636226285675452,7249930
2021-05-17,10.357866287231445,10.445769124249315,10.274847976103898,10.445769124249315,3701390
2021-05-18,10.470186233520508,10.621573922879598,10.37251621567252,10.44576826333335,9483100
2021-05-19,10.758313179016113,11.065972192306704,10.445769639594216,10.450653234275077,26389660
2021-05-20,10.631340980529785,10.919466505051286,10.577622378227376,10.841330864311589,8405020
2021-05-21,10.655760765075684,10.841333658244407,10.63134372034585,10.685061405041596,6738180
2021-05-24,10.714360237121582,11.085504997118035,10.64599085274703,10.675292416671972,22789620
2021-05-25,10.665528297424316,10.939003119256828,10.616693274948723,10.84133400575622,11976200
2021-05-26,10.606924057006836,10.7827297317394,10.548322786396248,10.7827297317394,9157010
2021-05-27,10.509255409240723,10.724127985887517,10.401818189466884,10.719245322670925,17161470
2021-05-28,10.377401351928711,10.631342690912254,10.338333525273585,10.50925561618368,14296590
2021-05-31,11.046439170837402,11.134341084129867,10.401818619872627,10.436003783956368,81672230
2021-06-01,11.334564208984375,11.622689796084973,10.704595352263931,11.37851563287772,291867780
2021-06-02,12.784958839416504,13.03401658801623,11.476185226280903,11.564088070663216,250880380
2021-06-03,12.565202713012695,13.156104695743918,12.360096370532926,12.741008415552654,137689390
2021-06-04,12.238007545471191,12.667754550304656,12.154988301227254,12.57985171152279,38617590
2021-06-07,12.594502449035645,12.9900642906557,12.257541878755383,12.257541878755383,62484720
2021-06-08,12.20382308959961,12.643336343935232,12.135454630233074,12.62868649204263,28981220
2021-06-09,12.667756080627441,13.273307904727641,12.179407745244971,12.203824789433881,149773350
2021-06-10,13.756771087646484,14.083964472570823,12.80449156887329,12.824025947173453,247485370
2021-06-11,14.000946044921875,14.376974466094726,13.869091778050802,13.956994622631518,115004440
2021-06-14,13.830024719238281,14.1328010972378,12.994949512212278,14.113266716711786,67324750
2021-06-15,15.002058982849121,15.13879683799836,13.771422012307713,13.913042530631538,190631570
2021-06-16,14.87508773803711,15.690630311117571,14.650447982731418,14.83601991400784,156575700
2021-06-17,13.996062278747559,14.626032036231432,13.825140186538334,14.557662640477462,88392330
2021-06-18,14.025362968444824,14.43557561869778,13.234239236850176,14.118149407096212,63752460
2021-06-21,14.733467102050781,14.943457003746447,13.517480041423967,13.673751336234586,63359250
2021-06-22,15.1143798828125,15.636912401824002,14.806719939828804,14.904389969987218,81548580
2021-06-23,15.939687728881836,16.261997522557724,15.163213880994352,15.299951736155506,142925560
2021-06-24,16.305946350097656,16.696624543511234,15.871316743493765,16.12037350963849,104871750
2021-06-25,15.851783752441406,16.467103590841955,15.646678381575049,16.3987351338865,33263100
2021-06-28,15.39273738861084,15.915269878113586,15.255999540401087,15.798065475962147,24298760
2021-06-29,15.270649909973145,15.910386784301986,15.094844242957542,15.431804794253994,41186710
2021-06-30,15.763880729675293,15.920152018817248,15.075310711187434,15.28041701104884,35812390
2021-07-01,15.192514419555664,15.920152271896095,15.065543762246813,15.744348465992218,27682470
2021-07-02,15.334136009216309,15.54412592143525,14.95810760507776,15.226699721512624,25862350
2021-07-05,15.431806564331055,15.66621445772264,15.187632412779774,15.402505926951031,22488520
2021-07-06,15.37320327758789,15.802950275724884,15.295067629099421,15.456222520538192,20386630
2021-07-07,15.968988418579102,16.081308294437118,15.246232288411415,15.265766665839095,49978420
2021-07-08,16.120378494262695,16.603844188849827,15.729700180046459,15.729700180046459,50162060
2021-07-09,17.390085220336914,17.570773590082105,16.1252629063183,16.174096996659877,124328320
2021-07-12,17.13125991821289,17.795412066964076,17.004288312096506,17.463335061137986,70593390
2021-07-13,17.390085220336914,17.619609543324817,16.95545548243303,17.282647986104084,29285940
2021-07-14,17.663558959960938,17.854016381671524,17.189862326304368,17.429151975049198,37709930
2021-07-15,17.854013442993164,18.02981725556473,17.385197687433216,17.77587779421664,28900600
2021-07-16,18.088420867919922,18.532817731388487,17.888198146201137,18.06888648948373,43951070
2021-07-19,17.414505004882812,18.18609642138201,17.346136522489502,17.97122191911569,25141960
2021-07-20,16.999404907226562,17.746577206299957,16.80894750635799,17.34613175136773,34976360
2021-07-22,17.463335037231445,17.619608212907142,17.155676938088057,17.170326791504127,18021250
2021-07-23,16.818716049194336,17.551238554413793,16.603843451641012,17.214278872657225,12328870
2021-07-26,15.934805870056152,16.862666540916354,15.627145913276257,16.799182601932362,19359160
2021-07-27,16.19851303100586,16.642911794727905,15.754116130184833,16.10572751998644,32925960
2021-07-28,15.885969161987305,16.384084637711183,15.724815196168302,16.16432753622993,18062330
2021-07-29,15.602727890014648,16.115493210495707,15.094845232648277,15.959221910213875,38351950
2021-07-30,16.052003860473633,16.261993723052882,15.627141473280929,15.627141473280929,26461270
2021-08-02,15.98852252960205,16.310832300185318,15.876200792714801,16.252229168878735,13587570
2021-08-03,16.613611221313477,16.833368353123404,15.58807949195143,16.06666158662076,49674800
2021-08-04,16.55988883972168,17.038469894143308,16.325481906713172,16.730809979550582,30723350
2021-08-05,16.41826820373535,16.667326862960014,16.02758996298184,16.642909822206818,23883280
2021-08-06,16.31571388244629,16.501286726825466,16.017821171519365,16.305946694542058,15743270
2021-08-09,16.40361976623535,16.589192645181747,16.125261379266238,16.40361976623535,14893800
2021-08-10,15.163215637207031,16.437805107108392,14.748120291922403,16.408503535961998,19174490
2021-08-11,14.91415786743164,15.597845316651354,14.459993789096618,15.431806816368647,36123180
2021-08-12,16.06177520751953,16.19362947139928,14.894623074499915,15.05089438067571,42706110
2021-08-13,15.695514678955078,16.008057305137726,15.48064208917976,16.008057305137726,14940510
2021-08-16,16.213163375854492,16.462220180626,15.382970921781357,15.627145063396934,22717210
2021-08-17,16.086191177368164,16.457336901967516,15.680863086153979,16.203395580636588,18685250
2021-08-18,15.724815368652344,16.261997744475817,15.553893280231035,16.11549362951495,13034850
2021-08-20,15.324370384216309,15.759001036936914,15.187633446172079,15.470875443985811,13068830
2021-08-23,15.03136157989502,15.759000462741282,14.870206672035787,15.583194770003756,11749730
2021-08-24,15.920153617858887,16.11061101709986,15.143680688376103,15.143680688376103,41523540
2021-08-25,15.739466667175293,16.403620703104306,15.646681153853265,16.017825070042445,18340230
2021-08-26,15.890854835510254,16.04224162298343,15.72481633161312,15.822486368535142,11189900
2021-08-27,16.222930908203125,16.681977633505532,15.76388231999982,15.890853919550015,27589440
2021-08-30,16.242462158203125,16.501288000389835,16.139909471644625,16.403617976709985,12707270
2021-08-31,16.139907836914062,16.40849897765382,15.84201513316793,16.21316081297971,18001540
2021-09-01,15.84689998626709,16.174092396887442,15.773647008686106,16.139908170789813,11655640
2021-09-02,16.413387298583984,16.774764011395863,15.778534856505576,15.846903323096958,25263400
2021-09-03,17.194744110107422,17.27776429422989,16.70151312055991,16.79918315833298,86171870
2021-09-06,17.629371643066406,17.75634323534733,17.09218929606469,17.331480765885946,47490340
2021-09-07,17.248464584350586,17.756347345227116,17.11172763446122,17.678211679161592,30202270
2021-09-08,17.009172439575195,17.385198996890306,16.872433646741474,17.287530825738873,14783750
2021-09-09,16.838247299194336,16.984751400419956,16.799180408221172,16.848014487662805,11081700
2021-09-13,16.569656372070312,16.838247538619875,16.481753537504893,16.838247538619875,11386410
2021-09-14,17.258230209350586,17.48286999604109,16.628260410982783,16.66244464535303,41231160
2021-09-15,17.546354293823242,17.736809829782715,17.336364379072823,17.48286849420312,31398160
2021-09-16,17.639141082763672,17.99563513859524,17.434035679230867,17.526821190890796,45019940
2021-09-17,16.73081398010254,18.020055214274496,16.266884528806703,17.590308136217175,48042580
2021-09-20,16.989639282226562,17.521939050053675,16.740580584333472,16.769882155527096,25511760
2021-09-21,16.769882202148438,17.28264759060532,16.125262537305314,17.28264759060532,25022180
2021-09-22,16.745464324951172,17.23381264451533,16.633144434999537,16.89685111175942,17200190
2021-09-23,16.716163635253906,17.155677891162863,16.657562355433075,16.896852001393768,17617520
2021-09-24,16.989639282226562,17.20451188227655,16.774764819275493,16.804066390469117,26590750
2021-09-27,17.048240661621094,17.21427917355583,16.98963938179151,17.189862128868597,10736180
2021-09-28,17.165443420410156,17.41450023272173,17.092190430547443,17.184975936526083,21511560
2021-09-29,18.513280868530273,18.733037939194563,16.999402137999578,17.20450749535251,106431540
2021-09-30,19.885541915893555,21.106412576488182,18.7330397142281,18.84535959145471,298748590
2021-10-01,20.525279998779297,20.901308441648837,19.75369059537379,19.92461176808673,116253300
2021-10-04,19.84159278869629,20.784105196538906,19.573001584931518,20.59853231308828,78776280
2021-10-05,19.79764175415039,20.364125742687698,19.641370437512585,19.92461150033072,31170820
2021-10-06,19.96367835998535,20.53992948380412,19.724386881287376,19.944143981540442,55679220
2021-10-07,20.251808166503906,20.60830226478778,20.051585402730737,20.1541381167094,31147730
2021-10-08,20.4910945892334,20.94037600201776,20.09553365137974,20.388541891486224,44391780
2021-10-11,20.627836227416992,21.233387170593783,20.510631797469205,20.539933370681453,45883410
2021-10-12,20.442262649536133,20.91596115490788,20.334825414197926,20.696204020307526,36130620
2021-10-13,20.666900634765625,20.82805647363327,20.266455163695763,20.578997788638,28302250
2021-10-14,20.696203231811523,20.95014459290811,20.559464429435774,20.784106082302692,22935720
2021-10-18,20.69131851196289,21.878005119611633,20.42761182585289,20.90130844585307,68661240
2021-10-19,19.94902992248535,20.99409698619044,19.631604603653965,20.935493841226748,32206290
2021-10-20,20.725502014160156,20.98921055385287,19.690204098171456,20.066232527829367,54399330
2021-10-21,23.89976692199707,24.866696404894185,21.51662838073393,21.541045424983142,410194170
2021-10-22,28.675811767578125,28.675811767578125,24.710422369202096,24.905762427519456,427517160
2021-10-25,27.17658233642578,33.779049396334656,26.551495275640278,31.254289700646694,372069380
2021-10-26,28.55372428894043,29.574372260121034,25.92152737981699,27.738181699452173,173800210
2021-10-27,25.70176887512207,30.08225140335211,25.70176887512207,29.593903154187945,133738980
2021-10-28,23.264909744262695,24.583450358536417,23.133055496545257,23.94859802215298,178323450
2021-10-29,22.122175216674805,23.929064103167605,21.614292592695072,23.26491018917884,65651870
2021-11-01,23.225845336914062,23.225845336914062,22.703312815784052,22.791213794092034,14250790
2021-11-02,23.543272018432617,24.383231723474225,23.19654515894256,24.383231723474225,62013560
2021-11-03,22.454254150390625,23.636057980885337,22.366351309159576,23.626290791537343,24876960
2021-11-04,22.869352340698242,22.942603469743393,22.620293658402208,22.849817961125815,5107650
2021-11-08,22.483556747436523,23.035388999097098,22.073344090551114,22.893769404321933,13554070
2021-11-09,22.551925659179688,22.908419710694535,22.249150221149453,22.659362886148905,12465150
2021-11-10,22.102642059326172,22.522621872987788,21.711963812745886,22.434719034644623,16145490
2021-11-11,22.127059936523438,22.8546977877188,21.809632828025656,22.03915710225946,16604680
2021-11-12,22.2393798828125,22.512853712163427,21.78033133285788,22.327282717361225,19029410
2021-11-15,21.91707420349121,22.43472225594912,21.878005441773055,22.293102651973538,6444410
2021-11-16,21.379886627197266,22.11240903092016,21.252916896894988,21.956137733824672,13526400
2021-11-17,20.657133102416992,21.658246763495058,20.44226051705664,21.42872432498996,22098080
2021-11-18,21.62406349182129,21.68754929643795,20.80363814704044,20.80363814704044,31246470
2021-11-22,20.598529815673828,22.12706039552665,20.544811208853645,22.058690074091377,21392480
2021-11-23,21.60452651977539,21.62405903317532,20.35923704267248,20.40807298342395,23070740
2021-11-24,21.306636810302734,22.034274732701615,21.121063935041555,21.682665224139445,11720910
2021-11-25,21.26268196105957,21.658242827285267,21.096643491625134,21.291981662024067,9801490
2021-11-26,20.627836227416992,21.228504506509015,20.510631797469205,20.955028745231655,14313550
2021-11-29,19.602298736572266,20.495976941013375,19.597416073678936,20.329938459128726,20316000
2021-11-30,20.04181671142578,20.578999150738106,19.54858383518525,19.58276807061961,17485360
2021-12-01,21.042924880981445,21.042924880981445,20.21761705956425,20.500858058545646,15609840
2021-12-02,22.092878341674805,22.092878341674805,21.26756850635503,21.47267576505556,24746720
2021-12-03,22.293100357055664,23.137942681778725,22.171013283606072,23.137942681778725,27123100
2021-12-06,21.692426681518555,22.7619104579894,21.58499134165754,22.649590592784353,14443920
2021-12-07,21.697317123413086,22.117296998294,21.565462846678304,21.88777267995185,7973740
2021-12-08,21.589874267578125,21.961019956429077,21.487321588909023,21.78032977450663,6035330
2021-12-09,21.453140258789062,21.68266454832926,21.1845490752489,21.575227329752853,9010800
2021-12-10,21.76079750061035,22.219844159862177,21.277331939873335,21.375001957112197,13070900
2021-12-13,21.892654418945312,22.512855098942012,21.73149859137863,21.985439922061946,12117400
2021-12-14,21.414072036743164,22.07822601743875,21.213849309877663,21.682665089892783,8278250
2021-12-15,20.969676971435547,21.736383713369122,20.85247441349342,21.458025309630237,9640470
2021-12-16,20.198083877563477,21.213847266818313,20.027160872665767,21.16501318707653,14959020
2021-12-17,19.91972541809082,20.39830647602287,19.32393996134446,20.246917848992037,13308600
2021-12-20,20.349470138549805,20.911071356175963,19.63159949703979,20.217617753932153,28482750
2021-12-21,20.37388801574707,21.086875958695117,20.139481097362804,20.90130311638652,13075760
2021-12-22,20.403194427490234,20.79387461620504,20.295759052204744,20.608301712855628,11781900
2021-12-23,20.466678619384766,20.735269830714014,20.37877577016413,20.510630043995082,8519370
2021-12-24,20.178552627563477,20.578998104785228,20.071115400001197,20.51551230096197,7465410
2021-12-27,19.753684997558594,20.061344884158046,19.60229638541271,20.022276134094387,7471240
2021-12-28,20.740150451660156,20.740150451660156,19.778103817966638,19.778103817966638,7550010
2021-12-29,21.775449752807617,21.775449752807617,21.775449752807617,21.775449752807617,4229680
2021-12-30,22.112409591674805,22.859583729192497,21.30175151884647,22.36635092161994,36938370
2021-12-31,22.210079193115234,22.464020518173115,21.887769408022695,22.039158043028593,11094200
2022-01-03,21.658245086669922,22.454253290489213,21.565459585768604,22.371234978561848,9925050
2022-01-04,21.584991455078125,22.122173745907656,21.311515784293665,21.780329623152227,8450060
2022-01-05,21.819400787353516,22.268680300216985,21.570342127174186,21.58987650501194,15386330
2022-01-06,22.522624969482422,22.85470199045606,21.409191347924384,21.580112522145633,43062450
2022-01-07,23.01585578918457,23.294214169804867,22.537274681049656,22.942602799378843,29232160
2022-01-10,24.153705596923828,24.163472786118522,23.08910619241332,23.14770932758148,42284450
2022-01-11,23.88511085510254,25.0034287020929,23.44071405891824,24.41252781562048,31158700
2022-01-12,23.489551544189453,24.290444288954102,23.24537740396752,24.026735770418213,9523230
2022-01-13,24.573686599731445,24.66158944381077,23.323514266192934,23.489552764687105,37057920
2022-01-14,24.334394454956055,24.73483987525625,24.051151572699418,24.661586891803463,15522660
2022-01-17,23.806976318359375,24.490664588559707,23.660472221288067,24.20253905706251,9024440
2022-01-18,23.699542999267578,24.607871158189685,23.343048954844562,23.821630077339883,24705350
2022-01-19,23.645824432373047,24.06580427981445,23.440719035009185,23.714194761061975,8598770
2022-01-20,23.313751220703125,23.914419472087182,22.95237261936011,23.60187682384518,7869860
2022-01-21,22.717960357666016,23.440715529614376,22.464019049213775,23.142822805028082,7694160
2022-01-24,21.584991455078125,22.815629179257304,21.584991455078125,22.46401786866308,9261990
2022-01-25,22.63494110107422,22.664242667312326,20.55946099651118,20.81340231520581,19741280
2022-01-27,23.499319076538086,23.758144935725888,22.18077832750309,22.561691258584858,17621660
2022-01-28,23.670242309570312,24.104871991389878,23.313748279955377,23.899764740039664,12204620
2022-01-31,24.82762908935547,24.85204613319426,24.075572216554015,24.417416419000222,51362190
2022-02-01,25.999666213989258,26.06803468292741,24.837396653337432,25.0473865867338,58619220
2022-02-02,27.27913475036621,27.298669128326928,26.082681112334203,26.253602262238424,53313720
2022-02-03,28.597679138183594,28.64163056280344,26.86892558700454,27.249836691775805,58304450
2022-02-04,29.120208740234375,29.388799924257288,27.45494116381126,28.71487876971366,72047150
2022-02-07,28.95417022705078,29.589022624144096,27.92375504897814,29.06160558283832,46009630
2022-02-08,28.10932731628418,29.18369202854183,27.557493245165812,28.65627686143909,38234850
2022-02-09,29.2764835357666,29.496240662699346,26.86892605571685,27.99212687204954,65570240
2022-02-10,28.534189224243164,29.40344853833014,28.187462403781595,29.296013186986187,21964670
2022-02-11,28.060495376586914,29.056726444642344,27.835855585623758,28.319321265471597,29290540
2022-02-14,26.658933639526367,27.542844728794414,26.658933639526367,27.542844728794414,15945010
2022-02-15,26.600332260131836,27.054496324117522,25.33062557370377,26.0094294065918,37560310
2022-02-16,26.43917465209961,27.225415653336317,26.097330495531374,26.707765824081513,14408000
2022-02-17,25.608983993530273,26.644283723225684,25.41852845599129,26.644283723225684,9130780
2022-02-18,25.013200759887695,25.95082861060774,24.720190659361975,25.394111841380095,19881650
2022-02-21,24.314863204956055,25.29155984114243,24.07068904590946,24.876462653022624,20064640
2022-02-22,23.108640670776367,24.41741422211373,23.103758007608324,23.299096203644716,25923490
2022-02-23,23.05004119873047,23.73861225906341,21.956140136457062,22.85470112453489,38296040
2022-02-24,21.897541046142578,22.166132277808426,21.897541046142578,21.897541046142578,7519650
2022-02-25,21.443374633789062,22.600759629341052,21.140599197324615,21.682666130010013,35463440
2022-02-28,21.08199691772461,21.340822804379574,20.373893315914827,20.901308553758746,43878880
2022-03-02,22.127059936523438,22.131942599359995,20.613179239788835,21.262683308194813,39865730
2022-03-03,22.39565086364746,23.23072591736131,22.234495048246163,22.26867927644025,29327140
2022-03-04,21.648479461669922,22.371234669655028,21.27733373738789,22.180777281644076,25916620
2022-03-07,20.569229125976562,20.940374863696945,20.569229125976562,20.569229125976562,16698880
2022-03-08,20.618064880371094,20.998975940844186,19.543698296864015,20.22738476789518,37359630
2022-03-09,21.61429786682129,21.64848396632198,20.242040150152178,20.559465470419234,30765660
2022-03-10,22.58122444152832,22.693544318175427,21.87800175239754,22.122175883256666,29855850
2022-03-11,22.19054412841797,22.854698056031488,21.819400272757875,22.825398352866678,20805090
2022-03-14,21.477558135986328,22.166129168494926,21.31151963849981,22.146594789284528,20161380
2022-03-15,21.584991455078125,22.161242497262833,21.311515784293665,21.487321439590772,14147410
2022-03-16,21.99032211303711,22.180777641234904,21.594761204595788,21.946370693999093,11245230
2022-03-17,22.361469268798828,22.727730496496513,21.824285017101662,22.268681898858816,28650680
2022-03-21,21.912185668945312,22.75702792611183,21.64359450141388,22.4151856381086,17611580
2022-03-22,22.102642059326172,22.258915220859112,21.41407106757191,21.92683824554066,13290740
2022-03-23,22.293100357055664,22.854699777183242,21.68266498980771,22.561691546064583,13989640
2022-03-24,22.2637996673584,22.92795367119719,21.98544127794081,22.268682330812666,11937870
2022-03-25,23.035390853881836,23.294216747037456,22.317520043705915,22.317520043705915,21202020
2022-03-28,23.39676856994629,23.875349712951557,23.04027451024546,23.44071999445193,24383350
2022-03-29,24.529733657836914,24.563917888094057,23.518852876459526,23.567686958855205,25241710
2022-03-30,23.933948516845703,25.091335288200785,23.733725795443068,24.754373780861595,15621010
2022-03-31,24.53950309753418,24.905764337795883,23.938834887053105,24.192776237182674,15299500
2022-04-01,25.579687118530273,25.765258150414986,24.519970229330816,24.78856144950174,15760470
2022-04-04,25.88245964050293,26.131516451329485,25.452712619199307,25.67735425075176,12750900
2022-04-05,25.906875610351562,26.370806844077535,25.589450349413347,26.370806844077535,11863240
2022-04-06,25.26713752746582,25.882455460240553,25.052263120067813,25.589447275662224,10280540
2022-04-07,24.55903434753418,25.83362359926987,24.25625708621637,25.276905020185875,16617700
2022-04-08,25.17923927307129,25.87269297188594,24.930180594330125,25.07180204985738,19604390
2022-04-11,24.925296783447266,25.735954857801584,24.808092375982405,25.17923811387042,11896900
2022-04-12,24.002321243286133,24.998550423944746,23.704428462946144,24.998550423944746,10523090
2022-04-13,24.06092071533203,24.62252013677459,23.777677810073335,24.192774978514432,8104190
2022-04-18,24.007204055786133,24.407649541148835,23.61652576066411,23.733728317750188,7208140
2022-04-19,24.07068634033203,24.651820102898352,23.63605668414621,24.202540594944715,9940170
2022-04-20,23.289329528808594,24.35881348761585,23.006088486284465,24.163473424364042,11049310
2022-04-21,23.9730167388916,24.163472266843087,23.499318319083482,23.87046404890247,11242090
2022-04-22,23.71907615661621,24.31974432623153,23.601873610930767,23.743493198392272,11728400
2022-04-25,22.79121208190918,23.577453067599688,22.512853726626307,23.538386176053347,13033990
2022-04-26,23.284448623657227,23.704428487329146,22.962138798985922,23.098875735846157,7650460
2022-04-27,23.06468963623047,23.294213929883547,22.586108533024756,23.01097102597967,9450310
2022-04-28,23.660476684570312,23.919300700317212,22.95725390533191,23.421185185990353,10158320
2022-04-29,23.05980682373047,23.87046490969346,22.90353552014008,23.8118617736714,6074530
2022-05-02,22.644710540771484,23.137943375520877,22.52750798997031,22.757030428164672,6447380
2022-05-04,21.868234634399414,23.030504022663173,21.71196333917581,23.030504022663173,8458640
2022-05-05,21.84381675720215,22.268679208387905,21.62894420022445,21.878000985291767,4442580
2022-05-06,21.516626358032227,21.672897662017952,21.008743688628172,21.194316560699054,7287440
2022-05-09,20.886655807495117,21.379886742314582,20.53016179264524,21.379886742314582,15240940
2022-05-10,20.10529899597168,21.27733568323539,19.797640902458248,20.881772882131173,15065500
2022-05-11,19.25069236755371,20.549700854981143,18.557238557746313,20.022283707042074,14458920
2022-05-12,18.50351333618164,19.04558014609616,18.117717804074836,19.04558014609616,16191810
2022-05-13,18.908845901489258,20.071113460685137,18.630487532338066,18.889311523292477,21080300
2022-05-16,20.79875373840332,20.79875373840332,19.240923364487873,19.240923364487873,21552790
2022-05-17,21.24315071105957,21.487324857163703,20.754802418851305,21.06734502780045,17023380
2022-05-18,20.759687423706055,21.707084409709225,20.43249492521295,21.467792899859663,14172320
2022-05-19,20.813404083251953,21.174782645950405,19.397195126987203,20.21273589610126,21791280
2022-05-20,22.87911605834961,22.893767773448868,21.21873303239889,21.47755702337543,37078520
2022-05-23,23.29909896850586,24.441834164223096,22.879119095983125,22.94260490210661,34173940
2022-05-24,23.069576263427734,23.63606025992675,22.56169354576625,23.538390219930147,18414340
2022-05-25,22.57634162902832,23.44071834141615,21.34082102924447,23.44071834141615,23009280
2022-05-26,22.2784481048584,22.654476505574024,21.71196417221297,22.46402097364422,12177400
2022-05-27,22.37123680114746,22.708196465147232,22.273566766351582,22.444487930068647,10294490
2022-05-30,21.892654418945312,22.766796429625327,21.73149859137863,22.70819515728329,9587790
2022-05-31,21.57033920288086,22.151474755914144,21.418952452413812,21.95125206747341,10620780
2022-06-01,21.882888793945312,22.288216929060493,21.565461642175997,21.565461642175997,11029290
2022-06-02,21.790102005004883,22.02450898030876,21.4970937516003,21.887772043773424,13575450
2022-06-03,22.2540283203125,22.85469640963021,21.88288449138878,21.975669982894555,16570840
2022-06-06,22.2198486328125,22.37611994669251,21.80475330461267,22.07334450891262,4514350
2022-06-07,21.92683982849121,22.532390688681602,21.8291697940699,22.356584999303436,6655830
2022-06-08,21.87800407409668,22.366352387638575,21.545927071856113,21.8926557902756,8643050
2022-06-09,21.692426681518555,21.92683546261671,21.497088514470878,21.58499134165754,4982030
2022-06-10,21.70708465576172,21.863355979634424,21.487327524409128,21.58499756755485,5310490
2022-06-13,20.637598037719727,21.19431665644743,20.271336818054625,21.19431665644743,7584530
2022-06-14,21.008745193481445,21.233384976189228,20.564348291646038,20.608299715471563,9626170
2022-06-15,20.852474212646484,21.189433892110905,20.754804173368072,21.086881189174044,2938190
2022-06-16,19.309289932250977,21.19431444409095,19.143251455485263,21.00874159055263,10450360
2022-06-17,19.15302085876465,19.866008927309657,19.045583636991786,19.14325366924885,6838910
2022-06-20,17.648908615112305,19.387429366855425,17.47310291558871,19.29952651709363,9674140
2022-06-21,18.78675651550293,19.04558047454158,17.775875854732387,18.005398250089062,15012140
2022-06-22,18.171438217163086,18.850241997124236,17.79052717238506,18.850241997124236,12558200
2022-06-23,19.465564727783203,20.50086266555386,18.591420770170217,18.65002204814564,102201290
2022-06-24,20.427610397338867,20.608298747736267,19.553466488358062,19.719504985801894,26741420
2022-06-27,20.657133102416992,20.803637222567275,20.364124862116423,20.705969051067726,8449560
2022-06-28,20.666900634765625,20.989210449599927,19.846475312841765,20.42272647616688,11566770
2022-06-29,20.26156997680664,20.696199626919093,20.119948535360788,20.315286720171603,9338700
2022-06-30,19.753684997558594,20.598527157229633,19.60229638541271,20.315284307969698,8571350
2022-07-01,19.856245040893555,20.110186421844876,19.338595087850337,19.826943467471825,6364280
2022-07-04,19.11883544921875,20.124831689666205,18.996748382143025,19.919726311171374,13969700
2022-07-05,19.07000160217285,19.866009888672394,18.952799048113402,19.19208868267703,12503050
2022-07-06,19.348356246948242,19.416724700716507,18.91861114814753,19.201852151316153,4982260
2022-07-07,19.79764175415039,20.041815919259594,19.39719627240338,19.60718620342938,17845270
2022-07-08,20.486215591430664,20.59853549899897,20.12483695859678,20.217624346123728,17069490
2022-07-11,20.671783447265625,20.818287557698024,20.14436641422798,20.39342321567298,9680680
2022-07-12,20.769451141357422,21.077111070320125,20.437374171693094,20.696200019252547,9878100
2022-07-13,20.339702606201172,20.959903160450718,20.217615560216533,20.896419237827054,5608200
2022-07-14,20.359235763549805,20.559458450799664,20.04669321397935,20.315284351085175,4280520
2022-07-15,20.422727584838867,20.59853328663794,20.100417752507592,20.412960394416576,3268030
2022-07-18,20.4764461517334,20.642484662713034,20.315290304502685,20.622950281915177,4790570
2022-07-19,20.59364891052246,20.906193417617335,20.398310689351906,20.412960543641894,8204780
2022-07-20,20.720617294311523,20.901305633028155,20.608297415493034,20.86223874004385,8081630
2022-07-21,20.461795806884766,20.774338440550995,20.422727046225965,20.745036870056893,5961720
2022-07-22,20.881771087646484,21.287101043650793,20.608297250246757,20.608297250246757,18098890
2022-07-25,20.608299255371094,20.920841878752107,20.52039640968256,20.88177311937899,6103460
2022-07-26,20.349470138549805,20.65224738673295,20.217617753932153,20.510625950927995,3332360
2022-07-27,20.671783447265625,20.852471788035558,20.2176194008946,20.412957593837522,6798880
2022-07-28,20.84758949279785,20.974561101552883,20.715735220429643,20.901308107047978,5032340
2022-07-29,20.862241744995117,21.389656985106217,20.75968717747536,20.998978684486683,10614460
2022-08-01,21.306636810302734,21.682665224139445,20.94525824931001,21.091762366452656,12658260
2022-08-02,22.94748878479004,23.24537970045369,21.404308140647668,21.477559272210453,51522420
2022-08-03,23.680011749267578,23.938835772497523,22.11241216716069,22.947489241649787,30219800
2022-08-04,23.83628273010254,24.417416573917397,23.050041618358232,23.987669520604157,38476980
2022-08-05,24.490665435791016,24.651819389274227,23.655588514084595,23.831394181812264,26849640
2022-08-08,26.102216720581055,26.370807910047656,24.817860184090556,25.882459615417144,87250700
2022-08-10,25.115751266479492,26.180350626789707,24.988779675120963,26.17546610094473,17664970
2022-08-11,25.462482452392578,25.97036517912971,25.159706999603596,25.159706999603596,20450730
2022-08-12,25.644039154052734,25.79125098437617,25.17296653827104,25.295641815623117,11107600
2022-08-16,25.447757720947266,25.850132447510074,25.320174394841384,25.722549121404192,6565000
2022-08-17,25.23675537109375,25.545897559412033,24.98649678516315,25.418314237050087,8040870
2022-08-18,25.079734802246094,25.47229532793339,24.834384239707003,25.074826742744616,7244310
2022-08-19,24.535053253173828,25.2220354930131,24.122864283645466,25.079731734894448,11702150
2022-08-22,23.794099807739258,24.510523044131457,23.749936628954732,24.19647460471988,7258010
2022-08-23,24.412378311157227,25.025754650633537,23.445696601142227,23.543837189833642,14254580
2022-08-24,24.60375213623047,24.863823112637725,24.32896072625332,24.485984923919148,5975520
2022-08-25,24.162120819091797,24.844194987375925,24.063980233524617,24.701891231897317,5013230
2022-08-26,23.7646541595459,24.37803052775248,23.61253614635526,24.37803052775248,10819870
2022-08-29,23.12674331665039,23.65179334275436,22.86667046134223,23.0629516496643,8991960
2022-08-30,23.224885940551758,23.774470695257943,23.151280020529153,23.27886149377519,8029350
2022-09-01,23.043325424194336,23.48495720544274,22.915743949542755,23.06295391933345,6662350
2022-09-02,22.9697208404541,23.661609367050442,22.891208733601903,23.15127973657301,7672650
2022-09-05,23.641979217529297,23.749934058848293,23.028602840718918,23.06295176807021,9658850
2022-09-06,23.318115234375,24.00509561406187,23.24941738359392,23.848071420311953,8392780
2022-09-07,23.352466583251953,23.62725988676999,23.16109344425106,23.16109344425106,5584460
2022-09-08,23.19544219970703,23.789190106493315,23.06295267249521,23.504584429867947,8200930
2022-09-09,23.367185592651367,23.65179312592155,23.004067831023484,23.327930478472517,8343850
2022-09-12,23.06785774230957,23.745025780176437,23.008974134805186,23.52911797140961,9531650
2022-09-13,23.219974517822266,24.289703001792716,23.116927742216422,23.578186074839742,35353070
2022-09-14,23.175811767578125,23.411348061188388,22.788157465398786,22.964810153575502,7443990
2022-09-15,22.837230682373047,23.65179447056168,22.768532824747393,23.327931804700565,12578840
2022-09-16,22.214038848876953,23.08258001374785,22.032479967414172,22.86667033342615,10147370
2022-09-19,21.983409881591797,22.356343782399065,21.698804204332145,22.35143572293053,5941710
2022-09-20,22.086454391479492,22.537900350367064,21.983407615775906,22.160060300911216,6440040
2022-09-21,21.693891525268555,22.25329038548232,21.639914113866205,22.0864519647277,4705750
2022-09-22,21.97359275817871,22.08154758984047,21.26207772222908,21.66935862662174,5906360
2022-09-23,21.32586669921875,21.983406166154264,21.247354607877607,21.87545321048264,4644860
2022-09-26,20.015695571899414,21.198284985761436,19.62804130683913,21.198284985761436,15240420
2022-09-27,19.765438079833984,20.398442895908858,19.686925985180387,20.21688402799916,17408350
2022-09-28,19.59369659423828,20.0206060602633,19.441578567550614,19.62804552415545,7909980
2022-09-29,20.094209671020508,20.1874422026729,19.765438972889093,19.85376531734971,10388170
2022-09-30,20.501495361328125,20.69777658839686,19.912655423874945,20.10893477906717,7593400
2022-10-03,20.516212463378906,20.643793918281816,20.216884510408345,20.609444993043493,12575390
2022-10-04,21.105052947998047,21.232636278988075,20.6879577724081,20.69286395965721,12620400
2022-10-06,21.630104064941406,21.713522348344153,21.31605380775333,21.399473963032108,13151070
2022-10-07,21.159027099609375,21.58103026915616,21.075608826123794,21.57121602429742,5194830
2022-10-10,21.041259765625,21.325865377139277,20.427883505086875,20.805723506203456,10935500
2022-10-11,21.08542251586914,21.590843945595335,20.91367604317645,21.335679201613207,8493040
2022-10-12,21.006916046142578,21.384756140813177,20.859704209662826,21.198289187314746,9124970
2022-10-13,21.301334381103516,21.757686547533172,20.95293705417906,20.95293705417906,30283930
2022-10-14,21.2130069732666,21.836197555081696,21.08051746010503,21.620289758749514,17003310
2022-10-17,23.465328216552734,23.710678785000066,21.13449781630308,21.29152203035927,92205000
2022-10-18,23.166000366210938,24.04435585591191,23.033510833808307,23.573283210842312,35254930
2022-10-19,23.185626983642578,23.53402431552217,23.023694722081668,23.244510591539207,11207910
2022-10-20,23.74011993408203,24.024725601007685,22.940276610489377,23.07276613318579,23006150
2022-10-21,22.596786499023438,24.142495796117167,22.45939078261555,23.857888244270832,35603410
2022-10-24,23.60272216796875,23.82844609665888,23.004068098674104,23.004068098674104,22332980
2022-10-25,23.293581008911133,23.985469461063143,23.19053235885575,23.985469461063143,14053200
2022-10-27,23.17090606689453,23.59290930376,22.999159562282994,23.455511725695548,8877740
2022-10-28,22.940275192260742,23.489859870602444,22.842134603159284,23.288672505288677,7002800
2022-10-31,22.940275192260742,23.347557981875177,22.79797143165743,23.062950460668553,9066860
2022-11-01,23.077674865722656,23.342653940338717,22.86667321799613,23.062954429980554,7329680
2022-11-02,22.935367584228516,23.47513798303192,22.851947433503813,23.210158970437117,7281370
2022-11-03,22.822505950927734,22.989344389667494,22.73908766749587,22.86176293504346,4967410
2022-11-04,23.273954391479492,23.455513282691275,22.886300055428308,22.93537129080732,8277410
2022-11-07,25.163150787353516,25.639131434028645,23.31320749083771,23.543837597474287,82868920
2022-11-09,25.614595413208008,25.94827227993905,25.29563897910817,25.51645482795606,46967590
2022-11-10,25.04538345336914,25.49192135917098,24.736241250313693,25.457572433484383,14036410
2022-11-11,24.790218353271484,25.379060013362757,24.535053571502733,25.222035820255222,19082180
2022-11-14,24.16702651977539,24.89817190207015,24.049257445089143,24.79021707293075,11854200
2022-11-15,25.114084243774414,25.69311173293344,24.1130534789358,24.18665939795016,46750430
2022-11-16,24.70189094543457,25.413407842700334,24.348585590240326,25.12389414816637,13665490
2022-11-17,24.47616958618164,24.873636249854325,24.260259920111533,24.701891626276748,7836780
2022-11-18,24.64791488647461,24.829473760937944,24.24063396571891,24.476170258181735,8332760
2022-11-21,24.608657836914062,25.109171249083538,24.427097104863893,24.633192514471247,7328160
2022-11-22,24.574310302734375,24.97177696850029,24.436912731272713,24.535053318923612,5560770
2022-11-23,24.27498435974121,24.85891800313447,24.22100693847669,24.643010189952566,9286320
2022-11-24,24.49089241027832,24.927616100194808,24.33877439177461,24.392751813562253,9790530
2022-11-25,24.539958953857422,25.207312688618057,24.40747131616686,24.60375061517671,14424490
2022-11-28,25.59006118774414,25.850132152169834,24.481075736960005,24.53505315339764,39801330
2022-11-29,26.846256256103516,27.479261113138584,25.511550560626826,25.61459734055083,126368630
2022-11-30,27.503793716430664,28.225124865180923,26.929674381456678,26.97383755121437,87672350
2022-12-01,27.479259490966797,28.35270678292935,27.356584225382125,27.646097927036994,34949050
2022-12-02,26.94439697265625,27.479261239514706,26.79227895977639,27.39093489292332,15163740
2022-12-05,27.179933547973633,27.47926151757598,26.62053459515173,27.086701013128696,12844090
2022-12-06,27.86691665649414,28.337989275723412,27.50870506862962,27.528331690523693,39553560
2022-12-07,27.440000534057617,27.999401277268756,27.238813187842723,27.930701561106222,10190980
2022-12-08,28.068099975585938,28.843406648537606,27.528327706283253,27.56758468814203,43253170
2022-12-09,27.793312072753906,28.696202238818007,27.410565785272006,28.244758091724098,22673510
2022-12-12,29.388086318969727,29.78555485327188,27.243723201039348,27.768773187902436,113871540
2022-12-13,30.482349395751953,30.737514172185445,29.147643782245368,29.42734323736216,103687120
2022-12-14,30.830751419067383,32.32738754760078,29.873883887042854,30.423468602182762,222410760
2022-12-15,30.38912010192871,31.238032803466478,29.972024904298568,30.03090851377991,73871020
2022-12-16,30.0750675201416,31.00249219639581,29.736482600833856,30.325324229656253,41706520
2022-12-19,30.698259353637695,31.002493490341255,29.97692818783349,30.227184907793063,44965870
2022-12-20,31.267478942871094,31.655133313836085,30.76205546826591,31.110454719268432,54219990
2022-12-21,29.206531524658203,31.4981067784632,28.67166721730607,31.395058118387528,45874450
2022-12-22,29.280132293701172,30.079975571359043,27.381119654531336,29.353738203819624,100827380
2022-12-23,26.44388198852539,28.99552808377152,25.766713946168945,28.617688012017425,49498440
2022-12-26,27.778589248657227,28.34780244318727,25.69310959781961,26.49295290567794,72384740
2022-12-27,29.020061492919922,29.49113407919086,27.685353959942873,27.86200664776349,84292940
2022-12-28,28.544082641601562,29.118203913101976,28.29382589937781,28.95136546099408,36325510
2022-12-29,28.35270881652832,28.588245118719623,27.994497239953457,28.391965802831603,19276880
2022-12-30,28.544082641601562,29.034783751109938,28.372338002024104,28.548990700947307,26973900
2023-01-02,30.816028594970703,31.110450377039182,28.755083607995907,28.755083607995907,230083300
2023-01-03,30.89453887939453,31.645310916557268,30.433280548045534,30.835655275193304,88524130
2023-01-04,31.35580062866211,31.635500102253953,30.457816728905883,30.914168895687553,112541800
2023-01-05,30.23209571838379,31.78761734021857,30.030908337947324,31.552082903672275,89537210
2023-01-06,29.687416076660156,30.413653468455802,29.55002036985118,30.379304541753555,47089790
2023-01-09,29.878786087036133,30.580488725417293,29.746296581340818,29.883694145696655,38197610
2023-01-10,29.66778564453125,30.16339476348507,28.985711470489296,30.050533744286675,44441290
2023-01-11,29.456783294677734,29.92294966437183,29.304667167890063,29.736482742119005,17017790
2023-01-12,29.329204559326172,29.6138102199497,29.167272300102006,29.461694079088822,14350190
2023-01-13,29.422439575195312,29.756116496403436,29.25560111459125,29.388090645530617,17407280
2023-01-16,30.094697952270508,30.497072685678607,29.515670531634257,29.530390964944583,46688100
2023-01-17,30.29588508605957,30.83565551788378,30.03581224436154,30.207558743124547,53924600
2023-01-18,30.413654327392578,30.76205166342679,30.197746514612824,30.413654327392578,23715430
2023-01-19,29.937671661376953,30.472535906202047,29.86406762350028,30.19774450312746,12624740
2023-01-20,29.947486877441406,30.349861620869792,29.800276925044017,30.104511076248773,13071250
2023-01-23,29.599090576171875,30.129048669367325,29.461694865436534,30.05544275468701,9302090
2023-01-24,29.01515769958496,29.707046202714277,28.921923288945298,29.63834834553319,8839870
2023-01-25,28.2938232421875,29.07894419491646,28.14661329753532,28.951362742051504,15386160
2023-01-27,26.154369354248047,28.45085074846263,24.711708733524006,28.42631606680727,48452130
2023-01-30,26.335927963256836,27.062167261251343,25.92864701087769,26.075856971112607,20724360
2023-01-31,28.087730407714844,28.598058104017294,26.267227993527698,26.53711508276944,42594700
2023-02-01,27.6264705657959,28.696199075218686,26.856070016148674,28.362522189423903,66222330
2023-02-02,27.58721923828125,28.063198080668638,26.934585810605167,27.459635891093953,28821450
2023-02-03,27.042537689208984,27.817844447202294,26.497859173367363,27.61665707279807,18375170
2023-02-06,26.237791061401367,26.98856322109691,26.115115774032745,26.98856322109691,10550490
2023-02-07,27.45962905883789,27.85218950659407,26.399714913958274,26.399714913958274,28754280
2023-02-08,27.86691665649414,28.141708081773118,27.5872171718345,27.626472287498842,11057110
2023-02-09,27.680448532104492,27.960148004867758,27.381120566405812,27.930705265464635,5465860
2023-02-10,28.401782989501953,28.602970385442458,27.68045170245551,27.68045170245551,16373320
2023-02-13,28.553897857666016,29.039692796194913,27.920894827539108,28.65694651678661,13142180
2023-02-14,28.553897857666016,28.931737949438215,27.974870379041214,28.813970727409313,18536530
2023-02-15,28.62259864807129,28.892483903085086,28.220221987583212,28.45085212442519,8038150
2023-02-16,28.642221450805664,29.118202096331327,28.490105314349798,28.701106928023478,9105420
2023-02-17,28.337987899780273,28.833595176220207,28.156429020911318,28.57352419795851,10803840
2023-02-20,27.881633758544922,28.691291246976526,26.924766328182834,28.450846906718496,20127130
2023-02-21,29.191810607910156,29.540207955715537,27.60193814701647,27.96505780137609,58405520
2023-02-22,33.416744232177734,34.25093835019972,29.049505556033807,29.834626568949798,101939538
2023-02-23,29.147645950317383,31.797432626483012,28.755083574680892,31.257660295920907,39418918
2023-02-24,27.479259490966797,29.834624215817325,27.135768372954512,29.3929943828381,22105821
2023-02-27,28.853221893310547,29.19671300896772,27.675540474897947,27.675540474897947,24347286
2023-02-28,28.755081176757812,29.491132761881744,28.50973064838317,29.34392281923215,17950711
2023-03-01,28.11717414855957,28.90229707337285,27.871823585532216,28.755085238055443,15530940
2023-03-02,28.11717414855957,28.853225837641634,27.381122459477506,28.264384112000734,15120233
2023-03-03,28.804157257080078,29.58927833136751,27.82275497828264,28.01903431091635,44562770
2023-03-06,30.079975128173828,30.325325662452368,28.509731334415964,28.804153098675826,46115602
2023-03-08,29.19671630859375,29.981837342931506,28.951365751378678,29.736486785716433,19737204
2023-03-09,28.951364517211914,29.687416157480015,28.80415456353352,29.294855657045584,14381116
2023-03-10,29.00043487548828,29.442066623592645,28.607874361548948,28.853224916745553,11756817
2023-03-13,27.675540924072266,29.196713482830685,27.479259748546525,28.951362949361517,9584603
2023-03-14,27.18484115600586,27.724611606677456,26.89041937864999,27.67554224638953,9334617
2023-03-15,26.35065269470215,27.871825543586855,25.909020901476847,27.479264989540127,9382002
2023-03-16,26.694141387939453,27.184842502630428,25.614598561244073,26.00715907862161,14297979
2023-03-17,26.105300903320312,27.184843780772244,25.90901969946495,27.086703178844562,11130371
2023-03-20,24.9766845703125,26.44878774250673,24.43691228404903,26.44878774250673,24934111
2023-03-21,24.73133659362793,25.614598213712604,24.535055401664145,25.123897105679323,11436096
2023-03-22,24.9766845703125,25.516454984699994,24.78040339860288,24.9766845703125,11012472
2023-03-23,24.338773727416992,25.123896607838397,24.289704366336466,24.976686652720677,10386485
2023-03-24,24.044353485107422,25.271106213939433,23.700862346659235,24.387844623555605,27634092
2023-03-27,22.915740966796875,24.33877298538478,22.76853101616724,24.142493675170627,20162437
2023-03-28,22.228757858276367,23.259231217352706,22.081547913230036,23.062950042706927,11362577
2023-03-29,23.74993324279785,23.99528378509173,22.277829989034583,22.326899348742923,24923118
2023-03-31,24.68226432800293,24.780404919882635,24.04435328859899,24.338773192362012,12331254
2023-04-03,24.535053253173828,25.172964263381143,24.338772078398033,24.97668496048136,10841743
2023-04-05,25.025753021240234,25.12389360354185,24.53505198160807,24.68226191912254,13921057
2023-04-06,25.025753021240234,25.36924412335793,24.829471856637003,25.025753021240234,9314852
2023-04-10,25.418317794799805,25.909018917756853,25.17296723332128,25.271107832287935,8288487
2023-04-11,26.154369354248047,26.399719914554083,25.61459887032526,26.20344058943499,17005690
2023-04-12,25.909019470214844,26.301580002575804,25.7127401399725,26.252510637984283,5602709
2023-04-13,26.154369354248047,26.350650551243366,25.61459887032526,25.663668233635978,6551618
2023-04-17,26.54692840576172,26.645068998822754,25.958088591147742,26.0071579517402,5848433
2023-04-18,26.39971923828125,26.743210388285846,26.252509280243903,26.5960004302485,4303165
2023-04-19,26.154369354248047,26.79228043666849,26.05622875575039,26.49786051305174,5195545
2023-04-20,25.712736129760742,26.35064712934191,25.663664900946202,26.25250654358881,6831228
2023-04-21,25.222036361694336,25.859947393872176,25.07482453960431,25.810876162550144,9855729
2023-04-24,25.614595413208008,25.810874711835933,24.92761318832034,25.320173657452163,6848544
2023-04-25,26.30157470703125,26.399715288330988,25.6636637363968,25.761804317696537,5629497
2023-04-26,25.810876846313477,26.59599972138026,25.71273812482174,26.39971853464453,7999947
2023-04-27,26.694141387939453,26.93949194528494,26.00715907862161,26.00715907862161,12702837
2023-04-28,26.890419006347656,27.82275181391877,26.743209055645924,27.479260681030674,17945444
2023-05-02,28.019033432006836,28.1662452667097,27.086702419520687,27.479262944350445,26511151
2023-05-03,27.871822357177734,28.65694524738943,27.77368176191675,27.969962952438717,13428288
2023-05-04,27.920894622802734,28.313455146480948,27.773682788531705,27.920894622802734,7307456
2023-05-05,27.528329849243164,28.117171519832144,27.47926048997578,27.969961570153917,5733363
2023-05-08,27.528329849243164,27.773680389332235,27.47926048997578,27.67554167079746,5648184
2023-05-09,27.086700439453125,27.871821431719436,26.74320930338308,27.577401527588595,9077483
2023-05-10,27.871822357177734,28.264382866345503,27.52833120970238,27.52833120970238,13946418
2023-05-11,27.6264705657959,28.11717164821457,27.57740120630446,28.01903105735562,3542627
2023-05-12,27.381118774414062,27.724609890799165,27.23390883078502,27.626469304421136,3615974
2023-05-15,27.871822357177734,28.460664056867465,27.47926184800997,27.52833120970238,12466714
2023-05-16,28.411592483520508,29.19671344073957,27.87182018754089,28.068101362783665,22102532
2023-05-17,28.55880355834961,29.687415680935576,28.509732326660423,28.509732326660423,18964216
2023-05-18,28.26438331604004,28.95136562192084,28.068103994271375,28.755084428275985,10479166
2023-05-19,28.313451766967773,28.9513627757879,28.166241822144052,28.36252112461701,9391075
2023-05-22,27.037630081176758,28.068103522684435,26.890420124354563,27.96996292751092,14398468
2023-05-23,27.18484115600586,27.67554224638953,27.037629331389873,27.18484115600586,5575838
2023-05-24,26.30157470703125,27.430188584164384,26.203435997607407,27.18483806685299,9298801
2023-05-25,26.939495086669922,27.086705063867967,26.35065330600132,26.39972267444186,5004663
2023-05-26,27.037630081176758,27.135770676350273,26.74321016753237,27.037630081176758,4021013
2023-05-29,27.259048461914062,27.554272054561462,27.01302817571262,27.357455074805976,5194385
2023-05-30,27.701887130737305,27.997112635324683,27.209846500077724,27.455866815407514,9145546
2023-05-31,28.144723892211914,28.43994751397151,27.55427477170671,27.60347808300464,11900178
2023-06-01,28.636762619018555,28.88278291320774,27.997110229523845,28.292333831756515,14124039
2023-06-02,28.292335510253906,29.12880493551948,28.095518512431653,28.882784626734665,13724387
2023-06-05,28.19392204284668,28.83357435756677,28.04631025898599,28.538350789845396,6351749
2023-06-06,27.84949493408203,28.292332188699465,27.84949493408203,28.193923701341614,4245332
2023-06-07,28.19392204284668,28.341533826707366,27.751086691264618,27.947901777416977,6116478
2023-06-08,27.505069732666016,28.34153723410381,27.357456054072625,28.243130617689406,6005233
2023-06-09,27.505069732666016,28.6367627143047,27.357456054072625,28.243130617689406,13415025
2023-06-12,27.308252334594727,27.75108960973385,27.25904902712854,27.652681117815614,4604197
2023-06-13,27.013029098510742,27.505069687722333,26.96382391339805,27.406661194482837,6278200
2023-06-14,27.062232971191406,27.30825327092951,26.91462116674573,27.160641466483835,4373823
2023-06-15,26.914621353149414,27.16064165459139,26.816212857175437,27.062233158617413,4261740
2023-06-16,26.914621353149414,27.062233158617413,26.865416166669455,27.062233158617413,5701344
2023-06-19,26.373374938964844,27.160641011119342,26.27496832230819,26.963824023834242,8969603
2023-06-20,26.52098846435547,26.61939508044231,26.373374786253432,26.52098846435547,3234877
2023-06-21,26.078147888183594,26.767005375646853,25.979739407548035,26.668596895011294,8523633
2023-06-22,26.42258071899414,26.717804329580737,25.97974342612831,26.078151921985818,5797374
2023-06-23,26.17656135559082,26.52099016493794,26.07815285620793,26.52099016493794,2498306
2023-06-26,26.816213607788086,27.209845725716214,25.4877035674179,26.17656118153162,13210786
2023-06-27,26.816213607788086,27.308254224444745,26.619396610331023,26.914622106516617,8072935
2023-06-28,26.619394302368164,26.86541458936597,26.520987689157707,26.81621128276074,3966194
2023-06-30,26.42258071899414,26.865416134874035,26.373375532572414,26.76700951600246,3648493
2023-07-03,26.52098846435547,26.668600265471618,26.176559677093863,26.373374786253432,4291202
2023-07-04,26.471784591674805,26.816213396011598,26.225764285289376,26.471784591674805,5452942
2023-07-05,26.274967193603516,26.57019078486322,26.225762010403017,26.471782295448048,5171548
2023-07-06,25.930540084838867,26.324172190799427,25.832131589102243,26.17656038568746,7518382
2023-07-07,25.97974395751953,26.32417276157282,25.684520340894416,25.93054064707734,5793875
2023-07-10,26.22576141357422,26.717801972466738,26.176558108479277,26.422578387925537,9672040
2023-07-11,25.832130432128906,26.471782810289213,25.733721940799814,26.422579503117593,7533255
2023-07-12,25.536907196044922,25.979742597805718,25.290886902738077,25.9305392899387,11248254
2023-07-13,24.995662689208984,25.68452029611457,24.89725419151019,25.586111798415775,9822943
2023-07-14,24.897254943847656,25.143275257035818,24.749643131331965,25.0940719451926,6876321
2023-07-17,25.58611297607422,25.782929980530753,24.89725533746241,24.89725533746241,11751572
2023-07-18,25.536907196044922,26.225762891112563,25.389293518472112,25.684518996631855,9408814
2023-07-19,25.733722686767578,25.88133448954725,25.290887278428563,25.635314192585827,6177436
2023-07-20,25.684518814086914,25.930539105645245,25.58611032206641,25.733722121604234,5319003
2023-07-21,25.438493728637695,25.684513973833447,25.389288553407237,25.586105500358045,3220351
2023-07-24,25.192480087280273,25.733724017795858,25.09407158800853,25.536908896238376,4859520
2023-07-25,24.995662689208984,25.340091492661777,24.89725419151019,25.241682994962982,5155021
2023-07-26,24.995662689208984,25.340091492661777,24.946459378852577,24.946459378852577,4788038
2023-07-27,24.995662689208984,25.192479684606575,24.89725419151019,25.143274497264187,4674533
2023-07-28,26.274967193603516,26.57019078486322,24.99566058517787,25.094069074593044,16379429
2023-07-31,26.028949737548828,26.520990361116965,25.9797445490004,26.520990361116965,21652285
2023-08-01,24.897254943847656,25.635315883412144,24.848051632004434,25.143275257035818,22968121
2023-08-02,25.04486656188965,25.389293470276716,24.552825976209977,24.995661377130155,12601693
2023-08-03,25.29088592529297,25.38929253722377,24.946457152577732,25.192477436376358,5339166
2023-08-04,25.536907196044922,25.881334105085802,25.340090210605094,25.389293518472112,10609010
2023-08-07,25.438493728637695,25.78292244730885,25.340085255162293,25.73371727207839,3318594
2023-08-08,25.241682052612305,25.536907534687,25.143273558587406,25.4384990406621,3710026
2023-08-09,25.684518814086914,26.12735421270039,25.143273046467066,25.29088672299076,9364402
2023-08-10,25.487703323364258,26.078152433095696,25.43850001296413,25.73372362933686,16772744
2023-08-11,25.58611297607422,25.930541795380122,25.48770447384595,25.58611297607422,3892090
2023-08-14,25.635313034057617,26.078150299369543,25.241680952105806,25.93053850326084,4459306
2023-08-16,25.438493728637695,25.78292244730885,25.24167678168689,25.536902202113097,3945192
2023-08-17,25.536907196044922,25.684518996631855,25.340090210605094,25.43849870332501,9587548
2023-08-18,25.438493728637695,25.832125745553792,25.340085255162293,25.586105500358045,13361660
2023-08-21,26.274967193603516,26.816211069908253,25.192477564008218,25.487701155267928,23492582
2023-08-22,25.881330490112305,26.61939126694424,25.782923888123207,26.471779486974977,14093604
2023-08-23,26.816213607788086,27.406662723173277,25.93054087320329,26.028949371931823,31276532
2023-08-24,27.062232971191406,27.94790567485139,26.91462116674573,27.111436280344655,33676291
2023-08-25,26.570192337036133,27.308253235287136,26.42258053278312,26.91462113161712,11893974
2023-08-28,27.2098445892334,27.45586488728612,26.717803993127962,26.767009178930056,12380067
2023-08-29,27.701887130737305,28.341539575197555,27.111437998548595,27.35745831387839,28363004
2023-08-30,28.489152908325195,29.128805344755108,27.9971122838428,27.9971122838428,55135858
2023-08-31,27.84949493408203,28.784372748502932,27.75108832370996,28.685964261145084,19433533
2023-09-01,29.91606903076172,30.211294526093038,27.505071142312215,27.94790656983021,53663698
2023-09-04,30.801740646362305,30.99855763611614,30.11288493619572,30.506517038717472,37366357
2023-09-05,30.45731544494629,31.096967882188782,29.424029006029002,30.94935607005375,30146312
2023-09-06,30.06368064880371,30.604926448310486,29.670048534517136,30.604926448310486,12322700
2023-09-07,32.47468185424805,32.868315863161115,29.86686686862231,30.16209049832105,84618310
2023-09-08,32.91752243041992,33.95080711351501,32.22866472369903,33.31115272428008,63829997
2023-09-11,33.60637283325195,34.442840310635866,33.45875915890341,34.000003041561925,42614572
2023-09-12,31.736618041992188,33.50796341447181,30.063679285883513,32.966719516488006,65239070
2023-09-13,31.638214111328125,32.425478371040434,30.703336160556958,31.982641051835976,46375706
2023-09-14,31.342985153198242,32.277861123989815,31.24457666232917,31.83502385357191,15777013
2023-09-15,30.358901977539062,32.03183870300537,30.063676524584498,31.589001462066385,46746456
2023-09-18,30.8509464263916,31.982639446804413,30.45731431628966,30.50651762618267,24520908
2023-09-20,29.91606903076172,30.90015026122747,29.768457221589053,30.850946950498578,17177041
2023-09-21,29.030391693115234,30.4573100017067,28.292330887358066,29.916064284626696,28933728
2023-09-22,29.325618743896484,29.965273019698273,28.931986642854866,29.178006940629118,26746326
2023-09-25,31.589004516601562,32.57308570096886,29.620844024852865,29.817659135534786,91082419
2023-09-26,31.490596771240234,32.47467792034149,31.24457648396492,32.08104395911232,42189353
2023-09-27,30.949352264404297,31.638209805644625,30.801738593434372,31.4905961346747,12554444
2023-09-28,31.146169662475586,31.638212140375785,30.900149362018457,31.146169662475586,13597378
2023-09-29,31.096965789794922,31.736618183997695,30.99855729599775,31.293780900403366,10133352
2023-10-03,30.3096981048584,31.490596213665164,29.96527121036008,31.09696413639151,20496356
2023-10-04,30.55571937561035,30.94935334259556,29.916066994738184,30.112883978230787,15827986
2023-10-05,30.50651741027832,31.047761323214687,30.260497108582527,30.75253771197411,10553299
2023-10-06,31.982633590698242,32.17945054820448,30.457308739474573,30.70332899786456,38361313
2023-10-09,30.703332901000977,32.130251331852996,30.50651591847454,31.49059707713501,29925369
2023-10-10,32.27785873413086,32.47467570129663,31.047757381809017,31.047757381809017,37328446
2023-10-11,31.835025787353516,33.212740989236536,31.53980217379913,32.42547676843421,32200046
2023-10-12,31.68741226196289,32.277859422073085,31.392186804922048,32.03183914636526,12910576
2023-10-13,31.884235382080078,32.376276028383955,31.49060136344809,31.63821505892814,17476042
2023-10-16,31.5398006439209,32.13025159636101,31.490597336377157,32.08104453484553,8441425
2023-10-17,32.03184127807617,32.76990215431743,31.785820985995752,31.785820985995752,26660304
2023-10-18,34.147613525390625,35.968161984407374,32.228654708012414,32.32706131240255,205624652
2023-10-19,34.78726577758789,35.42692000142444,33.80318466643721,34.44283889027376,88674830
2023-10-20,34.63966369628906,36.41100934611647,34.04921264369835,34.934887345598234,128678046
2023-10-23,31.5398006439209,35.27930832682134,31.096965245069615,34.93488142004341,79801414
2023-10-25,32.03184127807617,32.96671913877611,30.99855680213276,32.13025164729138,50913489
2023-10-26,31.736618041992188,32.130252015419565,30.55571987568184,31.933435028705876,47421840
2023-10-27,32.52388381958008,33.06512774393563,31.982639895224516,32.179456891527984,22358948
2023-10-30,33.655574798583984,34.639655911092454,33.01592057386487,33.36035121562575,58815778
2023-10-31,32.96672058105469,34.04920841197817,32.81910689775971,33.901598482655096,20998509
2023-11-01,32.96672058105469,33.85239517288074,32.720700278211,33.01592389082904,21018364
2023-11-02,33.40956115722656,33.65558148422532,33.1143375156225,33.36035784262126,13690934
2023-11-03,33.950801849365234,34.68886275913404,33.55716786256644,33.60637492639522,29612654
2023-11-06,34.345577239990234,35.18448011081815,34.098841765902826,34.44427368855593,28421525
2023-11-07,34.54296875,35.77664620535714,34.44427605952535,34.44427605952535,37369104
2023-11-08,34.345577239990234,34.98709097857132,33.950802740381114,34.789701846324476,18764035
2023-11-09,34.937744140625,35.97403236410021,34.59231222287693,34.59231222287693,45186751
2023-11-10,34.444271087646484,34.83904555744593,34.24688197030463,34.78969921933153,13714863
2023-11-13,34.493614196777344,34.93773872800048,34.296225097913286,34.93773872800048,12836165
2023-11-15,34.937744140625,36.02337870524008,34.641658564016794,34.88839403460063,43354166
2023-11-16,35.233829498291016,35.48056499370638,34.641662050363216,35.03644034898175,21545080
2023-11-17,37.60248565673828,38.095956616878595,34.69101000381813,35.085784512999595,119401189
2023-11-20,37.158363342285156,38.39204069408898,36.71423874265888,37.898569753367454,48932409
2023-11-21,36.664894104003906,37.70118237465961,36.516851308959666,37.405100549455796,21259621
2023-11-22,36.76358413696289,37.01031960096935,35.52990681693058,36.8129304767873,27813666
2023-11-23,37.257057189941406,37.60248535329828,36.41815807042637,36.86227891906103,24579921
2023-11-24,38.54008102416992,38.98420563885533,36.86227901584986,37.30640363053526,69360517
2023-11-28,37.405094146728516,38.8855067842262,37.15835870714557,38.68811767958304,28065936
2023-11-29,37.158363342285156,37.849219647387706,36.91162787192439,37.849219647387706,17454132
2023-11-30,36.664894104003906,37.503793236228844,36.516851308959666,37.3557504411846,15633404
2023-12-01,36.91162872314453,37.65183515129675,36.76358593156025,36.96097506537776,15237425
2023-12-04,37.355751037597656,38.046611150693124,37.10901555184104,37.70118297658776,13650270
2023-12-05,36.812931060791016,37.50379112394586,36.27011378434237,37.45444478333861,22208785
2023-12-06,36.76358413696289,37.40509784933345,36.51684867295643,37.01031960096935,14132211
2023-12-07,37.94791793823242,38.19465342058129,36.36880859226888,36.763586869980934,43289440
2023-12-08,39.37898635864258,40.41527468073636,38.293347925828016,39.47767905031442,85045630
2023-12-11,40.02048873901367,40.46461329646388,38.83615784077448,39.2802823982247,36989120
2023-12-12,39.97114562988281,40.90874115689399,39.47767469618056,40.36592388279839,30302954
2023-12-13,39.52702331542969,40.31657610189659,39.23094149111519,40.26722975865828,20274933
2023-12-14,40.51396179199219,41.20482183319021,39.62571639463845,39.921798193756366,33783031
2023-12-15,40.26722717285156,41.84633640926568,39.87245268741135,41.599600944033895,38149920
2023-12-18,41.895687103271484,42.93197541196259,40.81004868449787,40.90874513977809,63978473
2023-12-19,41.30351638793945,42.389154720544774,41.10613102281531,42.19176559053612,23137072
2023-12-20,38.39204406738281,41.945033646805335,37.99726577416483,41.698298154765304,32378430
2023-12-21,41.007442474365234,41.352874459639814,36.91163512093848,37.799880729747606,44663321
2023-12-22,41.10613250732422,42.093074428125426,40.56331143897584,41.45156067365078,28375867
2023-12-26,41.30351638793945,41.69829464795675,40.760699104079045,41.30351638793945,12750085
2023-12-27,41.2048225402832,41.55025068436775,40.31657336280238,41.50090434448201,16119184
2023-12-28,40.81004333496094,41.59959981416541,40.662004318773334,41.59959981416541,11815914
2023-12-29,41.007442474365234,41.45156716121241,40.26723591791501,40.95809612357893,20739600
2024-01-01,41.30351638793945,41.94503011924644,40.9580882340877,41.007434575368734,20165348
2024-01-02,40.76069641113281,41.451556438077624,40.563307294165114,41.40221010005676,13407529
2024-01-03,41.007442474365234,41.254177993181976,40.51397143673175,40.76070695554849,12161090
2024-01-04,42.5865478515625,43.03066872970151,41.00743842802037,41.0567847739375,47299270
2024-01-05,41.895687103271484,42.93197541196259,41.4515624667225,42.78393261148465,20810476
2024-01-08,41.59960174560547,42.83327909553583,41.15547714665364,42.09307268557761,22206153
2024-01-09,45.39932632446289,46.63300367023634,42.931971632915996,42.931971632915996,171494774
2024-01-10,45.20194625854492,46.879748538150515,44.560436169059265,45.39933542641945,58437846
2024-01-11,45.49802017211914,46.83039399862903,45.053899328167084,45.79410575459995,34441866
2024-01-12,45.448673248291016,46.28757611310833,45.25128411745844,45.89279785144318,21115082
2024-01-15,45.991493225097656,46.386271509858865,45.49802225158852,45.991493225097656,21616947
2024-01-16,45.695411682128906,47.027785577936505,44.60977703951659,46.238229003435066,26567865
2024-01-17,44.90585708618164,45.44867438589482,44.26434333613948,45.15259256467714,22197819
2024-01-18,46.28757858276367,46.7316994447272,44.41238738713092,44.95520470221891,45405014
2024-01-19,46.63300323486328,47.61994510226779,46.04083962037435,46.73169591564995,36216844
2024-01-23,47.274513244628906,50.77815584597978,46.78104234965317,49.34708949757333,64100446
2024-01-24,48.50819396972656,49.051011240250695,46.978431073407066,47.42255566379388,29902836
2024-01-25,50.03795623779297,50.33403806164927,48.6562360399507,48.952317863807,31690503
2024-01-29,59.16716766357422,60.006066772699754,51.518367937850634,51.61706062190614,193249563
2024-01-30,67.11204528808594,68.09898713055779,59.56193868722253,62.37472519719792,272853553
2024-01-31,65.23686218261719,68.24703817864216,63.262978258605955,67.75356719763934,63999206
2024-02-01,64.24992370605469,68.69116277600921,63.55906730708088,67.90161368143485,60845497
2024-02-02,65.87837982177734,68.09899936633164,65.33555869897828,65.58229420392875,38530998
2024-02-05,69.1352767944336,71.05981031180424,66.42118681724662,66.61857216731649,62417172
2024-02-06,69.1352767944336,70.76372475693101,66.42118681724662,70.07286850191808,27312713
2024-02-07,68.00028991699219,70.02351604125941,67.11204081205545,69.77678059709744,19014537
2024-02-08,69.0380859375,69.97704798624223,67.80261551077054,69.18634389685015,21906789
2024-02-09,67.65436553955078,69.18635206586625,63.35492945502902,69.18635206586625,28112918
2024-02-12,60.88398361206055,68.39564260576113,60.88398361206055,67.65436031939501,27204198
2024-02-13,59.895606994628906,60.98282327256978,55.250241034626676,59.747352800152875,25839432
2024-02-14,65.87528991699219,65.87528991699219,57.8694386508519,59.055491109208624,27709690
2024-02-15,65.28227233886719,67.55553381658747,63.60202772589366,66.61657913633346,21938423
2024-02-16,66.32005310058594,67.30842947329425,65.03516834049309,65.77645062002433,14907399
2024-02-19,65.7270278930664,67.16017059775777,65.52935563749283,66.71540425236063,7905253
2024-02-20,65.08458709716797,65.97412740173867,64.44214090271615,65.92470556342937,6145605
2024-02-21,64.83749389648438,67.11076275774924,64.24446953202386,65.33168212365379,12325814
2024-02-22,66.36947631835938,66.71540654787232,62.712482909071326,65.33167808910709,14367255
2024-02-23,65.77645874023438,66.96250751761868,65.52936461655312,66.71541339393744,12155205
2024-02-26,66.32005310058594,68.49448564497223,65.1834187638287,66.07295900740885,23600950
2024-02-27,65.38108825683594,67.35784069065888,64.93631443479852,66.51772241442654,16748936
2024-02-28,63.10783004760742,65.72702894999813,62.02061754304335,65.72702894999813,15401272
2024-02-29,62.11945724487305,63.25609164984902,61.37817492085138,62.267715217820125,17545354
2024-03-01,63.157249450683594,64.98574416622958,62.7618974076894,62.7618974076894,11785960
2024-03-04,61.921783447265625,64.14563036447275,61.773525477975774,64.04679423185071,10189006
2024-03-05,61.27933883666992,62.366551404661635,60.98282666088644,61.921785026164855,7518960
2024-03-06,60.04386901855469,61.229921506325915,58.36362830840852,61.18050343815981,14619538
2024-03-07,60.58747100830078,63.05841194477599,60.38979497931144,62.366547728491604,12180543
2024-03-11,58.51188278198242,60.88398384522426,58.16594878480609,60.78514771480628,10811086
2024-03-12,55.89268493652344,58.90723221704649,55.00314843443095,58.610720049682335,18801756
2024-03-13,50.3577766418457,57.47408723678014,50.3083585775777,55.8926827877077,32853939
2024-03-14,55.34907531738281,55.34907531738281,48.825792948833886,49.41881724766323,22659199
2024-03-15,56.633968353271484,59.500261491628784,54.36070333165544,55.349079755867365,36564735
2024-03-18,54.459537506103516,57.22699441059014,53.76767705033857,57.02931837879014,18875893
2024-03-19,53.47116470336914,55.34908147587186,53.22407058963757,54.75605711105887,11004826
2024-03-20,53.32291030883789,54.85489305448639,52.53220990176353,53.8665166030542,11503320
2024-03-21,58.215370178222656,58.61071846724859,54.21244283063301,54.26186466582334,41411701
2024-03-22,58.70956039428711,59.50026076999547,57.77060204860233,59.154326763502766,21976043
2024-03-26,57.622344970703125,59.20374951695908,57.12815675694005,58.90723357241575,9747610
2024-03-27,58.215370178222656,59.253164621156145,57.72118198917274,57.86943618367371,17913769
2024-03-28,57.86943435668945,59.30258081375997,57.42466424651494,58.75897457703847,10126639
2024-04-01,60.58747100830078,61.229917159927,58.017693942509226,58.11653007182557,23178098
2024-04-02,63.008995056152344,64.14562941628837,60.142702008200374,60.78514817181756,27692371
2024-04-03,62.761898040771484,63.65143826130299,62.168873740654846,63.25608621432087,14624101
2024-04-04,62.41596984863281,64.54098057185155,61.7735236940718,63.25608826272952,15416408
2024-04-05,66.41889953613281,67.11076762881585,62.267721142892434,62.51481527441185,61806407
2024-04-08,69.18634796142578,72.2503132915748,66.86366493086348,67.01192289892352,97754754
2024-04-09,69.58170318603516,71.16310398875358,68.2968107921749,69.92763343339327,41770958
2024-04-10,68.54390716552734,69.28518952320943,66.07296597325373,69.28518952320943,31257424
2024-04-12,67.25901794433594,69.43344303740702,66.86366587085567,68.54390275725481,21734964
2024-04-15,64.73866271972656,66.7154157798709,62.31713946697832,64.14563830982617,33350965
2024-04-16,65.08458709716797,66.71540973209528,63.79970224897812,63.84911654657361,22049532
2024-04-18,64.54098510742188,66.76483211668767,64.24446915656756,66.36948002911987,16692921
2024-04-19,65.38108825683594,66.22120653306827,62.6630536603294,63.008983828106,25533696
2024-04-22,66.27062225341797,66.7648103163347,65.5787544409077,66.27062225341797,12180791
2024-04-23,67.55553436279297,68.69216888120033,66.46832168720465,66.71541581987083,18131130
2024-04-24,66.81423950195312,68.09913176843251,66.51773112249002,68.09913176843251,10009891
2024-04-25,67.01192474365234,68.54390368054298,66.46831469270533,66.71540879936967,15248650
2024-04-26,68.00029754638672,69.58169823661851,66.81424137317791,67.45668752441019,31097107
2024-04-29,68.1485595703125,69.28519410201724,67.70379314259588,68.5933335387437,26318661
2024-04-30,67.20960235595703,68.93926124011769,66.91308638810091,68.59333097142841,14051413
2024-05-02,68.88983154296875,70.1253020336297,66.76482833160269,67.55552492119762,38107997
2024-05-03,68.93925476074219,69.82879503999125,67.9508783484018,69.58170093690616,25805633
2024-05-06,66.8636703491211,69.48286952804872,64.49156529007882,69.43344768778601,28254815
2024-05-07,65.28227233886719,67.60495565900692,64.63982609098656,67.20960354179465,23782432
2024-05-08,67.06133270263672,68.04970903588328,64.93632207801402,66.22121432751973,27267864
2024-05-09,64.83749389648438,68.64274173754607,64.24446953202386,67.30843503233145,19907026
2024-05-10,61.921783447265625,65.92470337381032,61.32875534046299,65.82586724118828,36108053
2024-05-13,63.206668853759766,63.65143896897041,59.994445689975755,62.860734866215225,27711411
2024-05-14,65.08458709716797,65.23284507138206,62.86074010609813,63.503186300549956,13412522
2024-05-15,65.03507995605469,66.42091276280293,64.83710707745404,66.07445644916118,11425846
2024-05-16,65.13408660888672,65.6785159069602,64.639146763993,65.57952944841799,7408879
2024-05-17,67.31182098388672,68.00473376725944,65.13408861998708,65.43104800478271,18453263
2024-05-21,68.59864807128906,70.92486324005175,67.8067415000512,68.74712394523799,35872834
2024-05-22,72.65715789794922,73.64703741276547,67.6582633272546,68.89561272077492,125764439
2024-05-23,73.30059051513672,75.08236933952853,72.16222741633558,73.25109351216098,57402260
2024-05-24,71.8157730102539,73.74603534402311,71.27133617140488,73.25109550949946,24457035
2024-05-27,72.1622314453125,75.77529385097947,71.86526451524237,72.26121790460829,38678723
2024-05-28,70.87537384033203,72.85513292834233,69.5390379663614,72.55817359644973,26423616
2024-05-29,71.96424865722656,72.16222912162576,68.89562320477299,70.13297278658351,23853528
2024-05-30,64.5401611328125,66.9158742071886,63.055345181442235,65.82700791748645,373284764
2024-05-31,65.43103790283203,66.02496413290946,63.995715550796426,65.33205145651608,66064005
2024-06-03,72.06324005126953,73.84501885312933,70.28145369722749,73.84501885312933,173742360
2024-06-04,64.88661193847656,73.05311878165323,57.66048771091405,72.40969551993622,177923891
2024-06-05,66.61890411376953,67.90574313997514,62.015962186067526,67.01484993587435,60921960
2024-06-06,69.48954772949219,70.72689727989042,68.30169518198281,68.30169518198281,47965069
2024-06-07,76.07225036621094,77.35909694517946,70.23195886134087,70.57842278411256,150325869
2024-06-10,69.44995880126953,75.230852243342,69.09360152857386,74.43894551464444,198568520
2024-06-11,65.45084381103516,66.07446525873651,62.36241664869513,64.24318945488588,903995564
2024-06-12,66.65849304199219,67.70777062278461,66.37143458495107,66.37143458495107,148224727
2024-06-13,65.78739929199219,67.29202055855018,65.44094293198944,67.21282837564034,88527323
2024-06-14,66.5001220703125,67.06435322711009,65.64882487904833,66.17345993948675,72458465
2024-06-18,65.84678649902344,67.06434170834906,65.69831060340728,67.06434170834906,49565992
2024-06-19,63.83733367919922,66.22294715481387,63.40179178802343,66.20314533347103,80175603
2024-06-20,64.985595703125,65.57952193854717,63.44137842840915,64.24318602080183,60939382
2024-06-21,65.59931945800781,66.01507464037047,64.68863201508427,65.28255827993952,50904821
2024-06-24,65.64881896972656,66.61890436274683,64.70843631043938,65.17367340836955,65131252
2024-06-25,65.04499053955078,66.22294973330769,64.93610317447163,65.8072020951049,23880497
2024-06-26,65.02519226074219,65.7181049483613,64.74802718569454,65.15387388781949,18993673
2024-06-27,64.21349334716797,65.5696235863918,63.352295363287716,64.98559823855891,25769251
2024-06-28,64.21349334716797,64.70843315469365,63.90662553101821,64.54014788047651,21702101
2024-07-01,64.27288818359375,65.06479495165925,64.0848086269371,64.54015237531084,16562927
2024-07-02,64.13430786132812,64.777731188724,63.698758368534065,64.54015461873657,17156394
2024-07-03,65.04499053955078,65.82699636503641,64.04520998390684,64.45106426323504,29738133
2024-07-04,67.00495147705078,67.50978462746593,64.44115942661419,65.07468175638299,79104545
2024-07-05,66.87625885009766,67.7869537603514,66.10415402250678,67.25241790613121,63395768
2024-07-08,66.47041320800781,67.90573553280127,66.3219297652612,67.21282286955925,31009845
2024-07-09,66.93566131591797,67.90573909535014,66.03486725426323,67.32171375600372,35089199
2024-07-10,67.32171630859375,68.79663485490072,64.24319002961712,67.11384249083362,136535604
2024-07-11,67.45039367675781,69.06389466618955,67.26231414069689,68.5986576094934,77351160
2024-07-12,67.66816711425781,68.53925840554955,66.72778455606993,67.74735929133388,67790144
2024-07-15,67.5097885131836,68.05422533675052,66.87626614695061,68.05422533675052,59547363
2024-07-16,70.26165771484375,71.27133158940015,67.37120352739305,67.62857433941019,229988526
2024-07-18,68.3511962890625,71.2119480171843,67.71767388539294,70.5289286076538,79236761
2024-07-19,66.25263977050781,68.40067661996645,65.97547469989144,68.40067661996645,54762199
2024-07-22,67.12373352050781,68.00472576376156,65.53002675413148,66.12396055818833,41545816
2024-07-23,65.58942413330078,68.84612890979336,60.87759514261129,67.60877941502484,106050292
2024-07-24,66.68819427490234,67.14353800446968,65.1340835373117,65.668611898669,36220596
2024-07-25,65.55973052978516,66.68819269196693,65.44094225664628,66.12396161087604,28274028
2024-07-26,66.24273681640625,67.11383564253192,65.87648622104116,66.02496210987483,26430603
2024-07-29,66.0942611694336,66.98515436840017,65.92598344079057,66.66839318123232,21173955
2024-07-30,65.99526977539062,66.59909692326741,65.82699205934152,66.12395895416617,17726203
2024-07-31,65.70820617675781,66.3219342573276,65.39144500179518,66.22294780618593,16804857
2024-08-01,64.61933898925781,66.123960208375,64.19369045976596,65.87649030872116,21721672
2024-08-02,63.83733367919922,64.51045211339677,63.13452006516946,63.84723458987064,23803383
2024-08-05,60.065895080566406,61.95656498599764,59.68973977118738,61.412131955319936,52989064
2024-08-06,59.867919921875,62.164440374913596,59.73923451191156,61.699199513815415,31409528
2024-08-07,62.1446418762207,62.36241660286558,59.94711166843311,61.05577579517854,21993333
2024-08-08,63.09493637084961,63.78785294496592,61.78829163835202,62.31293046897418,28126517
2024-08-09,61.342838287353516,63.77794112829762,60.976580126915145,63.599762503244065,30250007
2024-08-12,61.72890090942383,62.55049912631417,61.12507366659938,61.342848416756794,20440909
2024-08-13,62.32282257080078,63.154321637357974,61.88727687921034,62.04565747397879,18405289
2024-08-14,61.92687225341797,62.83755971874751,61.48142565577148,62.59008980628737,12789844
2024-08-16,62.204036712646484,62.60988721389846,61.936768756784275,62.362417303962104,12208369
2024-08-19,64.15409851074219,64.29268105931935,62.45150805896259,62.46140519410756,20781881
2024-08-20,64.20367431640625,65.03645457468131,63.79719283521005,64.25324024767306,18110707
2024-08-21,64.15410614013672,64.52093036841988,63.797198124470405,64.16402235275356,11181166
2024-08-22,64.77867889404297,64.98688149957796,63.9855560062793,64.44160336861023,16710098
2024-08-23,64.15410614013672,65.00671889268914,63.94591105830704,64.88774703284902,11694725
2024-08-26,65.24464416503906,65.68086668116572,64.3722066966385,64.82825407083784,23039971
2024-08-27,65.21490478515625,65.69078459360696,64.90757031202632,65.12568157573902,13299429
2024-08-28,65.74034881591797,66.3252842410449,65.13558853271935,65.13558853271935,19914036
2024-08-29,63.61874008178711,65.79984532406755,63.450202297259864,65.73044696785905,16548494
2024-08-30,62.805782318115234,64.2433304484522,62.65707318119966,63.93598839915077,34391284
2024-09-02,62.478614807128906,63.54933488910799,62.26050354997934,62.95449081933365,14669726
2024-09-03,63.103206634521484,63.56917023919552,62.36956205154065,62.47861768513896,10022487
2024-09-04,62.66698455810547,63.6683101267109,62.270423084399404,62.45878950076529,14437904
2024-09-05,61.348411560058594,63.61873609444929,61.060901941256525,62.90492393505387,34448265
2024-09-06,61.37815475463867,62.51827705794081,60.72382471308899,61.467381750392114,18026553
2024-09-09,61.348411560058594,61.46737962297007,59.83155268474945,61.328582919252256,15146814
2024-09-10,61.8936882019043,63.08338022017046,61.57643750129021,62.45879124874356,17777117
2024-09-11,59.33584976196289,62.49844809829235,59.038427704941036,61.89368777258947,30113288
2024-09-12,59.53413009643555,60.80313662304333,58.61211910790102,59.68284301017073,28411213
2024-09-13,60.91218948364258,61.338495809364154,59.732413711254104,59.83155313410382,19608547
2024-09-16,59.712581634521484,61.21952422307448,59.58369736669143,61.21952422307448,15808495
2024-09-17,59.990177154541016,60.38674240103224,59.33584714517903,59.96043608472844,23198960
2024-09-18,60.21820831298828,60.664339515172024,59.68284633205574,59.930698680791906,17044222
2024-09-19,58.5030632019043,60.575108863600605,57.501741437471836,60.475969442858315,30392633
2024-09-20,62.53810119628906,64.93730991523728,58.50306181836692,58.889714626741466,130358748
2024-09-23,62.60750198364258,63.74762424924776,62.06222381544134,63.56917026364127,18659371
2024-09-24,61.705318450927734,62.8057796319732,61.397980196697496,62.60750079123263,10672161
2024-09-25,61.00141906738281,62.1118003164697,60.69408457434191,61.606179405456075,8341514
2024-09-26,60.882450103759766,61.21952944550601,60.07940714144252,61.07081652517541,10350432
2024-09-27,62.369564056396484,62.91483845998922,60.49580092994374,60.63459763828444,22432389
2024-09-30,60.535457611083984,62.33982236542888,60.17854963208361,61.61609397775662,23096194
2024-10-01,60.7932243347168,61.28892903658626,60.3570055585653,60.77339569281081,11362022
2024-10-03,59.51430130004883,60.20828859245254,59.2862776063311,59.48456023015023,9933155
2024-10-04,59.177223205566406,60.0694931403567,58.01727607226559,59.484561467977855,15584042
2024-10-07,55.47926712036133,59.682844489177086,55.201673708564854,59.286279230673614,24614835
2024-10-08,58.40392303466797,58.87979905561618,54.58699865597889,55.47926477703437,18400231
2024-10-09,59.56387710571289,60.366916279574355,59.18714048401798,60.079406652967016,15960915
2024-10-10,58.14616012573242,60.02983562920441,57.749594871355924,59.980265917888985,12340963
2024-10-11,58.939292907714844,59.18714527168174,57.799170520696315,58.493157896189025,7683699
2024-10-14,58.1263313293457,59.08799582845766,57.55131209023049,59.08799582845766,10181679
2024-10-15,58.443580627441406,58.85997072977309,57.90821868279228,58.12632994511447,7795743
2024-10-16,59.405250549316406,59.98026982744988,57.90822399122454,57.9181364213631,10573382
2024-10-17,57.59096908569336,59.63327370084326,57.402602671364235,59.48456078610738,7808266
2024-10-18,56.778018951416016,57.55131710261231,55.727123585950984,57.50174738711224,15951384
2024-10-21,55.72712326049805,57.25389469331557,55.42970118730776,57.006042335335856,11713948
2024-10-22,52.277015686035156,55.7469484850022,51.76148235921457,55.667637701913364,19382902
2024-10-23,52.52486801147461,53.486536311373015,50.918785889708225,52.27701566877309,19301340
2024-10-24,52.10847473144531,53.169282391331244,51.751566774488104,52.88177278356834,14065940
2024-10-25,50.35368347167969,52.59426701327636,49.629955075900085,52.44555787497808,18409330
2024-10-28,51.33517074584961,52.098556336918506,49.996769745281185,51.24594376034997,16833405
2024-10-29,51.47397232055664,52.197704483767474,50.66101694530987,51.54337445535113,15469192
2024-10-30,53.56584930419922,54.18052586244353,51.31534948579788,51.58303048078942,27074326
2024-10-31,51.404571533203125,53.33782045621616,50.82955609639763,52.891685507532166,33859399
2024-11-01,53.030487060546875,53.12962648140219,52.44555540087695,52.742977445369384,5559435
2024-11-04,50.93861770629883,53.03049221420837,50.442912989995214,53.03049221420837,15084009
2024-11-05,51.13689422607422,51.46405733305813,50.47264801916225,50.93861160690976,11421511
2024-11-06,52.53478240966797,52.683491540999775,51.17654889555994,51.40457258914323,13274526
2024-11-07,51.73173522949219,52.951168159335516,51.60285096740027,52.76280176237516,10099297
2024-11-08,51.09601974487305,52.07940128960217,50.817893315296025,51.900604645105965,12171264
2024-11-11,50.798030853271484,51.97014060345897,50.04311457156553,51.15562417220173,14208844
2024-11-12,49.89411163330078,51.841004207719706,49.66565009755464,51.13575288573965,11141250
2024-11-13,48.19554901123047,49.72525199765659,47.977018930544304,49.665651851327134,14937220
2024-11-14,47.44062805175781,49.15906290663459,47.29163337263583,48.18561281493307,17659040
2024-11-18,47.083038330078125,48.13594769873734,46.83471007683761,47.54989286952217,16499498
2024-11-19,47.102901458740234,48.50347645067044,46.953906779667214,47.182368318929946,14175300
2024-11-21,45.493736267089844,47.44062890722298,44.75868674278112,47.18236918524145,24011101
2024-11-22,47.281700134277344,47.460496788189566,44.84808616893949,45.68246929080031,14836849
2024-11-25,50.80796432495117,51.14569091552465,48.970332898023344,48.970332898023344,43641241
2024-11-26,51.32448196411133,51.85094044176488,50.311306017416996,50.96689245955428,15254977
2024-11-27,51.92047119140625,52.09926783532201,50.579496362038036,51.5330797259849,19369269
2024-11-28,53.27137756347656,53.46010567047587,51.42381476636813,51.92047126928165,20320313
2024-11-29,53.032981872558594,53.291245381364895,51.841005483055895,53.14224691173138,23052374
2024-12-02,54.45341491699219,55.3672647896414,52.53632064496174,52.983312224562546,24364208
2024-12-03,54.67195510864258,54.97987975118097,54.04616678121767,54.42362682830447,11044588
2024-12-04,56.06258773803711,56.36058468736538,54.55275143224907,54.88054656083472,20977693
2024-12-05,56.74797439575195,56.9665006854376,55.7645928300068,56.1221861266414,18171509
2024-12-06,58.60546875,59.06239183423883,56.936702557034415,57.06583431186313,23676714
2024-12-09,59.00279235839844,59.6881769485243,58.22800565957322,58.84386243362193,20906297
2024-12-10,58.35714340209961,61.575479445900974,57.65189202528377,60.09544129067279,70371941
2024-12-11,58.50613784790039,59.49945085863426,57.9300144828643,58.40680427331395,54438465
2024-12-12,57.751220703125,58.744533763142115,57.48302572221775,58.744533763142115,8952569
2024-12-13,58.7147331237793,59.04252444947266,56.43011393930146,56.956568626512116,56753908
2024-12-16,57.94988250732422,58.94319554050483,57.86048418277043,58.744532176031,11722628
2024-12-17,57.59228515625,58.79419293241317,57.41348851972461,58.00947857120533,14345221
2024-12-18,56.78770446777344,57.72142114699768,56.42017970530672,57.5128263187751,8918379
2024-12-19,56.002986907958984,56.57910646633687,54.910340355771204,54.910340355771204,11151062
2024-12-20,54.721614837646484,56.80757067976317,54.46335511773421,56.01292101558484,14184031
2024-12-23,54.761348724365234,55.72485979243844,54.13556045084144,55.625530004534326,9581445
2024-12-24,54.22496032714844,55.19840667537801,54.1355619998014,54.76135029123064,9900609
2024-12-26,55.496395111083984,55.86392364176351,54.0163608933773,54.21502424714143,12744151
2024-12-27,54.86067581176758,55.77452573009323,54.70174588543116,55.22820055594773,8041378
2024-12-30,55.25800323486328,56.350646018869384,54.96001009278783,55.238136520166464,11765847
2024-12-31,56.85723876953125,57.224763524908006,54.880544198138196,55.12887245242841,13378017
2025-01-01,59.14186096191406,59.330589080674415,56.86717312741229,57.3141647657275,31523191
2025-01-02,59.68818283081055,60.04577614409567,58.21807993445179,59.598784502489266,25592914
2025-01-03,59.906707763671875,60.54242747071165,58.97299112841739,59.53917922932397,27379807
2025-01-06,56.88703155517578,59.8471036110269,56.171845038072284,59.7974387227143,27813404
2025-01-07,57.979679107666016,58.67499896980466,56.83737142411319,56.83737142411319,11820099
2025-01-08,56.88703155517578,58.07900782061891,56.09238197460972,57.910142653330325,12036075
2025-01-09,55.13880157470703,56.896965995150055,54.89047333095838,56.8175029275284,10709151
2025-01-10,52.55619430541992,56.02285858190289,52.39726436601945,55.625531838807376,22593857
2025-01-13,49.486854553222656,52.377395301534705,49.08952782794182,51.344348847155324,20463982
2025-01-14,50.927154541015625,51.5330760365514,49.188856907876406,49.21865508333288,16562862
2025-01-15,50.7880973815918,52.0992703063702,50.40070589779662,51.64234721210864,15221818
2025-01-16,52.18866729736328,52.69525527339897,51.15562084088008,51.20528573434421,12162459
2025-01-17,54.52294921875,54.92027592899644,51.99993332381827,52.188665216320075,20429068
2025-01-20,54.53288650512695,54.93020944100878,53.70843487682205,54.77127950881835,10955241
2025-01-21,52.72505569458008,54.840809649774194,52.64558883601718,54.82094293513347,11323593
2025-01-22,51.980072021484375,53.07271482499381,50.53976738835761,53.04291664701089,13333721
2025-01-23,52.58599090576172,53.479974156285685,51.602613119373885,51.70194290757053,11171231
2025-01-24,51.592681884765625,53.142251709948745,51.34435360574717,52.73499348392604,12374149
2025-01-27,49.21866226196289,51.59267991234908,48.831270767774505,51.59267991234908,17332595
2025-01-28,49.904048919677734,50.390770188530176,47.93728576115079,50.16230864347046,20452640
2025-01-29,51.92047119140625,52.19859762008037,50.0232435046898,50.11264182664768,9911672
2025-01-30,53.29124450683594,53.63890254469097,52.00986981441866,52.446926174749045,14330656
2025-01-31,56.936702728271484,57.33402945700625,53.85743384273683,54.69181694172904,39972302
2025-02-01,55.297733306884766,60.47289695557171,54.64214687352399,58.60546744056075,89958203
2025-02-03,52.78465270996094,54.63221551360011,51.9800715974776,54.63221551360011,28485556
2025-02-04,53.89716339111328,54.3739569804464,53.1422471548481,53.8872319280469,15419489
2025-02-05,54.075958251953125,54.78121336038073,53.78790036228997,53.936895038490555,8466593
2025-02-06,53.707759857177734,54.53372489583255,53.289798671948766,54.33469594077883,7710409
2025-02-07,52.95145034790039,53.53858367476654,52.324514267132635,53.339554720612306,8907154
2025-02-10,51.478641510009766,53.04101251669597,51.349272122021304,52.89174365008913,9661788
2025-02-11,49.81675720214844,51.98616477155163,49.45850585363614,51.74732927382294,16441328
2025-02-12,49.3788948059082,50.01578443141339,46.87113905836034,49.61773031355345,26334517
2025-02-13,49.2296257019043,50.58301804776802,48.921130630191904,49.65753662879243,15086946
2025-02-14,47.15972900390625,49.65753491376897,46.42332682690045,49.55801854109152,20295966
2025-02-17,47.46822738647461,47.896138328526334,45.47794534759653,46.323813695655026,19338403
2025-02-18,45.88595199584961,47.36870995607176,45.18935253846233,47.36870995607176,21433963
2025-02-19,46.85124206542969,47.408518619238556,45.189354551785264,45.477946364957326,13509673
2025-02-20,47.57769012451172,47.66725296174221,46.29395738959522,46.851237687491746,10696146
2025-02-21,47.22938919067383,49.15996508834615,47.0701667884478,47.41846840317828,16849908
2025-02-24,46.54274368286133,47.43836827932711,46.02526992225015,46.68206281145635,12861759
2025-02-25,46.154640197753906,47.08012162252037,45.826241848763786,46.124783386651956,8252603
2025-02-27,45.020179748535156,46.47308467287209,44.89081035779892,46.17454313715597,11479327
2025-02-28,43.04979705810547,44.910713421072245,42.472617264599506,44.28377354171375,27555059
2025-03-03,42.741302490234375,43.9752750825783,40.840583519700985,43.18911665526293,19557905
2025-03-04,42.36315155029297,43.258779957848226,41.646648824248764,41.85563131678607,19928649
2025-03-05,44.413143157958984,44.63207159294615,42.54227704599356,42.54227704599356,15143191
2025-03-06,44.771392822265625,45.56750481968067,44.49275077604928,45.27891303431726,12471471
2025-03-07,44.293724060058594,45.32867160694023,44.015085795960324,44.68183223726044,13796608
2025-03-10,43.437904357910156,45.72672780327636,43.16921584357008,44.93061579569179,23809726
2025-03-11,43.17916488647461,43.67673535771061,42.33329660383797,42.791060526296356,12272578
2025-03-12,43.457801818847656,44.28377059823051,42.81096250353659,43.43790234122322,20180060
2025-03-13,42.59203338623047,43.885715907117344,42.4925208062244,43.786203327111274,11401951
2025-03-17,42.56217956542969,43.46775769251706,42.42286043759494,42.69154895391689,10887950
2025-03-18,42.56217956542969,42.56217956542969,42.56217956542969,42.56217956542969,0
2025-03-19,45.27891540527344,45.42818807342581,43.716544342234954,43.78620390839629,21451759
2025-03-20,45.657066345214844,46.174540077711285,45.050029778321694,45.756578918472826,12882995
2025-03-21,46.57259750366211,46.9009958520324,45.38838109393746,45.62721280533257,18181178
2025-03-24,46.86119079589844,47.4284208737538,46.59250226488878,46.79153122817316,15837660
2025-03-25,46.005367279052734,47.26919678548834,45.87599788808299,47.26919678548834,16959154
2025-03-26,45.00027847290039,46.572599322156854,44.880858816378314,45.87599984375843,14873064
2025-03-27,45.81629180908203,46.12478308454255,44.37333662321842,44.54250876832108,20597003
2025-03-28,44.94056701660156,46.71191676639666,44.78134460983528,45.81629215189693,15943695
2025-04-01,45.78643798828125,46.22430247932843,44.69178435298698,45.01022918493302,10811428
2025-04-02,46.622352600097656,46.67211268517901,44.87090617545312,45.826240588895594,11206804
2025-04-03,47.358760833740234,47.50803350375532,45.786436215251626,45.786436215251626,13093665
2025-04-04,45.29882049560547,47.18958618970377,44.68183411510281,47.080123864323106,16449996
2025-04-07,42.980140686035156,43.38814836566791,40.76097659474853,40.76097659474853,20056122
2025-04-08,45.49784469604492,45.61726054514407,43.32843715724318,44.781342009127236,24480429
2025-04-09,45.368473052978516,46.27405110556352,45.129637570509836,45.49784243082243,22251708
2025-04-11,44.79129409790039,46.274055836965886,44.63207169202826,46.03522033007689,15450332
2025-04-15,46.07502746582031,46.22430013404216,45.318721977361676,45.77648592553826,13369853
2025-04-16,46.463130950927734,46.801479035692715,45.77648504191715,45.77648504191715,13928766
2025-04-17,46.682064056396484,47.13982800431986,46.04517442517063,46.27405639913232,13020858
2025-04-21,47.826480865478516,48.134972165536375,46.44323159881206,46.77162997183585,18722605
2025-04-22,48.31409454345703,48.91118141809765,47.21944096752502,47.82647758180357,22063729
2025-04-23,48.36384963989258,48.76190754649182,47.22938954109474,48.443462739677045,15561345
2025-04-24,48.24443817138672,48.8713781026075,48.01555618294527,48.154875324069465,17013928
2025-04-25,46.682064056396484,48.552930195243654,45.88595201736417,48.28424167028994,19321686
2025-04-28,47.03036117553711,47.16968410190105,46.17454311912813,46.47308465472769,10972823
2025-04-29,46.78157424926758,47.66725288089418,46.532789012511685,47.07016603498317,8075604
2025-04-30,45.37842559814453,46.940796578948905,45.040077524814585,46.771624440364654,13236009
2025-05-02,45.30876541137695,46.423325988261006,45.23910584984188,45.378424972912036,9546355
2025-05-05,45.448089599609375,46.12478581236301,45.199304338925295,45.51775296506978,9369760
2025-05-06,43.835960388183594,45.816292652895584,43.686691515548866,45.40828499383534,19945581
2025-05-07,44.900760650634766,45.079886333504135,42.4427649733258,42.4427649733258,10859719
2025-05-08,44.64202880859375,45.86605186369823,44.27382767726035,44.83110424443265,12559034
2025-05-09,44.96046829223633,45.11969069192079,43.238874909347636,43.238874909347636,15393447
2025-05-12,47.57769012451172,47.647349687228605,45.836193464266714,45.97551258970048,17112587
2025-05-13,47.63739776611328,48.144921793004286,47.15973055008512,47.667254576976134,9131597
2025-05-14,49.080352783203125,49.707292662931785,47.78667026966649,47.86627957398671,19385641
2025-05-15,50.80194854736328,51.339325611734196,49.17986761431555,49.35899330243919,25404819
2025-05-16,50.9611701965332,51.229858724696214,50.36408710916763,51.16019915770896,15123827
2025-05-19,50.42379379272461,51.3890817994134,50.17500853707589,51.339325507515994,20488002
2025-05-20,49.46845626831055,51.329372598920756,49.27938085230781,51.20000321104441,28471695
2025-05-21,51.100486755371094,51.84684247504737,49.09030535766511,49.55801902727242,28831825
2025-05-22,51.000972747802734,51.36917382959339,50.44369245945255,51.09053558349899,10092788
2025-05-23,50.652679443359375,51.1502499534271,50.30437780861493,51.1502499534271,10096785
2025-05-26,50.78204345703125,51.05073197961722,50.45364890464503,50.652677861689625,11267679
2025-05-27,50.911415100097656,51.528401477676766,50.374038031160154,51.00097794492057,12535618
2025-05-28,51.52840042114258,52.33446600802132,50.7521916460338,50.7521916460338,28952178
2025-05-29,51.19004821777344,51.92645417837313,51.00097280715526,51.74732850677216,8653501
2025-05-30,51.020877838134766,51.44878875767547,50.11529970993126,51.19004998038217,10691777
2025-06-02,51.35922622680664,51.98616610275716,50.87160547969811,51.39903277680765,14637225
2025-06-03,50.84175491333008,51.61796369491685,50.553163106169244,51.52840085118286,9268560
2025-06-04,50.85169982910156,51.32937081447566,50.155104217433866,50.841750090146896,15341332
2025-06-05,50.334232330322266,51.150247626010426,50.264568969613784,51.050731250827994,7835676
2025-06-06,51.3990364074707,52.01602279142214,50.075496997658085,50.433748380649824,28268632
2025-06-09,52.901695251464844,53.22014006682871,51.44879030684697,51.7473318467304,32258815
2025-06-10,52.72256851196289,54.016251022978835,52.483736803305995,53.876931893568724,30941309
2025-06-11,51.90655517578125,53.08082187684,51.588110354764815,52.94150274216552,14395985
2025-06-12,50.30437469482422,51.966262069585355,50.095396004610166,51.89660250618067,15973250
2025-06-13,49.84661102294922,49.98593015047961,48.38375259155703,48.81166350963554,12859267
2025-06-16,49.76700210571289,49.89637150478863,48.45341622695529,49.72719934890344,11022659
2025-06-17,49.06045150756836,50.01578597531569,48.83156952859734,49.85656356402447,8160863
2025-06-18,48.31409454345703,49.2395759724126,48.11506558524349,49.0106939991236,9203038
2025-06-19,47.826480865478516,49.00074762378352,47.567742063187914,48.11506888873234,14814511
2025-06-20,48.393707275390625,48.66239579750138,47.66725481020002,47.77671713002742,47510313
2025-06-23,49.25947952270508,49.61773089025607,47.76676802201705,47.866280603598256,12447700
2025-06-24,48.61263656616211,49.936175924707705,48.53302725978193,49.78690325552259,17879681
2025-06-25,49.538116455078125,49.61772955513017,48.64249185646198,48.81166399983024,17436228
2025-06-26,49.995887756347656,50.145156635356486,49.12016257408094,49.6873926658705,20326369
2025-06-27,49.46845626831055,50.19490871441981,49.309233866371,49.99588355911651,11155952
2025-06-30,49.36894607543945,49.995885974181576,49.25947995703795,49.56797503651841,6988566
2025-07-01,49.42864990234375,49.75704824290445,48.61263461485304,49.45850671267933,9178943
2025-07-02,49.3788948059082,49.906322111410994,48.90122758677932,49.45850790717716,15292132
2025-07-03,49.25947952270508,49.65753744135321,49.03059754813898,49.65753744135321,6509925
2025-07-04,49.24952697753906,49.65753461263872,48.69224668240917,49.27937999108053,8189905
2025-07-07,48.84151840209961,49.69733640849012,48.68229220984683,49.110203111122765,9312028
2025-07-08,49.20972442626953,49.39879985432748,48.64249434593393,49.10025830617639,7684828
2025-07-09,48.28424072265625,49.358991005216254,48.1747746076574,49.358991005216254,10809224
2025-07-10,48.03545379638672,48.612633569589974,47.886181136403046,48.324045581069065,5561276
2025-07-11,47.36871337890625,48.15487573471039,47.1497849250564,47.975750038548384,9166532
2025-07-14,47.717010498046875,47.91603945222732,47.18958320004447,47.567737833371154,10631551
2025-07-15,48.35390090942383,48.61263589679887,47.63739818105969,48.1648254877329,9385988
2025-07-16,48.523075103759766,48.75196088199567,48.005605107168904,48.174777260638656,6088572
2025-07-17,48.14492416381836,48.65244441953974,47.97574821447005,48.52307502252771,4698419
2025-07-18,47.826480865478516,48.26434156668168,47.57769559967088,48.06531259480319,5874918
2025-07-21,48.28424072265625,48.552929242336646,47.47817516361507,47.83642652318893,7384177
2025-07-22,48.12501525878906,48.52306934710883,47.59759178858873,48.21457809298924,6516377
2025-07-23,48.36384963989258,48.64249169297666,47.856329415332006,48.42355946473093,7374442
2025-07-24,47.22938919067383,48.572831768357375,47.0701667884478,48.463365655046694,10671478
2025-07-25,46.26410675048828,47.41847015839672,46.13473735759049,47.41847015839672,12149862
2025-07-28,45.20925521850586,46.64225686921832,45.0301295376466,46.19444266707018,7644427
2025-07-29,46.333770751953125,46.721875171635084,44.8609623868247,45.20926025162595,10014056
2025-07-30,45.81629180908203,46.64225685170144,45.69687215777965,46.64225685170144,5622539
2025-07-31,44.85100173950195,45.43813504434342,44.78134217758529,45.030127411905205,7618707
2025-08-01,44.114601135253906,45.26896451156426,43.98523174589731,44.851003329089686,8233290
2025-08-04,45.020179748535156,45.18935189351504,43.83595954902961,44.15440435994835,8566971
2025-08-05,44.781341552734375,45.22915572749399,44.59226614390759,45.0301267835829,4341725
2025-08-06,44.50270462036133,45.069934659718186,44.09469698159303,44.930615533723376,5804766
2025-08-07,44.58231735229492,44.78134631738231,43.21897520511324,44.06484356153243,11275670
2025-08-08,43.308536529541016,44.77139500600351,43.18912067314458,44.77139500600351,6497652
2025-08-11,44.03498840332031,44.134500982942285,43.02989768295675,43.43790533326535,6046469
2025-08-12,44.45294952392578,44.78134789733058,43.885719420919216,44.04494183937435,5436763
2025-08-13,44.57236862182617,44.78134733162826,43.96533197283376,44.532562068674764,6286772
2025-08-14,45.14954376220703,46.25415082222449,44.23401591191309,44.731586386071484,17522244
2025-08-18,44.741539001464844,46.37356965423404,44.60221986713017,46.37356965423404,10774842
2025-08-19,44.900760650634766,44.980373752426324,44.293724036039876,44.88085737518688,6493036
2025-08-20,44.3832893371582,44.93061995190366,44.29372649076002,44.910716675352745,9225074
2025-08-21,44.39324188232422,44.86095938042306,44.28377576181923,44.482804726722684,6654503
2025-08-22,43.5672721862793,44.532560180379946,43.29858365814319,44.39324104641938,11363551
2025-08-25,44.83110427856445,45.229162223557935,43.437909063411084,43.68669432999153,18170815
2025-08-26,43.995182037353516,44.831100616630046,43.78620334157478,44.78134432661057,9498679
2025-08-28,42.154170989990234,44.0150834921139,41.89543221873197,43.995180217697005,49939788
2025-08-29,42.76221466064453,43.52973821699962,42.08439839059873,42.363497865636944,10112356
2025-09-01,43.1409912109375,43.32041338752197,42.69243957192148,42.86189173733729,6844127
2025-09-02,42.662532806396484,43.70915962173059,42.47314442346111,43.36028528410092,9441568
2025-09-03,42.86189270019531,43.10112354183045,42.54292077964529,42.90176514087537,7349593
2025-09-04,42.57282257080078,43.459963449185835,42.41333661291633,43.360286151424994,7194208
2025-09-05,42.18407440185547,42.90176309000737,41.96477979104348,42.77217956521438,6727108
2025-09-08,42.11429977416992,42.74227737986583,41.9946862596143,42.46317410930928,5461729
2025-09-09,42.13423538208008,43.60948138166944,41.9747494308392,42.86189027226939,16457834
2025-09-10,42.18407440185547,42.68246847919539,42.11429953522348,42.46317386838341,7852296
2025-09-11,42.31365966796875,42.722342676108084,42.19404614916937,42.32362587684986,5870885
2025-09-12,42.54291915893555,42.762213771876425,42.24388347011758,42.532949147922736,6301706
2025-09-15,43.13102722167969,43.58954889545929,42.48311335040109,42.5429220131553,8309139
2025-09-16,43.270572662353516,43.529735903623674,42.931664545341796,43.36028374634029,5736571
2025-09-17,43.888580322265625,44.35707196201764,43.37025003630371,43.37025003630371,14630403
2025-09-18,43.948387145996094,44.357070111782136,43.67925390475482,44.23745660537873,6808414
2025-09-19,43.44999694824219,43.94839103858566,43.11108881471082,43.93842482985466,10683493
2025-09-22,43.32041549682617,43.80884340185362,43.16092953236839,43.449999031212286,5165059
2025-09-23,42.981502532958984,43.430057946020774,42.77217794101178,43.210763343536144,4363692
2025-09-24,42.27378463745117,43.24067034482216,42.18407355323691,42.86188978897915,7706276
2025-09-25,41.8651008605957,42.49307843818921,41.76542357000082,42.36349491845994,5431847
2025-09-26,40.87828063964844,41.84516636858259,40.37988656121971,41.83520016008984,10819017
2025-09-29,40.70882797241211,41.12747716791755,40.42972850874182,40.91815257016483,8346067
2025-09-30,41.057701110839844,41.20722084915109,40.71879299945327,40.76863544718695,5162276
2025-10-01,41.33680725097656,41.42651833972924,40.878281795993345,41.0577039734987,3659042
2025-10-03,41.87506866455078,42.01462220012492,41.267031084837605,41.36670837923123,5837776
2025-10-06,41.76542663574219,42.1143009808779,41.46638713711709,41.954815022752264,4653206
2025-10-07,41.35674285888672,41.92491181176299,41.27699798008894,41.66574475811532,4742099
2025-10-08,41.65577697753906,42.303686982318055,41.57603210175059,41.9548126568559,11042447
2025-10-09,42.174110412597656,42.353532594076874,41.635843868159995,42.353532594076874,7781887
2025-10-10,43.270572662353516,43.84871160414497,41.94484642393219,41.94484642393219,22845323
2025-10-13,42.59275817871094,43.19083336401612,42.313658707035586,43.06124983683323,6954749
2025-10-14,42.03455352783203,42.71236975899096,41.64580676634719,42.56285382127484,8581234
2025-10-15,42.00465393066406,42.37346449814481,41.80529553116669,41.86510419174946,7012503
2025-10-16,42.94163513183594,43.06124864460722,41.984715622330654,42.06446049914152,6683429
2025-10-17,42.68246841430664,42.931665452597755,42.07442703248511,42.76221329173342,6529950
2025-10-20,42.93166732788086,43.21076680617574,42.612695409130936,43.21076680617574,4755952
2025-10-21,43.09115219116211,43.36028545371999,42.96156866420199,43.011411114725576,1609206
2025-10-23,43.25063705444336,43.66929005311118,43.09115110315205,43.66929005311118,5677661
2025-10-24,43.38022232055664,43.489869629431986,42.961569305073056,42.961569305073056,6377395
2025-10-27,44.486656188964844,45.35386081458102,43.34034829575017,43.41012316203854,32059830
2025-10-28,44.51655960083008,44.845501522700246,44.26736255787818,44.75579043513976,5397837
2025-10-29,44.60626983642578,44.76575578877107,43.759001427549904,44.60626983642578,7641788
2025-10-30,44.46672058105469,44.925242223666814,44.11784244237104,44.855467356419105,6473300
2025-10-31,44.64614486694336,45.10466653124875,44.22749184120499,44.46672268483338,6579335
2025-11-03,45.044857025146484,45.60305978151636,44.64614402983531,44.85546863755707,7927758
2025-11-04,44.51655960083008,45.094698565652145,44.35707364543867,44.85546773134247,5749434
2025-11-06,44.72588348388672,45.114630256238605,44.10787589200538,44.516558883765704,9407172
2025-11-07,44.34710693359375,44.70594747731886,43.51977093520749,44.60627018224717,6311148
2025-11-10,43.280540466308594,44.3869759421237,43.1310245224481,44.327171085557545,8290792
2025-11-11,43.10111999511719,43.58954404469809,42.5030448414665,43.2905083690952,8074332
2025-11-12,43.15095901489258,44.45674903025413,42.7422760341203,43.36028360938558,17399146
2025-11-13,42.2139778137207,43.35031953059768,41.98471698909368,43.15096113452566,11112140
2025-11-14,42.822017669677734,43.10112093511301,41.9448468424383,42.06446035479913,8484947
2025-11-17,44.39694595336914,45.80241711935627,44.00819917590707,44.85546759845541,97924485
2025-11-18,44.03753662109375,44.46683052098583,43.62821032217693,44.426895319035296,11561917
2025-11-19,43.887779235839844,44.127386626653056,43.57829095789269,44.02754862696827,6429552
2025-11-20,43.89776611328125,44.17730490300935,43.53835692167062,43.92771560977201,6164189
2025-11-21,43.5982551574707,44.197271735895285,43.39858677309282,43.92771484686877,9346559
2025-11-24,43.129032135009766,43.69809543873335,42.45014892908856,43.52837273303779,8123376
2025-11-25,43.20889663696289,43.368633630117955,42.53999916826054,42.92935785104911,5607589
2025-11-26,43.20889663696289,43.67812572054415,42.899408354967015,43.20889663696289,5930721
2025-11-27,43.129032135009766,43.508408940302324,42.859475231914836,43.218884436041414,6000489
2025-11-28,42.839508056640625,43.47845606658201,42.72968815335122,42.92936035856554,12343572
2025-12-01,43.03917694091797,43.92771418670939,42.56994786613498,43.0691264364385,9385242
2025-12-02,42.719703674316406,43.37861924578834,42.38026208850175,43.049159555837214,4854168
2025-12-03,42.899410247802734,43.01921204584742,42.210541340077164,42.71970564652045,5802369
2025-12-04,42.93933868408203,43.12902897705423,42.45014582084161,42.92935678844518,4937503
2025-12-05,42.72968673706055,43.029193130739515,42.460129840220354,42.8694561335487,4341458
2025-12-08,41.82118225097656,42.7197052490275,41.44180545086278,42.6298529492224,6848620
2025-12-09,41.33198928833008,41.7912326828063,40.74295839248259,41.451791085056385,7668285
2025-12-10,41.86111831665039,43.268801837026885,41.681413713331644,41.94098491344175,14378873
2025-12-11,41.711360931396484,42.02085302207069,41.33198795261817,41.94098262121399,5537223
2025-12-12,41.19221496582031,42.26046063647969,40.93264377854378,41.921019047930166,10877672
2025-12-15,41.96095275878906,42.04082316447548,41.182235345499215,41.182235345499215,7909723
2025-12-16,41.3619384765625,41.92101987116147,41.272086177581066,41.92101987116147,4120606
2025-12-17,40.99254608154297,41.501706553967075,40.94262517713859,41.42183996209461,4482500
2025-12-18,40.69303512573242,41.062430007560124,40.48338104151469,40.99254531282088,4294270
2025-12-19,41.02249526977539,41.1323151651529,40.593201392443426,40.73297078349471,6023267
2025-12-22,41.9210205078125,42.3203611027933,41.14229930200356,41.431823804055206,6770634
2025-12-23,42.609886169433594,42.82952597506311,41.89106775714101,42.14065706047254,7156632
2025-12-24,42.410213470458984,43.01921197283416,42.190573667391085,42.609885672481575,4787079
2025-12-26,42.140655517578125,42.719704508153235,42.04082132327295,42.44016190892404,4108158
2025-12-29,41.5516242980957,42.360294975839174,41.44180440018149,42.18059038078507,4889268
2025-12-30,42.060787200927734,42.330344084626596,41.09237956042777,41.55162292890869,6276612
2025-12-31,41.980918884277344,42.330346184224716,41.83116759152598,42.120688280884124,5220684
2026-01-01,42.09074020385742,42.41021420928692,41.91103559974951,42.12068970173189,3291468
2026-01-02,42.73967361450195,42.82952591591444,42.09073990336395,42.13067510586517,5616061
2026-01-05,42.17060852050781,42.919376397723696,42.08075622290469,42.749653698504304,5006189
2026-01-06,41.82118225097656,42.38026365070053,41.721348054939995,42.180591450196935,7654980
2026-01-07,42.260459899902344,42.68974996975617,41.98091730874949,42.380261691293406,8672841
2026-01-08,42.070770263671875,43.278781517573485,41.731328675719396,42.82952384070933,17749470
2026-01-09,41.42184066772461,42.01087155048575,41.25211796840511,41.6913937522626,7252215
2026-01-12,40.90269470214844,41.411855185984095,40.21382581360383,41.411855185984095,7367343
2026-01-13,40.84279251098633,41.28206830377103,40.67307361664807,41.08239991241554,5247793
2026-01-14,41.72134780883789,41.85113150123378,40.63313832136433,40.64312021753692,6526772
2026-01-15,41.72134780883789,41.72134780883789,41.72134780883789,41.72134780883789,0
2026-01-16,41.43182373046875,41.75129772925817,41.23215152911774,41.72134823200618,4857896
2026-01-19,41.0823974609375,41.47175613264943,40.66308548556527,41.03247655764707,5888746
2026-01-20,40.243778228759766,41.02249558979477,40.13395833252554,40.852772893315425,8065933
2026-01-21,38.92594909667969,40.24378030253823,38.506637090217154,39.93428819796898,14494513
2026-01-22,40.07405471801758,40.33362970537516,39.18551747880249,39.18551747880249,6535975
2026-01-23,39.654747009277344,40.583219458595245,39.43510721872851,40.53329855461214,5529058
2026-01-27,39.664730072021484,40.13395916257034,39.13560198841899,40.03412116009697,8320944
2026-01-28,41.04246520996094,41.132317510535934,39.864403406168954,40.034122302571454,7853744
2026-01-29,40.60318374633789,41.471757214980485,40.493367658151534,41.222167925735434,7123781
2026-01-30,41.48173904418945,41.651461740987145,40.18387550388663,40.56325228929003,7569161
2026-02-02,41.06243133544922,41.42184052483386,39.68469737895153,40.58322035241314,7174745
2026-02-03,41.5516242980957,42.77960315867851,40.98256101656783,42.530013866484516,7899139
2026-02-04,41.9709358215332,42.03083481359666,41.21218224899996,41.531656234772804,5521799
2026-02-05,42.19057083129883,42.24049173477161,41.69139226401288,42.030833842104535,5962951
2026-02-06,43.06912612915039,43.22886311817062,42.25047358436794,42.55996566678286,13384657
2026-02-09,44.097434997558594,44.25717580312195,43.43851940833141,43.77796100329271,12164520
2026-02-10,44.26715850830078,44.85618941007459,44.037536808752414,44.177306207744415,7534726
2026-02-11,44.35700988769531,44.42689458574002,43.538357303374084,44.22722238771353,6002988
2026-02-12,44.386959075927734,44.576649376528096,43.678126395869484,44.26715728131671,11060437
2026-02-13,43.94768524169922,44.37697915058574,43.678128335531134,44.20725644295522,7597646
2026-02-16,42.18059158325195,43.92771667841624,41.811200486634895,43.92771667841624,11141730
2026-02-17,42.540000915527344,42.66978841793114,41.8112006162961,42.47011621617849,6738730
2026-02-18,42.13999938964844,42.880001068115234,41.900001525878906,42.79999923706055,4629937
2026-02-19,41.029998779296875,42.290000915527344,40.86000061035156,42.150001525878906,5713094
2026-02-20,40.68000030517578,40.91999816894531,40.33000183105469,40.77000045776367,4781082
