Price,Close,High,Low,Open,Volume
Ticker,JSWENERGY.NS,JSWENERGY.NS,JSWENERGY.NS,JSWENERGY.NS,JSWENERGY.NS
Date,,,,,
2021-02-10,70.46271514892578,71.77206898148688,68.32894649614565,68.6684149043276,3108574
2021-02-11,75.26367950439453,75.5546503031294,70.60819852250006,70.85067172154753,8928195
2021-02-12,72.4024887084961,75.16668131564894,71.77205699816803,74.77872277085523,2679065
2021-02-15,73.56636810302734,75.45766352091658,72.25701429045473,73.17840949938123,3056676
2021-02-16,72.74195098876953,74.43926317850749,71.82055590278935,74.09980222049867,2764907
2021-02-17,72.4024887084961,73.32388377764912,71.8205545911524,72.74194966030544,1806761
2021-02-18,73.12991333007812,74.68174021831199,69.92926436084419,72.64496696502415,5751654
2021-02-19,71.72356414794922,73.46937401511683,69.8322762915962,72.59646908153303,3861934
2021-02-22,69.63829803466797,71.77205899073104,68.91087851787002,71.72356139640024,1381550
2021-02-23,71.19013214111328,72.98443231952818,69.10486116633068,70.17174175352105,3909384
2021-02-24,70.65668487548828,73.12991433099184,70.07475070939756,71.28711663862589,1299058
2021-02-25,70.99615478515625,72.49949168635682,70.55970595561818,71.1901377980473,2635963
2021-02-26,69.73529052734375,71.6265784387099,69.00787096148069,70.60819548631831,2199673
2021-03-01,72.06303405761719,73.12991459931374,69.73528998501915,70.31722415324505,2948364
2021-03-02,83.60475158691406,85.83550785836515,73.71184855633618,73.71184855633618,37918014
2021-03-03,81.6164779663086,89.61809330810955,79.7736802258337,87.19336138635168,25169387
2021-03-04,81.85894775390625,85.05958931769267,79.3372281400973,79.53120372589248,11193512
2021-03-05,78.75529479980469,83.89572975631225,78.02787517764013,82.44089051198313,6758193
2021-03-08,84.52616119384766,88.26024709082832,79.0462652516759,79.38572626054778,30613602
2021-03-09,81.18002319335938,86.70841651099524,79.91916701191923,85.35056513124108,11716480
2021-03-10,84.23518371582031,86.32045460475035,81.95593723709445,82.19841042418643,11468549
2021-03-12,83.02281951904297,85.15658804995505,82.05292675036327,83.60475370031186,6173267
2021-03-15,83.31379699707031,84.04121663196959,79.96766223671649,82.92583837851832,5373431
2021-03-16,83.26528930664062,86.17496749370805,81.61647462718012,83.36227709960401,8836563
2021-03-17,81.13153076171875,84.08969923653956,79.04625985015012,82.68335769601592,4030484
2021-03-18,81.6164779663086,83.84722689450908,80.50109980236107,82.44088533976735,4897087
2021-03-19,82.24690246582031,83.07130976630665,77.78539020494092,80.01614633538061,3882688
2021-03-22,83.65325164794922,84.76862981652746,82.48938328055125,82.92583206840183,5497499
2021-03-23,83.70175170898438,85.0595957109985,82.53787590765036,84.13820050967537,3274029
2021-03-24,80.79206848144531,83.84722470326169,79.33722936641108,82.53787097966976,2405782
2021-03-25,81.13153076171875,82.1014235206163,78.6583012666522,81.95593812684275,2751111
2021-03-26,84.86561584472656,85.49604761379771,81.18002042530637,81.66496680156195,10931102
2021-03-30,84.67164611816406,87.67831237924095,83.9927167045693,86.3204609517464,6595378
2021-03-31,85.205078125,87.48432464815279,84.3806707527568,85.25357572324148,4573064
2021-04-01,87.96926879882812,90.00604947815675,85.20507596220348,85.93249551919388,12835744
2021-04-05,83.94422149658203,87.67830714970276,82.44088475586203,87.29034856503038,5031925
2021-04-06,83.07131958007812,85.78701497307374,82.68336098116595,84.57464897628245,4786275
2021-04-07,86.70841217041016,87.29034633268923,82.97432661278398,83.60475097209793,7078339
2021-04-08,85.98099517822266,87.53282212374629,84.86561701748255,87.29034893226776,5101227
2021-04-09,97.42572784423828,99.3170232254989,85.35056556259059,86.32045835307457,47767621
2021-04-12,90.10303497314453,95.82540348871214,84.08969568232827,94.90400096688761,23168073
2021-04-13,93.64315032958984,95.24346748761793,89.71508163333361,90.29701581804333,9864548
2021-04-15,92.96421813964844,93.98260848190039,89.03615696173604,92.91572794220916,5329479
2021-04-16,96.84378814697266,100.57787369821665,91.84883907986709,93.30367818292535,19201032
2021-04-19,97.23175048828125,98.54110425182542,91.31540605322252,92.3337890250037,9070828
2021-04-20,97.76519012451172,101.547765851007,96.11636804402175,98.92905844040345,10999733
2021-04-22,96.64981842041016,99.60798700285558,96.01938662425137,98.34713081023278,8745101
2021-04-23,99.41400909423828,100.82035065325455,96.16486978914601,96.89228936788433,6366157
2021-04-26,102.7116470336914,103.92401301048264,100.48089067651769,100.96583706723418,9821565
2021-04-27,102.9541244506836,104.36046608155058,101.83874622636066,103.68154406658617,6432992
2021-04-28,103.8755111694336,106.20325522975057,102.90561842760938,104.21497214913319,5949477
2021-04-29,105.71831512451172,108.14304712278035,103.2450855263998,104.6514345252125,9779976
2021-04-30,106.30023956298828,108.04604940130818,104.26346635141118,105.03938347948538,9324766
2021-05-03,107.2216567993164,109.88886211870542,105.71831993214634,106.30025415825583,6015317
2021-05-04,106.8821792602539,112.50756023171759,103.29357900584417,111.48916987319062,11596859
2021-05-05,115.8051986694336,117.30852802897793,105.91228793704693,107.94906868174348,30820206
2021-05-06,112.99250793457031,116.87207902245257,111.53766877661448,116.38713263646729,8918722
2021-05-07,113.2834701538086,114.88378718670735,111.7801335111348,114.01088967774223,4541538
2021-05-10,115.56272888183594,116.29014848361037,112.1681040735553,114.15637987858848,4861751
2021-05-11,117.11454772949219,121.7215382198863,113.71992315762284,114.25336712165148,7382591
2021-05-12,114.05939483642578,118.1329491446844,112.11960918478692,118.03595394234644,5540148
2021-05-14,110.71326446533203,115.12627226014973,106.78519567022991,114.83530886032038,5914784
2021-05-17,110.03433227539062,112.31358621456353,108.04605652805624,111.5376690353096,4385175
2021-05-18,112.26508331298828,113.47744922349573,109.98583688117317,110.3737954524744,3843428
2021-05-19,114.25336456298828,115.85368161984698,112.41056692816058,113.04099867161402,4025817
2021-05-20,113.86541748046875,114.7383224902244,111.78014645707884,112.99251247071311,2709559
2021-05-21,113.5744400024414,114.93229133784855,112.21658866703426,114.641320551799,3135122
2021-05-24,113.3804702758789,115.90219008652542,111.53767246820439,114.44735088041841,3916913
2021-05-25,114.5443344116211,115.8051979697972,113.47745384684607,113.67142944055259,2754612
2021-05-26,111.6346435546875,114.54432153126334,110.761738681776,114.44733374531623,2214904
2021-05-27,112.21659088134766,114.83530580838405,111.48917130156444,112.02261528661666,4853113
2021-05-28,112.65304565429688,114.93229216238846,111.78014068958034,113.08949443680788,3652280
2021-05-31,114.20487213134766,116.04766984949939,112.55605740440345,113.47745256363207,6116040
2021-06-01,122.20649719238281,123.85531205176709,113.96240809607127,114.44735451350137,31706605
2021-06-02,126.91047668457031,128.4137986600031,121.52756877440798,122.9339103510909,24131604
2021-06-03,132.05088806152344,143.35014714227216,127.63788801991176,127.63788801991176,14919528
2021-06-04,131.0325164794922,133.65122394530863,129.48068215932526,133.65122394530863,5751647
2021-06-07,135.93045043945312,138.6946504414325,132.29335296284214,132.29335296284214,8021062
2021-06-08,139.27659606933594,142.47723010373656,134.86358137421746,136.65787396935295,8122292
2021-06-09,140.97393798828125,151.98221344973885,137.724790875339,140.14952310905977,18183827
2021-06-10,146.01734924316406,147.42369070115933,139.66454908530883,142.0407832452854,5691527
2021-06-11,148.92703247070312,151.6912178867772,146.69627621955286,146.84175421009778,6690636
2021-06-14,151.01229858398438,152.56413290753045,145.72638604345082,152.2246645244457,6187139
2021-06-15,148.92703247070312,153.0005789992361,147.6176713582442,151.78821308006624,2612528
2021-06-16,159.9838104248047,163.23295714382496,148.442092311352,149.26649229123333,8972509
2021-06-17,156.20123291015625,161.00219914154746,153.04908142093922,158.33499403528688,6163325
2021-06-18,153.19454956054688,157.51056913131748,140.92541278081896,156.34670084697538,8466559
2021-06-21,153.92198181152344,156.54068936760513,146.93875672884246,149.36348868806428,3010957
2021-06-22,157.21963500976562,158.96543027921098,153.34006365652664,155.085858925972,2636529
2021-06-23,156.54066467285156,159.5473377477308,153.6309867807957,157.9470208268549,3034070
2021-06-24,153.38851928710938,157.46208032591653,152.3701438267952,156.9286363994644,1650940
2021-06-25,149.218017578125,155.13435495208896,147.61768553153414,154.2129597249312,2071515
2021-06-28,148.9755401611328,152.51564296521175,147.42370575969593,149.46048656165812,3402837
2021-06-29,157.75303649902344,160.0322901881245,143.78658800236036,148.39357817444272,6190571
2021-06-30,162.69949340820312,166.48206885531545,156.5406691090616,159.54734226914704,7000630
2021-07-01,169.10079956054688,171.67100931700665,158.4319797724843,163.32992610840245,5930910
2021-07-02,163.2329559326172,171.04059568055536,162.50553635608983,171.04059568055536,4392760
2021-07-05,164.05734252929688,166.19111828596903,160.71121570998895,164.54228887410636,2054339
2021-07-06,160.12928771972656,164.7847607538678,157.70455601469973,164.68778036529943,3408453
2021-07-07,162.06907653808594,163.4269204020869,158.09251053733033,160.03229594269635,2516440
2021-07-08,162.06907653808594,169.14928142816137,161.29315941606188,162.84497886072182,5538562
2021-07-09,162.7480010986328,165.5121864662909,159.5473521682075,162.06907915566705,5156068
2021-07-12,165.80316162109375,167.30649833411866,162.31155662244976,162.94198098627209,4441099
2021-07-13,163.0389862060547,167.45198662295374,162.26306900329132,166.82156222036522,2303881
2021-07-14,168.03392028808594,169.73123261422822,162.06908574739865,163.13595890134042,4698964
2021-07-15,183.2127227783203,184.27961065449625,167.30648862052948,168.76132765201234,8459093
2021-07-16,188.20770263671875,189.42006864855102,179.76963815424415,184.27963379850425,5148455
2021-07-19,190.5839385986328,195.91834909375996,183.55221567323798,185.7344745121536,7088387
2021-07-20,195.48187255859375,198.24605781617933,184.81305308161097,191.06885790596422,5568173
2021-07-22,210.70919799804688,214.39479337400093,196.1123092850248,196.9852216316235,7537436
2021-07-23,233.50169372558594,238.98158217571398,210.70921271810403,212.64899833576206,16299716
2021-07-26,233.7926483154297,247.32264910045944,225.4515648181685,233.69565312151715,9028915
2021-07-27,247.04466247558594,250.32097814278598,229.83172715352794,236.67777860065428,7374498
2021-07-28,247.87596130371094,252.61928802466684,235.99317790190125,248.80506530693256,6488538
2021-07-29,244.5507354736328,251.34788342199866,236.7755801967767,237.75358752526697,3872479
2021-07-30,246.99574279785156,249.19625918898092,236.67776295702578,245.47982852154328,2412337
2021-08-02,238.14479064941406,249.34297186574082,235.30857529268778,246.45785315668311,5406689
2021-08-03,239.7584991455078,245.7732533837727,234.7217671937583,238.6337966469876,2501313
2021-08-04,241.61669921875,244.3551225614383,235.69975224618574,239.758476450437,2006269
2021-08-05,240.7364959716797,243.52382280438633,238.73159290322153,243.52382280438633,1660741
2021-08-06,243.3771209716797,246.0177376796502,239.41618844812044,242.88811732489972,3586936
2021-08-09,241.66561889648438,247.43585621441494,240.29639967101758,247.43585621441494,2293938
2021-08-10,229.68502807617188,243.52382586593708,229.58722137360934,243.52382586593708,2334047
2021-08-11,223.32798767089844,227.87571594690755,218.24233743652115,225.1861956943153,2333799
2021-08-12,234.183837890625,234.47724305635873,224.9416721708551,225.91967944116317,2455798
2021-08-13,234.47726440429688,243.81723767073632,232.7657515254334,239.12279936121203,1692158
2021-08-16,241.86122131347656,243.71942931437047,226.89770583214604,237.1667830357561,1220894
2021-08-17,244.64852905273438,246.9468522608811,234.23275689695453,239.9052024285787,2171624
2021-08-18,239.85629272460938,244.50182744608497,235.84645678521068,240.58979820694762,970640
2021-08-20,231.68992614746094,237.65577671747047,228.9515176135621,234.62394808224454,2030309
2021-08-23,220.14944458007812,232.4234239989782,220.14944458007812,230.71191125988938,1292584
2021-08-24,211.15176391601562,216.53080390846185,209.14686094830552,209.14686094830552,1223577
2021-08-25,221.6653594970703,221.6653594970703,211.24958720817273,211.24958720817273,3626227
2021-08-26,232.71682739257812,232.71682739257812,221.0296434765774,223.91476194439582,1641090
2021-08-27,243.71942138671875,244.30623174854915,230.8097277353171,237.36237380078842,2115525
2021-08-30,246.6534423828125,250.614375001626,236.6777707332429,245.47983658695856,2070915
2021-08-31,258.82965087890625,258.9763460187376,242.9370307248043,247.4358707069412,2262055
2021-09-01,249.68528747558594,262.5949819264338,247.53367422097935,262.39936851157177,965291
2021-09-02,248.560546875,256.7269137187654,246.45783717001478,252.7170778590181,401094
2021-09-03,249.39186096191406,251.34787555769378,244.59963117153657,250.36986825980392,504476
2021-09-06,251.0544891357422,254.1840946288711,245.4798355141849,250.3698720782125,1647413
2021-09-07,249.00067138671875,252.22808362677623,246.946850031039,247.4847570454511,1892356
2021-09-08,260.1010437011719,261.421329629943,247.92484133040338,251.29897832849483,1661159
2021-09-09,273.0596618652344,273.0596618652344,261.12796035250864,262.10596769465286,1388345
2021-09-13,286.7028503417969,286.7028503417969,278.7320963624691,286.55615520773136,848746
2021-09-14,301.0306396484375,301.0306396484375,292.4730756413346,300.9817512212485,2077692
2021-09-15,303.1333923339844,312.27773724761516,288.60997710878263,312.27773724761516,2152545
2021-09-16,304.5025939941406,311.9843442425872,298.2922413604674,311.9843442425872,1763401
2021-09-17,316.3365173339844,319.71062508269296,305.13832024538607,307.0943351187539,5732937
2021-09-20,323.52484130859375,332.1313244781585,309.0014550565854,311.3975553181893,1603798
2021-09-21,330.56646728515625,332.2779800595616,313.9403431909324,327.43683198767786,1147063
2021-09-22,332.2290954589844,338.14602775150047,325.6764345372369,334.4785003355406,768694
2021-09-23,343.1827697753906,346.6057954667738,328.70827307610796,338.0971495131849,1117244
2021-09-24,342.3514709472656,345.1387979456151,332.5225087307041,343.1827831883757,644782
2021-09-27,342.3514709472656,343.76959358483083,332.08239347175856,337.6081590380932,1013657
2021-09-28,358.7330627441406,359.4665682130938,336.92351207249806,337.41251571846686,1604094
2021-09-29,376.5816955566406,376.63061382905136,352.0826248494331,370.66476338315323,1545461
2021-09-30,381.3250427246094,386.8018896087058,376.53281289343045,382.2052433309216,1297879
2021-10-01,376.7284240722656,389.6870208032405,369.7845662697811,383.3788617767663,1184548
2021-10-04,370.81146240234375,384.7480664490157,365.5791173699244,380.44484029160685,987497
2021-10-05,380.2003479003906,381.3739686299031,363.81872519342846,380.15145947266717,2181900
2021-10-06,372.2784729003906,383.03655320399344,369.6867595238055,381.42284712773585,452407
2021-10-07,370.81146240234375,376.5328110855235,364.65002834132815,366.85054476975,641771
2021-10-08,373.35430908203125,380.4448624306749,366.75275941260435,378.4399592844524,441139
2021-10-11,380.49371337890625,384.35685400274076,366.8505299805499,373.354272304189,647563
2021-10-12,371.4960632324219,386.0194769951956,367.7307293166786,380.444823681351,773623
2021-10-13,390.029296875,390.029296875,371.74057838662554,376.5328081575295,1996970
2021-10-14,385.3348693847656,399.02697134259995,381.9118438953071,390.0782106751553,1142176
2021-10-18,383.232177734375,393.061139449603,376.5328215632523,393.061139449603,1297679
2021-10-19,370.8603820800781,387.29089286930093,364.11210779689065,386.16619043757447,1171995
2021-10-20,367.9263916015625,383.2810896977236,355.0166821309608,366.7527707964471,1776301
2021-10-21,362.7918395996094,376.3372175639795,356.97268390963933,371.64279420729576,3415208
2021-10-22,372.4740905761719,375.5548076382969,364.79672721115816,366.85054853471297,1521334
2021-10-25,365.6280517578125,379.46684971499104,359.0265021815852,378.4888423703648,1273131
2021-10-26,361.61822509765625,370.6647932711609,352.0826532390974,366.70387536078755,1329276
2021-10-27,358.4885559082031,369.6867511828632,355.9946492872016,360.8846856785093,2074768
2021-10-28,340.5910339355469,361.5693019485343,340.5910339355469,360.8357964913867,1940942
2021-10-29,340.98223876953125,348.17059838525114,330.0774633568041,337.4125180980664,2800654
2021-11-01,334.7230224609375,345.52999196340346,327.63246902677594,327.7791641630271,1513367
2021-11-02,329.29510498046875,340.34657671096477,319.5639193687004,334.7230341359991,1433687
2021-11-03,323.8182067871094,335.2608737163762,318.8303638375462,332.52246535204205,1802507
2021-11-04,325.1874084472656,332.2290725386736,321.56876970793405,328.6104337993421,193200
2021-11-08,310.32171630859375,325.18743977995797,309.2459321142735,325.18743977995797,1728428
2021-11-09,311.15301513671875,323.7204148549003,302.2042543509492,302.2042543509492,2171870
2021-11-10,312.57110595703125,319.710546552605,308.0722668840455,316.8743316521611,1149014
2021-11-11,326.21429443359375,328.17030886244794,311.9843014022441,313.9403158310983,1031634
2021-11-12,315.50518798828125,326.65446619449875,312.7178609751227,326.65446619449875,1189748
2021-11-15,315.21173095703125,317.80347409780853,305.8717734737754,315.5051510456694,1725300
2021-11-16,315.3095397949219,325.4808094954522,311.98432102599645,321.17758345058326,1607852
2021-11-17,303.96466064453125,317.85237641411373,300.24824479733206,315.3095514335179,2003258
2021-11-18,288.8055114746094,307.97445838157597,288.8055114746094,303.18222911643704,1172709
2021-11-22,287.8275451660156,295.35821354258803,274.37994438386136,274.37994438386136,2051183
2021-11-23,301.0795593261719,302.2042617744963,283.62212270098354,283.62212270098354,768808
2021-11-24,301.0306396484375,312.86453413039993,295.94501951777943,308.0723042557052,1725189
2021-11-25,310.0283203125,316.04305935874345,293.30438917809477,300.24824711652207,1549457
2021-11-26,295.2603759765625,309.5392874655843,294.5268705560279,307.5832730108255,1503290
2021-11-29,283.86663818359375,288.5121731754011,280.54141910610963,286.5561584420085,1539194
2021-11-30,280.9814758300781,298.04771457533616,274.82004198743056,279.75896674650414,5970436
2021-12-01,295.0158996582031,295.0158996582031,283.6221204441271,291.3972905121095,1299847
2021-12-02,309.6860046386719,309.7349229113724,298.29222559742993,300.24824019151146,1005437
2021-12-03,315.99420166015625,317.8524097788104,308.07233563177004,316.3365102245862,1129119
2021-12-06,303.86688232421875,317.8523748803902,301.22625065587744,317.8523748803902,851202
2021-12-07,300.2482604980469,311.6909585858874,298.29224577167525,301.2262678612327,1535829
2021-12-08,301.1773986816406,306.01851753098487,299.2702722629663,302.20429454005415,1151938
2021-12-09,289.0011901855469,305.13831248017135,287.9253760632884,304.6493087742736,523096
2021-12-10,292.7665100097656,298.14555050491396,288.5121720125014,293.40220882627267,454901
2021-12-13,293.6466979980469,297.85211753788764,291.8373784857285,297.7054224090866,254986
2021-12-14,289.0011901855469,292.42421612683086,278.9766142146438,286.11605638218333,445411
2021-12-15,284.69793701171875,290.37036753294717,283.62212298971616,290.37036753294717,439721
2021-12-16,288.1698303222656,293.40217508048346,273.93983676942725,283.62210257780066,446304
2021-12-17,280.49249267578125,298.2922381707669,276.7760767289411,288.5121647881188,833669
2021-12-20,277.31396484375,280.443600219817,266.50699584969533,276.7271843263505,459926
2021-12-21,286.2138366699219,288.1209628854277,272.91293112813526,280.199097611933,962432
2021-12-22,290.1258544921875,290.9082782263265,284.6001193132912,287.53414116188185,500727
2021-12-23,290.6148986816406,293.3533373635872,282.64414418346655,291.4462109573461,775563
2021-12-24,295.70050048828125,298.243325328903,282.25290068792987,288.5121411711745,1072241
2021-12-27,304.5025939941406,306.01849344609474,289.5390636508317,294.38021196557605,728399
2021-12-28,302.937744140625,306.1162676868947,298.5367115380978,304.84487020695184,198685
2021-12-29,299.3191223144531,305.8717831649457,297.02082903590866,305.0893892632813,736922
2021-12-30,292.7665100097656,302.2042750910608,291.44619410076416,302.1064683855022,392720
2021-12-31,293.8912048339844,301.2262598631188,291.44618649093957,301.2262598631188,651780
2022-01-03,292.4241943359375,298.97685544524205,291.2016851622923,298.2922383694346,1017541
2022-01-04,296.5318298339844,298.09661766078625,288.60996461353756,291.4461798576343,982954
2022-01-05,289.392333984375,298.29220576500677,281.7149712437637,297.50981191795853,1499420
2022-01-06,293.1576843261719,296.33620800944146,283.23091633078195,285.62701627647533,359015
2022-01-07,300.6883544921875,302.69325750641076,295.6027046245966,298.3900313819029,626300
2022-01-10,310.4195251464844,311.00633552241356,299.75925106169734,300.68836997745314,413701
2022-01-11,307.1431884765625,314.38046655866805,303.18227074889296,313.94035132385363,371665
2022-01-12,304.11138916015625,306.1162922346286,299.025739139737,301.226255617462,326461
2022-01-13,301.7641296386719,306.99647447503673,295.4070824169832,304.16025937618133,174325
2022-01-14,300.8350524902344,306.1162859592257,299.02573300969095,303.1822640490734,277965
2022-01-17,305.6761779785156,308.0723078671595,301.22625658122263,301.22625658122263,258297
2022-01-18,297.0208435058594,311.0063366427369,296.140613015587,311.0063366427369,214946
2022-01-19,306.898681640625,311.8376364591649,286.11602632335985,297.02083169637405,661936
2022-01-20,310.3706359863281,312.2777323955837,297.998849077982,306.8986920140058,603825
2022-01-21,302.05755615234375,312.913442992703,297.60760509463984,312.913442992703,1221969
2022-01-24,294.5757751464844,304.1602335911792,289.4901258617011,302.05752411923606,1996809
2022-01-25,297.7543029785156,306.8008695481315,285.77371481875406,288.5121230309923,1783682
2022-01-27,292.2774963378906,305.13828674922394,290.5659835115729,298.24334701605267,2092241
2022-01-28,289.050048828125,301.2262517886678,285.5781348126331,299.12354203929607,255758
2022-01-31,299.7103271484375,302.69323725715645,284.6001035277303,298.2922047283771,451596
2022-02-01,300.98175048828125,302.74215171260386,293.40219381473395,299.71035292031655,198942
2022-02-02,296.67852783203125,302.88888031138003,290.4681753526825,302.2042632457202,381882
2022-02-03,294.9670104980469,298.2922293808787,291.44617821476015,298.0966159804238,187621
2022-02-04,291.2016906738281,296.87412140833715,288.7566722802611,291.6418059232366,263628
2022-02-07,297.4120178222656,298.2922183990786,289.49015293812215,289.49015293812215,362558
2022-02-08,301.47076416015625,303.08447031046524,294.3802109074032,298.1944335844286,419619
2022-02-09,302.79107666015625,304.50258949513375,298.2922369532181,301.91087602859375,745184
2022-02-10,317.9012756347656,317.9012756347656,295.45602496914023,300.24825499157936,1362602
2022-02-11,333.7938537597656,333.7938537597656,319.85725081162263,320.7863696133969,1096398
2022-02-14,317.2167053222656,330.56650032775696,317.1188986132402,330.56650032775696,452321
2022-02-15,321.5688171386719,326.654467493302,301.3729705518574,310.02834190232556,462027
2022-02-16,323.916015625,326.6544240074554,313.0601290973858,317.8523586898893,631795
2022-02-17,330.4197692871094,332.5224789938169,317.9501763248412,317.9501763248412,1018659
2022-02-18,332.62030029296875,336.14113266497236,319.80839824711916,330.56647892209867,784236
2022-02-21,331.8868103027344,334.47852388990793,325.6764574717525,330.7621077852534,941762
2022-02-22,320.444091796875,327.6324515539842,315.89636373712506,323.23141862266203,1085820
2022-02-23,329.6862487792969,333.0114674482643,319.808369619919,319.808369619919,746117
2022-02-24,313.20684814453125,320.2974013031506,313.20684814453125,320.2974013031506,589472
2022-02-25,326.65447998046875,328.6104948306512,303.1823017782794,303.1823017782794,481528
2022-02-28,332.7181091308594,334.47851040495084,313.94035625727844,322.7424223205666,493811
2022-03-02,331.6911926269531,345.2366006323793,327.63246802222966,333.0115085419976,1172222
2022-03-03,329.9307861328125,338.390543757466,323.23142980301304,336.82572602514256,989478
2022-03-04,321.81329345703125,334.2339982341446,317.9501824898986,330.0774671661268,849481
2022-03-07,305.8229064941406,315.1628646323437,305.7250997910694,311.0552218746749,865738
2022-03-08,291.64178466796875,311.6909340340075,290.56597068392296,305.13827327824885,974992
2022-03-09,306.214111328125,306.214111328125,294.3802162664049,301.07957267231563,583005
2022-03-10,308.3656921386719,316.7765609530681,305.5294769159979,311.3975207614258,559976
2022-03-11,306.6052551269531,311.00628749719647,301.42182894056424,308.51238109262295,467934
2022-03-14,308.6101989746094,310.3217117906387,300.24824829771774,305.1382849149444,152120
2022-03-15,302.3020935058594,310.90854669288893,299.46587801329855,310.90854669288893,144890
2022-03-16,300.7861328125,307.72999060338117,296.82521519085816,304.1602699319832,164017
2022-03-17,292.1307678222656,310.0282879649588,286.7028098569879,307.876660147773,514296
2022-03-21,297.99884033203125,300.24824521428906,291.44617939367475,298.0966171862397,143218
2022-03-22,294.52691650390625,299.27025826596713,293.4022139862423,297.9988606105934,166238
2022-03-23,291.5928649902344,298.2922208373393,290.46816258586813,294.52688683453607,148098
2022-03-24,295.309326171875,297.0208390048218,289.2456687680116,291.20168343423654,164892
2022-03-25,289.97918701171875,297.26535390218186,288.51217594757856,293.8912165160927,398749
2022-03-28,295.84722900390625,299.0257529518821,282.64412952769885,283.6221368963068,622487
2022-03-29,287.77862548828125,298.1455080257056,285.6269976582153,298.1455080257056,339864
2022-03-30,292.9132080078125,296.6296240840362,287.53416746008975,292.8154013012979,397706
2022-03-31,295.5538635253906,296.33625754734413,288.46330950816866,295.26044338234396,483205
2022-04-01,302.39990234375,308.072333368799,288.70779863847,295.358237071039,280516
2022-04-04,317.51007080078125,317.51007080078125,307.094298801171,307.094298801171,616423
2022-04-05,333.3537902832031,333.3537902832031,322.7424052327819,333.3537902832031,1338220
2022-04-06,331.348876953125,340.15094306890194,327.632460976141,331.54449036093075,1184031
2022-04-07,320.6886291503906,338.39056953768613,314.82058459193365,334.47853983204817,514525
2022-04-08,335.2120056152344,336.2878196258791,322.74241240854076,325.1385422574124,879778
2022-04-11,351.8870544433594,351.93597272174657,327.9747911587749,339.27076481418027,883467
2022-04-12,334.3318176269531,346.21460092676665,334.3318176269531,345.2365935795159,458894
2022-04-13,318.73260498046875,332.5714036903476,317.8524042917136,332.5225152590234,452612
2022-04-18,334.62518310546875,334.62518310546875,308.07229156377815,317.8523643118346,649259
2022-04-19,330.2241516113281,347.14369543697444,317.9012539331288,340.34653291293523,859110
2022-04-20,327.5835876464844,334.4785278164138,320.3952273513219,330.56649825130955,309882
2022-04-21,332.62030029296875,340.3465522629892,326.6544495857425,326.6544495857425,439219
2022-04-22,336.1411437988281,346.21460773503816,334.47851933724024,337.9015451199313,340736
2022-04-25,322.4001159667969,333.500505324445,319.9550975993156,330.5175948546841,646709
2022-04-26,338.4883117675781,338.4883117675781,323.7203964727994,325.3830207195328,1669909
2022-04-27,334.7718811035156,345.9211880092172,328.610447157871,337.4125127067426,1012524
2022-04-28,323.13360595703125,336.92351485658355,321.0797846577083,334.91861183011,489915
2022-04-29,310.6640319824219,327.14346197023565,308.0723184473071,323.1336258243367,452237
2022-05-02,298.24334716796875,307.9256137639295,295.1626002018955,307.2899149688278,1030502
2022-05-04,302.3020935058594,313.10906334431985,295.4071234235255,312.96236820350794,1997888
2022-05-05,300.1504211425781,311.2996979008134,294.38018429674185,307.77889565346436,812041
2022-05-06,294.7225036621094,301.7641382626013,287.8275343398445,293.4021878475128,711469
2022-05-09,279.6123046875,294.3802221325351,274.8200744825328,292.4242073675349,709410
2022-05-10,273.1085510253906,294.8692144463931,266.99600512061465,274.3310602063458,607153
2022-05-11,252.81488037109375,282.6441022330603,245.82213433011214,273.93984346229377,1065839
2022-05-12,246.2133331298828,256.1890193402449,231.78772572703963,253.98850295676036,883676
2022-05-13,241.71450805664062,259.1719450409459,238.63379090562566,251.34788632272867,633676
2022-05-16,247.38694763183594,252.7660027937886,237.2645808637578,252.32588756296175,420698
2022-05-17,267.1916198730469,271.88604321297805,244.55074077386877,252.71709318983028,810027
2022-05-18,272.47283935546875,289.44127195522657,269.8811259834975,270.3212113600129,1365433
2022-05-19,261.12799072265625,270.516868268485,259.17197581087606,267.4850391859419,506850
2022-05-20,286.8984375,287.24074601244183,263.2795679912979,266.7025934228899,1806701
2022-05-23,303.573486328125,317.85240011809833,279.80791881170774,288.65887370719884,2777695
2022-05-24,287.6319580078125,314.9183561931537,285.13802144067006,309.05031228893347,1197003
2022-05-25,267.4849853515625,292.42417045746686,264.1108483692573,289.39234198511355,952281
2022-05-26,272.0816345214844,278.6342653242962,251.15225506105227,267.9739920478786,1423316
2022-05-27,277.1672668457031,282.54630707323463,273.93985464775005,276.48267963368426,602063
2022-05-30,280.1714172363281,286.5736465697221,277.7582572334006,281.50108697412116,375857
2022-05-31,272.48870849609375,279.72815803439653,269.8785750050164,278.7431997314585,530814
2022-06-01,260.6199645996094,274.40938039791104,258.69928394714384,273.81839942341844,933175
2022-06-02,260.0290222167969,269.09065168110345,258.650086444023,262.39291640705864,588416
2022-06-03,256.6308898925781,267.6131997055362,254.11925808607515,264.3628190669834,645889
2022-06-06,251.85385131835938,261.0139671330334,250.1794251010962,261.0139671330334,580231
2022-06-07,249.09596252441406,254.1192561578477,247.3230495048698,250.17942272904384,438933
2022-06-08,244.3189239501953,251.65686071872247,243.28471466741468,251.16438153923377,410838
2022-06-09,239.83737182617188,246.73208066717066,238.35993421738644,241.85653956403317,695546
2022-06-10,244.0234375,255.84293800454088,235.9467818277515,239.19714747235466,2392238
2022-06-13,227.27914428710938,243.48170649695572,224.27501824734085,242.79223864256755,966170
2022-06-14,223.29005432128906,233.18888871725275,218.9069926817716,226.54041987314946,895076
2022-06-15,222.1081085205078,226.34343244271773,220.63067099154657,226.34343244271773,522907
2022-06-16,209.20513916015625,230.48024468086788,207.3829753031052,226.49116051707554,877792
2022-06-17,206.98899841308594,216.14911439134386,201.76873100061786,208.81117743543422,1159197
2022-06-20,192.5593719482422,206.98900685234764,179.31168414742743,206.98900685234764,2723526
2022-06-21,208.1709442138672,210.48558721795146,189.11199496008746,196.79467276119522,1263216
2022-06-22,202.70443725585938,210.19011191322338,200.537531829498,208.07245741163044,957767
2022-06-23,200.5867462158203,208.02318418026925,194.38152112146884,202.99990600725758,736463
2022-06-24,205.4623260498047,208.2201975168311,198.9615946677629,203.68939794295036,812251
2022-06-27,215.0164031982422,217.62653672162224,206.8412461768276,206.8412461768276,1366723
2022-06-28,216.1491241455078,221.61564642996828,208.61419817859806,214.47469782278043,892784
2022-06-29,212.947998046875,217.67580126111565,208.26944575732614,210.78109262388574,478945
2022-06-30,204.82208251953125,215.65662419194888,202.0149602856041,213.58822070841384,729535
2022-07-01,201.17774963378906,204.62510397267897,196.00671812545423,201.2270005587705,662114
2022-07-04,201.62098693847656,204.67436407293818,198.32138522661427,202.6059453651709,444168
2022-07-05,199.2078399658203,206.84126770245865,198.07514379725404,203.4924150942232,558188
2022-07-06,205.01907348632812,206.7427505899628,195.02175229695547,199.2570761860265,780800
2022-07-07,211.96304321289062,213.39122987719034,207.77697004174905,207.77697004174905,690596
2022-07-08,209.05740356445312,214.77016483025474,207.23522465948554,214.1299329042496,486087
2022-07-11,223.7825164794922,228.5103191927832,207.6784577435976,208.4171764478846,1344314
2022-07-12,229.34756469726562,235.10956220025423,223.78254083506675,224.8660010643153,2108724
2022-07-13,224.91525268554688,232.253189630295,221.61563609202344,230.4802615357044,861346
2022-07-14,228.46109008789062,231.16972559557678,224.76749621377317,228.4118391637147,1196521
2022-07-15,225.30923461914062,229.6430455793408,221.91113113565729,228.707338102624,553800
2022-07-18,230.5294952392578,233.1888796678415,224.9644717755566,229.00280685437443,854760
2022-07-19,233.43511962890625,237.37495287158822,230.7264842745624,231.21896342989766,909153
2022-07-20,238.0151824951172,245.05764381073044,230.57875887513916,234.42009048054862,1474605
2022-07-21,232.00692749023438,240.28057108866741,229.15053944059932,238.01516402289363,776973
2022-07-22,233.9768524169922,246.14107867717118,231.46520568982285,246.14107867717118,4990234
2022-07-25,226.19566345214844,234.22308246810155,225.55544658054947,232.8441318557236,1356884
2022-07-26,219.44871520996094,228.01784952985054,217.23255900502718,226.34342340308817,878716
2022-07-27,224.3242645263672,226.2449303057002,218.7592558527895,219.44872369289985,1008902
2022-07-28,239.14788818359375,240.7238125115184,224.0780225615145,225.5554600729091,2838382
2022-07-29,235.1588134765625,244.51591809657234,232.94265711919175,239.6403771162111,1962690
2022-08-01,242.44749450683594,243.284715125251,232.45017315611028,236.34075567553828,1808852
2022-08-02,257.66510009765625,259.9304921889094,239.00012808597978,243.28470274934674,4640147
2022-08-03,260.521484375,262.6884047750715,250.67190084475425,256.08917178638944,2350467
2022-08-04,269.5831298828125,270.568088296621,251.16439552117487,261.7526984696166,2866873
2022-08-05,281.5010986328125,284.06199648394136,265.93876793975585,268.8936431390865,3533874
2022-08-08,306.9622802734375,312.2318137410282,279.82668829507213,282.8800653559836,8528443
2022-08-10,316.3686218261719,318.8310176060812,298.6393722108245,311.34532842344834,7423497
2022-08-11,312.8720397949219,318.4863148786198,306.3220722363049,317.1566149842128,2611720
2022-08-12,315.23590087890625,316.6641024780408,307.405500205788,308.29195668935233,1347487
2022-08-16,328.5328369140625,330.6997572500637,310.40960976597603,316.86110482265906,2080290
2022-08-17,327.20318603515625,336.85576614092287,325.62724661460095,329.4685782869552,1841567
2022-08-18,321.9828796386719,329.37006728742637,315.38367670757725,327.94189571045996,1328170
2022-08-19,311.44384765625,323.608059441374,309.2769272255199,321.5889068125231,999036
2022-08-22,300.0183410644531,310.75438184222173,298.4424015790592,307.30702736853624,920434
2022-08-23,314.1524963378906,317.64908666379495,295.4875224779488,297.4082033974735,1916328
2022-08-24,320.2099914550781,322.86936117970794,313.069042840915,315.72841256554483,1465882
2022-08-25,316.7626037597656,322.7708555620934,313.6599910435314,320.75167295798923,776592
2022-08-26,314.64495849609375,321.98288020496966,312.2810343974999,317.5013317135939,615739
2022-08-29,313.2659912109375,320.11146376722314,302.92392853538104,304.3521301663753,805956
2022-08-30,335.9200439453125,340.7955999565479,314.841940595547,314.841940595547,7895354
2022-09-01,347.9365539550781,353.1075855425209,336.85577198198644,336.85577198198644,4276033
2022-09-02,343.553466796875,353.40305047864945,338.08695987690777,351.0884223602676,1707653
2022-09-05,350.5466613769531,363.4496214285365,338.8256633371723,346.2128507645815,3289495
2022-09-06,353.747802734375,359.3128116730081,345.8188996515533,353.3538253867677,1940314
2022-09-07,347.4932861328125,361.2827027263137,345.4248976906215,354.1417548475363,1618180
2022-09-08,346.3113708496094,354.48651334312734,342.76551468597665,349.7094592100766,1130766
2022-09-09,343.70123291015625,349.66021898493267,340.7955937148921,348.13354554517656,875563
2022-09-12,343.4549865722656,349.5617102698694,342.76550370805626,345.96661832601944,785552
2022-09-13,338.8749084472656,345.9666205938887,336.95425769902346,345.326403677808,932338
2022-09-14,339.6136474609375,350.8421973723956,331.93098389277213,336.6587722334054,1812598
2022-09-15,335.3290710449219,343.1594716299197,332.22642829954856,343.1594716299197,1087535
2022-09-16,324.39605712890625,340.50013308373406,317.1566068308411,337.39749005703106,1479202
2022-09-19,339.12115478515625,343.454995660216,314.54646148750913,323.7558282591952,1790520
2022-09-20,333.95013427734375,348.4782707113099,330.94602317373824,340.7956071967661,1953803
2022-09-21,332.2264404296875,342.2237917590572,328.23737112362056,334.8858400060945,1234141
2022-09-22,326.66143798828125,335.1320859972761,324.1005402099511,330.4535337313332,905620
2022-09-23,314.30023193359375,328.23738730325323,311.44385858092335,323.55883489608004,846315
2022-09-26,291.6954040527344,311.24683295750117,288.8390309012254,305.6325584408633,2040218
2022-09-27,294.7488098144531,303.958177135319,292.0894100333104,293.2713721712729,1112025
2022-09-28,287.6570739746094,296.1769877454055,285.7364232280331,290.56271312931995,837890
2022-09-29,294.5517883300781,297.4574275430721,282.04283507448594,294.5025524350283,1167601
2022-09-30,295.8322448730469,300.4122951646684,287.60783668223996,291.8431455414721,1254492
2022-10-03,287.50933837890625,300.3137970191186,284.7514670028933,295.4875070818242,835125
2022-10-04,288.83905029296875,295.1920439852346,287.60785229513,292.04016508734946,1112848
2022-10-06,325.67645263671875,329.1730726019871,293.6653082058284,295.487487054372,10887764
2022-10-07,339.81060791015625,342.5192431905995,323.0663170855978,325.03623365319294,5553133
2022-10-10,340.056884765625,341.73132605508647,328.8283651109237,335.4768342555087,3215967
2022-10-11,321.93365478515625,346.21287301167735,317.25510244716065,339.8106434965254,1964849
2022-10-12,324.2483215332031,327.0061930657613,312.33031872602504,323.2633631203544,1143516
2022-10-13,315.3836975097656,323.11559704527724,313.2167769664537,321.88439902261035,1018422
2022-10-14,315.6791687011719,324.14981699316195,313.70925189180423,320.8009644289459,863436
2022-10-17,319.47125244140625,323.5588236539406,307.0607710018751,313.8077418295032,1316773
2022-10-18,317.205810546875,323.26332817795736,315.43289761880436,321.88436250218905,1121641
2022-10-19,313.75848388671875,319.1265191489068,310.40963136414905,318.1415607564719,1294101
2022-10-20,312.47802734375,314.89118725366717,306.7160151540716,311.4930690227295,678774
2022-10-21,307.6517333984375,314.9404188631555,305.5340790487517,313.2167418248114,576479
2022-10-24,311.83782958984375,313.01976161249905,308.2919734047891,310.7051334628449,142452
2022-10-25,305.7310791015625,314.4479668892136,303.81042827080375,313.2167688982613,454295
2022-10-27,309.8678894042969,313.8569585243638,306.4205353296813,307.6024672629957,611804
2022-10-28,313.4629821777344,320.60392992569535,309.86789035771073,311.4438296655209,1209176
2022-10-31,332.5711669921875,334.68882134463837,320.60392955062383,320.60392955062383,6728426
2022-11-01,343.1102600097656,346.11437106570503,333.90089308265027,333.90089308265027,4103447
2022-11-02,332.669677734375,344.73541734132124,329.9118064190616,344.63691549608654,1235532
2022-11-03,325.9227294921875,331.7339780573083,324.543793739903,327.5971708004548,826538
2022-11-04,320.0129699707031,332.62045520365933,318.6340342576493,326.2182257672614,1085703
2022-11-07,327.400146484375,338.3331900794366,321.0964191146909,321.6381341787371,2276682
2022-11-09,323.5588073730469,333.30988870682745,320.60393241986833,329.76403275130474,968954
2022-11-10,318.33856201171875,324.7407915133399,314.1524888760434,322.08139185078716,599388
2022-11-11,316.6148986816406,324.49456610508366,315.2359328357015,320.20999093187737,723342
2022-11-14,313.6600341796875,318.7818001458551,312.5273079017943,317.3043624531736,436733
2022-11-15,313.56146240234375,315.62988072258116,309.42462576186887,313.65996423826743,432501
2022-11-16,309.9171447753906,314.8912025736661,309.27692784728816,312.23180295410936,308672
2022-11-17,305.0908508300781,310.95136507283036,303.8596528848397,309.1784219965609,397779
2022-11-18,300.31378173828125,307.79947088183593,298.3438651246375,306.61750889023284,472233
2022-11-21,299.42730712890625,302.8746609938772,297.16191518391287,299.6243108017493,335832
2022-11-22,293.3698425292969,302.6776806469033,292.532621943004,300.0183112098197,572372
2022-11-23,297.0634460449219,308.094961591931,294.01006913101503,294.207072825542,1522830
2022-11-24,296.37396240234375,301.98823703779203,294.8965248728619,298.78712239058143,781772
2022-11-25,302.97320556640625,304.8938563841133,294.05931413735885,296.91571750379336,1183231
2022-11-28,307.20849609375,313.5614893245419,301.6927234523827,303.17016094246986,1159293
2022-11-29,304.25360107421875,311.1483089071792,303.12090508479764,308.09493228373145,521024
2022-11-30,303.514892578125,306.07579015671166,301.7419796706259,305.7310487417697,413774
2022-12-01,305.0415954589844,309.17840225572695,299.4765570549959,304.25361078921793,1369255
2022-12-02,303.76116943359375,307.7995049502501,302.8747128710461,305.04163340931404,470707
2022-12-05,305.14007568359375,309.7693918136052,301.39724608891316,305.23857752735745,665114
2022-12-06,305.7310791015625,314.9896819818147,303.9089000632442,307.30701854169035,1150204
2022-12-07,299.72283935546875,306.91305395670173,298.44240541506014,306.91305395670173,707531
2022-12-08,296.7679748535156,303.56421234028306,295.53677676657185,301.00331430773053,688245
2022-12-09,291.3999328613281,301.4957559142556,289.6269898022734,298.29464128771764,732360
2022-12-12,295.04425048828125,297.26040669142367,287.6078272522646,290.56270218978784,617547
2022-12-13,293.3698425292969,299.9690452585421,292.0401427814838,296.4724552351657,546603
2022-12-14,291.35064697265625,295.7337233386438,290.75969605195155,295.0935064688529,437588
2022-12-15,289.97174072265625,294.5025552770895,288.9867823438031,291.0059650555786,376430
2022-12-16,281.7966003417969,290.80896356504184,280.71314010512083,289.0852863889578,607175
2022-12-19,275.6898193359375,283.1755083510117,274.16314600998345,282.6830292060534,790238
2022-12-20,274.5571594238281,276.1823348042242,267.85945419493413,275.78835744815024,788992
2022-12-21,264.01806640625,279.4326882050866,261.01395554509145,275.5420908065635,617155
2022-12-22,265.98797607421875,270.8635316676532,253.62676147062072,264.9537818858135,1304419
2022-12-23,249.48995971679688,263.77184114354003,244.2696773166748,261.9496921942631,1725307
2022-12-26,259.7335205078125,264.2643047242634,242.20124441041082,249.48994498195356,735578
2022-12-27,265.8894958496094,266.92369000517994,258.994787989697,264.36279250264715,699682
2022-12-28,279.6296691894531,288.9867735022782,265.84025230739513,267.6624312642329,1907671
2022-12-29,282.1905822753906,287.8540930889456,279.7281862694972,281.5503653255673,1640805
2022-12-30,283.2740478515625,285.5394401961264,281.6981083664745,283.8650289157887,464511
2023-01-02,289.134521484375,293.4190964647737,283.6680144787747,284.603736966619,1005459
2023-01-03,285.5887145996094,290.9567201169569,284.65299204869507,290.85821826024807,365518
2023-01-04,280.1714172363281,287.11536164374564,279.137192924269,285.63792410527014,390570
2023-01-05,276.7732849121094,281.50107277331216,274.1138854535939,280.6146163066544,321335
2023-01-06,274.60638427734375,278.1522404564943,272.2424901774248,276.7733047364203,240805
2023-01-09,280.2206726074219,282.43682906916774,274.40942389721965,276.87181996582615,437619
2023-01-10,279.0386962890625,281.25485263817325,272.9319723844171,280.2698942607907,262145
2023-01-11,275.14813232421875,279.1372017812579,273.91693433642337,278.7432244368723,299816
2023-01-12,269.2876281738281,275.44361834815004,266.82523210409937,275.44361834815004,295618
2023-01-13,263.8703308105469,271.8484993017637,261.94968010060575,269.63234305745584,579064
2023-01-16,264.1658630371094,274.6063983517385,261.0139840366448,264.9538177579526,1018965
2023-01-17,261.8019104003906,266.086485119938,261.0139557648948,264.9045531666942,454274
2023-01-18,260.8662414550781,265.74176755982137,259.04406238099324,263.08239788229196,513501
2023-01-19,261.752685546875,265.93875859889465,261.0139667729892,262.19592883462406,785321
2023-01-20,258.4038391113281,264.8060686335219,257.862093962785,263.2301292009653,450520
2023-01-23,243.136962890625,251.16436704121423,242.1520045885026,251.16436704121423,1595040
2023-01-24,243.5802001953125,248.0617636427844,242.8414814411997,244.8113981188338,700290
2023-01-25,238.16293334960938,245.20537957924827,236.43925622760125,244.26967214744107,415539
2023-01-27,232.94264221191406,238.55690161877826,226.540413144779,238.50765069702297,603138
2023-01-30,226.09719848632812,237.52270664399245,223.48704976925166,233.6813749847196,616187
2023-01-31,234.76483154296875,236.14376723775786,226.04794402947,226.34343454385962,575505
2023-02-01,231.66221618652344,245.10690756793042,227.52539384965695,236.39001958405916,950636
2023-02-02,222.1081085205078,235.20805761648523,221.12315016786698,231.46521287059574,705234
2023-02-03,217.3310546875,224.76749326226,213.4404721970395,222.79757655526512,671776
2023-02-06,221.5171356201172,225.3584823538394,217.82354166227216,218.41452270723627,438693
2023-02-07,217.1340789794922,224.86600852753588,215.80439414048865,221.41865408458412,421057
2023-02-08,220.63067626953125,222.45285527721614,215.8536221332366,218.1682803290231,430606
2023-02-09,232.79490661621094,235.10954966727763,220.63066526510912,222.55133099705378,1309389
2023-02-10,226.4911651611328,232.45016606831467,224.86598992702477,232.05618874770406,483581
2023-02-13,221.1724090576172,228.1656045956874,220.63067893829816,227.27914805809064,265229
2023-02-14,219.1532440185547,223.78254549309213,217.6758064184296,222.99457576717094,315373
2023-02-15,224.22576904296875,225.9494462067978,218.66076021145807,219.10398847630253,776323
2023-02-16,220.63067626953125,228.95357154259443,219.94120841204338,226.39268878202918,550661
2023-02-17,222.60060119628906,225.06299722722147,218.66076754679722,220.53218251859678,643637
2023-02-20,218.8577423095703,223.48704354756157,218.41451405803517,221.61562869473693,519662
2023-02-21,220.1874542236328,227.52539132769755,216.69084888352148,219.1532448935615,1058169
2023-02-22,216.44459533691406,222.60058496538147,215.70587658149796,218.41451201802363,470435
2023-02-23,211.12582397460938,218.16827001997916,209.30364505302742,216.6908325254872,865514
2023-02-24,208.56492614746094,215.31189671222785,206.939750916462,211.17505970737352,586453
2023-02-27,205.11758422851562,208.4664367348233,201.57172802125976,208.4664367348233,600032
2023-02-28,231.1204833984375,233.23815298379057,205.01908570242693,206.64427608596844,7270738
2023-03-01,230.1847686767578,238.40917709989074,224.7674976273168,227.03290489021018,3902719
2023-03-02,225.40773010253906,229.34756360205108,223.38856242818477,226.54042622193995,1152491
2023-03-03,239.00013732910156,245.8948457708311,225.65396372602817,226.54042022825615,5060986
2023-03-06,265.3970642089844,269.8786130964745,239.04941085733648,240.13287115519944,9063044
2023-03-08,273.91693115234375,277.7582628179038,257.32037645807577,261.0139703785266,5458331
2023-03-09,265.6925354003906,272.83348398853826,263.47637894199994,272.83348398853826,2088735
2023-03-10,264.3135986328125,268.89364928474464,258.60082174841216,261.0139819064371,1994714
2023-03-13,254.95648193359375,269.5338538918021,251.31212391476956,264.31358651639425,1268834
2023-03-14,246.7813262939453,261.50645113944574,244.07269073600378,256.2369177695597,1794884
2023-03-15,252.34632873535156,257.4188579737075,247.2245335468214,248.99746149444562,1748338
2023-03-16,250.81964111328125,253.57754256466504,243.4817043151648,252.1493409149713,1438489
2023-03-17,248.1110076904297,260.66922692307065,244.515915647304,253.13430139519488,1426124
2023-03-20,242.2997589111328,251.90310301431794,240.3298421720179,248.11100727981295,1144417
2023-03-21,248.25875854492188,251.70611281743422,243.58020631794085,244.76215334837642,1456100
2023-03-22,247.3230438232422,252.39557323458973,245.05763664786767,248.25875123523318,1821148
2023-03-23,244.22042846679688,248.55425437679685,242.7922418149165,245.7471169688506,670337
2023-03-24,233.1396484375,245.6978679385679,231.0219939058916,244.22043035020695,938094
2023-03-27,223.68405151367188,235.15881049578903,221.66488385225156,234.27235397578593,1022382
2023-03-28,218.9562530517578,227.03290884201854,217.67580413920214,223.68405632850897,1641542
2023-03-29,233.09039306640625,236.39000962918917,219.64571728045493,219.64571728045493,2732107
2023-03-31,237.2272186279297,246.63355860984754,234.5185832337233,240.32983134049394,2474772
2023-04-03,246.53506469726562,250.03166965679344,236.93172130337325,239.09862655049992,1417582
2023-04-05,249.1944580078125,252.8880517529876,245.25462467962575,248.75122976424578,2125823
2023-04-06,248.2095184326172,251.65687285529242,246.73208082289923,248.2095184326172,701373
2023-04-10,244.90988159179688,251.75535397654255,243.48169502586313,249.19445631886936,593191
2023-04-11,238.3599395751953,246.58434846067672,237.62122075419782,245.05765989142728,878776
2023-04-12,240.67457580566406,244.07267906454948,237.37495936297634,239.6403665453238,946572
2023-04-13,241.75804138183594,243.6787072965599,239.34489625670724,240.77308296102646,495055
2023-04-17,244.61441040039062,247.2245439966144,239.59111684134044,240.82231476961044,811878
2023-04-18,243.97418212890625,247.91401555861574,242.49674459276517,245.69785925440414,497794
2023-04-19,244.3189239501953,248.55424789965244,242.29975630843728,244.0234334366477,765711
2023-04-20,255.54745483398438,257.960584746,243.97417924189077,245.30387902039172,3103454
2023-04-21,249.83468627929688,256.0891779840784,246.78132432858843,256.0891779840784,1115255
2023-04-24,255.3012237548828,257.27114051207,246.43658331826813,250.1794281627783,1193931
2023-04-25,255.99066162109375,262.04814928365124,252.78954707778243,255.99066162109375,1795555
2023-04-26,254.41473388671875,258.7978106383597,253.13430003447553,256.8278939065739,489752
2023-04-27,252.69105529785156,257.36960750902296,250.7211536066302,254.90721160840644,1004465
2023-04-28,256.7786560058594,258.30532943765013,253.23279990463476,254.56249969991194,779466
2023-05-02,253.82376098632812,259.8812484015578,252.6417990259481,257.07411128956124,584951
2023-05-03,257.66510009765625,260.3244695014914,252.29706528078214,253.8237686975329,958138
2023-05-04,254.95648193359375,261.0139699412768,252.7895614804749,256.63089313959995,871466
2023-05-05,256.5324401855469,259.3395477196737,253.1343215114877,255.1042384104098,668019
2023-05-08,259.1425476074219,268.8936292498278,255.69519338627023,257.0741290630222,2756977
2023-05-09,256.5816345214844,262.19590879738644,254.31624247810862,260.2752281086459,704715
2023-05-10,260.8662414550781,264.5598355004345,256.5816663507557,256.5816663507557,894094
2023-05-11,258.8470458984375,266.92371650236953,257.17263471565224,263.9688414119374,1063925
2023-05-12,256.0399475097656,262.78688848728626,255.1042250085172,258.8470548964211,938972
2023-05-15,252.1985626220703,256.7786427989626,251.7553494188028,255.10420165272865,526815
2023-05-16,251.06588745117188,255.6952039048586,250.03169316569983,252.1985835872947,565802
2023-05-17,245.05763244628906,252.24783117125574,243.43244220454338,251.80458790487978,550416
2023-05-18,243.03846740722656,247.07680256329024,241.3640412556653,245.6486009644305,560835
2023-05-19,240.1328582763672,244.51592010215253,237.42422270625272,243.58021263833106,536788
2023-05-22,241.46253967285156,244.90989398611268,238.45842865185597,240.08360395925595,580992
2023-05-23,244.41741943359375,250.37642072251927,242.15202715105073,242.49675357135092,1027848
2023-05-24,245.944091796875,251.90309269442537,236.38999900943142,236.38999900943142,2421319
2023-05-25,254.80873107910156,258.35455700753016,244.3189158847199,245.74710245223534,2524854
2023-05-26,252.05084228515625,257.5666151998055,250.4749179018794,253.67601759306376,777989
2023-05-29,248.8989715576172,254.4147292893832,247.22454537171092,253.92225011533594,669161
2023-05-30,257.22186279296875,265.2492671996332,247.76627180852165,250.03167898152415,5852335
2023-05-31,250.2286834716797,260.7184994050512,249.19447415018215,258.4038411630935,1309255
2023-06-01,249.6376953125,255.05498136465994,248.75123879319077,251.2136347126853,1119477
2023-06-02,249.09165954589844,253.95635241942927,247.99959676525413,252.86427448997193,1257856
2023-06-05,247.80104064941406,252.81463119334023,247.2053590259709,250.28302216573908,939922
2023-06-06,261.4519348144531,263.09003652954596,248.49598847634877,249.09165494146765,4108109
2023-06-07,266.06842041015625,272.0251760909806,262.4447334305133,262.7922169047533,4613115
2023-06-08,262.196533203125,271.9258886191268,260.40948833443787,266.0684183055083,2449975
2023-06-09,259.5159912109375,265.07563607962356,258.17571508134654,262.24617098329315,967627
2023-06-12,255.34628295898438,260.40950126086557,254.3534903040857,260.06204806975296,1103057
2023-06-13,259.1684875488281,263.1893156245679,255.79299887986892,256.1404823379143,1902429
2023-06-14,263.8842468261719,267.0611950950511,260.1612747755903,260.40947291229577,1954154
2023-06-15,260.4591369628906,266.06840892739467,259.1684884425037,262.4943496136211,1623765
2023-06-16,254.75057983398438,261.6008425158615,253.3110184866688,260.60804994464377,1664604
2023-06-19,251.77220153808594,257.03399003432145,251.17651993720793,256.04119746539965,1156392
2023-06-20,255.19732666015625,256.09086424158033,249.73698248865935,252.56643231989577,1606006
2023-06-21,272.322998046875,274.9042648662667,256.1901182977088,256.636887086736,10555923
2023-06-22,270.1388854980469,282.94590459382067,268.35184055361486,275.00356341223977,9547731
2023-06-23,259.5159912109375,270.4367103003602,258.12608756817275,270.4367103003602,2399179
2023-06-26,270.0892028808594,271.5287642068559,254.50237792214833,260.8066167155435,3413288
2023-06-27,268.89788818359375,273.7129384679731,267.16050109215155,270.8338156211963,2005672
2023-06-28,269.7913818359375,272.3726485864411,266.6640912890845,270.0395799793008,1769865
2023-06-30,270.7841796875,277.3862443701266,269.14607796889726,270.4863540287088,3591725
2023-07-03,286.91705322265625,289.69686030437947,273.01795721879057,273.01795721879057,9158207
2023-07-04,292.1788330078125,296.84497007452177,287.81055188229413,287.90983719602445,7431298
2023-07-05,299.5751953125,307.6664497063194,291.1364574163733,293.81700980831204,7466830
2023-07-06,307.76568603515625,309.55270048018184,300.8161382859753,300.8161382859753,4899288
2023-07-07,304.4398498535156,313.5238962368546,302.30535178712194,307.5175130248309,3372051
2023-07-10,302.3549499511719,317.6439790025406,296.1996545036241,306.32612003254076,5081651
2023-07-11,307.31890869140625,308.7584699468636,299.3269411221202,302.55351677269033,2109143
2023-07-12,310.6944580078125,313.7720908467374,305.28372618883003,308.3117315165307,2766745
2023-07-13,296.7456970214844,311.8857839133726,291.28533781457384,310.7440785023618,3594702
2023-07-14,302.4046325683594,305.4822956934702,297.6392099011352,297.6392099011352,2450451
2023-07-17,291.18603515625,296.696051842761,289.3990207321847,292.8737945660188,5326680
2023-07-18,287.6120300292969,294.2637223098123,281.2085056026142,291.18605917220026,4778733
2023-07-19,293.3702087402344,299.1283936116863,286.56957347640946,288.90264210967246,5238041
2023-07-20,292.4767150878906,299.1284075355537,289.29976655033767,293.86661871146003,5447722
2023-07-21,286.0235595703125,293.419846402689,283.4422927015958,293.3702188907936,3864811
2023-07-24,284.3357849121094,290.3918256257089,282.9458813788959,287.3141626108346,2025699
2023-07-25,291.9306640625,292.8738291908093,283.8890679058709,284.73291741289535,3578436
2023-07-26,290.391845703125,294.66084191406895,287.5127531214912,293.56879425379964,2698488
2023-07-27,287.31414794921875,292.82416458925957,285.03073728243487,291.38460332261985,2487865
2023-07-28,289.9947204589844,292.72490007075606,285.9242647964542,287.1156280188229,2947702
2023-07-31,286.6192321777344,291.4839097977644,285.378241443154,290.88822818564074,1135620
2023-08-01,293.71771240234375,296.5471775224642,286.6192509940607,286.81779134605233,3478387
2023-08-02,288.75372314453125,296.0507545455545,285.4774895065082,293.8665987868725,1245165
2023-08-03,285.03076171875,292.079595243202,283.93868379846157,286.47029281118074,1658733
2023-08-04,291.18603515625,293.568761451835,286.32135784840693,286.91703942230316,1643906
2023-08-07,289.74652099609375,294.3630004409547,288.9026412422186,292.625613423175,2047378
2023-08-08,288.75372314453125,292.57598057341244,287.0163361584602,290.7889357805932,1196616
2023-08-09,311.9850769042969,315.11236755837086,287.95948368394505,288.7537359485141,15884418
2023-08-10,334.12432861328125,337.54947511214567,312.3821773052886,313.7224533395236,15505766
2023-08-11,339.584716796875,341.9674434159103,322.75689941011035,335.56391864810115,7475933
2023-08-14,344.7472229003906,354.0298395693286,337.549476705926,342.5134395986602,17052699
2023-08-16,365.34765625,367.2339560243746,349.56226085741883,356.4125233525815,12692854
2023-08-17,350.0090026855469,366.0426266657942,348.47018634637186,365.8440560360058,7639230
2023-08-18,359.7384033203125,362.121099491851,346.28604546219066,349.4629938893257,3816293
2023-08-21,358.6463317871094,363.8088654986663,353.9305668708775,360.1851482196714,2141566
2023-08-22,358.0010070800781,364.3052459640083,356.21396227411276,360.28441787380484,2409130
2023-08-23,354.72479248046875,362.0714821370878,352.63995220790946,358.5967079526537,1289113
2023-08-24,348.1723937988281,357.2067826582056,345.4918415299757,355.81687901042653,2928029
2023-08-25,345.0947265625,349.46300810427806,337.69840930033314,345.6904082040213,3707340
2023-08-28,344.7472229003906,351.1507471510678,342.2156139441462,346.7328080574843,4069290
2023-08-29,363.5606689453125,366.24119083618217,339.63436078444124,344.8961495424502,7686633
2023-08-30,354.2283935546875,370.06344791167555,350.703991884103,366.7872443952907,5858783
2023-08-31,348.42059326171875,357.8024656424762,346.48463547169416,355.4197693377264,4964607
2023-09-01,351.69677734375,356.0650587092425,346.98101250992414,348.86731238392935,2184054
2023-09-04,360.9794006347656,364.3548894640078,350.009024067696,352.4413780918876,6089243
2023-09-05,376.02020263671875,381.8280454894448,358.4974190552193,362.4685895121088,10062926
2023-09-06,379.5445861816406,384.60783433201965,373.3396326389273,378.8992770727234,6620085
2023-09-07,379.69354248046875,383.46614224630116,369.9641568093011,380.2395662921252,2947607
2023-09-08,391.706298828125,394.436478412727,376.3676717041177,380.2395566918465,5909442
2023-09-11,428.14178466796875,434.2474527550132,395.13143257472825,396.1242251188859,15600422
2023-09-12,394.28759765625,430.2267039576277,390.3164270283686,429.82959295436507,7436370
2023-09-13,392.8976745605469,411.1154249743009,380.73596511426337,398.3084063924336,5372790
2023-09-14,404.21551513671875,408.0377728396324,395.2307539122204,397.117053858523,3423733
2023-09-15,395.9753112792969,418.2634856597895,392.15305393458686,407.04494205868514,4347819
2023-09-18,391.11065673828125,401.78317718416713,386.9409157008384,395.97533441688086,2383667
2023-09-20,404.56298828125,411.065767752978,392.15308066526075,393.5926420677659,9833720
2023-09-21,390.96173095703125,408.5341728689887,387.7351548651133,406.0025637466886,3293803
2023-09-22,419.0577697753906,421.93686230571615,393.14587640720845,393.84084335829186,8195545
2023-09-25,418.1145935058594,425.11379944873704,406.30036773627825,417.8663953581891,6388720
2023-09-26,436.7294616699219,438.7647046924287,414.9873096406203,414.9873096406203,11627241
2023-09-27,429.7799377441406,441.6934496998902,426.4044487495371,436.4812882192498,5638981
2023-09-28,413.49810791015625,432.85756314244446,410.66864300898914,430.8719779904149,5061828
2023-09-29,434.2474670410156,437.02730443468323,414.5901861390535,416.5757712926911,3958186
2023-10-03,439.4100036621094,445.763870139088,423.92243329485655,434.24747010715004,5917406
2023-10-04,415.88079833984375,435.6373642725543,413.10099128410667,433.8503497792411,8993604
2023-10-05,410.5197448730469,423.37642131157963,408.0377633441893,418.9584820711627,2779532
2023-10-06,416.62542724609375,420.5965978244864,406.5485879629478,413.3492236379707,6266338
2023-10-09,409.42767333984375,414.242723640608,397.7623599718937,407.0449770944261,4774705
2023-10-10,405.60540771484375,417.8167749668666,403.6694803086045,412.05855966422644,6422989
2023-10-11,394.48614501953125,411.01613572276966,390.2667764764835,409.03055052604134,3947171
2023-10-12,389.1747131347656,401.7831917252743,387.2387553763965,397.8616486958095,7172929
2023-10-13,389.22430419921875,401.9816944308893,387.43728974162536,388.67828041984967,6378085
2023-10-16,398.3083801269531,405.8535792110375,390.46529480395253,391.9544836175414,7175895
2023-10-17,400.74072265625,404.5133526745873,397.31560640135706,402.08099871148,4270866
2023-10-18,392.5005798339844,405.4068842707315,390.7631926982684,400.5918338636504,4535527
2023-10-19,398.9537048339844,402.2795660406898,391.30918983932565,392.0537842752616,4226600
2023-10-20,385.0049743652344,400.09543463941964,379.2964166749697,398.9040713502266,2123052
2023-10-23,373.6374816894531,407.04494488712794,365.4469431642853,407.04494488712794,13762641
2023-10-25,363.5606689453125,379.5446058620526,344.9954348638068,377.3108224708481,12466358
2023-10-26,388.0826416015625,390.96173423279464,357.4053547147395,360.532645508968,11514552
2023-10-27,390.9120788574219,395.5782161082304,381.62946216344125,387.68550296844,5942760
2023-10-30,393.0466003417969,399.9961488257809,383.3172445832701,389.96893709650715,2842071
2023-10-31,383.0193786621094,397.5638147067007,380.23957145978284,395.7767698215255,2346340
2023-11-01,374.2331848144531,384.90570532506615,372.39651243449686,374.2331848144531,2576034
2023-11-02,391.25958251953125,393.89047693607546,377.26120034205087,377.26120034205087,3128771
2023-11-03,390.96173095703125,398.7055317562104,387.04021819312266,393.8408538617673,2724040
2023-11-06,383.2675476074219,394.38683616459207,382.27475506830393,393.09621798278835,1769702
2023-11-07,383.41650390625,391.0609885416612,380.7855793490509,383.7143295591735,1994217
2023-11-08,381.92730712890625,389.5717916058448,380.4381182999102,383.4164959579023,1878871
2023-11-09,381.92730712890625,387.5862065005167,380.2395476703277,383.81360691944303,1303012
2023-11-10,379.9417419433594,384.60784900694284,375.77200088450735,380.5373932680875,1890134
2023-11-13,389.5718078613281,396.521356019957,382.2251487245884,386.3452319305361,3522456
2023-11-15,397.01776123046875,408.83198730585457,390.2667835581415,393.1458760861156,9439405
2023-11-16,394.0890197753906,405.4564764366322,392.1530621596035,398.6062138153944,3694567
2023-11-17,396.86883544921875,400.79037827502157,393.8408301871053,395.92567037538,2342464
2023-11-20,398.6558532714844,403.07379242574285,392.1530739117449,397.91125882734815,1934702
2023-11-21,397.5141296386719,402.2795520414005,395.18106109440487,399.10260377291473,2318671
2023-11-22,415.13623046875,416.3772212511495,398.8048099509487,399.5494044203884,9402036
2023-11-23,410.4700927734375,423.92241973497056,408.2363095312743,417.221070008481,5124373
2023-11-24,417.9160461425781,425.90801424419425,412.9024254653244,413.00171078224895,6556226
2023-11-28,406.4989318847656,419.90163164502246,403.9176651306727,418.95846657988034,2467926
2023-11-29,411.8600158691406,419.10738972480453,407.4917344918517,409.0305509016791,3098201
2023-11-30,405.4068603515625,413.54774141431136,404.06658429499015,413.34920107480553,3279190
2023-12-01,421.53973388671875,425.2130482398456,407.7895506477151,408.037748791749,7105287
2023-12-04,421.4404602050781,431.66621190254676,419.65344563774653,430.8719899387607,3461202
2023-12-05,412.2074890136719,422.38361290136424,410.02333323092205,421.4404478366257,4645869
2023-12-06,435.8359680175781,439.7575110561492,413.49813366587995,416.9729078983663,8182520
2023-12-07,454.996826171875,457.6773782503086,428.38999721259904,436.77910661194215,9610161
2023-12-08,448.543701171875,473.5620877374315,443.4308251520549,456.6846129124078,8566641
2023-12-11,452.4652099609375,462.19456494582005,447.1537636967148,450.72782297809243,3173371
2023-12-12,441.7430725097656,454.64937610585355,438.8143222669879,452.61413312943375,1773674
2023-12-13,452.217041015625,454.6990225799259,440.89921114193817,443.4804780283364,2500544
2023-12-14,447.74945068359375,456.9327819891885,446.8062856196448,454.59971338175563,1849727
2023-12-15,431.6165771484375,451.5717142043596,428.88639753450263,449.7350418590965,3493250
2023-12-18,432.8079528808594,442.23948272886304,411.56216666936075,411.56216666936075,6657503
2023-12-19,428.2410888671875,439.55891831017163,425.7094495893668,432.4107995579578,2584114
2023-12-20,402.1306457519531,437.47406971101617,397.6134513697989,430.8720047303189,3841579
2023-12-21,414.34197998046875,419.50448310149613,394.7839544763882,403.02415088317383,3248379
2023-12-22,406.3499755859375,420.14981616681536,404.61258863630707,416.97286791129875,2209991
2023-12-26,412.1578369140625,420.1498354273056,410.1226242273898,416.97288702615145,3727266
2023-12-27,407.88885498046875,417.4692977272891,405.8536119259334,414.639832693869,1936541
2023-12-28,405.1090087890625,410.6190259041409,403.5701923762967,410.4701130734903,1233428
2023-12-29,406.101806640625,412.0089348130187,404.4637048870382,405.60541033362136,2226096
2024-01-01,407.0946044921875,410.61903649583326,405.90327151862715,409.9240695380365,1840554
2024-01-02,406.0025634765625,411.01615420469454,401.23714061155505,407.09461114576806,1835815
2024-01-03,408.28594970703125,419.7526919201786,404.860803177065,406.59819019709494,3138198
2024-01-04,423.22747802734375,424.9648650969103,408.0873907068359,410.37083189112747,4618595
2024-01-05,416.92327880859375,428.39002161337737,413.398846778969,425.4116437110827,3640549
2024-01-08,416.4268493652344,422.8303431672007,413.9944954861342,419.0080857704537,1594630
2024-01-09,451.57171630859375,455.04649037888447,417.0721737535643,418.95847361791135,15022810
2024-01-10,461.4499816894531,466.6125152538652,453.70621164046037,453.70621164046037,9076720
2024-01-11,477.23541259765625,480.5116160425324,452.31631240038826,463.7830547550803,7777374
2024-01-12,480.0152282714844,481.405131869829,468.74702605708563,480.114513592286,6100637
2024-01-15,470.03765869140625,481.3058302260303,467.20819378146155,479.4691881928053,2006047
2024-01-16,462.2442321777344,471.57647638777803,452.7134173322669,470.0376600049311,2560974
2024-01-17,468.6973876953125,470.8815132142563,448.3947671152332,448.7422505811818,3771709
2024-01-18,475.2994689941406,478.02964871160043,453.7062294105948,467.40675551006984,4329665
2024-01-19,497.78619384765625,506.3242161002442,479.5188164243489,479.5188164243489,8422478
2024-01-23,481.4051208496094,512.4795470963552,470.58368767772686,509.3025986891854,4062512
2024-01-24,485.2770080566406,494.90710834202514,463.73342693527223,471.57648237204,6192346
2024-01-25,484.13531494140625,497.63730062896934,477.73182072286113,489.29784868294183,1873409
2024-01-29,492.72296142578125,501.2113564405615,487.41154518742667,488.9007341060591,2296482
2024-01-30,486.4187316894531,496.79339586522195,484.1352906003528,495.4034923270358,1725003
2024-01-31,501.112060546875,504.93431808357786,487.61007524329347,490.9359364842589,2885641
2024-02-01,488.1064758300781,503.8422446028143,486.468374099269,503.8422446028143,1925034
2024-02-02,479.4195251464844,498.23295643379663,474.4059347958918,491.23375064908726,2771930
2024-02-05,489.34747314453125,503.29622754306433,482.29863952901337,484.28422475605356,2921559
2024-02-06,488.1064758300781,500.1688998630144,483.5892816182066,491.63090773937273,2051836
2024-02-07,490.3899230957031,505.6789232696842,488.1561397174311,490.3402652864992,3369728
2024-02-08,503.1969299316406,516.252146421032,493.21934623088964,493.31863154934183,5703530
2024-02-09,496.5948791503906,508.2105345909006,480.6109119569098,505.33144206107977,3188552
2024-02-12,493.6164855957031,517.8902764285589,490.93593349598734,503.99114993488945,6118550
2024-02-13,483.53961181640625,503.79260459630547,481.25620101162593,503.79260459630547,4131893
2024-02-14,476.24261474609375,482.19937025112245,470.5836848972664,470.5836848972664,2319951
2024-02-15,480.6605224609375,489.7445685256761,479.5188170512928,481.0080059241229,2197718
2024-02-16,476.9872131347656,485.9719739768815,475.69656458607807,484.8798960657229,1131246
2024-02-19,495.6517333984375,498.2826278767305,477.0368711025523,480.61093072288776,4573746
2024-02-20,487.0640563964844,494.41071558867856,482.9936006704661,494.16251743828263,2420333
2024-02-21,481.1569519042969,490.43956924404876,477.1361537896668,487.0640802925828,1545884
2024-02-22,484.4827880859375,493.02081049287875,479.3202544544961,482.3979175694852,2107198
2024-02-23,503.1969299316406,507.06881497027325,482.5964837042629,486.2201705955777,5304876
2024-02-26,519.9254760742188,534.0727700619238,506.57240401589644,507.8133947165723,14220530
2024-02-27,518.0888061523438,528.6620718269846,497.2401913638356,521.6628959528329,5937986
2024-02-28,503.9415588378906,519.7269560273328,499.37470655539335,518.734163370165,3249733
2024-02-29,504.6364440917969,508.1112180377697,486.66692306643716,503.34582588805677,6047978
2024-03-01,500.0199890136719,511.08962049026536,497.6372928232702,504.63646856338005,4229025
2024-03-04,513.1744995117188,516.9470991280912,502.353036348329,503.1472582788418,7041914
2024-03-05,505.82781982421875,516.0535712855209,503.44512369026364,513.2737641788442,1265026
2024-03-06,508.3594665527344,512.6781509564106,490.68776942394277,509.00480601617886,3355263
2024-03-07,511.5364074707031,523.2017209841058,507.0688405932297,510.29541667140495,1551197
2024-03-11,505.3314208984375,513.0751908678116,497.93510409236717,512.2809689265104,1647238
2024-03-12,505.6292419433594,510.2457516151725,487.6100629229064,505.3314162924923,3644807
2024-03-13,457.7270202636719,504.1400747347537,456.6846001432648,504.1400747347537,5554982
2024-03-14,473.4131774902344,478.3771407012096,448.94084491965185,456.6846154097224,3198205
2024-03-15,494.3114318847656,495.89990611201694,469.14413329282877,477.533242922683,5941930
2024-03-18,491.8294372558594,498.5307871597327,477.53323018712126,496.39628917580177,2663154
2024-03-19,479.32025146484375,492.32584048408097,471.57648136360734,484.433157553518,1848152
2024-03-20,485.6244812011719,491.33303849801126,475.20015918085636,478.52602036114865,1667394
2024-03-21,500.9134826660156,503.34583659900557,489.2481698848749,490.93592938502616,2459438
2024-03-22,511.7349548339844,513.7701675331815,496.4459246441719,501.16168946694023,2676903
2024-03-26,509.50115966796875,524.889444521843,505.7781875259024,517.1953020949059,2405945
2024-03-27,512.9263305664062,523.2017099293852,509.60043893740755,509.60043893740755,3169799
2024-03-28,525.0880737304688,529.6548958294145,517.8406386759042,521.1665305176476,4207650
2024-04-01,514.71337890625,533.9735206099923,511.4868026847081,529.1585003328709,2547243
2024-04-02,538.2921752929688,539.0863972767199,515.8053980192916,515.8053980192916,4041053
2024-04-03,577.1599731445312,579.6916428357091,538.7389467111135,543.0575704279695,17570174
2024-04-04,578.8477172851562,599.6467345170067,572.9405891555492,577.8052971670496,8023364
2024-04-05,594.781982421875,595.6755199398838,578.3016506083038,579.5922687824575,3623564
2024-04-08,622.9773559570312,627.5441776749503,597.6115171681897,597.6611446790961,6476004
2024-04-09,608.6810913085938,626.1046491272238,592.0518160102621,625.4593097282934,8876328
2024-04-10,611.60986328125,625.4593320382909,607.6386929191021,611.0638394755048,3433168
2024-04-12,612.0069580078125,622.8780481664139,605.2062929227257,612.5529817720284,3756080
2024-04-15,605.1071166992188,611.5602688871513,584.1095280342287,586.9390234276285,2834063
2024-04-16,597.7107543945312,607.5890525808682,592.2007677524311,601.6322971634087,4629977
2024-04-18,623.9701538085938,628.4377205423068,597.7107772213853,597.7107772213853,5774203
2024-04-19,622.18310546875,634.0966161121144,607.2415896559137,617.516968347716,3564737
2024-04-22,607.0430297851562,645.3151712862361,602.6747182337341,645.3151712862361,4322386
2024-04-23,611.90771484375,619.7508008791202,604.6107132324937,611.8084598185948,3430025
2024-04-24,596.0726928710938,621.388903814034,590.7115886686062,615.4817758082978,3340579
2024-04-25,600.3416748046875,609.2271803602124,597.760377784428,598.6539153289888,1539624
2024-04-26,596.569091796875,604.8588856884398,594.8317047637116,601.582682259239,1929533
2024-04-29,598.9517211914062,601.6322731412832,592.6971403718582,599.5970605739636,917096
2024-04-30,625.0125732421875,627.4449272469261,599.6963617789017,601.334493817568,5137464
2024-05-02,633.6498413085938,641.6914366781712,626.452095363451,627.5441429239252,2927025
2024-05-03,637.5714111328125,641.2447558217021,616.4249411606245,633.6498682973121,2585406
2024-05-06,613.0990600585938,638.0181907589703,607.2416200561818,637.6210494795432,2715347
2024-05-07,579.8405151367188,616.176761232011,574.8269245459984,615.2832236396935,4215319
2024-05-08,553.233642578125,613.4961618384796,549.1632174047027,587.7331833221176,11177701
2024-05-09,527.1232299804688,578.4009301381361,521.2161020383178,561.9205976260722,10773010
2024-05-10,566.1400146484375,569.8629871253014,516.4507541096116,534.122451347408,10273764
2024-05-13,570.2600708007812,572.3449109390424,548.0214932148333,566.1399574379686,3934451
2024-05-14,595.3777465820312,599.4977995996027,568.9197990098658,573.6851914688081,6001660
2024-05-15,593.7396240234375,631.0189753976573,588.031066364681,600.6395449648113,7636943
2024-05-16,589.8677978515625,607.5891230353234,586.0951371735039,599.7460365881046,4501917
2024-05-17,589.6195678710938,605.156736191255,584.0102652670614,591.6547806458765,3776753
2024-05-21,599.5474853515625,613.496209494549,587.4850308228032,595.5763148855021,4562832
2024-05-22,605.0574951171875,615.4321904708443,597.1647813986038,602.5755134821144,5160226
2024-05-23,612.9998168945312,621.4881816980337,606.4970373360704,607.4898299585913,4278722
2024-05-24,596.3208618164062,622.9276896991857,592.2503760559928,615.5313731766428,5408025
2024-05-27,616.6234741210938,618.658747475152,591.7540310253676,599.4481738562865,4677642
2024-05-28,608.5322265625,626.4521205870249,603.9653443183445,619.7507706441368,3934824
2024-05-29,599.8452758789062,617.5169712986275,598.2567714283842,610.567423390122,3836768
2024-05-30,604.6107177734375,618.5098147337465,592.3000647990624,602.8237031404486,6029013
2024-05-31,610.5870971679688,627.5201814287444,597.0406540773116,613.5752885081056,47181863
2024-06-03,656.1072387695312,661.1871398435725,637.4808335065303,641.4650887159462,6599899
2024-06-04,551.1220703125,658.3981502144394,525.9216691576762,658.3981502144394,11657328
2024-06-05,606.1546020507812,612.5792256002042,551.1220781249092,573.4339311476606,5764910
2024-06-06,622.6394653320312,627.5202023348219,604.1624937555991,612.1807952931175,3961169
2024-06-07,623.4861450195312,625.9763045085501,611.931768513538,625.7770795904468,1813016
2024-06-10,627.1715698242188,637.9290462564667,619.701091635865,626.9225538846069,1989705
2024-06-11,635.4887084960938,638.3773178526764,623.6853767079783,630.3091645437266,1909258
2024-06-12,647.6904907226562,652.42179380752,632.6499515497904,637.480836697424,2218295
2024-06-13,656.854248046875,666.217210762207,646.644594672319,654.2146548076859,1872711
2024-06-14,680.9091796875,684.6444188844288,654.4636983322263,659.394226231154,4521695
2024-06-18,703.9182739257812,710.6417043303743,684.843628534047,691.2682519685285,7214644
2024-06-19,695.6509399414062,710.940494023816,681.2080157195564,709.6954143495186,2885290
2024-06-20,704.316650390625,709.0479531835338,694.7544627481824,697.742653985809,2111730
2024-06-21,720.8015747070312,725.1344278079755,697.2446421230534,704.3166706037669,8848978
2024-06-24,744.1592407226562,747.0478500608555,721.1501912587457,727.1265740592327,4406730
2024-06-25,717.2655029296875,747.0478342393253,713.380890668588,745.0557066813537,3018884
2024-06-26,709.4962158203125,723.7897674895962,706.2590085467863,720.1541103875188,2418464
2024-06-27,732.6546630859375,738.0334315359404,714.6259339242816,717.1658842720976,5922164
2024-06-28,731.6088256835938,741.071431325519,723.490881788611,736.3401285045564,1977411
2024-07-01,747.2470703125,749.0399729824655,733.0531612499998,736.9377735691069,2266634
2024-07-02,727.6245727539062,747.844654813822,724.5367994325301,747.4462657889159,2628190
2024-07-03,730.26416015625,736.6887226860576,717.1658975701657,731.1107900229189,1748858
2024-07-04,722.196044921875,733.8997945539005,719.2576445574058,729.8159572981363,1864598
2024-07-05,733.7005615234375,746.0517768058776,713.5801216527175,724.0885824514153,2439370
2024-07-08,739.278564453125,743.9102246457666,729.5669424039901,739.8761784151079,904143
2024-07-09,720.1541137695312,741.5196940341235,716.1698586449419,739.0793256113309,1464545
2024-07-10,721.5486450195312,725.9312892867692,693.110974736682,724.1383865958578,1544967
2024-07-11,710.1934814453125,737.5852356385047,707.3048721397032,728.819886455665,2727483
2024-07-12,710.3428955078125,720.0545171780096,705.2131428204635,712.1855891477844,1542953
2024-07-15,717.6141357421875,721.150149870555,696.6470061128052,718.5105566338674,1560037
2024-07-16,705.561767578125,720.5525763863349,702.2249781700326,716.1200803225918,2140798
2024-07-18,709.9444580078125,714.4267450103171,693.5591966952306,707.205282617393,2792221
2024-07-19,702.2249755859375,714.9247889741938,682.851522611145,710.0939038856443,2884304
2024-07-22,707.0060424804688,723.1422875010437,699.7845802430272,714.1777136890473,3969726
2024-07-23,694.3560180664062,729.0688763438026,679.3154797104285,714.9745499174784,4066282
2024-07-24,679.6640625,701.1292845380304,677.4229191053486,696.2485479383829,1984059
2024-07-25,665.52001953125,686.7361652680152,663.3784581486932,679.6640761591557,3964959
2024-07-26,690.8200073242188,703.021788361879,667.3627179781474,667.3627179781474,3724008
2024-07-29,689.525146484375,699.9340250655476,678.0206220714613,695.3023042056525,3882488
2024-07-30,712.4346313476562,725.6324766679728,688.3298752828886,689.2761480497422,5078790
2024-07-31,725.1343994140625,727.0269448293966,713.9784734179419,719.1580170013092,2972729
2024-08-01,724.7858276367188,745.0557010684108,719.7058659252166,725.6324575245151,4012480
2024-08-02,719.2078247070312,732.2562964210709,708.2013323339589,732.1068625393245,1620560
2024-08-05,681.755859375,701.7767168293241,673.3391083614997,688.2800649079827,2592232
2024-08-06,680.7100219726562,701.2289118362651,677.3233807509379,687.2342276723783,2635441
2024-08-07,687.2839965820312,695.4517315989441,674.8829905716783,692.7623472794243,2419831
2024-08-08,696.6968383789062,715.1738097446646,679.6143198588239,687.2840232922264,2822564
2024-08-09,700.2328491210938,712.6836465805726,696.398027821538,703.2210405113686,1777449
2024-08-12,686.3875122070312,699.2367590198024,679.415065892019,699.2367590198024,2143235
2024-08-13,669.9026489257812,689.4753255228536,667.3626985752595,688.1804548338529,1768877
2024-08-14,643.4074096679688,676.6261123519788,639.522736615142,676.4767392621983,2440039
2024-08-16,662.4321899414062,664.6733333963733,646.7441857566365,657.5016621814972,1244705
2024-08-19,665.9183959960938,671.5959714285532,661.3863181736141,662.48196396106,1292127
2024-08-20,707.105712890625,711.9863890126455,665.2710334709155,668.7074049301784,3749595
2024-08-21,717.0663452148438,718.7596050183175,700.4818588286304,705.7111937150154,1985541
2024-08-22,707.9025268554688,716.9666827594532,699.6850008300768,716.6678757902387,1142599
2024-08-23,701.0794677734375,722.1462410545793,699.2367740969858,722.1462410545793,1374459
2024-08-26,712.7333984375,717.9627330830615,699.1869558641032,709.7949982395842,1630347
2024-08-27,730.2142944335938,734.596999153284,713.3310628855883,716.0702381366683,2632192
2024-08-28,733.7005615234375,737.0872027187576,720.4529253092309,731.1108199940109,1830363
2024-08-29,717.2156982421875,748.3924817717784,712.1855884130765,737.0871824135338,2918379
2024-08-30,708.3507690429688,724.7359693007029,704.2170801104959,720.8513571037705,2488658
2024-09-02,703.0217895507812,724.1383534188119,700.2328231821524,712.6836201804125,1645640
2024-09-03,689.973388671875,706.2590070650216,688.0310521528528,704.2170884865246,1737165
2024-09-04,695.7505493164062,698.7387406520529,673.5881302436932,682.2041062461045,2969254
2024-09-05,711.6377563476562,721.1501529744568,689.4255469440265,696.2485592943996,3952565
2024-09-06,706.7570190429688,716.5184315979317,696.2485586782652,710.9404989364975,1779893
2024-09-09,727.8735961914062,743.4121666056853,702.3245363040836,705.4621614814416,6468992
2024-09-10,741.2706909179688,746.0517849912405,730.3139891357209,735.0950832089926,2736107
2024-09-11,738.8800659179688,761.7895318060381,731.2602148277934,743.9600274396579,4340246
2024-09-12,757.1080322265625,760.6938982043093,739.2785275745142,747.0478126672725,2804171
2024-09-13,765.2260131835938,772.5470577844707,754.368893462179,758.2037755632795,2841640
2024-09-16,768.5628051757812,777.2285724107036,753.0242341851624,772.9455102218069,2569640
2024-09-17,745.603515625,774.7383806142211,742.1670834929309,768.5627731412851,4098556
2024-09-18,747.7948608398438,755.6637887883555,738.0832392704951,746.9482309697094,2056555
2024-09-19,739.9259643554688,761.8892196283339,728.1226327256904,751.0320999660336,1632199
2024-09-20,779.2704467773438,786.3923268738343,742.5157310546111,742.5157310546111,6369882
2024-09-23,788.9323120117188,791.8707123485979,771.8000026799119,782.2586724656481,2682083
2024-09-24,786.193115234375,801.7317463994435,781.5116033937151,789.8785633129756,2827447
2024-09-25,780.8143920898438,790.5758046076892,773.1446891133559,786.8903566013346,1029003
2024-09-26,773.3439331054688,786.3425531073283,762.387231667212,778.4238339997884,1927234
2024-09-27,737.385986328125,776.3819066892734,727.1265418014152,772.9454745724634,9221236
2024-09-30,730.16455078125,733.7005650849076,718.2117852737365,732.1068873352028,2831175
2024-10-01,720.6023559570312,733.6009761659597,709.2969955432447,730.1645439556913,2363253
2024-10-03,705.810791015625,715.9706540303827,703.3206314921506,710.2432871263915,2132369
2024-10-04,696.74658203125,713.3310675226509,688.5290562245913,705.8605895165974,1876259
2024-10-07,671.5462036132812,702.0257305538491,659.5934384138574,697.2446366330611,3050665
2024-10-08,719.7058715820312,723.8395605841345,665.3706045796092,682.3036888278928,3918488
2024-10-09,727.2261352539062,733.0033537645303,710.193469079226,719.7058659380657,2063258
2024-10-10,725.9810791015625,738.5315195067324,719.8055321537612,727.2261588563466,1171351
2024-10-11,703.9182739257812,725.1842109616051,702.224953368606,725.1842109616051,1686125
2024-10-14,700.4320678710938,715.5722496074704,697.2446515905551,712.683640304346,1716685
2024-10-15,689.425537109375,705.7609458535242,687.2839757654768,702.2249317603786,1283068
2024-10-16,686.5867309570312,695.9497545282807,683.9969895240848,694.256433993705,1161073
2024-10-17,673.8869018554688,700.7308314376845,672.3430152387165,692.513305695878,1324100
2024-10-18,674.1857299804688,679.2656916209233,663.4780445867949,677.3233551347174,2358804
2024-10-21,681.85546875,694.4557002602781,672.3430715266421,681.3076458136641,1609539
2024-10-22,667.6117553710938,686.3377424675787,663.4780663238648,685.3416786773943,1265025
2024-10-23,685.0428466796875,689.2761176333606,646.4951672484359,662.4321873093228,4378251
2024-10-24,668.3587646484375,690.2721667680585,665.9681873719712,688.7780711689934,1271312
2024-10-25,666.26708984375,671.6457978037,639.1243517131211,662.3824167658066,2918783
2024-10-28,640.3694458007812,671.3470058787041,633.0483403428137,669.5043121538259,1521902
2024-10-29,680.6103515625,691.3678279564119,635.2894507146624,641.4650581540085,5537844
2024-10-30,671.695556640625,681.9052099435471,665.4701582851847,680.6103392445966,1295866
2024-10-31,676.4767456054688,686.0389336476024,668.8568333130527,671.6955907894929,1159460
2024-11-01,679.9629516601562,685.7899003517176,676.3770856388891,683.2499499168039,211642
2024-11-04,660.5397338867188,688.8279093554152,657.4021085959107,680.3115760166773,1278278
2024-11-05,652.2225341796875,664.3247331128226,649.5331498840012,661.3863328785525,1255375
2024-11-06,679.9130859375,683.2997269780943,657.4020696873795,658.3483424012137,2382791
2024-11-07,711.9863891601562,719.0086267623662,684.4452616800871,688.2800829763912,5700061
2024-11-08,709.2471923828125,718.7595891886145,706.209210055659,718.16197524701,2004021
2024-11-11,736.3401489257812,748.6415122834802,703.3704621454107,707.0558494932857,5360345
2024-11-12,747.0975952148438,773.8419430816776,736.3899100214985,737.0373757697562,5503743
2024-11-13,726.0806884765625,771.8498303108205,719.2576152580373,746.998027392358,5348473
2024-11-14,729.11865234375,746.0019447721663,715.920807885342,732.0072614865713,2339209
2024-11-18,709.9942626953125,743.3126088804955,704.7151367275719,733.1029549561738,2123986
2024-11-19,707.105712890625,715.871062133868,703.2210397694025,715.1738053178909,1355756
2024-11-21,696.3980102539062,706.2092140865102,680.3115560240994,701.2288952283543,1946451
2024-11-22,686.1883544921875,701.0296681670733,679.4150722299227,698.1909107445856,1439252
2024-11-25,672.392822265625,708.6993581114101,663.1792325783017,702.2249437365342,13593681
2024-11-26,654.8123168945312,673.7873186898911,648.4374847388905,668.3089682043858,1918499
2024-11-27,670.6497192382812,673.5383284679508,650.7782350142836,657.2028584424056,2014123
2024-11-28,660.1910400390625,676.6758829100716,657.6510896405528,673.8371255461325,1415045
2024-11-29,652.0731811523438,667.761185765712,645.4991236945585,662.3824170088793,2099488
2024-12-02,643.1085815429688,657.6012968797264,639.9709564269597,652.4217532446048,1824349
2024-12-03,640.419189453125,655.3103544242182,639.5724988029177,650.6288427189543,1804001
2024-12-04,645.8477783203125,651.4257111621473,637.7298342072856,649.4833746350216,2887694
2024-12-05,661.5357666015625,664.5239578638539,643.9552170237856,648.8359537368243,4523984
2024-12-06,671.695556640625,677.3233410719054,662.432176046711,667.3627037032009,3294934
2024-12-09,672.5422973632812,685.2919019854234,664.8725938594042,682.204128489209,3433293
2024-12-10,665.37060546875,674.584195439687,657.3025131635145,670.3509243719592,1923930
2024-12-11,674.9328002929688,679.3155052902241,665.8686441151244,666.0678690322559,2088984
2024-12-12,682.5526733398438,684.5945918344149,668.6077810716821,675.8292431391229,2023609
2024-12-13,675.9288330078125,681.2080194919937,661.7349246422182,676.3272828237566,1909847
2024-12-16,686.2381591796875,697.0454269659037,679.6143106688396,682.3036950565113,3476918
2024-12-17,682.453125,692.413762826491,677.6221791772067,680.4111456096424,1393661
2024-12-18,679.3652954101562,698.1411343175367,670.6497372527925,692.2145426115476,3218408
2024-12-19,682.3037109375,684.2958385606752,665.2710440773163,668.3090265436764,1304358
2024-12-20,667.1635131835938,683.5985656890468,662.3824191591709,682.1044700067329,1314435
2024-12-23,657.103271484375,676.5763057401449,653.4178234310417,675.1817921648598,1893360
2024-12-24,645.4990844726562,659.2946035332706,643.457165996509,654.662882896603,1920120
2024-12-26,633.9945678710938,649.6825717107948,628.6157993795197,647.4414283051233,1787870
2024-12-27,623.336669921875,638.4768507731364,620.6971375149668,633.9945639892377,2088822
2024-12-30,640.967041015625,671.3469862385878,628.7652597375497,649.3837920970341,20785156
2024-12-31,640.1204223632812,642.6105818515149,625.5280634442689,637.48082898779,2131573
2025-01-01,641.7638549804688,653.9158447571766,638.6760817070416,641.4152569897259,3367231
2025-01-02,638.4768676757812,644.5528322701776,633.0980990747463,642.2618977900728,6416405
2025-01-03,631.9028930664062,644.3536904487447,629.2135086728393,639.8714033911028,2341500
2025-01-06,599.18212890625,621.9422217764119,593.6539873242087,612.5791983295106,4443091
2025-01-07,593.305419921875,606.9016541575853,590.7654086253418,601.3237212601005,3408556
2025-01-08,577.0695190429688,589.6199589830146,563.7720920726459,587.6776224785532,4473653
2025-01-09,555.4549560546875,579.1114693313793,553.4628286208608,577.0694900757833,2418243
2025-01-10,537.4760131835938,557.7957394382368,534.5376735492674,555.7040297333077,4671536
2025-01-13,515.7120361328125,537.4760060002699,512.6740536800995,529.507495543365,2130563
2025-01-14,545.6934814453125,553.3631842027733,523.9295136104449,524.9255773245333,7595937
2025-01-15,559.289794921875,561.2819224193705,545.8927253422361,551.8193168062667,3204143
2025-01-16,568.20458984375,571.7406040688177,562.0289823098091,562.0289823098091,1375209
2025-01-17,565.7642211914062,576.173099743786,560.7839023428903,563.3238527966519,1431717
2025-01-20,576.9699096679688,579.7090848972945,558.1442810466411,563.7720653812177,1556431
2025-01-21,555.3553466796875,579.6095361253736,554.4090739326031,579.6095361253736,3125064
2025-01-22,547.8350830078125,559.2898165616122,539.1693158994344,555.355352442847,2240871
2025-01-23,549.9267578125,557.4470875661292,538.6712498880283,544.7970661098163,1716243
2025-01-24,542.0081176757812,561.7799589337675,535.9818833101583,552.8153851209946,2108004
2025-01-27,532.2466430664062,540.1653620761516,527.9137900509321,537.874427599063,2452402
2025-01-28,502.0161437988281,532.2466551243061,500.22324115852825,529.4078976767404,4851730
2025-01-29,472.88128662109375,486.42776031100465,451.8145434387919,461.8747938466094,28908664
2025-01-30,481.9454650878906,494.04763391167984,472.8812786281653,474.9231972141815,9565616
2025-01-31,506.5980529785156,507.9427451832792,480.30197483045197,487.57322838590756,3358679
2025-02-01,470.14208984375,514.5167177325209,467.1538985947431,507.4446894278339,5769497
2025-02-03,443.89581298828125,474.02674202855974,437.86963933920714,472.93106580214976,12724924
2025-02-04,467.8511657714844,471.138164059429,444.24444222094155,452.1631613657,7217597
2025-02-05,491.85626220703125,499.525965157058,472.6322442014437,472.98087258961823,14443076
2025-02-06,492.2547302246094,498.0318879660337,486.12891368466387,492.0555053104413,3540027
2025-02-07,482.7423095703125,492.9519634141389,480.4513750131186,490.8104323459004,2431783
2025-02-10,475.0227966308594,483.09091909104586,472.1342178333108,481.6964359195521,6658769
2025-02-11,465.0621643066406,475.72005871692136,459.33479767626955,473.22989931241216,3213487
2025-02-12,465.7594299316406,469.1460407065067,449.97181292816225,465.0123820961207,2782225
2025-02-13,465.8092041015625,478.160388455612,463.46844822216707,466.15783249167725,1560258
2025-02-14,435.3794860839844,468.34920341524537,432.59048925019584,467.153914715414,3885358
2025-02-17,429.801513671875,435.379476823353,417.1017006954755,434.33359163388315,6897917
2025-02-18,438.6664733886719,441.00722930183696,418.0479718156296,428.80544825396004,4154074
2025-02-19,453.0596008300781,458.18932304115697,429.7517152592143,437.2719843805824,4076153
2025-02-20,466.7056579589844,475.86945661905474,447.03339889414644,448.2286875532698,7733476
2025-02-21,494.645263671875,504.70551361299084,471.23776557799454,472.1342168723121,25750317
2025-02-24,477.8117980957031,495.7409457856364,476.11847754378357,492.05549771261315,4578924
2025-02-25,465.4107971191406,480.89957660318237,464.3649423183039,480.1027377451595,3336761
2025-02-27,456.9940490722656,474.37537415296754,452.46197104248927,472.63226254190675,3135406
2025-02-28,462.273193359375,466.1578359124884,440.60880675446765,451.2666706618581,6930904
2025-03-03,471.9848327636719,475.3714435686934,447.481657460944,462.8708551686661,5530160
2025-03-04,479.3556823730469,483.439549850417,464.7135330070342,469.64406075613834,4501589
2025-03-05,507.0960693359375,512.6740325048726,477.3635598421766,477.3635598421766,7368531
2025-03-06,497.6334533691406,514.9649564626683,492.65313464126183,507.49447837085,4847592
2025-03-07,489.7645568847656,504.35688470853455,484.3359973010222,496.0895373644616,4329758
2025-03-10,503.36083984375,512.3752353367324,488.3202706103256,489.0673184490971,9854493
2025-03-11,511.7277526855469,517.4551192606162,496.13936104332697,499.02793984517564,6225817
2025-03-12,513.1720581054688,521.7879730987054,504.3070663788808,514.964960703288,4974269
2025-03-13,512.0763549804688,521.588812529641,506.1000028146262,517.6045574874436,4303396
2025-03-17,525.8220825195312,528.7604219716802,514.6163652345007,516.9570907494109,3934834
2025-03-18,525.8220825195312,525.8220825195312,525.8220825195312,525.8220825195312,0
2025-03-19,568.50341796875,571.9896412940074,548.382916903997,549.229607617077,7493067
2025-03-20,560.684326171875,573.7327373740507,549.9267887101848,573.7327373740507,4063831
2025-03-21,557.4968872070312,562.676430811876,552.8651664999793,561.2819172584888,3118262
2025-03-24,572.9856567382812,576.7208957000693,554.6580599144794,560.3356352953782,4240378
2025-03-25,553.1640014648438,575.7746616570834,549.8272120862694,575.7248706265647,3022903
2025-03-26,550.873046875,560.4850864170436,546.8390008311288,549.827192092501,2480329
2025-03-27,546.1915283203125,552.5165695556277,541.2112096129333,548.8311215531859,7424905
2025-03-28,535.78271484375,551.8691079113152,531.8980419051319,549.7276073281541,4123070
2025-04-01,520.4432983398438,538.7210434468311,518.7997688692295,529.9556947916675,3372414
2025-04-02,524.1785888671875,530.5534216768384,515.9610622958729,525.921700564133,4370554
2025-04-03,525.0750122070312,531.8980243436652,516.6084706210366,518.1025661950356,4738116
2025-04-04,504.40667724609375,525.4734194927013,498.629519651346,522.8836780589922,4338333
2025-04-07,486.4775390625,490.9100349968334,458.18933408131807,458.18933408131807,3038809
2025-04-08,488.32025146484375,501.56788712734624,484.4853999633446,500.0737915083819,1859126
2025-04-09,480.40155029296875,488.2704784951752,475.12242440302794,488.07125357963037,1765150
2025-04-11,492.0057067871094,499.0279441414963,484.0869877300742,499.0279441414963,3235537
2025-04-15,510.582275390625,519.4472674561626,497.7828799831588,497.9322834724472,3065723
2025-04-16,507.6937255859375,516.4092837426687,499.92440979060734,511.97678772112073,2574424
2025-04-17,505.9007873535156,514.5665239936948,504.65570762957145,508.9885911483881,2226131
2025-04-21,519.2978515625,521.1903971505765,501.2193295907455,508.88900281535746,4128522
2025-04-22,507.1956787109375,525.4236333585169,505.1039387356119,523.9295377186348,4070438
2025-04-23,506.8470458984375,512.9728318890785,502.61377495566353,511.77754322860807,5386110
2025-04-24,501.8169250488281,510.5822742384544,499.5757815221954,506.74745296640197,2120881
2025-04-25,480.79998779296875,506.6976454819757,476.317700885256,501.0200699065582,3196366
2025-04-28,474.3255920410156,487.9716478142687,471.4369827132705,474.9730274292343,6571011
2025-04-29,462.771240234375,483.8877742216526,461.1775321001105,478.0110039741658,5429671
2025-04-30,477.31378173828125,484.9336636748205,461.22732716425395,463.966502594853,5506434
2025-05-02,467.4527282714844,481.8956533433825,466.2574699522829,481.8956533433825,2362909
2025-05-05,479.305908203125,481.74624625166007,455.2509433417988,470.14210917048126,4696931
2025-05-06,464.36492919921875,482.7921084468472,462.77122113074404,480.99917547076825,1813659
2025-05-07,466.6558837890625,473.08050736840596,455.7987946000352,455.7987946000352,1740467
2025-05-08,461.5261535644531,474.6243860506843,457.1932700886969,470.83935588649143,2323658
2025-05-09,458.0399169921875,461.5261400827484,439.2641094106759,439.2641094106759,2156494
2025-05-12,479.206298828125,480.10275016595637,470.44091917583387,473.1303035867827,1959126
2025-05-13,472.38323974609375,480.15252494086985,468.4985971487057,480.1027339116862,2597495
2025-05-14,473.08050537109375,476.01887528921816,469.195832303731,472.38324856478397,3784668
2025-05-15,485.4814758300781,489.5155523404704,475.27182217892283,476.1184824636314,5192791
2025-05-16,501.8667297363281,504.65569609523726,479.9533270957596,488.0712406308432,9882396
2025-05-19,513.3214111328125,522.7840164239396,503.111788452996,504.0082397168755,6049881
2025-05-20,502.7134094238281,516.9571095313161,500.87068532384984,515.7618208185046,3170791
2025-05-21,502.81298828125,511.8772052336433,496.1393791367006,501.9165369510812,2590939
2025-05-22,497.9820861816406,508.7893535991431,490.5613990522246,502.31493919540816,4039008
2025-05-23,494.645263671875,502.06592036103746,493.6989909516517,498.77892214938873,2122235
2025-05-26,502.91259765625,505.50236956999106,494.5456679635479,494.9440873970186,1927370
2025-05-27,495.392333984375,503.0122159283532,491.7068857878983,502.9126034694705,2509599
2025-05-28,494.346435546875,501.8169138015474,491.9558885848706,496.53778799389374,1794123
2025-05-29,498.9283447265625,501.0200847583247,490.16299556174056,495.9899747939873,3046559
2025-05-30,486.0293273925781,500.3726395616042,484.9336511691034,498.52991551268593,3732715
2025-06-02,495.5915222167969,499.42637385421506,482.19448259705575,486.02933423447394,1879134
2025-06-03,497.0856018066406,506.34901291131894,494.24684443979805,496.1393594835109,2378912
2025-06-04,507.0462341308594,508.73955464597987,493.44997017429,498.9283207382702,2982748
2025-06-05,506.1000061035156,513.2716469876037,503.4106217735739,509.98464871541177,1631097
2025-06-06,522.8499755859375,523.9500122070312,508.0,514.0,5565991
2025-06-09,534.9000244140625,541.8499755859375,525.0,526.7999877929688,6278958
2025-06-10,533.2000122070312,538.7999877929688,529.0,537.0,2909626
2025-06-11,535.5,543.0999755859375,532.2999877929688,537.8499755859375,4458603
2025-06-12,516.7999877929688,537.9500122070312,514.25,535.0,2193633
2025-06-13,506.8500061035156,515.8499755859375,502.29998779296875,502.29998779296875,2226519
2025-06-16,512.8499755859375,514.2999877929688,503.04998779296875,507.79998779296875,1713177
2025-06-17,503.3500061035156,515.9000244140625,500.5,515.0,2324881
2025-06-18,504.04998779296875,512.5,500.70001220703125,503.29998779296875,2255318
2025-06-19,480.54998779296875,507.0,479.0,504.1000061035156,5484701
2025-06-20,499.29998779296875,502.20001220703125,480.04998779296875,481.0,5785366
2025-06-23,500.54998779296875,503.0,489.5,495.0,3285462
2025-06-24,504.8999938964844,510.79998779296875,502.0,506.0,3594212
2025-06-25,507.70001220703125,513.0499877929688,506.70001220703125,510.8999938964844,4375094
2025-06-26,516.9500122070312,520.4500122070312,505.5,512.9000244140625,7709890
2025-06-27,522.5,528.5,516.0,519.0,3849783
2025-06-30,522.0999755859375,526.0999755859375,517.0999755859375,523.2999877929688,2172588
2025-07-01,527.1500244140625,528.4500122070312,518.7999877929688,522.2999877929688,2604174
2025-07-02,518.0499877929688,532.6500244140625,513.2000122070312,531.9000244140625,3540272
2025-07-03,510.3500061035156,520.2999877929688,507.95001220703125,519.7999877929688,3273830
2025-07-04,512.0,513.4000244140625,502.1000061035156,510.3999938964844,3519624
2025-07-07,509.6499938964844,524.2000122070312,508.0,513.6500244140625,3411737
2025-07-08,513.5499877929688,516.8499755859375,504.3500061035156,510.0,3934146
2025-07-09,514.9000244140625,525.5,513.9000244140625,515.0499877929688,3516374
2025-07-10,530.5499877929688,536.5999755859375,515.4500122070312,516.5,6941032
2025-07-11,523.7000122070312,535.5,522.2000122070312,531.0,4054505
2025-07-14,530.5,534.3499755859375,522.25,525.0,3346236
2025-07-15,528.9500122070312,533.5,526.4000244140625,532.0,2422923
2025-07-16,531.75,533.5,526.2000122070312,528.75,2460503
2025-07-17,531.5999755859375,534.2999877929688,521.5499877929688,528.0,4175593
2025-07-18,530.4000244140625,538.75,522.0,532.5,5871617
2025-07-21,531.7000122070312,535.5,526.0499877929688,530.4000244140625,2545659
2025-07-22,531.5499877929688,536.0999755859375,529.5499877929688,533.0,2785824
2025-07-23,533.8499755859375,535.7999877929688,531.0,532.9500122070312,1429888
2025-07-24,532.5499877929688,537.0,526.5,535.0,3750877
2025-07-25,518.0999755859375,532.8499755859375,512.0,531.4500122070312,3715596
2025-07-28,520.0999755859375,527.75,511.6000061035156,515.0,2232420
2025-07-29,524.7999877929688,526.3499755859375,515.2000122070312,515.2000122070312,1532398
2025-07-30,526.5,529.75,521.0499877929688,524.7999877929688,1616906
2025-07-31,515.0499877929688,523.7999877929688,512.0999755859375,520.0499877929688,1946308
2025-08-01,511.6499938964844,533.9000244140625,509.3999938964844,530.0,12369442
2025-08-04,537.7999877929688,539.9000244140625,512.2999877929688,515.0,9051726
2025-08-05,537.7000122070312,548.4000244140625,535.2000122070312,539.0,8557539
2025-08-06,534.0499877929688,541.4000244140625,521.7000122070312,538.5,4521179
2025-08-07,532.9000244140625,537.0,514.5999755859375,530.0,3013051
2025-08-08,518.2999877929688,535.0499877929688,516.5,533.2000122070312,1688157
2025-08-11,535.0999755859375,537.0,518.2999877929688,521.5,2511889
2025-08-12,533.1500244140625,539.4000244140625,531.0999755859375,534.5999755859375,1582468
2025-08-13,535.0,538.9500122070312,533.8499755859375,534.0999755859375,1205129
2025-08-14,529.1500244140625,535.75,525.8499755859375,535.0,1062841
2025-08-18,533.5999755859375,540.6500244140625,531.1500244140625,534.5,2426463
2025-08-19,533.2999877929688,535.0,530.4000244140625,533.5999755859375,1331520
2025-08-20,531.75,539.1500244140625,531.0,532.2000122070312,2552499
2025-08-21,521.2999877929688,532.2999877929688,519.2000122070312,532.0,2595769
2025-08-22,517.9000244140625,522.5999755859375,513.2999877929688,520.7000122070312,2099250
2025-08-25,521.4500122070312,525.7999877929688,515.7999877929688,518.9000244140625,3246470
2025-08-26,513.0999755859375,521.5999755859375,511.45001220703125,520.0,1985173
2025-08-28,497.6499938964844,513.0,496.20001220703125,513.0,2117153
2025-08-29,488.45001220703125,498.8500061035156,485.5,498.04998779296875,2020026
2025-09-01,501.1000061035156,501.8999938964844,488.0,490.0,1287794
2025-09-02,511.29998779296875,513.0999755859375,499.54998779296875,504.0,2096621
2025-09-03,509.04998779296875,515.5,508.3500061035156,511.29998779296875,1579405
2025-09-04,502.5,513.75,501.5,509.8999938964844,1691028
2025-09-05,504.1000061035156,507.1499938964844,499.54998779296875,502.1000061035156,1075403
2025-09-08,510.20001220703125,520.0,505.20001220703125,505.20001220703125,1649154
2025-09-09,506.1000061035156,512.3499755859375,505.0,511.95001220703125,1197551
2025-09-10,519.0,523.0,508.20001220703125,508.8999938964844,2428381
2025-09-11,521.5499877929688,529.5,516.4500122070312,518.6500244140625,2031990
2025-09-12,525.75,529.5999755859375,523.0999755859375,525.0,1823634
2025-09-15,532.0,535.0,523.1500244140625,523.9500122070312,1875958
2025-09-16,540.0499877929688,551.25,532.0,532.4500122070312,5756908
2025-09-17,535.0,545.2999877929688,534.0,541.9000244140625,1370817
2025-09-18,537.7999877929688,542.5,533.7999877929688,535.4000244140625,1135518
2025-09-19,545.5,552.0,542.6500244140625,551.0,4396075
2025-09-22,542.9500122070312,549.4500122070312,539.3499755859375,547.0,1883318
2025-09-23,543.8499755859375,555.5,541.0999755859375,542.5,3398352
2025-09-24,535.1500244140625,551.0,533.25,546.0499877929688,2427695
2025-09-25,528.5999755859375,539.8499755859375,527.1500244140625,536.0,2098712
2025-09-26,520.0999755859375,528.4000244140625,518.2999877929688,526.1500244140625,1451737
2025-09-29,528.5499877929688,531.8499755859375,520.2000122070312,521.0,1476731
2025-09-30,530.8499755859375,534.3499755859375,525.0,526.5,1505150
2025-10-01,536.4500122070312,538.0,528.2000122070312,532.9000244140625,840361
2025-10-03,539.9000244140625,542.3499755859375,532.0499877929688,537.0,1851581
2025-10-06,541.0,542.7999877929688,536.0999755859375,539.9000244140625,1940149
2025-10-07,548.0499877929688,557.4000244140625,538.5499877929688,541.0,4233559
2025-10-08,534.4500122070312,547.9500122070312,530.0999755859375,547.0499877929688,3256894
2025-10-09,542.7999877929688,544.0,532.5499877929688,534.0,1425566
2025-10-10,546.0,547.5,541.5,542.7999877929688,1605532
2025-10-13,544.4500122070312,546.5,538.6500244140625,543.0,1373686
2025-10-14,541.0499877929688,549.5,534.9000244140625,546.0,2538458
2025-10-15,545.75,547.0999755859375,537.5999755859375,541.25,1730184
2025-10-16,548.5999755859375,551.5,545.0,545.75,2481559
2025-10-17,540.7999877929688,552.7000122070312,536.75,550.0,3399859
2025-10-20,525.2000122070312,539.5999755859375,514.0,539.5999755859375,5106756
2025-10-21,528.0999755859375,531.5,525.2999877929688,531.5,489245
2025-10-23,533.2999877929688,535.0,522.8499755859375,528.25,2656263
2025-10-24,531.1500244140625,538.0499877929688,528.25,533.0,2323758
2025-10-27,529.3499755859375,535.8499755859375,527.7999877929688,531.0,2154794
2025-10-28,536.3499755859375,539.9000244140625,525.0999755859375,527.0,2738818
2025-10-29,534.4500122070312,546.3499755859375,531.8499755859375,536.5,2691960
2025-10-30,538.1500244140625,541.2999877929688,529.0,535.0,1726926
2025-10-31,527.4500122070312,540.0,525.5,538.0,2820568
2025-11-03,532.9000244140625,536.25,524.7999877929688,528.0,1781082
2025-11-04,528.0999755859375,535.4500122070312,525.9000244140625,534.0,1525398
2025-11-06,517.3499755859375,531.9500122070312,515.5999755859375,526.1500244140625,2026463
2025-11-07,519.1500244140625,523.9000244140625,511.20001220703125,522.0,1562135
2025-11-10,522.5,527.0,519.5499877929688,521.0,878117
2025-11-11,526.8499755859375,529.4500122070312,518.25,523.0,1434139
2025-11-12,528.0499877929688,532.3499755859375,523.0499877929688,527.9000244140625,1747648
2025-11-13,528.2999877929688,532.9000244140625,525.4000244140625,527.5,1677794
2025-11-14,528.7999877929688,531.75,522.5499877929688,525.0499877929688,1755919
2025-11-17,527.6500244140625,535.5,526.8499755859375,528.0,1230818
2025-11-18,526.9500122070312,528.5,520.9500122070312,526.7999877929688,2011169
2025-11-19,513.6500244140625,528.7000122070312,512.3499755859375,526.0499877929688,2913764
2025-11-20,504.8500061035156,517.2999877929688,503.5,516.0,3532744
2025-11-21,484.54998779296875,507.6499938964844,483.0,506.0,6244965
2025-11-24,481.0,487.8999938964844,479.5,487.8999938964844,3561430
2025-11-25,476.6000061035156,482.3999938964844,475.0,481.3999938964844,2950968
2025-11-26,487.25,489.6000061035156,473.79998779296875,476.6000061035156,1486994
2025-11-27,488.0,490.20001220703125,480.6499938964844,489.0,2266552
2025-11-28,488.6499938964844,489.5,483.45001220703125,489.5,1256225
2025-12-01,491.79998779296875,493.3999938964844,484.1000061035156,488.70001220703125,1933563
2025-12-02,484.1499938964844,490.54998779296875,480.0,488.04998779296875,2109674
2025-12-03,470.20001220703125,484.8500061035156,468.1000061035156,482.20001220703125,2984285
2025-12-04,459.8500061035156,473.29998779296875,457.8999938964844,470.20001220703125,6057866
2025-12-05,461.95001220703125,465.0,448.6499938964844,459.8500061035156,4893964
2025-12-08,453.8500061035156,470.8999938964844,449.54998779296875,461.8999938964844,3062061
2025-12-09,451.20001220703125,456.8999938964844,442.70001220703125,453.5,21783593
2025-12-10,451.1499938964844,470.79998779296875,448.8999938964844,452.0,5390865
2025-12-11,457.79998779296875,460.0,448.1499938964844,452.1499938964844,2098580
2025-12-12,482.20001220703125,485.1000061035156,457.79998779296875,457.79998779296875,5749586
2025-12-15,486.45001220703125,487.79998779296875,478.8999938964844,484.1000061035156,3760447
2025-12-16,478.5,484.95001220703125,472.1499938964844,484.0,1861838
2025-12-17,475.25,482.54998779296875,473.0,477.79998779296875,1837506
2025-12-18,472.0,475.25,467.6499938964844,475.25,1792598
2025-12-19,478.25,479.8999938964844,468.29998779296875,475.0,1533200
2025-12-22,478.95001220703125,482.1000061035156,476.1000061035156,479.0,847804
2025-12-23,485.6499938964844,486.75,477.20001220703125,480.0,1158705
2025-12-24,484.3500061035156,488.1000061035156,481.54998779296875,486.8999938964844,1822866
2025-12-26,479.3999938964844,486.95001220703125,477.29998779296875,481.8999938964844,712818
2025-12-29,471.1499938964844,479.3500061035156,470.0,479.0,796387
2025-12-30,469.75,474.6499938964844,468.0,469.29998779296875,638823
2025-12-31,482.45001220703125,484.1499938964844,469.95001220703125,470.04998779296875,2308011
2026-01-01,502.0,503.04998779296875,483.0,484.0,6027942
2026-01-02,510.6499938964844,514.5499877929688,502.20001220703125,505.0,5505156
2026-01-05,516.9000244140625,524.0999755859375,509.8500061035156,510.04998779296875,3982373
2026-01-06,514.8499755859375,521.5999755859375,511.5,517.25,1579518
2026-01-07,512.5999755859375,518.0,507.20001220703125,515.0,1268975
2026-01-08,499.70001220703125,512.9000244140625,497.0,512.0,1233169
2026-01-09,490.25,502.29998779296875,487.3999938964844,499.79998779296875,1227007
2026-01-12,498.79998779296875,499.8999938964844,479.3500061035156,490.0,2300943
2026-01-13,494.1499938964844,502.04998779296875,488.0,500.0,1491221
2026-01-14,494.6499938964844,501.0,491.5,493.0,950741
2026-01-15,494.6499938964844,494.6499938964844,494.6499938964844,494.6499938964844,0
2026-01-16,492.79998779296875,503.6499938964844,490.6000061035156,496.5,2548099
2026-01-19,486.3500061035156,500.3500061035156,484.20001220703125,492.8999938964844,954571
2026-01-20,479.1000061035156,487.75,476.04998779296875,486.3500061035156,1392651
2026-01-21,477.79998779296875,481.54998779296875,471.0,479.5,1565280
2026-01-22,492.3500061035156,494.29998779296875,479.25,479.79998779296875,1249211
2026-01-23,477.6499938964844,492.0,472.5,492.0,1759170
2026-01-27,440.04998779296875,475.0,427.75,475.0,24092304
2026-01-28,446.25,452.3999938964844,438.70001220703125,442.0,9881272
2026-01-29,459.0,461.04998779296875,446.20001220703125,454.0,3250586
2026-01-30,459.79998779296875,461.6000061035156,449.1000061035156,458.79998779296875,3023985
2026-02-02,451.5,453.6000061035156,440.04998779296875,443.0,1249736
2026-02-03,459.1499938964844,475.0,451.8500061035156,465.0,3452273
2026-02-04,468.8500061035156,470.0,456.0,458.8999938964844,2034405
2026-02-05,473.95001220703125,474.8999938964844,462.8500061035156,468.8500061035156,1740344
2026-02-06,473.1499938964844,474.25,465.3500061035156,471.54998779296875,902590
2026-02-09,480.1000061035156,480.8999938964844,469.54998779296875,474.0,2276852
2026-02-10,483.70001220703125,485.3999938964844,478.8999938964844,484.0,1165197
