Price,Close,High,Low,Open,Volume
Ticker,NAUKRI.NS,NAUKRI.NS,NAUKRI.NS,NAUKRI.NS,NAUKRI.NS
Date,,,,,
2021-02-22,978.52197265625,1011.1188164265261,971.536234188978,1009.9431447126929,3467180
2021-02-23,993.7083129882812,1028.7545711826292,982.4997846016744,1013.0783110503224,4721480
2021-02-24,967.3329467773438,1005.1225355938451,961.934425546389,993.708235653249,2292175
2021-02-25,971.6244506835938,991.6508763763103,968.9888769276474,978.7865399906166,3131760
2021-02-26,962.1990356445312,972.9078734400089,931.640124317384,960.1709123577126,3507240
2021-03-01,962.0912475585938,983.430524482117,955.3602584906901,964.0899490957261,1844925
2021-03-02,972.4081420898438,987.2123949561602,954.4000346272412,971.7321010227425,2597600
2021-03-03,989.7011108398438,999.3615918759328,979.7662665450322,999.3615918759328,2502550
2021-03-04,976.8269653320312,987.4084290245374,970.3507246782139,970.9483677472848,1476255
2021-03-05,969.028076171875,981.3437462008548,963.5119869119532,965.0992633936654,1110010
2021-03-08,958.9659423828125,981.8532702736261,957.2317367839997,970.1842194005667,1183905
2021-03-09,953.1165771484375,976.6309666823637,935.4807849979928,969.9685682744549,2598860
2021-03-10,954.2531127929688,973.8876059769532,945.905485605679,964.5994415067125,2593270
2021-03-12,941.2809448242188,973.299756519602,938.2240790971497,952.5287013432277,3561205
2021-03-15,934.530517578125,950.5594800811222,910.2029033211923,950.5594800811222,1968855
2021-03-16,945.4155883789062,955.2720338437898,935.6767100726352,940.5755410154238,1766455
2021-03-17,933.070556640625,949.1974698030882,927.8385788910808,940.5755393193639,1483325
2021-03-18,877.88037109375,942.9270670695406,865.1336025571264,942.9270670695406,4937545
2021-03-19,901.835693359375,910.829940651131,844.1764117898542,867.0147614287745,5038875
2021-03-22,916.7280883789062,926.6629327792238,905.3040399017525,920.5883699020966,2340585
2021-03-23,935.4024658203125,947.3262649079162,913.161818351155,913.161818351155,3087960
2021-03-24,917.57080078125,934.9812081479515,911.5941901691101,922.9399012405155,1657120
2021-03-25,862.7429809570312,915.7189501455032,856.5802726708151,915.4936230403413,3680250
2021-03-26,876.09716796875,881.593642169346,860.5188609850428,878.2624728660386,2444210
2021-03-30,814.8617553710938,887.9327354995554,788.4962731731921,877.8803246936064,8742545
2021-03-31,838.7876586914062,859.5783293338017,832.8013013361988,836.524401076253,5776215
2021-04-01,835.3585205078125,847.3411028748718,817.1250842391262,842.7851657153336,3903680
2021-04-05,868.7391357421875,875.4799323600965,823.483730035126,836.808586982238,6298070
2021-04-06,881.7896728515625,885.8850888227837,862.9879551017532,872.6190746059517,3378800
2021-04-07,919.2951049804688,923.7628366847016,868.8861195003525,876.8907930120641,6183520
2021-04-08,948.8056640625,964.0899937011014,920.3042374285022,926.8588760581727,7044360
2021-04-09,938.8903198242188,953.8611152593228,928.8182952601389,950.3731502134333,3378520
2021-04-12,930.993408203125,935.8824917645783,882.3774142296562,911.1825643784681,4317215
2021-04-13,892.9296264648438,940.5756674006218,885.7087534689189,936.6566021197858,2970890
2021-04-15,897.5638427734375,905.0688857789224,856.8153976939367,893.546825045828,3771925
2021-04-16,915.9149169921875,926.8588894609028,894.5266026192434,899.621399172512,2904880
2021-04-19,920.29443359375,938.2241441437035,872.3055014435066,881.7896316388892,3685220
2021-04-20,936.0686645507812,946.4541624966125,912.1623450148512,916.0814098699096,4006550
2021-04-22,945.9740600585938,949.58939967788,921.8227996473479,940.5657315744106,2990010
2021-04-23,955.5269165039062,969.733528228544,934.6970748485793,934.8930400737848,4825190
2021-04-26,958.6620483398438,971.6341431347807,949.0015082528192,964.0801242775254,2683340
2021-04-27,969.978271484375,974.3577973613199,952.5090247224782,958.661984694768,1994815
2021-04-28,983.8519287109375,999.0677283630914,974.8871027639575,988.4176732497828,4527575
2021-04-29,981.5199584960938,990.5534339426243,965.0795127808758,989.5148841641912,2374360
2021-04-30,963.0513916015625,988.358769306896,953.5084783758291,969.0965323151617,1431355
2021-05-03,953.3026733398438,959.9748785456562,945.4743512328978,956.2517790707857,1860850
2021-05-04,938.3222045898438,962.3264791219835,931.1796699365266,953.5085823550751,1718335
2021-05-05,948.1785278320312,952.5286920628128,915.4935424224738,940.5755327079462,2889850
2021-05-06,932.4336547851562,956.0558024388068,925.2911810406575,956.0558024388068,2128180
2021-05-07,916.5322875976562,939.9976447693307,911.7705774999262,933.7467902249471,2274160
2021-05-10,905.1080932617188,924.5956592622385,902.3941812829978,915.1017214517434,1578250
2021-05-11,878.6642456054688,905.1081294523776,877.1945961011186,905.1081294523776,2535060
2021-05-12,853.3078002929688,878.2624774068107,850.4370923990265,877.9097161138961,3568020
2021-05-14,840.9628295898438,871.9920117352926,838.6799573543939,866.1134139033693,3291885
2021-05-17,834.0750732421875,848.2621305088413,830.8418562803801,842.5990523598193,3263475
2021-05-18,871.5316162109375,879.8302087407352,838.4742483363331,842.5990863218623,5939865
2021-05-19,862.1355590820312,887.0412016454998,858.8631133330039,872.9717719512821,2827840
2021-05-20,861.1654052734375,873.7651826706534,851.4363353055913,862.1941476941738,2342555
2021-05-21,849.2027587890625,881.1725426665689,844.9603533390673,871.9921358629045,3983405
2021-05-24,853.5724487304688,866.6719199331621,846.1261886544684,856.5117477551603,2619000
2021-05-25,851.6715698242188,862.9780501544652,847.5663470867757,853.7682838276307,2440415
2021-05-26,885.8067016601562,889.4318489864667,846.6944471010761,853.9642964158718,5345650
2021-05-27,878.7426147460938,896.7409169665481,871.9920105594922,891.7833018603186,7787120
2021-05-28,874.29443359375,891.5383563481206,872.187971929565,878.7426108663897,2470330
2021-05-31,851.505126953125,878.664220307474,848.8989150856735,876.8810384508465,3881735
2021-06-01,867.6417236328125,871.9722733427906,853.5722958400928,854.7675818586112,2640370
2021-06-02,887.1978759765625,899.8172689531135,862.1942243347955,862.1942243347955,2845395
2021-06-03,897.436279296875,907.0478416467861,888.6478065404646,901.3847651788615,3185465
2021-06-04,895.7807006835938,904.4319934694115,887.119540867226,889.6277400330209,2153020
2021-06-07,913.475341796875,920.7843601495007,894.3502844148278,894.5266351734504,3298725
2021-06-08,912.906982421875,921.6562875876414,906.3033676692265,913.14211674657,1975445
2021-06-09,916.5418701171875,923.9195384015127,888.8439199535175,909.4190104163295,3754205
2021-06-10,927.3585815429688,930.3664711671039,913.6712156585544,921.0782462658079,1878870
2021-06-11,918.80517578125,928.8183576416106,916.0813970410401,927.2703103014901,1726745
2021-06-14,917.9038696289062,924.5074851254868,897.485572798542,914.7098218248768,1141770
2021-06-15,959.485107421875,962.1304883417116,920.9803045226159,923.3317675180681,5693795
2021-06-16,959.5145263671875,979.5703133860769,955.4680868525469,962.1304855870018,3739770
2021-06-17,969.58642578125,971.9280813777425,945.4743936789531,945.4743936789531,2676185
2021-06-18,979.5213012695312,989.1719748413349,948.6096882682743,974.8674116160877,5218225
2021-06-21,976.9600219726562,984.0845367653227,944.0361841210126,971.1308789510241,5104155
2021-06-22,956.3911743164062,976.812789426077,951.8966352881747,975.2524376593361,4545860
2021-06-23,938.6976318359375,966.2045289736157,934.2325617186958,957.7846431065622,2276520
2021-06-24,939.8851318359375,946.7250204994893,928.0894444752133,942.083316658106,1557440
2021-06-25,972.3477783203125,976.4301130416843,935.3219002391802,942.0833251457457,2508200
2021-06-28,977.0385131835938,983.2994465872802,963.5843644626234,973.4860788568682,1291470
2021-06-29,972.0828247070312,982.8775297684751,964.8797860663163,976.4301396487963,1114565
2021-06-30,964.8013305664062,981.5331115767368,962.3185196307592,972.3183443470357,1065640
2021-07-01,1043.5830078125,1050.0303376444722,967.6078724065688,967.6078724065688,17632710
2021-07-02,1052.993896484375,1057.8809339512957,1025.7912726471538,1043.5043277272162,4764655
2021-07-05,1074.887451171875,1104.7888705361197,1064.4656605325606,1076.5263265352294,8211250
2021-07-06,1061.6885986328125,1093.0030875943007,1056.7132740621719,1079.44094674388,3312110
2021-07-07,1046.6053466796875,1068.0671741467709,1040.4130549978381,1062.0024610194591,2096355
2021-07-08,1055.4080810546875,1082.4144889205083,1046.1050273701376,1063.2784213466643,5436030
2021-07-09,1056.2913818359375,1069.460965718013,1052.974458433345,1055.918469034743,1810210
2021-07-12,1059.873291015625,1066.3009756543877,1054.9371377975015,1066.1047561967532,1196335
2021-07-13,1012.1408081054688,1065.7315874608407,1007.3027657780059,1065.7315874608407,5798765
2021-07-14,1021.8660278320312,1028.411467429414,1012.1507698381195,1012.1507698381195,2541215
2021-07-15,1022.6904907226562,1034.4763569288727,1016.6650675495779,1026.2822174567543,1500970
2021-07-16,1001.4639892578125,1033.9363891928465,997.0381508747947,1026.8708124184418,2011040
2021-07-19,1005.4286499023438,1014.7022345937396,984.8695724035525,1000.9635196185826,1663995
2021-07-20,1018.764892578125,1024.50568829479,994.4768093374001,1008.8141240996031,1919980
2021-07-22,1025.565673828125,1031.1790117873502,1011.8367805492467,1030.4037173237018,1693630
2021-07-23,1009.3147583007812,1051.9439729362718,1004.8889195891451,1031.9737922915274,6899070
2021-07-26,998.2059326171875,1016.6550515654964,983.4957042961136,1015.683537764914,4335995
2021-07-27,1016.82177734375,1023.4065076762391,1000.963344153423,1001.1596234550127,3469545
2021-07-28,1031.44384765625,1033.9363615080792,997.0381241780178,1026.4782262698884,2513310
2021-07-29,1022.3368530273438,1037.802727141233,1018.1072348592245,1032.1403958970204,1806410
2021-07-30,1023.4950561523438,1035.7519439860657,1017.0575486238896,1024.6825552150276,2222115
2021-08-02,1040.5504150390625,1049.8339407170445,1021.5517528721284,1030.4034281550096,2158880
2021-08-03,1053.3865966796875,1059.8437497334664,1032.7588778653628,1042.1796872379089,1450875
2021-08-04,1050.28564453125,1062.7682212008913,1040.2171183121436,1050.0304873528241,1364815
2021-08-05,1049.6280517578125,1057.8811282388283,1040.4132843269515,1057.8811282388283,800810
2021-08-06,1058.0283203125,1059.73583680218,1041.5909285173593,1049.5986705396438,1095730
2021-08-09,1045.1533203125,1058.028456301168,1041.2083266078803,1058.028456301168,1143390
2021-08-10,1072.1302490234375,1079.235118860274,1042.189649507685,1050.1777465457862,3313085
2021-08-11,1054.9468994140625,1076.5264863994498,1017.0673223013607,1075.3489301379097,2640655
2021-08-12,1065.0745849609375,1067.4396409877731,1047.086718479977,1056.703870277901,958555
2021-08-13,1065.447265625,1078.2930521164626,1061.6103245305565,1063.1804396390444,910645
2021-08-16,1068.832763671875,1074.5539137751382,1045.8105221551843,1072.5912402834012,1163660
2021-08-17,1070.6876220703125,1075.299857365537,1049.0982112904433,1062.9448599201169,1429980
2021-08-18,1075.9571533203125,1099.8821452032178,1063.57268981457,1070.6873803974806,2738965
2021-08-20,1058.3421630859375,1073.3861313778975,1050.2264894026362,1069.6570039975886,737175
2021-08-23,1077.3310546875,1082.9933868833957,1042.1796251248563,1060.2558911264657,1439055
2021-08-24,1130.6568603515625,1138.3505060923378,1079.4703075013547,1079.4703075013547,6315980
2021-08-25,1137.5557861328125,1157.781243681323,1129.9112536611046,1143.0611911838937,3725600
2021-08-26,1137.673583984375,1153.0510544446165,1126.9671663227762,1137.5557085720222,1419390
2021-08-27,1157.1236572265625,1174.0615398527884,1129.5186484548317,1137.6833178619895,1954445
2021-08-30,1189.9688720703125,1194.905024477862,1157.113738145307,1157.1235610957854,2621840
2021-08-31,1213.3935546875,1220.2334438299135,1176.1224000295895,1191.5588096217186,3030980
2021-09-01,1219.801513671875,1229.6639953879032,1197.97659512647,1213.1283762192688,1890900
2021-09-02,1233.873779296875,1236.2879488936023,1214.8947621918132,1214.8947621918132,1438735
2021-09-03,1213.737060546875,1235.5031658515782,1203.1190479221882,1235.5031658515782,1724980
2021-09-06,1220.5670166015625,1225.6895655393057,1208.113791309926,1213.5209662304594,1268660
2021-09-07,1213.668212890625,1232.8042793158259,1205.0422246147218,1220.5866848227229,1057120
2021-09-08,1317.9844970703125,1324.7949172717003,1216.857687316413,1216.857687316413,13743655
2021-09-09,1312.017822265625,1330.2609594822054,1292.5284879483547,1314.9913014959748,3126375
2021-09-13,1296.21826171875,1311.0855373655486,1286.5324728362202,1311.0658914639132,1422750
2021-09-14,1319.407470703125,1360.68255848803,1295.6885145494111,1304.5893073743628,6366335
2021-09-15,1308.553466796875,1318.9066162265824,1295.3643599053055,1318.9066162265824,1894400
2021-09-16,1346.0406494140625,1370.9273330826616,1317.1500354500624,1319.8978260530994,4574945
2021-09-17,1298.24951171875,1361.113997994376,1288.5441972077574,1348.356620940355,2815045
2021-09-20,1294.471435546875,1329.7112711150348,1287.5137916626759,1298.249558004542,2487090
2021-09-21,1320.29052734375,1328.7299996906054,1294.5009680235833,1295.5607686204894,2264215
2021-09-22,1334.1568603515625,1348.35677522409,1324.8046918140622,1334.6180599015738,1422945
2021-09-23,1341.8701171875,1354.2447596378356,1334.0782408437851,1346.1683770858601,1754565
2021-09-24,1305.47265625,1351.889824376354,1303.8043114782674,1344.4316871505837,1551695
2021-09-27,1318.5338134765625,1332.615971423365,1289.0250710707974,1315.9725390172832,1135495
2021-09-28,1325.8740234375,1331.8699756436151,1299.6822072795505,1316.9537073519832,1216030
2021-09-29,1264.315185546875,1310.4380195345263,1258.2701167420244,1310.084752627971,3222310
2021-09-30,1262.27392578125,1276.3167930743027,1252.1955776950658,1267.8871435179306,1681750
2021-10-01,1261.734130859375,1280.4482905137004,1256.1110902237792,1264.9431213269152,1657970
2021-10-04,1284.4913330078125,1292.8620443851516,1261.0177149858062,1273.098027794547,1428630
2021-10-05,1274.324951171875,1288.4855760976611,1261.4105235314535,1287.5140621128196,1546170
2021-10-06,1288.58349609375,1305.5508475797049,1280.6445149794554,1287.9064312067221,1971140
2021-10-07,1295.531494140625,1299.3782578714977,1282.0381126431946,1299.0937516476304,1108530
2021-10-08,1309.28955078125,1350.0346696233253,1301.4486801525259,1306.1591442167953,3166830
2021-10-11,1301.6939697265625,1324.0292017770878,1272.3029845638036,1323.6269399952391,1081810
2021-10-12,1307.326904296875,1310.0845179734818,1287.5334193701542,1301.694041121314,900580
2021-10-13,1335.7760009765625,1342.468664857467,1307.14054209806,1314.7950166127646,1542260
2021-10-14,1375.6083984375,1409.1995353252114,1338.5138223623858,1340.5059646617262,3378535
2021-10-18,1377.69873046875,1399.700224426475,1364.058125257755,1375.6084783340455,1104140
2021-10-19,1360.437255859375,1465.2144991677642,1299.5452514838864,1426.078777638436,4271780
2021-10-20,1357.581298828125,1391.3196614555902,1315.972596212432,1369.906826251698,2533730
2021-10-21,1320.791015625,1382.0950953596703,1293.5196282473223,1371.153166333137,1483675
2021-10-22,1234.452880859375,1344.4312279432736,1221.764145101734,1329.7111780022888,2781590
2021-10-25,1168.909423828125,1234.325362497887,1152.2756947083642,1230.5962350808106,3348025
2021-10-26,1191.274169921875,1207.0441987366905,1158.5759624302543,1164.4345140593884,1231345
2021-10-27,1220.086181640625,1228.2312046261484,1193.6489078367906,1206.8283128320738,1550185
2021-10-28,1205.189453125,1230.596275777465,1195.4840183612428,1230.596275777465,949235
2021-10-29,1192.3929443359375,1222.7457465968205,1186.4657510678837,1212.5398191355057,1040590
2021-11-01,1235.7286376953125,1241.5773663026735,1197.5939065467812,1198.6635300461899,1472355
2021-11-02,1204.28662109375,1242.274249165666,1202.1375510537007,1235.7286897421245,2195875
2021-11-03,1187.2015380859375,1224.6002652347925,1179.7629292555027,1214.894830926093,1631120
2021-11-04,1200.0472412109375,1204.8852839942715,1197.230809589897,1197.230809589897,165035
2021-11-08,1208.231689453125,1218.6241328133167,1189.7728058302912,1211.1658770140966,1104290
2021-11-09,1220.6160888671875,1224.7083063814503,1199.1935499985034,1216.8576121097742,1908570
2021-11-10,1203.46240234375,1230.0664295368088,1201.1759306458239,1220.616151034284,855725
2021-11-11,1206.5731201171875,1210.9694893721626,1183.884620375415,1206.6124119187034,719070
2021-11-12,1257.3868408203125,1262.4211032000665,1201.1660194029146,1210.7733446344737,2567475
2021-11-15,1244.864990234375,1285.3549551328533,1240.4096829447608,1269.8301402769857,2227330
2021-11-16,1282.3031005859375,1291.439404940247,1242.3725582479883,1245.9053472514097,2597150
2021-11-17,1284.570068359375,1302.6561610677982,1273.7950078083231,1283.1961726700877,1931695
2021-11-18,1272.9705810546875,1314.2062546480988,1250.419359735673,1294.7758569961863,2358550
2021-11-22,1191.7156982421875,1287.7984106371619,1169.596330102257,1279.8593102726534,2940405
2021-11-23,1176.8582763671875,1184.3949953277477,1146.201325831566,1183.4921223911547,2642145
2021-11-24,1171.500244140625,1203.894180670365,1160.3424497993105,1197.2308656339019,2029700
2021-11-25,1168.35009765625,1181.706196880007,1159.9400940147639,1180.9210795255979,1215405
2021-11-26,1150.06787109375,1181.5295885686335,1143.2574507329387,1168.350181728485,1878795
2021-11-29,1147.359375,1173.1291683162935,1106.2118716135012,1140.3133242979716,1642805
2021-11-30,1139.3416748046875,1169.9887992498645,1126.574475391321,1149.1452183651888,2888075
2021-12-01,1167.486572265625,1178.5855494698305,1145.3574983119524,1155.033465217311,1413725
2021-12-02,1153.7283935546875,1175.386446176723,1147.575392039849,1173.6789295582255,1441175
2021-12-03,1141.333740234375,1161.8926937747858,1136.6822144045038,1156.8977240985525,1816290
2021-12-06,1107.8211669921875,1151.7948008520812,1100.1863389548596,1144.2385564152253,1225265
2021-12-07,1115.986083984375,1124.4158541019683,1092.3064200870467,1115.3874828577925,2187805
2021-12-08,1126.5352783203125,1137.0160073432144,1119.3519461391932,1119.7052129882238,1330775
2021-12-09,1125.789306640625,1130.2839049636432,1110.0879209424736,1125.3379301352643,1692690
2021-12-10,1108.12548828125,1122.2272935809287,1106.1628146429252,1114.4060678823073,1419905
2021-12-13,1077.5079345703125,1117.5465286897668,1070.7465088389854,1116.987099563652,3133555
2021-12-14,1053.180419921875,1080.4518076975924,1043.4652815173934,1076.526460530662,3715205
2021-12-15,1075.2310791015625,1081.433074515495,1045.4768824178975,1053.9556461249017,2583705
2021-12-16,1081.85498046875,1088.3023093403722,1066.7227266943464,1082.806848238095,1529470
2021-12-17,1062.77783203125,1083.7882844956157,1052.8860011377321,1083.7882844956157,1447380
2021-12-20,1009.3441162109375,1051.0116353343303,997.5484295776139,1051.0116353343303,1979280
2021-12-21,1016.35107421875,1030.4037662074534,1009.0105734303044,1018.6670149753637,1124370
2021-12-22,1037.1849365234375,1040.217234353487,1018.9320920299976,1028.0289855201456,771225
2021-12-23,1057.12548828125,1059.843810554686,1038.2543995989424,1046.10509449194,1016260
2021-12-24,1059.7554931640625,1066.722960721898,1053.3080430858715,1066.722960721898,790985
2021-12-27,1062.787841796875,1065.0056727306226,1040.7175849333255,1058.8624942740796,553925
2021-12-28,1072.708984375,1081.0405236745344,1063.7690210912479,1068.8131062858633,829830
2021-12-29,1072.2674560546875,1078.057366888094,1064.269537514717,1069.657066735366,630140
2021-12-30,1073.0721435546875,1078.2929224077259,1062.0026357144357,1074.5539717042006,837030
2021-12-31,1094.5240478515625,1105.279579605217,1067.694335858087,1067.694335858087,1268290
2022-01-03,1105.5640869140625,1118.135067627709,1094.5240489631412,1103.0224583853658,1075155
2022-01-04,1100.89306640625,1114.8182984870118,1089.480114141375,1114.8182984870118,944060
2022-01-05,1102.6201171875,1107.7329630755787,1082.5223598637558,1101.0598253083917,1208575
2022-01-06,1093.4742431640625,1097.1346104884917,1075.9377582514269,1089.4801350566167,949060
2022-01-07,1105.89794921875,1112.521972717498,1094.5929299474856,1105.9665900872537,973170
2022-01-10,1090.6873779296875,1108.9009294111327,1085.7512243261383,1105.898100639105,875580
2022-01-11,1106.5947265625,1113.38562085322,1079.8140049474887,1080.8444565816465,1857355
2022-01-12,1105.5836181640625,1118.0956598775867,1085.7508437108313,1114.7983832598943,2546040
2022-01-13,1097.291259765625,1107.9387368844561,1090.4610762335165,1107.9289139360437,910975
2022-01-14,1117.98779296875,1128.1446034691692,1079.4605060082033,1093.209042235846,2440655
2022-01-17,1110.931884765625,1132.414060636653,1103.6794296394237,1132.1683814250073,1776735
2022-01-18,1050.61279296875,1118.3318491639343,1035.105611221547,1115.187203020457,2226635
2022-01-19,985.999267578125,1056.420739007525,982.7857639039182,1056.420739007525,6071595
2022-01-20,983.9551391601562,1000.1896416452845,972.8897371988078,992.7406307013446,3783040
2022-01-21,936.0574951171875,982.7168730562073,931.6155956572845,982.7168730562073,4904760
2022-01-24,886.1355590820312,936.5293164647098,866.1668020949428,936.0576314906124,4755690
2022-01-25,888.1009521484375,914.3296705008879,849.1067499408814,878.3131295056858,4011090
2022-01-27,863.64111328125,884.0521025847003,842.1982232446813,884.0521025847003,3421265
2022-01-28,865.9898071289062,900.4832082708089,860.8600534093998,868.770912908715,2713910
2022-01-31,963.2198486328125,981.527870766874,894.2724517139704,902.1341875532141,10351140
2022-02-01,982.7659301757812,992.3474190375136,954.4047375403194,982.4220032856748,5116490
2022-02-02,1005.3389892578125,1010.232899870892,973.1255028235374,981.9306672013033,2361125
2022-02-03,981.8324584960938,1004.3268633669443,974.8551923013719,996.4749647112814,1876335
2022-02-04,952.2329711914062,982.5203122490457,949.7368919405549,974.8551326776759,2201665
2022-02-07,942.7301635742188,963.7111457673154,935.1632313146447,953.0192408885144,1374335
2022-02-08,938.5338745117188,966.4823439963036,934.5932303447869,943.4081716581854,1766215
2022-02-09,965.6372680664062,974.4227594841715,947.5159661703118,947.5159661703118,1931810
2022-02-10,960.8023071289062,986.7165464980744,951.4763335194392,974.8551465396213,1320025
2022-02-11,903.24462890625,951.270001127563,900.1687200752559,943.4082655810543,4628675
2022-02-14,886.6858520507812,898.0558340412878,845.6279103110365,864.2012841054482,1905985
2022-02-15,920.32421875,923.7538911532881,885.4279318394815,893.8792732345167,1916575
2022-02-16,900.1981811523438,929.640340776777,897.3286046489699,929.640340776777,1845155
2022-02-17,893.8597412109375,910.4086618197098,889.3588805788321,903.1070817436416,1735975
2022-02-18,870.2252807617188,891.5010645709355,861.5478741838285,887.3933153365566,2627850
2022-02-21,873.1734008789062,895.5498219815663,855.6121962038243,860.8599303899881,2680920
2022-02-22,876.7406616210938,886.4106220713766,849.4604915292487,862.1670135371395,2682330
2022-02-23,867.1100463867188,889.7518815468616,863.8081320859571,889.1622154344041,1660440
2022-02-24,841.2744140625,856.8504520148663,833.3733922463399,852.0155019470833,3393985
2022-02-25,874.7457885742188,891.7074916629917,846.5123515672647,846.5123515672647,1790215
2022-02-28,875.4632568359375,882.3717861728629,854.0203645853601,864.7909645549934,2279210
2022-03-02,897.9183349609375,903.8932108909117,866.7760321046522,871.6699433709247,3077645
2022-03-03,901.9965209960938,918.8403030864429,898.2032481508115,904.1585101758825,1564950
2022-03-04,852.9686889648438,900.1587698272681,850.0500488016866,897.810062233579,2617875
2022-03-07,842.7584228515625,854.7671952481085,827.1430360452694,844.1538641328326,1643320
2022-03-08,862.0589599609375,863.8082249749729,841.2057344466174,846.5124301279973,1170275
2022-03-09,896.965087890625,906.0552199674039,861.8427925767597,874.4215579410022,1745505
2022-03-10,907.31298828125,928.4414001600965,900.6010155271207,919.8229543535022,1507605
2022-03-11,907.0476684570312,909.7992636892311,884.6417358801503,898.2425037337142,1141470
2022-03-14,889.6929321289062,913.9267041508746,885.3886273689992,900.7779474153139,1181770
2022-03-15,873.1046752929688,892.2381444736887,861.0565565473016,884.4452066835439,2325670
2022-03-16,879.4334106445312,887.0002830728922,864.9874596789916,884.4452430295862,2566790
2022-03-17,899.9033813476562,922.7712241690506,884.0521520062657,894.2724323683025,5026460
2022-03-21,912.570556640625,935.5464824039684,902.1341080323981,907.8338540173748,3114995
2022-03-22,935.6350708007812,941.8261760097986,896.2968798326024,915.0962611600854,3317510
2022-03-23,909.2587890625,945.3736342373683,905.0822423415968,943.0150897440411,3413470
2022-03-24,890.3316650390625,911.0768041792253,887.3933511365733,904.099538256531,2379835
2022-03-25,883.5214233398438,903.1168000513775,878.5587151615147,898.8321689099477,1924825
2022-03-28,863.3365478515625,888.3761575225558,855.8580259847466,887.3737670006865,2991300
2022-03-29,883.2070922851562,887.8749981688818,868.9282450558462,868.9282450558462,1314195
2022-03-30,907.9026489257812,909.9958407011944,890.3906267375481,892.3069366702857,2146895
2022-03-31,886.302490234375,911.9612120975875,883.4624242195379,904.0994775105393,1634705
2022-04-01,903.8539428710938,907.0477730579174,878.8339469531052,890.7248584060654,904455
2022-04-04,920.8353271484375,924.166692149457,903.706517281832,903.8539488220007,1137525
2022-04-05,932.7064819335938,944.3910010136192,915.6956537110093,925.5228233365411,2234650
2022-04-06,929.4241943359375,939.4773691658531,919.8623179824183,927.881321584339,1689930
2022-04-07,946.955810546875,953.0388305116904,921.985000695548,933.5712112671828,2306225
2022-04-08,953.2649536132812,959.4953454991806,942.0422828371189,959.4953454991806,1154000
2022-04-11,959.7409057617188,966.5118391160062,944.0075997158282,953.0387697831677,1504290
2022-04-12,940.8335571289062,959.131741914968,929.6502334544668,959.1219051486358,1361650
2022-04-13,934.3378295898438,943.4082879984716,930.2398566530461,940.4601370984764,593090
2022-04-18,917.1795043945312,930.4363457332253,905.278817171609,928.4709119399653,1161980
2022-04-19,906.4482421875,938.8680626352849,894.2723655838986,928.9622596374161,1263765
2022-04-20,912.5607299804688,925.5227683456031,903.588519847029,907.1459502416803,852365
2022-04-21,910.398681640625,923.5572745276473,904.0994930855568,923.5572745276473,1208775
2022-04-22,915.1157836914062,922.7612896298358,899.1859218867211,904.7382961068755,1435985
2022-04-25,884.9266967773438,911.1554122029372,881.4970245284753,908.0893403943038,1022655
2022-04-26,892.1300659179688,903.4018000028087,887.9633558468461,896.2378153741333,1045930
2022-04-27,880.593017578125,895.2551376148351,877.3696772053978,884.4452512111434,1221455
2022-04-28,916.5308837890625,919.822961207256,880.7894771568137,893.2896065570467,1730135
2022-04-29,914.1724243164062,956.1049389334631,910.6542809118197,917.8576128046476,2586490
2022-05-02,890.3513793945312,920.3635329802938,884.7007570213381,904.0995797108986,1279555
2022-05-04,830.4744262695312,898.9894207059109,823.1334997340447,891.658390916687,4524985
2022-05-05,811.3114624023438,851.8190255931504,797.6123859560703,851.8190255931504,4338180
2022-05-06,766.1358642578125,796.0006435384279,737.4700307164676,796.0006435384279,6743955
2022-05-09,750.9332885742188,766.165400163422,739.0718886745414,760.6228625834387,2641395
2022-05-10,728.0064697265625,764.1704379335665,724.2623209145329,747.2579192748933,2739745
2022-05-11,721.353515625,757.7238788979861,715.8110377100562,736.841144079883,3125905
2022-05-12,695.665283203125,721.314169036424,687.9017960837831,721.314169036424,2521825
2022-05-13,681.12109375,716.4792903818687,676.9150963956173,707.5562036853577,3003140
2022-05-16,697.1787109375,711.4870672385558,677.6914171494567,689.0811329182599,1884755
2022-05-17,715.66357421875,720.1054737495059,688.4914282532112,709.5215936641779,2856160
2022-05-18,708.3521728515625,725.6381896740133,700.9719592673516,717.1867882675566,1761345
2022-05-19,668.650390625,694.1322930471778,667.2647861643474,687.9018414065437,2313570
2022-05-20,685.916748046875,688.2851294524604,670.2129505975321,686.722583132324,2708155
2022-05-23,691.9112548828125,699.2325069705585,680.5215408857604,687.7051982275245,1935845
2022-05-24,688.38330078125,696.746230578693,675.1264603773795,696.746230578693,2044975
2022-05-25,663.3829956054688,695.1640848304075,652.5239864416146,689.8573898642237,3455880
2022-05-26,697.6701049804688,701.4142543276508,651.1482561024588,670.2129897743717,2919110
2022-05-27,725.8936157226562,732.1240670605068,705.0108822662324,708.7354175853676,2782455
2022-05-30,747.8771362304688,761.9692642129173,731.1414371776533,739.003173061284,2683045
2022-05-31,818.4852294921875,822.6617761795236,741.961071809936,747.8475362500666,12505260
2022-06-01,801.9559326171875,830.3957614499631,792.0894767604336,824.4994601852296,3907150
2022-06-02,771.0494995117188,798.9488469511982,764.9468658947106,798.9488469511982,3451470
2022-06-03,752.6038818359375,790.3107217223189,746.8647891699421,781.51539411696,3900060
2022-06-06,729.5394897460938,752.5940482168494,720.9407174664158,752.5940482168494,3149225
2022-06-07,712.0374145507812,727.004175002873,705.5907935437986,724.3213768339253,3723130
2022-06-08,726.6699829101562,729.1758988684333,698.7509637594062,709.52156197171,2937990
2022-06-09,743.061767578125,746.8648773525371,710.5338607276472,716.0075413224378,2224490
2022-06-10,723.45654296875,742.7374443539571,711.1234574824132,734.3549001233996,2897445
2022-06-13,710.3175048828125,714.7298935755559,688.0982931472182,688.0982931472182,2114875
2022-06-14,709.0499877929688,711.6738253838975,694.7907545510744,710.3078343610192,2151840
2022-06-15,716.1549072265625,722.8472066019145,707.6446056637409,712.2633268925073,1141870
2022-06-16,709.767333984375,730.7483173727618,702.4854276033577,723.387776839399,2583875
2022-06-17,707.2122802734375,716.9411421344794,693.798169852866,710.7795476165711,2886770
2022-06-20,706.7109985351562,713.4524216224382,697.139346166983,713.4524216224382,1172210
2022-06-21,722.296875,724.1443874514833,704.3524559643804,712.3222751150327,1908710
2022-06-22,716.7249145507812,719.3487518100368,694.1125896818754,715.6340532355663,2012040
2022-06-23,738.3839721679688,740.9586855771565,717.383317387526,723.2796186263275,1994240
2022-06-24,770.3713989257812,778.3117681019049,740.9685267030761,744.5357937719655,4002755
2022-06-27,771.5802001953125,783.6086454882686,762.666950689632,783.6086454882686,1583775
2022-06-28,768.8973388671875,778.2921100168702,757.5076836034578,770.4500483611691,1306405
2022-06-29,742.8848876953125,762.5883504763843,737.0377098676395,760.6229165834039,2291875
2022-06-30,738.7672119140625,746.6682336150743,716.5184885419131,744.8993553214478,3634980
2022-07-01,732.4189453125,741.7547565219878,708.735490341597,741.342032189311,2069205
2022-07-04,752.0142211914062,755.5225274898626,732.4188451030026,732.4188451030026,1273265
2022-07-05,751.7981567382812,774.3613000167695,745.6561756663436,755.5127957008415,2082535
2022-07-06,767.9047241210938,772.081270607161,741.951199289583,748.6336616712356,1487815
2022-07-07,771.8357543945312,776.3464519433513,763.1878565461565,770.6467051783058,1105250
2022-07-08,781.9774169921875,784.208203883644,765.7429721545258,774.1844780033593,1205510
2022-07-11,770.5974731445312,776.9359490996476,751.9749760863848,770.7546814555797,1485250
2022-07-12,752.4270629882812,766.3128588335575,749.8130621903192,761.0553469374431,1295330
2022-07-13,762.9912719726562,768.2488438584165,751.198668090213,752.5646591018644,1184485
2022-07-14,754.7364501953125,768.0915398830476,749.0464806988771,763.5710659301429,824470
2022-07-15,747.5822143554688,761.5859302968349,741.9512656653669,757.2816254406453,654605
2022-07-18,780.9258422851562,788.3355666386375,752.9577556599128,757.8615037515073,1219745
2022-07-19,811.6062622070312,814.4757788455369,779.0488455473853,782.2426755669741,5216095
2022-07-20,811.920654296875,830.1893265181028,807.8423554735517,830.1893265181028,1561785
2022-07-21,816.1071166992188,819.5859130104627,798.3592514857573,811.9207330143347,1659680
2022-07-22,806.7221069335938,822.3374929268838,802.299880867445,820.5686144964802,977215
2022-07-25,790.9986572265625,806.7221280964562,783.9919407020249,806.7221280964562,1168140
2022-07-26,760.3379516601562,798.6049520260719,756.6920501890709,798.6049520260719,1592070
2022-07-27,769.8211059570312,772.4154930005446,751.4737980004662,763.1976035655508,1334105
2022-07-28,803.105712890625,805.8278578969664,774.046766963707,776.346350900736,1885780
2022-07-29,852.2907104492188,855.7399962578137,804.8451114731846,805.8278283370101,3273650
2022-08-01,853.19482421875,864.1619184268342,846.0602899308931,857.8528927259546,1929535
2022-08-02,865.7244873046875,873.6844704071888,846.1683964998822,850.443251112936,2399840
2022-08-03,845.4412231445312,876.5835259209103,841.6577868509993,862.4323777435268,2022015
2022-08-04,836.8916015625,862.8156805603403,819.7628516223083,852.801792031786,2609635
2022-08-05,847.1117553710938,850.9541518356293,836.4001177910443,843.1710512340995,1619505
2022-08-08,838.6112670898438,854.472332018496,833.3439189783606,847.0626682940651,1176970
2022-08-10,833.3538208007812,847.5835432212614,823.8902516553652,846.2568993142635,1933165
2022-08-11,865.1053466796875,870.6871714616274,841.6478991273322,844.743421367273,2447085
2022-08-12,871.325927734375,899.9720882093983,866.9528257122066,870.6871377833937,7599290
2022-08-16,870.4414672851562,883.4133419604825,860.8992648880352,876.583447720417,2288875
2022-08-17,880.8681030273438,887.9829637617719,861.8525550705426,872.0629980213241,2265785
2022-08-18,878.9692993164062,887.9908606243534,866.7404934308797,885.0394174004118,1161460
2022-08-19,876.470458984375,890.096264930263,867.9211091172084,879.1365576808091,1819045
2022-08-22,835.071533203125,871.6595946631683,824.4365014985723,871.6595946631683,3689490
2022-08-23,838.7117309570312,846.0706443945343,803.7764675399877,817.5498709005261,2670070
2022-08-24,869.9281616210938,874.2077909101621,832.7399839168473,842.1452485430776,2547225
2022-08-25,886.0331420898438,893.6773997944543,871.6596269862129,877.5625138506792,2411555
2022-08-26,872.9287109375,910.0086803512806,870.0953204878113,890.3520866479255,3128505
2022-08-29,818.0614013671875,855.918561757136,814.9919051219089,826.7189564191854,5192040
2022-08-30,854.7970581054688,859.8538790825859,826.4041858459635,826.4041858459635,3992960
2022-09-01,837.74755859375,850.0156961260277,826.6402548749988,838.2099225687218,2115345
2022-09-02,836.70458984375,854.8363417717568,834.6681469116654,845.618005802901,1842890
2022-09-05,837.3145751953125,845.8835596884055,833.6449068655783,842.1253816943114,902660
2022-09-06,823.6199951171875,841.9189814446617,820.1077700315242,841.5057361070963,1503975
2022-09-07,825.3712158203125,828.1750632250408,814.7952095732576,815.5822491914906,1354440
2022-09-08,826.7681884765625,837.0293665296616,824.4464006625288,833.2908834304551,1415220
2022-09-09,843.0010986328125,850.045243852181,821.6818559183822,835.8487482332778,3170615
2022-09-12,847.192138671875,855.5250182066499,843.925867505544,844.1127946521713,1300465
2022-09-13,859.1749877929688,864.1826297226833,850.4190152417715,854.3444853043798,1236260
2022-09-14,833.2908935546875,842.1353764300716,826.7091720525831,833.2908935546875,1383055
2022-09-15,825.990966796875,844.6047196943168,819.5174507925054,841.1613690607348,1283990
2022-09-16,810.98779296875,827.8503272259572,806.9541176427313,826.2073738862446,3707545
2022-09-19,790.1013793945312,818.513946183844,780.3616521383794,818.513946183844,1896040
2022-09-20,800.0281372070312,812.6307988896149,795.1385477857405,800.4314747420963,1206210
2022-09-21,801.2676391601562,808.6954257693881,791.970581197515,800.2346460636994,1476880
2022-09-22,794.5875854492188,802.7926247256702,784.100149395048,801.2578765214678,1049680
2022-09-23,767.1096801757812,800.5987650288575,765.328978287857,800.5987650288575,2182710
2022-09-26,729.1737060546875,763.4399786088313,726.9995146489513,763.4399786088313,3137355
2022-09-27,762.8792724609375,768.4870271345907,730.9741753508265,731.9579898533175,3037655
2022-09-28,763.2924194335938,771.3105312454225,749.8732359289727,757.5371289017542,1400110
2022-09-29,768.5853881835938,773.3864077821296,753.7986873661355,767.3753155549612,1639980
2022-09-30,759.6229248046875,765.407759461469,750.7391101835946,764.4239448606188,2427690
2022-10-03,748.6041259765625,768.152515638997,746.8726028178896,756.946913918598,1359485
2022-10-04,776.7117309570312,778.7875652234284,760.7542879536608,763.2433075132914,1812545
2022-10-06,788.901123046875,798.8573203140021,778.4038398505652,780.5977268230014,2547390
2022-10-07,771.349853515625,789.0093347595958,770.3267081129258,789.0093347595958,1280955
2022-10-10,750.798095703125,760.3214133142027,741.7961685774726,757.3404264135404,2487690
2022-10-11,740.5565185546875,764.3255105471293,736.0900223330669,757.9307162847617,1552395
2022-10-12,743.9605102539062,749.499390494234,732.2826373610974,741.7961064220009,1205530
2022-10-13,743.0061645507812,746.9020913724547,734.9093908784512,742.7799064434145,814730
2022-10-14,740.4285888671875,765.4076525035516,738.0772578883833,757.5764677580921,1319965
2022-10-17,745.6329345703125,750.0600992325125,731.9578908170561,740.6154452581277,894520
2022-10-18,759.5638427734375,762.7710877451849,746.7545583921535,752.6181146013604,1231205
2022-10-19,760.5377807617188,771.113786546972,756.5533440799845,761.2756416304574,1098145
2022-10-20,782.1029663085938,784.6117412638846,751.6342607649353,756.8189822761759,1523230
2022-10-21,752.0573120117188,786.4613363462411,749.4403918590999,785.0839720255332,2035550
2022-10-24,758.9537963867188,767.1391395432796,757.5371012240972,765.4076165614905,166450
2022-10-25,748.8795776367188,768.4476616228483,747.1480545826187,758.9144971204213,2073735
2022-10-27,772.70751953125,777.193710969255,753.9954097417221,758.5209321402536,2544455
2022-10-28,751.8900146484375,769.1460978758683,745.337777016038,757.9306495697532,1355765
2022-10-31,771.6450805664062,772.8846363793741,756.5336444216748,756.5533399265265,1140580
2022-11-01,787.1992797851562,790.1999023193325,772.2354380341555,772.4912394388821,1205285
2022-11-02,784.6411743164062,794.2530603617034,779.9680558472847,786.854756749148,982815
2022-11-03,773.6224975585938,780.6764906619118,764.5320613095079,775.0294051161021,1064780
2022-11-04,765.732421875,775.2261965809573,763.4401170813506,773.2782629200278,655125
2022-11-07,775.7672729492188,784.1001529033051,766.5882668930872,769.5691935898323,967100
2022-11-09,763.9910278320312,780.1353982461673,761.4724649750899,775.3737694301614,1128530
2022-11-10,750.6799926757812,766.3029113992229,744.767258034134,763.9909713865011,781930
2022-11-11,806.7672729492188,812.2274918138801,767.3950549543079,769.3331408215032,5936610
2022-11-14,858.053466796875,865.7567510656153,810.2695898193197,811.6469541240143,10521145
2022-11-15,817.4908447265625,855.8596112447975,815.5822421440209,855.8596112447975,4430075
2022-11-16,816.1331176757812,827.9094079380795,810.1908999788616,818.5336273501894,1995060
2022-11-17,768.8609008789062,814.6082764008029,767.5721062499653,814.5984286479655,5380795
2022-11-18,768.3085327148438,779.3259189985108,758.4944507333582,774.8676488663137,3204445
2022-11-21,765.0733032226562,778.1817827429766,759.4807797914747,767.3714891919055,2021080
2022-11-22,760.1908569335938,767.7659903591457,752.8821143958116,767.3714308385936,1401860
2022-11-23,759.1060180664062,775.8442178286742,756.8966289157707,763.9982799009128,2033040
2022-11-24,761.8578491210938,769.2948814512944,756.7289360398561,763.4261541433873,1524760
2022-11-25,780.114990234375,782.1271597176445,758.0999031560377,765.6750373733611,1674230
2022-11-28,777.2545776367188,789.0610220068955,775.4594341263764,778.6157297467439,1356580
2022-11-29,781.406982421875,790.9646055288922,777.1164337428096,777.2347895545543,1267880
2022-11-30,787.8084106445312,788.8736732875445,771.9086357563566,779.7993452870174,2519100
2022-12-01,794.8607788085938,800.8971669538616,788.7652127482287,796.9616850965518,2723215
2022-12-02,797.4745483398438,799.8417249902562,791.2408808181566,794.8607268244293,1006440
2022-12-05,800.2066650390625,803.6588503285279,788.5185760681203,799.1315896188045,1684195
2022-12-06,799.5556030273438,808.2058111526695,796.5472825675234,796.9615278914919,1244840
2022-12-07,783.2417602539062,802.0906792164768,779.996667255042,798.5398236148144,1246905
2022-12-08,792.0990600585938,796.7545500200561,780.1939442290666,783.7447396165772,1232035
2022-12-09,792.0299682617188,797.9480004031512,788.2917662981948,794.594424775805,2083700
2022-12-12,798.9244384765625,802.1793440016471,764.0573910615897,790.2545433613341,2645900
2022-12-13,820.6337280273438,830.4971141815186,800.7096759556443,801.6960145710618,3548220
2022-12-14,828.2877807617188,831.286228680828,814.0549208126405,826.275611322718,1976450
2022-12-15,816.6292724609375,824.5791600408376,808.2059615655376,824.5791600408376,1831225
2022-12-16,815.938720703125,823.3560061202048,796.971448994739,807.8113004021102,1768830
2022-12-19,827.2027587890625,835.5768246289813,801.9229541754038,808.0678247975575,1762525
2022-12-20,833.959228515625,838.1905997882423,813.7294125188517,824.9736975723738,1430215
2022-12-21,817.9410400390625,847.2648677094465,806.233205530709,834.4424657534247,2580295
2022-12-22,807.8506469726562,841.1691897231112,794.0024763861737,819.8445566019884,2321770
2022-12-23,758.6127319335938,800.4729441238101,754.0755984976802,800.4729441238101,1960130
2022-12-26,768.9890747070312,770.8137771175433,752.6158170990134,759.6780355014274,1572110
2022-12-27,776.0610961914062,782.1665347280428,764.0277528476314,775.2522912894696,1796120
2022-12-28,775.923095703125,785.520212777685,770.3305717886403,773.5854776573384,707965
2022-12-29,773.4078369140625,776.8402760606206,768.3775340129804,776.0216583477874,928625
2022-12-30,775.6665649414062,785.125579250359,771.2280409381065,781.1703515618716,1393825
2023-01-02,771.6126708984375,779.5724305849714,765.5960295489223,776.2484743356254,768415
2023-01-03,772.6976928710938,781.1801808554053,768.4860077326114,771.8099640395892,1047400
2023-01-04,754.9534301757812,774.6703901120645,751.984601445493,773.4867717065855,1433190
2023-01-05,733.6287841796875,758.9283939902087,729.8905824636034,758.8889621176903,2539200
2023-01-06,727.3359375,735.4140532304473,722.9960836795864,733.8359355141754,1107320
2023-01-09,724.2291259765625,739.527250165611,717.472669177852,730.9756495538654,1427110
2023-01-10,727.355712890625,730.8177712292959,714.1091918732686,726.3299423537846,1381040
2023-01-11,721.1318969726562,732.8496047557868,712.6000437115881,727.3556913425424,1224080
2023-01-12,733.165283203125,742.7031614911256,721.1121930913714,724.7419724523423,2180210
2023-01-13,736.2623901367188,738.0673465697623,720.4217934000951,736.2623901367188,1091795
2023-01-16,741.7365112304688,744.093874967787,730.6796336878328,739.9512407460169,1368325
2023-01-17,735.7789306640625,746.3327650662184,728.9041799473931,744.8828763112684,946560
2023-01-18,739.5271606445312,741.5293968312035,732.0605697210401,735.8086446104242,671990
2023-01-19,733.0763549804688,736.7948704451313,722.3943522117406,736.7948704451313,923910
2023-01-20,724.0809936523438,735.7987006877848,722.3943932253808,733.0468377481467,799365
2023-01-23,739.0042724609375,741.6969573902485,722.1970855395502,727.0104223942749,946965
2023-01-24,735.1181640625,746.4018803235194,731.0840728050858,739.5566878682996,1308070
2023-01-25,723.6273193359375,735.4140171413461,713.8822894027816,735.4140171413461,1468810
2023-01-27,718.8140869140625,743.0779953008093,710.1638770911767,726.5272629144077,1044180
2023-01-30,735.3646850585938,744.6658502489504,718.0544557547709,718.0544557547709,1169200
2023-01-31,724.159912109375,737.4754827123087,716.4073054510969,736.0058478853825,1439525
2023-02-01,716.0818481445312,734.0627821744228,701.0796158518334,734.0627821744228,1353280
2023-02-02,719.129638671875,726.8427535714727,708.5856765959627,710.3610740413977,2013045
2023-02-03,721.4179077148438,734.6249963609239,712.5310472666498,721.8518991181932,1161455
2023-02-06,723.1045532226562,735.3943539124353,716.2199290247423,720.0271815914132,1591080
2023-02-07,725.2646484375,732.8495948351663,721.999870012573,723.9725472530445,805135
2023-02-08,747.1416625976562,753.1681773673118,726.3398139524477,727.148558677195,3682605
2023-02-09,754.4306640625,757.2318319398868,734.0134432490927,751.5900041127392,1732460
2023-02-10,752.339599609375,760.4966386560526,740.0695456788038,754.4405055302211,1143990
2023-02-13,683.3057861328125,739.9610756475823,661.0441175228837,739.5566431236659,12909105
2023-02-14,693.9779663085938,699.1167516209902,666.7648592480373,683.3353348340544,4415375
2023-02-15,705.4490966796875,707.0864525429007,686.2944170528916,691.423390046427,2162005
2023-02-16,707.9939575195312,718.054625020248,699.1267816037622,709.769355266401,2432390
2023-02-17,693.39599609375,710.1637513335704,690.042420965255,700.4976456473511,1410645
2023-02-20,692.44921875,702.0167164493441,685.6040255714319,696.8680571871846,1609535
2023-02-21,705.1630859375,710.1638301321741,690.437057072947,692.4097343788698,1435015
2023-02-22,691.0387573242188,700.3004923687977,686.8863098349445,700.3004923687977,1639190
2023-02-23,691.196533203125,698.1304623890201,677.3187416116015,692.4097104398969,1912370
2023-02-24,701.4248046875,703.7525491965802,691.620597179217,691.620597179217,880770
2023-02-27,694.3231811523438,699.7973482211366,687.6555227314396,695.9604767035854,878250
2023-02-28,688.7997436523438,703.2101365525398,684.9825577784968,697.3414096783466,2001365
2023-03-01,692.577392578125,697.7359846512843,688.1191828198384,691.0288336744399,874225
2023-03-02,691.245849609375,695.9605169813769,686.9749864621882,693.9878397107932,1041230
2023-03-03,693.5243530273438,701.8786131374984,688.8589901191451,696.7496999248566,929665
2023-03-06,700.7147216796875,705.2321697774332,696.1578417064633,696.1578417064633,895705
2023-03-08,690.7526245117188,695.3686817279663,674.0736058230603,695.1812749943412,1985765
2023-03-09,692.7451171875,703.2495877386013,690.6343380182532,692.4393546126154,1308840
2023-03-10,681.934814453125,686.2451094983302,676.4409009984143,682.7436193629317,941725
2023-03-13,675.7405395507812,682.8421893930403,672.7026600582193,680.8202073369054,1415660
2023-03-14,665.9363403320312,679.2519113849347,652.6010834441022,676.6184041886219,1788480
2023-03-15,667.0509033203125,674.7542052997169,659.2687375986702,670.7102411614811,1112555
2023-03-16,675.8096923828125,679.7353614744464,659.8606119372073,666.7649830636055,1239315
2023-03-17,688.5531005859375,692.1729461856064,676.6282411018415,676.6282411018415,1436615
2023-03-20,679.6859130859375,694.382382477427,661.8332082987976,661.8332082987976,1072585
2023-03-21,682.45751953125,686.4719248885496,670.9568378546245,683.631264882408,929015
2023-03-22,692.7352905273438,699.0774412769339,685.9591483326161,687.8529018198808,1182665
2023-03-23,694.007568359375,699.3140749003957,687.8133931896322,690.752662984731,673020
2023-03-24,685.6235961914062,700.1030377858548,682.6054028647903,696.1576838843268,765800
2023-03-27,703.3678588867188,705.251799203029,684.5189439140046,685.3967996592731,1755145
2023-03-28,704.9263305664062,712.3139969866163,701.0894589960677,701.0894589960677,1871055
2023-03-29,710.5780029296875,713.7145523015689,701.2965836419373,704.8375053316423,1289160
2023-03-31,734.5361938476562,767.3713820846893,711.347365201548,713.1227625285737,1653480
2023-04-03,729.0523071289062,740.5332443626745,725.718477356155,739.1622792607411,667130
2023-04-05,738.1758422851562,740.2668753292767,721.0036533146041,721.0135263329503,1073485
2023-04-06,738.4816284179688,742.3184399932134,728.5688768766986,734.812417354633,617710
2023-04-10,736.8245849609375,738.9649229586659,732.8496113352518,738.481626656082,592300
2023-04-11,741.046142578125,742.7130574258196,734.4277880831636,734.4277880831636,492725
2023-04-12,761.5125732421875,765.3987497145129,739.7539462446967,741.7266234346826,1550015
2023-04-13,753.6514892578125,761.611188802658,748.8381520616018,758.6916650681678,1085690
2023-04-17,722.8185424804688,745.2774317572018,710.9429870534082,745.2774317572018,1747790
2023-04-18,730.7880859375,733.4413391080293,721.4376155259872,724.9489784392779,681375
2023-04-19,712.8663940429688,729.8807359410191,711.3474541778841,726.6751352935604,619735
2023-04-20,711.4854736328125,721.3488590979778,709.9763467600052,716.9004626209759,1054975
2023-04-21,715.578857421875,717.512102956058,709.1775288589641,714.8982813074061,554975
2023-04-24,724.0908813476562,725.3534236403193,708.6448455067524,716.0818168077313,698015
2023-04-25,723.4202270507812,726.1326583577287,717.0682036911857,725.7479718331505,466840
2023-04-26,720.4907836914062,728.2039593611406,717.5811327585558,722.1971905376291,518840
2023-04-27,732.918701171875,734.8223276286856,719.2874931855288,720.4020607267638,791235
2023-04-28,744.9224243164062,748.1675171428237,733.4611735283569,737.189562681772,818715
2023-05-02,750.4656372070312,753.4937041932791,738.7775478736445,744.725138837806,744230
2023-05-03,748.1181030273438,751.491424478829,744.093884771535,749.6173570057816,572210
2023-05-04,750.169677734375,757.4686074016511,741.3419352885201,745.6719761592454,524315
2023-05-05,752.8427734375,756.482365719253,745.6720716847805,748.6803927379501,408140
2023-05-08,767.894287109375,779.6021225113524,751.7873594896213,751.7873594896213,1163805
2023-05-09,770.5869140625,778.8129443783091,764.6097044785819,772.89491270309,1015635
2023-05-10,773.3190307617188,781.1702469742011,767.4305584010303,771.9085136790106,749250
2023-05-11,766.9671020507812,775.7553529876488,762.4200350933517,774.2758450035656,795330
2023-05-12,765.9512329101562,774.2759345379555,757.961912952785,767.1545975143903,881155
2023-05-15,784.1687622070312,790.1163523277737,763.4359067299046,765.3987108019394,2313045
2023-05-16,775.9131469726562,785.0367796151148,773.2895126148716,784.168856975979,670010
2023-05-17,756.7584838867188,780.2629516327181,745.6720466872333,780.2629516327181,1186915
2023-05-18,738.4027709960938,763.4261798529443,730.4726292499482,761.453502385624,1648005
2023-05-19,755.3480224609375,760.9405459226674,736.3412568244003,744.3010171997244,1968575
2023-05-22,767.134765625,768.5550957030667,750.9292286697712,755.3480066009415,1482185
2023-05-23,779.9373779296875,785.164960489515,767.7758060885686,768.357772353391,1360645
2023-05-24,765.02392578125,777.7674033980965,759.5891905648706,773.0921681539115,774085
2023-05-25,769.4132080078125,774.8281976350273,755.5354157963743,767.0952760291509,1000760
2023-05-26,828.0806884765625,838.3879404911034,736.7950488786521,773.0331250507238,8426265
2023-05-29,829.9251098632812,847.2649614368381,808.9950310978866,818.6512655051099,5830830
2023-05-30,801.942626953125,832.4698201960797,799.802288940037,832.4698201960797,2459320
2023-05-31,803.6392211914062,821.6201568604301,795.580790473634,801.8933823859901,6982350
2023-06-01,832.2034301757812,844.6905103013745,807.8211693942499,808.797634955459,4149250
2023-06-02,841.6131591796875,849.2375373176607,809.5867134305072,809.5867134305072,3349590
2023-06-05,816.0768432617188,848.2314578397555,813.4827679035253,832.4697861298276,3263885
2023-06-06,812.01318359375,828.1299237586736,805.1975496671281,816.0571480626929,1867550
2023-06-07,825.4371948242188,828.5244395161413,814.715698857539,818.2664938035041,1243065
2023-06-08,812.9205932617188,826.7589536209243,809.7642974951362,826.5518008289044,913260
2023-06-09,817.2998657226562,833.4560964075865,805.4243709445461,814.9721211324877,2280505
2023-06-12,842.0569458007812,845.2033682871795,819.9925565251698,821.6200392669147,2931625
2023-06-13,855.1358032226562,859.091030562513,841.3171900782011,843.4180960706868,2002200
2023-06-14,850.1845092773438,861.0144887064769,846.4462471557209,855.1358885081655,1475780
2023-06-15,852.4924926757812,859.8012958666563,844.305893829616,853.143509904799,1284510
2023-06-16,871.3118896484375,876.8551083519458,854.3764709475532,858.1047999460867,3766155
2023-06-19,876.1942138671875,883.5621345519769,868.0076152614218,871.3118255982632,1418805
2023-06-20,878.9658203125,879.8140570851368,868.0766033192753,876.6577614320089,929995
2023-06-21,882.5955810546875,888.6911468466341,876.3717864187872,879.8140987649251,1162580
2023-06-22,868.836181640625,882.5265678615016,850.7171442084885,881.7868138230594,2351965
2023-06-23,849.6123657226562,867.9681130014152,844.749723547864,866.0053087788789,1210960
2023-06-26,869.477294921875,872.3080821253899,842.3628541640542,848.2512672036993,1308375
2023-06-27,866.3604736328125,878.6305298590377,863.0463899437498,872.110845293041,1126155
2023-06-28,874.2314453125,888.5431688787386,868.8854463635656,868.964370313725,1251275
2023-06-30,884.4794921875,886.5113475221237,871.134360745388,874.2906566577755,860875
2023-07-03,883.0491943359375,889.6773604081953,878.0385777114134,884.35110822766,1054385
2023-07-04,874.2708740234375,900.5272045694769,869.8027309573557,885.3277521726145,1667395
2023-07-05,876.0758666992188,894.0173690014823,866.1138102963122,874.6850955015444,1293530
2023-07-06,881.3626708984375,884.6373225750734,864.0326928821097,876.7268670127983,702320
2023-07-07,868.9446411132812,879.1039777960991,867.5046251526458,868.9643871515375,736275
2023-07-10,854.5341796875,874.4976635907891,853.1927736215763,869.9506570312695,523065
2023-07-11,868.4514770507812,876.2633228794075,858.311946545872,862.0402755174712,1518195
2023-07-12,879.9520874023438,882.4672386615971,861.3003917312075,869.9604730865802,1261075
2023-07-13,912.4618530273438,916.5058775776564,880.8201527579693,882.3883974849606,2752530
2023-07-14,931.2614135742188,934.6248618677698,909.6014567381113,917.2948856744699,1983485
2023-07-17,933.7470092773438,940.7204303337019,918.2121764828423,932.0899676700899,2027465
2023-07-18,925.1757202148438,933.677954006059,919.3859175338529,933.668080987991,859075
2023-07-19,923.1143188476562,929.1112141843781,921.2402514290991,927.1582830228621,556725
2023-07-20,917.8374633789062,928.6181381238304,912.1265839899968,923.8048004615082,745620
2023-07-21,917.0089721679688,919.0703863330915,895.5955373717641,905.4589243472241,1366015
2023-07-24,901.12890625,919.0704100289913,899.5507883737732,914.335996198973,637315
2023-07-25,910.0748901367188,912.1659231478168,900.9906899790731,902.4998169302507,1820575
2023-07-26,895.6546630859375,922.0293486889612,892.4786815615802,915.282826103689,835540
2023-07-27,901.6615600585938,907.4316174586381,894.7867479129344,896.5818915977196,456640
2023-07-28,905.1107177734375,914.113977227787,898.7164841748476,903.2922473211315,621450
2023-07-31,906.672119140625,917.9188036854729,903.2922024063721,909.8643196919679,1146460
2023-08-01,920.2412719726562,921.3184684572101,905.2687354622409,905.2687354622409,862505
2023-08-02,903.637939453125,920.4783465158264,893.4487283213106,920.092901070777,1065390
2023-08-03,896.9078369140625,902.6497683649294,883.7834480206989,897.4118717409206,1140550
2023-08-04,965.89013671875,975.3974301311256,897.3624532317675,897.3624532317675,5693785
2023-08-07,953.8526611328125,985.2208624780217,950.4431277936399,966.5422609151188,2038875
2023-08-08,931.9325561523438,961.7688694656757,927.0109183403471,956.0665085656228,1299545
2023-08-09,927.0801391601562,942.1119695959902,925.0442753031099,936.6961289866775,1109745
2023-08-10,919.025634765625,933.67202035651,912.7796686076694,925.0344222613975,1063115
2023-08-11,881.7080078125,927.8016184180923,872.7838287792401,921.0812948544207,4059975
2023-08-14,850.7647705078125,875.076607766312,834.3098681732017,874.6318676340027,3085660
2023-08-16,854.6290893554688,856.8230524423161,844.0742159666081,847.9482751124558,1041200
2023-08-17,849.7073974609375,860.5982531853965,848.1458908387694,858.8193528958938,729090
2023-08-18,828.0836791992188,849.1341288287366,825.751281731679,849.1341288287366,1629845
2023-08-21,827.5895385742188,833.9442012401398,823.4486237354181,831.7402855900173,1056335
2023-08-22,825.118896484375,832.8373973571173,824.0416396514339,832.1159085291422,786115
2023-08-23,820.6715087890625,829.1707317324149,819.554742429655,828.9730627597576,1147395
2023-08-24,839.864013671875,845.7739361906181,820.800025733184,825.2077363795627,1919980
2023-08-25,831.5030517578125,837.9763033191572,824.6839247414732,834.1121373752417,1079820
2023-08-28,825.9885864257812,836.1975235867109,820.9779759348571,832.1257955917387,1062575
2023-08-29,842.2854614257812,846.9600289810817,828.1826187702992,829.1610110195376,1256755
2023-08-30,863.6915283203125,872.6354916282397,847.2563510708927,849.9346239748568,3332075
2023-08-31,856.1510009765625,869.0876738993813,850.9131042686635,869.0876738993813,1745070
2023-09-01,864.2251586914062,868.8997856154657,851.693717876324,856.2398629836906,576275
2023-09-04,877.201416015625,879.2768499367357,855.7754124132146,868.7318697935435,1594125
2023-09-05,884.9890747070312,887.4795712025947,873.0407476668698,877.2013872298901,1396900
2023-09-06,888.023193359375,893.409356967059,880.0971911880281,884.9792596340599,917580
2023-09-07,879.6622314453125,888.0230802265446,876.7961820903585,888.0230802265446,573495
2023-09-08,885.0582885742188,887.4499204898422,875.630074916682,885.641403046925,954905
2023-09-11,891.323974609375,905.0314766050404,881.8166819857653,882.9334483620612,1076900
2023-09-12,892.5791015625,897.3525331170164,874.1674147781481,894.3975717852081,1309595
2023-09-13,868.9097290039062,887.0546198691721,856.8427522654149,886.5900947385135,1638485
2023-09-14,875.6893310546875,881.1545134531774,865.9448595057713,872.09196068195,1108470
2023-09-15,886.4122314453125,891.2251727569193,863.7607646665697,870.1055350871908,4122270
2023-09-18,887.657470703125,897.1647638999592,876.6282409102439,886.3035256024605,878125
2023-09-20,882.5183715820312,889.2485873621577,874.6516646926657,877.6264110194656,2238185
2023-09-21,877.5867919921875,886.6197272980987,868.3166780443876,875.6201153797406,874070
2023-09-22,849.993896484375,880.5615302453904,844.3903399997147,876.6083920624706,1943915
2023-09-25,842.1469116210938,850.5967323913844,837.3932653867591,849.9938932975737,1128625
2023-09-26,837.7589721679688,845.5762767868193,833.8750209414497,838.0653379801337,1561230
2023-09-27,837.8973388671875,845.546651924658,836.078868685,838.6484448050453,1022540
2023-09-28,825.6129760742188,844.5781598945488,821.6696698651521,842.0184762486745,3432665
2023-09-29,823.3003540039062,829.368435832901,817.1136828503145,826.7988597197243,2247510
2023-10-03,813.2593994140625,820.2564107618418,810.3933500237421,818.704796743506,1900290
2023-10-04,802.2203369140625,810.3934708554922,791.6160611649382,809.9981328392251,3329510
2023-10-05,831.9478149414062,834.1121605195395,800.7180472774833,801.5185553504858,2884130
2023-10-06,832.7089233398438,836.088840058962,826.7989399302629,836.0789475609351,844570
2023-10-09,832.8472290039062,836.0888316784872,816.3923254235762,820.4739459404758,1336045
2023-10-10,836.9486083984375,839.8442751557341,828.5778664498164,834.20120846521,1038855
2023-10-11,843.0661010742188,851.7036992635715,835.2092260430884,841.8208527640635,1269760
2023-10-12,838.0455932617188,848.936509342918,836.1678886298585,843.1945779730886,579305
2023-10-13,817.7659912109375,832.9460280857837,811.3816510235777,831.9478509954272,1566170
2023-10-16,815.3842163085938,820.2465597651167,811.0160151636718,814.9987708287196,819880
2023-10-17,815.8389282226562,823.0435021106015,813.6152876043891,816.7086236011875,1606675
2023-10-18,831.0485229492188,835.8910811729301,820.2761969575184,820.2761969575184,2636935
2023-10-19,825.9983520507812,833.3215746090465,818.8135641314236,830.1590518712304,868995
2023-10-20,830.7520141601562,838.0653443592579,820.4738904685681,825.8007589620165,644955
2023-10-23,805.0072021484375,833.0942333564303,802.487088503488,831.147341664327,947535
2023-10-25,806.5687866210938,812.5676819110412,796.9527959167041,806.440304786144,798250
2023-10-26,800.283203125,806.5686784157781,785.1031065222294,798.5339201608289,1315550
2023-10-27,806.7367553710938,812.7653279852516,795.3714817884602,800.5105740811509,490445
2023-10-30,806.1338500976562,813.2989132904319,801.9632578107178,809.800407598438,1404635
2023-10-31,807.2802734375,816.1254329131777,803.4852942490769,813.130961859821,1179480
2023-11-01,809.731201171875,819.7622532110084,806.2722052300837,808.8121037743256,555130
2023-11-02,818.1317138671875,827.9156958915164,813.3780670253598,820.4640512076028,671480
2023-11-03,840.111083984375,843.9950351630476,821.4720511975289,821.4720511975289,1455295
2023-11-06,852.2076416015625,860.7958366904168,841.2278148090062,843.9949994645418,1359720
2023-11-07,857.8409423828125,874.3551397728581,848.4522384958179,854.0854728920359,3018840
2023-11-08,890.6025390625,897.3624323847472,861.7841861668496,868.5045094995425,2534355
2023-11-09,903.1141967773438,909.7851175050448,880.7789297043871,890.4443815790607,1881305
2023-11-10,891.5908203125,897.0263856863731,886.0959602746252,895.3858597689235,598660
2023-11-13,891.976318359375,894.7435033760529,884.0305313143195,892.2134970293604,559960
2023-11-15,937.6053466796875,940.0662260286157,894.4272499560963,903.5886072773663,2726460
2023-11-16,940.8468627929688,945.195338807867,919.3022723266455,933.3359245709809,1909425
2023-11-17,951.8003540039062,957.8415574010505,934.5382962330722,938.4700169687374,1232835
2023-11-20,943.8873291015625,958.5248947153692,937.3013766170517,951.7409175567826,797230
2023-11-21,938.6781005859375,951.4736029006917,935.905089929859,946.4227642216595,699535
2023-11-22,939.1533813476562,945.6006683860696,932.5278358292477,937.895658664286,423845
2023-11-23,914.532958984375,945.7987966140536,913.1167439561857,939.1534241459989,809260
2023-11-24,910.5219116210938,917.7911579332281,907.3923239132952,914.5328783679354,416490
2023-11-28,901.2323608398438,912.3541430486755,898.9148796009616,910.1456479250729,813305
2023-11-29,900.7669067382812,924.7535233301614,899.5190368906859,903.2229931385667,1649670
2023-11-30,913.3148193359375,917.8704751758954,896.4786105708206,903.2130819874482,1279425
2023-12-01,905.7681884765625,921.2376875000884,895.3891204554209,920.8415172557126,1194030
2023-12-04,910.4129638671875,919.8808520033855,905.2630531500264,911.1359110622442,1509005
2023-12-05,929.4973754882812,936.8855219785812,907.8480057350648,911.1360256028486,1339060
2023-12-06,942.4314575195312,954.65259013155,934.3699310959072,937.8362091391442,1221015
2023-12-07,951.8697509765625,960.4562007094139,925.00113709436,942.8277114709109,1225985
2023-12-08,939.9852905273438,959.1191527003011,927.278888580693,958.8319081173402,1349840
2023-12-11,967.1807250976562,981.4518602631888,937.4598573771829,942.956371851297,3025410
2023-12-12,948.3836669921875,989.7710701062958,944.8084628925288,968.0820466220619,1822865
2023-12-13,953.4542846679688,957.5444978441492,931.9336678761315,948.9679616738072,982120
2023-12-14,1020.6010131835938,1036.605226746433,960.6541824536117,960.6541824536117,5919205
2023-12-15,1034.109619140625,1036.9123089849343,1010.1724500139761,1022.0568317788465,2769755
2023-12-18,1029.01904296875,1044.8351440493793,1018.1151139266154,1036.109969793565,1702720
2023-12-19,1031.336669921875,1053.5605293064054,1023.0473174996832,1023.0473174996832,1935090
2023-12-20,989.860107421875,1043.4289274205473,983.4326469236873,1032.1585665706896,2100045
2023-12-21,991.3753051757812,1000.9521188973389,967.4084573416714,984.2347509470923,1753780
2023-12-22,991.652587890625,1007.7955273438762,983.7395802108755,1001.2987345396793,1534655
2023-12-26,1005.9932250976562,1013.975566455422,993.3462417328675,1000.268885037981,725110
2023-12-27,1020.927734375,1025.6220551942233,1007.2211154844235,1009.9643856587579,1106265
2023-12-28,1019.8978271484375,1028.1179065861438,1014.6489641760149,1025.5628079169094,938230
2023-12-29,1018.1251831054688,1025.04782630116,1010.172521397897,1022.4431609445332,802710
2024-01-01,1019.9772338867188,1029.1776452005445,1013.638871867185,1025.0280726746814,531730
2024-01-02,1015.3619995117188,1025.0279734546718,1002.0317227169896,1019.0956956276624,1438035
2024-01-03,1007.7955932617188,1019.7592821303455,996.3073812354558,996.3073812354558,796770
2024-01-04,1007.3004150390625,1018.3330978119117,1001.5662223244765,1015.124324253611,660840
2024-01-05,1039.120849609375,1047.8063716741676,1007.2113121822584,1007.2113121822584,2855755
2024-01-08,1019.0957641601562,1050.4210221173466,1015.4511668160036,1048.7968085863588,1088690
2024-01-09,1028.9202880859375,1042.8348482005465,1023.2256875347629,1029.979925777663,1223875
2024-01-10,1038.576171875,1049.6087331866668,1027.810907600964,1032.5546744302665,1734420
2024-01-11,1024.3643798828125,1047.3111847770938,1021.9677735036406,1037.9126288282653,682085
2024-01-12,1051.43115234375,1067.1779832065024,1031.7625139741633,1033.0598295215073,2244670
2024-01-15,1058.3240966796875,1070.4659841792438,1038.5267052270685,1053.748614112074,2402910
2024-01-16,1032.43603515625,1056.7098991902474,1027.2068771724935,1052.1839828024476,1085975
2024-01-17,1024.8695068359375,1038.615780877308,1016.798006142282,1028.9696333397244,1653915
2024-01-18,1011.9254760742188,1026.8007808142982,987.0375936068376,1018.1152586129209,1666250
2024-01-19,1009.7664794921875,1026.6819340103816,996.3073898457602,1013.1535115463971,1331415
2024-01-23,979.6890258789062,1010.1625821693424,972.9446413415882,1010.1625821693424,1295645
2024-01-24,994.7129516601562,996.6837688038361,963.0707703515753,972.5386595685954,983485
2024-01-25,986.9087524414062,1005.2205937837251,977.4903705069328,999.2684897588507,1133705
2024-01-29,985.4628295898438,1000.0311226950528,976.0147678277375,989.5926353366872,2064020
2024-01-30,969.1119384765625,994.9802725961814,965.0217253756439,984.4230061889053,1012505
2024-01-31,996.63427734375,1000.2689008801768,965.0119222161106,967.5868476831017,1542135
2024-02-01,1002.6456909179688,1029.9797445759557,999.9617796302844,1029.9797445759557,1454700
2024-02-02,1025.4539794921875,1032.950991500715,1008.5880296863454,1010.1725899623484,1105710
2024-02-05,1026.70166015625,1047.6479087026644,1018.3430357427981,1031.9407308473312,2028625
2024-02-06,1060.8297119140625,1063.652228565216,1025.671747189607,1034.9316376635481,2145525
2024-02-07,1069.4261474609375,1073.516361096942,1057.3833921292508,1063.6523611268276,1338865
2024-02-08,1089.00537109375,1091.2634323939285,1068.1086929806127,1073.1595304932032,1567325
2024-02-09,1087.93603515625,1097.0969135619885,1073.53608598152,1091.4914124925353,1792175
2024-02-12,1067.0589599609375,1098.3149418539044,1065.1872762305015,1098.3149418539044,603220
2024-02-13,1058.02685546875,1078.3789078823322,1041.9829882203064,1066.8411295793428,1260450
2024-02-14,1012.6583862304688,1074.5066480273172,996.5748641660634,1074.5066480273172,3225445
2024-02-15,1022.7205200195312,1025.5924825117083,1003.4380772868104,1012.6583752903515,1137505
2024-02-16,1043.993408203125,1049.5691686259117,1026.057910511328,1026.057910511328,937725
2024-02-19,1057.40283203125,1065.6328238580938,1033.9411413641728,1045.0331818793754,1290430
2024-02-20,1053.0750732421875,1067.2175173392714,1046.2218234176376,1051.7876710162907,941525
2024-02-21,1037.0609130859375,1061.6714634086918,1032.1585329525294,1056.709724229995,621940
2024-02-22,1057.779296875,1060.0869251434385,1037.8928073519066,1047.3508432882554,938065
2024-02-23,1057.1455078125,1077.1111818632064,1053.2235796751766,1061.6714232798709,689965
2024-02-26,1041.260009765625,1055.3727128847636,1031.425630819691,1050.00489035193,825820
2024-02-27,1058.7894287109375,1075.1502800901428,1035.9417582316376,1035.9417582316376,1062060
2024-02-28,1052.73828125,1072.6445957058713,1049.796925899176,1063.6521240634402,812005
2024-02-29,1043.3992919921875,1059.0965560403984,1032.2675969525537,1051.7678294716454,2600635
2024-03-01,1046.6676025390625,1056.214739080299,1028.316103473752,1047.331190849643,776675
2024-03-04,1021.5816040039062,1062.0181745095483,1019.2047031739246,1045.8257265024831,1844330
2024-03-05,994.8317260742188,1024.0375852508937,992.9203285507575,1023.8395605746703,1432690
2024-03-06,1005.4088745117188,1018.4817075623754,991.3555895605047,993.8215892975663,2221830
2024-03-07,1007.8945922851562,1016.1146106719343,995.5150283149817,1006.2109594957946,1674355
2024-03-11,1022.264892578125,1027.9991461546686,990.3850926933525,1014.1835990510203,2163730
2024-03-12,1020.8882446289062,1038.5366209259128,1015.0055331260337,1022.2648668213274,1219900
2024-03-13,1011.5986328125,1037.2986218547896,999.1299083415339,1022.0568869118538,2162255
2024-03-14,1030.6038818359375,1033.9414081740645,984.333982022321,1004.7256308358126,1304705
2024-03-15,1038.140380859375,1045.8256242851264,1022.3143647137362,1022.3143647137362,1370070
2024-03-18,1029.2568359375,1045.8256259910497,1025.6717188356845,1038.1304692294661,1027705
2024-03-19,1009.1821899414062,1033.0400549680564,1004.0916980481373,1024.0475820182614,710110
2024-03-20,1010.4596557617188,1015.9166379574518,1000.6649901874307,1000.6649901874307,966685
2024-03-21,1050.292236328125,1053.5406632865825,1016.1147226802774,1016.3127473679571,1489015
2024-03-22,1038.5167236328125,1048.2618830918668,1003.8440292292631,1048.2618830918668,1919055
2024-03-26,1033.3470458984375,1048.251969218625,1020.5118310456851,1038.5167230879504,804335
2024-03-27,1084.558837890625,1098.1763596194664,1031.0197571438832,1033.9214595279002,3792770
2024-03-28,1107.6243896484375,1115.5076574261209,1072.5654397385356,1085.638211144989,2866225
2024-04-01,1130.8287353515625,1149.279245210331,1107.6344580465184,1109.2091049791043,1998085
2024-04-02,1120.3011474609375,1135.572623478891,1116.6368443117842,1128.640066574073,821715
2024-04-03,1111.9820556640625,1120.4694319350099,1105.1485118464527,1115.1412625113296,673100
2024-04-04,1114.794677734375,1138.5039621571534,1112.7149350314592,1117.1220117327377,1252785
2024-04-05,1123.9951171875,1134.6513344508217,1110.427042768306,1113.9627138793514,556115
2024-04-08,1233.083984375,1236.7087552238847,1154.7659399619301,1154.7659399619301,8509165
2024-04-09,1233.97509765625,1258.7540519961267,1221.5262614448172,1232.806534529802,3219045
2024-04-10,1204.96728515625,1234.9654834599464,1197.9357169519674,1229.0431193592053,1298645
2024-04-12,1183.19921875,1208.2455943886748,1177.0986559073986,1204.2841334234658,1930285
2024-04-15,1154.141845703125,1172.5923535341124,1151.6659327944803,1158.7272412457023,1489870
2024-04-16,1138.2464599609375,1154.3398941992339,1135.6517080148997,1150.8043436861706,884165
2024-04-18,1132.5321044921875,1153.3396857604043,1128.7191019868737,1146.8428324111476,895385
2024-04-19,1131.4130859375,1133.621581050222,1113.5666852072607,1126.4414331558285,1344265
2024-04-22,1148.892822265625,1165.6498437740029,1125.1043534127728,1141.1779601170117,1294110
2024-04-23,1154.19140625,1168.6705400278524,1149.0315215674705,1156.7266781901449,1203355
2024-04-24,1163.8475341796875,1169.6213198659227,1154.310312315716,1159.262138394742,1149375
2024-04-25,1169.8392333984375,1176.5539389332193,1152.785172490124,1159.71772936936,1329980
2024-04-26,1168.007080078125,1188.4184937232037,1164.6893806125938,1170.0175505846944,776600
2024-04-29,1202.08544921875,1211.8405218358819,1170.2550985670384,1172.592345830141,2287260
2024-04-30,1199.08447265625,1216.1682696030355,1194.964520237846,1211.61261459606,1013830
2024-05-02,1200.5701904296875,1208.6218641853918,1152.388900204734,1195.3707732304663,803040
2024-05-03,1188.0123291015625,1208.2455433196121,1177.148051878286,1205.1060421154718,906315
2024-05-06,1185.69482421875,1199.1341467219386,1180.713258604566,1197.7476113623045,494795
2024-05-07,1165.719482421875,1187.2401018670137,1156.5090364235866,1185.0711389124644,938440
2024-05-08,1188.4481201171875,1194.380397827899,1154.9638156115593,1165.719287769928,659265
2024-05-09,1178.9405517578125,1215.475134779832,1173.9589862935209,1184.5163121028738,1331495
2024-05-10,1193.8653564453125,1198.341826246758,1161.728055826368,1179.524888479247,1402570
2024-05-13,1199.728515625,1209.5232426801017,1169.6213871536365,1181.6047827754396,1090010
2024-05-14,1191.8648681640625,1211.7613921302702,1189.0720914858714,1199.3322604786167,899390
2024-05-15,1176.8707275390625,1193.8456016647806,1162.1242960194036,1192.3997071512197,797635
2024-05-16,1162.0450439453125,1188.4383020829096,1111.1997257715734,1188.2402773902406,2250255
2024-05-17,1232.410400390625,1255.4066498521045,1189.5077149644776,1198.3418155064805,7714255
2024-05-21,1268.6876220703125,1282.5229955638345,1228.756027588765,1232.0143679393127,3397620
2024-05-22,1267.59814453125,1280.542164102557,1257.1695702823067,1268.687522038811,3992780
2024-05-23,1276.4718017578125,1296.3880311825815,1250.9302448713677,1273.5997185335743,1982805
2024-05-24,1255.0203857421875,1295.3975914802486,1244.9385364083196,1276.4717283322082,1927485
2024-05-27,1239.51123046875,1270.7275586567355,1229.0431242557565,1259.7246165883068,1253790
2024-05-28,1204.61083984375,1257.33787252946,1200.639465787306,1243.3044752548171,1153325
2024-05-29,1172.8302001953125,1196.678153239631,1170.1166089286646,1190.0328407231423,1837255
2024-05-30,1139.99951171875,1171.7011133193857,1136.9393169199243,1167.650553261919,1907345
2024-05-31,1128.44189453125,1148.8235656481713,1121.0933416497674,1143.8717399341706,4191965
2024-06-03,1132.0667724609375,1205.8688171452309,1124.7479580707607,1205.8688171452309,2059415
2024-06-04,1116.0821533203125,1139.7123744984085,1039.8835092524912,1139.7123744984085,1906825
2024-06-05,1187.556640625,1198.3615573530806,1103.1478453331083,1103.2666843053457,2760005
2024-06-06,1213.237060546875,1221.0114034267501,1188.5967687785214,1208.2455810994697,2082170
2024-06-07,1233.9554443359375,1259.7346807272377,1212.405086891953,1217.15888843473,2114275
2024-06-10,1233.390869140625,1244.245232502665,1217.7727913760432,1237.9564379765807,1489145
2024-06-11,1232.2420654296875,1253.5943970318715,1227.458645066741,1235.9757615524475,1190285
2024-06-12,1238.055419921875,1251.4253491238264,1232.014216831681,1236.1242562837097,1895345
2024-06-13,1241.264404296875,1260.9330445373682,1237.253497390869,1244.889175124942,1115715
2024-06-14,1236.56005859375,1248.5533667299878,1222.506834351133,1243.8986986198984,1280300
2024-06-18,1225.408447265625,1259.3482797380036,1213.197288689941,1213.197288689941,1342375
2024-06-19,1236.322265625,1242.9874034977602,1208.8001013207265,1232.806542007541,1213160
2024-06-20,1244.47314453125,1254.9413731113095,1226.904074354258,1236.3224577213687,950670
2024-06-21,1264.6368408203125,1286.4843544767402,1254.386585500432,1254.386585500432,1723335
2024-06-24,1306.1134033203125,1309.2628179063,1246.6222178816604,1263.7060178883803,2170130
2024-06-25,1316.908203125,1328.6044725532709,1283.523035523025,1306.2222462986647,2137185
2024-06-26,1336.5869140625,1342.9351887386947,1309.3123391187307,1313.2242332356263,1525165
2024-06-27,1333.7447509765625,1339.9940141573666,1321.830627195934,1336.587094601183,967925
2024-06-28,1344.0941162109375,1350.848354355891,1327.0895005071534,1334.8143981961443,1530310
2024-07-01,1374.1019287109375,1380.3710175878994,1337.0128015788198,1337.0128015788198,1684055
2024-07-02,1336.3193359375,1379.5487951914579,1315.6009761557825,1379.5487951914579,2899400
2024-07-03,1349.1943359375,1354.4135801548448,1333.0911081742615,1344.8961845972967,1071900
2024-07-04,1334.30908203125,1357.5925760372957,1332.0609338307015,1347.0946088861438,371415
2024-07-05,1348.7784423828125,1352.630977667569,1329.5752459025487,1340.9644461443768,363330
2024-07-08,1358.2757568359375,1377.8751199204878,1350.6202543194925,1361.652935516957,1019840
2024-07-09,1375.5380859375,1398.9898663233253,1352.8586985330498,1358.1868681790268,1824660
2024-07-10,1343.2718505859375,1383.7877232321048,1336.9929693063816,1374.824870154266,1140440
2024-07-11,1310.0352783203125,1357.9689770832806,1301.1615241231373,1343.9156323515924,1359895
2024-07-12,1359.0782470703125,1370.5763728290253,1315.3040315744597,1315.9378798259704,3120320
2024-07-15,1354.4730224609375,1381.5594871520698,1348.5010911470288,1360.7618174530064,848915
2024-07-16,1349.273681640625,1366.6941730653173,1335.2599887498914,1366.5060616913345,600455
2024-07-18,1373.0916748046875,1383.540075197675,1349.847834409921,1349.847834409921,1580645
2024-07-19,1352.363525390625,1400.3664982640362,1343.3016595102115,1377.053262457121,1115365
2024-07-22,1372.576904296875,1389.8884687692123,1339.7363601879824,1351.8385940008527,1468170
2024-07-23,1365.76318359375,1384.0353732587023,1328.4362561719765,1372.5769010363297,877240
2024-07-24,1376.0826416015625,1389.2842864775023,1352.818973804153,1357.7906262206197,1189520
2024-07-25,1389.2049560546875,1392.6317016369894,1352.1356566749403,1366.7038891550856,718270
2024-07-26,1423.6302490234375,1428.1067193870567,1388.0167525992074,1394.4343002059472,1802930
2024-07-29,1408.2635498046875,1440.5141734770439,1404.7121569778117,1437.4290016200414,877015
2024-07-30,1390.7744140625,1415.9320646022254,1386.6377619369205,1410.4462777772583,694125
2024-07-31,1394.2364501953125,1410.1683722570042,1390.0302890806397,1394.5837545678835,1231325
2024-08-01,1369.8724365234375,1406.6863359025538,1362.154481019322,1399.7421861484509,1124665
2024-08-02,1432.578125,1453.8570573633478,1358.0376201060399,1365.021489734589,7175560
2024-08-05,1383.6219482421875,1417.39039790406,1351.1531048350532,1388.839990873259,1667055
2024-08-06,1349.932861328125,1413.630517693866,1345.5778727806482,1388.829982295728,852965
2024-08-07,1398.482421875,1405.4762217487992,1356.9365574413175,1368.989642644747,2844655
2024-08-08,1371.4893798828125,1398.9583930122753,1367.4121866548596,1397.7580859263664,545140
2024-08-09,1431.3876953125,1438.4310229989467,1381.7270461439516,1391.9747046577468,2169800
2024-08-12,1424.284912109375,1448.3513629374008,1402.7680243026803,1448.3513629374008,1373055
2024-08-13,1408.3431396484375,1447.359299796723,1396.577779748481,1432.4392583941078,1155785
2024-08-14,1435.8021240234375,1452.1209484265762,1402.3511920621095,1408.6703634260184,1557105
2024-08-16,1471.7332763671875,1476.127984873375,1433.471060579319,1455.2955334739524,1665850
2024-08-19,1466.8922119140625,1480.7210545772582,1460.473861880045,1471.7332816719945,621000
2024-08-20,1469.7294921875,1474.7887775852612,1460.8508271625244,1466.8922041511769,1148210
2024-08-21,1469.6995849609375,1474.9176272874095,1463.2415158666988,1469.7293746664911,482210
2024-08-22,1477.0108642578125,1501.9304387953246,1452.7162680916338,1477.1199720881887,1061190
2024-08-23,1466.7236328125,1477.5961495923739,1451.13901395499,1477.0108908202415,818150
2024-08-26,1487.81396484375,1495.779926179824,1465.7414874996603,1465.7414874996603,1378060
2024-08-27,1486.8319091796875,1494.7085015856617,1479.3123088777168,1487.8140007548127,532205
2024-08-28,1512.3665771484375,1515.9378303544063,1482.635721646412,1486.8319532456535,1212000
2024-08-29,1524.3203125,1527.7130695348294,1498.1507811793083,1507.6842141066018,961130
2024-08-30,1523.5068359375,1532.6731042323845,1511.8505841739204,1524.320240224983,1409320
2024-09-02,1501.28564453125,1536.938960254654,1490.5222354624564,1523.7350959473624,1332115
2024-09-03,1477.209228515625,1516.6024837458067,1474.1439160561129,1503.9045603910276,642950
2024-09-04,1475.21533203125,1479.2429975660175,1441.2188559469105,1460.0474051954916,793615
2024-09-05,1483.0721435546875,1489.3515960594582,1470.5826267677903,1485.9490301260082,610375
2024-09-06,1473.1319580078125,1488.1809666369852,1466.1480884169791,1485.1453229467538,669085
2024-09-09,1471.8822021484375,1485.631606459101,1447.64718321525,1454.5019650157396,664125
2024-09-10,1483.4093017578125,1496.8214509620248,1474.143855442833,1483.0720483762013,662835
2024-09-11,1521.7113037109375,1542.990237155362,1483.6177756833513,1488.0222929366967,2253665
2024-09-12,1545.2916259765625,1549.1208142468197,1511.8406917035727,1532.663212277581,852445
2024-09-13,1533.4766845703125,1553.5055388510839,1526.2845292978536,1552.513517434193,503730
2024-09-16,1568.14794921875,1575.92536403638,1530.6892068981974,1533.4768454984596,1205305
2024-09-17,1548.59521484375,1580.2406038949202,1540.6093933104485,1568.1479199062705,635125
2024-09-18,1535.9566650390625,1549.5274495625324,1501.930283619973,1548.595007601271,629850
2024-09-19,1567.8106689453125,1617.1934073811542,1538.6253527029573,1567.5923321811877,4464010
2024-09-20,1608.304931640625,1612.42184509685,1553.5056735092724,1565.608287405852,2073445
2024-09-23,1616.2310791015625,1638.8888149933275,1609.3167186945825,1609.3564383032115,980735
2024-09-24,1603.959716796875,1638.422530771295,1597.2834321064863,1626.151230816631,936650
2024-09-25,1574.576171875,1615.0010473813384,1565.0130702297886,1615.0010473813384,1110935
2024-09-26,1576.8577880859375,1590.6964386440973,1554.3189690845866,1587.2342935290465,1058045
2024-09-27,1621.11181640625,1632.2819872052557,1587.3235089504428,1597.223863277577,2029940
2024-09-30,1607.213623046875,1629.7324611942392,1592.7102745036805,1609.7928545599086,971110
2024-10-01,1626.111572265625,1636.8353821988937,1615.1299481656379,1615.9632122714108,848030
2024-10-03,1611.6380615234375,1622.9471305398722,1589.3473680784791,1607.064857062466,577885
2024-10-04,1626.647216796875,1648.5213369164885,1606.8365786731108,1611.0427396850723,2141335
2024-10-07,1584.5460205078125,1648.5214757410045,1569.3879033071212,1648.5214757410045,1893920
2024-10-08,1640.8134765625,1648.1246701097475,1584.8634402322114,1596.3114069929995,1217655
2024-10-09,1665.09814453125,1680.8812403770153,1646.7556768306474,1648.7397198147808,852950
2024-10-10,1645.80322265625,1674.4230158347927,1638.819353247507,1672.5480808567172,477895
2024-10-11,1659.3145751953125,1664.770692982003,1638.7697293293556,1645.8032483564898,717630
2024-10-14,1644.0076904296875,1666.447210815156,1634.6529959575125,1664.6020654472268,731080
2024-10-15,1644.4541015625,1661.2390262909921,1632.8374485245836,1653.6897579046154,793755
2024-10-16,1623.413330078125,1642.7875382609618,1614.018915912189,1635.8135983319064,616890
2024-10-17,1583.1868896484375,1632.85734953832,1579.2782622305779,1623.4132861165633,1370175
2024-10-18,1604.862548828125,1609.098499764126,1569.5168199787565,1585.250265529355,703155
2024-10-21,1577.1851806640625,1618.929400818086,1569.754949489655,1610.4476898482585,551420
2024-10-22,1517.6044921875,1582.869505322376,1512.138443951423,1579.0800364169845,756445
2024-10-23,1553.64453125,1576.6991006985977,1498.1507868304445,1511.8407316580226,1680480
2024-10-24,1530.99658203125,1557.1957796234963,1519.4593684781828,1553.6443866593743,609025
2024-10-25,1507.4063720703125,1539.6073493533888,1474.947459524394,1535.6491934842493,1835575
2024-10-28,1526.2548828125,1557.473770668437,1507.882625072252,1507.882625072252,633990
2024-10-29,1527.54443359375,1535.1830718557983,1484.669293122526,1525.8183258592069,851900
2024-10-30,1523.6259765625,1558.753491560818,1513.447826349597,1523.7648741031805,861150
2024-10-31,1476.31640625,1533.1294964798324,1469.4914146366489,1517.9417104054023,1490795
2024-11-01,1481.7725830078125,1487.0303455624191,1476.3164645854908,1476.3164645854908,53670
2024-11-04,1532.2266845703125,1537.107352301731,1462.3486349703633,1478.1118693705832,1900525
2024-11-05,1515.9874267578125,1536.6412605278233,1507.872637832338,1532.226813414823,878455
2024-11-06,1586.63916015625,1589.635084365063,1518.7947974274055,1519.776888993027,1566415
2024-11-07,1567.989013671875,1596.3311331197433,1545.5693540645375,1591.9960044095144,839335
2024-11-08,1518.70556640625,1569.3779799649112,1488.4588411956474,1566.7987483384784,2896825
2024-11-11,1577.6116943359375,1607.0746817290922,1507.2376326486299,1521.760840600264,2827160
2024-11-12,1551.7794189453125,1594.1784042786803,1548.0990582687225,1576.3220189165047,814435
2024-11-13,1510.8387451171875,1551.5215546489858,1505.4917349465195,1551.5215546489858,847625
2024-11-14,1541.2442626953125,1555.896439292082,1497.952430889562,1510.848710095896,938055
2024-11-18,1505.8192138671875,1562.59258362056,1486.2663882099564,1557.195923815559,1434895
2024-11-19,1515.248291015625,1539.8695396304124,1507.9553568095807,1510.4194465388293,782945
2024-11-21,1493.4388427734375,1510.2703607326694,1488.600052742354,1507.885714766981,738710
2024-11-22,1589.7379150390625,1595.6299714144368,1524.1707614137601,1530.0130896532341,4935000
2024-11-25,1628.5576171875,1651.3505686227488,1592.9272869937658,1592.9272869937658,2668425
2024-11-26,1638.940673828125,1656.9147270897258,1619.7543456119065,1636.2480771305245,1295245
2024-11-27,1657.8685302734375,1662.0813521865794,1634.7872778149585,1639.4273978106708,1207120
2024-11-28,1629.8790283203125,1670.1593024534222,1624.7222207681077,1654.132652418714,1275315
2024-11-29,1640.4805908203125,1648.896288644853,1612.2426534782542,1631.1209075207712,1418705
2024-12-02,1678.61474609375,1685.411005680358,1635.2841945340824,1637.4403337829515,1541390
2024-12-03,1683.6422119140625,1693.0415565923943,1660.5610813745957,1688.5406754931348,1465260
2024-12-04,1678.286865234375,1694.0750632227398,1666.5327106588518,1680.5622306710832,1731295
2024-12-05,1693.3896484375,1720.1669171100823,1683.652393672119,1688.898591046646,2150265
2024-12-06,1685.90771484375,1705.7994537823815,1676.7269309164021,1705.7994537823815,1050090
2024-12-09,1672.9810791015625,1695.446188500801,1669.4338863453947,1686.1262870244734,1309295
2024-12-10,1693.0020751953125,1696.6385362007582,1671.4013852378769,1673.9946469534873,941320
2024-12-11,1700.444091796875,1706.9619952104708,1684.6757844392512,1693.0815377687854,1242035
2024-12-12,1711.820556640625,1744.4799333843462,1703.6134738625292,1708.9590057290354,1705625
2024-12-13,1729.3277587890625,1732.1992555088948,1684.2385287959112,1711.3636510521628,738150
2024-12-16,1750.5010986328125,1760.6456376765243,1726.4759823320528,1733.8086986994092,1714915
2024-12-17,1759.4237060546875,1778.0237274399863,1739.7803640911425,1739.7803640911425,1391285
2024-12-18,1763.4178466796875,1768.3957541720067,1749.1299835028763,1758.6585004003005,444065
2024-12-19,1728.2645263671875,1744.7481897113582,1712.9532340901944,1719.3122494720533,740435
2024-12-20,1688.103515625,1767.580960757464,1680.5522377604875,1743.7546347834473,1713975
2024-12-23,1713.9071044921875,1732.6264726028826,1690.2099500512882,1690.2795694405218,836725
2024-12-24,1723.4952392578125,1726.7144688202754,1693.6874682808368,1712.963184436907,1170230
2024-12-26,1722.392333984375,1734.2955508985126,1716.8282410973152,1728.8506842415993,997245
2024-12-27,1716.4210205078125,1743.824256754944,1712.9036644046553,1722.3925208658413,612490
2024-12-30,1731.384521484375,1787.4628194993923,1703.9415036717548,1716.4209614079216,5568265
2024-12-31,1724.329833984375,1738.5879815573157,1676.1903320619274,1708.9788803476674,1326490
2025-01-01,1734.8917236328125,1743.7148287395341,1709.197439471242,1726.4561341053882,337865
2025-01-02,1764.4114990234375,1776.5432234992238,1730.8479184099203,1734.8123424103158,1426230
2025-01-03,1793.53369140625,1805.3574657145125,1764.6201756240914,1770.3830602984801,2013255
2025-01-06,1751.8524169921875,1814.081112174635,1737.316155721352,1812.312488641261,1154600
2025-01-07,1676.9156494140625,1751.504697360853,1661.8527549607036,1744.8475556367223,2787290
2025-01-08,1636.864013671875,1683.1355577625022,1614.9950355334045,1678.9724638797425,2664430
2025-01-09,1579.6728515625,1640.8484056064274,1573.0853288777337,1636.8541446181791,2041085
2025-01-10,1557.098388671875,1602.5154578914382,1554.4255620797212,1572.8567493827509,2042585
2025-01-13,1441.3349609375,1540.9823824357518,1432.8993710892041,1523.1771628049873,3052805
2025-01-14,1481.992919921875,1500.1060915222702,1448.7671241445626,1452.6322134668458,1873135
2025-01-15,1481.47607421875,1493.071219659226,1451.6384659632085,1490.189898790147,2254135
2025-01-16,1515.933837890625,1541.7176337173232,1482.767718374884,1482.767718374884,1047585
2025-01-17,1539.7005615234375,1546.029740119574,1510.5882563336966,1522.183523048321,1261450
2025-01-20,1544.1021728515625,1559.7015241019203,1520.126784793404,1541.2603920205809,838815
2025-01-21,1481.93310546875,1527.7476360606863,1475.4847005545623,1525.959242529864,2021495
2025-01-22,1437.6287841796875,1495.03857882087,1418.2636791333557,1493.8461952373593,2445630
2025-01-23,1497.443115234375,1511.8502053562208,1427.7923106960438,1427.7923106960438,1310495
2025-01-24,1479.866455078125,1503.1065953132972,1476.5081079948588,1495.4558612432572,689375
2025-01-27,1392.9271240234375,1469.9205876595909,1379.1261113441806,1469.9205876595909,2768045
2025-01-28,1420.4893798828125,1433.1477371861374,1379.60302891307,1409.1723480438866,2125700
2025-01-29,1479.489013671875,1489.395101414692,1421.8507052142763,1421.8507052142763,1047855
2025-01-30,1516.00341796875,1526.793816712956,1479.488897827845,1479.488897827845,1718675
2025-01-31,1534.8419189453125,1540.0682246882732,1514.2348222096311,1516.0034457961676,1436990
2025-02-01,1546.904052734375,1566.487719014263,1504.7359306027402,1534.8418271286605,508590
2025-02-03,1534.017333984375,1567.888866214606,1522.143831584581,1538.1009843475056,1130980
2025-02-04,1531.50341796875,1557.5354896468768,1517.1956635285028,1550.0041031172523,1350445
2025-02-05,1578.05322265625,1587.363178501931,1532.6262076804203,1537.0874278098624,2737765
2025-02-06,1599.9222412109375,1626.5107839491002,1590.3539413994672,1609.6197128879305,2904470
2025-02-07,1561.9471435546875,1613.5940570840723,1546.039719532723,1602.773821296956,1030260
2025-02-10,1548.9906005859375,1589.7477786676295,1530.330906924675,1566.696484392201,819910
2025-02-11,1498.74462890625,1561.1124383858273,1490.0506960857479,1550.0040228552562,1111755
2025-02-12,1505.9482421875,1520.186377154792,1470.1291888119379,1498.8440324998817,1642770
2025-02-13,1518.4874267578125,1531.5829067079262,1501.3181209249126,1506.2860829398858,1595935
2025-02-14,1487.507080078125,1523.812983289784,1477.481767246504,1517.2155155438456,810840
2025-02-17,1458.3751220703125,1471.9872898092424,1436.0887905589059,1470.53668367757,1694895
2025-02-18,1502.0931396484375,1507.2299347049034,1459.9051240913052,1460.4814853046678,671955
2025-02-19,1509.2767333984375,1520.9812804535743,1485.321236265601,1502.311641284406,847695
2025-02-20,1524.8563232421875,1530.857660390878,1499.4104354130886,1502.3117690010802,1307395
2025-02-21,1497.7611083984375,1556.3532234743202,1493.349495045725,1515.824550419153,929070
2025-02-24,1421.19482421875,1483.4334673009425,1417.7966945147202,1481.446282482053,2614855
2025-02-25,1455.3446044921875,1465.5289267870523,1408.834606428104,1416.574608896268,2153680
2025-02-27,1466.7906494140625,1479.260281434915,1444.8918360629393,1445.6768128009896,1437345
2025-02-28,1389.56884765625,1443.6699068540145,1371.3562208237672,1430.9122140371876,4905515
2025-03-03,1383.5177001953125,1404.701157425633,1353.491367910609,1385.7632286525031,1307830
2025-03-04,1343.76416015625,1365.1065045056398,1323.951865555488,1363.506835370907,1231110
2025-03-05,1349.278564453125,1363.010079103396,1331.4137928182765,1335.5372254641088,2036095
2025-03-06,1372.41943359375,1396.961118070911,1354.0678105421773,1354.0678105421773,1571540
2025-03-07,1358.0123291015625,1386.856346116844,1344.1318721256787,1371.1575373908818,921590
2025-03-10,1309.17724609375,1372.846605019973,1305.5804463670042,1358.0123380370233,1378335
2025-03-11,1330.8375244140625,1340.7237198950668,1276.2793338871104,1293.65725458552,2072715
2025-03-12,1293.100830078125,1345.3837784102943,1261.7729540004173,1333.4009958920951,2350725
2025-03-13,1268.3306884765625,1311.5320681296705,1266.8303541971682,1297.035588468595,1444365
2025-03-17,1287.626220703125,1296.6380501832143,1262.428611323863,1275.9812258818863,997630
2025-03-18,1287.626220703125,1287.626220703125,1287.626220703125,1287.626220703125,0
2025-03-19,1341.2305908203125,1351.4744659830167,1299.2612551361283,1330.5295806514132,1944145
2025-03-20,1361.28125,1369.2001522504236,1331.970274453265,1355.2600218897223,1294700
2025-03-21,1374.3369140625,1378.4007941725908,1337.2561002781774,1364.997242839512,1884150
2025-03-24,1411.0701904296875,1422.8243450916805,1377.1885918854723,1390.4332564652375,1561740
2025-03-25,1419.982666015625,1476.4584244259156,1398.6104836542431,1426.7986953678899,3160400
2025-03-26,1399.842529296875,1433.3663273987793,1391.02936950021,1427.0172573648413,1214035
2025-03-27,1433.6744384765625,1440.6990836178945,1382.2956912404393,1391.029407547172,2098130
2025-03-28,1427.076904296875,1453.3772657008674,1413.2858370984495,1434.747408423895,2386050
2025-04-01,1352.25927734375,1427.0768287211029,1347.013080703233,1427.0768287211029,1307065
2025-04-02,1376.850830078125,1385.0380220664206,1342.6514559772722,1346.3177538561827,1617245
2025-04-03,1338.249755859375,1369.5578625378487,1315.4964653136747,1367.1831621130323,2204950
2025-04-04,1271.12255859375,1334.5932450980586,1256.9142602389718,1334.5932450980586,1717820
2025-04-07,1266.79052734375,1277.352419406041,1149.5864066656504,1149.5864066656504,1594280
2025-04-08,1320.017333984375,1333.4009944393797,1259.4776959743833,1283.7114290493591,2649525
2025-04-09,1273.1396484375,1306.6237864305233,1255.135758280452,1306.6237864305233,2100820
2025-04-11,1300.672119140625,1321.4778856787973,1282.4893297923472,1321.4778856787973,1867970
2025-04-15,1338.46826171875,1353.7696085240982,1315.61563713449,1346.6157919521042,1264435
2025-04-16,1346.516357421875,1349.3977996083813,1312.8336724561682,1341.15105555033,861615
2025-04-17,1338.26953125,1344.1317502446177,1303.891260948314,1340.2567159066077,1275390
2025-04-21,1378.9075927734375,1397.388387310451,1346.2183782822794,1349.2984904904256,1372860
2025-04-22,1381.7889404296875,1396.9909530859204,1369.5678263441373,1378.907619420405,910595
2025-04-23,1408.019775390625,1415.869179661816,1381.29211539061,1393.0165543058708,1658625
2025-04-24,1421.6319580078125,1437.0326391632043,1397.2889458589673,1406.9267429699942,1647625
2025-04-25,1398.6800537109375,1440.7090631725378,1387.1544054631854,1433.7539159710152,1061635
2025-04-28,1386.55810546875,1409.609399158354,1376.423512152556,1392.0228633190388,1134175
2025-04-29,1402.7537841796875,1409.3114696935477,1373.9396048807298,1390.6318842534527,593235
2025-04-30,1404.84033203125,1421.83073797585,1384.0742264153453,1402.7538122289545,1353645
2025-05-02,1416.06787109375,1433.7538647177898,1398.3819987578474,1404.7410145152628,585725
2025-05-05,1424.8114013671875,1433.356271148445,1413.6832157852884,1419.147973600853,394340
2025-05-06,1387.94921875,1444.2858581348958,1381.987664474852,1431.567948454126,431775
2025-05-07,1376.12548828125,1391.5261706410763,1359.7312135111124,1378.6094693070283,523664
2025-05-08,1346.8145751953125,1391.0294395230083,1332.9042808000825,1375.628756442575,309901
2025-05-09,1366.1895751953125,1391.0293856534092,1310.5483997691763,1310.5483997691763,661030
2025-05-12,1466.5423583984375,1492.8725565675152,1383.08059816438,1395.5005029611148,1346700
2025-05-13,1455.1160888671875,1480.9494916056967,1441.2057950849132,1470.516771268991,869690
2025-05-14,1444.683349609375,1465.5487900095104,1418.353151009204,1461.5744204094847,631213
2025-05-15,1494.363037109375,1500.3245917786944,1437.7282677508415,1451.6385619792532,945324
2025-05-16,1499.8277587890625,1515.2284413072675,1487.9046497427103,1502.3117398403858,695066
2025-05-19,1457.5999755859375,1505.2924083249457,1443.6896827037267,1499.8276504069343,811543
2025-05-20,1429.28271484375,1480.4527251422924,1423.3211602458616,1465.5488386475713,783253
2025-05-21,1466.0455322265625,1469.5231054985334,1431.2697995068543,1434.747372778825,672018
2025-05-22,1451.638427734375,1469.0262939118916,1440.7089118513647,1460.5807589113836,593809
2025-05-23,1479.458984375,1485.420538375168,1438.2249025405054,1454.1223798742865,759901
2025-05-26,1464.0584716796875,1487.4078942005376,1458.593713217361,1485.4207093051461,682762
2025-05-27,1443.1929931640625,1477.471931728028,1415.8692015551044,1477.471931728028,1599274
2025-05-28,1423.8179931640625,1445.677027253113,1396.4942005527494,1445.677027253113,2163499
2025-05-29,1438.7218017578125,1446.6705409940434,1407.9204372174172,1435.7410245442259,933946
2025-05-30,1418.353271484375,1450.645027227452,1405.9333654293455,1440.7091023834282,2388902
2025-06-02,1421.6319580078125,1429.6800316442952,1391.0292656482993,1401.9587813069645,1199774
2025-06-03,1416.167236328125,1430.4748692523715,1405.933186525795,1421.830664253295,725977
2025-06-04,1401.5614013671875,1416.1672822760984,1387.1543117091983,1410.9011940927521,1169720
2025-06-05,1464.9527587890625,1471.5104448189456,1399.7731171586945,1405.8340069546753,2207902
2025-06-06,1497.54248046875,1500.9207190300838,1458.5937052471606,1458.6930402337593,1460702
2025-06-09,1509.9622802734375,1531.324516286438,1492.7732049986462,1500.3244827735225,1213694
2025-06-10,1525.06494140625,1540.0681618218562,1500.8212635044606,1514.2347603977478,803990
2025-06-11,1496.250732421875,1530.0328720576972,1493.269955395185,1527.1514300076044,1787307
2025-06-12,1458.9910888671875,1513.2412090713437,1453.029534530728,1503.503955139873,872560
2025-06-13,1450.4462890625,1455.3147949766942,1425.8051480924069,1440.7090346578327,707752
2025-06-16,1478.8629150390625,1482.4398233310285,1442.7954633154209,1447.6640902099923,814202
2025-06-17,1465.9462890625,1490.587308445752,1461.375788162135,1482.4398990706723,579070
2025-06-18,1458.1961669921875,1482.5391805419426,1451.5391464958752,1461.5744053750864,462408
2025-06-19,1459.8853759765625,1473.5968784564993,1448.657733232551,1456.7058074928823,681928
2025-06-20,1495.455810546875,1501.7154908203272,1459.8852774556888,1460.5807435802378,2392646
2025-06-23,1472.70263671875,1487.2091830843133,1458.4943378826415,1480.4527061116362,804202
2025-06-24,1495.853271484375,1521.5873374101807,1486.4141442315674,1486.4141442315674,1050554
2025-06-25,1499.927001953125,1524.5681409890624,1493.3693166366977,1511.154644133044,1007044
2025-06-26,1506.68359375,1514.2348720036766,1474.6898445476425,1507.279724953791,980202
2025-06-27,1498.436767578125,1527.3502839626426,1482.83741444109,1501.417544963913,5582731
2025-06-30,1478.7635498046875,1520.1963024745257,1469.0262962147624,1512.8436947931668,1279001
2025-07-01,1440.2122802734375,1486.414329968308,1437.2315028737685,1478.7637164910814,1499855
2025-07-02,1442.5968017578125,1454.4205753454564,1421.7313617636642,1443.789064099368,1091998
2025-07-03,1435.939697265625,1458.3949826815804,1431.7666576738493,1449.651320989692,995080
2025-07-04,1476.8758544921875,1479.260500650087,1436.7346949133291,1442.5969146757907,1069466
2025-07-07,1421.9300537109375,1479.4590776991072,1395.1030590179382,1475.4847081149592,2352128
2025-07-08,1449.552001953125,1461.5744459456282,1421.8307492509816,1421.8307492509816,1922385
2025-07-09,1437.8275146484375,1451.1416768518461,1422.824293907459,1446.670511123785,1232488
2025-07-10,1411.0006103515625,1425.805162076043,1402.1576133117205,1416.7634950619693,1335773
2025-07-11,1366.38818359375,1412.490893984199,1362.3144791198122,1410.9011704441418,2206874
2025-07-14,1390.0357666015625,1393.910801216406,1345.3241086336782,1366.686345218334,3466969
2025-07-15,1394.2088623046875,1398.2826883363123,1370.958896255676,1388.048637696309,1554292
2025-07-16,1384.4716796875,1397.9845121213084,1377.119071641886,1395.0037349099623,708852
2025-07-17,1370.4620361328125,1393.7120010977023,1368.2760600954077,1391.4268113667615,653294
2025-07-18,1356.054931640625,1384.4716495117982,1349.3977899075023,1375.1318568621884,1994386
2025-07-21,1390.83056640625,1405.7344510814644,1354.4649907682278,1356.0548354974167,1061489
2025-07-22,1449.45263671875,1458.096842054175,1395.0037248681854,1395.0037248681854,4076845
2025-07-23,1465.548828125,1471.5103826800848,1449.7506842963978,1450.6449417372883,1600050
2025-07-24,1447.86279296875,1475.484710131585,1441.3051074035698,1458.6929743579824,683571
2025-07-25,1430.830322265625,1445.2730926609272,1421.3678175238754,1445.2730926609272,1043310
2025-07-28,1403.9368896484375,1426.2485041244418,1378.9359803512593,1424.3559788558111,1778107
2025-07-29,1403.8372802734375,1413.4989468237636,1369.672609898794,1413.4989468237636,1203324
2025-07-30,1390.0916748046875,1400.5502323002343,1359.313609857233,1384.5138017914317,2075877
2025-07-31,1386.804931640625,1394.4744927151478,1364.5928964426803,1374.5534285335027,1082367
2025-08-01,1362.5010986328125,1394.3747987410686,1358.8156291046853,1389.4941140942885,432220
2025-08-04,1365.4892578125,1371.9636031460154,1353.6362012688223,1363.5967325511538,2890882
2025-08-05,1336.4044189453125,1367.0829035958384,1327.7388054595647,1366.5848770371513,3593587
2025-08-06,1317.1806640625,1339.6914401518088,1306.3236607874328,1336.404416235733,1704636
2025-08-07,1356.325439453125,1365.5887817943558,1306.024758577403,1309.8098089420698,1124107
2025-08-08,1326.7427978515625,1364.0947910343205,1317.0811309170304,1355.6283392462287,1636607
2025-08-11,1315.3876953125,1336.6036749096827,1282.0199165697984,1302.7378696185824,4245522
2025-08-12,1315.9853515625,1347.1618632816144,1306.0248202258522,1326.7427740414864,2051386
2025-08-13,1320.6668701171875,1326.045581339874,1307.3197338500813,1319.770397981987,1533006
2025-08-14,1360.010986328125,1380.0316301929388,1314.292122727956,1323.7546275903399,6756189
2025-08-18,1348.257568359375,1394.5740415120672,1344.771382208097,1384.51392865037,1159319
2025-08-19,1375.3502197265625,1379.5335942651002,1338.2969700899416,1354.1342392804358,1022673
2025-08-20,1389.9921875,1393.3787925683312,1359.612566060552,1359.612566060552,1593082
2025-08-21,1407.2239990234375,1432.1253288363628,1381.6253590226358,1394.47446952381,2432234
2025-08-22,1375.15087890625,1412.4032889841842,1369.7721678745033,1412.4032889841842,1083516
2025-08-25,1400.55029296875,1414.6943204809018,1380.1312036405568,1382.0237289203856,1646990
2025-08-26,1390.19140625,1405.6302308904842,1378.637213417407,1397.462643264477,1437602
2025-08-28,1380.529541015625,1406.3273395846288,1370.5690104166667,1404.434814453125,830602
2025-08-29,1352.73974609375,1389.4941313040113,1349.1539791048626,1384.5138656004128,1215734
2025-09-01,1366.2860107421875,1372.3620320213129,1340.8866562812057,1352.7397126807002,773237
2025-09-02,1359.114501953125,1384.9123024530095,1345.6677846380885,1371.166720562232,559228
2025-09-03,1361.007080078125,1369.4735320497027,1351.2457103460738,1368.6766408757924,600553
2025-09-04,1326.5435791015625,1375.0513168707985,1319.1727617778156,1363.4971251249726,1350218
2025-09-05,1341.68359375,1360.110577034614,1324.2526636159057,1337.500219153225,967418
2025-09-08,1331.7230224609375,1347.5602913987818,1319.8699660061475,1341.6835536685735,515700
2025-09-09,1344.1737060546875,1371.7643292664202,1335.508092413195,1341.9824377924879,1229455
2025-09-10,1380.3304443359375,1393.3787157201232,1348.4567449114772,1353.3373078650366,1177741
2025-09-11,1366.4852294921875,1377.541394238876,1349.751489299869,1377.0433677044439,681007
2025-09-12,1355.2298583984375,1375.0513399159431,1349.8511472023959,1369.6726287199017,593993
2025-09-15,1357.4212646484375,1369.3739023004455,1340.9863878769268,1354.632267227562,849889
2025-09-16,1347.062255859375,1365.5888194643835,1337.6993322689038,1365.5888194643835,2612615
2025-09-17,1369.5731201171875,1396.3669749302755,1354.931187032071,1357.1224553888494,2281760
2025-09-18,1379.33447265625,1385.8088182340487,1366.385781500653,1374.5533688249288,1051506
2025-09-19,1370.668701171875,1382.5217578515624,1365.7880164698252,1382.5217578515624,1100226
2025-09-22,1412.1044921875,1420.3717819097594,1359.8117021803034,1364.592805902083,2045289
2025-09-23,1388.3985595703125,1427.9418223988018,1383.5178746437134,1417.184520948639,1526034
2025-09-24,1379.8323974609375,1400.0522022824337,1369.573001974379,1385.509851451899,1082692
2025-09-25,1353.23779296875,1379.9320661759798,1346.3650018769576,1379.8324851781172,1099888
2025-09-26,1311.0050048828125,1360.309631952522,1304.8295244711012,1353.237679458205,1236310
2025-09-29,1310.606689453125,1326.8422816811471,1294.072111077609,1312.6983766004762,1577060
2025-09-30,1304.1324462890625,1311.403561377554,1294.669941303414,1306.9213221738257,1322833
2025-10-01,1333.3167724609375,1334.711271241133,1298.056465305967,1304.1324870204958,1081395
2025-10-03,1328.6353759765625,1337.4005711054615,1314.7902123020406,1335.7073293159367,785507
2025-10-06,1374.4537353515625,1388.3984791405865,1322.758553701692,1328.7348724684168,891973
2025-10-07,1378.13916015625,1384.6135058479822,1363.5968079971408,1374.4538120132886,397410
2025-10-08,1362.1026611328125,1382.521750385626,1358.41731317137,1378.139092277075,548172
2025-10-09,1341.185546875,1387.502017673134,1327.3403839746286,1384.5138582668028,2141013
2025-10-10,1327.83837890625,1347.9587247159516,1325.7466916893568,1347.1618335911758,462385
2025-10-13,1328.23681640625,1331.8225832689466,1312.1008047298585,1324.8502115292813,529298
2025-10-14,1317.0811767578125,1340.189562042421,1314.7902057941253,1340.189562042421,825533
2025-10-15,1329.5318603515625,1337.5002859536971,1321.0654081492946,1322.6590689520165,584131
2025-10-16,1343.1776123046875,1357.5208013366562,1328.0376537417014,1334.4122963438974,595870
2025-10-17,1323.057373046875,1341.6835172643605,1317.7782430146615,1339.8905730602282,904220
2025-10-20,1306.32373046875,1333.7151926021015,1303.0367063773392,1330.5278710983566,692834
2025-10-21,1311.802001953125,1320.766480326381,1306.821736190205,1318.774374021213,52958
2025-10-23,1374.354248046875,1386.0080218010246,1317.1807702966305,1319.7704842877165,2925254
2025-10-24,1372.362060546875,1414.29587328932,1368.3778479995924,1374.5533288124732,2376373
2025-10-27,1359.3135986328125,1385.7090054274252,1354.433035779335,1379.135079373639,487437
2025-10-28,1380.2308349609375,1387.701233768019,1361.9035538250491,1370.2703032181626,1412055
2025-10-29,1383.617431640625,1402.6420228357017,1377.5415316322578,1384.5139038097168,1035864
2025-10-30,1378.63720703125,1383.8167566139543,1367.979486448082,1383.7170540233346,765573
2025-10-31,1372.860107421875,1388.4980932658602,1369.57308338634,1378.6371427477748,507529
2025-11-03,1354.23388671875,1369.573130093502,1333.8147964155378,1369.573130093502,941920
2025-11-04,1333.4163818359375,1360.8078450748724,1321.2645813253478,1360.8078450748724,606779
2025-11-06,1321.5633544921875,1344.7713196958923,1312.1008496643014,1319.869991201455,855886
2025-11-07,1340.0899658203125,1352.9390760941517,1296.9608147119864,1315.7862440351905,1077290
2025-11-10,1337.1016845703125,1347.6598229453082,1325.5474931111,1334.71113285049,689807
2025-11-11,1335.7071533203125,1344.372766306003,1321.762410481771,1343.6755777994792,565605
2025-11-12,1370.9676513671875,1377.04355158087,1336.0062082993675,1342.281270518013,1917141
2025-11-13,1341.9825439453125,1378.5376482660906,1326.3444355313743,1377.043568444993,1870419
2025-11-14,1318.2762451171875,1349.5523359983044,1306.3236082139715,1339.6913862354493,1323927
2025-11-17,1326.94189453125,1332.6194701686773,1315.7861484185196,1323.7545732386166,803936
2025-11-18,1319.6707763671875,1328.3363897008596,1305.9251949532459,1326.9418910433053,561417
2025-11-19,1356.823486328125,1358.6164305463628,1312.7979878739782,1319.6707785925385,862715
2025-11-20,1360.010986328125,1368.5770190437372,1351.4449536125128,1368.5770190437372,729780
2025-11-21,1337.4605712890625,1361.0087929054966,1330.076774884917,1361.0087929054966,792639
2025-11-24,1343.34765625,1362.6052588910097,1329.877261314517,1337.9594739152835,1774967
2025-11-25,1329.0789794921875,1348.935363981761,1322.2938428878472,1348.935363981761,608562
2025-11-26,1338.55810546875,1351.230205789414,1322.3936806090323,1327.0833248404306,590377
2025-11-27,1336.4627685546875,1345.0438847048927,1312.7149123737177,1344.0460776687614,977874
2025-11-28,1327.2828369140625,1336.4627344940843,1317.2050104665004,1336.4627344940843,655737
2025-12-01,1362.1063232421875,1365.9977949367153,1323.4912407257962,1323.4912407257962,939714
2025-12-02,1383.5592041015625,1399.7237510768907,1351.2302319535218,1371.98466690853,2136679
2025-12-03,1374.1798095703125,1386.7522757420545,1358.5142877314013,1370.9868757568458,628631
2025-12-04,1393.1380615234375,1397.9275837648752,1368.292765078484,1368.3925214163035,1390101
2025-12-05,1385.654541015625,1395.7324892219845,1379.1687954742638,1393.8366315493718,437945
2025-12-08,1369.0909423828125,1387.9495187959906,1358.613969020226,1383.6589000312204,668131
2025-12-09,1373.2818603515625,1376.7741849470044,1341.35203547895,1348.6359536964453,836641
2025-12-10,1339.8553466796875,1375.9759129319073,1334.5669206283003,1362.5055178451917,550667
2025-12-11,1340.5537109375,1353.9243491622299,1323.0920883536471,1337.0613864207294,986073
2025-12-12,1374.6787109375,1376.8739595081092,1340.5537588743978,1340.7532715614452,594311
2025-12-15,1358.614013671875,1368.691840210388,1342.3498323322276,1359.6118206915814,932411
2025-12-16,1343.9462890625,1362.2060843037814,1339.057010342307,1349.5339839701717,673471
2025-12-17,1335.2652587890625,1363.0043416969106,1332.072325157669,1337.061360083353,336409
2025-12-18,1330.775146484375,1344.9440789585472,1322.4934214702648,1335.2652779820314,429181
2025-12-19,1337.8597412109375,1342.1502384438852,1319.699579821404,1330.9748482061864,1059063
2025-12-22,1342.649169921875,1356.418956218055,1337.0614746866936,1342.250022733086,388453
2025-12-23,1362.605224609375,1366.2971836174138,1330.6754003804376,1345.8421399707508,484906
2025-12-24,1363.802734375,1385.9540023217294,1359.0132117798385,1362.6052928249,560418
2025-12-26,1362.804931640625,1370.986900813808,1356.518698439863,1361.5077337412235,371678
2025-12-29,1356.5186767578125,1374.4792035556356,1347.0395098367392,1362.8049098580977,327396
2025-12-30,1332.0723876953125,1356.1195128055435,1327.0833525354049,1356.1195128055435,443272
2025-12-31,1330.6754150390625,1344.3454442692323,1328.3805319788953,1333.569079752209,808514
2026-01-01,1337.95947265625,1345.0438782180922,1326.1853009656386,1337.660081825808,249766
2026-01-02,1364.7005615234375,1370.4878907441657,1332.4714690636592,1342.0503917370972,323120
2026-01-05,1340.25439453125,1367.89372318019,1330.775227459409,1366.9956724654915,664124
2026-01-06,1332.8707275390625,1354.0241886180906,1322.8926568786492,1344.0461179576773,701865
2026-01-07,1356.4189453125,1385.654619166262,1336.0636568741327,1337.161220282512,2475123
2026-01-08,1334.4671630859375,1365.0000342278797,1330.0767877381313,1363.0044201427513,1070292
2026-01-09,1317.4046630859375,1340.7532500156838,1311.118430110935,1334.4671388432964,420573
2026-01-12,1310.0208740234375,1324.6885886431214,1295.0537685737127,1318.2028429482407,562354
2026-01-13,1329.4781494140625,1332.07242340624,1302.836627864366,1315.7083632825234,680921
2026-01-14,1302.9365234375,1329.4781671941896,1299.2445641892473,1318.1031422120022,1122841
2026-01-15,1302.9365234375,1302.9365234375,1302.9365234375,1302.9365234375,0
2026-01-16,1326.185302734375,1329.478114663166,1301.1403705753874,1304.034035330595,768381
2026-01-19,1314.510986328125,1321.99453894294,1302.5373021444213,1317.604163715059,590870
2026-01-20,1301.739013671875,1321.2960068994519,1296.4507095484985,1308.2247593005816,965514
2026-01-21,1329.97705078125,1339.256583330793,1266.1173991262674,1287.1711036707457,2016669
2026-01-22,1316.6063232421875,1384.9561020539265,1292.858468160276,1357.0175063352594,1290603
2026-01-23,1298.0472412109375,1327.781818803623,1293.7566220905835,1322.2938799207902,458295
2026-01-27,1276.1951904296875,1311.0186801115524,1257.6360040458853,1298.0471887311098,1843448
2026-01-28,1297.04931640625,1302.337620313562,1262.2258284774568,1277.1929331629601,1272598
2026-01-29,1265.5186767578125,1298.9452115202755,1258.2346368795738,1297.0493538448668,1625728
2026-01-30,1246.66015625,1256.0395669077554,1239.4758723875707,1252.9462676016797,2685297
2026-02-02,1234.586669921875,1255.0417137549123,1208.344296673567,1247.25877030715,2434794
2026-02-03,1247.9571533203125,1302.7367814163993,1243.965925361437,1262.2258419943364,2093182
2026-02-04,1185.394775390625,1228.4002348847612,1159.4517920908302,1228.4002348847612,4194622
2026-02-05,1163.4429931640625,1187.3903618055183,1149.074547618666,1185.3947477520637,1433736
2026-02-06,1127.921142578125,1167.3345220629049,1116.1469703654207,1163.4430501076808,4100917
2026-02-09,1174.71826171875,1181.802667250594,1128.519747643254,1137.300498202727,1385586
2026-02-10,1191.6810302734375,1202.1580044895475,1168.0329296755028,1178.6096602379087,1984470
2026-02-11,1169.1304931640625,1201.858613724175,1164.4408486642692,1201.858613724175,1456481
2026-02-12,1146.7796630859375,1158.9528600755427,1126.2247409193026,1158.453956562811,1776803
2026-02-13,1138.5975341796875,1177.3124941892784,1101.7784318153674,1136.3026511797168,3638049
2026-02-16,1122.732421875,1149.3739426680115,1114.15130577416,1119.539488098795,1106994
2026-02-17,1127.2225341796875,1140.4934161773372,1113.0537233121781,1121.7345956066556,999467
2026-02-18,1116.845458984375,1132.5109806565513,1093.8958972618193,1132.5109806565513,2108227
2026-02-19,1092.0,1126.025194178683,1087.6096248602255,1116.8454185431092,1363289
2026-02-20,1074.800048828125,1098.800048828125,1065.0,1094.4000244140625,1770081
