Price,Close,High,Low,Open,Volume
Ticker,NTPC.NS,NTPC.NS,NTPC.NS,NTPC.NS,NTPC.NS
Date,,,,,
2021-02-12,79.97193145751953,81.5972116803916,79.0134402017478,81.51386544409539,21660998
2021-02-15,79.34683227539062,80.59704500888256,79.18013978782268,80.38867621996724,12574055
2021-02-16,81.68055725097656,82.63905485784659,79.59686956600267,79.88858457011699,32865663
2021-02-17,82.8057632446289,83.47254597554253,80.84709771607332,81.55555039334942,28774857
2021-02-18,86.18132781982422,86.88978039297285,82.97244991162603,83.09746609125014,50705280
2021-02-19,86.84811401367188,88.97347833478868,84.51438724974544,86.38970646523279,61069583
2021-02-22,85.0561294555664,88.59839833725195,84.51436941364429,86.93144827528228,30636415
2021-02-23,86.18132781982422,86.80643415358662,83.80592502330921,85.13948393022024,31233104
2021-02-24,86.01463317871094,87.26484590723238,85.0978117829107,87.09815342032717,16153025
2021-02-25,90.01531219482422,91.84895489967312,85.84793663024902,86.34802042621595,68361756
2021-02-26,89.43187713623047,92.47405604037202,87.34818947097729,89.26517830766414,67331805
2021-03-01,90.390380859375,91.51557744114619,89.30686693914002,91.26553234321682,27205189
2021-03-02,93.8076400756836,94.7661315070968,89.93197896805633,90.39038653114278,53649872
2021-03-03,93.9326400756836,95.59959025526209,93.34921005639524,95.39122148281477,31702057
2021-03-04,92.34904479980469,94.18268749959546,92.09899972305574,92.93247483367163,28057179
2021-03-05,90.59873962402344,93.6409249704301,90.34870091268813,92.51573487214553,24778407
2021-03-08,92.14068603515625,94.43274283842968,91.26553453034194,92.22403228349306,28163362
2021-03-09,91.26553344726562,93.22419887503659,89.55690676153777,92.84913758251638,20611697
2021-03-10,91.39054107666016,92.18233983555518,90.8071047226601,91.97397107175017,13207045
2021-03-12,90.93213653564453,93.43256195656369,90.51539896549134,92.5157405740088,21763020
2021-03-15,92.09900665283203,92.51574423949643,89.76527362394702,91.64059276393682,20350674
2021-03-16,91.30721282958984,92.89081065933392,91.09884402473811,92.14068804899674,15360040
2021-03-17,88.8067626953125,91.59890263900087,88.47337142765355,91.43220382571663,18850429
2021-03-18,86.51471710205078,90.22367871826764,86.01462695967118,89.51522616177694,20023557
2021-03-19,90.43204498291016,91.30719634888948,85.01445703462522,85.30617203698161,72249183
2021-03-22,91.55724334716797,92.14067976363653,89.05681791378746,90.68209826083121,31980425
2021-03-23,90.55707550048828,91.84895815596096,90.09866162856885,91.68226567103245,14060206
2021-03-24,88.34837341308594,91.18219043585398,88.01498205295242,90.01532385484228,15196366
2021-03-25,85.84795379638672,88.76511727490471,85.55623872031727,88.34837963511643,22543755
2021-03-26,86.84811401367188,88.1400031279054,86.43137641023024,88.1400031279054,17402475
2021-03-30,89.7652587890625,90.59873382464863,87.18148745052747,88.22333124501013,36129962
2021-03-31,88.8067626953125,90.8487738764956,88.4316951346051,89.76525384633139,23063667
2021-04-01,89.93196868896484,90.64042128469528,89.14016349228088,89.59857736188269,13753303
2021-04-05,88.5984115600586,89.84862429312295,86.47304737028486,89.5152329591903,15666099
2021-04-06,88.3900375366211,90.0986576886088,88.18166876011695,89.80694267328509,17393454
2021-04-07,87.88995361328125,89.47355769870029,87.7232611238312,89.09849641798222,15692013
2021-04-08,87.51487731933594,88.72341355780095,87.26483226914534,88.34835234142484,11394998
2021-04-09,85.6812515258789,88.30669327040661,85.34786018023556,88.30669327040661,19751417
2021-04-12,82.55570983886719,84.597721256671,81.72223475259456,84.597721256671,20221362
2021-04-13,83.84760284423828,84.30601674231374,82.72241260949338,83.0141276542182,19192856
2021-04-15,84.47270202636719,85.84793724429578,82.76408184801635,84.34767948675359,13865351
2021-04-16,85.3895263671875,85.76459399912582,83.76425237218697,84.93111885114386,14654851
2021-04-19,82.55570983886719,83.68089993355316,82.22231853257608,83.34750862726207,11652043
2021-04-20,82.55570983886719,84.09763747668948,81.80558098943978,82.68072601467986,16528675
2021-04-22,82.47235870361328,83.13914132800353,80.88876109877961,81.72223619981223,18614270
2021-04-23,85.47288513183594,85.847946431906,81.68057039152221,81.68057039152221,29484794
2021-04-26,85.34784698486328,86.63972950599457,84.05595810482197,86.63972950599457,24369413
2021-04-27,85.0561294555664,86.30634200204366,84.76440810759384,85.0561294555664,17763436
2021-04-28,86.3480224609375,86.6397374855497,85.1394860622967,85.7229161115211,15160578
2021-04-29,85.88961791992188,87.51489194097566,85.55622658360267,87.18150060465645,11588556
2021-04-30,85.3895263671875,88.0566506560762,85.0561413951233,85.2228338811554,15321193
2021-05-03,86.88976287841797,87.18147783692339,84.22264560221245,84.51436056071788,12186212
2021-05-04,86.47303771972656,88.39003290671586,86.26466895413685,86.93145154758794,12992684
2021-05-05,86.59806060791016,88.05664197305187,85.68123930731738,87.30651314205411,14956169
2021-05-06,85.88961791992188,87.59823818532776,85.55622658360267,87.51489194097566,13547274
2021-05-07,87.55657196044922,87.93163325541498,86.13966031065512,86.6814204603143,13229291
2021-05-10,89.7652587890625,90.01530384330229,88.0149624861136,88.34835377213003,23980945
2021-05-11,93.9326400756836,94.51607645388223,88.93178953694813,90.01530969723827,45613487
2021-05-12,94.4327392578125,97.30822604932455,93.14085020138774,95.18286182331241,62158914
2021-05-14,92.84913635253906,94.97449424685072,91.80729237721638,94.97449424685072,16227312
2021-05-17,92.9741439819336,93.55757397092773,91.64057882038706,92.68242262852657,12832920
2021-05-18,93.43257141113281,95.182868111109,93.14085635428867,93.84930902345626,14892142
2021-05-19,93.30754089355469,94.3077148931311,92.47406574002973,94.3077148931311,12610425
2021-05-20,93.14083862304688,93.97431368902492,92.43238608874756,93.34920738954139,10303689
2021-05-21,94.05766296386719,94.30770803530632,92.72410408698254,93.5992554781092,12171685
2021-05-24,94.0993423461914,94.9744874070907,93.39088976577469,93.64092848649855,11341268
2021-05-25,94.4327392578125,95.72462195532637,94.22437046541566,94.93282308778274,15289982
2021-05-26,92.59908294677734,95.01616202444443,92.432390469246,95.01616202444443,17466748
2021-05-27,91.93231201171875,93.05750219761572,91.09883685788235,93.01582589635959,34169451
2021-05-28,90.80712127685547,92.5157479951043,90.30703742433985,91.93231789365461,13383166
2021-05-31,92.09900665283203,92.80745927837931,89.84862622840865,90.80711759060802,14754293
2021-06-01,91.84896087646484,92.89080483540347,91.26553080302357,92.47406725182802,10271211
2021-06-02,92.64078521728516,92.80747774154844,91.72396361601268,91.76563356762242,6492771
2021-06-03,93.1825180053711,93.51590295567328,92.05732154191512,93.01581917130969,12140851
2021-06-04,93.14083862304688,94.18268245551944,92.55740862042629,92.93246985655236,8930671
2021-06-07,97.0165023803711,97.30821739199114,93.34921068867672,93.47423322477398,28407410
2021-06-08,96.84981536865234,98.76681086572883,96.68312287278096,97.93333566854967,43191813
2021-06-09,98.43341064453125,100.85048977031258,96.51642167911956,97.09985172100343,49807823
2021-06-10,98.76679992675781,99.9336663453539,97.76663234448138,99.47525249411281,22144392
2021-06-11,99.01683807373047,99.64194435864314,97.97499426554269,99.10018430660351,13871562
2021-06-14,98.5167465209961,99.10018286041301,96.89147274750512,99.01683662875627,14179055
2021-06-15,98.18338775634766,99.14187921416492,98.01668888970566,98.51677277180849,8148417
2021-06-16,99.85031127929688,100.51708748889743,97.39155612196089,98.18336121693072,21585917
2021-06-17,97.84998321533203,100.51710113360215,97.47491558504014,98.5167595154442,14466025
2021-06-18,94.64109802246094,98.47508212454878,94.09933794784945,97.84997581359173,43927941
2021-06-21,98.35005187988281,98.72511309348798,94.22435309458722,94.39104555420957,34597018
2021-06-22,98.60010528564453,99.10018906580879,97.47490883163712,98.76679775939586,16712010
2021-06-23,97.7249526977539,99.05851154807341,97.47490763129579,99.05851154807341,12590251
2021-06-24,98.35005187988281,98.76678938784842,96.43305679967715,97.68326932357395,14046692
2021-06-25,96.72477722167969,99.26687218072642,96.43305588175281,99.26687218072642,12768348
2021-06-28,96.80813598632812,98.22504113983435,96.68311344715747,97.43324232327096,10709748
2021-06-29,98.01668548583984,98.80849076734091,96.18304252883662,96.89149520045554,33488455
2021-06-30,97.0165023803711,98.72512251066586,96.80813360651244,98.22503872518715,16739618
2021-07-01,97.80831146240234,98.18337911013397,96.43307613854171,97.34990392705613,12479506
2021-07-02,97.93333435058594,99.22522343239213,97.51659675760472,97.97501065344848,17215972
2021-07-05,98.85014343261719,99.2668809735295,97.72495334393601,98.26671341890406,16409169
2021-07-06,98.058349609375,99.14186345521753,97.55826580676225,98.43341087160692,14979094
2021-07-07,97.89163970947266,98.51674598184198,97.39155596335915,97.55825478467021,14545289
2021-07-08,97.89163970947266,98.93348349675486,97.68327095201622,97.80829347827205,12037089
2021-07-09,98.18338775634766,98.68347163845048,96.89149856524641,97.51660500760283,9585144
2021-07-12,98.22504425048828,98.97517315035734,97.6416141944294,98.35006679361824,7651672
2021-07-13,99.93366241455078,101.68395879414335,98.43340474123707,98.47508103840528,30663035
2021-07-14,100.64212799072266,100.80882048316775,99.85032911324203,99.97534530312035,9539611
2021-07-15,100.26705932617188,101.01718184589589,99.35023160844605,100.64212058603388,11278872
2021-07-16,99.26689147949219,100.68380308389973,98.60011515881001,100.14204295159423,17198632
2021-07-19,101.18388366699219,101.55894493790768,98.76680447967372,99.26688829386462,14364285
2021-07-20,98.72512817382812,101.68396747591281,98.51675938801682,101.68396747591281,11360716
2021-07-22,99.3502426147461,99.76698022027591,98.80848881468629,98.97518131333374,9520328
2021-07-23,98.76679992675781,100.10035882276317,98.60010744934854,99.51692879292033,10442400
2021-07-26,99.47525787353516,100.01701799277818,98.39174399395984,98.5167601793222,5370055
2021-07-27,99.05852508544922,99.6836314781116,98.51676494002628,99.43359273639328,5280342
2021-07-28,97.34990692138672,99.64196374535086,96.51643171267249,99.64196374535086,11010096
2021-07-29,97.30821990966797,98.55843258516691,96.05800723416901,98.1000187272531,11897018
2021-07-30,98.5167465209961,99.97532783117359,96.89147274750512,97.47490272801217,14546264
2021-08-02,98.14167785644531,98.97515282762532,97.51657162806032,98.85013031016643,11742555
2021-08-03,98.058349609375,98.76680219298561,97.09985194500273,98.76680219298561,21122697
2021-08-04,98.22504425048828,99.05851939280707,97.14153038082026,98.39174309429845,9432176
2021-08-05,97.09984588623047,98.18336602337479,96.64143205307475,97.55825971938617,11045322
2021-08-06,98.058349609375,98.93349467421967,97.05817564523893,97.09985194500273,8434733
2021-08-09,97.26654052734375,99.26688201652237,97.1415243508847,98.76679823395529,7816050
2021-08-10,95.30789184570312,97.6832949935521,94.72446172479685,97.43325623841143,9774255
2021-08-11,97.47491455078125,97.76663593532764,95.47457931275859,95.59959549595203,8056886
2021-08-12,99.3085708618164,99.51693966078835,97.09986032093146,97.47492161551654,8640167
2021-08-13,98.55843353271484,99.55860113916548,97.6832821078876,99.55860113916548,9744939
2021-08-16,99.05852508544922,99.51693898363271,98.43341869278684,98.55844124310153,8768804
2021-08-17,97.84998321533203,99.60027974662871,96.8498092267977,99.47525720319808,8758578
2021-08-18,97.14153289794922,99.10019826136914,96.7664652588406,97.84998551549546,9357721
2021-08-20,95.14118957519531,97.51659247918826,94.55775315527254,96.93316241817622,11684504
2021-08-23,94.51608276367188,96.47474808365287,93.51590877380809,96.26637929729509,6271685
2021-08-24,94.9744873046875,96.93315892225375,94.72444858423324,95.18285608452132,11791078
2021-08-25,95.01617431640625,96.0580183330335,94.84948181731038,95.59960442215302,9491958
2021-08-26,93.97431945800781,95.43290091301014,93.30753682072826,95.09950959437037,11668986
2021-08-27,94.51608276367188,95.09951282190937,93.43256253104713,93.93264634652365,8095717
2021-08-30,95.80796813964844,96.26638202619468,94.39106289581426,94.39106289581426,9915170
2021-08-31,96.64143371582031,96.97482502213236,95.59958985791405,96.05800369895691,11386659
2021-09-01,96.18303680419922,97.2665507201537,95.6412766667665,96.68312063917136,7508413
2021-09-02,97.09984588623047,97.26653835706337,95.84963327825325,95.9329795136697,5700524
2021-09-03,97.51658630371094,98.26671516244463,97.09984875540448,97.51658630371094,9364904
2021-09-06,97.05817413330078,98.05834808185648,96.59976663759272,98.05834808185648,7005043
2021-09-07,96.55809783935547,97.43324931746189,96.05801400568507,97.26655046696445,7723357
2021-09-08,97.71472930908203,98.18594940885768,96.3010559364679,97.54337119736432,10508654
2021-09-09,98.14311981201172,98.31447139586547,97.24350765516976,97.62905198716264,5757417
2021-09-13,98.5286636352539,98.95704912932023,97.80040960266993,98.22879509673625,6322443
2021-09-14,99.29975891113281,99.51395165833688,98.35731213076372,98.74285646107347,7369292
2021-09-15,106.41097259521484,106.96787514156492,99.38545188683777,99.38545188683777,48721413
2021-09-16,106.23961639404297,107.6961246493034,105.38284529409101,106.66800194401895,17684303
2021-09-17,106.02542114257812,106.83935105386331,104.1405273813679,106.36813088188305,15763396
2021-09-20,105.12580871582031,106.19677256393032,104.35471997449677,104.95445711478055,7431359
2021-09-21,106.32527923583984,107.43908414466438,104.61173724481375,104.78309536590272,8629222
2021-09-22,106.58232116699219,108.80992461557265,106.23961143567723,106.75367276432743,11698183
2021-09-23,108.12449645996094,108.80991586748455,106.79650534576932,106.92502230176049,11053966
2021-09-24,106.45381164550781,108.55289827456409,106.19677769488484,108.38154666524537,8598140
2021-09-27,108.6814193725586,109.4953558893103,106.66800847178564,107.35342800835076,8490460
2021-09-28,113.05093383789062,114.5074419619168,109.10978844054556,109.23830540128766,35900138
2021-09-29,120.50482177734375,123.58920224465314,111.89428469657072,112.57969095749598,75859390
2021-09-30,121.5329818725586,122.68961497654692,119.17686142300681,121.44729953598653,34614825
2021-10-01,119.86225128173828,123.6748924871457,117.97735779686523,120.76186339844438,22452069
2021-10-04,124.7030258178711,127.95875834096032,120.3763295091136,122.90380142863305,58612212
2021-10-05,124.57449340820312,126.67359273658495,123.54637086216583,124.70301689726246,24390676
2021-10-06,122.77527618408203,126.20235988455445,122.34689072152297,125.47409936888933,14421296
2021-10-07,122.34688568115234,124.78867487317154,121.87565907709332,123.54635969758777,10035682
2021-10-08,120.8904037475586,123.28935229566778,120.20498427383207,122.98949026379869,10686586
2021-10-11,124.06044006347656,125.73114085368918,121.19025206169229,121.66147871362088,17449923
2021-10-12,123.84623718261719,125.30274510940251,123.20365900256897,125.08855238271977,16030831
2021-10-13,125.3884506225586,126.15953935193053,123.97477052099143,124.66018998781591,19100941
2021-10-14,128.00157165527344,129.0297072294418,125.81681624338287,126.37371211831834,29263867
2021-10-18,128.13011169433594,129.97216420170594,127.40185108074951,129.5866198482202,25346029
2021-10-19,128.21578979492188,130.31488944706754,126.88780504949352,129.3295948387913,20234486
2021-10-20,125.30276489257812,129.07255224806505,124.48883501733535,129.07255224806505,16129487
2021-10-21,126.71641540527344,127.27332435413052,125.00287354408901,126.54506383381238,20818539
2021-10-22,124.14610290527344,126.88778034824172,123.37501429524295,126.67358761509026,11379569
2021-10-25,123.28936767578125,125.3027851797812,122.6467892902439,123.97478723501256,14079380
2021-10-26,122.68959045410156,124.78867654767373,122.04701227811294,124.48881457618425,16224116
2021-10-27,121.06175231933594,123.84625823964878,120.67620796041192,123.37503154616886,15072448
2021-10-28,117.677490234375,121.53295934629908,116.77787816026873,121.06173272907326,19999659
2021-10-29,113.65067291259766,117.29194982253458,110.1379195022787,112.23700592981993,29217522
2021-11-01,115.06436920166016,115.92114036016352,112.15133941877448,114.12191569799029,10043407
2021-11-02,117.07776641845703,120.63337435272172,115.66409932271742,115.66409932271742,21525811
2021-11-03,117.1634292602539,119.04832276532262,116.13530671869708,118.19155180181072,9808728
2021-11-04,117.50613403320312,118.49142849877171,117.33478245280045,118.49142849877171,1026849
2021-11-08,120.20497131347656,120.46200522257206,116.99208013300206,118.83413251382571,12765483
2021-11-09,118.66278076171875,121.14741137506783,118.27723643527322,120.59051546723403,9556650
2021-11-10,117.7203369140625,118.44859753509466,117.163440961477,118.40575636798299,5479056
2021-11-11,117.07776641845703,118.02021986447649,115.10720333307202,117.80602708795293,11418813
2021-11-12,116.90640258789062,118.40575186678002,115.36421214351816,118.40575186678002,9306659
2021-11-15,117.50613403320312,117.93451952085357,116.52085264092213,117.6346575234708,3991733
2021-11-16,115.06436920166016,118.06306825642193,114.80733523945106,117.97738591125544,5762128
2021-11-17,116.90640258789062,118.23440027813602,114.8073162121031,114.8073162121031,15264066
2021-11-18,115.92112731933594,117.89170337686703,115.44990062051279,117.0349323147482,9942974
2021-11-22,111.50874328613281,117.29194768474422,111.12319894088304,115.66408797222817,15990636
2021-11-23,114.37892150878906,114.59311424569691,109.79519170964632,111.42306435411824,11510010
2021-11-24,115.96397399902344,117.63467503490806,114.42178339924936,115.23571333229165,7570759
2021-11-25,115.83543395996094,117.12059043083319,113.35080334558967,116.09246786879292,13919886
2021-11-26,110.39494323730469,114.85014960705969,109.66668269323003,114.12188906298503,13323593
2021-11-29,108.38153839111328,110.82334112568314,107.139222976782,109.4953433765888,16077669
2021-11-30,109.02410888671875,110.90900245713608,106.83934023936072,109.49533554764506,22883512
2021-12-01,109.40966033935547,113.90770834647034,107.82463520608195,111.380236366654,17010938
2021-12-02,110.26643371582031,111.63727265243011,108.46721578232555,109.40966264876143,12916313
2021-12-03,108.80992126464844,111.59442712378313,108.29585995182933,110.26642940707659,12827354
2021-12-06,106.53946685791016,109.32397245933376,106.2395983312394,108.80991119409198,8158812
2021-12-07,107.396240234375,108.29585237132042,106.2396007273336,107.18204749097312,8701301
2021-12-08,109.02410888671875,109.36681859133388,106.9678571956719,106.9678571956719,12093435
2021-12-09,107.99597930908203,109.36681150203957,107.65326962668178,109.0241018196393,11518172
2021-12-10,108.0816650390625,108.55288517615216,106.58231576018392,108.03882387357976,8389566
2021-12-13,107.78179168701172,110.18075304095852,107.52475777885891,109.3239755259971,13223189
2021-12-14,108.2530288696289,109.19547578703008,107.09638917387997,107.09638917387997,11649242
2021-12-15,108.55288696289062,110.05223626644792,107.86747406039382,108.08166681804487,11916145
2021-12-16,109.15263366699219,109.8380465887083,108.1673456468406,109.28115063251533,10758513
2021-12-17,107.56759643554688,109.40964876668525,106.32527462395264,109.15262140116633,13041775
2021-12-20,104.3118667602539,107.48191676993264,102.04142235711674,106.66798695401734,14185935
2021-12-21,104.69742584228516,106.83935359304094,103.54078616420597,105.85407205700908,10168470
2021-12-22,104.9972915649414,106.15393113956185,104.22619633631307,105.42567707677448,7885198
2021-12-23,106.71083068847656,107.43908473131032,105.21148143814189,105.46850881621287,9836979
2021-12-24,103.88348388671875,107.09637514094716,103.5836153436529,106.92502355537924,8509575
2021-12-27,104.39754486083984,104.65457877504976,103.32658111270517,103.883483569064,5097217
2021-12-28,106.32527923583984,106.75366473359635,104.48322028815801,104.52606145259124,6511374
2021-12-29,105.51136016845703,106.882192593794,104.69742371769989,106.75367562402765,8960770
2021-12-30,108.72425842285156,109.53818838707257,104.74027133469372,105.59704247035583,32394253
2021-12-31,106.58232116699219,108.63857301823741,106.23961143567723,108.63857301823741,9155163
2022-01-03,107.95314025878906,108.42436689838568,106.83933540336633,107.43907899345689,9034081
2022-01-04,113.8648681640625,114.20758443058922,108.595731396619,108.8099241607149,33986738
2022-01-05,113.09376525878906,113.82202579469462,111.97996041052234,113.60783305746207,16122852
2022-01-06,112.15132141113281,113.39364985011981,110.78049562160909,113.39364985011981,8037648
2022-01-07,112.53687286376953,113.26512034898835,110.90900016631038,112.49403170033604,8820039
2022-01-10,112.96526336669922,113.35080770814187,112.02281002247213,113.05093262408192,7324926
2022-01-11,113.35081481933594,114.80732301909954,112.23700981717941,113.22229131526653,11971883
2022-01-12,114.67880249023438,114.97866449341387,113.39364600243924,114.25041699430267,10439580
2022-01-13,115.6212387084961,117.07774672925441,114.3789234282401,115.1500120647335,15114699
2022-01-14,115.96397399902344,116.64938042266567,114.20759062353879,115.15003099269161,9344382
2022-01-17,117.03492736816406,117.67750563759405,115.19286181849175,115.3642134090154,9803141
2022-01-18,115.66409301757812,118.02021343089916,115.1500251526289,117.03493194191682,6473378
2022-01-19,115.49273681640625,115.92112232902402,113.9077051904052,114.89299971339906,21136414
2022-01-20,115.57839965820312,116.82072803445296,114.93582142495154,115.23569649645067,8466412
2022-01-21,114.89299774169922,116.60653976276386,113.5650000607165,114.85015657651498,12437749
2022-01-24,113.60785675048828,115.87829500934055,112.23701771699528,113.95055997221658,14284658
2022-01-25,115.92112731933594,116.22098934710418,112.2798503053309,112.40836073533316,10007486
2022-01-27,115.66409301757812,116.5208640769676,114.07906132839207,114.97867355540878,18760325
2022-01-28,120.07646179199219,123.37503568368415,118.23440919686396,119.94795135913736,34009553
2022-01-31,121.70433807373047,122.86097122144803,118.70563920638268,121.66149690382473,27928927
2022-02-01,120.93324279785156,123.50355625220158,120.33350560649463,123.37504580880018,17413984
2022-02-02,120.93324279785156,122.30408186948767,120.59053956658768,121.66150350590019,10783943
2022-02-03,120.49235534667969,122.21179606584988,120.18374778638355,121.24185583732176,9571728
2022-02-04,118.33204650878906,121.19776305051064,118.06751613710004,120.80097422026392,7213085
2022-02-07,119.16971588134766,120.22783737764307,118.3320475755919,118.3320475755919,10562489
2022-02-08,119.0374526977539,119.61059060669159,117.09758578914959,119.43424151583179,8721631
2022-02-09,119.08152770996094,119.56649773712458,118.02341984905844,119.30196740825609,5144026
2022-02-10,120.31598663330078,120.6686982291635,118.42021057836094,119.16969749224735,6081460
2022-02-11,120.9332275390625,121.41819762411848,118.55248120419213,118.55248120419213,8426925
2022-02-14,116.83305358886719,120.31599853324335,116.21582505327456,118.77292046697528,7705072
2022-02-15,119.3460693359375,119.7428581395139,115.20179185204063,116.48035298683627,12674466
2022-02-16,117.45027923583984,120.53643529247378,117.14167170292005,118.94926662957609,12946623
2022-02-17,117.0534896850586,118.94926586875029,116.78895933383886,118.5965677035057,5811964
2022-02-18,116.70079803466797,118.24387613925784,116.3039957584005,117.05349621960204,6760078
2022-02-21,116.34808349609375,118.28795037404174,115.64267368922913,116.74487230790105,12212740
2022-02-22,116.48036193847656,116.83306013441133,112.7769703355797,115.55451235593063,13578566
2022-02-23,114.80500030517578,117.67071658580015,114.49639277846735,116.39216893612837,9263264
2022-02-24,109.69081115722656,113.746900849825,109.0294919662392,111.98338300719205,18045779
2022-02-25,114.9372787475586,115.5104166544729,110.21986321991689,110.21986321991689,10424521
2022-02-28,117.71480560302734,118.11159439167368,113.57054172964045,113.70280017433183,13262687
2022-03-02,115.46632385253906,119.03745004479757,115.0254444079287,117.09758317942656,12587947
2022-03-03,116.48036193847656,117.6707284406867,114.84910250948735,116.48036193847656,15628119
2022-03-04,114.80500030517578,117.5825487729859,114.40821151108072,116.39216893612837,15883138
2022-03-07,114.6727523803711,115.06954121087318,111.8952103849961,113.7469028061505,14985637
2022-03-08,117.93525695800781,119.74286545650321,115.06954043379454,115.06954043379454,28572640
2022-03-09,115.95130157470703,118.1116083047659,115.59860337760207,118.1116083047659,14286413
2022-03-10,117.2298355102539,119.03744382969332,116.34807666707098,117.18574487718031,13101323
2022-03-11,116.34808349609375,117.62663120283858,115.95129468428645,117.18575175536982,8669803
2022-03-14,116.5244369506836,117.18575614666834,115.28997983334145,116.34808785600235,5670284
2022-03-15,115.55450439453125,117.22984089165575,115.20179276832366,115.7749441154462,6895190
2022-03-16,117.0534896850586,117.27392940197961,115.99538173475224,116.74486869954015,5561866
2022-03-17,117.18576049804688,118.42023111580126,116.30400153732546,117.71482125630932,13995384
2022-03-21,117.18576049804688,117.62663997840758,116.12765243609597,117.18576049804688,9172207
2022-03-22,117.14168548583984,118.287961392374,116.17174522923098,117.53847433460737,10343712
2022-03-23,117.67072296142578,117.93525332334605,116.56852433223563,117.1857528736675,11892811
2022-03-24,119.39015197753906,119.65468234354833,117.58255696138453,117.7148154171025,11276181
2022-03-25,118.8170166015625,120.05147372987916,118.33204649594752,119.9192152713358,7266868
2022-03-28,118.86109924316406,119.47832776579978,117.97934036666369,119.47832776579978,7778682
2022-03-29,118.46430206298828,119.3019702455172,118.06749983296302,119.0374399103576,5116935
2022-03-30,119.3019790649414,119.87511695468007,117.67071975634255,119.03744871022636,24047012
2022-03-31,119.0374526977539,119.56651342490653,118.42022415245798,118.42022415245798,11615450
2022-04-01,126.04743194580078,126.48831139538706,120.62462009771885,121.68272808581129,32589741
2022-04-04,127.2378158569336,128.73680334191795,124.76888817042047,125.07750917669966,15437496
2022-04-05,131.47027587890625,132.79291441509415,127.63461874213138,128.20775672598282,23958626
2022-04-06,134.90911865234375,136.93716691777087,130.76485429968977,132.57246282875684,52737388
2022-04-07,135.34999084472656,139.31790588577718,134.20370158639733,134.86502075990578,37738903
2022-04-08,134.07142639160156,136.58443086438297,133.32192604005527,136.58443086438297,17585569
2022-04-11,134.997314453125,136.31995301358836,133.89511565273884,134.42416300417906,15583159
2022-04-12,134.556396484375,135.4381552727272,133.01331860475864,134.6445642904674,11306524
2022-04-13,135.74679565429688,137.73075340861143,134.68868754291069,134.9532179344009,19454061
2022-04-18,143.90306091308594,144.38803103648974,136.23176058099335,136.58445878642843,82098517
2022-04-19,141.65455627441406,146.68059256835895,140.64053896153607,145.40203145050515,38522118
2022-04-20,141.5222930908203,143.90303925563933,140.19965483763508,142.97718978749526,20047692
2022-04-21,143.46218872070312,144.07941733887318,141.3900631129483,142.49226187917154,21966151
2022-04-22,141.4782257080078,143.72671379884324,140.9491783925358,142.18363558321147,9922564
2022-04-25,137.64254760742188,141.87497888529526,137.02530571270867,139.84694450405215,12008027
2022-04-26,138.4361572265625,139.71470503232612,137.55439826333597,138.965217986328,11735823
2022-04-27,137.2457733154297,140.72873188412666,136.84898448425147,138.25980416685584,17873048
2022-04-28,140.81690979003906,141.16962146323706,136.89308492591175,139.31792217902773,29123808
2022-04-29,137.7307586669922,141.9632047287008,137.2898791492012,141.43414392552154,28941216
2022-05-02,138.8770294189453,139.62652988017848,134.90911429268974,136.31993394163214,13368198
2022-05-04,139.89102172851562,142.75673769516308,138.70065547665078,139.3178839170145,24511385
2022-05-05,139.6706085205078,141.74274737879233,138.4361514057256,140.72872999554792,33396072
2022-05-06,140.19964599609375,141.39002573071926,137.59846028645154,137.95115841656292,22604305
2022-05-09,140.19964599609375,140.90505571088772,137.51027902663807,140.15555536618703,22958742
2022-05-10,137.0694122314453,142.18361631541023,136.23174400453257,140.15556824449297,20322427
2022-05-11,134.5123291015625,138.39206305901098,132.30793174970003,135.83496751267998,13794764
2022-05-12,130.98529052734375,134.9091150385301,130.50032042942783,133.2337784689006,11818556
2022-05-13,127.10553741455078,132.2638322542975,126.53239952327795,132.2638322542975,22913410
2022-05-16,130.7207489013672,131.29388676935878,124.90113513674555,126.44421311703151,16286682
2022-05-17,132.70472717285156,132.92516691898587,129.00134212871012,130.0594502192399,13925542
2022-05-18,130.94119262695312,133.05740854010514,129.7949034012572,132.70471037277068,17611218
2022-05-19,130.5003204345703,130.98529053250536,128.5163628603961,130.0594409736427,11701170
2022-05-20,131.91114807128906,133.10151461506038,130.19170730599572,133.10151461506038,17841739
2022-05-23,132.39608764648438,136.98124448904497,130.85300963916137,136.14356280712593,26055890
2022-05-24,129.53038024902344,133.89509767621328,129.0013329686122,132.39609674528126,16581141
2022-05-25,134.60049438476562,135.04137384682457,129.97126003314673,130.85301895726462,19926619
2022-05-26,135.92312622070312,136.76080792190533,132.7928929545917,135.04136733907788,22698086
2022-05-27,132.66064453125,136.6726508437061,131.82297613634879,136.6726508437061,10245727
2022-05-30,133.05743408203125,134.46825393133767,131.2057481662137,132.3079469689296,12513990
2022-05-31,137.5543975830078,139.31791550073868,132.5724648472477,133.23378406639677,124665699
2022-06-01,138.259765625,141.25773979658973,137.7747956533861,137.95114470090846,16084988
2022-06-02,140.24375915527344,140.4641988856481,136.0113136411653,137.11351229303858,17646975
2022-06-03,136.67263793945312,140.59646259583232,136.40810756220392,140.19967375724548,14063328
2022-06-06,136.84896850585938,139.89103379580106,136.31992127758414,137.37802918870665,18485464
2022-06-07,138.6565704345703,139.05335920117943,135.34997495520852,136.84896221493824,14911957
2022-06-08,138.48025512695312,140.86100176158612,137.642586758879,137.642586758879,16416591
2022-06-09,136.8048858642578,139.31790407271504,136.4080970562311,136.93715776998195,13821409
2022-06-10,136.89305114746094,138.08343088709347,135.79085266801277,135.87903392819715,7908849
2022-06-13,131.29388427734375,136.58443725219288,130.2798670056598,135.7908596877943,19208167
2022-06-14,133.49827575683594,134.42412517955734,131.2938787763428,131.2938787763428,17034328
2022-06-15,130.63255310058594,135.5263168416344,130.10350592466523,134.51229966352497,15172295
2022-06-16,126.04743194580078,132.3960933289285,125.20976368250147,132.35201614762832,18494040
2022-06-17,123.84300994873047,127.37004484056799,123.04943247989517,124.41616119139628,21387729
2022-06-20,121.02140808105469,124.68070210568362,119.03745057152919,123.8430338481319,16578770
2022-06-21,123.40214538574219,124.54843455396743,121.46227865351514,121.85906743551604,51398446
2022-06-22,121.37411499023438,123.40216328126355,120.4041882107501,123.40216328126355,8317317
2022-06-23,120.36009216308594,122.69674791116267,119.61059170185278,121.59454926498057,11257409
2022-06-24,120.44827270507812,121.59454852648706,118.99336242821002,121.59454852648706,21879039
2022-06-27,122.12359619140625,122.60856623181716,120.58051826118992,121.02139766982316,12872030
2022-06-28,122.21179962158203,122.82902821470633,120.93323834098439,122.12361834203246,14272044
2022-06-29,124.98931884765625,126.17969869470102,120.6246151661129,121.5063740292357,53487394
2022-06-30,126.00334167480469,126.92919121253152,124.46026359678433,125.47429440651298,19270932
2022-07-01,124.01937866210938,126.26786645300285,123.2258010674752,125.20975850863313,9592229
2022-07-04,124.68070983886719,125.386119688032,122.87311475951046,122.87311475951046,17526429
2022-07-05,124.19575500488281,127.19373008963738,123.62260360764438,124.68071166964165,11370649
2022-07-06,122.52039337158203,125.20976063961506,120.00738864275591,124.76888120074318,15929985
2022-07-07,123.84300994873047,125.87105770245111,123.00534185283313,123.44622121431283,18144208
2022-07-08,126.70875549316406,127.14963495796601,124.32800907414827,124.32800907414827,15375888
2022-07-11,127.6786880493164,129.61855488732786,126.6205800880895,126.97327825697423,16779135
2022-07-12,129.70675659179688,130.58851560750026,127.01738890298661,127.01738890298661,19138561
2022-07-13,131.0293731689453,131.690692319957,130.05943303229913,130.27987274930302,13644449
2022-07-14,130.7648468017578,131.64660569663874,129.618557547498,131.38207533725986,9775869
2022-07-15,132.04339599609375,132.39609417619062,130.63257636656,130.8971067289192,11518139
2022-07-18,132.08749389648438,133.63057206477373,131.64661441983029,133.49830014903318,8286352
2022-07-19,132.92515563964844,133.3219444581059,131.60251727507483,132.08748736633314,6798359
2022-07-20,132.74880981445312,134.24779730693274,132.39609816914563,134.1155388490509,7271345
2022-07-21,133.01333618164062,133.36603436175983,132.2638357306709,133.14559463554204,7521568
2022-07-22,131.3380126953125,133.49831975730945,130.63260273814032,133.14562150601128,6800124
2022-07-25,132.35202026367188,132.6606278152359,129.92718321553684,131.5584291569927,7996687
2022-07-26,132.26382446289062,133.1014926602412,131.5143240757721,132.26382446289062,5774871
2022-07-27,131.9993133544922,132.74881385080806,131.4261754134793,131.8670548925889,5403197
2022-07-28,132.57247924804688,133.10152660808998,131.42618978609033,132.30794884073762,6030744
2022-07-29,134.8650360107422,136.18767450732594,132.66063851643594,133.1015180152972,11771461
2022-08-01,137.99526977539062,139.05337777923936,133.14559575772512,134.82093230927117,14221965
2022-08-02,140.68463134765625,141.16960142033955,138.03935471982658,138.52432479250987,18278835
2022-08-03,140.77279663085938,141.91908583988533,138.6124901145638,141.12550824763713,10147608
2022-08-04,136.40811157226562,141.52231634932429,134.95321463648546,140.81690647411372,15754128
2022-08-05,137.20167541503906,138.56839079888485,134.90909714062465,136.14355408557296,33864055
2022-08-08,140.55235290527344,141.08141358805747,136.62852878077,137.11349883089335,16964235
2022-08-10,139.96823120117188,141.22636712016612,139.2942268775707,141.00169901229907,14055597
2022-08-11,138.08102416992188,140.9567871406696,137.36209713988904,140.3726417879503,15810624
2022-08-12,142.43959045410156,142.88892670159083,137.13742821878967,138.12595973567366,17998843
2022-08-16,142.6642608642578,143.6078697416389,141.0466476048409,142.8889289916031,8309725
2022-08-17,145.09066772460938,147.06774441860827,142.88892291282303,142.88892291282303,19674110
2022-08-18,144.5065460205078,146.16908197863802,143.69773251337412,145.09067768178107,9585888
2022-08-19,141.76556396484375,145.27038066338292,141.22635506692146,144.73118547811254,9599472
2022-08-22,140.64224243164062,142.84398725433363,140.19290619383986,141.3611831546526,11400211
2022-08-23,142.57437133789062,143.06864390237277,139.87835412724547,140.5972947926147,14362373
2022-08-24,144.5065460205078,146.483622850188,141.99026018607182,142.79905998055088,20602844
2022-08-25,142.79904174804688,145.53999536572522,142.3946419024409,145.0008001424682,12889454
2022-08-26,146.84307861328125,148.01135558670458,142.79905242942235,142.8889251630141,30724938
2022-08-29,144.64134216308594,146.84308713735376,144.41667402871872,145.40521930499636,10928330
2022-08-30,147.38226318359375,148.68533532896714,145.18051870173502,145.40518678585636,24663153
2022-09-01,144.41664123535156,147.60693076146296,144.05717778705093,145.13558184460436,14554158
2022-09-02,145.4052276611328,149.5391133434627,144.91095499458916,146.48363202553818,25106698
2022-09-05,147.8315887451172,148.37079759338152,145.76463977697145,146.12411691336453,15226001
2022-09-06,151.38137817382812,151.74085539736316,148.1012290709128,148.99990156076947,27866331
2022-09-07,150.347900390625,152.9091085903916,149.7637550831093,151.4263045648769,19415892
2022-09-08,149.89857482910156,152.0553833308971,149.13469772369473,150.97697907999932,11595205
2022-09-09,149.71881103515625,152.19015986626528,149.13466581112164,150.66240598236791,16415150
2022-09-12,149.53909301757812,151.06684718153807,148.73029328237288,150.48270185041997,15469466
2022-09-13,150.43777465820312,151.83071980946795,148.86509774511643,150.0333747659403,15644741
2022-09-14,154.88619995117188,155.51526791433474,148.2809520563287,148.2809520563287,38751148
2022-09-15,157.3575439453125,158.30113900250768,155.1557855781166,156.72846229031214,29483891
2022-09-16,155.2906036376953,156.99807582451362,153.94259494936924,156.32407148035057,26126152
2022-09-19,153.67300415039062,156.45889450601516,153.26860425042054,155.91968549761856,13304030
2022-09-20,154.48178100585938,155.60512151262873,153.5831086004439,154.48178100585938,15395199
2022-09-21,151.5161895751953,154.61660696974016,151.1117759784969,153.67299809853412,7370283
2022-09-22,151.5611114501953,152.45978394907024,149.94351192234373,150.0783073121133,7447846
2022-09-23,147.3373565673828,151.4263192663645,146.16907955158027,150.213105882136,12264388
2022-09-26,142.52947998046875,147.247511134951,140.73213477876124,145.98936126616235,21951865
2022-09-27,142.88890075683594,145.2703769510559,141.54089225912995,143.24836420449694,8367800
2022-09-28,141.9453125,143.29332119176192,139.29423148206558,141.8105171158852,14261815
2022-09-29,143.3831787109375,145.3153188124143,141.99023380136836,142.66423807574193,17623352
2022-09-30,143.47303771972656,145.18052344239513,141.4510248966087,143.78757853282795,12015533
2022-10-03,144.10211181640625,147.47213301218142,142.8439623423927,143.65277565696957,10528629
2022-10-04,146.07920837402344,147.38228067403762,145.00080418479283,145.5399994230815,9013773
2022-10-06,146.3937530517578,148.37084363379702,145.94441677632253,147.60696648049506,6456408
2022-10-07,147.6519012451172,148.14617388525264,145.0008199914057,146.57349693832919,8825983
2022-10-10,147.3373565673828,148.82017444951254,145.45015250738277,146.21401592000623,10484521
2022-10-11,144.731201171875,147.7417456592057,144.0571968327132,147.7417456592057,13805741
2022-10-12,148.28094482421875,148.55054928461146,144.82105062659264,145.4950549212482,12496248
2022-10-13,148.0562744140625,149.8985555332171,147.60693822464197,148.14614713700752,9447511
2022-10-14,148.37081909179688,150.52762737206695,148.14615099124157,149.40428686929033,9588164
2022-10-17,151.38137817382812,151.9205871528037,147.38228833649666,148.3708335604006,13426449
2022-10-18,150.03335571289062,152.28003673198947,149.53908314615833,151.8307005281697,20635735
2022-10-19,147.42721557617188,151.0668416772898,147.2474838318587,149.62896029747802,6947654
2022-10-20,150.03335571289062,150.88709175761764,145.1355938337857,147.38227485288454,12020720
2022-10-21,148.3258819580078,151.3813626246137,147.8316093968253,150.5276265894726,7414335
2022-10-24,150.03335571289062,150.93202812053016,149.4042877700735,150.03335571289062,685185
2022-10-25,152.19017028808594,152.5046973878113,148.68533984182451,150.4826845693477,8131380
2022-10-27,153.35845947265625,154.12233659682764,150.57258289879016,152.68445508520657,16225577
2022-10-28,156.41395568847656,156.9980873445516,152.68445648285643,153.35846087647585,16185760
2022-10-31,155.56021118164062,156.36901092550414,151.92058490894726,152.68444828645087,24233760
2022-11-01,163.37864685058594,164.4121146368354,155.9196631064225,156.36899931134013,41101936
2022-11-02,162.61476135253906,164.1874379878879,161.76102535016582,163.46849735491233,22146420
2022-11-03,160.09848022460938,163.42357902591726,159.28968056154403,161.17689805889972,16719953
2022-11-04,159.02008056640625,161.3116979596166,158.48088534677913,160.90729811673307,14881752
2022-11-07,158.03155517578125,161.31170411989893,157.13288272943083,159.82890006848208,12799401
2022-11-09,155.8297882080078,159.73901862135517,154.79632043616556,159.73901862135517,14929008
2022-11-10,154.66152954101562,156.54873340242736,153.26858454231578,155.91966544862345,10668583
2022-11-11,154.07737731933594,156.00953117033364,152.45976428744206,155.47032225548492,16963169
2022-11-14,154.07737731933594,155.82978572361586,153.76285021288444,154.88619069160904,10224241
2022-11-15,154.66152954101562,156.50379703873003,154.03244787455876,154.84126128315205,13899999
2022-11-16,152.7293701171875,155.4253872903511,152.0104294618134,154.66152398554624,9781274
2022-11-17,151.24655151367188,153.49323227378983,150.5276109279039,152.72935533028928,12778124
2022-11-18,149.0448455810547,151.92059495373132,148.37084117905292,151.47125868573013,11134908
2022-11-21,147.74171447753906,149.35932729265238,147.5170464119025,148.280923320127,12788632
2022-11-22,150.12326049804688,150.5276604253151,148.14618352155895,148.50564707631833,15198091
2022-11-23,151.0218963623047,151.2016280959656,149.40428333405217,150.84216462864381,12004998
2022-11-24,152.32496643066406,152.7743026148253,150.61749441591215,151.60602579347565,10986350
2022-11-25,152.54965209960938,153.89766080741154,151.51618424202255,152.99898833554343,12358833
2022-11-28,153.1337890625,154.48179781732009,152.2351165592866,152.77432554627632,5471921
2022-11-29,152.9091033935547,154.2121893438354,151.9205719810259,153.67298041870873,7693168
2022-11-30,154.75137329101562,155.3355185361548,152.54962881355647,152.86416961575844,9133076
2022-12-01,154.75137329101562,156.0544454337852,153.53817386677565,155.9196500686424,9214914
2022-12-02,154.7064666748047,155.33554840015262,153.80779416734103,154.9311348016706,6376672
2022-12-05,157.4024658203125,157.8518020215839,154.03244431077695,155.51526200256416,9861212
2022-12-06,157.4473876953125,158.16632829372332,156.23418829110486,157.8068648508436,7008295
2022-12-07,154.43685913085938,157.26767173706546,153.94258656286948,156.45887205319306,7718718
2022-12-08,153.08885192871094,154.97605577937966,152.77431109727306,154.43686055603982,4225180
2022-12-09,152.32496643066406,154.34697925938968,150.97695787818031,153.8527067142819,6174919
2022-12-12,151.78578186035156,152.77432710906015,150.57258219619573,152.77432710906015,7153044
2022-12-13,152.0553741455078,152.77431484022776,151.02190632429696,152.5496467301686,5166993
2022-12-14,154.21217346191406,156.09937708019396,152.2800197730749,152.72935592685363,8562333
2022-12-15,154.66152954101562,156.4139380239883,154.30205234408987,154.57165681362096,10644546
2022-12-16,152.5946044921875,155.56022670335142,151.9206000674982,154.48180865372447,9433166
2022-12-19,154.39190673828125,154.7963065382311,152.32495766751916,152.59456210503618,7706855
2022-12-20,152.54965209960938,154.0773925592544,151.4712478758984,153.80778807516324,7387632
2022-12-21,150.9320068359375,153.71789639181202,149.7188074843024,152.77428775432867,8454254
2022-12-22,149.0897674560547,151.56111691710393,147.8765677664051,151.42632152247216,6979001
2022-12-23,146.48361206054688,149.49417030881588,145.8994804422994,147.65188900969545,5313321
2022-12-26,148.86509704589844,150.7523148178,145.49507510511305,145.58494784192905,8321609
2022-12-27,148.46067810058594,151.15669530718006,147.87654652421827,150.07829116707293,9244387
2022-12-28,149.0448455810547,150.61752251905884,148.10123667572125,148.2809684403908,9652984
2022-12-29,149.8535919189453,150.43772337389927,147.3822433265789,148.28091554198485,19571340
2022-12-30,149.5840301513672,150.79724347305685,149.17963028168853,149.85363463537087,8626291
2023-01-02,150.9769744873047,151.47124708678788,149.5390930547451,150.12323838600838,7322962
2023-01-03,150.61749267578125,152.05536022089387,149.89855204689897,150.97695613389644,9629995
2023-01-04,149.71881103515625,151.42628292431658,148.0113254333448,150.84215141293308,11995082
2023-01-05,152.68441772460938,153.08883122824608,150.21306890867888,150.97694584593597,18887530
2023-01-06,151.87564086914062,154.7064535422912,151.47124101764098,153.1787131518186,13216749
2023-01-09,153.1337890625,153.6729980494897,152.28005292697813,152.99899367207968,6012344
2023-01-10,150.9320068359375,153.403355608434,150.21306626868108,153.13375118163148,7557693
2023-01-11,149.22454833984375,151.69589733347584,148.73027579858692,151.3813565219528,8463293
2023-01-12,149.1346893310547,150.2580298859928,148.7752258385358,149.98842541027702,7628932
2023-01-13,150.79721069335938,151.11173776244826,148.73026171550796,149.35932956633647,5090393
2023-01-16,149.1346893310547,151.5611021871904,147.96641241138838,151.5611021871904,10321015
2023-01-17,150.70733642578125,151.15667255925862,148.99986460362746,149.71880515972137,13015434
2023-01-18,152.28004455566406,152.5047126691167,150.16817251680138,150.5276360132642,5536057
2023-01-19,151.60604858398438,153.13378909726313,150.3479125642617,153.13378909726313,6812613
2023-01-20,151.60604858398438,152.68445284555443,150.66243971286528,152.68445284555443,8545359
2023-01-23,149.94349670410156,152.32497309935488,149.17961967252452,152.23510037352722,7787735
2023-01-24,149.22454833984375,150.57255688182488,148.64040307739404,150.25801607030184,7033092
2023-01-25,149.0897674560547,149.7188491980818,147.74175865911874,149.1796401942456,9257370
2023-01-27,149.44923400878906,150.1232383590578,147.38228459210083,149.4042976429071,13756671
2023-01-30,151.74085998535156,154.79634105818727,150.1681830805514,150.61751933906572,30768122
2023-01-31,153.8077850341797,155.1557937153299,150.39284067872183,152.6395218139722,24990701
2023-02-01,152.77430725097656,156.1892650967642,150.25802180078293,154.79632014106303,13878016
2023-02-02,149.98841857910156,153.53818554115563,148.73028269993358,152.77430851352693,19898080
2023-02-03,152.66265869140625,153.49259199560794,149.89619558278866,151.6943937891983,11730514
2023-02-06,153.12376403808594,153.8614904835888,151.27945495980958,151.69442168822945,7588936
2023-02-07,152.38604736328125,154.64532331483787,151.51000330912206,153.53874061111242,8699758
2023-02-08,152.61659240722656,152.847131066452,151.32558154394945,152.70881349930198,8839686
2023-02-09,153.07763671875,153.67703147510807,151.83272259897856,153.03152618265474,5507650
2023-02-10,152.15550231933594,152.89322878113722,151.3255688441607,152.2477234036718,9468345
2023-02-13,154.78363037109375,155.10637598666443,151.97105647876487,152.24770562851137,9829152
2023-02-14,153.12376403808594,155.38303984478213,152.01718140531244,155.38303984478213,12916373
2023-02-15,152.89320373535156,153.53870900707528,151.4177510534463,153.07763180284982,11855678
2023-02-16,154.36865234375,154.64530149839396,152.7087855578073,153.07764171669223,7923121
2023-02-17,154.9680633544922,156.44350208159432,153.49261055642936,153.9997983351985,10182025
2023-02-20,154.82977294921875,156.7663035032327,154.23037800538629,154.64534481811373,6679716
2023-02-21,159.76329040527344,160.6854450396473,155.89024375509578,155.89024375509578,26883881
2023-02-22,157.2273406982422,159.71715500947673,155.38303171644463,159.48661638675205,12225021
2023-02-23,156.3974151611328,158.28782070590916,155.84411681034462,157.64231534396396,11184381
2023-02-24,157.68841552734375,157.87284360850524,156.21296273613055,156.99679966976768,8338893
2023-02-27,158.9794158935547,159.99379138083725,157.22732812929542,157.8267228720789,17669762
2023-02-28,157.2273406982422,159.53272692548916,156.62794590754234,159.34829884150156,19044910
2023-03-01,158.84109497070312,159.5788213029012,156.7201370422435,157.6422914397512,9318790
2023-03-02,157.50399780273438,158.79500852671484,156.99680999297007,158.79500852671484,7725981
2023-03-03,159.1638946533203,161.37706013536297,158.1495189326557,158.61059624732817,12962719
2023-03-06,163.0369110107422,163.6824163172378,159.25607210404436,159.44050018147735,12402804
2023-03-08,164.92733764648438,165.20397273920082,161.79200390974208,162.0225425343131,22099710
2023-03-09,165.4806365966797,168.01656169213746,164.14351526963074,164.51237147331244,18874546
2023-03-10,166.67942810058594,166.90996672866422,163.95907510345464,164.14350319172502,12399692
2023-03-13,165.711181640625,167.41717330819438,165.48064298668118,167.18663465425055,13669178
2023-03-14,164.05128479003906,166.90996945325844,163.4057794350751,164.74290068556363,9217542
2023-03-15,164.32791137695312,165.57282544617894,163.91294471086437,165.48060437773276,8548173
2023-03-16,165.6189422607422,165.98779840659506,163.17522456384685,164.32791760833712,9405016
2023-03-17,163.17523193359375,167.55546570048827,162.20696691829863,167.55546570048827,47276890
2023-03-20,162.2991943359375,163.72853664570192,161.33092928280928,163.72853664570192,5627841
2023-03-21,163.31358337402344,163.7285501249667,161.65370229928806,163.0830447267258,12894327
2023-03-22,160.7776336669922,163.95906369898998,160.27044590630612,163.95906369898998,7893205
2023-03-23,161.0081787109375,162.16087181719863,160.17823123185303,160.50099092999045,5759884
2023-03-24,159.25608825683594,161.56147463597645,158.93334260633333,161.56147463597645,4977283
2023-03-27,157.91893005371094,160.40874394693543,157.4117423546752,159.20994049583965,12077986
2023-03-28,158.61058044433594,159.532734981803,157.22734863813534,158.01118562336697,8750986
2023-03-29,160.4548797607422,161.7458904062949,158.33392163936782,159.20996558249007,20272070
2023-03-31,161.46926879882812,163.4518954709371,161.00819151964353,161.192619617125,8125121
2023-04-03,163.95909118652344,164.23574038154666,161.79202224163123,161.9303538746241,9098662
2023-04-05,162.2069549560547,164.42013398079447,161.51533914912844,164.42013398079447,10829323
2023-04-06,161.5614471435547,162.85247173876073,161.2387015479727,162.668029603046,7159274
2023-04-10,163.77464294433594,164.14349911170825,161.56146372721955,162.1608725879006,10968456
2023-04-11,164.2357177734375,165.75726703017025,162.80637552171123,164.2357177734375,9208605
2023-04-12,162.11476135253906,164.42014756611056,161.65368410982475,164.1434984062898,7591360
2023-04-13,159.57884216308594,162.39141625733672,158.88722627454695,162.299195177147,9944382
2023-04-17,156.3974151611328,160.40877895598192,156.07465544467942,158.93334013881594,17401126
2023-04-18,156.85848999023438,157.45788480179812,155.84411438655275,156.7662689095501,16199789
2023-04-19,154.09202575683594,156.72015769346973,153.8153765869373,155.61357508483647,16314641
2023-04-20,156.4896240234375,156.95070129756135,153.81538146190397,154.0920306405706,15498083
2023-04-21,156.4896240234375,156.72016266049943,155.29082029652318,156.44351348183278,6672391
2023-04-24,157.64230346679688,157.91895262134756,155.1063786801767,155.38302783472736,8088991
2023-04-25,157.7806396484375,159.02553977352355,157.08902377751383,157.9650677331583,9175412
2023-04-26,156.62796020507812,158.3339377263918,156.3052004754166,157.78065342392338,9032416
2023-04-27,157.64230346679688,158.01117369651794,155.65967698927804,156.76625953652018,9054900
2023-04-28,158.61058044433594,159.07165771306947,156.3974151827996,158.51835936220462,21552892
2023-05-02,161.93032836914062,162.29918452376504,159.1177544595083,159.20996146268422,8893428
2023-05-03,162.6219482421875,164.74289229027715,161.46925514172108,161.93033238190765,11194149
2023-05-04,162.6219482421875,163.63630972802153,161.192605983417,162.7141552476484,4671155
2023-05-05,160.6854248046875,162.66805139053585,159.53273165687767,162.62195492139247,5958697
2023-05-08,163.26744079589844,163.72851800002638,160.915944240654,161.19259337732268,6287186
2023-05-09,162.2991943359375,164.7428981677248,161.56146791112738,163.4057769376721,7918748
2023-05-10,163.26744079589844,163.54408993256715,161.3309109101772,162.29917585303784,6231734
2023-05-11,165.57286071777344,165.98782747226159,163.17525313701134,163.7746620676831,12125975
2023-05-12,161.3309326171875,165.29619992040486,160.91596589183067,165.15788236893974,8920297
2023-05-15,162.2530975341797,162.9908240214537,160.31658133491806,160.45489889523589,7980565
2023-05-16,163.6363067626953,164.1434945319017,161.83810837274578,163.1291189934889,7874923
2023-05-17,162.2991943359375,164.00518581387587,161.423150362521,163.6363155659902,6639494
2023-05-18,161.46926879882812,163.86686220801084,161.0542879907925,163.22135683134482,6921939
2023-05-19,159.8094024658203,161.69982229839633,159.4866427123452,161.3770625449212,6657753
2023-05-22,160.54710388183594,163.26745683931338,159.67104585113967,159.8093774685469,13339834
2023-05-23,160.59320068359375,161.97643243477359,159.34830055010852,161.3309270984152,8359389
2023-05-24,161.3309326171875,161.6536923318881,159.9477008186904,160.45488862566498,8507023
2023-05-25,160.9159393310547,161.8842042443732,159.9015638845383,161.33090598791713,7986243
2023-05-26,160.9159393310547,163.45186387638648,160.54708320739007,161.37701652111502,6926193
2023-05-29,162.57583618164062,163.95906788924796,161.1926044740333,161.3309220164098,9943211
2023-05-30,163.0369110107422,164.14349354630045,161.9303284751839,163.22133908817517,9727639
2023-05-31,160.31655883789062,163.22133976463988,158.56445691761485,163.22133976463988,41785992
2023-06-01,160.82374572753906,161.10039490300878,158.4722629134505,160.08603335423527,11602551
2023-06-02,160.96206665039062,162.20696675080404,159.9015805600822,162.20696675080404,7262018
2023-06-05,160.54710388183594,162.4836198868886,160.03991609326468,162.11476371572456,12239684
2023-06-06,161.74586486816406,162.06862451407193,160.0398877895384,160.91593159434169,4889564
2023-06-07,163.5441131591797,164.1435079812885,161.74590055093,162.25308836169373,6270083
2023-06-08,167.87823486328125,169.9991930947375,164.235727286955,164.83512210257982,27382635
2023-06-09,168.56985473632812,169.9069760210805,166.4950069965863,169.6764373833314,10235269
2023-06-12,171.2440948486328,171.935710751956,168.43152069425946,168.56985231750107,17450400
2023-06-13,170.9213409423828,172.12013052676974,170.59858124137963,171.52073573457628,8332566
2023-06-14,172.6273193359375,173.73390192014355,170.92134195598342,170.92134195598342,15061573
2023-06-15,172.166259765625,172.71955815002437,170.92135950717002,172.4429089578247,9840499
2023-06-16,173.5494842529297,174.01056152994116,171.56685759016503,172.35068051850746,8562558
2023-06-19,171.38241577148438,173.54947035735177,170.78300691678518,173.54947035735177,5363723
2023-06-20,172.90399169921875,173.36506901041668,170.1836383773436,171.520759765625,6035600
2023-06-21,172.90399169921875,174.01057443190118,171.98183707682293,172.90399169921875,5906854
2023-06-22,170.13751220703125,173.31894254792977,169.07704011705226,172.9039758201537,6683123
2023-06-23,172.166259765625,172.90398625450337,169.4459065294133,170.18363301829166,15255365
2023-06-26,170.50637817382812,172.8117646503318,170.09141142224993,172.8117646503318,7231775
2023-06-27,171.56686401367188,172.39679751498073,170.41417077798604,170.5063777942635,6787438
2023-06-28,174.3794403076172,175.76267220618328,170.87525001705725,171.5668659663403,32476741
2023-06-30,174.42552185058594,176.73090815086312,173.36504978084298,173.45727086123858,9579059
2023-07-03,176.36204528808594,177.60695947144495,174.01054853671928,175.20935218162785,7352149
2023-07-04,178.94407653808594,179.6356923860268,174.2871936810922,176.22372368371072,13258826
2023-07-05,178.34471130371094,179.5896257628014,177.37646013660046,178.89800974574314,6558910
2023-07-06,181.4338836669922,181.80273980972282,177.7452659558462,178.43688177668608,16276609
2023-07-07,177.60696411132812,182.35605420561842,177.19198332539347,181.4338996963612,12652336
2023-07-10,176.6387176513672,178.29859875690354,175.02494709033843,177.65307927572195,10238356
2023-07-11,177.42251586914062,177.9297036460336,175.94707714749646,177.6530544885501,11236383
2023-07-12,175.94708251953125,179.5895900032221,175.4398947271528,178.6674354974289,9191559
2023-07-13,173.27281188964844,176.86922261173652,172.3967679947285,176.86922261173652,10612659
2023-07-14,172.85784912109375,173.68779657002764,170.3680349162126,173.31892634684803,12369394
2023-07-17,171.9818115234375,174.24108719842724,171.3363061978634,173.78000995573706,9058800
2023-07-18,172.7656707763672,174.42553780764817,171.7974056274782,172.44291103641666,7177677
2023-07-19,177.5608673095703,181.2955961752106,175.39379841676507,176.13152489544103,31761232
2023-07-20,177.88357543945312,179.12848948899588,176.9153245908746,177.69914737643623,8936996
2023-07-21,179.91233825683594,181.06503131570608,177.14587491554758,177.79138021432283,11031250
2023-07-24,180.65003967285156,181.66441513192115,177.9296870320223,180.28118354462225,9981788
2023-07-25,185.03028869628906,185.6758080817755,180.65005496570248,181.203353275845,18028061
2023-07-26,185.90635681152344,186.41353054062108,184.43090395152672,185.81413573116316,13857423
2023-07-27,186.22909545898438,187.19736048256914,184.9841953466275,186.04466737614936,16013422
2023-07-28,193.65243530273438,194.06740199276248,183.96981353759767,186.13688213246476,39630520
2023-07-31,201.35243225097656,201.9057164851741,193.3296771809884,195.68117387146904,43494779
2023-08-01,207.62307739257812,209.00630912489635,201.81351537361033,202.45902070116665,63510580
2023-08-02,202.04408264160156,207.62310682951392,199.969234748951,207.53089981019602,22647784
2023-08-03,202.9661865234375,206.19372688296812,200.9835461457217,202.04403213500018,29868065
2023-08-04,200.9835968017578,204.90275394040333,200.6608511270353,204.44167662997444,12879897
2023-08-07,200.9835968017578,204.11893095525193,200.70694760130792,202.5973673882589,12929354
2023-08-08,200.61473083496094,203.24286293414042,197.3410792757732,203.1506559191122,15314866
2023-08-09,201.67518615722656,202.59734065641,199.6003385340638,201.4446475324307,12554174
2023-08-10,200.47637939453125,203.6578236242946,199.64644598648215,202.1362602815902,10970619
2023-08-11,199.1673126220703,202.44001494215127,198.8400366829223,200.94391674583147,7970536
2023-08-14,199.1673126220703,200.10237042780773,198.04524610875535,199.4478328173615,9283695
2023-08-16,203.32830810546875,203.79583698787627,198.279001882607,199.1205481638009,9687712
2023-08-17,201.73870849609375,205.52569521714523,201.17766814191987,205.19841929923564,11865239
2023-08-18,201.1776580810547,202.58024462849735,199.44780989991764,201.78545414565542,14101163
2023-08-21,204.5906524658203,205.29194582600854,201.69196753656894,203.0945542569454,13336739
2023-08-22,207.30230712890625,207.86334750446952,204.6374010146044,205.01141841974692,16930149
2023-08-23,207.30230712890625,208.42437361218333,206.69452527858726,208.42437361218333,13507905
2023-08-24,206.5075225830078,207.95685077098102,205.38544179924168,207.5828333549589,11182959
2023-08-25,203.7490997314453,207.44258965184048,203.0945620902609,207.44258965184048,7413549
2023-08-28,204.49713134765625,205.0581717165277,203.09454469332684,203.74908227844404,4851793
2023-08-29,206.7412872314453,207.34906910002132,204.0763667692431,204.9646688340272,8799235
2023-08-30,206.08673095703125,207.58282912634292,205.47894910141378,207.58282912634292,5490930
2023-08-31,205.9932098388672,207.25552914665664,204.54386758072562,207.25552914665664,18532999
2023-09-01,215.7178192138672,216.60612121926604,202.11272615188298,203.70233573484285,29859815
2023-09-04,220.4866180419922,221.14115560670865,215.53080916425515,218.52299107999391,21895573
2023-09-05,219.3645477294922,221.51516908013835,216.65287176952975,221.51516908013835,13952922
2023-09-06,216.8398895263672,220.53337910439103,213.56718735596067,220.2061031802107,14623019
2023-09-07,218.8970184326172,222.5437378413657,214.45549425301007,217.86844923125295,30334731
2023-09-08,224.64764404296875,227.7800934859837,219.73859042704538,220.67364825864982,28856420
2023-09-11,227.3125457763672,228.06058056552433,222.6839984783254,227.7800746535149,22493483
2023-09-12,219.8321075439453,229.0424188602768,218.8970496884081,228.34112546862386,21174310
2023-09-13,221.74893188476562,222.96450977046467,218.0087010166753,220.76713269617068,9151928
2023-09-14,222.49700927734375,223.66583157263116,220.62689360488386,222.49700927734375,7568464
2023-09-15,220.86065673828125,223.75934172033553,220.29963060062087,220.29963060062087,14098284
2023-09-18,225.5359344482422,226.42423648868856,220.72039257203068,221.60869461247705,11163399
2023-09-20,226.0502166748047,230.0242122109698,224.74114149944296,225.81645223150085,18936709
2023-09-21,223.43206787109375,227.12554348315425,221.70221942891368,224.46063720157403,10134737
2023-09-22,222.49700927734375,223.75934306339428,220.6736493502654,223.10480543160338,7209300
2023-09-25,224.08656311035156,224.64760341498902,221.74891895410818,223.6190342791029,8027642
2023-09-26,224.6008758544922,227.40604919389347,223.52556511486145,224.1801027071519,10681642
2023-09-27,223.7593536376953,224.8814202406272,222.4035225646588,224.32037980523577,9679279
2023-09-28,221.65545654296875,225.53594074433335,220.34636704926933,224.03985681019813,32887087
2023-09-29,229.6034393310547,235.16703023452425,223.94633694301612,223.9930926853006,35038887
2023-10-03,225.5359344482422,230.67875225570475,224.92815259631823,228.48137502595316,14885044
2023-10-04,219.87881469726562,225.34890800536505,216.46585976448966,225.34890800536505,25424437
2023-10-05,218.6632843017578,221.9827282606264,216.98017731532343,221.8424752900279,22472389
2023-10-06,220.2528533935547,222.0762131320162,218.47623512778927,219.03727547863073,8825123
2023-10-09,219.45803833007812,220.95413635035686,215.53079886165662,218.66324784943166,10659145
2023-10-10,220.5801239013672,221.4684402038539,218.56975538782746,219.64506612430696,11665907
2023-10-11,223.1982879638672,224.13334573855272,220.6736348257861,220.9073992694575,14313043
2023-10-12,225.90997314453125,226.98528392146827,223.10479970780867,223.43206138138302,13170027
2023-10-13,226.33071899414062,227.9670699680964,224.03983048417217,224.92813244503566,11880728
2023-10-16,227.6398162841797,229.08915871328261,225.3489275506168,227.07879017048955,6936948
2023-10-17,229.9774627685547,231.1462850170916,227.4995653087963,228.94890775055202,10084205
2023-10-18,226.2839813232422,230.77226149231439,225.90996392075675,229.9307009349481,6987265
2023-10-19,223.9463348388672,226.09697055310255,223.01127707336045,224.60087242115208,11485237
2023-10-20,225.34893798828125,226.42424879021385,222.12299131463317,223.43206657505985,9040953
2023-10-23,221.1879119873047,225.25540460914345,219.73856963190744,225.1619073955413,7058625
2023-10-25,216.9801483154297,220.954143653559,213.52043758051036,220.67362348200368,23949207
2023-10-26,216.60614013671875,218.14899411354094,212.95942031486658,215.8581052886415,17410264
2023-10-27,221.2346649169922,222.964513159065,216.9333936461785,216.9333936461785,10519462
2023-10-30,219.3645477294922,222.91775566595902,215.67105830588557,222.0294536818423,8812268
2023-10-31,220.4866180419922,221.79569317142514,218.38273812607213,219.27104012589083,6583581
2023-11-01,217.4944610595703,221.32818967403185,217.02693213576887,221.32818967403185,6718059
2023-11-02,219.97235107421875,220.39312423758136,218.56976435111002,218.99053751447263,6057787
2023-11-03,221.24685668945312,222.0965294671398,220.25556217839969,220.25556217839969,6825146
2023-11-06,222.66299438476562,223.93750359019216,221.43567801960648,222.1909507370605,5338605
2023-11-07,225.77847290039062,226.15611646521924,222.0493309321857,223.08783272842814,7002346
2023-11-08,223.4654541015625,227.43061775751872,222.75738864851218,226.43933764775107,9777991
2023-11-09,224.64556884765625,226.2977216130497,222.8046015044865,223.93750337677335,13987058
2023-11-10,229.1772003173828,229.6492439843599,222.615796227527,224.55117814325902,9589671
2023-11-13,231.9622344970703,236.58827066650812,229.696430858802,231.25416905940793,18792969
2023-11-15,233.4727783203125,235.03051651064783,232.19825477867224,235.03051651064783,10965645
2023-11-16,238.2404327392578,240.03419282307848,233.80321096394468,234.88891998783933,22145147
2023-11-17,237.5323486328125,238.948479452788,236.96589054257123,238.85406496920527,5618928
2023-11-20,237.0131072998047,241.119878199233,236.30504186139,236.96590005611807,6283832
2023-11-21,236.0218048095703,238.66525190456304,233.4727721987525,238.47643734184092,6851869
2023-11-22,239.4677276611328,239.7981639642798,235.40816396891736,236.77708761435943,5275418
2023-11-23,238.6180877685547,241.40314268729898,237.6267931281527,239.7981970057879,8200025
2023-11-24,239.70375061035156,242.48881956415394,238.8540778348505,239.137306895227,7149443
2023-11-28,243.14967346191406,243.85773893945168,239.46773874097008,240.60065502953347,6151585
2023-11-29,243.9521484375,245.0378430519115,241.780759208677,245.0378430519115,8637363
2023-11-30,246.6899871826172,247.02042348274637,241.68633627639747,243.5273179405054,21687673
2023-12-01,253.9123077392578,260.04887559720873,247.1148672028698,247.68132538277877,29121320
2023-12-04,259.4351806640625,263.4003588814041,257.97185686144684,260.5680969579481,20464526
2023-12-05,269.4897155761719,270.52818849653744,257.54698887940503,259.81282131612767,18883076
2023-12-06,265.3829650878906,272.1331840114384,263.3531830075595,271.8971621692776,13415314
2023-12-07,267.9319763183594,272.1331765176366,265.571757961745,266.0910232869557,25133786
2023-12-08,269.112060546875,275.5790640066844,265.28851868814985,270.4338057530454,20815064
2023-12-11,271.2362976074219,272.3692140082169,268.49844991863824,270.05618836128576,8071675
2023-12-12,267.5543518066406,272.46361759846366,265.14694056543993,271.3779228977508,8640883
2023-12-13,277.60888671875,278.4113667660107,268.59286362933466,268.82888547786655,23629670
2023-12-14,278.88336181640625,281.8100379899432,277.18401632790386,281.10197256785796,24900443
2023-12-15,288.0410461425781,289.83480628239994,278.50575847983055,281.3380204304729,28843558
2023-12-18,286.2472839355469,289.4099533752507,284.8783458114525,288.89071687921944,13307504
2023-12-19,292.3366394042969,295.02729408863706,285.5864206778007,287.9466390305098,15650536
2023-12-20,281.0075378417969,295.8297178009819,278.64731993818486,295.027237951503,23497233
2023-12-21,285.067138671875,286.2000260136265,276.8063757556984,279.2609794017872,17868637
2023-12-22,285.86962890625,291.67578897193164,282.8485667696947,287.00254521449483,15207726
2023-12-26,292.2893981933594,293.32789985895073,287.56896226908435,289.315529323317,9917180
2023-12-27,288.93792724609375,294.7912804480286,286.57770882777487,294.1776294215177,12630732
2023-12-28,296.3489685058594,297.85951379926354,290.5428379452405,291.81736143690193,37591916
2023-12-29,293.75274658203125,296.7738373528837,290.92048478857845,296.7738373528837,12682889
2024-01-01,292.4309997558594,295.7824976716591,290.5900182571079,294.55519587999396,8024960
2024-01-02,288.8907165527344,293.4223241114112,285.16156015769747,293.4223241114112,13506040
2024-01-03,289.07952880859375,290.7788743419336,286.34165272195344,290.0236160629507,14259987
2024-01-04,299.3700866699219,303.760086824481,291.34534467145073,293.51673392300455,40057506
2024-01-05,297.3403015136719,307.44201816209477,295.2161051254336,304.8457781320258,27456415
2024-01-08,298.75640869140625,300.5501686255278,295.1216671759791,298.75640869140625,10136462
2024-01-09,301.87188720703125,303.47684699815403,298.37875298459005,300.0781272595298,12229517
2024-01-10,295.82977294921875,301.87192614658585,290.7788999316605,301.77751165059,14455000
2024-01-11,295.4049072265625,299.55888553957715,294.8856707416573,297.34030345747516,10316319
2024-01-12,295.16888427734375,297.6707098235999,292.38384406972176,297.576324143983,12341629
2024-01-15,299.55889892578125,300.21977158269954,292.2894437559744,297.29309509118247,9706124
2024-01-16,294.08319091796875,299.5116928370003,292.80866731385765,299.5116928370003,10162832
2024-01-17,292.0061950683594,296.5378314680977,289.9292202616637,292.43104588470493,13502940
2024-01-18,282.5653076171875,293.89435482634315,279.969067631756,291.6757727968891,32481018
2024-01-19,291.2037353515625,292.147822639055,284.83114616098817,286.81370641571635,28651237
2024-01-23,285.68084716796875,297.67073961635,283.5094289055577,295.92420101102726,21652362
2024-01-24,291.58135986328125,293.3279270795942,281.57402901289345,286.0112507179851,23922028
2024-01-25,297.1514587402344,299.4644840023494,291.91178608361434,292.6670443509854,32525422
2024-01-29,306.403564453125,307.5364808957415,298.4732357885954,300.0309742887466,24694773
2024-01-30,297.8123779296875,305.8371207239308,296.9154833870031,303.85453144780683,20918448
2024-01-31,299.7477111816406,302.10792937992125,295.12168927526204,300.73899130041553,20931224
2024-02-01,303.99609375,308.66933715047304,299.3700719986643,302.15511209253935,24020951
2024-02-02,313.90899658203125,315.0419127558519,305.0345825912865,305.8842553160244,32346639
2024-02-05,317.3077697753906,321.9809849547609,314.42828601960736,319.1015300102376,19651482
2024-02-06,318.5947570800781,320.31069559803586,313.6375561064101,320.31069559803586,12024661
2024-02-07,315.2581481933594,322.1219305055961,314.25715993834564,322.1219305055961,8080437
2024-02-08,315.44879150390625,319.595676344339,312.6842113078097,318.35639080240543,17754869
2024-02-09,309.72894287109375,319.35733398282207,304.6764354928729,317.40306939697183,18304439
2024-02-12,301.3875427246094,311.44493369630254,299.81459439131015,310.92059819015185,11714289
2024-02-13,306.53533935546875,308.8232955867087,301.1491696706163,303.6754231589908,15426888
2024-02-14,312.6842041015625,313.9711723454955,303.48481184208947,305.915729230849,14085723
2024-02-15,323.40887451171875,324.9818226886184,314.73378908213067,315.54410453464675,21973316
2024-02-16,321.9789123535156,326.9361122784451,321.0732605485046,325.9351241109213,20307449
2024-02-19,322.9322509765625,325.9351576025525,321.74061905413976,324.50519929564524,8496898
2024-02-20,329.5577392578125,330.3203720584349,322.0266021619284,324.6958751492596,19340526
2024-02-21,320.4059753417969,331.7979582903083,319.07135349791184,330.79699918053814,17751633
2024-02-22,323.6948547363281,324.36218019006014,315.162788392604,323.17054837451985,16083122
2024-02-23,321.9789123535156,324.12384959347247,319.214332396086,324.12384959347247,9665454
2024-02-26,321.8359069824219,322.69387601890605,318.9283080738281,322.2172233216846,7711995
2024-02-27,320.4059753417969,322.21724992225325,318.49936439551135,320.4059753417969,8882923
2024-02-28,317.7367248535156,320.7873142186282,316.3067665434771,320.0246814236382,12977628
2024-02-29,319.9293212890625,320.31063765823603,315.1627939429578,317.7367012543099,13149469
2024-03-01,327.4604797363281,328.27079533002836,319.357381984483,319.92937117371724,13027254
2024-03-04,337.3271484375,341.5693403493554,329.60536826484133,331.7503055854369,38075510
2024-03-05,341.5217590332031,343.14239032231194,337.0412107110179,338.3281791944184,15918221
2024-03-06,335.5158996582031,342.6656912767819,328.8904144546228,342.6656912767819,13120921
2024-03-07,335.75421142578125,337.37481333321415,333.3709476566958,335.5635386872243,9172926
2024-03-11,331.70263671875,336.65980750986506,330.5110049286878,335.80183843953483,10664917
2024-03-12,328.6520690917969,333.132616551108,326.55478536774166,331.7503119476296,9637912
2024-03-13,307.4410705566406,328.41379474965174,304.58115362123,327.79415189882866,23722232
2024-03-14,306.8213806152344,311.6832444777552,301.7211903780074,306.0587187606296,20859127
2024-03-15,301.5304870605469,310.8252147314332,291.4731267049756,307.5839821826642,43285007
2024-03-18,302.3408203125,307.8223266982901,300.24356575956807,302.29316667660964,13690352
2024-03-19,298.8135986328125,303.0557903402333,295.620019624201,299.6238849741519,13388060
2024-03-20,299.0042419433594,302.6268200285703,293.9040520804449,301.24451551969446,10026655
2024-03-21,309.82427978515625,311.11124799662485,302.1978359750601,302.4361623441256,23370426
2024-03-22,309.5859375,311.96920106812934,306.1540321433792,309.34761114318707,14709219
2024-03-26,313.7328186035156,314.87676764855553,305.15306984914,305.15306984914,11208959
2024-03-27,316.1160583496094,318.4993217130827,311.0635225635038,316.49737466925103,45209520
2024-03-28,320.1199645996094,324.1238592032676,314.8767845242624,316.4020790919691,19868037
2024-04-01,326.3641662597656,328.3184310325626,320.45366011496276,323.1705867959218,8580656
2024-04-02,328.69970703125,329.4623688456532,324.8388316015551,326.9837688608464,9745257
2024-04-03,334.84857177734375,337.56549839177484,326.03049550989766,328.27076935311544,21679943
2024-04-04,338.0898132324219,345.7639404958352,336.1832021000326,338.42347599910545,28962927
2024-04-05,337.99444580078125,341.47403407173266,335.1345293649797,339.75806675470704,11208130
2024-04-08,346.5265197753906,348.9097833226767,336.75513923151783,338.99541278448123,11447140
2024-04-09,345.95458984375,349.7678121712481,343.523672247001,347.956537384202,10010148
2024-04-10,345.5732116699219,351.1500541457303,344.47691626520765,347.09850614684154,12886638
2024-04-12,344.8582458496094,357.01289031286444,344.14326676353556,345.5732249356832,30924494
2024-04-15,344.2862548828125,348.9097920993652,336.3261486161293,338.9000849489736,18126999
2024-04-16,342.4749755859375,345.04891188290276,338.0421111567844,344.14326008774793,15328939
2024-04-18,334.7532043457031,344.3815952493912,332.89427616599113,342.76096434059986,22966560
2024-04-19,334.1812438964844,335.94486495601234,326.98379873911165,327.07913511119517,12867942
2024-04-22,326.8884582519531,338.42346090701733,325.93515272827136,338.42346090701733,37382916
2024-04-23,330.94000244140625,332.36996070840866,327.93709589921633,329.84370692188617,14651106
2024-04-24,335.2298583984375,336.65981658505893,331.0829738387206,333.4662374830896,11132307
2024-04-25,342.4273376464844,343.7619594905899,332.7989465476369,334.61022112839254,19865014
2024-04-26,339.37677001953125,344.52461408333477,338.42346448576853,343.8573176652465,10986589
2024-04-29,346.04986572265625,346.6695084240308,340.28237959764095,342.90396948947927,13652173
2024-04-30,346.24053955078125,348.3854767418769,342.5226251454907,347.9088240327445,14566548
2024-05-02,351.8173828125,355.20163478991424,346.2405689167192,346.2405689167192,27892188
2024-05-03,347.9088439941406,362.63739609584326,343.52363300000525,354.9156159463444,26844664
2024-05-06,340.1394348144531,351.62678503272576,337.8515071366585,350.6257966725426,15319437
2024-05-07,332.8465881347656,341.71234617104994,330.65399726257954,341.5216734462628,10028071
2024-05-08,338.8524475097656,341.76001761253553,329.0810662530613,329.0810662530613,9595776
2024-05-09,329.891357421875,341.28336981097533,328.74740827470174,339.8534115575774,9043486
2024-05-10,338.9001159667969,339.71043148593594,331.3213253651082,331.41666173663793,11699095
2024-05-13,334.514892578125,339.3767564240634,330.3203542161179,338.9001036762768,10691781
2024-05-14,339.1860656738281,340.5683702060254,333.9428857266395,334.18121208787534,10891985
2024-05-15,344.4769287109375,346.5265296012057,339.99638147796406,340.80669692553244,8538183
2024-05-16,344.5722961425781,346.86022360062486,336.5645064005505,346.86022360062486,13114162
2024-05-17,348.385498046875,349.3864571602361,343.5236342978903,345.52558161718684,8509179
2024-05-21,354.6296081542969,356.6315553091662,348.29013307435406,349.8630811629757,10939593
2024-05-22,356.39324951171875,359.7298185980534,353.2950067886937,357.48954496442826,14001806
2024-05-23,354.9156494140625,358.06157522703177,352.24640547509796,357.53723971191505,15370357
2024-05-24,357.44189453125,360.4924545534,351.4837353951282,355.5829372437504,13317821
2024-05-27,352.3893737792969,362.7327443175096,350.8164255160146,362.2084379272739,21891930
2024-05-28,348.3377990722656,355.82125253279617,347.0985136475597,355.2016098204432,10200096
2024-05-29,347.5751953125,349.2434799576302,343.1899841410712,344.6199424083257,18146672
2024-05-30,342.90399169921875,347.76582635765067,340.4730452774284,347.0031936131131,14425073
2024-05-31,342.2366943359375,349.52947601511,338.90012489255093,346.47891569384547,30515612
2024-06-03,373.5050964355469,374.83974745667666,356.0119631676685,367.02263044395676,39261174
2024-06-04,315.782470703125,373.60044782240436,299.29029594569835,373.60044782240436,84042244
2024-06-05,325.0771484375,326.26878021329725,300.5771874900787,324.12384301686217,46418629
2024-06-06,333.4186096191406,342.95166493348347,328.8904083448278,331.5596521958134,33171039
2024-06-07,343.761962890625,345.0965847479308,331.4643279819346,335.5635299206399,23930193
2024-06-10,347.8611755371094,352.8183758369218,344.9059226311664,347.9565119068318,16072588
2024-06-11,350.2444152832031,354.58197252103577,347.86115166656106,351.5313834547045,11235777
2024-06-12,353.9623107910156,356.53624720734973,348.3378143140135,352.29402621183687,12134524
2024-06-13,352.6754150390625,358.8242186456677,350.7688038569999,358.8242186456677,11243702
2024-06-14,351.24542236328125,353.53334973988905,349.0051486245418,352.7230342481014,10298434
2024-06-18,352.3893737792969,354.8679739085229,351.48375100592835,354.43897479463897,10228382
2024-06-19,345.5732116699219,353.5809713080346,344.66755989196486,352.53232953686654,8337334
2024-06-20,340.9497375488281,347.86120305816195,340.377748377816,345.57327546669114,14338604
2024-06-21,342.9992980957031,346.0022336145044,340.09172803544317,343.14231719094073,17931844
2024-06-24,345.8115539550781,347.6228285018691,338.9477430389954,340.90203667815894,9335598
2024-06-25,344.0002746582031,347.6705064294206,341.04502196868106,347.24150734337405,14983828
2024-06-26,348.0041809082031,349.76780200191007,342.8563367342674,346.04991615921074,15918394
2024-06-27,359.5391845703125,363.30475315295075,347.0985587035007,348.00418152601213,55378829
2024-06-28,360.6831359863281,371.3124863231485,359.11018775495035,360.30181961092967,25141039
2024-07-01,352.4847106933594,364.1627031368851,350.6257533204211,363.92437676048667,23389211
2024-07-02,353.1043395996094,355.20162326666025,348.0994858916041,355.20162326666025,13702830
2024-07-03,355.2492980957031,356.7745927543169,351.4360759954566,353.2473506745585,9207317
2024-07-04,355.5352478027344,363.06635437384097,354.3912697267762,356.44087044467784,14916930
2024-07-05,362.0654296875,363.4477343469648,353.67635263665295,356.8699319897579,15946104
2024-07-08,359.8251647949219,363.44771397919294,358.5858502163006,363.06639760599194,8898299
2024-07-09,359.4438171386719,362.4944062908382,357.5372061917115,361.4934471807137,8355819
2024-07-10,363.5906982421875,365.87862553784595,352.7230217683793,361.11209821665165,17715196
2024-07-11,359.4914855957031,365.4019618410836,357.10822200662074,364.54399276752855,19873143
2024-07-12,359.5391845703125,361.68412207097504,354.62966677620034,361.2551520263886,16151583
2024-07-15,367.64227294921875,370.7881986633759,359.3008495362337,360.92148057921554,22951140
2024-07-16,362.6850891113281,370.5975131242828,362.2560899992989,368.59556575577164,11893034
2024-07-18,360.11114501953125,365.0206624223283,356.7269222030353,365.0206624223283,15709153
2024-07-19,347.6228332519531,360.34946707428185,345.9545486821648,360.1111407071692,13330099
2024-07-22,356.0596008300781,359.6344964207415,345.4302504256871,347.71817778519676,18715538
2024-07-23,364.59173583984375,367.6422962832354,344.66762566333983,359.1102286776888,49882257
2024-07-24,374.2677917480469,376.5557194145818,363.8767663219577,366.1646939884926,36868466
2024-07-25,373.8387451171875,377.79495711426136,368.2142484990822,372.6947959754538,25973101
2024-07-26,377.7949523925781,380.84554158422503,371.5031594602401,376.50801326078374,20381410
2024-07-29,375.50701904296875,389.2346120008067,374.3153872047437,385.1354101143421,27751449
2024-07-30,387.9476623535156,393.4291686604816,378.4622615418234,378.4622615418234,34447139
2024-07-31,396.5751037597656,397.90972569428806,389.47296586549896,390.3786177635193,29727771
2024-08-01,403.6772155761719,404.53518468632683,396.1937617687037,400.29296367976303,28803487
2024-08-02,400.102294921875,406.39408739639924,394.0487997088912,396.81337959808707,24233263
2024-08-05,393.9534912109375,396.2414185537202,385.75505823110603,388.6149746827281,42489503
2024-08-06,395.62176513671875,405.1071660824479,393.9534805849374,393.9534805849374,18230579
2024-08-07,399.9935302734375,404.5094431491151,398.74446296171675,404.5094431491151,15556736
2024-08-08,391.7304382324219,400.66614631340633,389.9048376091993,400.04161262124416,16447385
2024-08-09,394.56488037109375,400.04162374868645,392.2108641855873,397.59148936514947,10954753
2024-08-12,385.14874267578125,393.94033202606795,384.42812011719695,393.94033202606795,26254763
2024-08-13,380.6808776855469,388.6557553747369,379.52786989622024,387.21451029918165,11355664
2024-08-14,380.8249816894531,384.33200537405037,378.2307289242963,383.2750864948307,9424614
2024-08-16,382.4583740234375,385.24480451218176,377.89443147269384,382.4583740234375,13844122
2024-08-19,387.31060791015625,391.53825436276065,385.72524415570547,386.5419262591875,10677045
2024-08-20,390.33721923828125,392.21084961950777,387.3106103566289,388.70379637658596,10126083
2024-08-21,392.93145751953125,393.6520800512417,389.32834486097903,391.5382422293421,9726854
2024-08-22,387.5508117675781,393.98835559622273,386.4938928338584,393.7481480804777,10445288
2024-08-23,386.20562744140625,390.0008883206909,383.8996120002865,387.5507835672566,11513586
2024-08-26,398.6003723144531,399.6572912874761,386.20566990553044,386.68608495488564,13772637
2024-08-27,393.6040344238281,399.89748900943385,393.07558961137426,399.22489622794086,8441188
2024-08-28,393.0275573730469,398.16800449086924,391.39416372698025,393.9883875138657,15884745
2024-08-29,393.84423828125,396.43849118894053,387.9351392384066,393.0275268605173,19014705
2024-08-30,399.8974914550781,402.779981698179,395.38157834533723,396.53458617146043,22633988
2024-09-02,393.9403076171875,402.68386665069295,391.730410303339,401.43477003321783,11107165
2024-09-03,390.4813232421875,395.4295920945257,389.7126709373954,394.4207322792103,7538160
2024-09-04,389.2322998046875,392.25890891410836,384.2359712935543,384.33206017303945,11052003
2024-09-05,387.4547424316406,392.40301164103147,386.1095861400889,389.47249153007215,14246871
2024-09-06,379.335693359375,388.79987524995437,377.3179737049684,387.4547190396146,17956121
2024-09-09,374.57958984375,377.3659910423845,370.2077956514635,375.8767162375538,12293356
2024-09-10,380.77691650390625,383.75549536234575,374.4834917454685,374.8197881092318,15852309
2024-09-11,374.387451171875,383.659455984709,372.3216722740221,383.37121867699307,11492592
2024-09-12,388.9920349121094,390.33719105993646,375.3482370587939,375.6845334263019,24028069
2024-09-13,385.6771545410156,391.34604565313725,383.70746477804096,388.99202975619244,12017217
2024-09-16,394.9972229003906,395.86196404478534,386.25366394661097,386.68604917991075,11479712
2024-09-17,399.9935302734375,401.29065668004324,394.0364016731159,395.7178542277737,14432501
2024-09-18,397.9277648925781,403.3084191120582,396.8228161841097,402.10738153280846,10303840
2024-09-19,407.3439025878906,414.9344539537507,404.0770570310093,407.391932360466,59601773
2024-09-20,407.3439025878906,413.0127938954466,400.2337369144011,411.28328224964963,36084164
2024-09-23,411.5715637207031,413.63734249357003,408.35277714231654,410.7548523019772,14139629
2024-09-24,411.3313293457031,414.55011571391003,410.2744104800256,414.55011571391003,12539885
2024-09-25,419.0179748535156,419.8827160014345,408.97728948112103,411.3313347436495,19443168
2024-09-26,417.5767517089844,420.795538288058,413.6853723561796,420.795538288058,20041825
2024-09-27,419.7866516113281,425.16730586639505,416.51983523860395,418.92191041299037,53885913
2024-09-30,425.83990478515625,430.88426272411255,416.6159301180519,419.7866576650844,20903229
2024-10-01,422.861328125,430.21167244300176,421.61223141570485,428.5302197868873,15984996
2024-10-03,418.29736328125,425.1672921946432,415.0785767866347,415.0785767866347,13563784
2024-10-04,413.5893249511719,422.1407069080299,409.60185661044045,415.94334108393554,18347292
2024-10-07,399.1768493652344,416.039404733519,393.0275136896996,413.7334185162963,23431004
2024-10-08,404.4614562988281,410.9470596979186,395.1894220556948,397.7836751442145,18706355
2024-10-09,402.059326171875,408.11254345719044,400.6661109397255,407.82430618539627,13916492
2024-10-10,406.14288330078125,413.0608422281992,404.02904541278286,404.22122315613063,15866037
2024-10-11,405.95068359375,409.93812231372095,403.16428239920435,407.34389885212545,8639087
2024-10-14,407.87237548828125,409.31362063134935,403.54864005907683,407.96846436226065,8483177
2024-10-15,409.8901062011719,410.46661009702905,406.9595569481505,409.9381359749074,9365964
2024-10-16,407.6321716308594,412.58044080212534,404.7496813187967,408.6410315111982,6219440
2024-10-17,401.3867492675781,408.92927094710126,400.28180058586076,407.0556406399501,11968387
2024-10-18,408.30474853515625,409.26557860176706,398.2160328357425,401.3387305522277,8828971
2024-10-21,408.3527526855469,411.95586520924286,402.68386151270613,409.3616124632998,9139781
2024-10-22,399.465087890625,409.60183305229253,397.2551905343637,406.2869870179006,14242323
2024-10-23,392.3069152832031,398.50428111257094,385.9654601265195,397.7836585427471,22522821
2024-10-24,395.765869140625,398.984655488841,390.8656303008847,393.2196755179005,9400171
2024-10-25,383.27508544921875,391.5382294066592,376.26103809915935,386.73407935258973,19642277
2024-10-28,388.0792236328125,390.5773874489563,382.21815488168374,383.27507372569124,11716022
2024-10-29,396.006103515625,398.07188228097175,388.60772964412655,392.9794946899117,20284308
2024-10-30,392.4990539550781,398.55227121008124,389.9048012331028,397.92773757618477,12264297
2024-10-31,394.57757568359375,396.9944419189493,390.08221038638476,395.3993161041669,12204072
2024-11-01,397.67120361328125,401.63487041239284,396.7044570526572,398.2995829771342,2145479
2024-11-04,387.6170654296875,400.5231090825983,380.6081525008754,400.08809080936567,13866505
2024-11-05,389.6955261230469,390.66227263811135,383.94337255730824,386.6986060257945,6665326
2024-11-06,395.3026428222656,397.1394552943553,389.7438503787435,393.1758181977058,9700643
2024-11-07,390.3722229003906,397.2361289158033,388.63209101040394,397.2361289158033,7589295
2024-11-08,384.4267272949219,390.75893436519493,382.3965538105384,389.74383287162277,7536509
2024-11-11,379.496337890625,387.5686773026435,378.77127799438557,384.91012434976545,12243693
2024-11-12,367.6536865234375,381.67151094022915,366.4452533840589,380.07638509680186,10549517
2024-11-13,368.6687927246094,374.71095849791567,366.7352996771514,371.2306651119387,20602407
2024-11-14,360.1130676269531,372.3907598545337,359.00131506369064,367.4119918274149,15086601
2024-11-18,354.5059814453125,367.3636991131677,350.5906401083689,367.3636991131677,16383636
2024-11-19,354.5059814453125,365.9135792482473,352.91082599168874,355.7627401938045,17055094
2024-11-21,344.3067626953125,352.2340958567601,343.0016490098256,351.6057165275293,21276150
2024-11-22,353.29754638671875,354.89267232928063,343.8717673137683,345.17685158319637,15949254
2024-11-25,356.1494445800781,364.656832434369,355.27937853320293,361.5632314868514,18388844
2024-11-26,349.6239013671875,358.0829341021321,348.27046203014936,357.69624136337336,11222231
2024-11-27,357.01947021484375,359.2430048637975,349.33385325084475,351.7023644713081,14225274
2024-11-28,350.01055908203125,359.48469249879605,347.6420478549115,357.406193421034,16837860
2024-11-29,351.5573425292969,353.2491488258794,348.2220849605476,351.17064984777295,14280017
2024-12-02,346.2886047363281,351.79904203112784,345.1284971464958,351.55735540847627,12510350
2024-12-03,355.23101806640625,357.6962098738917,346.288612819559,347.0619982289922,14205760
2024-12-04,360.35479736328125,362.67498331697874,355.7627509850771,356.681172061824,22035954
2024-12-05,356.8744812011719,361.51488231902454,352.2824351122292,360.35477466387056,18758283
2024-12-06,357.2128601074219,358.8563410889947,355.8110657700354,357.16453457969027,9736086
2024-12-09,357.55120849609375,360.8864663087112,355.5210348911999,358.56628054715935,10878679
2024-12-10,356.8744812011719,358.85632932016296,354.21592820231035,356.72947511996847,7913822
2024-12-11,353.3458557128906,358.42127498099643,352.5724702921891,356.9711551901091,9998662
2024-12-12,343.77508544921875,354.7959904228358,341.26153847210094,353.8292438549262,22538216
2024-12-13,345.2735290527344,346.38528169956027,336.47612942944636,343.920089765174,14269143
2024-12-16,341.1648254394531,346.9653042947663,340.00474737004714,345.27349796196665,12168143
2024-12-17,337.44287109375,342.083272230146,335.7027391068286,340.2947852141214,15646176
2024-12-18,330.3856201171875,339.32802534347564,328.69381372302485,337.9262311014932,14672392
2024-12-19,326.1802673339844,329.27386797430245,323.9084071296348,325.7935746296352,14513129
2024-12-20,322.16827392578125,332.46411833973616,319.99309428187127,326.56695873791665,20375797
2024-12-23,322.5549621582031,327.00200193578314,319.5097165994865,324.73014177196666,8884187
2024-12-24,324.1501159667969,325.64859086511586,320.7181774142609,323.95678435275727,7755462
2024-12-26,323.5216979980469,326.1802507717542,321.2015123869999,324.15007729855284,9030212
2024-12-27,323.8600769042969,328.69380939540576,323.08669150682414,325.45520272581047,9090597
2024-12-30,320.3797912597656,325.6002165742575,316.5128051745475,323.8600846370144,36657549
2024-12-31,322.2649841308594,323.4734173775607,315.3527518602808,319.12305768943594,8580998
2025-01-01,322.5549621582031,323.52170865320915,317.8662357568717,321.92658283700155,7843971
2025-01-02,326.7603454589844,327.34039931005617,319.02637278539896,322.5549919171694,16543382
2025-01-03,328.548828125,333.04419378055627,325.84192002396406,326.80866659517034,8689629
2025-01-06,316.6094665527344,330.3372781249801,315.5943945679444,330.3372781249801,10538077
2025-01-07,317.67291259765625,319.3647190088551,314.28929977525866,316.1261122640077,13891401
2025-01-08,314.5793151855469,319.50972839261175,311.14737680270713,319.50972839261175,8993608
2025-01-09,309.6972351074219,315.11102119701246,309.1655068514849,313.2741793163801,12403467
2025-01-10,297.9996032714844,310.3256209250494,297.37122395832546,309.6972416118905,15941143
2025-01-13,288.2837829589844,299.64305294927647,286.97866944252684,291.08734156667504,29630336
2025-01-14,300.078125,302.30165977985166,290.2173278331477,290.4590144720818,22732888
2025-01-15,310.66400146484375,313.51588600969205,302.15661434988056,302.15661434988056,21894626
2025-01-16,314.6759948730469,316.41612682239185,310.95401483958733,313.90260945172975,14865186
2025-01-17,315.30438232421875,318.0596159005053,312.59750377723475,314.48264185371033,7129232
2025-01-20,324.8751525878906,325.79357357265724,313.7575677330373,315.3527230752912,17991880
2025-01-21,313.5158996582031,327.00202605954723,313.03252637504045,326.56697830359525,12774630
2025-01-22,311.6790466308594,316.12608615934096,306.7969889056494,316.12608615934096,11068145
2025-01-23,312.8875427246094,314.289337147395,308.9238756179287,310.3256700407143,6477347
2025-01-24,312.8875427246094,318.92970919736473,311.38909724047244,313.9992954550431,7492600
2025-01-27,311.4857482910156,314.24095233932104,304.52516137281737,312.88751307821667,13803855
2025-01-28,307.6670837402344,313.0808702187769,297.90293786866414,311.77575650031605,22008929
2025-01-29,310.56732177734375,312.16244764623127,302.8816750871184,309.35888861867704,16056888
2025-01-30,312.2591247558594,315.9327497165881,310.4706378002037,311.5340648686554,10375720
2025-01-31,315.6691589355469,317.8613058725993,309.384992489505,314.159025160958,13195557
2025-02-01,309.5311584472656,322.2943012327426,308.60557340577117,317.66643549106175,10097627
2025-02-03,303.2469787597656,305.97497181609333,296.1833945155622,302.1265541020915,15881217
2025-02-04,310.8951416015625,312.2104356494708,302.3213939161228,306.75441980108087,12141064
2025-02-05,311.3822937011719,314.7435677661699,310.21313679767115,312.7462902666593,12226722
2025-02-06,304.75714111328125,314.402611877744,303.3931444568907,314.30517717380957,13384442
2025-02-07,308.8004150390625,311.04126425092375,304.07511502320597,305.4391114883777,8937447
2025-02-10,302.5162658691406,308.7029973818034,301.0548346330578,308.36199081347183,6806132
2025-02-11,297.7422790527344,304.3187199672192,296.3295502223903,304.3187199672192,13241830
2025-02-12,298.37554931640625,299.5934087013712,292.2862523915816,298.3268468341657,7616083
2025-02-13,298.8139953613281,300.6651357094654,295.3065543300232,298.2781193836465,9086906
2025-02-14,292.62725830078125,300.32412364968485,290.67868328926664,298.96012708820365,7446248
2025-02-17,294.5758361816406,295.40398651618,285.27137257129044,289.8505357861115,6464173
2025-02-18,303.1982727050781,304.36739982991213,289.8505224664086,293.40666578706475,15793327
2025-02-19,306.7056884765625,308.2158519185008,302.61369887807547,303.19827731582916,13079903
2025-02-20,316.7895812988281,318.7381563395503,303.4905625924784,304.5135525956993,22888146
2025-02-21,317.86126708984375,321.27127302030954,313.28210437577576,314.98710734100865,10809296
2025-02-24,311.8694152832031,317.03312681861235,311.23613439420285,313.81799016190746,6034113
2025-02-25,310.50543212890625,313.2334251829092,307.63127216641857,311.8694286559077,10686112
2025-02-27,307.58258056640625,311.08999183623087,306.4134236545345,307.24157398936904,7302366
2025-02-28,303.44183349609375,307.5338228829829,298.66780127871704,305.92625456195884,21127180
2025-03-03,306.3159484863281,309.6285196551184,299.78824083401315,303.29565164044317,9779703
2025-03-04,305.6827087402344,306.80313343923706,300.0805555123257,303.29569242822816,8734999
2025-03-05,317.8125915527344,318.8842840068403,305.4391285201632,305.48783100157,10493615
2025-03-06,329.2117004394531,330.08855313669676,314.8896937634298,320.5405486860146,26294903
2025-03-07,321.076416015625,330.0398724142012,320.2482954726346,327.2144447666804,8992315
2025-03-10,320.9302673339844,326.3375803064068,317.90997041239154,320.9789995442844,11383132
2025-03-11,321.80712890625,324.6812887417573,315.3768556012048,318.59199225372737,10299324
2025-03-12,321.6609802246094,326.1914107029773,318.0074024625559,322.4891304639199,6984859
2025-03-13,323.3659973144531,325.9478530992446,320.0047234661789,323.46343200561176,8965150
2025-03-17,323.1224365234375,325.8991617856791,322.00201186895947,324.38902808610794,4353561
2025-03-18,323.1224365234375,323.1224365234375,323.1224365234375,323.1224365234375,0
2025-03-19,332.5243225097656,335.057476037498,327.7016170699998,330.28347308113456,30582397
2025-03-20,332.9627380371094,335.8368979250275,331.5500093329679,335.8368979250275,15002119
2025-03-21,342.2671813964844,344.75163232158565,332.96274781308057,333.20631968419474,36406837
2025-03-24,357.51483154296875,358.5378215864017,344.55678917307,347.820658441156,24588471
2025-03-25,357.51483154296875,361.8991255569329,354.7868085389864,359.51210914506044,23189083
2025-03-26,345.5310363769531,359.51206715743194,344.21574237979854,357.5147897886035,18668095
2025-03-27,351.3768005371094,355.0791110834549,341.97493158401426,344.80035954510913,37930538
2025-03-28,348.40521240234375,354.93292074620217,347.28478773532055,352.6920714121557,11327077
2025-04-01,343.0953063964844,353.56889608181143,341.82874465327615,343.290175772159,18736320
2025-04-02,342.70562744140625,344.36192808126043,338.1264643073824,343.09533649404995,13593404
2025-04-03,349.6717834472656,352.058799753951,342.7056336564081,342.7056336564081,10317410
2025-04-04,341.39031982421875,349.6230607492348,339.5878820777657,349.6230607492348,10872963
2025-04-07,340.8057556152344,342.3646215618517,315.66915000777334,319.5663000078693,18025165
2025-04-08,343.8747863769531,349.03849825419917,341.00062634743813,347.6745016953884,17506712
2025-04-09,340.3673400878906,345.67718906100674,339.24691542258313,344.8977709632871,7462119
2025-04-11,350.8409118652344,352.2049083298919,341.97489024562117,341.97489024562117,11246077
2025-04-15,353.17919921875,358.9762214163254,352.25361425177806,357.5634927262931,17497327
2025-04-16,350.06146240234375,353.66633779367334,348.69746594420843,353.1791940777041,11541484
2025-04-17,354.640625,356.05335366856923,348.0641848385989,350.0127597012363,12288196
2025-04-21,355.1764831542969,358.732656184675,352.497192627948,356.3943424844555,7375594
2025-04-22,350.987060546875,357.6122034398902,350.4512143323274,357.6122034398902,12077119
2025-04-23,354.44580078125,354.8842420743632,348.6975101506468,353.6176801454308,9719205
2025-04-24,353.8612365722656,357.0276709891354,352.30237060507375,354.3970828111932,7491123
2025-04-25,347.2847595214844,356.3943230274272,342.0723159263955,353.861199545306,9785640
2025-04-28,352.2049255371094,353.56892206840587,344.6054950535328,344.6054950535328,5315840
2025-04-29,347.77191162109375,354.9816326894661,344.9951864863246,354.640626140829,9472828
2025-04-30,345.4336242675781,351.7177905909625,342.9492030139025,347.8206405567136,16739088
2025-05-02,339.7340393066406,348.7949005277519,338.66231718525614,345.4335969954307,8221620
2025-05-05,339.6366271972656,342.94919873850176,336.66503249345936,341.97491124208557,9492646
2025-05-06,333.0114440917969,340.5134694755459,331.25773854559543,340.02632574239055,8904223
2025-05-07,333.2550354003906,334.86263359990505,328.33489530164,329.3091828247903,8465490
2025-05-08,331.2577209472656,334.2780178789515,329.6988551374059,332.28071083938704,14286109
2025-05-09,326.1427001953125,330.03984971220945,322.09941351811017,325.60685402989566,11322011
2025-05-12,339.587890625,340.22120127585947,329.40660425783733,331.64745357768135,7978210
2025-05-13,332.7191467285156,340.80572024633017,331.74485932960346,339.6365932073706,14738980
2025-05-14,329.8450012207031,335.0087424971646,329.06558316114706,333.64474602649494,22485535
2025-05-15,333.1575927734375,334.9112982237066,324.09670199266805,330.7705767183953,43307763
2025-05-16,334.27801513671875,338.6623084662309,333.20629304292623,334.1805804494845,6920351
2025-05-19,336.2752990722656,338.75974984782056,333.59600865128397,334.27802174250905,6218209
2025-05-20,333.7908935546875,340.708340546268,332.76787387026775,337.980317787376,9986143
2025-05-21,337.2496337890625,338.4674932421018,331.11163403890316,333.74219261773,5930972
2025-05-22,332.6217346191406,338.0777503699608,329.5527350508336,337.2496000780954,8717514
2025-05-23,335.73944091796875,336.08044745143036,331.4038501344387,333.20628775454304,4045937
2025-05-26,334.6677551269531,342.1697807449365,333.74217011190115,341.97491135243246,16655082
2025-05-27,329.8450012207031,335.6420233871655,328.1399981991428,335.15487966671975,24937330
2025-05-28,331.3064270019531,331.93973761456283,328.4322969377317,329.8937280753369,10985957
2025-05-29,330.6244201660156,333.44984755150284,329.35782876363135,332.2319883566471,15884093
2025-05-30,325.3145751953125,331.9884502069465,324.2915852609797,328.8220159790005,19143010
2025-06-02,323.999267578125,326.1914142592568,321.8071208969932,325.3145615333826,29479727
2025-06-03,319.80987548828125,326.14274430983136,318.59201609952163,324.4377411655679,14081719
2025-06-04,320.7841796875,321.466192873844,316.4973203626291,320.5406077970767,15654279
2025-06-05,320.1995849609375,323.07374501529193,319.1765949662122,320.7354609324231,16270360
2025-06-06,324.2915954589844,324.9248763779097,320.5892851747618,321.1738636125753,11402511
2025-06-09,328.43231201171875,328.8707235333864,324.19415557156725,325.3145802152433,19416373
2025-06-10,330.47833251953125,332.13460343293355,328.1400187287834,330.0885937324766,12061248
2025-06-11,329.4065856933594,333.7908791238844,328.7733048110843,332.232013290897,10807496
2025-06-12,325.1197204589844,332.8652875251476,324.09670083922475,329.4552815917332,11881618
2025-06-13,323.41473388671875,324.34028913297107,318.2022900348364,318.39712968688724,11711773
2025-06-16,325.1197204589844,326.04527565831876,322.0994235428103,323.4634199695977,8065112
2025-06-17,326.5811767578125,328.23744764203144,324.53516709340613,325.412019883039,6796992
2025-06-18,323.8531799316406,327.26318640147747,322.24561139958263,326.5812029472482,17835507
2025-06-19,321.5635681152344,324.58386522383717,320.1021369078034,323.85314962012166,11610604
2025-06-20,326.5811767578125,327.36059485239855,321.22259559207384,321.51486994431997,16592862
2025-06-23,324.04803466796875,327.06833192253436,321.8558877508818,325.1197568851237,8277787
2025-06-24,321.4661865234375,323.1711897227192,313.0873077118169,322.489176549848,100814893
2025-06-25,322.343017578125,325.1197428330004,320.9302888439042,322.97629849133307,17963666
2025-06-26,328.4809875488281,329.11426840566673,322.7814003714975,323.85312244693523,13754087
2025-06-27,329.6014404296875,332.52430285052264,325.85045744259764,330.23475107385036,50845169
2025-06-30,326.28887939453125,328.57846097727514,325.0710200135925,327.11702972014865,11858890
2025-07-01,324.04803466796875,326.62989064595877,323.60959339139316,326.62989064595877,8903292
2025-07-02,325.1684265136719,327.0195666655982,322.78141044086397,324.09670440480113,11326880
2025-07-03,325.9966125488281,327.701615721434,322.4891715043168,325.9966125488281,15786429
2025-07-04,326.87347412109375,327.36061789772725,323.7070395729758,327.06834352490574,5899185
2025-07-07,328.7733154296875,330.28344910026277,325.16843993278087,326.8734429886082,9454556
2025-07-08,334.3754577636719,335.0574411247211,328.3348638064204,329.5040206152087,12092302
2025-07-09,335.1548767089844,336.71374254723264,333.98571989707494,334.4241611347642,9079872
2025-07-10,332.67047119140625,336.1291798444743,332.4268993219537,335.1548923666643,6426072
2025-07-11,333.8883361816406,335.1548980310419,330.7706043067986,331.7448918010749,17234194
2025-07-14,333.30377197265625,336.129199880142,331.20905971708385,334.2293272920089,11516965
2025-07-15,333.206298828125,335.252308363999,332.18330892663425,334.32672341854163,8450777
2025-07-16,333.6447448730469,334.96000912738907,332.03714681481887,333.20630363300415,6001484
2025-07-17,333.839599609375,335.6420373968367,333.20631869294095,335.34976304552697,7562006
2025-07-18,333.30377197265625,335.0574776440899,331.8910431524654,334.18062480837307,6370338
2025-07-21,332.76788330078125,333.98574267420366,330.5757364286209,333.303759264824,4463318
2025-07-22,332.0859069824219,333.79091014162015,331.3064591270511,332.7678904063639,4728372
2025-07-23,334.22930908203125,335.15489408385076,332.18332915446274,333.0114497285289,5058422
2025-07-24,330.18603515625,334.7651984013802,327.8477510507583,334.7651984013802,9098453
2025-07-25,324.6325988769531,331.16030712602645,323.99928823127567,330.1860196500847,7790739
2025-07-28,324.3890380859375,327.9451815479893,321.8558846154022,324.87618184054446,4605823
2025-07-29,325.9966125488281,326.873465376732,320.0534526863084,323.4634590315202,7551356
2025-07-30,330.08856201171875,333.49856794048816,323.95056323309075,326.3862817536403,12537358
2025-07-31,325.65557861328125,331.35516611524565,324.4377193065749,327.4092841217811,8935384
2025-08-01,322.3917236328125,326.14273640586663,321.7097402313719,324.43773330292333,7107542
2025-08-04,323.46343994140625,324.7300017588626,318.7868719799893,322.39171777815415,8193399
2025-08-05,325.0223083496094,325.7530239575299,322.78142931225005,323.90188369737683,9855535
2025-08-06,323.5609130859375,326.7760502248769,323.0737692931953,325.02234446416406,13872826
2025-08-07,321.27130126953125,323.9018893974965,320.19957907914187,323.560882827887,8731389
2025-08-08,326.1427001953125,328.82199048817915,321.17382861469065,321.5148351439974,11247218
2025-08-11,327.5067443847656,330.3809044661656,325.3633296773396,326.3863196816912,11993280
2025-08-12,331.3551940917969,333.0601972651404,327.1170374000495,327.604181163862,7221182
2025-08-13,331.2090148925781,334.18057958170766,330.4295671296203,331.54999169767444,5417151
2025-08-14,330.6244201660156,331.69614220406675,327.6528258908333,331.20899852612445,5689423
2025-08-18,327.4093017578125,333.01145487042396,326.8247530454211,332.6704780324939,6511340
2025-08-19,326.43499755859375,331.89101321396157,325.55814480197415,330.18601017996497,10316115
2025-08-20,333.206298828125,334.57029527441017,327.84771799901773,329.11427975637696,10824544
2025-08-21,330.08856201171875,335.49587496707403,328.23742188267954,333.5473001506344,11135121
2025-08-22,328.33489990234375,330.1860402756887,326.8734685971404,329.79633120754704,8534844
2025-08-25,329.16302490234375,332.6217334984358,328.38357709319916,328.38357709319916,7142387
2025-08-26,324.6325988769531,328.72458843617204,323.21987014367994,327.50672909124484,13113388
2025-08-28,322.2942810058594,324.34029062561814,320.24830111899445,322.73272225755545,10486948
2025-08-29,319.1278381347656,322.976285404538,318.59199193750806,322.4891416859791,11813425
2025-09-01,322.1968688964844,323.07372164752593,319.56628091046656,319.56628091046656,6897558
2025-09-02,327.6528625488281,329.55273499851813,322.5865855711445,322.5865855711445,9224639
2025-09-03,325.65557861328125,329.3091565334003,324.92486302925744,327.8477253653527,10778333
2025-09-04,324.8190612792969,329.5922001613107,324.0809479480754,328.21439461647896,7934237
2025-09-05,323.4904479980469,326.54129209246787,320.7840327289342,324.8190278303053,5678244
2025-09-08,321.52215576171875,325.70479766845176,321.1776968920301,323.5396533737569,5239184
2025-09-09,318.9633483886719,322.94914796612073,318.52046842055296,322.40787692411345,9735495
2025-09-10,320.4888000488281,322.85075668455676,319.9967244983052,320.3411833904529,6509477
2025-09-11,325.8031921386719,328.21437421770185,320.8332413642303,321.27612134900113,10309925
2025-09-12,326.44293212890625,328.2143920966744,323.1952154761205,326.7381654455649,5257048
2025-09-15,325.8524169921875,328.5096067932287,325.40953700839407,325.75399588091045,6566824
2025-09-16,329.73980712890625,330.47792043843276,325.9508495004629,325.9508495004629,8784889
2025-09-17,331.06842041015625,332.1017970741923,329.2477348882994,330.1826904366309,7936518
2025-09-18,331.6097412109375,332.2494334501217,328.80490443338095,331.6589367547557,6497322
2025-09-19,333.28277587890625,334.1193103504831,331.1176614021352,331.6097369696617,10646331
2025-09-22,333.8240661621094,334.95583392381485,331.5113050632019,333.77484058661287,6966213
2025-09-23,337.5638427734375,338.6464150398427,332.7415081691703,334.0701182218535,10738268
2025-09-24,342.0909423828125,344.8465535621512,336.82572777530635,337.859074459081,14653575
2025-09-25,335.1034240722656,345.2401676180112,334.6113485596779,343.7639410802479,13228081
2025-09-26,332.54461669921875,335.3494530543635,331.11761577039425,335.103415304507,6337702
2025-09-29,335.54632568359375,338.301936718208,332.64306795855805,333.72564016283786,16922231
2025-09-30,335.05426025390625,337.61302913447474,333.77484577971336,335.6939524740484,8308029
2025-10-01,334.8573913574219,337.6130022558381,332.692247055876,334.906586895859,6022078
2025-10-03,336.57965087890625,338.0558774178488,333.3811600445307,334.85738658347327,8506827
2025-10-06,333.7256164550781,336.3828061852815,330.33028342692836,335.2018429831596,8436245
2025-10-07,332.64306640625,335.98917408521186,331.511298666383,333.7256386054779,16130172
2025-10-08,328.5096435546875,333.873279363479,327.03341682205604,333.873279363479,13223442
2025-10-09,330.52716064453125,331.06843174858204,325.9508639296648,328.50963282216907,6824759
2025-10-10,334.3161315917969,336.5304715065776,330.62556506716226,330.67476060726113,8970962
2025-10-13,336.284423828125,336.67807823903706,330.87159308484115,332.59385741224963,6663149
2025-10-14,331.314453125,337.5638184529958,329.88745208774424,336.5796673787888,7545848
2025-10-15,333.8732604980469,336.3336382467429,331.4128827493509,331.6097249828098,8121744
2025-10-16,336.08758544921875,337.1701576170371,334.26689998978424,334.8082010906468,6788416
2025-10-17,335.59552001953125,338.7448155054184,334.75898559041366,336.0875955620819,7032129
2025-10-20,336.53045654296875,338.9908341166594,334.9065833172082,335.98915545641324,6896835
2025-10-21,336.57965087890625,338.0558774178488,335.6446953906803,337.5146063671322,346988
2025-10-23,337.2193603515625,339.7289636169493,335.64471262240147,338.3511280827413,8710859
2025-10-24,334.2177429199219,337.809888679138,332.7907117116462,337.0225797576888,7584711
2025-10-27,336.3336181640625,337.4653858541025,335.0542338246966,335.30027158487513,6752390
2025-10-28,333.77484130859375,337.46540795294777,331.9541557572641,336.9733324003672,13186584
2025-10-29,341.99249267578125,344.45287032093074,333.77482533420056,333.8732464467879,15423201
2025-10-30,339.6797180175781,343.4687054454625,338.00667930652526,343.4687054454625,6721032
2025-10-31,331.6097412109375,339.5321459358775,330.28113115484126,339.5321459358775,18651312
2025-11-03,329.887451171875,332.1509866227039,328.11596122287625,331.51129443302676,10242245
2025-11-04,325.3603515625,330.6747613633437,324.4746216013439,330.0842647112706,11887651
2025-11-06,321.47296142578125,327.6731315809044,319.45546361771085,326.78737153452323,11587302
2025-11-07,323.6564636230469,324.6489703926429,318.4458030826677,321.96918999917244,8578167
2025-11-10,323.0113525390625,325.79035948383523,321.5722055529706,323.6564759060022,5246998
2025-11-11,324.20233154296875,324.9963551352011,320.43081791879985,323.50759497478134,6103758
2025-11-12,324.6986083984375,325.7903719861034,323.1105913880966,325.045991852091,6850550
2025-11-13,324.5001220703125,327.4776425776202,323.11058826911164,324.6986052641234,7276001
2025-11-14,325.9888610839844,327.4279777287404,323.75572084900506,324.5497141503254,9169855
2025-11-17,327.72576904296875,328.96640258675814,326.0881085340428,326.53474872536896,6283156
2025-11-18,325.9888610839844,327.2791077708557,324.6985841082101,326.58434091552317,6776200
2025-11-19,324.1527404785156,326.4851376137269,322.6143367009101,326.4851376137269,6935056
2025-11-20,324.1527404785156,327.52725768169756,323.7557437997128,325.5422439987782,5155775
2025-11-21,324.20233154296875,325.93921839679183,322.5647014242876,324.4008450132526,6142545
2025-11-24,321.0263366699219,324.64898043320596,319.6368029183904,324.25198377087,13719726
2025-11-25,321.27447509765625,323.16023202926664,320.08345477826816,321.02634838852583,8074651
2025-11-26,323.6564636230469,325.3437069580184,321.5721933491146,321.8699332644323,7101095
2025-11-27,324.8970947265625,326.2865981361298,322.5646977771625,324.6985812585232,6755179
2025-11-28,324.00384521484375,325.6910885402578,321.8203182185401,325.5422185834422,8930988
2025-12-01,324.64898681640625,325.79036360140253,323.0113566215068,324.64898681640625,6936186
2025-12-02,326.13775634765625,327.4776466503896,324.3016126208665,324.99637953010756,5806943
2025-12-03,320.53009033203125,326.5347444905355,318.8924298443442,326.5347444905355,8546132
2025-12-04,320.53009033203125,321.86995031082324,318.69394665325495,320.48044681758057,5965357
2025-12-05,320.87744140625,321.72107825739164,318.54507462043483,319.8353213653072,6574010
2025-12-08,317.1059265136719,320.7782138345562,315.4682963312413,320.7782138345562,7906928
2025-12-09,317.45330810546875,318.99168153992724,313.1855106643288,315.0712978277346,7152584
2025-12-10,319.190185546875,321.2744558363941,317.1059152573559,317.45329868709297,5484712
2025-12-11,320.1827087402344,321.0263456017354,316.7585480683971,319.2398151381619,6317942
2025-12-12,322.61431884765625,323.5075991866605,320.48043531438657,320.48043531438657,4261023
2025-12-15,321.5225830078125,322.8624429276532,319.1405425083109,320.6293026760478,10219819
2025-12-16,318.5946960449219,321.3737030848919,316.6592955889,319.63681611268436,5241263
2025-12-17,318.8428039550781,319.984180697448,317.1555303088596,317.6021704766537,5043027
2025-12-18,316.1134033203125,319.7360469395152,314.62464317908655,319.5871769831731,5554193
2025-12-19,317.5029296875,318.1976965858744,315.12091934706694,316.56006636988315,10833662
2025-12-22,318.29693603515625,321.224812858892,317.1059157851905,317.55255595115347,8925871
2025-12-23,320.82781982421875,322.3165800090179,317.8502994546204,318.6442927709519,6024641
2025-12-24,320.133056640625,324.202340583696,319.8353167157995,321.4729468801477,5678004
2025-12-26,321.67144775390625,323.3090778540973,319.88491740823196,320.1330440988337,4174183
2025-12-29,323.06097412109375,323.35871405541303,320.6293202648354,321.6714706127625,14043845
2025-12-30,322.4654541015625,323.11057746546095,320.9270806731198,322.5647108396016,8035909
2025-12-31,327.0805969238281,328.1723604385753,322.2669632765072,322.316576499899,8497983
2026-01-01,333.780029296875,334.37553944281365,327.1302518191223,327.32873500849905,10357315
2026-01-02,349.4616394042969,350.35488943856933,333.43266114357067,334.276267666054,23128940
2026-01-05,347.972900390625,352.14141090010577,345.78937325072695,347.7247736833141,18248271
2026-01-06,348.17138671875,351.4466774580942,343.5562359789838,347.278136622167,8641743
2026-01-07,346.2359924316406,348.7172593541995,343.7050819972889,346.93072899661536,7165806
2026-01-08,341.8193359375,347.1788666008996,339.6358391503614,344.15173297579446,8805975
2026-01-09,333.4822998046875,341.8193512420237,331.8942827954556,341.8193512420237,10161744
2026-01-12,334.9214172363281,338.09742068511275,331.1995168978991,334.22665039092703,9406174
2026-01-13,335.3680419921875,336.7079322312866,332.5393915516236,334.9214321050904,5583379
2026-01-14,346.484130859375,347.87363432529014,334.9214326664008,336.36054935688634,20389924
2026-01-15,346.484130859375,346.484130859375,346.484130859375,346.484130859375,0
2026-01-16,343.7547302246094,351.3970142775835,342.81183666554153,350.0075108396703,14275582
2026-01-19,340.7772216796875,345.3427590957348,339.4869446442261,340.9260916444588,9974363
2026-01-20,336.211669921875,345.6900975044803,335.16954992402526,340.4298237142528,7718407
2026-01-21,336.1620788574219,339.04034263593076,334.2762916301079,336.2613053103078,6948955
2026-01-22,339.88397216796875,340.6283522819688,334.5740546303211,336.1620715979687,5885972
2026-01-23,334.17706298828125,342.8614977822708,333.581552830341,341.37273753187264,10084314
2026-01-27,342.1170959472656,343.9035960188152,334.5243949209227,337.94855539511275,12203590
2026-01-28,345.4419860839844,350.6030336560542,342.1171124729344,342.1171124729344,13566973
2026-01-29,355.46630859375,357.798705659296,344.69760362777674,347.37738413523886,20624409
2026-01-30,353.3324279785156,356.6573318838472,348.4691506174911,356.30994843900874,22641103
2026-02-02,347.7247619628906,350.10677221500646,335.2191702781529,342.3652313234041,12622760
2026-02-03,355.8633117675781,363.20788654042616,351.1489043252551,363.20788654042616,11559806
2026-02-04,364.49810791015625,365.78835458365774,354.92042372604976,356.7565672913423,15515053
2026-02-05,364.25,367.92228731992134,362.2649863760218,366.97939373297004,18789794
2026-02-06,365.04998779296875,365.95001220703125,361.0,361.79998779296875,7328789
2026-02-09,361.8999938964844,368.6000061035156,361.0,366.54998779296875,7983235
2026-02-10,366.8999938964844,368.1499938964844,361.25,361.8999938964844,8319282
2026-02-11,368.45001220703125,369.0,366.0,369.0,5782448
2026-02-12,368.25,372.0,366.8500061035156,370.0,6762193
