Price,Close,High,Low,Open,Volume
Ticker,ONGC.NS,ONGC.NS,ONGC.NS,ONGC.NS,ONGC.NS
Date,,,,,
2021-02-12,71.4408187866211,73.20842779793995,71.10939455534375,72.84017615470995,18187705
2021-02-15,72.50875091552734,73.0979558297953,70.40971753944385,71.4408233298755,26118576
2021-02-16,76.4122314453125,77.22238410067666,73.09796598503388,73.09796598503388,76236798
2021-02-17,76.59949493408203,77.53591907753047,75.5132452138736,76.41221010539235,21014091
2021-02-18,82.92972564697266,86.52559689503622,77.42355244220268,77.68575007757653,110000964
2021-02-19,78.73454284667969,84.05343097406339,77.79811867934173,82.92972197325784,48225988
2021-02-22,79.6335220336914,81.31908571602324,78.8843826193217,79.33386512484749,36592043
2021-02-23,84.05342864990234,85.70153856813299,81.99329553872357,82.2180396188621,90860972
2021-02-24,85.10223388671875,86.41322782423791,83.15447260835772,85.40189078696199,26071364
2021-02-25,89.18505096435547,90.27130084602004,86.41323165846754,86.90017342853382,62038881
2021-02-26,83.15447998046875,88.69811312226277,82.44279978034162,86.5256075472445,55154985
2021-03-01,87.68675994873047,88.1362423989496,85.02731306875815,85.6266268127033,41672980
2021-03-02,85.0273208618164,87.38711108609937,84.46546631867665,86.82525654295962,36303917
2021-03-03,85.40190124511719,86.75035460360078,84.80258737123988,85.43936050553977,19434630
2021-03-04,84.42800903320312,87.64931077523723,84.12835784225307,85.36443329362233,38272786
2021-03-05,86.11357879638672,88.5857413050453,85.02732886361642,87.0874623823384,57756103
2021-03-08,88.58573150634766,91.65720181505739,87.79913287274205,89.11012678509815,63866178
2021-03-09,87.46202087402344,89.55961338246173,85.55171320685714,89.44724133460258,26817643
2021-03-10,85.7015380859375,87.64929914608804,85.10222435259303,87.57438635828981,23841269
2021-03-12,86.1884994506836,87.94897608539324,85.40190071057812,87.46203428035084,20691698
2021-03-15,85.6640853881836,87.53693380382154,84.50292279977593,86.9001664856006,19679802
2021-03-16,86.2259292602539,87.12489981798636,84.98984831554621,85.25205163372594,20680669
2021-03-17,81.91838836669922,86.03865487153574,81.46890589108574,86.00120133259782,31017863
2021-03-18,82.55514526367188,84.0534238035968,80.53247152096483,82.405319695871,26710696
2021-03-19,82.7799072265625,84.84004066432763,78.2476113772871,79.59606464092548,50386785
2021-03-22,82.10567474365234,83.34175586132072,81.31908182548511,82.77990132742417,15825065
2021-03-23,80.27027893066406,82.63006892145793,79.85825002027106,82.10566797045962,15815643
2021-03-24,78.50980377197266,79.40876867836614,77.04897865473389,78.65962935121175,31083656
2021-03-25,76.41222381591797,80.6823163900271,75.88782848768716,79.40878161262063,37295495
2021-03-26,76.71187591552734,77.91049781575056,75.10122505797109,77.16135841367604,26637085
2021-03-30,77.53593444824219,79.6335272315849,76.86170778820485,77.94796343923183,31843017
2021-03-31,76.52459716796875,78.06032963541064,76.33731230251385,77.0115389612476,19587582
2021-04-01,78.1727066040039,78.84693330505303,75.7754624619191,77.16136941017065,22299747
2021-04-05,77.49847412109375,78.28507283287945,74.46446276594985,76.52459626155193,24878516
2021-04-06,77.87303161621094,78.21014774637487,75.8878169501014,76.89915390963408,15156974
2021-04-07,78.39743041992188,78.92182565397646,77.4984598130691,77.83557593394367,10330347
2021-04-08,77.61083984375,79.18403142336034,77.38610145550851,77.76067115139097,26105970
2021-04-09,77.76066589355469,78.5847180256813,77.16135213447373,77.16135213447373,17645822
2021-04-12,73.45311737060547,76.59950043224156,73.00362917710333,75.55070417320293,27005598
2021-04-13,76.44966888427734,76.7867792876411,73.45311164378403,73.45311164378403,25505623
2021-04-15,78.73454284667969,79.9706238906617,77.76066514193593,78.09777555598579,28659714
2021-04-16,80.38265991210938,80.79468315285168,78.06032319955439,78.35998010267245,21627285
2021-04-19,77.19882202148438,79.37132183757505,76.33731051744132,77.87304294897162,19166492
2021-04-20,77.04898834228516,78.65963924127395,76.56204657531457,77.38610451117874,23082015
2021-04-22,77.23626708984375,78.24760408558842,76.1500173009846,76.71187182256273,14844968
2021-04-23,76.71187591552734,77.6483001681205,76.1125621076757,76.41221901160152,12790334
2021-04-26,77.01152801513672,79.18402757323877,76.78678392234286,78.84691714952767,11797791
2021-04-27,77.3111801147461,77.91049389241815,77.01152894138984,77.01152894138984,8886250
2021-04-28,77.83558654785156,78.21015625624788,77.38610404087201,77.72321449223664,6887787
2021-04-29,77.94794464111328,79.33385117083442,77.5733749998114,78.58471188823066,14990087
2021-04-30,81.01941680908203,84.42799721040228,77.38609233054098,78.02285959536087,81358264
2021-05-03,80.68231201171875,82.92973023728729,79.40877730342194,81.01942817484209,33975507
2021-05-04,82.14313507080078,82.63007681629539,80.68230983431697,80.90705393700061,30811922
2021-05-05,83.22938537597656,85.40189075764421,82.77990288350601,84.20326887256275,47588366
2021-05-06,82.59260559082031,84.54036657503636,81.9932918808404,84.12834340046939,26083818
2021-05-07,83.49159240722656,84.16581907947547,82.14314477820939,83.04210986422083,28016564
2021-05-10,85.32697296142578,86.11356584828589,84.27817673013264,85.2895137077983,33477142
2021-05-11,88.47335815429688,88.92284063167878,82.967184946539,84.31563809416451,48355326
2021-05-12,86.2259292602539,90.75822415235575,85.17713313397226,88.9228295024931,49718697
2021-05-14,84.61529541015625,86.90017293294738,83.56650479197037,86.90017293294738,23626454
2021-05-17,85.58917999267578,86.45069148143115,84.09090113065957,85.36443587718124,19960145
2021-05-18,86.9750747680664,88.02387096952256,85.62662740803376,86.15102265102209,29395737
2021-05-19,86.07611083984375,86.75033738526406,84.95240183596975,85.77645396238144,25295575
2021-05-20,83.7537841796875,85.9262837887986,83.30429598354606,84.98985957263697,21131045
2021-05-21,84.46546936035156,85.43935288972284,83.19193463623235,83.19193463623235,20562816
2021-05-24,84.69019317626953,85.36441391835858,83.04208342271713,84.84001873773846,24785960
2021-05-25,85.85138702392578,87.72423580592888,85.17716031930848,85.7015614075579,25820379
2021-05-26,84.91495513916016,86.45069329106582,84.65275747591491,86.45069329106582,12045621
2021-05-27,83.7912368774414,85.13969002136213,83.37921365575657,84.65274829075298,22821449
2021-05-28,84.16580200195312,86.56305127070816,83.79123233953636,84.80256928496576,19331994
2021-05-31,85.13970184326172,85.66409718566707,83.45413803705519,84.2781903103267,16430926
2021-06-01,88.09878540039062,88.73555269744746,85.5517104966837,85.66408254098305,51620011
2021-06-02,88.2111587524414,89.44723982710022,86.90016488563231,88.398443590557,27162991
2021-06-03,91.76956939697266,92.74345282778543,88.7355527756156,88.99775611770491,64241347
2021-06-04,93.9795150756836,94.91593912273296,92.40632381973641,93.34274786678579,72354379
2021-06-07,93.7547836303711,95.51525982523047,93.56749880718436,95.103230928028,28709907
2021-06-08,93.49259948730469,94.31665168492361,91.8819486328113,94.2042796317301,15261479
2021-06-09,92.93074035644531,95.88983855697248,92.18160099271897,95.14069919324614,29718157
2021-06-10,92.85582733154297,93.49260040070055,91.73211821958975,92.70600173614125,12245640
2021-06-11,92.5561752319336,94.84104697451535,91.76957657509789,92.85582641979478,18360366
2021-06-14,93.49259948730469,94.24173888795463,90.83315232880537,93.19294258394869,19547491
2021-06-15,93.90462493896484,96.26441524965954,93.5300552298222,94.09190979353616,32779493
2021-06-16,94.91596221923828,96.07713060632553,94.46647971037491,95.14070633141007,31654780
2021-06-17,93.71733093261719,95.14069683145935,92.51870912350576,94.09190060518199,18124616
2021-06-18,90.0840072631836,93.30530876959742,89.07267027900055,93.30530876959742,87912730
2021-06-21,90.6083984375,91.39499700942866,89.11011979800118,89.44723592117607,15669821
2021-06-22,91.4324722290039,93.04311747535814,91.02044324499488,91.91940829949402,23629008
2021-06-23,92.40633392333984,93.19293249505863,91.20771215515646,92.51870596436815,21978870
2021-06-24,91.39501190185547,93.23040124811862,90.90807012157738,93.23040124811862,24358397
2021-06-25,90.57096099853516,93.60497235348616,90.15893201324876,92.106693447689,34557609
2021-06-28,91.65719604492188,93.26784675037364,91.24517284197901,91.80702734047524,23728169
2021-06-29,89.4472427368164,91.73211440686556,89.22249863757492,91.24517838430877,20857415
2021-06-30,88.17369842529297,90.6084012911581,87.68676242450363,90.15891882824815,19094044
2021-07-01,89.03521728515625,89.70944389384273,87.87405463481628,88.21116508141947,16012542
2021-07-02,88.7355728149414,90.53350878490733,88.39846232109569,89.89674134348715,20014124
2021-07-05,90.6083984375,90.98296809737471,89.07266626130136,89.25995109123872,12050022
2021-07-06,91.02044677734375,93.64243495611498,90.683336297694,92.14415599681713,30193164
2021-07-07,89.82180786132812,90.19637753071191,88.24861639301214,89.82180786132812,18479814
2021-07-08,87.68675994873047,89.44723621278509,87.53692865500446,89.44723621278509,17151883
2021-07-09,88.32353210449219,88.88538662714738,87.34964864569795,87.72421832746808,11240925
2021-07-12,88.81047821044922,89.40978630152733,88.39844925400548,89.14758865446315,8420962
2021-07-13,90.19638061523438,90.49603750408494,88.84792747314671,89.14758436199727,8580799
2021-07-14,90.49604797363281,91.20772816594285,89.97164692860606,90.12147824810532,12709481
2021-07-15,87.57440185546875,89.44725045924062,87.05000081712441,89.29741914165066,28589465
2021-07-16,87.49948120117188,87.94896368263916,86.71288257199424,87.79913237849684,19691248
2021-07-19,85.85138702392578,87.31221250317674,85.55173007570912,86.00121835577457,14395883
2021-07-20,84.35310363769531,84.84004543893988,83.60396416362079,83.9410803562427,18634406
2021-07-22,86.52558898925781,86.75033306503201,85.36442079022325,85.70153690388454,11710140
2021-07-23,86.37577056884766,87.46202035559462,85.96374163429964,86.52559615478526,7841690
2021-07-26,85.81391906738281,86.60051199444797,85.47680291394352,86.03865745419574,8149770
2021-07-27,85.8888168334961,86.82524090338707,85.401875174057,86.41321202644346,9704729
2021-07-28,85.6640853881836,86.30085270640454,84.98985881545798,86.07611432581585,11020097
2021-07-29,85.9637451171875,86.75034376392892,84.87749528643029,85.62663467742973,14142749
2021-07-30,86.37577056884766,87.46202035559462,85.25206152787642,85.62663120820017,12236156
2021-08-02,87.7242202758789,88.02387717104654,86.00120313075486,86.11356946539782,10895726
2021-08-03,88.32353210449219,88.54827048426641,86.26339885475649,87.01253821829674,15163353
2021-08-04,87.91151428222656,88.77302580230707,87.34965968854108,88.17371194951703,14304543
2021-08-05,87.53693389892578,87.83659078884938,85.92628311663131,87.04999216723492,11033147
2021-08-06,87.38711547851562,88.54827816341437,87.0125457642618,87.0125457642618,6606584
2021-08-09,86.15103149414062,87.64931030273438,85.62663619732484,86.9001708984375,8294214
2021-08-10,86.03864288330078,86.67541011131894,85.32696287236502,86.2259276983343,14300982
2021-08-11,87.64930725097656,87.87405135063256,86.03865644472161,86.52559818365634,11308648
2021-08-12,87.08746337890625,88.32354464738039,86.3757831686687,86.97509131532122,13519139
2021-08-13,86.9750747680664,87.61184205326067,86.41322027251626,87.49947572653423,10342014
2021-08-16,86.52558898925781,88.6606348471956,85.92627526417947,87.57438515040528,14771886
2021-08-17,85.2895278930664,86.90017890377561,84.42801635566562,86.90017890377561,16025745
2021-08-18,84.80256652832031,86.33830438049921,84.57782816746341,85.32696746794497,10074307
2021-08-20,82.55514526367188,83.7163134183053,81.2816107909273,82.8922613644424,23878081
2021-08-23,83.7163314819336,83.90361633983501,81.28162832921517,82.6675351345896,16886027
2021-08-24,84.80256652832031,86.30084512928342,83.97851444088646,84.7651129925838,17368602
2021-08-25,86.63796997070312,87.79913257412417,84.87749358033713,85.02731916933344,18637317
2021-08-26,86.56305694580078,87.08745222137195,85.70154552266544,86.60051048521025,8779246
2021-08-27,87.38711547851562,87.64931313539726,86.11357502076444,86.52560399263575,9706825
2021-08-30,90.00909423828125,90.19637907618218,87.46201929973272,87.46201929973272,15933414
2021-08-31,90.30876922607422,90.64587971568402,89.18505997340044,89.89674021390151,13376290
2021-09-01,89.67198181152344,91.58228952335595,89.44724342603014,91.24517908737606,10964080
2021-09-02,88.88538360595703,90.00909261307284,88.39844189311093,89.07266844047633,13031666
2021-09-03,92.21905517578125,92.51871206646089,88.99775931854458,89.85926502046382,21326802
2021-09-06,91.13279724121094,93.15547107063706,90.75822759017059,92.74344788378026,12505630
2021-09-07,89.85926055908203,91.95685297421728,89.55960939875943,91.76956814127591,8530847
2021-09-08,90.50601196289062,90.92449522526245,89.40274635119948,90.54405800674671,7801721
2021-09-09,92.94080352783203,94.19624737328172,89.93534634569362,90.62013442548532,27242637
2021-09-13,93.62559509277344,93.89189996565806,92.14188656382625,92.97884722361113,9921031
2021-09-14,94.31038665771484,95.4136581037761,93.43538567585324,93.81582290449269,16593684
2021-09-15,97.73432159423828,99.44628912099225,94.53865119963545,94.53865119963545,42437332
2021-09-16,97.92453002929688,99.86476201327336,96.93539682188617,98.64735836567434,22431820
2021-09-17,97.20171356201172,98.68541645680493,94.91909015155352,97.9245419866522,25968166
2021-09-20,97.77235412597656,98.4571363980255,95.14733993642734,95.14733993642734,29857432
2021-09-21,102.87022399902344,103.47892588505775,98.22889678931027,98.60933401682885,51537119
2021-09-22,101.69087219238281,102.90827603533143,100.77782511518309,102.33762016082866,16424387
2021-09-23,104.8104476928711,105.26697697292865,102.26151383092319,102.5658705543022,18688982
2021-09-24,103.55502319335938,106.44633698019393,102.33761935993812,105.68546248681149,33667173
2021-09-27,106.52241516113281,107.09307095663888,104.62022917611259,105.03871241482142,34196564
2021-09-28,108.19633483886719,109.26156594007867,107.28328790213,107.89198972996202,46109879
2021-09-29,110.13656616210938,113.21810971351987,106.0278491669098,107.16916073335653,68003697
2021-09-30,109.94636535644531,111.12572315459181,107.54961532313428,110.13658398162947,26714630
2021-10-01,111.27788543701172,113.86485385615379,109.64201005579282,110.47896496315175,42893182
2021-10-04,112.30506134033203,112.98984362739859,111.84853207560668,112.45723389189999,16099471
2021-10-05,124.51710510253906,125.23994515291163,113.37029851656406,114.13117300325241,131238378
2021-10-06,127.90299224853516,131.44105359120718,126.15297879333379,126.30515135247693,101221817
2021-10-07,122.04426574707031,129.46279215799942,121.3594833377632,129.46279215799942,59769140
2021-10-08,122.46273803710938,126.7616855624829,122.12034686323565,124.7073152991955,30561341
2021-10-11,125.54430389404297,126.45735105490382,123.794290063212,124.59321068272446,18143592
2021-10-12,124.4410171508789,126.19103068723018,123.83231527605813,125.62037485646493,11619888
2021-10-13,121.73989868164062,124.63122359733389,121.51163404960825,124.51708547630696,16690451
2021-10-14,121.01709747314453,123.07145640174063,120.71274069222625,122.50080049879594,14821875
2021-10-18,123.33776092529297,125.92472957774478,122.65296691021561,124.59319920456622,22899876
2021-10-19,120.6746597290039,124.40293888018195,120.21813053864679,124.40293888018195,10331930
2021-10-20,117.85943603515625,121.24533629168407,116.90834306647352,121.16924421018082,17118996
2021-10-21,117.93553924560547,121.96817613536297,117.59314806657437,119.91381745115373,31555789
2021-10-22,119.49531555175781,120.48445450030563,117.55508369307186,119.45726951334811,27317028
2021-10-25,122.80513000488281,123.98448770920321,120.90294390437334,120.97903599240276,34568006
2021-10-26,124.0986328125,124.74536915699015,121.96818193824659,124.44102400782104,33022684
2021-10-27,120.1420669555664,124.47906046218833,119.4572846176905,124.09862325003009,21652522
2021-10-28,114.2833480834961,119.34317049689092,113.14203632844782,114.1311755048277,24815027
2021-10-29,113.40834045410156,115.53879126164703,111.08767103177564,114.05507677834133,18736450
2021-11-01,116.52792358398438,116.87032639275132,112.91376975386378,114.13117358275585,11444653
2021-11-02,116.37574768066406,117.78337009194975,115.15835549660093,117.13662214946217,20609479
2021-11-03,115.65291595458984,117.32683741613857,113.9789944930411,115.04421407492957,11591857
2021-11-04,115.69097137451172,116.29967330350102,115.08226944552241,115.65292532707046,1114216
2021-11-08,117.85943603515625,118.35401134488423,115.42464035733276,116.37573332601549,16568525
2021-11-09,119.19097137451172,120.33228298656267,117.93553324526452,119.07684485731546,13601954
2021-11-10,119.98988342285156,120.75075777760651,119.03879047940787,119.2290090680966,13900618
2021-11-11,116.79422760009766,119.34316164124242,116.45183642099443,119.15294302951587,14158749
2021-11-12,117.66922760009766,118.3920676067184,116.6420540712548,117.17466385769436,10552485
2021-11-15,120.06599426269531,123.45188334839712,118.69641788813529,119.03880907926953,45750584
2021-11-16,119.57141876220703,121.51165098994407,119.3051196627282,121.28338632608859,12956283
2021-11-17,119.76164245605469,121.16926493446766,119.15295214000714,119.45729729803092,11420415
2021-11-18,117.4029312133789,119.45728992835885,116.94640189448431,119.45728992835885,18351511
2021-11-22,115.627685546875,121.26901771138398,115.1937341405689,119.33597458055512,21558590
2021-11-23,115.74601745605469,116.53501554646972,113.14232134985399,115.03592399034333,21216047
2021-11-24,121.07176208496094,122.96536484304377,117.56072277240817,117.56072277240817,36294271
2021-11-25,122.37364959716797,123.08374330054579,120.36170138538483,121.50574659156443,11554142
2021-11-26,116.0616455078125,120.12498161373047,115.39099219052927,120.12498161373047,23135841
2021-11-29,113.69464874267578,115.23319286959568,111.95884302086107,114.4047423276673,18736522
2021-11-30,112.11663818359375,116.5744727664452,111.32764005996299,113.10288583813221,22980651
2021-12-01,112.2349853515625,113.33957793127568,110.18358537305951,112.35333025683313,14278744
2021-12-02,113.61573028564453,114.1285742525215,110.77533221284102,110.85423684120178,8561767
2021-12-03,115.11483001708984,115.8643879218294,112.94508501510171,113.61573828592441,10690334
2021-12-06,113.1028823852539,115.0753776341132,112.62947870986545,115.0359253213049,7749262
2021-12-07,115.11483001708984,115.39098419664198,114.01023737719498,114.40473646846556,10253663
2021-12-08,117.08732604980469,118.62588214465892,115.82493617501885,115.98273340447247,12266948
2021-12-09,116.25886535644531,118.27080071581724,115.46986732087841,117.95520631725232,7989291
2021-12-10,116.41667938232422,116.77172614181603,114.83868308311048,115.39097938000403,10324085
2021-12-13,115.1542739868164,118.74421786498434,114.68088233510075,117.52126836286261,13595587
2021-12-14,115.90382385253906,116.33777524449228,113.57628170917093,113.81298356288688,12331999
2021-12-15,113.57627868652344,116.5350216813399,113.3001365638342,115.43042911227084,10361033
2021-12-16,114.68090057373047,115.39099418381386,114.04969956523529,114.64144825335741,12156709
2021-12-17,109.986328125,114.48362683639438,109.27623466486159,113.77352133710063,17667617
2021-12-20,105.72573852539062,108.60557658747256,103.87158829529089,108.48723169582993,17238729
2021-12-21,107.34320831298828,107.9744092854954,105.56796234983796,106.55421010714369,8615570
2021-12-22,107.93496704101562,108.842310246757,106.75146962179213,108.40835878521004,4968143
2021-12-23,110.85424041748047,111.24873949369926,108.21109179115201,109.2762441126053,6324169
2021-12-24,109.27625274658203,111.72215202805293,108.25055265954077,111.68269970948263,5657495
2021-12-27,108.368896484375,108.92119275996646,107.30374420782614,107.73769558120368,4404298
2021-12-28,110.06523895263672,110.85423708132946,109.27624082394398,109.78908479193186,8738089
2021-12-29,109.59184265136719,111.13039873741337,108.44779769543187,110.61754269567903,6571286
2021-12-30,110.85424041748047,111.4065367163555,109.2762441126053,109.4734936507147,11556524
2021-12-31,112.35334014892578,112.78729157171878,110.02579784014532,110.8147960491663,6393760
2022-01-03,112.8661880493164,113.18178249444794,111.40653665248121,112.31389175075802,3765911
2022-01-04,116.61392211914062,117.24512300984757,112.90563344007624,112.90563344007624,16351836
2022-01-05,118.6258773803711,119.21762599642385,116.2983231925718,117.16622597844507,12977680
2022-01-06,118.98091888427734,119.454310532706,117.0478758984262,118.82312166813445,9012777
2022-01-07,123.91213989257812,124.2671865892881,119.41485364289187,119.5331985287438,30889365
2022-01-10,124.93785858154297,125.76629698592497,123.39930259819121,124.8589539529561,16418985
2022-01-11,126.98924255371094,127.54153881921363,124.34610612624958,125.29290144413358,14457548
2022-01-12,130.14523315429688,130.73698172460058,127.34428751369491,128.36998744338575,21220614
2022-01-13,129.35623168945312,130.5791811107077,128.64613823925637,130.1452297626296,7445346
2022-01-14,127.06817626953125,128.8434224116537,126.39752291128828,128.56726819610464,11646259
2022-01-17,130.8553466796875,132.70948509008258,128.05440086747103,128.21219808805586,32577835
2022-01-18,129.27734375,132.86727548059946,128.92228497299072,132.78838289394062,11175409
2022-01-19,134.32693481445312,134.91868342597053,130.1057899032997,130.42139638626944,36648534
2022-01-20,131.64434814453125,134.83978106928586,131.3681939721704,134.83978106928586,14474454
2022-01-21,129.1195526123047,131.28929769587884,128.0544122493172,130.42140688594355,8625926
2022-01-24,130.7369842529297,132.78838415198354,129.1984403482172,130.34248519843132,28783449
2022-01-25,130.30307006835938,131.52601989411573,128.6067284656116,128.6067284656116,14249846
2022-01-27,130.7369842529297,133.14343089320093,129.79018892996476,130.26359261102508,25936832
2022-01-28,133.1829071044922,137.83799196720759,131.1709591577004,132.1966592912764,32790065
2022-01-31,136.1811065673828,137.95635267944172,133.77465942987132,135.39210829535662,24031034
2022-02-01,134.87921142578125,137.99575125043216,132.9461686514399,137.28565783590827,14220953
2022-02-02,135.15536499023438,137.32510957343118,134.5241641582008,134.56361646754436,12478192
2022-02-03,132.15719604492188,135.11593923995744,130.97369876690766,134.1296915082789,12529302
2022-02-04,133.81410217285156,136.2599894175605,133.3801507464679,134.1296966434084,17434362
2022-02-07,135.78659057617188,136.7333859772459,133.49848864782325,134.68198590895494,11723574
2022-02-08,131.72323608398438,136.49667720325905,131.3681893314603,135.70767906913616,13231599
2022-02-09,129.35623168945312,133.81407802639336,128.6855905507462,132.4727716706692,17938632
2022-02-10,133.41958618164062,134.44527410073448,130.30303399327508,130.85534230559432,26763203
2022-02-11,132.67002868652344,134.52417907893354,131.84159029419484,132.5122314708016,12884995
2022-02-14,131.13148498535156,139.13982311763453,130.342486866259,133.2617774990703,44604164
2022-02-15,129.51402282714844,134.12966615460095,123.39928804657104,134.12966615460095,31146458
2022-02-16,132.9856414794922,133.2617836103447,129.7901965427957,129.7901965427957,15960268
2022-02-17,135.51043701171875,136.0232810115298,132.94619293435,132.98564525106394,24640791
2022-02-18,132.4727783203125,135.5104258701827,131.52598299280615,135.07647450032184,11829998
2022-02-21,130.28018188476562,133.5890188968097,130.00113125678416,133.4694153425661,14222260
2022-02-22,131.51602172851562,132.75185221536438,130.1605998447942,132.75185221536438,29399172
2022-02-23,128.1673126220703,132.67209977008588,127.29026860244063,132.55250838829977,21301826
2022-02-24,124.89834594726562,129.48286887850395,124.38010039533562,128.16731499070642,28766189
2022-02-25,127.17070007324219,127.88827282482565,125.01796965253011,127.0909643604166,20225258
2022-02-28,128.0876007080078,129.0443806037979,124.22066193204297,127.96800930401493,20210070
2022-03-02,129.92141723632812,134.22689042246824,129.08424088074847,132.0741477464171,41103406
2022-03-03,135.78164672851562,136.97760953792832,129.8815562358352,134.18702964929867,42345653
2022-03-04,131.75521850585938,136.3397419939604,130.63899156644536,135.62216927090296,32658756
2022-03-07,149.05679321289062,151.32912687088375,133.23022980599563,133.23022980599563,132538155
2022-03-08,142.79795837402344,155.4352909018948,141.76145488242824,151.4886162280922,73127816
2022-03-09,139.8478546142578,146.5452508513318,138.612036626414,145.90740185266412,51977091
2022-03-10,139.01072692871094,141.04385365283312,131.55588838705984,134.14714073407768,62112814
2022-03-11,140.0870819091797,140.64519534986155,136.89784834418546,137.5356974903764,26187452
2022-03-14,136.97756958007812,139.92760788287856,136.02080204484002,138.73164542234116,20214021
2022-03-15,130.55923461914062,135.14375736149213,128.88488231641986,134.1869898310628,42333127
2022-03-16,133.38967895507812,133.828200946471,129.04435122064123,132.35317574795656,25545119
2022-03-17,135.78164672851562,136.7384145428532,131.23699048593988,132.83160756515682,66314748
2022-03-21,137.5755615234375,139.52896459456943,135.7816176929359,136.89784454330837,20614652
2022-03-22,139.88775634765625,144.51214750087644,138.57220235403256,140.48573764765987,39742745
2022-03-23,140.0073699951172,141.68171045619138,139.4093886520275,140.72494274044018,10994784
2022-03-24,141.4823760986328,143.83443349451295,140.72493553602206,142.63847086956093,20332589
2022-03-25,140.1668243408203,142.91753598943308,139.60871087335647,142.31955466730156,13608989
2022-03-28,140.60533142089844,141.8411496221226,139.24989750246186,139.92761446168015,15253027
2022-03-29,136.33973693847656,139.68842979851016,135.98095059025167,139.4891026977229,14210783
2022-03-30,129.16397094726562,131.436304932167,128.48625388763915,129.96127940990306,95239532
2022-03-31,130.67884826660156,131.75521952547862,128.48625005967227,129.04437569965967,33523683
2022-04-01,133.907958984375,134.14715396549997,130.39980648108258,130.67885715409327,28335224
2022-04-04,133.98768615722656,134.7849945994999,131.8349557962808,133.11064200434137,17745513
2022-04-05,137.0174560546875,137.73502876217262,134.9843171621984,135.74175772364626,20054934
2022-04-06,137.77490234375,138.33301582454723,135.7816312223588,136.02082619011804,12969222
2022-04-07,134.62551879882812,138.5721926698446,134.10726107546728,136.02080840132606,24550313
2022-04-08,136.25999450683594,136.57892515193157,134.50591853967055,134.74511348200224,9529874
2022-04-11,136.4991912841797,137.73502169787366,135.18363733261018,136.33973204246828,9724979
2022-04-12,134.66539001464844,137.2965102874346,134.10727654247228,136.33974259713813,13184429
2022-04-13,138.93096923828125,139.40935907765177,136.10052238158357,136.65863575020984,23458303
2022-04-18,140.1668243408203,142.7182088820559,139.60871087335647,140.32628359352984,23916912
2022-04-19,141.2431640625,143.35603841068726,140.32626436061838,141.3627676101103,17880666
2022-04-20,139.92762756347656,141.4026530053164,139.36951410325318,141.04385448392333,10076403
2022-04-21,138.85125732421875,140.88439624082204,138.65193021800198,140.08708781595496,12246720
2022-04-22,138.73165893554688,140.56547065351918,138.49246398694868,138.85125032686574,10267952
2022-04-25,135.26336669921875,137.93435473533353,134.18700764681432,136.33973791758402,12583497
2022-04-26,133.1106414794922,136.89785656535773,132.1140059305802,136.41947880145673,20086229
2022-04-27,131.436279296875,134.6653682079868,130.24031683617898,133.9079277494045,13981957
2022-04-28,131.39645385742188,132.35322170159012,129.52277386453818,132.35322170159012,13030499
2022-04-29,127.92811584472656,133.50927401203992,127.17067538378303,132.7518335510964,15964743
2022-05-02,124.65916442871094,126.9713537595176,124.3003659412066,126.09430971488895,23405519
2022-05-04,129.36326599121094,129.8017879701356,125.93483801865275,126.77201413006188,23661920
2022-05-05,131.436279296875,134.26671405442147,130.2801725187681,130.91802159766448,26878516
2022-05-06,133.1106414794922,133.46942784390825,128.44639441016088,130.67884830695468,16768573
2022-05-09,131.35655212402344,133.3896908723369,129.7619354062811,131.755206303459,9952775
2022-05-10,123.14427185058594,128.88488951997215,121.90844147864449,127.92812193606777,22602956
2022-05-11,126.45308685302734,127.56931347959065,122.58613717179414,122.785464224106,15084514
2022-05-12,124.77876281738281,128.36665056612546,122.78549184585913,126.7720337889065,21459069
2022-05-13,122.42670440673828,127.80853598160925,121.9483145114767,127.56934103397846,12934346
2022-05-16,122.38682556152344,124.57942341360285,121.0314038679753,122.94493894522452,13205775
2022-05-17,130.0808868408203,130.51940898249572,124.02134907772727,124.38013549692963,17843200
2022-05-18,130.12071228027344,131.15721550468774,127.72878737745239,129.16394475233687,12616832
2022-05-19,127.56934356689453,129.20382821453748,125.81526752604185,126.41324882401167,8932407
2022-05-20,129.08419799804688,130.59909093963793,127.64905291206124,128.88487093988687,7235654
2022-05-23,123.66255187988281,130.91805185189054,123.30375332599081,128.9646484811947,18029557
2022-05-24,120.114501953125,125.77539628793605,119.71584776520761,125.49633349000975,19141394
2022-05-25,121.66928100585938,122.18752666038316,117.68273853733137,121.90846382120135,19366472
2022-05-26,121.11115264892578,122.22739181500344,118.08139017262232,121.82873757696753,12824105
2022-05-27,114.6529541015625,123.98146025334894,112.50022378437502,123.58280604031567,52469252
2022-05-30,114.85227966308594,117.4435320129447,112.54007795902002,116.12796582805524,40261336
2022-05-31,120.5928955078125,121.9881852079029,115.92863650112606,115.92863650112606,57675204
2022-06-01,119.39694213867188,121.90845892662321,118.5996336769779,120.5530369749358,22780094
2022-06-02,121.54966735839844,121.90845371763794,116.40703043340267,117.84218803632177,25429955
2022-06-03,120.8719711303711,122.94496589073034,120.51317257953558,122.7456387695826,16747177
2022-06-06,122.74564361572266,124.38012850685783,121.82874368862761,122.06793867664098,30327268
2022-06-07,129.04437255859375,129.9214045204409,122.94495585002487,123.42334576809493,61411715
2022-06-08,130.28018188476562,132.67210697811598,129.24369074374857,130.35991758759468,45994327
2022-06-09,131.99441528320312,133.42957291500622,131.15723898415456,132.35320164966356,31122996
2022-06-10,131.2768096923828,132.87142632838362,130.24031861174984,130.75856415206633,17812698
2022-06-13,127.21056365966797,130.71871591892742,126.33351951187248,129.16396689870928,12237777
2022-06-14,124.34022521972656,128.00784821501958,123.82197969832947,127.21053992612622,12844437
2022-06-15,120.71247863769531,125.37673732507572,120.23410092998955,125.1375423882429,16223385
2022-06-16,114.45362854003906,120.8320960346735,113.69618795824347,118.91854848670641,25130676
2022-06-17,112.77926635742188,115.7293048894138,112.14141722905492,113.57657472639052,22922034
2022-06-20,107.15824890136719,110.74613686234102,103.65009665035505,110.50695406437842,28656582
2022-06-21,110.90560150146484,111.78263342761528,107.636632248281,108.51367634039194,20581784
2022-06-22,107.51704406738281,109.19138443055823,104.44740181928661,109.19138443055823,31824106
2022-06-23,107.47718048095703,108.75286668936556,105.40417366409632,106.83933129377209,26829020
2022-06-24,109.51031494140625,112.42048577049937,107.79609456093206,109.23125213161995,25461812
2022-06-27,112.81913757324219,113.69618167164457,109.4305769040812,111.62317498412655,24188349
2022-06-28,119.07803344726562,120.99156904686058,113.33740231655551,113.85566015900268,54387675
2022-06-29,122.90508270263672,125.49633495433518,116.5664834739818,119.07801218674275,165860322
2022-06-30,120.83209228515625,123.14428181382763,118.99828050416126,121.98818704949194,38725546
2022-07-01,104.48725128173828,120.51314021913967,103.65007516452538,118.75906445723945,125788305
2022-07-04,100.46084594726562,103.61021130369045,98.94595895844904,103.61021130369045,85993413
2022-07-05,101.57708740234375,102.53386109469773,100.46085446942082,101.25816283822576,44595740
2022-07-06,96.4344482421875,98.46758708895729,95.55741022155398,98.06893289021657,59092334
2022-07-07,98.46759033203125,98.9858420240591,96.67364637861368,96.67364637861368,36229792
2022-07-08,96.87297821044922,100.73992303764464,96.4743239791305,100.73992303764464,42778692
2022-07-11,100.06221008300781,100.38113467835457,96.51418992759942,96.87297629550159,31521678
2022-07-12,98.94597625732422,101.05884484141342,98.4675924095823,99.58382544296722,25216226
2022-07-13,99.22502899169922,99.5838214252657,96.79324199587944,97.63041217490706,27166975
2022-07-14,101.37775421142578,105.72308820979265,98.7067725532071,99.18515632911526,38464081
2022-07-15,100.89938354492188,102.3743968305424,99.34462846749331,101.736553740786,18088858
2022-07-18,103.57035827636719,104.20820744177031,101.21830088453153,101.29803659244227,21010247
2022-07-19,101.97573852539062,106.20146910341042,99.22502108580328,104.04873900545505,33778758
2022-07-20,105.6832275390625,108.91232889099297,105.40416474142938,107.63663062461342,60317150
2022-07-21,106.12175750732422,106.44067601476675,105.08525410919417,106.04202179748297,20853780
2022-07-22,105.60348510742188,106.67985621147899,104.88591248202349,106.67985621147899,11630255
2022-07-25,103.49063110351562,105.60349346345158,102.37439206173244,105.2447071223629,21705935
2022-07-26,102.21492767333984,104.92578335327622,101.85614135030764,104.32780209290259,22172845
2022-07-27,102.53387451171875,103.80956076915982,101.89602530001731,102.93252874828693,20187969
2022-07-28,103.84941864013672,104.04874573925406,102.25480184719795,103.96901003322287,25736737
2022-07-29,106.95891571044922,107.23797851348563,103.57035505110116,104.00887709903242,19738642
2022-08-01,110.34746551513672,110.82585536872358,106.20146472590152,106.91904950628181,20592826
2022-08-02,108.99207305908203,109.27113590953654,107.3177324542428,108.99207305908203,15037928
2022-08-03,108.1548843383789,110.38735038950949,106.67987103324637,108.43394715700569,15853543
2022-08-04,108.63327026367188,109.35084296233201,106.83932635106078,107.11838915940682,14311959
2022-08-05,108.83260345458984,110.4272203550234,106.52041381534578,107.71637649067094,66480753
2022-08-08,108.83260345458984,109.62991190480662,107.67650863496782,108.67314419773878,12451233
2022-08-10,106.67986297607422,109.03192024842403,106.40080017852411,108.75285745087392,15829467
2022-08-11,105.882568359375,108.43395305693402,105.28458700060514,107.2379903393943,19479706
2022-08-12,110.9853286743164,111.38398288088074,106.44067315267526,106.75959165154237,40876891
2022-08-16,111.58331298828125,113.13806200254791,108.51368281466989,111.22452662590607,31230003
2022-08-17,111.34410095214844,112.26101281091712,110.5866604886156,111.58329587904285,15694770
2022-08-18,110.65026092529297,112.89510202225974,109.95639596753135,112.85428423841985,42597708
2022-08-19,109.87477111816406,113.05835891390983,109.42580041470283,112.24205307337618,35382493
2022-08-22,107.67074584960938,109.79314622362885,105.9565108913689,109.79314622362885,31231393
2022-08-23,109.180908203125,109.54824334703316,106.20139681206685,107.6707373876995,24268146
2022-08-24,111.0176010131836,112.1604242765718,109.79314217847937,109.95640086527206,22730039
2022-08-25,111.466552734375,112.77263446181833,111.14002296063623,111.83388783097352,14620592
2022-08-26,111.54818725585938,112.8542815728535,111.09922901174127,111.42574636307053,12105053
2022-08-29,110.93595123291016,111.5073752472542,109.1808987769614,109.54823388915558,9198908
2022-08-30,113.1399917602539,114.16037403638954,112.28286815713231,112.5685677209473,21720398
2022-09-01,109.95638275146484,111.22165916339014,109.50741209486718,110.20127696923059,20349294
2022-09-02,108.36460876464844,110.81352647684389,107.99727359898705,109.95640278640757,17495310
2022-09-05,108.89519500732422,109.30334793082369,108.28296562207501,108.48704208382475,14865879
2022-09-06,107.8340072631836,109.50742428318891,107.50747745120694,109.46661895555071,10870488
2022-09-07,108.16051483154297,108.52784993791654,106.16056818054234,106.93605617307267,12042788
2022-09-08,107.62993621826172,109.50742979430036,107.34422417538313,107.46666507613719,14629497
2022-09-09,109.38497161865234,109.5482302791545,107.71154232287115,108.16051298113011,12327341
2022-09-12,109.38497161865234,110.5277946980048,109.05845429764803,110.2012773770005,13500202
2022-09-13,109.30335235595703,110.32373470601577,108.97683498627393,109.54824661113898,10846178
2022-09-14,108.73193359375,109.46661631107006,107.75236909316166,108.11970422390249,8597956
2022-09-15,108.24214935302734,109.71148976443011,107.75236091200144,109.0584551175122,10810473
2022-09-16,107.14013671875,107.75236607142857,106.11975446428572,107.01769583054951,20909579
2022-09-19,106.56873321533203,109.67069799490905,105.87486824743121,107.83400979782465,19411428
2022-09-20,108.73193359375,109.05846339783838,107.180957505805,107.26258061494829,13080582
2022-09-21,106.85443878173828,108.73194486845527,106.16058623080008,107.915638957347,11156865
2022-09-22,105.01773834228516,106.81362110380121,104.56878010774442,106.44627352159402,11366882
2022-09-23,104.97694396972656,105.38509692068843,104.07900249527464,104.69123192171743,10407849
2022-09-26,100.77295684814453,105.14019822145075,100.11991589091933,103.91573942024404,12848954
2022-09-27,101.58926391601562,104.40552292882028,101.09948163532947,101.50763457388786,14465123
2022-09-28,100.03827667236328,101.18109979164932,99.18115310497984,101.18109979164932,15267018
2022-09-29,103.38513946533203,104.65040982443985,100.81377473461424,100.81377473461424,20597761
2022-09-30,103.50758361816406,108.07888887582156,102.44638352869116,102.44638352869116,33530494
2022-10-03,108.07887268066406,110.20127254157732,106.60953234477917,107.5074611660603,50966493
2022-10-04,109.30335235595703,110.20129380634441,107.58911748136188,110.11965823600403,14137567
2022-10-06,108.28297424316406,111.46657477342967,108.07889776516652,111.42575698666222,14570735
2022-10-07,109.42579650878906,109.5890551799006,107.09931996397545,107.79318488599723,13532236
2022-10-10,108.77275848388672,109.38498789373973,107.91563481892464,108.56868201393571,10183057
2022-10-11,107.0177001953125,108.97682922145262,106.32383525164197,108.77275276223641,13176461
2022-10-12,107.22177124023438,107.7523650250681,105.38508320003436,107.01769479132327,9401804
2022-10-13,105.99732208251953,107.62993382068179,104.20144543378935,107.09932753227561,13320136
2022-10-14,104.1606216430664,108.40541565427701,103.71165717771166,107.75236850550024,13205955
2022-10-17,104.32389068603516,104.6504080454676,102.85453765691152,103.67084351133144,9320940
2022-10-18,105.05855560302734,105.38508540160936,104.16062045464369,104.85447914985292,6490293
2022-10-19,104.32389068603516,105.05856097267757,103.9973670986833,105.05856097267757,7381712
2022-10-20,105.79324340820312,106.93606661873963,102.69127867923987,103.67084321053385,18748363
2022-10-21,107.38504028320312,108.89519867754657,105.09938134340209,105.58916985044486,11945173
2022-10-24,108.40542602539062,109.38499061435124,108.07889619184407,108.56868471424414,2154912
2022-10-25,106.73198699951172,108.48703954718742,105.99731673672616,108.11970441579466,10232002
2022-10-27,107.58909606933594,107.91561337403665,106.36463749295314,106.73197257470063,13865026
2022-10-28,109.14009857177734,110.69108728701343,107.58912231238105,107.83401657855936,22918037
2022-10-31,109.42579650878906,110.36454320955907,108.40541424454418,109.71149606927472,8753855
2022-11-01,110.32371520996094,110.77268585581398,109.46660415204892,109.46660415204892,11630848
2022-11-02,111.38493347167969,113.62977461420684,110.48700448817227,110.89515742317721,21117499
2022-11-03,111.3441162109375,111.58901046426062,110.40536943834454,111.3441162109375,7561534
2022-11-04,112.52777099609375,112.97672926724073,111.05841791497475,111.34411750062834,7498344
2022-11-07,113.09916687011719,113.46650197527251,111.62981399365837,113.09916687011719,9987481
2022-11-09,113.1808090209961,113.46652107077635,111.83390925680834,113.42570328425921,12033732
2022-11-10,114.16038513183594,114.97669103208263,112.1604257115599,112.24206128392038,15908521
2022-11-11,114.65015411376953,115.34401906843824,113.62977180151485,114.77260746474336,18492513
2022-11-14,113.67058563232422,115.09912081980404,113.13999183073847,114.77260347357256,12743505
2022-11-15,116.2011489868164,117.01745488077131,114.2828251536866,114.2828251536866,24636519
2022-11-16,116.65008544921875,116.97661521924041,115.26236818017875,116.56846234859117,11460200
2022-11-17,116.89498901367188,117.38477747996595,115.67053030377481,115.87460675542432,13368536
2022-11-18,115.71135711669922,116.93581592216694,114.4460805265481,116.85418035280013,19958908
2022-11-21,116.0970458984375,116.86846270584223,115.19706616244676,116.5684651009688,16348881
2022-11-22,115.88276672363281,116.48274886040356,113.91138563541779,115.668486454884,11198874
2022-11-23,116.9970474243164,117.12561037684638,115.32566364826687,116.18278487481864,9010911
2022-11-24,119.52555847167969,119.99697778585063,116.13993207130544,116.99705334120436,11803087
2022-11-25,120.46837615966797,121.11121700035069,118.06843440539306,119.13983580653093,9789098
2022-11-28,119.65412139892578,121.02550743332267,119.18270213640791,119.56840404987481,8925344
2022-11-29,120.21121978759766,120.93977786624662,119.5683790400704,120.03979820398274,13558920
2022-11-30,120.9398193359375,121.539801623635,119.65413740002874,119.65413740002874,17720938
2022-12-01,120.03980255126953,121.71118593964448,119.82552229433354,121.23976675865951,27727625
2022-12-02,120.76834869384766,124.11112858012139,120.4683641785421,121.58262414063334,24518337
2022-12-05,123.21115112304688,123.38257271757917,120.51122504293271,121.28262875764267,18440387
2022-12-06,122.096923828125,122.69690610892843,120.98266354741419,122.43978018760755,10977472
2022-12-07,120.55406951904297,121.49690789820559,120.08266340809085,120.68264552272653,9731670
2022-12-08,122.26832580566406,122.56832343713732,120.29695763985944,121.0683614370325,10150945
2022-12-09,120.59693145751953,122.5254538574115,120.25408826232389,122.13975199315902,9438307
2022-12-12,122.01119232177734,122.13975525375038,119.3112530426744,119.99695253000037,8946335
2022-12-13,123.72541809082031,123.98254392066326,122.18259771862178,122.61115820653092,12593054
2022-12-14,126.5110855102539,127.36820665035418,123.51116151990291,123.72544180492798,17692988
2022-12-15,126.38251495361328,127.58249244878847,125.69681539617478,126.5539365733151,11426194
2022-12-16,126.16822052001953,128.99672270332672,125.99679891952843,127.1539176104454,20540447
2022-12-19,124.96826934814453,126.46823139740196,124.28256979561492,126.03967081189984,10635055
2022-12-20,125.01113891601562,125.31112350482937,122.65405549035538,124.71114124856959,6714207
2022-12-21,122.99687957763672,125.8253818630924,122.31118007227926,125.56824291375457,10011408
2022-12-22,121.92547607421875,124.41112202459615,121.32549392191697,124.28255909147079,9123323
2022-12-23,119.8255386352539,122.99688425466547,119.39697806293799,120.5112381666855,8007752
2022-12-26,121.11122131347656,122.43976171392681,119.56840062516758,120.42552177660248,7150680
2022-12-27,124.11114501953125,124.62540986187128,121.79692053242402,121.79692053242402,8765357
2022-12-28,123.3397216796875,123.98256250792485,122.31117897023377,122.95401979847112,9534858
2022-12-29,123.98257446289062,125.1396932967446,122.13976914237058,122.35404943911158,36752195
2022-12-30,125.78253173828125,127.49677407883703,123.8968677793961,124.66827160119375,9644998
2023-01-02,128.95387268066406,129.2538703106124,126.21108765299738,126.25394632565153,9631496
2023-01-03,128.1824951171875,129.08247511256334,126.85395446483585,128.3110580828269,14991139
2023-01-04,125.35395812988281,127.58247817253265,124.28255677834537,127.5396195027452,13535874
2023-01-05,125.56825256347656,125.9968131524304,123.55401256394099,125.01112902928907,16320559
2023-01-06,126.29679870605469,126.9396395279478,125.39681893967831,125.7396621465693,16804116
2023-01-09,126.98248291015625,128.73958374181402,126.6824983790043,127.9681800004178,18660445
2023-01-10,128.01104736328125,128.8253098297462,127.36820650891987,127.36820650891987,18490715
2023-01-11,125.82540130615234,128.5681866727785,125.35398200595904,128.1396260505359,12538238
2023-01-12,125.26826477050781,127.06822461711035,124.92542150383699,126.59680531646374,13270422
2023-01-13,125.95394134521484,126.42536055963777,125.05396158652195,125.4825221307919,8854484
2023-01-16,126.5110855102539,126.68250712254782,125.13968645464118,126.59678977708552,9696320
2023-01-17,126.7253646850586,127.71104875608623,125.69680886304472,127.1110665789985,18484595
2023-01-18,127.92532348632812,128.353884034021,127.02534372044705,127.06820239094235,12139643
2023-01-19,130.06813049316406,130.36812811784594,126.89678495189042,126.89678495189042,18437610
2023-01-20,129.9395751953125,130.71097902037368,129.03959534698697,130.28241843342164,17512691
2023-01-23,130.5823974609375,131.22523824972723,129.72527640921788,130.75381905555557,16742252
2023-01-24,130.41099548339844,131.31097542906642,129.93958924966853,130.5824301996267,8276792
2023-01-25,130.66812133789062,131.48238384355457,129.5538611876304,129.63957853712398,9827342
2023-01-27,126.55392456054688,132.12521168312048,125.65395787288129,130.66810843601954,13052535
2023-01-30,124.19685363769531,127.58249275852397,122.78260892343289,126.42537393512288,12688399
2023-01-31,124.19685363769531,126.76821717535883,123.63973010265407,124.4111339325006,19050398
2023-02-01,123.63972473144531,125.13968672992038,122.01119979312466,124.96826511724937,11526089
2023-02-02,122.95403289794922,124.28257336690798,120.55409093444813,122.56833097564028,11886667
2023-02-03,123.6825942993164,124.5825741934057,120.08268780159109,122.99689470959925,9250428
2023-02-06,122.99687957763672,123.59686174033817,121.3683546962142,121.45405896023998,6436143
2023-02-07,123.98257446289062,124.23971343470612,121.8826301705551,123.33973357266763,8681511
2023-02-08,123.3397216796875,125.05396388832044,122.69688085145016,124.62540333616221,10325869
2023-02-09,125.31111145019531,125.48253306711743,122.73974796047052,123.98257103144464,8078404
2023-02-10,125.7396469116211,125.99678582494872,124.11112225826021,125.26822775029187,6396208
2023-02-13,126.98248291015625,127.53961945994664,125.65395569759944,126.38250076922256,6563018
2023-02-14,127.23963928222656,127.8824801810037,125.9968161603171,127.41106090617416,6991500
2023-02-15,126.42538452148438,128.05390966691834,124.71114201949815,127.71106639797405,12631259
2023-02-16,133.6251678466797,134.09658704478514,127.19675990514034,128.56815883078718,30949761
2023-02-17,134.22518920898438,136.11085329026034,132.33951204907643,133.28235062903042,19874561
2023-02-20,132.7252197265625,135.2537245874948,132.33950473331976,134.73944664892528,8348393
2023-02-21,132.08238220214844,133.62518989983533,131.52524557475564,132.76806869950633,7599927
2023-02-22,131.65382385253906,132.42522771456925,130.025285696896,132.210947410824,9599697
2023-02-23,132.5537872314453,133.8823276959753,131.3538227930107,131.73952471403385,18675946
2023-02-24,136.38124084472656,136.68920385569876,131.7618762354697,133.52163418185327,14648507
2023-02-27,136.60122680664062,137.30513275394608,134.6214988819067,135.5013779595662,11904749
2023-02-28,133.78561401367188,136.7771974530294,133.037711440888,135.63335198766717,17607584
2023-03-01,136.2052764892578,136.46924288335816,133.60963603669626,133.7416125208022,7707977
2023-03-02,135.54534912109375,136.42522803336843,134.31351058837714,135.94129194644,8219892
2023-03-03,135.72134399414062,136.99716593646045,135.01743806620556,135.50137423077896,8260104
2023-03-06,139.19686889648438,140.51668752715753,135.10543651175334,136.11729209158034,14491522
2023-03-08,139.24085998535156,139.7687927869312,137.61307836872177,137.7450682820611,7339476
2023-03-09,137.52508544921875,140.0327324536831,137.30511570711374,139.94475261237366,5314022
2023-03-10,137.08517456054688,137.87706042695473,135.6773625470547,136.90920141533294,4689681
2023-03-13,137.08517456054688,139.0209060096808,136.55724169901472,137.4371208509747,8785721
2023-03-14,134.8854522705078,138.00902537987278,134.66548252232562,137.0851497523299,7177342
2023-03-15,134.22555541992188,135.8973202901169,133.5656461144413,135.50137739200642,9832270
2023-03-16,133.91757202148438,134.97342406461175,130.2220831575949,133.03769308123034,18551936
2023-03-17,134.75347900390625,136.2932674312974,133.6976267674445,135.06144205974033,16593429
2023-03-20,134.00559997558594,135.63336838090024,133.38968724314566,134.62151270802624,8749355
2023-03-21,133.34568786621094,135.28141931101158,132.8177550058606,134.75348645066123,6148489
2023-03-22,133.34568786621094,134.44553680369884,132.72977514639578,134.0935770881685,4329409
2023-03-23,134.44554138183594,134.75349103928463,132.24584343195605,132.9497494610958,4484564
2023-03-24,131.4539337158203,134.79747702032537,130.92601430514463,134.35753746515076,8301726
2023-03-27,132.20184326171875,134.13757472080545,131.32196410523477,131.58593053735805,7437261
2023-03-28,129.5181884765625,132.20182216067568,129.03425233256038,132.20182216067568,8964539
2023-03-29,131.40994262695312,132.72976121339366,128.9022819423605,129.56219123558077,24012834
2023-03-31,132.9057159423828,134.62147718207498,132.02583700655225,132.0698336385212,7998472
2023-04-03,135.1934051513672,138.8889077514415,134.709482434304,135.94130768373657,20016785
2023-04-05,134.53350830078125,138.4489810155711,134.2255586729605,137.9210481880362,15880397
2023-04-06,132.50978088378906,135.01742794255438,132.33379434558415,134.79745819568615,10670936
2023-04-10,138.27297973632812,138.58094275725503,131.9818502450048,132.59776286097053,17431401
2023-04-11,139.94476318359375,140.16473294231494,137.61307568561608,138.22900175074625,13305621
2023-04-12,138.71292114257812,139.94475981731887,137.7890589188829,139.9007631814552,7333339
2023-04-13,139.68081665039062,141.22060518039493,139.02090728038877,139.15288378403295,11610851
2023-04-17,140.9126434326172,141.1766098682848,139.0209085911321,139.98878104661648,9358885
2023-04-18,140.86863708496094,141.26457996050513,140.2527110275717,140.9126202954415,8008560
2023-04-19,140.86863708496094,141.17658668776713,139.06488240093915,139.28485215689574,11374283
2023-04-20,140.03274536132812,140.86864119908662,139.4608293494933,140.4287016743248,5733670
2023-04-21,140.4287109375,140.6486807143909,139.636811685159,139.81278482149375,3512214
2023-04-24,141.0006103515625,141.44054985343945,140.16472798317392,140.4286943694777,7028440
2023-04-25,141.3525848388672,142.3644539509881,140.7806687424573,140.95664189320718,10169778
2023-04-26,141.79251098632812,142.18846732034106,140.5606856219687,140.780655396025,9177783
2023-04-27,140.8246307373047,141.57251980044953,140.42868788906478,140.95660721142215,6456825
2023-04-28,139.85678100585938,140.60468361520475,136.24928473214968,140.60468361520475,12656744
2023-05-02,144.5201416015625,145.00407778982023,140.20873939902543,140.34071589314593,16612560
2023-05-03,141.79251098632812,143.72825573873507,141.5285579981722,143.33229940472214,8029435
2023-05-04,141.6605224609375,141.83649558005914,140.07673753706612,141.48454934181586,9929482
2023-05-05,141.04461669921875,142.49641178502762,140.51668389025787,141.70452599747534,5488707
2023-05-08,145.18003845214844,145.48800147982652,140.78064334753788,141.0446097389922,9699470
2023-05-09,145.40000915527344,146.49985793859622,144.65210661225854,145.18003939860887,7600834
2023-05-10,146.89581298828125,147.51172567280338,145.18005142929476,145.40002120418765,10901429
2023-05-11,146.9838104248047,148.39160896839314,146.14792794175375,146.14792794175375,7877677
2023-05-12,145.61997985839844,148.69955647171804,145.1800403422099,147.95165392384214,16373574
2023-05-15,145.7079620361328,146.58784100150586,144.6520965369751,145.6199687692405,8559162
2023-05-16,147.81967163085938,148.25961112976074,146.71982288360596,148.0836380153778,12249266
2023-05-17,147.15975952148438,147.81966875700672,146.14790406403856,147.81966875700672,7360259
2023-05-18,146.3678741455078,148.2156119536831,146.05991113120137,147.3797296052785,7433090
2023-05-19,145.092041015625,146.71982252796965,144.3001552898772,146.23588639517357,5969632
2023-05-22,145.7079620361328,146.4118544677212,144.38814358807323,144.38814358807323,7331865
2023-05-23,145.18003845214844,146.98379313021644,144.6961023054636,145.70797123505707,10119254
2023-05-24,146.27989196777344,146.45586509248173,144.87208011832956,145.1800431559857,6107980
2023-05-25,146.05990600585938,147.291731168084,145.3999967919775,146.27987574382,8077606
2023-05-26,144.08018493652344,147.29173788689076,142.8043630833318,146.10390930325218,14873707
2023-05-29,139.90077209472656,141.00062093194924,137.70107442028117,140.78065116450472,43253971
2023-05-30,139.768798828125,142.27644617929352,138.36098691365572,140.51668799915163,16117505
2023-05-31,136.29327392578125,140.25273007060125,132.02586813634272,139.90078378364,83741017
2023-06-01,135.1934051513672,137.2611262049379,134.79746228018445,136.11728080138576,13982606
2023-06-02,136.11727905273438,136.38124543876123,134.97343366387682,136.38124543876123,9851058
2023-06-05,136.7332000732422,137.2611328777429,135.89731765435678,136.82119334928862,11850547
2023-06-06,135.1934051513672,137.17313293316917,134.79746228018445,136.8211866978708,8118800
2023-06-07,135.369384765625,135.94130072518172,134.22553942062393,135.14941502335125,12180164
2023-06-08,137.34913635253906,137.83305912906096,135.67735796474278,135.94132438659378,13850599
2023-06-09,135.72134399414062,138.0530181154186,135.32540110526742,137.87704498990706,11764248
2023-06-12,136.4252471923828,136.60122031437336,134.2695462397492,136.24927407039226,11017643
2023-06-13,136.95315551757812,137.43709163345505,135.72133033706191,136.557212668547,10073644
2023-06-14,138.88893127441406,139.372854073437,137.12917294810353,137.34914273889234,9695952
2023-06-15,138.71292114257812,138.93289089600808,137.437099257862,138.58094466087545,7426254
2023-06-16,138.14100646972656,139.59280148583647,137.56909047571682,139.2408552473518,11466647
2023-06-19,138.8449249267578,139.41684097247946,137.70107940942492,138.93290478138982,4718221
2023-06-20,138.36097717285156,138.8449133234987,137.7450645383409,138.62494356646712,6059738
2023-06-21,140.95663452148438,141.26459758860904,137.78907769596984,138.14102397906365,8284206
2023-06-22,139.85678100585938,141.61653921524643,138.58095898923168,140.9566298867263,10629027
2023-06-23,138.0530242919922,139.90077575725513,136.7332056527728,139.90077575725513,8722650
2023-06-26,138.0530242919922,139.24086643764542,137.1291619852502,138.14101757162928,4273205
2023-06-27,138.88893127441406,139.7688104375693,138.44899169283642,139.7688104375693,9730174
2023-06-28,139.5048370361328,140.912635571337,137.74507879771016,138.88892433786287,40243993
2023-06-30,141.04461669921875,141.6605293590804,139.85677459200127,141.6605293590804,7840112
2023-07-03,143.33230590820312,143.64026897621108,140.7806617837291,141.0446282097516,9548822
2023-07-04,141.83648681640625,143.33227837535213,140.78063474102606,142.9803321588546,5394282
2023-07-05,143.24432373046875,144.6521222699745,141.968501688892,142.5404177477709,8795342
2023-07-06,145.531982421875,145.88394208029118,143.02433530686466,143.2443050586667,9845699
2023-07-07,143.8602294921875,146.0599271908448,143.2443168217413,145.61998765111335,7597171
2023-07-10,143.2003173828125,145.53199152744585,142.9803476172475,144.2121729340559,5437687
2023-07-11,144.82809448242188,145.26803399977322,143.3322893827164,143.64025241521776,6343183
2023-07-12,147.51171875,148.6995608490313,145.40001438048768,146.0159270361047,15614026
2023-07-13,147.64370727539062,148.96352585039253,147.11577447503433,148.3915964123584,11350009
2023-07-14,148.9195556640625,149.35949526720597,147.995679812283,148.69958586249078,9448062
2023-07-17,146.411865234375,148.171623294528,146.19189547685588,147.6437039320152,4968847
2023-07-18,146.85179138183594,147.9516400693149,146.10390232988263,146.41185190684436,4322257
2023-07-19,146.71981811523438,147.77567019310501,146.14790215560498,147.11576096619993,5968174
2023-07-20,147.11578369140625,147.90768294155086,146.05993145043647,146.93981055555957,5217131
2023-07-21,150.06336975097656,150.45931262533924,146.49985702993558,147.24775956831164,7842863
2023-07-24,150.45932006835938,151.55916889926846,149.79941076981396,151.03123609007648,8451631
2023-07-25,152.2190704345703,152.5270334618742,150.72327878599788,151.3391914147173,10480578
2023-07-26,152.17507934570312,153.36292143616095,151.33919693154965,152.96697854797128,9103949
2023-07-27,150.45932006835938,152.79099421953097,150.1953536637634,152.61502109176334,7731146
2023-07-28,151.16322326660156,153.93483689992172,148.61156596958907,150.1953509425815,9004252
2023-07-31,155.78260803222656,156.17855096922395,150.8112827204888,152.0431216005691,9277749
2023-08-01,155.47463989257812,155.73860631727695,153.36293534676767,154.2428144785037,5584773
2023-08-02,154.81472778320312,157.1903987113507,153.09896619209042,155.73860354022992,8975495
2023-08-03,151.4272003173828,154.68275034169935,150.8992674806224,154.1988141456506,6152393
2023-08-04,152.5270233154297,153.4948821173508,151.42717461377785,152.5270233154297,4605271
2023-08-07,152.17507934570312,153.5388945613687,151.42719020709796,153.36292143616095,2240015
2023-08-08,152.5270233154297,152.92296616284685,151.8671140944386,152.13106704212504,3631238
2023-08-09,155.65060424804688,155.95856729712756,152.483047608124,152.52704424740543,4852294
2023-08-10,157.19036865234375,158.15824086526774,155.6505804937111,156.706445971769,10430692
2023-08-11,155.91456604003906,158.11426368006752,155.47462651203335,157.41035775008064,4112277
2023-08-14,156.61846923828125,158.77417020273154,156.0465532322048,158.37822731961026,12876956
2023-08-16,157.5423583984375,157.89430467446695,154.6827512715562,155.12269082953796,8371665
2023-08-17,156.3985137939453,157.58635597792616,155.8265977355189,157.2343962739108,5199363
2023-08-18,154.67788696289062,156.75142724763964,153.66316372827006,156.75142724763964,6734650
2023-08-21,155.33966064453125,155.560250900072,153.79552885574617,154.67788987790908,3599820
2023-08-22,155.42788696289062,156.97201873473105,154.94259917703494,155.33965893989892,5348036
2023-08-23,154.8543701171875,156.35438126602617,154.4131895755431,156.17791174212073,6379611
2023-08-24,152.7366943359375,155.9131858545707,152.47198334344463,154.85435534835963,7976333
2023-08-25,154.14846801757812,154.63376927295582,152.51610820336685,152.73669845910572,4757915
2023-08-28,154.58966064453125,155.11908268530064,154.0161313201659,154.50143261357755,4354221
2023-08-29,155.03085327148438,155.38380581408865,154.36908240083454,154.94262523365543,4596468
2023-08-30,155.074951171875,156.08966097184808,154.41318039873755,155.03083042758033,5937955
2023-08-31,153.66317749023438,155.29555088217094,152.6925883754778,155.11908135801173,15823452
2023-09-01,160.36912536621094,163.0162085909627,153.8837660800645,153.8837660800645,22460960
2023-09-04,161.42794799804688,162.75148954511545,160.4132381974653,162.22208100454455,10998180
2023-09-05,161.56031799316406,164.11915972159835,160.94265447051444,161.91325703716828,13506519
2023-09-06,161.51620483398438,164.78093826755023,160.898554746082,163.14856481888623,11954407
2023-09-07,160.36912536621094,163.41326838192316,159.707354560023,163.23679885969202,11137801
2023-09-08,162.75149536132812,163.19267589278402,160.5897134499465,161.0308939814024,9737214
2023-09-11,161.82501220703125,164.07503559150086,160.854423124155,163.63385506371313,10845871
2023-09-12,159.6190948486328,163.14853874546282,159.00144485943954,163.1044314677604,15524470
2023-09-13,162.26620483398438,162.97209642383086,159.61912146988178,160.50148259124933,10578786
2023-09-14,165.79563903808594,166.67800010473624,162.53090578423212,163.01620706364207,17746404
2023-09-15,164.69268798828125,169.14861407528812,163.7662196377127,169.14861407528812,19924829
2023-09-18,164.78091430664062,165.44268504682793,163.3250240637326,163.94267406182206,5022956
2023-09-20,166.0603485107422,167.2074205795016,164.29562639380813,164.5162166584249,12687099
2023-09-21,164.73680114746094,166.28093294564184,164.1632718650695,166.2368122015131,7814108
2023-09-22,163.32504272460938,165.6191734744543,163.23680123033154,164.64858435620664,7814821
2023-09-25,163.67799377441406,164.73682446456877,163.45740348630838,164.11917435062543,5540062
2023-09-26,165.66329956054688,166.01623862150922,163.4573967701268,164.11916760725282,12446655
2023-09-27,165.22210693359375,167.0309497823613,164.38386662721695,167.0309497823613,5630907
2023-09-28,165.39857482910156,167.20741766012958,164.56033453094545,166.67799564878834,14890642
2023-09-29,169.28097534179688,169.6339143815335,166.01622863730705,166.3250603948976,10085766
2023-10-03,162.8838653564453,167.03095985688586,162.04561153574778,167.03095985688586,22118500
2023-10-04,161.25148010253906,162.88385341247408,160.67795081189215,162.75149117818256,9360058
2023-10-05,160.7661895751953,162.35444224644553,159.70735894894912,159.92794922374048,11128340
2023-10-06,160.1044158935547,161.91325880731517,159.35441705090585,161.91325880731517,5759904
2023-10-09,160.3249969482422,162.97208004633234,159.92793717628084,161.38382749472606,14622727
2023-10-10,161.9132537841797,162.79561484022426,160.6338329456673,160.85442320967843,11819690
2023-10-11,161.6926727294922,162.97209364087493,161.25149217634214,162.7073826162325,8499601
2023-10-12,162.75149536132812,163.10444786474966,161.47207451285828,161.6485440326884,8677885
2023-10-13,163.14854431152344,164.3397370528469,162.3985455361157,162.79560529530337,7435899
2023-10-16,164.6044464111328,166.06033666827318,164.33973541971812,165.83974641938764,12376549
2023-10-17,164.3397674560547,165.0456590828467,163.72211733152278,165.00153833171666,4381065
2023-10-18,164.95738220214844,165.92798466379253,164.1632627071742,165.88386392212507,10181113
2023-10-19,164.38385009765625,164.69266835644663,163.28089889391964,164.11913911600752,9148124
2023-10-20,164.29563903808594,165.26624166260225,163.3691571626408,165.0015306319376,7912216
2023-10-23,163.1044464111328,164.0750354934289,162.53090364709485,164.0750354934289,4723090
2023-10-25,162.6632843017578,163.98682603419275,161.4720913570613,163.10446487923613,6812004
2023-10-26,159.6190948486328,162.48676801480718,158.7367338744253,161.9132387670763,8474867
2023-10-27,163.01620483398438,163.94268663404748,159.08970083384767,159.70735087930268,6422123
2023-10-30,166.5897674560547,166.9427064874217,162.88385377165716,163.23679280302417,7352638
2023-10-31,164.2515106201172,167.47213665926873,162.53090919677516,166.94271462265812,9404675
2023-11-01,164.73680114746094,166.58976469078232,163.28091083753756,164.25149988956622,9167869
2023-11-02,164.29563903808594,165.57505997857578,163.8985792239701,165.0015306319376,11471209
2023-11-03,167.6486053466797,168.22213466367685,163.94269150018962,164.69269034058885,7464912
2023-11-06,170.5603790283203,171.35449851970205,167.25152537462978,167.82505462243213,8962124
2023-11-07,170.47216796875,174.7075040940864,169.72216908498737,170.64863750235517,13921916
2023-11-08,172.36924743652344,173.42807807093368,169.67804337056597,170.91334353341762,10186886
2023-11-09,170.03099060058594,173.5604351941166,169.58981002639462,173.3839656571926,5303833
2023-11-10,172.8545379638672,173.3839600211925,170.0309850735773,170.0309850735773,6025889
2023-11-13,172.76629638671875,174.08983796251522,171.2662852935683,172.85452441351515,11181086
2023-11-15,176.03102111816406,179.1192846465529,174.39864786765435,175.14866011005296,19769385
2023-11-16,178.0604705810547,179.47224024621332,177.3545790165945,178.6781206510467,18629240
2023-11-17,173.25160217285156,177.57516604763725,172.54571062127636,177.2222270037304,13199928
2023-11-20,174.5751495361328,175.14867886732205,173.8251372134128,174.70749831601896,6423265
2023-11-21,173.75721740722656,176.2563406054305,173.575465766164,175.39300991031232,10720353
2023-11-22,173.57546997070312,174.34793179738213,172.4395048530938,173.7572216161683,7538825
2023-11-23,173.2574005126953,174.2570553993705,172.30320087249706,173.5754763039362,6541617
2023-11-24,171.6216278076172,174.34794428515352,170.98547620278188,173.43917212597475,5751331
2023-11-28,176.25637817382812,176.71076430671593,171.21268932542057,171.62164793843107,9277764
2023-11-29,174.48426818847656,177.66497099399567,174.21163374607931,177.66497099399567,8791333
2023-11-30,177.1651153564453,177.80125304316408,174.529681854284,175.07493678571657,14965403
2023-12-01,176.80162048339844,180.16407458759505,176.52898607132582,177.43775820039312,9935740
2023-12-04,183.61741638183594,187.11618085263538,178.1647834610198,178.5737281567285,28615290
2023-12-05,183.61741638183594,185.34407792672266,180.98196881671723,183.7537266581513,14557746
2023-12-06,183.52655029296875,185.1623430911761,180.93655774034067,185.1623430911761,12662213
2023-12-07,180.75477600097656,182.57232031015386,178.16478368045648,182.57232031015386,16425880
2023-12-08,178.07391357421875,182.02707827434054,176.39269328880098,181.618133549064,10414387
2023-12-11,179.75511169433594,182.52686918057486,176.52896818959098,179.0735326665769,10108266
2023-12-12,177.57408142089844,179.75514300974987,176.80163337492536,178.98268109701357,10719911
2023-12-13,175.52932739257812,177.57406463882916,174.52968639224588,177.57406463882916,10892122
2023-12-14,178.07391357421875,178.39198939763585,175.6202313557958,178.02847218990723,15257294
2023-12-15,182.70864868164062,183.52653809299295,178.89180831739156,179.25531164093417,22863981
2023-12-18,180.8456573486328,183.25389799275132,179.34618885199487,182.70864302432048,8061011
2023-12-19,182.02708435058594,184.98059416149962,181.11831210107405,183.57199440140337,16739742
2023-12-20,184.66249084472656,192.65968822358633,182.6177535876366,183.34477405239878,57762576
2023-12-21,184.16268920898438,187.8886609461579,182.8449722320497,185.34409589638796,22823936
2023-12-22,185.3440704345703,185.8438978721265,183.3902159302968,185.38951181375944,9910694
2023-12-26,188.43392944335938,189.4790119722803,185.07146106315,185.84392301357948,17052969
2023-12-27,186.79812622070312,190.7512769227614,185.84391264890868,190.38777359386975,20361303
2023-12-28,189.29725646972656,189.84251148244718,186.61638119025017,187.66146369803744,22010872
2023-12-29,186.34373474121094,189.02460984791293,185.6167142376741,189.02460984791293,12171663
2024-01-01,186.61639404296875,188.2067455397716,186.07112512593054,187.20709048078967,4820168
2024-01-02,188.16127014160156,191.5237242108597,185.07143661482107,186.61636031159236,21141219
2024-01-03,189.25180053710938,191.251096496922,185.84390496921426,186.75267712065295,11650902
2024-01-04,195.06793212890625,195.74951122630532,190.20600955418362,191.29653333666968,31054419
2024-01-05,196.7037353515625,197.65794891276985,193.6139154899761,195.7949631726532,20743811
2024-01-08,198.06687927246094,200.65688534144408,197.2944312964,198.11232065146734,19310595
2024-01-09,196.88546752929688,201.24757632971964,196.2493298403681,200.8386316630341,11951525
2024-01-10,192.75057983398438,195.38601353967493,190.56951833953042,195.38601353967493,16500666
2024-01-11,192.5233917236328,194.4772463623437,191.61461954436953,194.4772463623437,12586419
2024-01-12,203.0196990966797,204.24654708415733,192.9777776193228,194.29549450457768,39228118
2024-01-15,212.19830322265625,213.9704061935614,204.1556639135506,207.65444233994413,57884916
2024-01-16,213.65234375,217.15110830141265,210.01725505236845,213.51601960378107,34505065
2024-01-17,210.88058471679688,215.60619722509014,209.65373674120295,211.01689499552384,26010955
2024-01-18,212.24374389648438,213.10707468796576,204.15566323219255,209.06304128920132,19232183
2024-01-19,219.9683074951172,220.42269358212766,213.5614608949171,214.47023306893803,26391844
2024-01-23,208.9267120361328,223.2398734190371,207.20005049537636,222.64917706740005,20282617
2024-01-24,212.97076416015625,213.56146052554303,207.29093808234924,209.92637183574655,14458601
2024-01-25,212.6981201171875,215.83338119701273,211.5621549529927,213.5614508686231,18291957
2024-01-29,229.4649658203125,231.69145479452345,217.2874246660583,219.01408618889232,54127939
2024-01-30,226.46600341796875,239.27968164404987,225.96617599210745,233.10004248825786,51491099
2024-01-31,229.23777770996094,231.14620479557948,223.8305861230587,227.60198504611114,33293192
2024-02-01,225.05743408203125,231.41883960353803,223.0581379771961,231.41883960353803,29758133
2024-02-02,233.78163146972656,236.2807548382076,226.28426136428345,227.19303349827655,30482663
2024-02-05,238.96165466308594,243.596370571741,231.82778753805047,236.32619316707317,34001868
2024-02-06,247.4586639404297,248.45831892722777,236.46254228623243,241.14271366359708,36708949
2024-02-07,247.0951690673828,250.50306500266353,243.14200423575153,249.91236858725384,23756939
2024-02-08,248.23114013671875,250.50307081293533,244.5506235346594,248.14025736296435,25252940
2024-02-09,243.14198303222656,250.50304315720737,235.50830234960878,249.91234679331015,26743792
2024-02-12,234.37232971191406,242.27865843521923,233.3726748097051,238.0528735245664,30906374
2024-02-13,235.8263702392578,238.46180389753877,231.4642611955838,234.46321202978234,20711842
2024-02-14,244.32339477539062,245.05040139216467,232.64566725885638,234.4632115343162,36168962
2024-02-15,252.0025177001953,254.31990342946978,244.45971960144237,246.86796036307845,32831246
2024-02-16,253.29342651367188,256.3362557032985,249.2824039350327,253.70834241802245,27044984
2024-02-19,253.247314453125,257.30442955473603,251.17265044372294,253.29343498143731,15322964
2024-02-20,255.04537963867188,259.2408002402707,252.69407676901253,253.38563147077713,18968785
2024-02-21,251.67982482910156,259.1947137995758,250.4350207094618,254.4921360917332,16340579
2024-02-22,253.29342651367188,254.49210997881434,247.57656351199873,252.50965895288,16791453
2024-02-23,250.98825073242188,254.4921164421573,249.97396493030962,253.47783064004506,9464646
2024-02-26,248.82138061523438,250.71161882666206,246.9311142643746,250.71161882666206,8661999
2024-02-27,248.3603515625,249.14411918795267,244.30323626180927,247.1616398590333,19582774
2024-02-28,245.04086303710938,249.2362833027627,243.98048487386595,248.95967269997942,9118196
2024-02-29,243.98048400878906,245.59411151130826,241.12205251929754,244.34930752433593,17179832
2024-03-01,249.46681213378906,251.6798096079475,245.73242814015234,245.73242814015234,12930057
2024-03-04,257.44281005859375,258.68758618022423,251.2649092900007,251.49542755540438,22280353
2024-03-05,261.6382141113281,262.74471296863015,255.09149017439998,258.1804403565529,18544484
2024-03-06,258.4109191894531,262.145303019202,252.2330197675102,262.145303019202,16807149
2024-03-07,256.428466796875,262.19142214497344,255.64469924164752,258.4109178087348,11386963
2024-03-11,252.64796447753906,258.64143808740766,251.91031744286593,256.4284688439577,10684598
2024-03-12,249.32850646972656,254.1232968042995,248.08370242715168,252.64797453678233,13780189
2024-03-13,235.45132446289062,249.88175995412624,233.05392925610852,249.69733411536137,20079496
2024-03-14,242.73570251464844,243.74998838096283,231.6247207252008,232.82341836637693,21404057
2024-03-15,238.58636474609375,245.64021685852666,229.50394098197924,243.3811551194692,34961065
2024-03-18,241.2142791748047,242.55126801225794,237.47986700114154,238.77079158824412,9246173
2024-03-19,239.04737854003906,243.38113204899568,236.64998358060413,241.58307879456214,8758348
2024-03-20,243.28892517089844,243.9804798029138,237.1571463949147,239.23181029096085,10484778
2024-03-21,242.45909118652344,246.14738295196554,241.9058417938205,244.07271883390436,12163200
2024-03-22,242.73570251464844,244.57984840269893,238.30976363910045,242.4590918872141,13025089
2024-03-26,244.8103485107422,247.02331778464801,239.09348542534042,241.2603623112313,10830926
2024-03-27,241.3525848388672,247.2999663800677,239.41622609479498,244.34932180439276,28563001
2024-03-28,247.16165161132812,249.88177816446407,241.5370289317197,241.99806542279805,18888942
2024-04-01,248.86746215820312,250.34278437911541,246.93110350197023,247.16162171963055,6440401
2024-04-02,251.2648468017578,252.694048436051,248.4525359190146,249.05187763212368,14439120
2024-04-03,253.89273071289062,257.25829053465225,252.50962162399466,253.61609201145558,22600929
2024-04-04,248.03761291503906,256.9356108731382,244.67205241972886,256.9356108731382,24624383
2024-04-05,247.06944274902344,250.71161378997112,245.7324257994079,246.97722983190658,13029904
2024-04-08,249.32850646972656,250.80382873724375,245.82464070637602,246.70059307749776,13011300
2024-04-09,247.9915313720703,251.40318440635158,247.1155508130418,248.95969671463166,13173933
2024-04-10,250.8038330078125,251.91033176214927,248.17591957083684,248.9135947868721,11137195
2024-04-12,244.99478149414062,251.264865976497,244.34931920650166,250.711616607011,21894584
2024-04-15,258.0421142578125,260.90054595949846,246.28568443815354,248.1298302922177,75063828
2024-04-16,261.0849609375,269.7524413972509,253.80058995981898,255.41421768890046,79082544
2024-04-18,252.78627014160156,265.28037433759465,252.0486231058707,263.7128392123782,34136482
2024-04-19,253.80055236816406,258.91804543807154,252.74017421685525,255.18366164537477,32658724
2024-04-22,255.22976684570312,256.3362655787944,252.4174557632912,255.69080329458586,14184019
2024-04-23,255.22976684570312,257.02782025211843,254.07717572349634,255.27588737425043,8799147
2024-04-24,257.5810546875,258.54921991825955,254.76871562867885,255.9674272099474,9253985
2024-04-25,259.9784851074219,260.5778269099432,256.33628562070663,257.5810897579026,17050557
2024-04-26,260.8544006347656,263.8511373627742,260.2089665308525,260.9466135465903,11070290
2024-04-29,261.13104248046875,263.02128056795453,260.16284910392244,261.822597118246,8952420
2024-04-30,260.808349609375,264.035605059031,259.51745305739945,262.3297644077545,10658906
2024-05-02,260.76220703125,262.4219551487021,257.30443362751475,259.1024870532299,15677336
2024-05-03,263.8050537109375,270.12125849775026,261.8686950562271,261.8686950562271,28913016
2024-05-06,260.1628723144531,266.24855929771604,253.80057470717347,266.20246690685747,15491865
2024-05-07,252.27915954589844,262.7907853312624,250.80383722843288,261.7764994792903,13179001
2024-05-08,255.27587890625,258.4109210267707,251.12655100394682,252.18692917331592,12797721
2024-05-09,244.579833984375,256.8433921611837,242.68959581632865,255.64470866038818,14869187
2024-05-10,249.190185546875,250.06616600253423,243.84217431912478,246.19344881041857,9530738
2024-05-13,246.10125732421875,250.71162193553585,241.62919802335472,250.71162193553585,7163239
2024-05-14,251.63368225097656,253.24730978409497,245.68632908399883,247.0694383981003,9123849
2024-05-15,252.14083862304688,254.49211319571313,251.26485813707185,253.10900388486687,6368662
2024-05-16,256.01348876953125,257.58102367189156,252.46350311848707,254.49207438749136,23757779
2024-05-17,255.82911682128906,261.31543325215586,255.04534929132822,257.07389262480564,11529157
2024-05-21,258.2726135253906,261.86869204888,256.6589860215683,259.19468638471767,17559555
2024-05-22,256.3362731933594,261.8687107442952,255.3219873478013,261.8687107442952,17935064
2024-05-23,261.361572265625,262.37582993439673,257.3505495610308,258.13431714643474,17719819
2024-05-24,261.1771545410156,263.66676268032165,259.8862580811442,261.86870923088594,11041667
2024-05-27,256.01348876953125,262.05308205622373,254.21546382327563,261.86865625379545,13719808
2024-05-28,252.92459106445312,257.5349556710923,251.77199991279332,257.5349556710923,6927361
2024-05-29,250.66551208496094,252.46353727447277,249.19018988421732,252.46353727447277,8327205
2024-05-30,245.9168243408203,253.6622301486842,244.34928934209964,251.72587166186113,15390964
2024-05-31,243.74996948242188,247.53047388770014,242.5051654766139,247.53047388770014,24167379
2024-06-03,261.9609069824219,264.2199686215322,251.910318366153,256.2901644817251,30195397
2024-06-04,217.8858184814453,262.79076371239165,205.6222466942573,262.79076371239165,72779900
2024-06-05,228.2130584716797,230.28772263960406,212.49171162968727,227.75202198991872,37078551
2024-06-06,232.6389923095703,239.27791428503863,229.82666718900145,234.2065134042382,30881233
2024-06-07,240.10777282714844,240.4765963520349,232.17795448436453,233.74547556970543,22010688
2024-06-10,238.95516967773438,243.4272285575295,237.94088393085872,243.4272285575295,14138524
2024-06-11,252.23301696777344,253.57003385660764,244.57982356532793,246.05514575383424,47270206
2024-06-12,254.03109741210938,257.3505656559074,253.20123738601816,256.33627978427006,20560662
2024-06-13,254.9992218017578,256.3362386186698,251.26483821434363,256.3362386186698,16013386
2024-06-14,253.93885803222656,256.5206789037145,253.2012110057616,255.41418022458677,10642648
2024-06-18,254.3076934814453,257.2583380046549,252.6479735242847,257.21224561562383,17044769
2024-06-19,250.38888549804688,255.04537054081771,249.9739695754485,254.3999082530889,13361607
2024-06-20,250.66551208496094,252.64796310185216,248.12981172536206,250.61939155840085,12826509
2024-06-21,248.63697814941406,253.33955606457798,247.9454234012851,250.29672642858444,17406416
2024-06-24,248.86746215820312,250.11226616145507,245.82463294085917,248.6369439405428,7282347
2024-06-25,246.19345092773438,249.6973165016454,244.34930522790114,249.0518823903619,14425434
2024-06-26,246.88502502441406,248.1759214881585,243.51946448483423,246.1012574123231,10650910
2024-06-27,246.6544952392578,247.2077445947835,242.96620372166143,246.56228232343167,22830930
2024-06-28,252.83241271972656,253.98500390072562,247.43828036476432,248.0376221509972,19532912
2024-07-01,251.67982482910156,254.30771024458898,250.4350207094618,253.57006313487906,11750972
2024-07-02,253.43173217773438,257.99597596870484,250.34278245691758,251.91031758074422,24470518
2024-07-03,253.29342651367188,256.05964510039814,252.6479642543302,254.49210997881434,9125400
2024-07-04,255.46026611328125,257.1661064754489,251.77197479591538,253.57002806890307,13444669
2024-07-05,265.7414245605469,266.7556822524545,254.95316023167945,255.64471491585218,39781962
2024-07-08,275.8381042480469,279.3880905646257,264.95765521120387,267.4011427846252,53136198
2024-07-09,274.27056884765625,278.3276835875778,270.4900646952227,277.3594902525118,18686252
2024-07-10,274.916015625,276.43743020528854,266.34074934378793,276.3452454314889,19278800
2024-07-11,281.0016784667969,283.2607680236137,272.14977418991623,276.6218327810962,36020507
2024-07-12,283.1686096191406,287.45624322459594,280.49460368214733,282.8919708494585,31788101
2024-07-15,297.36846923828125,298.4288472991523,284.59775570667415,287.502279313209,51435537
2024-07-16,297.5068054199219,302.0710773751724,294.83279972892177,298.38278590084656,37468292
2024-07-18,305.8515930175781,307.32688715004497,296.5847434637166,299.7659062331409,48189915
2024-07-19,294.7405700683594,307.23467361143855,293.26524793456394,307.05024779242814,26579496
2024-07-22,295.80096435546875,298.1522670490046,289.99191655154397,295.06331731794614,22234557
2024-07-23,289.6692199707031,296.3542490510462,274.2244976126691,295.10944490475066,37871058
2024-07-24,294.64837646484375,300.3652395555961,287.7789504177604,288.654902766881,28259305
2024-07-25,309.6320495605469,311.2456770365104,291.46723142907246,293.2652565900595,42054664
2024-07-26,305.7593994140625,312.12169721538146,304.3762899729308,310.2775512938726,25703985
2024-07-29,306.95806884765625,313.0898481259349,304.97561770136906,307.7879288461681,26721790
2024-07-30,306.0359802246094,311.8911485827256,305.2061202686834,306.1281931395858,19792253
2024-07-31,308.1567687988281,311.1535056690104,304.05353321311367,306.17428958854714,21393361
2024-08-01,315.1183776855469,317.83850368651906,310.8768372007379,311.4761788895914,36044960
2024-08-02,304.37628173828125,311.66065230328206,303.0392647255858,311.66065230328206,22939377
2024-08-05,286.0731201171875,298.10616032806837,282.1543102525685,295.3860621292273,37986023
2024-08-06,282.24652099609375,297.32241857520586,281.3705404832162,290.26853836171074,28386636
2024-08-07,303.45416259765625,305.1600028970524,287.6867121682419,288.05553565852057,66110716
2024-08-08,297.55291748046875,303.36196513146956,296.63084463812385,303.36196513146956,23478224
2024-08-09,306.63531494140625,309.67817222936657,302.6243205563703,307.9262394426544,29814474
2024-08-12,314.7034606933594,317.83853097703144,304.19183555587756,306.81974887510574,34754596
2024-08-13,309.7242736816406,318.1151424882011,307.0041755788059,317.28528252698766,28943385
2024-08-14,302.57818603515625,310.2774996026623,301.33338211763123,309.678157905907,17812763
2024-08-16,303.91522216796875,309.5859646642377,303.039241689766,306.6353202381733,16584396
2024-08-19,309.1710205078125,312.35218314916295,307.55739299338876,308.8944099039693,19636518
2024-08-20,304.37628173828125,309.816506431665,302.48601533621405,309.6782011191803,14972714
2024-08-21,302.1632995605469,305.6671653128857,301.0568008285285,304.88339772265863,11835143
2024-08-22,299.0743408203125,304.7450833392844,298.38278616825664,302.94702998816683,13387819
2024-08-23,296.33306884765625,301.81555028694777,295.0785957862748,301.4438619171323,13229612
2024-08-26,304.6497497558594,305.81129369395705,299.957095231141,300.6075711796782,21346682
2024-08-27,305.5789489746094,309.017101612297,302.93062343555073,306.0900169040755,20165503
2024-08-28,304.603271484375,306.92635936439007,301.6761864271573,305.3931270351814,12446738
2024-08-29,306.2759094238281,306.7869774103093,301.9549716717405,303.0235864167505,13799961
2024-08-30,307.3445129394531,310.7362154227395,306.22941946313745,307.06575374937677,19666466
2024-09-02,303.11651611328125,308.45961820533506,302.74479936829863,306.64759832656654,8975511
2024-09-03,299.3995666503906,304.78911899676547,298.8884703201965,303.85988387787285,10321111
2024-09-04,292.15155029296875,293.82419071978484,286.5761389195991,292.70909710190745,25397204
2024-09-05,289.36383056640625,294.52110285134853,288.20228658664547,294.52110285134853,15571640
2024-09-06,286.94781494140625,290.98999368405066,282.2087381652102,289.4567612942221,27946491
2024-09-09,277.7483825683594,286.85490411562097,273.7991331537731,286.85490411562097,30369085
2024-09-10,274.6819152832031,280.1643969820635,274.12436852308036,278.86347344711453,15618589
2024-09-11,265.11077880859375,271.7083540914034,263.2058580809545,271.7083540914034,44826300
2024-09-12,273.2415771484375,273.8920530791049,266.2258632982648,267.61971598569033,21964895
2024-09-13,270.82562255859375,276.21517561768644,270.4539057754764,274.77487233613846,13672371
2024-09-16,271.8013000488281,274.49607649736873,270.73268522451133,273.9385296974618,10971110
2024-09-17,273.79913330078125,275.6111531998846,271.47604540860084,272.9163769165566,11873436
2024-09-18,269.8498840332031,276.72621852625593,267.5267961397389,276.5403885095827,13421760
2024-09-19,265.0643310546875,268.734821302942,262.50893434863883,267.0621809896333,17067311
2024-09-20,265.99359130859375,268.59543867513344,265.01790563564373,266.6905177487036,16585530
2024-09-23,274.5425109863281,275.4252672822755,267.2015312947443,267.99138677069993,14621229
2024-09-24,278.2594909667969,280.62902937493845,273.8456237829195,275.3323774110826,16986759
2024-09-25,277.5625305175781,279.8856182240928,275.70406035236635,278.25945682953255,10609614
2024-09-26,274.3102111816406,277.5625340117034,270.8720299895153,276.0292734196987,27812412
2024-09-27,276.168701171875,277.33024512303865,269.19943746489304,271.9871429476858,35706130
2024-09-30,276.5403747558594,280.44314520797127,272.962813906253,275.98282801755624,16294341
2024-10-01,271.2902526855469,277.9807297199438,270.1287085797824,275.9828795296311,10919818
2024-10-03,271.38311767578125,276.9120782320055,269.9892649330027,274.1243727464484,28124665
2024-10-04,274.3566589355469,278.49176640834446,272.45173835387857,275.98282033482616,23104209
2024-10-07,268.9671325683594,275.33237082647724,261.5797015888118,275.05361161736516,20917962
2024-10-08,272.6840515136719,273.10219029398473,260.6968960339504,267.75908846750593,10572360
2024-10-09,268.0843505859375,271.24374453995887,266.5511182039279,270.63974734195597,13147475
2024-10-10,268.316650390625,271.4760442387748,267.2015568639809,268.27019997618413,7237212
2024-10-11,271.8477478027344,272.8699121995472,269.0135917714884,270.6862037968126,7011704
2024-10-14,266.22589111328125,272.17299086270924,264.97141789193114,271.98716083310717,12690951
2024-10-15,263.6240234375,266.1329413280702,260.975697588004,266.1329413280702,15087155
2024-10-16,265.2037048339844,266.9227955246302,260.78983789319415,262.9735461565548,18188885
2024-10-17,261.672607421875,267.2480179705314,261.06861028403813,264.8320010611794,13343303
2024-10-18,263.2523193359375,264.36741291286796,259.4424777237751,262.0443249259359,14028398
2024-10-21,257.0264587402344,263.90279346164766,255.12150958952716,261.25446750354723,10299773
2024-10-22,251.63685607910156,258.4667397992769,250.89347933538392,258.3273602045805,10028511
2024-10-23,251.683349609375,254.98212309533642,246.29376864833105,250.89349404910055,18823321
2024-10-24,250.05718994140625,253.17013343279154,249.3602635638427,252.6590370744408,7488521
2024-10-25,245.36451721191406,251.17223659638472,243.08790822800447,250.89347740913203,12961181
2024-10-28,244.7140655517578,246.29374818303938,237.23372027420584,242.20511947654003,13835091
2024-10-29,246.247314453125,246.75838244180636,241.04359194779735,244.71408212907474,9122757
2024-10-30,243.13438415527344,247.36242132567637,242.57683736425233,246.24732774363414,11166643
2024-10-31,247.31593322753906,249.31378315854207,242.6697574075289,244.76053652653349,16173656
2024-11-01,252.5196533203125,254.61043241864076,249.6390186687923,250.70763342522542,2955757
2024-11-04,246.5260772705078,254.93567250602072,241.7405218551864,254.61043452754114,14355959
2024-11-05,248.4774627685547,249.5925562438741,244.946380693385,246.43316254114254,11676017
2024-11-06,250.0106964111328,251.45102785455225,245.68975879688492,248.75625169196795,19244545
2024-11-07,246.43316650390625,251.35810132341794,246.06144976748567,251.35810132341794,6766663
2024-11-08,243.970703125,247.6411936993955,241.2759265762332,247.13012565597757,7836093
2024-11-11,238.7205047607422,243.78484767987416,237.88419879595145,243.78484767987416,8450657
2024-11-12,238.02359008789062,244.57471524286476,237.32666369000023,242.39100685787338,22445400
2024-11-13,234.67832946777344,238.76697245223167,231.37954199707488,238.02356735069108,17483332
2024-11-14,233.05218505859375,236.304508175738,231.37955890540456,234.67834661716586,12454540
2024-11-18,232.91278076171875,234.2601830497777,229.61400737785831,233.33094791539384,14636541
2024-11-19,236.10208129882812,243.1470569462418,235.24526504029507,238.00613034156063,17397559
2024-11-21,230.53273010253906,236.10207931646673,229.24750572553043,236.10207931646673,16189440
2024-11-22,233.8172149658203,235.10243928055536,231.8179577739117,233.055592486677,9637581
2024-11-25,245.527099609375,248.00236898770268,236.0544592462868,236.57807559863386,31973671
2024-11-26,242.05223083496094,245.86032886186297,240.4337920788758,244.6227086245127,9242451
2024-11-27,242.09983825683594,243.24226477508887,238.52974630808217,242.76625251525502,11689970
2024-11-28,240.10057067871094,245.05109506375578,239.14854619978922,242.76624212503992,14202863
2024-11-29,244.38470458984375,246.24113496176076,240.14818387725632,241.62382478066104,11476347
2024-12-02,245.1938934326172,245.90791179328698,240.57658341633027,243.242254868179,13677959
2024-12-03,249.7636260986328,252.0008894190552,246.4315404458492,247.90716675640374,15345326
2024-12-04,248.1927947998047,251.62005970217587,247.5263660390761,251.19166611612027,10713838
2024-12-05,248.76397705078125,250.62043634883148,244.57507528337723,248.19278562382476,12896743
2024-12-06,247.57395935058594,250.3824432441085,247.09794710107244,248.2879777248562,8783386
2024-12-09,246.47914123535156,248.81161291955962,245.3367292489194,247.57396361740498,6800856
2024-12-10,244.57508850097656,246.33633963855735,242.2902355092284,245.2891068767405,11318782
2024-12-11,244.28948974609375,246.28874698416476,243.38505485993636,245.14630597570084,5353032
2024-12-12,241.86183166503906,246.19354612660302,241.43342353735503,245.62232560519672,7123877
2024-12-13,242.05223083496094,244.4798817057181,237.53011442801477,240.86220020155406,11143128
2024-12-16,239.7197723388672,244.00386806808655,239.14855182737602,241.81422333643295,7283872
2024-12-17,235.53086853027344,240.33859542681785,234.6740522435293,239.67218114526776,10066884
2024-12-18,232.43678283691406,235.62607081828236,231.722764440495,235.53086255472988,8430930
2024-12-19,230.24713134765625,232.24637408345208,227.1054475894159,228.48588021033848,9518542
2024-12-20,225.72500610351562,232.43676694970816,224.01135916389055,229.9139079321632,15556528
2024-12-23,229.2951202392578,230.67555294080756,225.48702201333194,226.81985058170926,7722901
2024-12-24,227.4862518310547,231.57996009470602,227.15305197142348,229.43790496536135,3577400
2024-12-26,228.723876953125,230.38991976131632,227.53384637584546,228.4858708376691,6330006
2024-12-27,225.53460693359375,229.43791334476143,224.96340092761855,228.48588880806116,6487888
2024-12-30,221.48849487304688,225.62980727293,220.0604581181549,224.72538690017998,19401112
2024-12-31,227.7718505859375,228.39066067025018,221.20288766500158,221.48848337976725,12004845
2025-01-01,225.58221435546875,227.76235871128094,225.0110083411636,226.40095605004043,9418453
2025-01-02,234.26467895507812,234.9406082245302,225.62980964681364,225.67741377782576,19745810
2025-01-03,246.46963500976562,250.14443560813777,236.0925593170181,236.53048244894993,49760410
2025-01-06,242.15695190429688,247.05035724318864,239.38655712856234,246.67905374327898,19265884
2025-01-07,250.84890747070312,254.57132647407454,245.66989225327157,246.71712493574486,52956766
2025-01-08,258.31280517578125,260.3787112072839,253.00052103596235,253.66694983412017,42237794
2025-01-09,250.5537872314453,259.51234077281504,249.1543101308598,258.97920940625676,14706472
2025-01-10,250.40147399902344,253.71452972447275,246.06977413731553,251.3344684700218,13053552
2025-01-13,243.46121215820312,255.7137768904305,242.39494940687436,253.26706704464303,20416370
2025-01-14,247.8786163330078,249.43042092856328,244.49894095326943,245.1653406763327,8470150
2025-01-15,245.79368591308594,251.78192833519591,245.32720319101193,248.38319379398624,9344731
2025-01-16,250.5537872314453,252.88625875024798,247.5263564598866,247.5263564598866,14195450
2025-01-17,253.7811737060547,254.1905372613929,248.76398608048737,249.43041484076755,12148143
2025-01-20,256.43731689453125,257.49407924481596,252.29603337627367,255.23778572701124,9676264
2025-01-21,253.04811096191406,256.4278155090181,252.10561596498252,255.19016617565538,8989218
2025-01-22,251.38206481933594,253.60982778034636,249.15433091180842,253.238524269017,7919682
2025-01-23,250.4300537109375,251.1726317199033,248.64027190858528,250.38246410341426,5026675
2025-01-24,244.2038116455078,252.8957999026604,243.4802637347537,250.3729117570515,6306281
2025-01-27,238.7487030029297,244.1371651605904,237.5396278201633,242.76624755599565,6944911
2025-01-28,236.7494354248047,240.29096757342944,234.8739606057025,238.0061146831672,8029472
2025-01-29,239.33895874023438,239.91017926346296,235.1500566590292,236.9588974380175,5651586
2025-01-30,244.40371704101562,246.9551355845226,238.90101690298383,239.91016049188553,12588155
2025-01-31,250.01113891601562,250.84892512094257,242.9661779839793,244.67982498190216,8850307
2025-02-01,245.1938934326172,249.90642623443048,241.57621202661613,247.09794239440333,10921673
2025-02-03,237.05410766601562,244.05149376323916,233.1032116822786,243.3374753666548,25719512
2025-02-04,241.90943908691406,245.14631668093662,239.91018176153798,240.29098576316127,8402532
2025-02-05,249.09719848632812,250.3824373404067,245.38430883836438,246.57433943408873,11590755
2025-02-06,243.86106872558594,250.33485272744562,242.09983212485471,250.0492279466901,12327998
2025-02-07,241.67637634277344,246.48272846163022,240.3170133050023,245.60883952368084,10098454
2025-02-10,235.41355895996094,242.35605895181928,234.78242933158523,241.72491450749848,7582536
2025-02-11,232.01513671875,235.41355893631345,229.92754042576763,235.41355893631345,6711630
2025-02-12,230.51011657714844,234.2483869164943,227.35443882594177,232.0636869348897,5985956
2025-02-13,228.13124084472656,232.50064113047085,227.4030074637692,231.5782151444474,10079210
2025-02-14,223.8103790283203,231.04416054999456,220.1692123413086,228.17977905273438,8065352
2025-02-17,226.8689422607422,227.50008667918382,218.51854261442514,223.5190720322103,6692422
2025-02-18,229.7333526611328,230.2673785966441,222.88795623014988,225.46104146542473,6170974
2025-02-19,231.38400268554688,231.8694915645279,227.6942842421021,229.15075087904518,6168581
2025-02-20,234.8795166015625,235.6077499289538,229.63624257072314,229.92753886486867,8929816
2025-02-21,232.93756103515625,235.99614989941617,231.1898129023734,234.87951657464382,5697387
2025-02-24,227.54864501953125,231.0441560818967,227.2087968756043,229.4420486969723,6883143
2025-02-25,226.23782348632812,229.83043832099065,225.80088644707575,228.17977905273438,5519036
2025-02-27,224.29586791992188,227.06316052842885,221.86842346191406,226.7233123779297,9664032
2025-02-28,218.71275329589844,223.81038683553646,216.67369395366495,223.3248979269995,17237276
2025-03-03,218.5962371826172,219.4409831287803,212.0227133183036,218.22726087696182,11928529
2025-03-04,220.17892456054688,221.14019793360353,209.22629596452265,213.71222355617473,12428265
2025-03-05,222.295654296875,224.53861058776263,220.17891504196163,220.52846763378471,7466729
2025-03-06,225.8494415283203,226.79129117676825,220.1303828961282,224.7716555809183,10439208
2025-03-07,226.1310272216797,229.6071296461442,224.46094416152476,225.84945016876858,9079049
2025-03-10,216.71253967285156,228.17978523249502,216.02313890909053,226.13102146181225,16489167
2025-03-11,220.14007568359375,220.66439714723995,213.71220774836016,214.4889780921405,10941588
2025-03-12,217.8874053955078,222.19854905959363,215.9066172661428,220.50905722406188,6994310
2025-03-13,218.8875274658203,223.713288518239,218.34378224570767,221.52858837717827,16105085
2025-03-17,223.0724334716797,223.76181937679618,219.6740113489201,219.94588393346527,8788971
2025-03-18,223.0724334716797,223.0724334716797,223.0724334716797,223.0724334716797,0
2025-03-19,225.8203125,228.31571772449567,224.87846285522102,225.75233694281508,8626593
2025-03-20,228.75265502929688,230.16056986800274,225.27655274739453,226.7038912904533,18955995
2025-03-21,235.38442993164062,240.8024876824082,228.95656181605938,228.95656181605938,29285333
2025-03-24,236.75352478027344,239.24893008552132,235.70486695165843,237.10307738981177,10566066
2025-03-25,235.21937561035156,238.24882165110364,233.56871628855578,236.92829123047787,8915800
2025-03-26,232.76278686523438,237.404059313991,232.4229387271596,236.28744083050756,7543985
2025-03-27,235.14169311523438,236.33599166618978,231.7238470952584,231.93746339750348,9935664
2025-03-28,239.22952270507812,247.50224315640978,236.20006179799364,236.37484551183792,32905564
2025-04-01,240.87046813964844,244.88059634853852,239.5402184888458,239.8315147898363,11258957
2025-04-02,243.36587524414062,244.2009167449321,240.8024944443068,242.79300189786213,15337906
2025-04-03,236.2486114501953,242.3754791351654,235.4718262295708,240.80249980496143,11141370
2025-04-04,219.45068359375,234.209557760996,217.69321617553632,233.5784133119277,38336194
2025-04-07,213.45974731445312,214.3918924835574,199.0504409043276,201.96337418585432,27024128
2025-04-08,220.08181762695312,220.64498649284516,212.81889348002358,216.52803555043323,11309092
2025-04-09,215.49880981445312,217.55727795692766,213.86755944770448,215.55706611041825,16889575
2025-04-11,223.68414306640625,224.6842489794583,218.71274164883152,221.6742267963887,13886447
2025-04-15,225.93682861328125,227.20880717176848,223.4219996452839,227.20880717176848,12102239
2025-04-16,234.21926879882812,234.97663030627518,224.99497959259006,225.9368292547132,18748952
2025-04-17,236.4233856201172,237.5108759955318,232.3161389322195,234.00564560769163,12891813
2025-04-21,242.5308380126953,243.27849508045884,234.73388732528417,236.9282918585764,11698653
2025-04-22,240.5888671875,243.32703157097214,240.08395460593417,241.7443330876484,9896443
2025-04-23,244.85147094726562,245.41463985124722,237.81188187141382,241.52102419268888,16555874
2025-04-24,242.1327362060547,244.07469186188465,240.80250132291386,242.7444569787438,6538518
2025-04-25,239.1809539794922,243.40469835618137,237.30695919385045,241.77346282707393,15616265
2025-04-28,243.32704162597656,244.63785276112785,237.28755854903494,238.86053783759462,7669983
2025-04-29,238.54981994628906,244.7835104904754,237.98666585759688,243.94846898579823,8030552
2025-04-30,237.3555145263672,240.2587434121376,235.19023823301666,238.37504415498486,9822483
2025-05-02,235.69515991210938,239.1227104103702,232.06369755388553,234.00565318195152,10203190
2025-05-05,232.2578887939453,234.15129255703718,227.69429605789307,233.03467400381382,20086323
2025-05-06,230.12173461914062,235.9378968742676,229.1507568359375,234.131877604872,11350559
2025-05-07,231.74325561523438,233.12204222923566,225.33481141562032,225.55813214753638,16689539
2025-05-08,226.45143127441406,232.39381034321457,224.68424466373725,230.76257484038487,15026122
2025-05-09,228.1409454345703,228.47107432354807,221.8198706121362,222.45101505794736,11184507
2025-05-12,236.93800354003906,237.50117243395576,231.19952126769633,232.06369090478765,11374237
2025-05-13,234.1610107421875,238.17113899741452,233.3162499779594,237.06422489361657,9336026
2025-05-14,238.8702392578125,239.73440889275275,234.161005895971,234.161005895971,8234859
2025-05-15,240.42381286621094,241.6957914095096,235.26792313558425,237.8410083708109,16812750
2025-05-16,240.09368896484375,242.15215719583935,239.05473558897046,239.8897771042519,8030229
2025-05-19,239.4237060546875,242.21040758041258,237.80217491775704,240.80249274328804,8043270
2025-05-20,242.02590942382812,245.3660752653174,239.62759318819872,239.62759318819872,13183059
2025-05-21,241.46273803710938,244.63783940544056,240.5694402913905,244.20090238424416,7158307
2025-05-22,234.6562042236328,243.21051631029022,232.6559923170161,241.46275329909025,18502235
2025-05-23,237.151611328125,237.57882909333387,233.1803010649075,235.4621047070027,8725218
2025-05-26,238.80227661132812,239.9577425353742,237.70506698329362,238.18085142729643,7159571
2025-05-27,237.44290161132812,239.68587274561187,235.8699223368456,239.68587274561187,9712093
2025-05-28,235.62718200683594,238.21969096657148,234.2969471559613,237.54000946670652,7385958
2025-05-29,235.98643493652344,237.50117273029895,234.3454949211708,236.5301949428749,12938112
2025-05-30,232.4520721435547,238.07404172713763,231.95687881473987,235.98643063268193,10108840
2025-06-02,231.3937225341797,233.12206187313893,230.76259287586547,232.0636996023277,6278145
2025-06-03,230.3839111328125,234.05420610128925,229.73335777236244,233.52016533795094,9515918
2025-06-04,231.14126586914062,231.57820291144486,228.66526954148958,231.0927140164523,6733580
2025-06-05,230.869384765625,232.66568472133613,229.36436628341937,231.14125735152663,8941808
2025-06-06,233.0929412841797,233.49104576018692,230.61694479304091,230.8888174069126,5985346
2025-06-09,235.75340270996094,237.03508564679706,233.52015090238328,234.76300124789793,7719525
2025-06-10,237.57884216308594,237.88956217227093,235.54950210691268,237.16132881868234,7659657
2025-06-11,240.14222717285156,243.1328256413238,236.48163686220556,237.40406277277583,20842417
2025-06-12,240.68597412109375,247.7935236858904,239.58876450102014,244.20090890377534,35613271
2025-06-13,244.2106170654297,248.52176079597578,241.88998075482698,248.13337560884082,39320377
2025-06-16,249.33740234375,250.02678829804998,244.87089845165897,246.6186614883879,41444122
2025-06-17,244.98739624023438,249.62866874747814,244.24945847641914,249.48302800986488,18781097
2025-06-18,243.09400939941406,248.46351559831106,242.521136037219,246.65749624716307,12691905
2025-06-19,244.25917053222656,245.65738092066618,240.99668456451587,243.22993644516555,10790997
2025-06-20,244.57960510253906,245.9001355444978,242.1133279323824,244.9388621586781,15907673
2025-06-23,244.0843963623047,248.07511558634968,243.0648667414569,245.6670800512562,16776881
2025-06-24,236.8408966064453,240.8024876981017,236.42338327571915,240.3169988116136,22215004
2025-06-25,234.88925170898438,238.18086597823404,234.49114724065768,236.91859182907027,13056178
2025-06-26,237.6273956298828,238.24882083652642,234.52997404103817,234.97663035328776,15769123
2025-06-27,235.78253173828125,239.0741457590176,234.97661841786032,237.89925614791255,21691960
2025-06-30,237.12249755859375,238.56924501365148,235.947607889183,236.91858569942656,8783448
2025-07-01,236.30685424804688,238.18084904133465,234.2969379760571,238.18084904133465,8470489
2025-07-02,234.07362365722656,236.67583703066896,233.22886290252043,235.85049998028646,10419419
2025-07-03,236.96713256835938,239.05472889009076,234.7824325412681,234.97662513604268,13891239
2025-07-04,238.1226043701172,238.32650141406856,235.47182427118423,238.08375696063888,7717259
2025-07-07,234.51055908203125,238.37504652281632,233.8405820389719,238.37504652281632,9222263
2025-07-08,236.18064880371094,236.6272903012074,233.66580500541093,235.37473544020267,7537067
2025-07-09,236.28744506835938,237.4914480149036,235.23878730411627,236.28744506835938,9590680
2025-07-10,236.0349884033203,237.5885588002017,235.2970506135716,236.44279729891397,8012201
2025-07-11,234.74359130859375,236.034993580941,233.81146090277414,235.99616098734253,5608382
2025-07-14,237.1322021484375,237.78275550378635,234.14158871313916,235.8505043264758,7568906
2025-07-15,236.59815979003906,238.2488190941193,235.65631013461564,237.38464944095142,7843083
2025-07-16,235.8019561767578,237.06421541860965,235.26791544277324,236.91857468022516,5656962
2025-07-17,236.79234313964844,237.4623201689839,235.77282833773268,235.94759722402284,7006298
2025-07-18,239.16152954101562,240.17135470769435,236.3942518163648,237.63710216308874,10293817
2025-07-21,237.9283905029297,239.15183199724552,237.33609345998423,238.8605356978396,5424455
2025-07-22,239.25865173339844,239.7052932402984,236.98656715670032,237.92840202541012,5869862
2025-07-23,238.42359924316406,240.02570666991954,237.17102959742115,238.86053628537508,7357753
2025-07-24,237.7244873046875,239.05472209784025,236.68553398744785,238.43329692265084,4590999
2025-07-25,233.31625366210938,237.69537310901094,232.30644324913345,236.91858789044332,7427827
2025-07-28,233.05409240722656,234.54939167905516,230.89852053644788,233.31624574203693,6865890
2025-07-29,234.43287658691406,235.4718151028492,232.8598973310379,233.05408992303143,6157824
2025-07-30,234.79212951660156,236.63699614813774,233.1317658457583,235.5009391321568,8767763
2025-07-31,234.00564575195312,235.76311316899955,232.70453907828778,233.2288605622016,10254214
2025-08-01,229.91781616210938,233.724062000977,227.25734659474992,233.13176497759682,12629251
2025-08-04,228.0147247314453,231.47140342257507,227.20881135769042,229.6362559234777,16174972
2025-08-05,227.67486572265625,229.1507560968293,226.28637460880793,228.66526720679363,9562689
2025-08-06,226.9854736328125,228.53902914917865,226.15043217198573,227.74283509542926,7568954
2025-08-07,227.14083862304688,227.40300678787722,224.59688142756636,226.38347709437792,5560413
2025-08-08,226.66506958007812,228.29630524135072,225.92711693869154,227.11171109002112,5249568
2025-08-11,227.00489807128906,228.17978775277692,224.85904538552234,226.6650647237779,4699743
2025-08-12,228.6846923828125,229.5003101674954,226.83012125511235,227.0146094050646,7036778
2025-08-13,231.74325561523438,232.98610593816355,229.44204311067625,230.84025342795772,8501906
2025-08-14,230.0634765625,231.7432639661248,227.6263128631018,231.5879039661741,7258450
2025-08-18,231.24807739257812,231.66559073670948,228.66527287770788,230.36448403497323,8501972
2025-08-19,231.0344696044922,231.61704741888508,229.81102804396963,230.60723698436976,5538059
2025-08-20,231.0247344970703,232.15107226996145,230.1217322795258,230.1217322795258,7438061
2025-08-21,231.37429809570312,233.99595006117843,230.34506397755746,231.09272104705687,8111371
2025-08-22,229.4323272705078,231.70442647792567,229.04394209478315,231.09270575101186,5423818
2025-08-25,229.88868713378906,230.59751155993328,228.8109012368813,229.4420456649846,8854258
2025-08-26,227.39329528808594,230.4130368644273,227.01461453550047,229.79161165977564,14671897
2025-08-28,226.6165008544922,228.45164824478027,225.63581864180105,227.50009417987587,13870643
2025-08-29,226.92721557617188,228.5390273746945,224.61628379918739,226.6164955857444,9928988
2025-09-01,231.7918243408203,232.24818509748965,226.3058056323593,227.20880788537806,4366396
2025-09-02,232.5394744873047,235.46211227917397,230.51011966156378,231.82094559444448,5921193
2025-09-03,232.1316680908203,234.91836961570772,231.53937104443554,232.54918143016855,4364007
2025-09-04,230.08189392089844,233.6250739397956,229.79882199266441,233.3517723569747,8778730
2025-09-05,228.52992248535156,231.48744767102784,227.43670128744137,230.11116944574354,7210683
2025-09-08,226.9681854248047,229.3595816513476,226.50942601840362,228.5299214755937,8418326
2025-09-09,225.79689025878906,228.97890995393382,225.24051676544804,226.96818484698954,11665314
2025-09-10,226.19708251953125,227.46597627594056,225.47477700630785,227.42693957779102,11775053
2025-09-11,228.16876220703125,229.59384747630426,226.5484785478761,226.5484785478761,11047708
2025-09-12,227.67095947265625,229.77929862042427,227.13411178774055,228.90081652861173,6073522
2025-09-15,226.7046356201172,228.5884802593102,226.4508598458577,227.57334737463518,6153784
2025-09-16,229.46694946289062,229.6426518418451,226.86081417664562,226.91937667169088,7319921
2025-09-17,231.21414184570312,232.268311431197,229.5547917297218,230.35518554037807,7628371
2025-09-18,229.95498657226562,232.0145186812817,228.89106154514363,232.0145186812817,6497852
2025-09-19,231.0286865234375,231.72169590962892,229.1350864082349,229.48647627387888,16484017
2025-09-22,231.79002380371094,232.74657929217744,230.0135487170261,230.35518312410193,9962796
2025-09-23,230.99940490722656,231.9071533706309,229.52551260660152,231.57528930189073,7014239
2025-09-24,232.81492614746094,234.38641770574634,230.6089727798118,230.99941425337857,8299331
2025-09-25,233.93740844726562,236.34833050195502,232.81492088549712,233.20534745642033,10150654
2025-09-26,232.32687377929688,234.51328634591792,231.17509010753596,234.2595105712404,6349466
2025-09-29,234.239990234375,235.39177393297985,232.47328543398572,233.28343471418447,10631271
2025-09-30,233.77146911621094,235.12822151449382,232.79538782553783,234.2595097615475,7167687
2025-10-01,237.22679138183594,240.39905559056342,232.76610760850326,232.89300294287432,10375310
2025-10-03,237.83197021484375,238.35904755709745,233.96668176098208,236.69971234621755,10702610
2025-10-06,239.97935485839844,241.58012763363217,236.92421554896922,236.92421554896922,9465503
2025-10-07,239.4522705078125,243.53228317306173,238.80805327840937,239.97934785398502,12498420
2025-10-08,236.02621459960938,240.896865603596,235.37224192188123,240.6528452808399,5073558
2025-10-09,237.5684356689453,238.65188654718222,234.80612370202022,236.05550662004595,9292031
2025-10-10,240.44786071777344,241.17016623208642,237.77340752285096,238.21264112333355,9050771
2025-10-13,238.25167846679688,239.80364414315383,235.60650651182146,239.13991601508363,12607116
2025-10-14,238.83734130859375,242.79047364551937,238.0662287228828,239.43275151137829,13865005
2025-10-15,241.79486083984375,242.25362024237268,238.4468942358872,238.83733569219834,8520238
2025-10-16,242.40980529785156,242.75142482851842,240.11600820503193,242.06817087336552,6083826
2025-10-17,241.7655792236328,242.6050097361482,238.91542361909237,242.6050097361482,14250215
2025-10-20,242.79046630859375,243.23945536306837,239.13016145794418,241.76557797164816,10920554
2025-10-21,242.18528747558594,243.33707115477878,241.4727522966033,242.79046800959657,569979
2025-10-23,246.2750701904297,247.18283354336924,243.12233176463766,244.02032477254238,13879042
2025-10-24,248.8616943359375,251.24332019267646,246.80216220103583,247.92464973640944,17882209
2025-10-27,247.2121124267578,249.96465391908396,245.884641276937,249.3106812422057,7889080
2025-10-28,244.5474090576172,247.71967336964488,243.88368090444146,247.04618976497625,8529692
2025-10-29,249.52542114257812,251.18475636188654,244.557170935808,244.947597495474,8806213
2025-10-30,248.4419708251953,250.3648521678535,247.34876454081572,250.3648521678535,5266883
2025-10-31,249.2618865966797,251.73137119108335,247.2609317682118,248.6079138872743,7199008
2025-11-03,251.3897247314453,252.3170138735014,248.21747542762796,248.90072935297044,5450040
2025-11-04,246.31411743164062,251.34093007562578,245.97248302546677,249.9744222385672,6006851
2025-11-06,245.4844512939453,249.3887765630339,244.45956293204577,247.485420973117,6987258
2025-11-07,246.16770935058594,247.53423215389208,244.02033339546963,244.02033339546963,4449104
2025-11-10,245.3868408203125,249.38878023762197,243.53229224769737,245.9724955768326,7418162
2025-11-11,243.4834747314453,248.1198608574164,240.11599726081946,248.1198608574164,16183880
2025-11-12,247.7782440185547,249.48638629394094,243.92271096762795,246.55814239327879,11917811
2025-11-13,244.85000610351562,247.63182894085813,241.38491442426047,247.63182894085813,13057927
2025-11-14,247.60000610351562,249.64999389648438,245.10000610351562,245.5,9185042
2025-11-17,248.0500030517578,249.6999969482422,247.4499969482422,247.60000610351562,6281588
2025-11-18,246.9499969482422,249.4499969482422,246.3000030517578,247.0,7708871
2025-11-19,249.0,250.3000030517578,245.39999389648438,246.9499969482422,7075882
2025-11-20,248.0500030517578,251.10000610351562,247.60000610351562,249.0,6918642
2025-11-21,246.9499969482422,248.3000030517578,246.1999969482422,247.0500030517578,7589240
2025-11-24,245.75,247.4499969482422,244.3000030517578,246.9499969482422,15875282
2025-11-25,245.35000610351562,247.5,244.60000610351562,245.75,8983620
2025-11-26,247.6999969482422,248.0,245.0500030517578,245.35000610351562,7232643
2025-11-27,244.0,248.8000030517578,242.8000030517578,248.0,5600832
2025-11-28,243.25,245.35000610351562,242.5500030517578,245.0,3804191
2025-12-01,244.8300018310547,245.85000610351562,243.00999450683594,244.0500030517578,6307936
2025-12-02,243.5399932861328,246.25999450683594,242.5,243.5,5413988
2025-12-03,240.02000427246094,244.36000061035156,239.55999755859375,244.0500030517578,11829802
2025-12-04,242.22999572753906,242.6999969482422,239.69000244140625,240.5,10825420
2025-12-05,241.22999572753906,243.1999969482422,240.91000366210938,242.6999969482422,7645591
2025-12-08,238.52000427246094,242.0,237.6999969482422,241.22999572753906,5285903
2025-12-09,239.83999633789062,240.1999969482422,236.8300018310547,237.6999969482422,9026401
2025-12-10,239.2899932861328,240.35000610351562,238.4199981689453,239.32000732421875,3492031
2025-12-11,238.41000366210938,241.3000030517578,238.13999938964844,239.2899932861328,8868641
2025-12-12,238.02000427246094,239.39999389648438,237.02000427246094,238.5,4252781
2025-12-15,235.35000610351562,238.7899932861328,229.94000244140625,238.0,12334408
2025-12-16,232.2100067138672,235.3000030517578,230.75,234.1699981689453,7238404
2025-12-17,232.91000366210938,233.4199981689453,228.61000061035156,231.75,5848233
2025-12-18,232.0,234.1300048828125,231.2100067138672,233.0,3964839
2025-12-19,232.88999938964844,233.5,231.5,232.0,5070902
2025-12-22,234.17999267578125,235.27999877929688,232.77000427246094,233.7899932861328,4614185
2025-12-23,235.49000549316406,237.89999389648438,234.60000610351562,234.60000610351562,5810236
2025-12-24,233.77000427246094,236.57000732421875,233.13999938964844,235.5399932861328,4114036
2025-12-26,234.52999877929688,235.27999877929688,233.0500030517578,233.83999633789062,3710774
2025-12-29,234.82000732421875,239.02000427246094,234.0,234.52999877929688,12621499
2025-12-30,234.67999267578125,235.60000610351562,233.30999755859375,234.9499969482422,6236729
2025-12-31,240.3800048828125,241.0,234.61000061035156,234.69000244140625,11514802
2026-01-01,237.94000244140625,241.11000061035156,237.41000366210938,240.89999389648438,5840586
2026-01-02,241.4600067138672,242.5500030517578,237.94000244140625,237.94000244140625,5925943
2026-01-05,238.08999633789062,246.8000030517578,235.6999969482422,246.8000030517578,21201434
2026-01-06,241.88999938964844,242.36000061035156,238.08999633789062,238.08999633789062,10840459
2026-01-07,239.05999755859375,241.67999267578125,238.16000366210938,240.2100067138672,8253161
2026-01-08,231.4199981689453,238.88999938964844,231.0,238.1999969482422,9218488
2026-01-09,234.08999633789062,238.25,232.0,232.2899932861328,12706408
2026-01-12,235.7100067138672,236.16000366210938,231.66000366210938,234.08999633789062,9807980
2026-01-13,243.77999877929688,244.14999389648438,235.8000030517578,238.0,22527192
2026-01-14,248.22999572753906,251.0,243.5800018310547,243.99000549316406,33094088
2026-01-15,248.22999572753906,248.22999572753906,248.22999572753906,248.22999572753906,0
2026-01-16,247.1699981689453,247.77999877929688,242.39999389648438,246.89999389648438,12287680
2026-01-19,243.11000061035156,248.0,242.3000030517578,245.0,6459249
2026-01-20,240.38999938964844,245.33999633789062,239.7100067138672,243.11000061035156,6496057
2026-01-21,242.3699951171875,244.49000549316406,239.50999450683594,240.0,9610477
2026-01-22,244.00999450683594,246.47000122070312,242.57000732421875,244.60000610351562,10746306
2026-01-23,245.47000122070312,246.3000030517578,241.5500030517578,245.3000030517578,8080247
2026-01-27,247.9499969482422,248.99000549316406,245.88999938964844,246.60000610351562,15915509
2026-01-28,268.5799865722656,269.6499938964844,249.1999969482422,249.1999969482422,73427983
2026-01-29,275.3900146484375,277.7699890136719,269.010009765625,270.0,48267023
2026-01-30,268.9599914550781,276.5,268.010009765625,273.8900146484375,24420043
2026-02-02,253.9499969482422,257.0,247.60000610351562,251.60000610351562,17015974
2026-02-03,257.0,262.0,249.35000610351562,259.70001220703125,19213406
2026-02-04,266.95001220703125,270.0,258.04998779296875,258.04998779296875,26628393
2026-02-05,269.20001220703125,270.45001220703125,266.0,268.0,15268335
2026-02-06,268.95001220703125,269.95001220703125,264.70001220703125,268.0,10013728
2026-02-09,266.6000061035156,270.8999938964844,265.75,269.45001220703125,10824044
2026-02-10,272.1499938964844,273.04998779296875,267.0,267.25,13459684
2026-02-11,274.6000061035156,275.1000061035156,266.3500061035156,272.29998779296875,18388416
2026-02-12,276.3500061035156,280.29998779296875,273.45001220703125,276.0,22751367
