Price,Close,High,Low,Open,Volume
Ticker,PARAGMILK.NS,PARAGMILK.NS,PARAGMILK.NS,PARAGMILK.NS,PARAGMILK.NS
Date,,,,,
2021-02-22,104.32349395751953,107.64085086909577,103.92738994828903,107.44280264200832,233402
2021-02-23,105.70985412597656,106.99719026616057,104.47203382005178,104.9671619424217,247229
2021-02-24,106.40303039550781,107.39328663950529,102.98664937573871,106.25449800295264,112431
2021-02-25,106.74962615966797,108.03695474425001,106.2544980375082,106.94767438650965,203924
2021-02-26,106.25450134277344,111.3048068348921,103.97690888796707,103.97690888796707,494382
2021-03-01,109.76990509033203,113.03775377572313,107.04670037085803,107.73988428703029,1222433
2021-03-02,108.77964782714844,111.10674850953444,108.0864714724141,110.31454804056028,280734
2021-03-03,108.73013305664062,110.11648568334753,107.98744091159541,109.52233347832241,415575
2021-03-04,107.34378051757812,111.35431385333248,106.70011243503315,106.94767650100769,967390
2021-03-05,106.50206756591797,110.41357690975693,105.26424719697451,107.88842033508988,828579
2021-03-08,107.29426574707031,110.61162275303721,106.89816172656924,107.19524163070899,456570
2021-03-09,106.05644226074219,108.92818688041889,104.81862195528288,108.1854946971433,320330
2021-03-10,106.25450134277344,107.39329001512081,105.95742143821406,106.79913776105786,176504
2021-03-12,103.72933959960938,107.0466964433352,103.03616326392533,107.0466964433352,608956
2021-03-15,102.34297943115234,104.76911171753153,100.65954686922021,103.97690371482497,458073
2021-03-16,102.68956756591797,105.06618401821214,102.24395528644956,102.93713162230162,250838
2021-03-17,99.66929626464844,103.87788546189591,99.47124047527386,103.38275732104326,385221
2021-03-18,98.6295166015625,101.4022370002433,96.54998008007954,100.41198079429377,391874
2021-03-19,97.29267883300781,99.07514314662721,94.17337006170175,98.53049917439468,430669
2021-03-22,99.76831817626953,102.78860279072478,97.34219336174729,97.83732149165434,615615
2021-03-23,99.3722152709961,101.9963958998181,99.02562708720204,100.46149565794416,222572
2021-03-24,96.20339965820312,100.46149715330058,95.90631975049722,99.86734489294464,276702
2021-03-25,94.8665542602539,97.24316327854491,93.08408994147983,97.0451150453726,508054
2021-03-26,100.95661926269531,104.47203188855022,95.1141135707923,95.1141135707923,1687662
2021-03-30,98.43147277832031,102.93713418357926,98.03536876723953,101.6002897568553,411416
2021-03-31,104.52154541015625,110.90869490735219,97.29267209506564,98.28292829959558,2527498
2021-04-01,110.36405944824219,110.90870342458167,104.91764990507077,105.46229388141025,1193557
2021-04-05,114.62216186523438,115.66193395817238,106.45254773661077,112.93872924863118,3656668
2021-04-06,114.57264709472656,117.09780359814653,111.30480594595127,114.67167876549264,1243382
2021-04-07,113.78044128417969,116.89974989079982,113.3843372848373,115.31533389343028,636056
2021-04-08,115.01826477050781,117.04828554683276,113.8794685737591,114.72118487394532,1332806
2021-04-09,115.31534576416016,120.0685791354628,113.92899295633171,114.86973344093761,1552030
2021-04-12,103.38275146484375,112.88920971970234,101.00613501236525,112.39408160689662,1241621
2021-04-13,108.13597106933594,109.91843520275397,104.02641399543917,104.02641399543917,1016289
2021-04-15,106.05644226074219,108.87867104617828,103.6798257632492,107.09621433935023,388528
2021-04-16,111.20578002929688,113.58238898807926,105.7593706478186,106.84865101310312,1006186
2021-04-19,107.49232482910156,109.02721756738046,105.16521647048616,107.83891302451576,448582
2021-04-20,105.85839080810547,110.61161610319249,104.86813459391375,108.08646729003682,279311
2021-04-22,105.75936889648438,108.68062176706202,104.07592876432574,105.85839300895123,319736
2021-04-23,110.66114044189453,114.37460153054872,105.85839894491298,106.40303537154871,1058052
2021-04-26,113.18629455566406,113.78044680598437,109.96796168178537,111.3543144141808,525753
2021-04-27,110.80967712402344,114.52313810301177,109.91844497805509,113.87947002230932,425358
2021-04-28,113.03775024414062,114.47361875661724,111.2057777283774,112.19603395906621,576458
2021-04-29,110.95821380615234,114.32507895055993,109.81941762845896,113.87946666822818,409072
2021-04-30,110.61161804199219,115.463875087593,109.91844170193013,109.91844170193013,707041
2021-05-03,112.8396987915039,114.37459902994539,109.96796165644166,109.96796165644166,404637
2021-05-04,114.22605895996094,117.44439182975425,112.93873034507706,113.38434264348767,1164324
2021-05-05,132.79336547851562,135.66510247966121,114.42410952950284,114.57264191883041,9274147
2021-05-06,137.5465850830078,142.39884970359245,130.91187132640331,136.16023239718993,6033249
2021-05-07,134.17971801757812,140.36881940215278,133.2884934622437,138.4873386252864,1282935
2021-05-10,136.40780639648438,139.13101124287516,134.2787613788055,137.64562678120745,1021520
2021-05-11,145.1715850830078,149.13261043195632,131.30799636168805,133.6846055270121,3087135
2021-05-12,148.19183349609375,156.26243054914377,142.59689203995896,145.0725325267638,2302867
2021-05-14,144.329833984375,151.5091910779374,139.67563309746683,150.12283851081062,1079044
2021-05-17,145.32009887695312,149.52868777117493,144.62692255169165,147.251095465221,721676
2021-05-18,142.20079040527344,147.59768344710037,141.60663066612688,146.5083956287016,426155
2021-05-19,142.7454376220703,146.4093979693663,141.7056806095741,142.84446929474223,405679
2021-05-20,139.52711486816406,145.17158819968654,139.13101836881046,145.17158819968654,378596
2021-05-21,139.18052673339844,143.29008435639173,138.73491441803117,139.62613904876568,390552
2021-05-24,140.07174682617188,141.70567874306613,138.09123427971457,139.6261345252413,329083
2021-05-25,143.98324584960938,146.31035397033918,139.92320448401145,140.07173687039398,719677
2021-05-26,139.23004150390625,145.2705958539497,138.38831760679685,144.57741946756596,474210
2021-05-27,139.774658203125,142.10176634409342,139.32904592999142,140.31930214144853,270275
2021-05-28,136.55633544921875,142.00274500841346,135.7641425105162,140.81444049024785,404747
2021-05-31,133.7836151123047,138.09122040187842,132.69432727717933,136.70486780272805,448153
2021-06-01,138.23977661132812,140.6163855340565,135.51657196190098,136.16023247135752,792163
2021-06-02,139.03196716308594,142.20079915333136,136.45731005865,139.03196716308594,559269
2021-06-03,138.3387908935547,141.40859121919019,137.79414695060507,140.12125511133945,246986
2021-06-04,137.89317321777344,142.59689007798474,137.0019486988301,138.2397689252015,527503
2021-06-07,137.39805603027344,140.7154205442381,137.00195957044693,138.98247208980223,385275
2021-06-08,139.47760009765625,142.54738543390533,134.3282554637469,138.23977977414177,975001
2021-06-09,137.5465850830078,144.97350685012725,135.36802438667496,140.5668696236586,1426232
2021-06-10,140.4678497314453,142.39884632303216,139.1309978010564,140.7154137844721,489950
2021-06-11,145.32009887695312,146.55791913995955,141.65615392047627,144.57740671914928,1428949
2021-06-14,137.15049743652344,140.12126633406547,131.75360362801115,137.5465939121509,1925438
2021-06-15,144.6764373779297,146.06279001880978,137.64561228891228,138.53683682803367,2286847
2021-06-16,140.66590881347656,149.0335714298758,139.62613668845506,145.6667060927805,1763830
2021-06-17,139.774658203125,147.2510956216482,138.14074149826504,141.6066382383649,875606
2021-06-18,139.37855529785156,141.60663167028613,132.79335784114446,140.61637550475965,957063
2021-06-21,137.8436737060547,139.18052575285023,135.16998472257558,137.94270537993287,350475
2021-06-22,137.10096740722656,139.77465611621906,136.30875942786682,138.93294741511406,313491
2021-06-23,136.40780639648438,138.73491476380863,136.2097581569511,137.64562678120745,183666
2021-06-24,136.30877685546875,139.47760917805513,134.2787634808343,137.2000166124883,399199
2021-06-25,134.5263214111328,137.64562264280642,133.1894693917803,137.39805857330498,483895
2021-06-28,136.20974731445312,142.59689696917525,133.93215496583994,136.06119981404368,1242796
2021-06-29,136.6058349609375,139.0319595435422,136.1602227086403,137.24951053435342,547908
2021-06-30,135.26901245117188,141.01248672590356,133.73411221149914,137.59610561831687,1145083
2021-07-01,134.87289428710938,137.59609889503972,134.2787496205365,135.36802239764216,315431
2021-07-02,136.6058349609375,138.88342716281312,135.21948237376623,135.56606296550407,576712
2021-07-05,135.76412963867188,138.04170678667148,135.36801809676433,137.49707797047785,364577
2021-07-06,133.7836151123047,137.10096422816812,132.9418913206069,136.3582720978854,418151
2021-07-07,133.18946838378906,135.51657666353557,131.80311564911767,134.42728872192836,396557
2021-07-08,134.27874755859375,138.04170905277144,133.18945968810408,133.18945968810408,641012
2021-07-09,133.68458557128906,135.56606628713715,133.38750569244192,134.67484176070602,233912
2021-07-12,134.82337951660156,137.9426957036085,134.03118662159432,134.7738787932468,453071
2021-07-13,135.1699676513672,137.19999582859288,134.77387122610318,135.96217561200527,293375
2021-07-14,139.23004150390625,140.41834603915152,134.47680825281319,135.51658038744478,843653
2021-07-15,140.7154083251953,146.01326978836332,140.12124857693811,141.60663283747104,2347433
2021-07-16,141.90371704101562,143.38910134686694,141.01247739143852,141.16102488809,517441
2021-07-19,140.4183349609375,143.0920237318284,138.88343479853933,140.4183349609375,836591
2021-07-20,136.9524383544922,140.76491573838962,134.87289424683118,139.6261271285486,577647
2021-07-22,141.06199645996094,142.59689663324372,136.65535927352525,138.23977528016118,873693
2021-07-23,137.34854125976562,143.09203063243226,136.16023676096495,142.34933843191791,897587
2021-07-26,136.30877685546875,138.83393350185563,135.6651162893816,136.65537261266175,335128
2021-07-27,134.47679138183594,141.60663280893513,132.9418912909059,137.1504800282344,1356258
2021-07-28,135.07093811035156,137.44756202957427,129.2284326403859,135.1699697732772,844260
2021-07-29,139.8737030029297,140.71542690575322,135.36803379568016,136.25927353574838,1283349
2021-07-30,137.1999969482422,147.15207459284463,135.76412850730486,144.6764341394664,2409956
2021-08-02,135.6156005859375,140.61639804549336,134.67486009990913,140.5668822072577,645887
2021-08-03,134.82337951660156,137.64561581292534,134.17971901188045,136.65535958405536,444932
2021-08-04,133.33799743652344,139.428082413511,132.29824046665027,135.86315388502504,1003908
2021-08-05,133.68458557128906,135.91266199747722,132.24871711865654,134.17971366599755,485937
2021-08-06,133.58555603027344,135.41753605383943,132.69433148968545,134.0806841328469,270554
2021-08-09,130.31773376464844,135.07095186697612,129.1294141289547,134.575823722141,343546
2021-08-10,121.75199890136719,131.35748118765636,119.82100229955356,130.5652883018636,964165
2021-08-11,124.67326354980469,128.23818454347708,116.8502376535158,121.10834255613227,636124
2021-08-12,127.44597625732422,128.58478001003624,125.21789969649647,125.76254365560995,341699
2021-08-13,126.45572662353516,128.73331913799908,125.21790624720825,127.94111107512745,238997
2021-08-16,123.83155059814453,126.70328776058331,123.18788250636985,125.31693501529115,147945
2021-08-17,120.86077880859375,124.62374804032048,118.13757411041209,124.22764402775564,216331
2021-08-18,117.9890365600586,121.40541768339267,117.1968285188232,121.40541768339267,239704
2021-08-20,114.02800750732422,118.03854074489504,113.38433944053713,116.35510815950317,334138
2021-08-23,121.553955078125,124.42569972336474,110.95821619109685,114.22605729356499,755091
2021-08-24,118.2861099243164,123.58398707981286,117.34536947795013,122.8412948679271,389980
2021-08-25,115.56290435791016,119.77149352984429,114.86972798690805,119.77149352984429,306628
2021-08-26,116.2560806274414,120.01904969442896,114.96874453172796,116.35510473748352,383821
2021-08-27,117.44438934326172,118.53366970358027,116.40462481729855,116.85023710627483,180243
2021-08-30,117.24634552001953,118.83075406318414,116.80072565924907,117.93952189669909,244336
2021-08-31,131.6050567626953,136.4078058813277,117.04829211534917,117.6424519418172,2931181
2021-09-01,129.42648315429688,133.68458786383368,128.73330683183985,132.69433165743493,879059
2021-09-02,134.229248046875,138.63588567671968,128.88185481899123,129.72357874035913,1873482
2021-09-03,134.0806884765625,136.2097484526683,132.6943357884884,134.22923597821324,762596
2021-09-06,131.65455627441406,135.16996873985354,130.81284758642246,134.9719205256267,232050
2021-09-07,131.4557647705078,136.27664387432088,126.93308703230768,132.15155784550365,547826
2021-09-08,131.90306091308594,135.58083735668734,130.4120692332082,131.7042650558659,309799
2021-09-09,130.6605682373047,133.19525713410798,130.2132737654339,131.2072682216586,182040
2021-09-13,132.59886169433594,135.879046613913,130.31268645286494,131.20727544586205,362652
2021-09-14,130.31268310546875,133.6425555313356,129.3683762105977,133.44375966768197,373221
2021-09-15,129.16958618164062,132.15156977260034,128.6228861565341,130.31268899180023,395408
2021-09-16,127.23129272460938,131.05817751795257,126.93309134885567,129.2192816734314,304054
2021-09-17,128.47378540039062,135.68024531646668,122.50981857329319,128.2252867825949,1244328
2021-09-20,125.49180603027344,133.04617032153106,124.24931290126084,127.82769917967812,551081
2021-09-21,125.44210052490234,129.41807845068152,124.14991224916976,126.58519569527907,331375
2021-09-22,123.7523193359375,126.73430293439382,122.75832480311873,125.69060564150354,571551
2021-09-23,124.0505142211914,126.48579766540533,123.05651974052024,124.69660456676681,334215
2021-09-24,123.25531005859375,125.69059339325665,122.95710869437654,124.69659895730025,352019
2021-09-27,121.5655288696289,125.19360268258916,120.02483438038402,124.19960819496693,467938
2021-09-28,125.74029541015625,128.8216842103882,121.21761771968083,121.71461493474074,1026120
2021-09-29,125.74029541015625,126.6845870853398,122.75831211979681,124.84569890633328,467784
2021-09-30,125.193603515625,130.21327874494852,124.64691109394076,126.18759800986125,676765
2021-10-01,125.29300689697266,126.73429585562583,124.24930966237827,124.69660414373242,238770
2021-10-04,127.5792007446289,130.0144842477043,125.34270552548602,125.93910071158855,560457
2021-10-05,129.6168670654297,132.30066414897573,127.23128651022351,127.72828372315408,643651
2021-10-06,127.62889099121094,133.94076229419946,126.93309785687941,130.51148421508836,649437
2021-10-07,132.30067443847656,133.9407593018422,128.22529090862818,128.52349229300896,891834
2021-10-08,132.99647521972656,135.9287561395812,131.8533723749335,133.09586557547814,750065
2021-10-11,134.5371551513672,139.05981777445785,130.90906630110612,133.84134690121323,1175373
2021-10-12,134.88504028320312,139.90471515708288,133.6922500080117,134.78564994110872,1088486
2021-10-13,145.2722930908203,148.10518354084522,134.98445890488543,135.87904790639186,2091642
2021-10-14,140.55081176757812,148.80096888888576,139.30831868205445,147.85667717731815,1084201
2021-10-18,136.0281524658203,142.63820977895998,135.33234418683526,141.74362080191105,778253
2021-10-19,131.1078643798828,138.46343254996853,130.06418232126865,136.9724408466318,641175
2021-10-20,134.93475341796875,136.97244517704812,129.56718918312046,131.20727404178177,609333
2021-10-21,131.1078643798828,136.52514636906116,130.0144795643937,136.02814913461557,427908
2021-10-22,127.0324935913086,132.5491658156327,124.24930610121115,129.61687005792282,409269
2021-10-25,128.12586975097656,131.2072584015086,124.69659216709452,130.11385851463578,338591
2021-10-26,134.83535766601562,136.17725640548582,128.52350123218486,129.11988887527443,523747
2021-10-27,135.6305389404297,137.8173236852514,134.63654449576967,135.928740307258,433626
2021-10-28,131.40606689453125,136.17724342005104,130.5114779316253,134.8850475658464,255049
2021-10-29,133.5431671142578,135.6802492219551,131.3066794897201,132.20126847267423,490434
2021-11-01,138.1155242919922,140.15321592576157,133.69225207102787,134.139546535233,415297
2021-11-02,135.53115844726562,143.03580491619883,134.7359598003087,142.1412159178427,883835
2021-11-03,133.64256286621094,137.56883826568168,133.19526835665278,137.0221534024178,232909
2021-11-04,136.12754821777344,138.16524004320817,134.28866743259803,134.28866743259803,125767
2021-11-08,134.5371551513672,138.06582332241126,133.64255104423427,136.12753717435075,267975
2021-11-09,138.4634246826172,143.5327870856349,135.18324008822276,135.18324008822276,1164836
2021-11-10,143.88070678710938,147.11118897749353,137.96644242583662,139.10953005711147,1338721
2021-11-11,154.21824645996094,155.21224099767812,144.12920796899266,144.12920796899266,3934547
2021-11-12,150.88836669921875,158.93971297239833,149.34767220543276,155.1128432840646,2422340
2021-11-15,145.91839599609375,152.77695199627894,144.72560562655968,151.08716437550964,725868
2021-11-16,141.147216796875,147.01177818847586,139.45742920668087,147.01177818847586,564361
2021-11-17,142.14120483398438,147.6081742506761,139.1592215157889,140.1532159551874,982809
2021-11-18,140.30230712890625,143.5824917673385,137.1712307546285,142.09150012870123,521648
2021-11-22,133.4934539794922,141.69390796538207,132.3006637058839,141.14720799955916,481949
2021-11-23,134.1892547607422,136.62453820259933,132.54916993608285,133.49346165837616,426207
2021-11-24,134.5868377685547,137.51913342749327,134.23894882348054,135.2826459930052,420726
2021-11-25,133.44375610351562,141.1472131597707,131.80367131323814,135.18324640654097,1069538
2021-11-26,126.13790130615234,133.09585509788013,123.4541116541038,132.20126613077335,1000973
2021-11-29,121.21762084960938,127.2312903405419,120.42242983512651,126.03850002702967,531462
2021-11-30,122.0128173828125,126.6845882125123,121.41642223614934,122.11221530999374,313463
2021-12-01,120.96912384033203,125.34270102051931,120.02483212824002,122.7583169179101,377261
2021-12-02,121.06853485107422,122.06252936517639,118.33504993729326,121.5655321081253,412559
2021-12-03,115.50215148925781,122.31101950517535,114.80635841110566,121.86371745472688,1480640
2021-12-06,115.99915313720703,120.472128310882,112.42077451498227,116.0488558947894,1908341
2021-12-07,116.44645690917969,121.1679307727239,115.40275965328154,121.1679307727239,603002
2021-12-08,116.69495391845703,118.98113668112234,115.99915322962978,117.39074702370819,485975
2021-12-09,116.74464416503906,119.67693231872207,116.44645038262138,117.2913441415018,739254
2021-12-10,117.88774871826172,119.27934256490084,116.79435626146541,117.0925576513082,572209
2021-12-13,117.83805084228516,119.57754121483258,117.2913508346255,118.8817405156679,500983
2021-12-14,119.92543029785156,120.77032405228408,117.0428449148679,117.73863798708864,448377
2021-12-15,117.83805084228516,122.55952471062814,117.2913508346255,120.86972951286494,754969
2021-12-16,115.70095825195312,119.13023615268571,114.90575963958638,118.38474029743288,347967
2021-12-17,112.32137298583984,115.89975149345231,111.37708129062815,114.30936188824408,514241
2021-12-20,104.51851654052734,112.12257549834723,101.48683047502261,112.12257549834723,1061585
2021-12-21,105.2640151977539,109.33939098124891,104.12092004805294,105.95980828874967,791633
2021-12-22,107.35140228271484,108.04719537519095,105.91011334105322,106.7053043633722,284925
2021-12-23,107.94779968261719,109.09089485844136,107.45080243952634,107.89810450845377,227871
2021-12-24,106.95380401611328,108.54419365973754,106.15861298608917,108.49449848612254,199932
2021-12-27,107.05320739746094,107.69930535595968,105.51252043258467,107.10291015718254,169958
2021-12-28,110.08489227294922,111.32738541372743,107.5999059913928,107.84840461954845,374307
2021-12-29,110.97948455810547,112.47047626936462,109.93578732679364,110.08488801463477,258774
2021-12-30,109.48849487304688,112.96747559703381,108.59389831302072,110.53218454009726,234105
2021-12-31,111.12858581542969,112.27167339972537,109.43879065053093,109.53818858174238,197226
2022-01-03,112.22197723388672,113.81236686993923,110.03518484868553,111.32738069373968,381432
2022-01-04,119.87574005126953,121.11823322672542,111.12859264620593,112.619584456753,1900175
2022-01-05,120.12422943115234,122.55952041756001,117.44044741237549,120.82003010594421,954601
2022-01-06,122.26132202148438,124.69660548360383,119.77633580153551,120.12423235561313,1163785
2022-01-07,121.51582336425781,124.14991021361335,120.02483166653685,123.15591574846604,489695
2022-01-10,121.91342163085938,123.70260710277222,121.41642440250982,122.46011403189836,447610
2022-01-11,118.4344482421875,122.85772081033775,117.88774822429193,122.26132561672753,398838
2022-01-12,119.72663116455078,121.51582424826235,118.48413807407775,119.37873461593354,320463
2022-01-13,120.47212982177734,122.26132294711684,119.27933946060179,120.67093327102405,224124
2022-01-14,119.82604217529297,123.95111335802733,119.37874009205851,123.95111335802733,290939
2022-01-17,122.3607177734375,122.75831707826043,120.27333090258713,120.77032813772179,379440
2022-01-18,118.18594360351562,122.95711249337545,117.4901429267026,120.62122701342133,440539
2022-01-19,118.73263549804688,120.02483133257327,116.3967500281654,118.13624033733312,380405
2022-01-20,119.2296371459961,122.46011926840657,118.28534540518352,118.28534540518352,474497
2022-01-21,116.74464416503906,119.77633024619462,115.35305801327168,118.28533858337893,383301
2022-01-24,111.67527770996094,116.79435077111212,109.88609220574057,116.29735353378824,403842
2022-01-25,113.86206817626953,114.80635987776452,109.38909311609689,110.73098411743351,195039
2022-01-27,112.32137298583984,114.80635911384515,111.32737853463772,112.42077091424488,247149
2022-01-28,113.01716613769531,114.95545986887595,112.52016891178887,113.31536750666952,215811
2022-01-31,109.28968811035156,113.66326526174288,108.84239363569006,113.31536871660883,619941
2022-02-01,109.23999786376953,110.58188893184521,108.444799224537,109.38909855657266,456460
2022-02-02,116.34705352783203,117.7883424484118,109.43878754294846,109.73698891169123,908726
2022-02-03,114.16026306152344,117.19194922045341,113.31536928096824,117.19194922045341,360024
2022-02-04,115.65125274658203,115.80035343080466,113.26566454974729,114.6075631241752,217607
2022-02-07,113.9117660522461,118.4841391499918,113.31537088011858,117.29134880573677,574620
2022-02-08,112.61957550048828,115.15425682669753,111.62558103917267,114.70696235253587,172163
2022-02-09,114.45846557617188,116.0985579804086,112.66927248362707,113.31537041057803,183127
2022-02-10,114.16026306152344,116.94345060360918,113.41476721099075,114.45846443516689,184468
2022-02-11,111.72498321533203,115.05486327059513,111.32738389897759,115.05486327059513,153155
2022-02-14,105.11492156982422,111.07888875109084,103.87242840706034,108.74300312181003,416952
2022-02-15,106.55620574951172,109.23999540892923,104.12092229489916,105.36341540104354,428277
2022-02-16,106.25801086425781,109.04119084332754,105.61191293897477,107.74900257633746,242608
2022-02-17,105.91011047363281,109.73698754579405,105.6616118639655,109.73698754579405,171537
2022-02-18,105.2640151977539,107.20230136808203,104.61791727978589,105.76101242948685,191758
2022-02-21,101.18864440917969,106.35741284091513,99.89644850945767,105.36341832838322,475613
2022-02-22,99.30005645751953,100.89044621112741,97.41146530729544,99.39945439519943,336241
2022-02-23,99.69764709472656,102.97782425347712,99.00184642451217,100.84073465369327,292500
2022-02-24,94.9761734008789,98.40545124413822,94.5288713450782,98.40545124413822,449317
2022-02-25,99.05155181884766,100.79104216534772,96.91446216214665,96.91446216214665,303992
2022-02-28,99.89644622802734,102.43113521052715,97.41146000344955,98.90245173819622,468963
2022-03-02,98.55455780029297,103.37542968726254,97.95816260727402,102.28203723613176,486929
2022-03-03,98.85274505615234,101.33773118208454,98.40545058691488,101.33773118208454,257642
2022-03-04,98.50485229492188,99.74734540556311,97.61025573854496,98.00785505066538,220606
2022-03-07,96.21866607666016,97.560557071395,94.72767439727127,97.41145638674094,304192
2022-03-08,95.8210678100586,97.75935398069483,94.67797266017594,96.11926159900021,284416
2022-03-09,98.60425567626953,99.69765574091977,96.01987138002899,96.36776795351928,606468
2022-03-10,98.60425567626953,101.5862393066032,98.25635910277924,99.99584955380722,535077
2022-03-11,98.45515441894531,99.74734266840774,98.25635097655238,98.90244889307155,301920
2022-03-14,98.00785827636719,100.1449480137227,97.31206514493812,99.0018527975952,393254
2022-03-15,98.75334930419922,101.98383133910583,98.1072513805027,98.45515551266114,645376
2022-03-16,100.0952377319336,101.28803561791261,99.39944465279436,100.94013907834298,331955
2022-03-17,99.84674835205078,102.33173469813046,99.39945384318703,100.64194701622688,392036
2022-03-21,102.38143157958984,105.11491640331676,99.94614813369992,100.39344261687936,1294740
2022-03-22,100.19464874267578,103.17663224592714,99.49884804177141,102.38143361162962,425667
2022-03-23,101.33773040771484,102.72932414431821,100.69164008677022,101.18863730815887,348598
2022-03-24,100.7910385131836,102.58022396889258,100.39343921738967,101.33773090927143,271270
2022-03-25,99.20065307617188,101.78503723191284,98.10725307096412,101.0892365391828,385682
2022-03-28,96.01986694335938,99.59824561770282,95.52286969460123,99.20065388555724,633203
2022-03-29,95.22467803955078,98.0078581451162,94.42947939020274,96.76536499524511,680374
2022-03-30,96.21866607666016,98.20665498251202,95.67196609412056,96.31806400523759,389485
2022-03-31,96.16896057128906,96.91445638967114,95.42346475290697,96.56655985780796,515814
2022-04-01,99.89644622802734,101.38743796277402,96.01986620097075,96.01986620097075,640142
2022-04-04,102.23233032226562,103.1766296244485,99.49884551373673,100.74133860852258,515578
2022-04-05,107.40110778808594,109.88609401563465,102.87842982051683,102.87842982051683,1562537
2022-04-06,108.74299621582031,111.72497961707549,106.30770522131635,107.05320107163016,1217023
2022-04-07,107.35140228271484,110.83038291224727,106.40711057384357,109.14059535419047,518143
2022-04-08,108.44479370117188,109.33939022885038,106.80470133102395,108.09689715806797,316876
2022-04-11,107.25200653076172,109.23999550229178,106.8544072197405,108.99149688085052,205125
2022-04-12,105.95980834960938,107.7986965913623,104.41912148049786,107.2520041862876,213838
2022-04-13,106.30770874023438,109.14059913205976,105.6119156236736,106.80470599022813,243255
2022-04-18,105.01551818847656,107.0532023196098,104.56821612292826,105.91011473599713,199061
2022-04-19,104.22032165527344,110.13459347173611,101.38743885114779,105.36341684531044,667254
2022-04-20,105.6119155883789,106.40711422153366,104.31971970539651,105.26401903021478,159799
2022-04-21,106.45680236816406,108.49449399136094,106.00950790627972,106.45680236816406,237679
2022-04-22,106.1089096069336,107.59990131101229,105.66161512914037,106.35740822428005,150198
2022-04-25,105.06521606445312,105.86041470127346,104.07122156021582,104.86642019703615,217312
2022-04-26,104.76702117919922,107.35140534675779,104.3694218649034,105.76101567315068,213104
2022-04-27,102.33173370361328,104.2700275848639,101.63594056690368,104.2700275848639,287766
2022-04-28,101.88443756103516,103.82272382754628,101.38744030463987,103.17663346109345,229073
2022-04-29,100.34374237060547,102.9778293288333,99.89644787623195,101.88443688869427,189805
2022-05-02,99.54854583740234,100.89043683025211,98.90244792719295,99.89644237872253,294487
2022-05-04,98.50485229492188,100.79104265193219,97.36175711641671,99.74734540556311,164953
2022-05-05,96.96416473388672,99.94614817931335,95.97017025207784,99.30005024942237,183914
2022-05-06,97.56055450439453,97.80905311108755,94.72767190480924,95.42346497011944,149301
2022-05-09,98.50485229492188,104.27002336172765,93.63427778449301,97.31206194213674,170658
2022-05-10,95.52286529541016,99.449147929925,95.42346736695141,96.91445904456003,172325
2022-05-11,92.93848419189453,97.06356281445319,91.89478695096153,95.62226626347068,244794
2022-05-12,87.72001647949219,92.19299182405553,86.3284226333572,89.55890482665296,310923
2022-05-13,87.76972198486328,91.04989945668478,87.07392124823937,88.51521789894679,262920
2022-05-16,90.40379333496094,91.5468884836019,88.21700855079415,89.90679610368886,288522
2022-05-17,91.34809112548828,91.89478352077072,89.95649738404752,91.39778629765443,246836
2022-05-18,95.87076568603516,97.6599588044323,92.44148772327944,92.44148772327944,658213
2022-05-19,92.4911880493164,95.32407075931025,91.54688875693451,91.54688875693451,373491
2022-05-20,93.88277435302734,94.97617433333546,93.28637918968033,94.13127296971992,118799
2022-05-23,91.64628601074219,94.67797214162076,90.95049292344672,94.62826938528141,147001
2022-05-24,90.45349884033203,92.39178506776584,90.00620435202458,92.04388851201824,99936
2022-05-25,86.62661743164062,91.1492876079772,85.38412437491478,90.45349452964105,270659
2022-05-26,85.93081665039062,87.07391177770606,82.75003746302016,87.02421660565152,287363
2022-05-27,87.12361907958984,88.96250738023134,86.47752114056007,86.47752114056007,170620
2022-05-30,88.3661117553711,89.36010624624461,86.52722346397032,88.26671382299897,194467
2022-05-31,88.81340789794922,89.36010791154834,87.67031269542687,89.26070997732384,132845
2022-06-01,88.91280364990234,91.44749262008514,87.27271881651168,89.45950365008329,178362
2022-06-02,89.06189727783203,89.70799515857007,88.71400075238093,89.16129520173584,57361
2022-06-03,88.41580963134766,90.8511007585447,87.96851513021777,89.50920967157869,114013
2022-06-06,88.41580963134766,89.45950691208587,86.92481784947955,89.26071104126734,90594
2022-06-07,87.62062072753906,89.7080077569693,87.27272415323012,88.41581181402,94535
2022-06-08,87.96851348876953,89.45950524281648,87.47151623742056,88.46551074011852,65468
2022-06-09,86.07991790771484,87.9685088806242,85.83141929505771,87.5212144112717,157970
2022-06-10,84.8374252319336,85.8314196871023,83.59493216297271,85.8314196871023,330240
2022-06-13,79.8674545288086,83.99253311570331,78.52556350462203,83.7937372541853,299296
2022-06-14,79.17166137695312,82.84943789760786,78.6746641399146,82.50154134839607,159108
2022-06-15,79.56925964355469,80.61294927755193,79.02255965652571,79.51955688706991,183980
2022-06-16,77.78006744384766,82.00454395038251,75.09628540253826,82.00454395038251,196130
2022-06-17,76.09028625488281,77.73037120455183,75.29508757707383,76.78607941028321,115944
2022-06-20,71.16999816894531,75.64297300952452,70.57360304024985,74.54958067632026,212667
2022-06-21,72.71070098876953,73.80409344907763,71.12031126617808,71.17000644226059,244183
2022-06-22,70.47420501708984,73.35679031590772,70.0269029835148,73.35679031590772,223823
2022-06-23,69.43051147460938,71.46820314987531,68.63532045720932,71.26939970784338,227301
2022-06-24,70.27540588378906,70.8718086317012,69.48021485919948,69.67901071945289,173248
2022-06-27,77.48187255859375,80.31476310829366,71.41850728747907,71.56760798750169,1332885
2022-06-28,75.14598083496094,77.03457185522356,74.54958566634538,76.48787186023995,252112
2022-06-29,75.49388122558594,78.47586480395394,73.30709630154664,74.54958945919996,275805
2022-06-30,73.80409240722656,76.23937592460689,73.05859652432528,75.49388004170561,149628
2022-07-01,67.88982391357422,72.56159479136902,65.10663642239275,68.98321629097558,1725076
2022-07-04,71.81610107421875,75.3447845064516,66.2000307537757,67.3928286781644,1165439
2022-07-05,73.20769500732422,76.98486948317063,72.16399776934337,72.36280121559383,644302
2022-07-06,73.30709075927734,73.60529212799965,72.11430045153978,73.20769283089518,300979
2022-07-07,73.406494140625,74.10229485813899,72.56160031125037,73.55559483606203,183732
2022-07-08,72.95919799804688,74.64898561881617,72.66099661387524,73.95319250051733,188724
2022-07-11,74.00288391113281,74.94718319059108,71.81609915036518,71.81609915036518,243898
2022-07-12,73.25739288330078,74.84779017766212,72.95919907829028,74.00288877119154,190818
2022-07-13,82.75003814697266,86.87511664038377,73.95318876157722,73.95318876157722,5176797
2022-07-14,86.27872467041016,88.36611158039605,82.15364602473795,82.50154257913958,2753867
2022-07-15,88.31641387939453,91.24870233970955,85.18532954334611,86.2787296106094,2035216
2022-07-18,92.1432876586914,94.08158149524101,89.85710484538644,89.85710484538644,1916995
2022-07-19,93.98218536376953,96.81506824305072,90.35410383112895,95.42347439145998,1724683
2022-07-20,92.78938293457031,96.86475877458003,92.04388707663283,94.42947533874799,1136328
2022-07-21,89.8073959350586,92.73968407660118,89.45949939855713,92.44148271184237,338704
2022-07-22,89.50920867919922,91.2983942474586,87.47151689980728,89.45950592025746,349520
2022-07-25,92.88878631591797,94.28038018243623,87.86911846141741,88.5649116028883,473476
2022-07-26,94.08158111572266,95.2246763095521,91.64629003607277,92.93848592189322,342709
2022-07-27,92.6402816772461,94.3300768283375,92.44148581644757,92.93848305201986,113645
2022-07-28,91.99419403076172,94.13127613941953,91.44749402219853,93.4354830226811,195610
2022-07-29,90.75170135498047,93.93248073807746,89.9565027174181,92.93848623291262,199131
2022-08-01,91.99419403076172,93.68398164774142,90.80139608032644,91.54689195550742,421299
2022-08-02,94.08158111572266,96.71566806230975,91.44749416913558,91.44749416913558,658895
2022-08-03,90.45349884033203,94.03187749752004,89.75770572883685,94.03187749752004,313918
2022-08-04,91.09959411621094,92.19298650958245,89.75770310691064,91.19899204586727,393475
2022-08-05,91.19898986816406,93.38577460268975,89.80739613547694,91.44748847815906,156738
2022-08-08,90.40379333496094,92.44148501660683,89.75770300116797,90.85109539325136,598510
2022-08-10,89.3104019165039,91.54688948160955,88.86310743691318,89.50920536132557,357938
2022-08-11,91.8450927734375,92.14328657152792,89.45950447083338,89.45950447083338,288378
2022-08-12,94.87677001953125,95.32407208537968,91.94448933890995,92.44148657857973,520772
2022-08-16,98.6539535522461,100.79104323155406,94.2306810863567,94.52887488447976,1102620
2022-08-17,101.18864440917969,102.28203685624953,100.24434507212858,100.29404783118571,827576
2022-08-18,98.55455780029297,102.13293654198294,97.65996121897639,101.38744065481518,402518
2022-08-19,96.91445922851562,99.39944536258012,94.82707239261661,98.55455159371337,294570
2022-08-22,99.89644622802734,100.84073795993645,94.97617653679376,96.91446275853399,509907
2022-08-23,102.03353118896484,103.77302146589068,100.84073330607023,103.77302146589068,759841
2022-08-24,101.1389389038086,102.77903132166665,99.49884648595052,102.03353545751081,474836
2022-08-25,107.99750518798828,109.98549421092933,102.18263881260094,102.72933124376395,1819940
2022-08-26,112.47047424316406,113.31536801427461,106.85440404854843,108.3950984891904,1444070
2022-08-29,111.87408447265625,115.20396454475848,107.10290781942759,109.3890982123447,1400475
2022-08-30,110.43278503417969,113.81236777747493,109.78668710650065,112.96747398754513,654567
2022-09-01,107.99750518798828,112.32137979616982,107.35140723881717,110.23399283879696,530965
2022-09-02,114.35906982421875,118.08654918506583,108.54419595443638,108.6436014709199,1433396
2022-09-05,116.29735565185547,118.43444532798515,113.11657630848305,115.30336115910457,924008
2022-09-06,114.06086730957031,117.09255352639238,113.41476937672245,116.99314801089571,632871
2022-09-07,118.58354949951172,120.0745412824046,113.31537549985963,113.41477343533721,1273589
2022-09-08,115.50215148925781,119.17993548633913,114.85606116679187,119.17993548633913,700052
2022-09-09,113.5638656616211,116.64524693309872,112.32137260186595,116.29735039308244,396040
2022-09-12,115.6015625,118.78234184226191,114.90576180517161,114.90576180517161,682469
2022-09-13,114.45846557617188,117.29134831972111,113.81236764922092,115.80035660379245,461824
2022-09-14,114.25965881347656,116.09855460993076,112.76866714083314,113.3153671208994,402261
2022-09-15,125.93909454345703,127.28099312593571,114.6075638117659,114.65725898442105,2996964
2022-09-16,121.16793060302734,127.82769827768733,119.08054367773063,127.13189758020431,1419111
2022-09-19,124.845703125,127.13189342495859,120.82003009712847,121.96311766353183,1172752
2022-09-20,122.80802154541016,127.52949534493993,122.36071947741432,125.74030224010875,546197
2022-09-21,119.82604217529297,123.7523174878629,118.83204765731817,122.7583229698881,527668
2022-09-22,119.03083801269531,123.05651865741102,116.64524976336659,119.72663110961052,587655
2022-09-23,116.49615478515625,119.47813834706547,114.90576506885328,119.17994454102036,477000
2022-09-26,110.631591796875,115.35306571085849,107.50050757930755,115.35306571085849,643466
2022-09-27,110.08489227294922,113.41477237351955,108.34540187585974,110.92978609196314,434285
2022-09-28,110.08489227294922,113.61357582618984,108.29569911679808,109.2399984539353,404598
2022-09-29,109.33939361572266,112.42077500999599,108.24600119628066,111.02918121089884,348583
2022-09-30,110.83039093017578,111.82438546766615,106.45681344850287,108.34540458644986,579102
2022-10-03,107.69930267333984,112.07287999472737,106.90411162263607,110.83038686840003,266149
2022-10-04,109.53819274902344,111.02918452464668,108.39510512124002,109.83639413757862,209044
2022-10-06,110.68128204345703,111.8243771937079,110.28368274116421,110.3333854977918,335213
2022-10-07,113.9117660522461,115.35306260042833,109.88609295270331,111.27767915980883,440081
2022-10-10,111.0291748046875,112.66926713100779,110.28367898213972,112.32137059720061,229986
2022-10-11,108.74299621582031,111.72497961707549,108.0471955387152,111.32738031352628,237830
2022-10-12,110.97948455810547,112.32137558152351,107.74900251704395,110.53218249458212,315356
2022-10-13,110.08489227294922,111.07888678557178,109.04119500126501,110.78068539835449,183271
2022-10-14,111.52618408203125,114.0608731862678,110.5321895444603,112.12258687143502,414489
2022-10-17,109.23999786376953,113.66327038761284,108.59389991734012,113.51416969480971,475083
2022-10-18,109.09088897705078,110.7309813075439,108.39509590766615,110.48248269939572,223432
2022-10-19,108.89209747314453,111.12858503580411,108.14660161892466,109.09089333417276,167547
2022-10-20,107.1029052734375,108.74299768297101,106.55620527573431,108.74299768297101,229768
2022-10-21,105.95980834960938,108.44479450970142,105.36341318790248,107.45080004566461,185390
2022-10-24,108.0969009399414,113.31537201980065,106.05920919913734,107.15260920654019,84340
2022-10-25,106.90411376953125,108.74300211670985,106.40711650901939,108.74300211670985,100218
2022-10-27,107.05320739746094,108.89210333709039,105.86041699990663,107.05320739746094,190134
2022-10-28,106.1089096069336,109.33939163243743,104.71731583307829,108.14660130260486,328007
2022-10-31,106.00951385498047,108.29569663139841,105.6616173002621,107.8981049023352,116078
2022-11-01,105.11492156982422,106.85441199769365,104.56822154477754,106.75501406138783,111913
2022-11-02,106.0592041015625,108.096895744428,104.96581173028804,105.36341102445395,180052
2022-11-03,105.86041259765625,107.05320294560786,105.11491673429248,106.00951328704423,121173
2022-11-04,106.1089096069336,107.20230200654278,105.36341375489425,106.30770546738037,130998
2022-11-07,106.1089096069336,107.25200476344246,105.6119123722407,107.10290407631939,161489
2022-11-09,109.83638763427734,113.017166867179,106.1586111722613,106.1586111722613,875784
2022-11-10,107.69930267333984,110.63159100161813,106.40711437210513,109.53819098358909,230846
2022-11-11,107.35140228271484,109.63759258698082,106.40711057384357,109.04118984077165,221625
2022-11-14,106.25801086425781,109.33939221917387,105.86041155765471,108.24599981369734,247933
2022-11-15,102.1329345703125,107.10290705548586,98.20665934045603,106.45680911569809,413012
2022-11-16,99.39944458007812,101.88443069458008,98.80304942931281,101.88443069458008,373617
2022-11-17,100.94013977050781,101.5862300983207,99.54854601911113,99.99584048968556,207813
2022-11-18,100.04553985595703,102.18262937495103,98.40544754679533,101.13893220087297,155593
2022-11-21,101.33773040771484,104.17062063649075,100.7910380143328,103.37542204883862,278528
2022-11-22,101.98382568359375,102.58022081717283,100.89043334143615,101.28803262501407,132576
2022-11-23,103.32572174072266,104.66762033711787,101.48683349474248,102.33172727440083,261367
2022-11-24,102.38143157958984,103.82272054412451,101.68563847607159,103.72332261270421,134466
2022-11-25,103.07722473144531,103.37542610942215,101.38743714577942,102.97782679997839,164288
2022-11-28,103.32572174072266,104.86641619695186,102.62992864772777,103.87242173063004,200969
2022-11-29,104.22032165527344,105.31371408695294,102.9281333573163,103.97182303063828,191100
2022-11-30,104.27002716064453,105.01552305419027,103.17663470015941,103.52453126709881,161694
2022-12-01,104.91612243652344,105.41311968618281,103.77302724559165,104.96581761134365,166674
2022-12-02,110.5818862915039,111.72498146426612,104.2700228378726,104.91612076887526,1567823
2022-12-05,107.50050354003906,112.52017106772783,106.85440561726598,111.22798280575765,751101
2022-12-06,108.1466064453125,109.88609684945583,107.50050849277258,107.84840505688598,361345
2022-12-07,105.95980834960938,108.84239381203133,105.6616145605439,107.84839934799452,267448
2022-12-08,106.15861511230469,106.7053075344753,105.66161786474441,105.95981166313489,103469
2022-12-09,104.76702117919922,107.30170258862975,104.3694218649034,106.95380603246197,181646
2022-12-12,105.11492156982422,106.30771197264697,104.27002773586007,105.95981540378837,215204
2022-12-13,108.44479370117188,110.13458882758145,105.2640144733993,105.9598075596071,375322
2022-12-14,106.70530700683594,109.04119254210343,106.35741045197928,109.04119254210343,176791
2022-12-15,105.91011047363281,108.34539381494204,105.56220635323801,107.35139937627285,182357
2022-12-16,103.82272338867188,107.20230623458913,103.47482682738105,105.91011792356942,260338
2022-12-19,104.91612243652344,105.76101624422913,104.02152587042133,104.61792105329734,117299
2022-12-20,104.91612243652344,107.84840317608324,104.56821829490092,104.91612243652344,268296
2022-12-21,101.23834228515625,105.76102047124779,100.34374568329923,105.11492250415235,307825
2022-12-22,100.7413330078125,102.4311280729228,96.66595740020041,101.38743089789656,329976
2022-12-23,95.57257080078125,100.29404458236537,94.42947563168251,98.80305286186513,381142
2022-12-26,105.16461944580078,107.35140427727785,96.56656564206284,97.41145943678916,526665
2022-12-27,104.86641693115234,108.9417927548895,104.12092107619154,107.4508010449679,520778
2022-12-28,102.92813110351562,105.3137117809156,102.62992972705263,105.21431384995327,224675
2022-12-29,102.4808349609375,103.97182676226126,102.03354045397096,102.77903635463284,135041
2022-12-30,102.23233032226562,104.36941996201251,100.98983722747977,103.32572272896198,184116
2023-01-02,102.67963409423828,106.30770792449206,101.58623408578116,103.37542720545996,197581
2023-01-03,102.4808349609375,104.36942609266288,101.88443975712329,102.58023289764378,319216
2023-01-04,100.89044189453125,103.27603021466398,100.44314740232096,102.38143364666718,142867
2023-01-05,99.89644622802734,101.83473244976757,98.45515725120266,101.53653865296391,321704
2023-01-06,99.5982437133789,104.31971748630649,98.95215336920754,104.31971748630649,132085
2023-01-09,100.49284362792969,101.33773744625843,99.69765256862229,99.99584637202146,86391
2023-01-10,99.5982437133789,101.38743680812925,99.15094923147933,99.89644509036263,202460
2023-01-11,99.30005645751953,100.64194757513943,98.90245712322343,100.29405100147153,135875
2023-01-12,98.40545654296875,99.8964483087713,97.85875652874397,99.54855174679929,139794
2023-01-13,99.15094757080078,99.54854687226103,98.15695310893811,98.85274619881162,164145
2023-01-16,98.85274505615234,100.89043671284708,98.60424644355913,99.99584019079632,98014
2023-01-17,98.50485229492188,99.30005091916271,97.01386056215239,98.8527488491862,135595
2023-01-18,99.99584197998047,100.29404335385826,98.35574959080456,98.35574959080456,129718
2023-01-19,100.19464874267578,102.38143361162962,99.10124872462265,100.19464874267578,168592
2023-01-20,99.5982437133789,101.38743680812925,99.2006519888353,100.19464646734637,153164
2023-01-23,98.80304718017578,100.04554020914284,98.50484581979345,99.10124095698251,113896
2023-01-24,98.55455780029297,99.84674612123796,98.40545710614415,99.1509529933119,138302
2023-01-25,95.57257080078125,97.90845631284976,94.82707494053112,97.90845631284976,296540
2023-01-27,91.39778900146484,97.11325723638217,90.90079176364594,96.41746413686612,318172
2023-01-30,90.80139923095703,94.23068492592469,89.95650539315102,94.23068492592469,278304
2023-01-31,90.40379333496094,93.28637879305418,89.40979887241677,93.23668362007253,223144
2023-02-01,86.67631530761719,93.83308008775755,84.88712980026412,91.34809389678716,767068
2023-02-02,87.12361907958984,88.71400875626422,86.67631700630331,87.37211770355697,135585
2023-02-03,84.14163208007812,88.61460712479322,83.29673831056934,88.41580368377149,478264
2023-02-06,86.1793212890625,90.70199935902524,84.34043295575917,84.39013571486586,600143
2023-02-07,87.42181396484375,88.41580847306744,86.47752221546175,86.62662290841055,164322
2023-02-08,87.91880798339844,88.66430383713073,87.47151350458945,87.86911280996188,118533
2023-02-09,87.3224105834961,88.26670985754824,85.63262305835659,87.91880573451147,142851
2023-02-10,85.98052215576172,87.72001248839274,85.38412698700343,86.52722215087616,160543
2023-02-13,85.93081665039062,87.67030692739105,85.53322493965115,85.53322493965115,108328
2023-02-14,84.63862609863281,86.37811632785602,83.8434275318434,86.37811632785602,141427
2023-02-15,84.58892822265625,85.08592545966783,83.19733444230862,85.08592545966783,129895
2023-02-16,85.73202514648438,86.3781230845934,84.29073616295945,84.29073616295945,114009
2023-02-17,80.66265869140625,86.22902661619766,80.16566141984315,85.73202934463455,699468
2023-02-20,79.5195541381836,81.25904438495635,77.7303611366442,81.01054577827453,321684
2023-02-21,79.12195587158203,80.16565306654138,77.53156628501483,79.51955516411778,232065
2023-02-22,77.53156280517578,80.11594671529988,77.38246212921997,78.47585444693686,133526
2023-02-23,77.63096618652344,78.92316202423306,75.99087380283842,77.18367171078022,130511
2023-02-24,78.62496185302734,79.91715771048639,77.6309673730053,77.6309673730053,184296
2023-02-27,77.53156280517578,79.469848841875,77.0345656077067,79.32075574949461,103907
2023-02-28,78.02857208251953,79.32076802941863,77.1339754718645,77.9788693216478,95813
2023-03-01,79.27106475830078,80.01656066511866,77.2333729129013,79.02256612269483,233875
2023-03-02,79.5195541381836,80.76204717159271,78.6249576374139,79.46985138341697,129153
2023-03-03,79.91716003417969,81.45784697286564,79.27106208666405,79.91716003417969,209436
2023-03-06,80.26505279541016,82.70033619354332,79.02255971808182,80.01655417994449,415691
2023-03-08,79.5195541381836,80.61294649086848,78.92315899886235,79.5195541381836,193817
2023-03-09,79.91716003417969,81.95484422732748,79.51956071389496,79.51956071389496,348952
2023-03-10,79.61895751953125,83.09793825145213,78.62496302469671,79.91715890141208,644427
2023-03-13,77.28307342529297,80.1159562720772,76.98487203780986,79.71835694995849,186506
2023-03-14,75.84178161621094,77.73036505534334,75.59328299700131,77.73036505534334,231999
2023-03-15,75.74237823486328,77.3824706845534,75.59328512599929,76.63697480592846,244662
2023-03-16,75.39448547363281,76.04058345104328,75.0962916573041,76.04058345104328,258269
2023-03-17,76.5375747680664,76.9848692495143,75.74237615263011,75.7920789099359,154327
2023-03-20,75.09628295898438,77.78006491296634,74.5495829836738,76.53757186323844,192035
2023-03-21,74.79808807373047,75.941183295227,74.1022949390333,75.54358396815303,269297
2023-03-22,75.09628295898438,76.04057464334728,74.84778434903879,75.09628295898438,154142
2023-03-23,74.8974838256836,76.23937487980098,74.59929002675538,75.04658451693578,199926
2023-03-24,72.46219635009766,75.09628313853385,72.31309566705868,74.84778452799412,191870
2023-03-27,69.97721099853516,72.41249437462838,69.62931445674695,71.96519990426867,252739
2023-03-28,68.13832092285156,70.17600494562105,67.6413237099455,70.17600494562105,2058438
2023-03-29,71.66700744628906,73.55559865828471,67.79042708136681,68.28742436959847,672137
2023-03-31,72.31310272216797,75.54358497436104,70.8718136738509,72.26339996178055,2610066
2023-04-03,76.98487091064453,77.38247022694182,73.9531922389771,74.35079155527438,599836
2023-04-05,78.27706146240234,79.12195521226552,76.93517049690487,77.48186288395719,382874
2023-04-06,78.87345886230469,79.3704560921662,77.87946440258169,78.17766577392895,131281
2023-04-10,82.70033264160156,90.25469629416204,79.12195424930088,79.27105492889166,3408133
2023-04-11,82.05424499511719,85.73202143180485,81.60694294184923,83.09793461892409,923903
2023-04-12,82.79974365234375,83.7937381375648,81.1099484773223,82.501542273347,418601
2023-04-13,81.95484924316406,83.69433974024157,81.06026019724273,82.79975069432024,220515
2023-04-17,82.3524398803711,83.14763848552951,81.35844541571103,81.45784334546185,150352
2023-04-18,80.66265869140625,83.49554162260061,80.26505935744046,82.5015470794744,316537
2023-04-19,83.64463806152344,85.23502773282596,80.51355389339828,81.01055113965383,1274756
2023-04-20,82.89913940429688,84.8871283224643,82.6009380331414,84.48952902211565,340479
2023-04-21,82.99854278564453,83.59493798355663,80.96085097723707,83.3464393524619,329591
2023-04-24,83.346435546875,84.53923347181262,81.85544382838502,83.39613830425509,254331
2023-04-25,84.73802947998047,85.33442465168741,83.09793707010435,83.34643569028025,183829
2023-04-26,87.47151184082031,88.46550629355691,84.48952848261052,84.93682295291165,660296
2023-04-27,86.42781829833984,88.56490797909541,85.48352656161296,87.96851279886916,382679
2023-04-28,86.97451782226562,87.47151506696429,85.9805233328683,86.8254171321408,313106
2023-05-02,90.20500183105469,95.72167439795466,89.4595059481534,94.4294785008286,3764101
2023-05-03,92.88878631591797,93.88278085149152,89.01221369404229,89.4595082016198,1155393
2023-05-04,95.17497253417969,96.06956909299164,91.79538974732127,93.08758561933588,1137258
2023-05-05,91.39778900146484,95.22467379953116,90.95049452085824,95.22467379953116,523230
2023-05-08,92.34208679199219,93.33608125136008,91.69598887668788,91.9941902479286,274318
2023-05-09,92.6402816772461,94.97617475129668,92.19298719866141,92.39178305945994,517652
2023-05-10,93.28638458251953,93.93248253998604,91.14929483870404,92.54088868934504,274041
2023-05-11,99.15094757080078,100.14494203266345,93.28637872909589,93.28637872909589,2149795
2023-05-12,106.85440826416016,108.69329656408397,99.34974678985147,99.39944954805597,3189582
2023-05-15,104.46881866455078,109.33939314880362,103.27602831817609,106.90410969846523,1201937
2023-05-16,105.11492156982422,107.0532078703053,103.77303047075452,107.0532078703053,501192
2023-05-17,107.40110778808594,108.84239676663374,104.8664188025558,105.36341604806555,666387
2023-05-18,108.19629669189453,110.73098562731808,105.86041120089055,107.99750083105096,991660
2023-05-19,104.9658203125,109.09089910754145,104.36942511427655,107.35140868897018,538840
2023-05-22,104.86641693115234,107.64960448976971,103.87242245787128,105.31371141069842,497381
2023-05-23,103.42512512207031,106.40710845956113,100.94013900749462,104.91611679081572,295313
2023-05-24,101.43714141845703,107.15260977430125,100.6419427876917,103.27602972057863,382602
2023-05-25,101.43714141845703,103.67362903596128,100.84073865359495,101.43714141845703,292721
2023-05-26,100.7910385131836,103.77302185627438,100.44314197320483,100.89043644123812,254699
2023-05-29,100.0952377319336,103.77302173423247,99.49884258073199,101.78503284117657,556538
2023-05-30,99.39944458007812,101.58622932740953,98.95215011289808,100.8904362487793,552757
2023-05-31,98.3060531616211,100.19464414370857,97.80905593389153,99.20064968824946,363268
2023-06-01,99.39944458007812,100.3934390258789,98.00785083924187,98.00785083924187,349297
2023-06-02,104.76702117919922,105.21431566804692,99.8467438839938,99.8467438839938,1618089
2023-06-05,103.52452850341797,106.00951474889811,103.12692918742592,105.7610161243501,481278
2023-06-06,105.91011047363281,106.65560630263471,103.37542162159608,104.31971330490151,503525
2023-06-07,104.22032165527344,107.7987003333046,103.87242509749944,107.35140584239177,726947
2023-06-08,101.58623504638672,105.36341718650316,101.13894055402544,104.96581786908413,568036
2023-06-09,101.63593292236328,103.37542321687806,100.98983501054262,102.33172600673885,347271
2023-06-12,105.21430969238281,107.25200132268274,102.08322569755092,102.23232637989067,1902413
2023-06-13,103.32572174072266,106.70530444293203,102.92813002105468,105.8107079065272,759184
2023-06-14,106.25801086425781,107.25200533897758,103.12692675217536,103.62392398953524,945385
2023-06-15,107.15260314941406,109.19028719145571,104.66761706138105,107.05319763903218,3216914
2023-06-16,111.62557983398438,115.05485765506795,108.39509786958722,109.14059370752503,7522941
2023-06-19,110.83039093017578,114.9554697774761,110.33339366143059,112.32138273641132,2409638
2023-06-20,114.2099609375,114.8063560757237,109.38908949345964,109.38908949345964,2173636
2023-06-21,113.36507415771484,116.8937500327442,112.91777208888503,114.30936588595095,1252993
2023-06-22,111.57587432861328,114.5081548521488,110.1345854442129,114.30935900036104,761046
2023-06-23,119.67694091796875,124.24931416243095,110.1345951070093,111.72498481157317,8282399
2023-06-26,136.873046875,139.05983185753558,121.26733543085358,121.26733543085358,17834293
2023-06-27,137.37002563476562,138.91072001722412,132.40005354112614,136.87302842540169,10170281
2023-06-28,139.3580322265625,140.8490240446081,134.68626089678366,137.12154449949415,4271695
2023-06-30,146.1171875,147.9063805844508,137.3700331060254,140.00412755920775,6394077
2023-07-03,137.96644592285156,147.06148994560274,136.2269554685541,146.91239683066703,2651288
2023-07-04,135.92874145507812,139.1592234275023,132.40005811330755,137.27064003356116,1964983
2023-07-05,136.525146484375,140.5011243632979,134.43775203107973,136.17724235310848,827746
2023-07-06,135.68023681640625,137.66822563422906,135.18323961195054,137.37002427812544,415539
2023-07-07,132.74795532226562,137.6682245750933,131.2072609668759,136.62452742033568,599387
2023-07-10,129.51748657226562,133.99046182878718,126.28700444255561,133.74196320342486,459543
2023-07-11,133.24496459960938,138.06582878239126,129.21928387618993,129.81568663786402,682028
2023-07-12,136.92274475097656,137.91673926822503,132.69826805267056,133.8910584399382,747136
2023-07-13,134.48745727539062,137.86703246812075,132.20126691929568,137.86703246812075,737454
2023-07-14,136.0281524658203,140.60051803440152,134.58684831691036,135.28265659589545,1574305
2023-07-17,136.82333374023438,141.14721578356352,136.17724339681834,137.17123787416736,531090
2023-07-18,134.6365509033203,138.31432749016287,132.99646605843787,137.51914403031213,740726
2023-07-19,135.18325805664062,136.72395263409913,133.7916717611541,135.23296081729796,434839
2023-07-20,143.88070678710938,144.5267971583251,135.82934510729086,135.87904786672732,4369086
2023-07-21,150.04347229003906,152.5781613922,141.69392424814143,143.48311744773463,7187844
2023-07-24,158.59182739257812,161.6235136870265,152.18056582483973,152.8763589496756,5815257
2023-07-25,157.6972198486328,160.2319088328008,154.66554878637444,160.2319088328008,1954516
2023-07-26,155.5601348876953,160.72890310931933,155.01343489459572,157.94571555393657,1233964
2023-07-27,152.67755126953125,156.15653179172753,151.58415132426614,156.05712628137564,1357505
2023-07-28,168.87965393066406,170.86764286530237,152.62785349028698,153.22424107038734,5794764
2023-07-31,170.86764526367188,178.32260387320648,168.9790618161173,170.91734802116585,5177339
2023-08-01,173.750244140625,175.63882765101607,166.34498804219857,170.8676509487381,2283126
2023-08-02,170.5694580078125,178.47171105206604,166.89166631592352,173.8496276421861,2754505
2023-08-03,178.22320556640625,180.45969304939115,168.1838556870356,168.43235429625614,2650377
2023-08-04,176.58311462402344,184.2865719015599,174.94302978663464,179.91300222375492,3207581
2023-08-07,165.5000762939453,175.09211669096797,163.4623846334724,175.0424291020785,3179871
2023-08-08,165.99708557128906,170.91735543353442,164.4066882654216,166.99108009566802,1896834
2023-08-09,170.3706512451172,171.91134575365598,165.99708151167067,166.84198290359103,1112315
2023-08-10,166.49407958984375,170.86764934504433,164.95338507364156,170.86764934504433,870409
2023-08-11,161.97140502929688,167.28928181193334,161.1762063748158,167.28928181193334,729218
2023-08-14,162.6671905517578,164.90367813129885,150.88836506646624,160.5301084870572,1970476
2023-08-16,173.79994201660156,174.94302960911844,160.9277012837998,163.0150957721331,2255259
2023-08-17,176.08612060546875,180.26090966283616,172.95504397959567,175.34062472624635,2151685
2023-08-18,168.53175354003906,175.9867115394467,167.8359604935245,175.9867115394467,1131677
2023-08-21,166.24557495117188,168.97905974110145,165.0527846217239,168.03476802891979,902938
2023-08-22,172.25924682617188,173.89933165520267,166.04678131143078,167.88566200350286,1208065
2023-08-23,174.74423217773438,176.83161148019082,171.46404736855766,172.3586363314458,1396055
2023-08-24,174.6945343017578,179.8135999370536,173.9987411814971,174.89333016938195,1097637
2023-08-25,202.2778778076172,205.7568585070111,170.56945978571645,173.94903496969536,17526360
2023-08-28,205.06106567382812,217.6350898658186,197.15881253667612,200.3892946189897,10234023
2023-08-29,200.339599609375,211.1741338683774,195.96601459772558,206.05506812989933,2706557
2023-08-30,198.35159301757812,205.65744303221328,197.05939721552147,201.23417081919177,1207049
2023-08-31,192.9840087890625,202.57606395352855,191.84092128350824,198.7491794051059,1233376
2023-09-01,198.00369262695312,199.6934801689377,193.182828615031,193.67982584309422,1247470
2023-09-04,195.5684051513672,200.7371731816579,193.77921213434118,198.69948155579917,711062
2023-09-05,194.97201538085938,200.33959478865881,193.03372913657864,195.71751125690216,625823
2023-09-06,190.94635009765625,198.74919784609847,189.95235559463285,195.41932536126154,637921
2023-09-07,199.7928924560547,208.24184561961917,190.89664480549663,191.29423653456817,2375209
2023-09-08,204.5143585205078,207.74484048984755,198.79889042090676,200.48867795605412,1504032
2023-09-11,201.6317901611328,210.67713100049076,199.6438011634077,205.5580653982095,895235
2023-09-12,187.66615295410156,206.75084313294292,175.44001833155974,203.1227695005956,1374777
2023-09-13,199.2958984375,202.82458196695606,188.06375748714305,188.85895612531172,1008810
2023-09-14,195.46900939941406,202.8245776883676,191.8409355961915,199.2958942333492,500515
2023-09-15,198.0533905029297,201.78086962155444,195.71749752173093,196.81089746338807,413073
2023-09-18,202.87428283691406,205.25986356205766,195.6181199778031,195.667822736067,1002149
2023-09-20,202.6754608154297,206.25384687628858,199.743180242667,200.78687744101344,728476
2023-09-21,199.39529418945312,209.18613049298827,197.85459974729883,204.16645545048965,1638258
2023-09-22,194.52471923828125,203.7688710562131,193.38163163824146,200.98568344250265,907017
2023-09-25,195.7672119140625,199.79289263491282,193.82892569058708,196.21450640145648,491296
2023-09-26,196.51271057128906,201.78088448031394,194.0277243092162,194.0277243092162,390309
2023-09-27,197.55641174316406,198.30190763653448,194.12713366709065,196.91032136910414,339254
2023-09-28,199.99168395996094,206.1544466291102,198.3018963975227,198.351599154361,1150768
2023-09-29,212.6651153564453,215.49800568323204,199.7928899105633,202.27787610348076,3302536
2023-10-03,214.50401306152344,221.46197446187864,211.72082546795093,215.19980616812853,2957100
2023-10-04,208.63943481445312,214.30521547139293,204.31556793649892,212.71481824011997,1233580
2023-10-05,208.58973693847656,211.82021883188975,206.0550481117529,210.72681889341246,511131
2023-10-06,209.6334228515625,212.7148117048011,206.7508450214889,209.1861283837444,472112
2023-10-09,202.07908630371094,208.63944094952788,200.78689041119847,205.85626846368874,573380
2023-10-10,203.57008361816406,207.89395074122967,202.1287945771422,204.76287402565964,498929
2023-10-11,211.47232055664062,213.062717753422,204.11676764761816,205.21015244914759,930588
2023-10-12,213.8082275390625,216.69080558317017,208.83825493394392,211.7208329780516,818500
2023-10-13,213.75851440429688,221.90926604764445,211.86991580572786,213.609406133089,1404688
2023-10-16,209.88192749023438,215.39859986414254,206.99934957738608,213.75851504599646,476445
2023-10-17,220.3685760498047,226.63074438871274,209.8819311159316,211.52203112956235,2375687
2023-10-18,218.52969360351562,225.63674810471062,215.00101014818333,220.36857430055346,1169041
2023-10-19,222.55535888671875,229.1654313051936,216.19380025638037,218.18178922425514,1632469
2023-10-20,215.64710998535156,224.89126213643448,212.81423467862078,222.90327307887483,634783
2023-10-23,194.02772521972656,217.08839480654834,189.50504716810002,216.59139755180152,1416244
2023-10-25,198.60011291503906,202.22818693360261,191.49304282549048,195.22052236531044,871544
2023-10-26,201.97967529296875,203.669462875458,191.8409346308811,197.85460426802567,761787
2023-10-27,204.1167755126953,210.22983558701713,203.07307826003853,204.7628658672602,683104
2023-10-30,201.88027954101562,207.74484074888423,201.2838768021486,205.7071490860988,310419
2023-10-31,202.6257781982422,205.65744918937085,201.3832851142872,201.88028234786918,289503
2023-11-01,214.45431518554688,223.35056300222365,203.47067283438616,203.47067283438616,1769869
2023-11-02,213.55970764160156,221.46196026336887,211.91960774494908,216.69078400415898,427739
2023-11-03,218.28118896484375,224.64274742688602,213.9573070072443,214.6531000941627,1029582
2023-11-06,222.55535888671875,228.12173406362894,219.1260809505652,219.1260809505652,1356434
2023-11-07,221.06436157226562,225.83553800797927,219.47397953846226,223.79784633399044,464031
2023-11-08,221.85955810546875,222.8038497991081,216.34288587705237,221.66076224898967,483187
2023-11-09,219.47398376464844,226.82953683461287,217.6847906709092,222.1577658216813,577986
2023-11-10,224.2948455810547,227.62473311487983,217.03869810019708,225.6367441793787,1354820
2023-11-13,220.86557006835938,227.4259396926991,219.6727797277027,226.3325396995918,302654
2023-11-15,220.0206756591797,224.59304098908834,219.67277153784738,220.86556183403437,401089
2023-11-16,216.59140014648438,222.25718105219403,215.74651390358488,221.06437549279028,368051
2023-11-17,213.6591033935547,218.6787783853766,211.2735227871203,218.0326880615532,488979
2023-11-20,211.5717315673828,217.63508880748705,208.78854398426265,213.75851639442288,490703
2023-11-21,211.3729248046875,214.7028124535832,210.32924271120453,211.8202344643544,310757
2023-11-22,209.3849334716797,214.10640730414144,206.2041541337675,211.37292245376884,409383
2023-11-23,217.48599243164062,220.66677169288243,209.78253531173146,210.62742150846262,731414
2023-11-24,214.50401306152344,218.47999100458355,213.708814439481,217.88358824626366,305444
2023-11-28,219.87158203125,222.6547696857524,212.7148246104956,214.70281362554698,896874
2023-11-29,217.436279296875,226.5313221697467,216.09438076349667,221.61105282594477,889601
2023-11-30,222.2074737548828,223.44996688126088,214.40461085436763,218.47999437574865,673715
2023-12-01,219.3248748779297,223.84755277335327,218.6787845359343,223.648756911751,444421
2023-12-04,220.16978454589844,224.14576259638872,217.68479826434202,223.64876534007743,297815
2023-12-05,218.827880859375,222.85356157643596,217.8835891275094,220.91527535478505,438280
2023-12-06,235.77549743652344,240.04967691186295,219.67278922369238,220.3188795957245,3915787
2023-12-07,247.5543212890625,250.98359911482484,237.51497125760883,237.56467401363616,2454057
2023-12-08,250.63571166992188,254.01530213172472,243.5286569324284,249.49262404097766,1620060
2023-12-11,256.94757080078125,261.8181376427167,252.47459568045818,252.5242984374477,1187494
2023-12-12,248.99560546875,259.3331415051829,245.7651235614708,259.18404840709206,768507
2023-12-13,248.2501220703125,252.82250275788783,244.77114138063845,247.00762896685748,540167
2023-12-14,245.16873168945312,251.43089992809246,243.8765510030523,249.59201924590172,425507
2023-12-15,239.30416870117188,248.20041617605088,237.66408389219907,246.90822033135768,660731
2023-12-18,248.2501220703125,249.9399096575809,237.6640868957366,240.347868965769,812100
2023-12-19,243.52865600585938,249.8405272385866,242.03766423439495,248.00163132025273,401196
2023-12-20,227.1774444580078,246.75913294093777,224.19546097835902,244.02564808459306,1246164
2023-12-21,237.36587524414062,240.99394888234323,223.6487489422522,224.69244613741301,716478
2023-12-22,235.92459106445312,243.03164538407984,234.58269247706681,237.5646758560126,466754
2023-12-26,235.12940979003906,240.04967969444493,233.5887152306193,235.57670429641178,325574
2023-12-27,234.781494140625,240.49696242492143,231.94861896087372,237.0179817301323,369571
2023-12-28,229.6127166748047,236.5209750305081,226.73013885267426,234.7814847526687,332639
2023-12-29,230.95462036132812,236.1233885537692,227.62473283164633,229.6127217646738,527961
2024-01-01,231.7995147705078,235.5766969105205,230.6564271603768,232.79350927224,374403
2024-01-02,231.40191650390625,235.1790985372843,226.77983310104756,233.53899855543688,487732
2024-01-03,229.6624298095703,235.278492607826,228.12173531756804,232.19711879097375,495694
2024-01-04,230.40792846679688,235.47729132384006,228.6187353307777,229.71213534922066,421084
2024-01-05,230.40792846679688,234.4832968224019,230.10972708293494,231.60071883509218,236461
2024-01-08,226.233154296875,231.74981163888495,223.79785563783,228.81753089692643,363084
2024-01-09,225.73614501953125,233.24079096195555,224.74215057235966,228.22113113746025,493505
2024-01-10,222.75416564941406,228.02232417962622,220.66677120627773,226.68044075231163,633044
2024-01-11,216.98899841308594,225.43795150849166,215.10039979735103,222.85355978891846,833491
2024-01-12,216.5417022705078,222.65476221995377,215.69680090058023,218.87758018457774,538692
2024-01-15,211.96932983398438,220.02069145374236,210.8262422112366,217.48600241291837,707464
2024-01-16,212.61541748046875,218.67878999725357,210.67713123892358,213.41061611388926,762687
2024-01-17,205.80654907226562,213.4603031240758,204.81255464561102,211.72081287743026,920929
2024-01-18,203.57008361816406,208.73885216208024,199.94199446838854,205.7568685597648,741965
2024-01-19,202.6257781982422,208.63943259086287,201.78087683429203,204.71315747899544,803179
2024-01-23,192.23854064941406,207.44666035688306,188.06376655663811,204.56408221755407,891971
2024-01-24,200.48867797851562,204.01736131731238,193.92832369418173,194.42532092028966,716212
2024-01-25,193.72950744628906,203.4209530940736,192.53671716922275,200.38928223028253,981838
2024-01-29,206.99935913085938,214.60341115451965,195.31992350162722,195.8169207624456,3032940
2024-01-30,206.353271484375,212.21783317263586,205.25987142927073,208.7388523009533,1017275
2024-01-31,204.36526489257812,209.33523714028524,201.13478293156848,206.25384827984618,648749
2024-02-01,208.93763732910156,220.3685738855674,204.56406767001027,206.00535663717773,2448739
2024-02-02,210.13043212890625,213.70881841102155,208.34125415500105,209.6334348767876,804622
2024-02-05,208.39093017578125,213.31121483228375,206.2538481771915,211.07472732192866,571480
2024-02-06,206.45263671875,210.03102267539305,205.5580478131648,206.75083807632876,593943
2024-02-07,234.73179626464844,239.5526756802616,209.88193364221468,211.72082954313575,10818177
2024-02-08,250.53631591796875,252.474602153036,236.67009572291553,239.00597368978805,8562319
2024-02-09,260.07867431640625,268.17972403064033,253.4686164637235,255.35720008816043,8799088
2024-02-12,278.8651428222656,288.00990428977855,263.95522543021497,268.3288254659935,11708476
2024-02-13,259.6810607910156,282.7914327083022,251.5800117556879,280.20704096466943,4255856
2024-02-14,263.1103515625,267.78210742808767,248.79682191904888,257.0469791544395,1549008
2024-02-15,261.0229797363281,265.84385946007035,259.4325823599803,264.89955248634004,748260
2024-02-16,264.70074462890625,271.2114273311625,260.4762676621726,262.41456922769095,1006483
2024-02-19,257.6434020996094,267.0863504201183,255.1086977708888,265.8438572200514,663886
2024-02-20,251.87818908691406,261.37085434242334,250.48660291535612,257.6433751323734,592563
2024-02-21,253.0709991455078,261.3708590702111,248.54832125540872,253.86618259098069,644502
2024-02-22,258.4882507324219,259.73074382445293,249.64170598402146,254.90989489481558,608997
2024-02-23,255.357177734375,263.16004052696456,253.8164984126981,260.42655568674115,631337
2024-02-26,254.56199645996094,257.6433854640285,251.97760470382994,256.3511744188106,633961
2024-02-27,254.71107482910156,262.41453172637193,251.08300119595737,254.01528175568163,1169186
2024-02-28,244.8208465576172,260.37686946689564,242.53465619123654,254.46259010228096,816001
2024-02-29,241.5406494140625,246.70941747920472,236.71977030334097,245.56632993772718,841737
2024-03-01,243.57835388183594,249.2938222245347,242.03765938211276,244.07535112902713,585654
2024-03-04,238.6580810546875,246.06333690780147,237.56468105826974,245.5166369095926,492307
2024-03-05,232.39590454101562,238.55866707365473,230.70611701600757,238.55866707365473,830213
2024-03-06,222.75416564941406,233.4892937365385,220.71647396295276,231.00430757430567,923541
2024-03-07,222.80384826660156,226.1337357165409,221.71046347991143,223.49965651021984,556769
2024-03-11,217.3865966796875,224.2451679108456,215.69680904319438,223.64876513695268,699471
2024-03-12,207.94363403320312,218.87757288469913,205.75684929633422,217.08837985738768,1141412
2024-03-13,191.69183349609375,213.3112125294659,188.8589432800327,210.72682092298382,1529070
2024-03-14,201.08509826660156,207.29756413514986,187.26856507465837,188.9086651642469,1766898
2024-03-15,198.84860229492188,206.25385826923002,196.81091054124119,202.67547201071014,981432
2024-03-18,195.12110900878906,200.19047148503589,191.84092436701096,193.8289132205551,969264
2024-03-19,193.58042907714844,199.79289470863586,191.84093870033195,195.76721394600153,1050777
2024-03-20,199.643798828125,200.78688642158502,191.44334430843153,195.3696194995816,1447548
2024-03-21,198.69947814941406,206.70113625008298,197.35759478501257,201.8305696673199,1838810
2024-03-22,201.38328552246094,211.4226205608744,200.09108967909825,202.426967581377,2484947
2024-03-26,204.31556701660156,208.0927490485046,197.9043056973613,202.37728082713153,2218293
2024-03-27,209.68312072753906,215.00099696326038,204.2658541496999,206.65143470064612,2331672
2024-03-28,206.6514434814453,214.10640197885897,205.01135867887507,211.72082132654734,1216163
2024-04-01,213.16212463378906,214.50402332061174,207.8442629809,210.27954655406626,1116992
2024-04-02,216.293212890625,217.5853936285522,210.72683753050532,215.29921837397168,1542298
2024-04-03,214.205810546875,217.68479122861078,213.41061192904783,216.5913912332044,926604
2024-04-04,211.12442016601562,217.08838700875225,210.52803258203318,215.1998035754131,1312999
2024-04-05,213.7088165283203,214.95130964767102,208.58975094345638,211.22383028961892,763896
2024-04-08,218.72848510742188,220.66677128119116,213.60940451119322,216.6907934202688,1264433
2024-04-09,216.1938018798828,221.4619757177426,212.51602529512675,220.66677709119074,1050020
2024-04-10,213.0130157470703,216.69079221452876,212.3172226587109,215.69679775482908,603910
2024-04-12,210.5280303955078,214.80220962184154,208.7388373278388,212.66511242509876,866818
2024-04-15,208.39093017578125,212.5657189954987,201.92996625697768,208.63942878804292,1372834
2024-04-16,213.51002502441406,215.69680992571426,203.76887573627386,206.75085928363396,938940
2024-04-18,210.03103637695312,216.6907963506292,209.23583776058462,215.1998046326203,862085
2024-04-19,209.53404235839844,212.1681217005089,204.9616616193608,204.9616616193608,605647
2024-04-22,212.96331787109375,214.60340270032302,211.7208247679952,213.7088137329529,455760
2024-04-23,219.9212646484375,223.64874371027543,214.80219947037386,215.54769528274144,2687987
2024-04-24,216.79019165039062,222.45595687842814,215.69679170850998,221.66075829952868,939803
2024-04-25,214.10641479492188,217.5853956352944,213.70882305145471,217.33689700383923,588058
2024-04-26,212.71482849121094,215.64710930847698,211.77053672526463,215.1998148053606,822619
2024-04-29,212.36691284179688,218.6787838048429,211.8699156058768,214.0070128206244,648027
2024-04-30,210.67713928222656,215.19981746326857,209.5340516304607,213.60942013570886,718598
2024-05-02,209.83224487304688,212.21782560455088,208.7388448569353,212.21782560455088,487354
2024-05-03,208.7388458251953,211.72082933698383,206.05506369801614,210.82624035030827,466428
2024-05-06,203.57008361816406,210.13043844296627,201.83059318348006,210.13043844296627,699839
2024-05-07,200.43898010253906,205.16045386551775,198.10310218325137,205.16045386551775,577708
2024-05-08,202.7251739501953,204.76286569564556,197.70549872374053,200.3395932322526,642843
2024-05-09,202.32757568359375,209.93162724765295,200.33958676047743,208.1424341834179,920822
2024-05-10,201.88027954101562,203.61976983436753,197.30789898877282,202.32757401159006,382868
2024-05-13,202.32757568359375,203.52036600403318,196.91030890153215,201.88028120932296,477635
2024-05-14,204.71315002441406,206.7011388863499,201.83057224146762,202.22816394699424,442986
2024-05-15,204.31556701660156,207.645439401806,203.66946150867687,205.65745045524145,316907
2024-05-16,212.26751708984375,216.04469902008685,205.25985320837918,206.25384765490887,1707038
2024-05-17,214.9512939453125,217.58537309905353,212.46630788814127,213.4105995564361,1528949
2024-05-21,184.08778381347656,195.8169222939563,182.2985906271063,191.84094417631252,6538706
2024-05-22,183.4913787841797,188.85894266679648,182.94467881145079,186.07575521511868,1828771
2024-05-23,177.72622680664062,185.08178033665723,176.93102814111512,183.49139817275926,1702739
2024-05-24,176.68251037597656,178.62079648591143,173.75022983354674,177.92500341659525,930405
2024-05-27,171.31495666503906,178.76991535077354,170.66885114531738,176.88131671676277,1028123
2024-05-28,168.18385314941406,173.3526211097828,166.24556706016966,171.56344328411183,1249852
2024-05-29,169.7245635986328,171.31496089101546,166.74258005077982,168.33297734316247,416377
2024-05-30,166.1958770751953,170.81796059238332,165.10249222740367,170.12215230988127,413145
2024-05-31,167.88565063476562,168.38264784228969,164.25757708670045,167.18985757766217,447787
2024-06-03,166.74258422851562,172.9053473483893,166.09649384382072,171.96105556800717,831206
2024-06-04,156.65353393554688,167.4383647932205,148.90037406597594,167.4383647932205,1096077
2024-06-05,175.8873291015625,176.9310263917986,156.20623436837005,160.03311937685157,1851557
2024-06-06,178.1735076904297,180.75789936395776,175.14182154148574,175.93702014619836,909739
2024-06-07,181.65248107910156,184.68416710728562,178.1735005933185,180.40998804846475,1130779
2024-06-10,183.09378051757812,185.87696810010095,181.6524915523714,181.90099017282608,900426
2024-06-11,181.62266540527344,184.8829659571675,179.96269650947963,182.99438258683122,723945
2024-06-12,181.72207641601562,185.58871430040378,180.61874194683793,182.29857986193554,686157
2024-06-13,181.54315185546875,183.19318633815632,180.35036150872733,182.7955794444744,415421
2024-06-14,183.3323516845703,184.42573655621325,181.18531988138218,182.29858889022668,545934
2024-06-18,184.76370239257812,188.24268314030147,183.98838789645768,186.87096587771035,856954
2024-06-19,182.1494903564453,185.88690417998257,180.9467503495761,185.27063244945492,612395
2024-06-20,180.9368133544922,183.38204644037194,180.02234025611702,182.6365505829534,425379
2024-06-21,180.2310791015625,183.39197413983754,179.1575632865394,182.49738521089407,462189
2024-06-24,181.046142578125,183.88896721856838,179.91298954897772,180.87716534722554,422585
2024-06-25,175.9569091796875,185.42967547287046,175.2909346902608,181.90099199366134,1145461
2024-06-26,178.28285217285156,180.2012542565943,176.1358204362647,176.1358204362647,434114
2024-06-27,174.7839813232422,178.91900189606773,173.23335240022053,178.91900189606773,406737
2024-06-28,174.1378936767578,176.68251709395457,171.96104336007954,174.943026770948,379784
2024-07-01,174.51560974121094,175.42013314747595,173.99872838966567,174.74422421381405,282932
2024-07-02,173.97885131835938,177.87530783072637,172.45804098871864,175.93702164266972,435196
2024-07-03,177.58706665039062,179.40607846322186,173.7502471518448,174.893334796289,475457
2024-07-04,181.81153869628906,183.49139183783817,177.95483516029,178.42201379138896,1154657
2024-07-05,179.85336303710938,181.90098923232455,178.91900580228645,180.90699475564517,441726
2024-07-08,177.23915100097656,180.78771852873885,176.13581653581497,179.91299854420657,290782
2024-07-09,177.86537170410156,181.60278542623865,177.48764895452828,177.52741722666855,387939
2024-07-10,177.15963745117188,181.40399826000316,174.943033938414,178.2232188581898,447112
2024-07-11,179.84341430664062,181.40399292325452,177.9250122370551,178.0244177520931,505604
2024-07-12,178.13375854492188,180.70820062405573,177.68644889241145,180.70820062405573,328899
2024-07-15,190.00204467773438,192.069555080313,177.92501743804644,178.91901194887353,3185363
2024-07-16,201.71128845214844,205.5580573253362,189.94239768793136,191.64213488777972,7464563
2024-07-18,201.08509826660156,205.75686956631927,198.7989077935452,201.78089141044836,2985925
2024-07-19,193.65000915527344,201.5820807475163,190.39964300450117,201.5820807475163,1525809
2024-07-22,203.18240356445312,205.25984826757767,189.07762028096835,192.68582488850666,3391810
2024-07-23,203.46072387695312,205.25985138242285,183.88897097214638,203.76885972589196,2099550
2024-07-24,199.1368408203125,210.70693539940757,197.60609606893615,206.75084180777276,3498132
2024-07-25,196.41331481933594,200.54832031866826,195.81691206597975,197.75519826365928,724004
2024-07-26,197.68563842773438,204.26587741103899,191.44335394698825,196.86062114173362,1803136
2024-07-29,197.4470672607422,200.78688939398165,196.81091138618004,199.1368548806274,924307
2024-07-30,196.44313049316406,198.79889251598996,195.32984638141127,198.15280218217373,651875
2024-07-31,193.19277954101562,197.20851081197688,192.83494089967033,197.0594176977301,662862
2024-08-01,198.4609375,202.76493533134388,193.53071830544238,194.2165769095047,2170397
2024-08-02,195.6280517578125,200.24018555190048,194.82291865338723,196.7115021040847,751282
2024-08-05,186.27455139160156,192.33792352301188,184.3859680285204,190.4692091283179,924183
2024-08-06,182.75582885742188,191.08550759724352,180.91693297078575,188.75954894681644,568100
2024-08-07,185.44955444335938,186.87095924675876,183.6305427540375,186.82125649012445,375288
2024-08-08,184.06788635253906,188.6502014081239,183.64047601606333,184.88296908789056,372322
2024-08-09,183.8690948486328,186.82125967057587,182.82539761015207,185.87696794705602,523686
2024-08-12,194.1768341064453,196.31391624170922,183.49139309582063,183.8889848340061,1688814
2024-08-13,193.84881591796875,203.71917424072322,192.26835310102828,194.0277276516869,2936245
2024-08-14,192.1689453125,195.71749754696967,189.8032337114193,195.2702030861073,664816
2024-08-16,194.89251708984375,196.8109192752733,192.8448755933389,194.05755014770023,479320
2024-08-19,193.16294860839844,199.79288995243337,192.83492861080634,195.9063679057795,617588
2024-08-20,192.1590118408203,194.62411379777467,191.34392912224868,194.52470828721422,333697
2024-08-21,193.52078247070312,197.10910305252244,192.05960941150113,193.03371972858523,583005
2024-08-22,197.16873168945312,200.43896662339964,195.3397856159563,195.56840008335564,886754
2024-08-23,194.23646545410156,198.35160200472524,193.82892407618385,197.63592476399484,346318
2024-08-26,194.56448364257812,196.52265396813652,193.84880640850847,195.42925398076565,292855
2024-08-27,194.15695190429688,196.30398371306126,193.23252911143192,195.34974229789285,333083
2024-08-28,193.7792205810547,200.38929296442532,192.93433437448618,194.6241219547753,805158
2024-08-29,191.45327758789062,197.80490171465502,190.84694034780784,194.52471689399664,514592
2024-08-30,189.703857421875,192.89457129059392,188.96829602770634,191.84093954161753,439665
2024-09-02,191.40357971191406,193.03373009560707,189.85295070878567,190.82706107818512,403075
2024-09-03,190.08155822753906,192.3379299209596,189.15715065078754,191.74152717217336,198691
2024-09-04,191.4369354248047,192.59299534666104,188.2179209248116,189.30421153092414,339033
2024-09-05,190.24102783203125,193.63943845419536,189.6530373134272,192.53321152935564,356729
2024-09-06,186.3542938232422,191.34725580491272,185.6765977180047,190.73932901933932,410008
2024-09-09,184.16175842285156,186.41408478040412,182.02903443919274,185.36765144858586,449315
2024-09-10,187.0120391845703,188.14816291205057,185.2679886691542,185.3377579890894,276227
2024-09-11,186.0652618408203,190.85890656402597,185.36764471392468,187.36084519471956,390137
2024-09-12,185.6666259765625,189.1945841013585,185.21815891423688,187.16152632225638,221608
2024-09-13,185.86595153808594,188.58666603456828,185.417484455114,186.37421220453237,229331
2024-09-16,184.61024475097656,187.46052221269056,184.1717381865723,186.66323893258405,300008
2024-09-17,180.48431396484375,185.7662832006109,180.18533084414238,185.2181652207238,430542
2024-09-18,177.58419799804688,181.7798764642084,177.21546077795205,181.70016182763067,425887
2024-09-19,174.3352813720703,180.92280989504349,173.41841093040662,178.79008588343336,399424
2024-09-20,176.3384552001953,177.315119212361,175.22226775772023,175.69065589689836,232006
2024-09-23,177.29518127441406,180.57400466608718,176.34841406290565,177.39484738379946,400864
2024-09-24,181.50083923339844,183.1751356215961,176.72713055415085,177.3948509209901,571741
2024-09-25,178.11239624023438,182.02902788699424,177.49450895719244,181.63039387346646,236916
2024-09-26,179.0392303466797,184.1717308018136,178.11239940564516,178.28181962475105,563975
2024-09-27,191.0980987548828,194.23738347304524,179.38804576729547,179.38804576729547,3265265
2024-09-30,191.82562255859375,196.36015699032984,189.89221553267754,190.92868836634435,1296229
2024-10-01,199.6887969970703,201.8115604996494,190.15134004549685,192.54317467976423,2589638
2024-10-03,210.26272583007812,218.5544475778386,194.58620745892844,195.8319578267833,11652495
2024-10-04,204.41268920898438,212.22603195213648,203.30646226192968,211.31912202474012,2781612
2024-10-07,193.44012451171875,209.76442710180694,191.55655055105805,204.50237872894803,2309650
2024-10-08,207.92071533203125,208.78775268460478,193.92843928541126,194.3370490381763,3519660
2024-10-09,216.75059509277344,221.44457378138105,207.54200325535794,208.28945344715393,7021769
2024-10-10,218.6640625,224.7134180545154,215.68422230529572,218.95306987881204,3269446
2024-10-11,226.51727294921875,227.92248300607926,216.8801499813988,218.30529630197103,6019194
2024-10-14,233.5931396484375,235.89528386831572,226.4076449192928,228.76959792993898,6369692
2024-10-15,231.15147399902344,234.54988464204212,227.21490588974058,234.20106845731894,2328472
2024-10-16,227.5736846923828,232.0085529880388,225.63030194095842,232.0085529880388,1378086
2024-10-17,216.85025024414062,227.1850054392868,215.36532556642794,227.1850054392868,2406884
2024-10-18,220.6373291015625,222.01264231503325,210.66136605716827,217.2987121758145,1980398
2024-10-21,208.84754943847656,222.82984996251477,207.9705363376442,221.74355932156493,1628632
2024-10-22,199.34994506835938,212.27585141571936,197.45641069248666,208.7877505708601,1880750
2024-10-23,201.7916259765625,207.99048110490236,196.95812361000893,201.6919750699747,1893620
2024-10-24,196.58937072753906,205.62854279494243,194.45664668270632,204.6518787537909,1137964
2024-10-25,192.0149688720703,200.46613475743519,190.25098216677122,197.87498322443898,1266857
2024-10-28,193.80885314941406,198.32345109600112,190.958575806793,194.83535019732776,1015913
2024-10-29,192.73252868652344,195.77216259997365,189.3640148538887,194.43672186649505,837325
2024-10-30,201.04417419433594,203.89445165966646,191.34725753649028,191.34725753649028,1380029
2024-10-31,206.29624938964844,208.47880634528266,199.40973809128178,200.1272914796249,1216045
2024-11-01,207.48220825195312,208.93723609947835,206.79455164710487,207.3426848253834,258450
2024-11-04,196.3402099609375,208.28945244405904,194.34700945908045,208.28945244405904,1160560
2024-11-05,200.29672241210938,204.20339373160542,197.2471279519409,197.2471279519409,889247
2024-11-06,204.22332763671875,206.1965919339941,201.5225493926801,202.75832400796347,797406
2024-11-07,219.6008758544922,222.7999542093593,204.0040724851546,205.82785280638657,4670492
2024-11-08,212.52500915527344,221.20540426245805,210.7809586698257,220.2486613051134,1841012
2024-11-11,214.73745727539062,218.25545494447223,207.30281271272443,212.92363751945624,1686930
2024-11-12,211.9669189453125,224.18523307418832,209.83419492461672,223.25840210016844,2974780
2024-11-13,201.8912811279297,213.01334360384314,200.76511797554662,211.52840375201404,960119
2024-11-14,204.85118103027344,208.7877489110807,202.74835392938414,202.80814751028603,685696
2024-11-18,200.52593994140625,207.0735955766519,196.98800606637332,204.3030481403745,871176
2024-11-19,201.05413818359375,208.4887674689019,199.3200482889909,201.3132487718808,596068
2024-11-21,195.75222778320312,200.21699283920677,195.30376069260532,200.21699283920677,667026
2024-11-22,199.86819458007812,201.71189602360164,195.95154746656385,197.32686075622877,590989
2024-11-25,201.33319091796875,205.29965573689142,200.31665438405423,205.28969520867454,438353
2024-11-26,206.56533813476562,211.2792530606839,201.31325055782148,201.5723611484072,1612042
2024-11-27,206.3859405517578,209.18638479983377,205.0604604045183,207.2928504220132,744376
2024-11-28,204.1635284423828,211.27925364068403,203.41607825261624,207.84098580914042,622921
2024-11-29,206.4058837890625,207.09354041267002,202.99751266966786,204.50237361207337,428088
2024-12-02,211.61810302734375,213.97008033222824,206.50555385380832,207.69149543125653,1469872
2024-12-03,211.3091583251953,214.06974538712416,210.25276445063628,212.27586182329108,759673
2024-12-04,210.80088806152344,214.18932281145587,208.64822788285645,212.22601911242805,634891
2024-12-05,209.62489318847656,212.96351011277335,209.2860527527265,211.40881615400204,474769
2024-12-06,214.52816772460938,218.95307533751665,209.78435593426627,211.50847013602785,2058803
2024-12-09,212.57484436035156,219.1523971335555,209.62490081837595,215.31549515091493,931102
2024-12-10,214.01991271972656,215.03644927556283,210.89058841093703,213.2724625006821,596219
2024-12-11,210.19296264648438,215.24571801286385,209.53520283098246,214.96667115905933,631698
2024-12-12,206.30621337890625,211.7775542550912,205.4092792318852,211.7775542550912,652092
2024-12-13,206.48561096191406,210.28265553153375,202.93771645809002,205.3893445896479,1319880
2024-12-16,205.24981689453125,211.07993439572368,204.41267634051874,206.5454002511199,593546
2024-12-17,198.40318298339844,206.0969382613547,197.82515300369658,205.59863812784414,906549
2024-12-18,197.97463989257812,201.36308997477386,197.12753877721428,197.32685579218733,610838
2024-12-19,197.7753143310547,199.1207307360813,193.39027936348612,195.4432734221272,447775
2024-12-20,194.1576690673828,199.74858190185805,191.5465660573855,197.9248168164559,636764
2024-12-23,187.3807830810547,196.8684065028682,184.4707121787089,196.33024905943228,1023011
2024-12-24,184.13186645507812,189.8324214031593,183.6236057751826,188.15814019391723,572082
2024-12-26,183.89268493652344,186.05530568416586,182.42768133216674,185.36764906902948,358010
2024-12-27,184.99891662597656,186.51373811720154,183.68339694437665,184.86935372211528,321538
2024-12-30,183.49403381347656,186.46391351796925,182.547266614007,185.26798104820446,378622
2024-12-31,187.5103302001953,188.17806574709178,181.38124477012389,183.62359532360068,490383
2025-01-01,187.59005737304688,191.3472445048538,186.46390945181793,188.15812680448877,384229
2025-01-02,187.7694549560547,188.95541167531653,186.96221119438243,188.25777934145933,220158
2025-01-03,186.95223999023438,191.84555093917325,186.35428895561085,188.60660007916124,385698
2025-01-06,177.84332275390625,187.52031848093748,176.90651602689374,187.36085878125155,465036
2025-01-07,181.13209533691406,182.0091084226392,177.91308078913727,178.391444650936,389067
2025-01-08,184.04217529296875,186.06527268230255,178.64060350011027,181.13210424627638,736769
2025-01-09,181.78985595703125,183.86278630989838,180.61385974987667,183.86278630989838,244526
2025-01-10,174.7339324951172,181.92938788060587,174.40505257115336,181.8297217677997,614779
2025-01-13,163.4822998046875,173.9067452054667,162.52557207186402,173.39848454783632,610008
2025-01-14,167.0501251220703,168.32577219560798,163.59192111909957,165.43563762113632,508505
2025-01-15,167.03021240234375,169.571530941556,165.48547893258788,169.571530941556,301424
2025-01-16,170.7774200439453,171.96337677868797,168.3257767293523,169.8705101636229,528491
2025-01-17,170.21932983398438,172.41184739531673,169.83065633541597,171.41524712135535,274102
2025-01-20,174.1758270263672,175.61093379538065,170.21932288373606,171.19598685440414,406377
2025-01-21,171.7839813232422,176.2886187399429,170.29905667368428,174.40504486369156,403331
2025-01-22,167.61819458007812,171.12623163638065,165.43563765026084,170.41863878430485,319620
2025-01-23,168.31582641601562,170.99668369366768,166.6415451878856,167.42885274486994,141749
2025-01-24,163.17335510253906,169.6811535355548,162.64515818520672,169.4220429443639,405544
2025-01-27,155.04110717773438,162.11695978230526,153.47643749615023,161.45919997194835,422913
2025-01-28,154.2637481689453,156.83497867481867,145.49367801153585,153.48640117960142,913044
2025-01-29,160.4725799560547,164.3194576118703,153.95480566533726,155.36997622587177,364449
2025-01-30,165.00711059570312,168.82407616889634,158.9677003104141,163.24312389629497,511925
2025-01-31,169.50177001953125,173.7971146049998,166.4820725200098,169.51173054740593,707372
2025-02-01,175.48138427734375,178.69043848967775,166.8209251568662,166.8209251568662,751723
2025-02-03,180.88294982910156,187.36085161361484,171.5448101228693,173.4084477700478,1785618
2025-02-04,180.03582763671875,184.25145760940714,176.69722595012595,180.79325355307216,416134
2025-02-05,178.59075927734375,181.20186223676689,178.01272931554513,180.8829428618796,224720
2025-02-06,179.1787567138672,181.1819329986243,177.7735618836642,179.38804946261544,336492
2025-02-07,173.48817443847656,181.38124664340393,172.7108274551293,181.38124664340393,321477
2025-02-10,171.88365173339844,175.30198339895955,169.59146804501194,173.48817879457764,296045
2025-02-11,167.13983154296875,173.41840083690516,165.83427246568567,173.40844030907712,221681
2025-02-12,166.49203491210938,168.39554503446908,160.05400582921317,167.13983419712386,269888
2025-02-13,166.34255981445312,169.40211482954635,165.58513385361033,167.82748452984774,187322
2025-02-14,160.54232788085938,167.57832309258208,158.45943704359323,166.53190501348476,250673
2025-02-17,157.65220642089844,161.69840127074582,154.47304897975718,160.53238072585734,398831
2025-02-18,151.42344665527344,159.60552631278622,150.63612393027006,158.1106259157002,406643
2025-02-19,156.78515625,160.23338454679958,149.47009896875696,150.48663546626597,464751
2025-02-20,159.48594665527344,162.24653377645348,157.07417572593315,159.45604986247733,249538
2025-02-21,156.17723083496094,163.03383016888313,155.31017828249827,159.15705583031615,433492
2025-02-24,154.3235626220703,157.46284748601977,152.38017987047766,154.52287964079645,232446
2025-02-25,153.31698608398438,156.46624667305028,152.23069540960785,154.57271219098268,188024
2025-02-27,152.3004608154297,156.05763289063572,149.80896013626284,153.8352185427546,347428
2025-02-28,143.91905212402344,151.38357859458316,142.62346870028026,151.38357859458316,351592
2025-03-03,140.8395538330078,146.53013271246186,135.02937258352915,144.60670154015523,605969
2025-03-04,145.942138671875,148.15459237716107,135.58746299279278,137.53083038070284,642456
2025-03-05,148.333984375,149.93851145949063,143.92901289245935,145.30432616685522,541038
2025-03-06,162.66510009765625,164.63836440842886,149.19105995641868,149.19105995641868,1063745
2025-03-07,162.22659301757812,167.68795831611757,161.4492460125891,161.8379195150836,692063
2025-03-10,161.55886840820312,163.68163182363404,159.0374709723978,161.44924177156318,556054
2025-03-11,159.1470947265625,161.2399461059921,157.6621548947738,159.70518842774374,369645
2025-03-12,152.99807739257812,160.44268261066702,152.47984099531195,158.50927565775106,431726
2025-03-13,151.8519744873047,155.7187883046991,151.4832372628113,151.55300657928998,278838
2025-03-17,146.78924560546875,153.52627309554413,145.7029549717197,152.2306897161517,542532
2025-03-18,146.78924560546875,146.78924560546875,146.78924560546875,146.78924560546875,0
2025-03-19,155.99783325195312,163.84107221930103,154.77201922332213,154.9713362285358,890957
2025-03-20,154.9613800048828,159.97427809946154,154.40327108510482,159.13712232325116,479071
2025-03-21,158.7584228515625,161.19012989444158,153.8451757119264,155.4696389854869,630031
2025-03-24,157.78176879882812,161.72829752106935,156.9645492431325,160.1536672022451,540963
2025-03-25,152.7090606689453,159.3563828868116,151.89185632541447,158.45944869395097,611104
2025-03-26,152.7688446044922,154.47303771157772,150.68595374565325,153.47643746827723,508423
2025-03-27,156.0177764892578,158.35977801731357,152.47984246263107,152.47984246263107,1371643
2025-03-28,148.94190979003906,160.34301950177664,141.51724069629904,157.4628452817975,2015921
2025-04-01,169.571533203125,171.2159328052145,150.48664373887428,150.48664373887428,2779989
2025-04-02,168.20619201660156,171.21592908389934,161.90768623043218,169.42204556011546,1135612
2025-04-03,180.9826202392578,184.37105517043545,169.36225711236997,170.41865099537546,4126567
2025-04-04,172.97991943359375,181.08226944117652,170.31898328030212,179.9561214554865,911742
2025-04-07,172.25238037109375,173.80707429920255,153.62591961035596,154.72218594782385,886312
2025-04-08,175.5112762451172,178.49111656234157,172.41184876028296,173.41840957046398,537272
2025-04-09,176.69723510742188,177.99281853056348,172.46168385936397,175.40165168428024,398069
2025-04-11,181.8695831298828,186.59345853136494,177.50446921588383,179.08905994658573,944558
2025-04-15,181.87954711914062,184.3710477646083,180.63379679640678,183.87274763551477,431760
2025-04-16,185.24806213378906,189.0550672386869,181.87954837170633,181.87954837170633,840023
2025-04-17,186.8525848388672,188.3574457297325,184.00230753859577,185.3576844759328,387589
2025-04-21,184.59030151367188,189.78258035633624,182.86618732050067,186.49381166137388,603083
2025-04-22,191.8754425048828,192.94181205830128,183.4840703301565,184.96901015848576,834638
2025-04-23,189.80252075195312,192.04487138747427,187.37081362965958,192.04487138747427,664990
2025-04-24,189.94204711914062,192.04487435589803,187.59006980791864,189.35405659306355,425759
2025-04-25,183.67343139648438,192.28405705509923,179.9860134670918,189.46367648775777,628314
2025-04-28,183.89268493652344,186.8824857279594,182.17853126621375,185.36764906902948,342362
2025-04-29,181.87954711914062,186.862548410076,180.38464673186002,183.37444750642123,358366
2025-04-30,179.27842712402344,183.37445495993774,178.39145346646117,183.37445495993774,316345
2025-05-02,180.6537322998047,183.76312022606027,179.388045719294,179.4079819823096,433771
2025-05-05,207.39251708984375,211.9768690931951,185.36764559018076,185.86594571273503,12087709
2025-05-06,194.74566650390625,207.28289998886805,193.3404564440096,205.38935031191772,2041111
2025-05-07,197.4165496826172,202.5889076702416,191.7259704882193,192.84215795747133,1981289
2025-05-08,194.46661376953125,210.78095517374047,193.34045060853734,197.42651776086447,2716192
2025-05-09,189.41384887695312,192.47341906968364,186.3044608352028,187.36085471057112,1272007
2025-05-12,201.06410217285156,203.19682611798223,197.02786808413288,198.37328451601016,936794
2025-05-13,204.1436004638672,204.90102641932592,197.92482436506558,200.41632509873,896182
2025-05-14,209.7245635986328,210.78095745347315,202.4095212543984,205.00067283653425,1124745
2025-05-15,211.72772216796875,217.74719625345406,208.3891204215526,210.78095496247502,1782558
2025-05-16,213.7807159423828,216.26225606014228,209.71458506351922,211.77755489760477,1031254
2025-05-19,218.1757354736328,220.34833203146846,211.68787300634855,214.2690641292227,1134875
2025-05-20,214.63780212402344,220.96622012297038,214.26906487858432,219.35173250033023,740672
2025-05-21,213.0033721923828,216.6509328429692,211.58820162887454,213.3820851625165,388558
2025-05-22,212.0765380859375,214.51820567829154,210.6314707522515,212.12637114025353,333247
2025-05-23,208.43893432617188,213.4817443195303,207.76125346159773,212.96350793626527,543655
2025-05-26,211.0201416015625,215.26565317581915,209.48536870656736,209.48536870656736,487506
2025-05-27,209.9537811279297,212.26590109848948,209.43554471954323,212.26590109848948,238136
2025-05-28,209.22625732421875,212.1761855258749,208.3891167702552,210.27269062012962,317623
2025-05-29,215.82374572753906,219.25205298920358,209.27609005268343,209.27609005268343,2089646
2025-05-30,210.14312744140625,217.45816956123957,209.286050625805,216.76055243386946,888890
2025-06-02,205.0704345703125,211.21945619412642,204.602031243409,210.17302290621623,585166
2025-06-03,208.60838317871094,212.6744990417439,204.17349965514768,206.06704935912995,854683
2025-06-04,210.65139770507812,212.77416118167437,208.43894385235026,209.68469421055678,429091
2025-06-05,214.6876220703125,218.9530698848207,210.37234120237665,210.78095095080562,1371236
2025-06-06,211.12977600097656,215.10620139705634,210.38232578885166,213.27246052630252,269034
2025-06-09,216.272216796875,217.4581735385518,211.12977101612503,212.27585523155835,768287
2025-06-10,215.3553466796875,221.24525786993826,212.9734726649498,220.24865760926286,1327369
2025-06-11,215.8735809326172,220.99610561341834,213.2724536697701,216.2124213682278,949091
2025-06-12,210.44212341308594,217.8966894138659,206.81449892220132,216.76056567789965,660897
2025-06-13,213.55149841308594,215.1061923558537,205.29964963461651,207.76125344630307,557032
2025-06-16,225.0323486328125,226.52724906853945,208.1001042229897,211.57824471126997,3446083
2025-06-17,219.14242553710938,228.3609777306826,217.15918559070607,226.22825383147298,2445487
2025-06-18,216.33203125,222.83982989707593,213.7707612172165,218.15579639018884,1013353
2025-06-19,209.27609252929688,217.86678184096198,207.0835598079277,217.25885507856654,1054689
2025-06-20,210.4520721435547,214.1693868035623,208.4190143325577,209.2860516804503,639233
2025-06-23,210.3922882080078,211.7476652131184,206.3959265124199,209.4156241799897,477791
2025-06-24,212.63462829589844,217.2588528116872,211.47856836522303,212.674485614547,656779
2025-06-25,227.115234375,230.81262805883642,214.56804065558,216.2622580691167,6687219
2025-06-26,223.73675537109375,231.4006137008756,221.54423786986428,229.41737373556967,1511865
2025-06-27,221.93292236328125,226.72656735423604,221.2452657258919,225.2316669101422,783806
2025-06-30,221.0459442138672,224.83302830329063,216.8303293051681,222.5906776827402,779071
2025-07-01,223.83642578125,226.22826033640263,220.46791201663672,222.04254226142893,1084454
2025-07-02,223.28829956054688,226.7265675434494,220.24866561363658,225.20177030575425,892902
2025-07-03,222.89962768554688,227.57368554531996,220.55761088792696,222.29170089171237,733059
2025-07-04,230.7129669189453,232.55668353648417,222.40132415778814,222.7899976622476,2499819
2025-07-07,230.55349731445312,239.7820253270178,228.32112249530996,232.17796058202907,4006204
2025-07-08,235.8554229736328,238.68576408388273,227.2746940615474,230.0850989085101,1741600
2025-07-09,236.064697265625,241.17726143413938,232.96526986784363,234.938549319464,1636273
2025-07-10,236.27398681640625,239.02459800539302,235.14782367855383,237.19085721273518,690473
2025-07-11,232.2178192138672,238.68576032299572,229.61669194820854,236.2540532753255,798714
2025-07-14,226.80628967285156,232.20786127335055,225.64026918999951,232.20786127335055,547577
2025-07-15,236.67262268066406,238.18745931583848,226.37774029209973,226.80628630641334,1262338
2025-07-16,237.1510009765625,243.46944287981228,235.20761833340245,237.57953178256776,1379481
2025-07-17,250.16661071777344,253.19626892848387,236.70253097788947,237.29053671015507,4734562
2025-07-18,254.302490234375,257.1228708362064,247.6751044913234,251.93057671471243,2917740
2025-07-21,252.79762268066406,256.2658024943733,248.59196841549934,256.2658024943733,1365966
2025-07-22,242.27352905273438,250.82434589312032,234.79902711001628,248.60193157342115,2673049
2025-07-23,252.7278594970703,254.13306953119613,240.05110281213757,243.27013264184365,2194278
2025-07-24,253.2361297607422,260.31199762278186,249.65832330382702,253.92377115985067,2528609
2025-07-25,250.19650268554688,256.1262712947628,249.1500693528821,252.99694703196712,900857
2025-07-28,247.37611389160156,254.72105282691672,244.79492290815946,250.63500094885796,949144
2025-07-29,251.5618438720703,253.11653789442394,244.37636428290017,248.1534726983919,672320
2025-07-30,246.9176788330078,253.45538941540877,243.8481481590214,253.13647002786627,733680
2025-07-31,245.10386657714844,248.60192796102194,240.37997594350406,243.17045966962,496392
2025-08-01,237.97816467285156,251.09342748390281,235.54647286050357,244.685295238559,795630
2025-08-04,238.9847412109375,243.26014956054382,237.1908577329194,240.17069793270815,413936
2025-08-05,234.05157470703125,241.24702972587173,232.75599134113708,239.18405990983118,401502
2025-08-06,233.95191955566406,238.9747783579577,226.97571748158674,234.0515856680592,755555
2025-08-07,232.5167999267578,233.2044565265447,224.23505435244684,231.22121657133889,623876
2025-08-08,226.7066192626953,235.48666497982998,225.4110359040241,233.20445711195552,408025
2025-08-11,219.77029418945312,229.2080998938144,218.554440652401,227.19496310521635,467944
2025-08-12,219.64073181152344,224.23505964179407,218.75375818388355,221.24525884657015,323671
2025-08-13,217.60768127441406,224.23506717710524,216.86023105049037,220.04934896451536,324854
2025-08-14,211.6878662109375,219.2520585823701,210.88062242835397,219.2520585823701,284427
2025-08-18,225.61036682128906,227.8327810948484,215.265651481123,215.76395160029227,1055971
2025-08-19,227.47401428222656,229.71636491589584,223.88624718559035,227.2149036834914,386712
2025-08-20,243.2003631591797,245.60217346435465,226.7265618796017,227.2746950705834,1466417
2025-08-21,239.7720489501953,246.16026016112076,238.19741874052946,244.26672578110805,613481
2025-08-22,235.2176055908203,240.7487402625628,234.2010690332508,238.69573088361278,413671
2025-08-25,229.98544311523438,236.78224888795677,229.22801719556068,236.1942583922512,200304
2025-08-26,227.9025421142578,232.62643286170598,226.72656109667915,229.97547249768562,338458
2025-08-28,229.7661895751953,234.35054157902647,224.68352224184483,230.21465664415848,503304
2025-08-29,226.00900268554688,233.8024239125237,224.73335558657521,231.20129666087263,272818
2025-09-01,229.39744567871094,231.7095656329474,225.33132990904244,225.33132990904244,333342
2025-09-02,245.16366577148438,246.8578831846201,229.42735424085248,230.46381182786894,1238894
2025-09-03,244.18699645996094,249.0503953182883,241.71541690164145,247.15686093421874,898918
2025-09-04,242.63230895996094,262.40483950376364,241.27693198149737,255.12966968226107,2474772
2025-09-05,249.6782684326172,251.14327206957614,239.29369527742705,244.91452028213627,669261
2025-09-08,267.1087951660156,268.7831067450908,249.00058517324769,250.16660567195567,3314593
2025-09-09,260.98968505859375,269.6501438872696,259.5645539637045,268.5837742929846,1095724
2025-09-10,263.5609130859375,265.39465403185903,259.57451179119636,262.1557029798819,684995
2025-09-11,270.2680358886719,272.5701801323693,264.0990776419666,264.0990776419666,1842095
2025-09-12,276.377197265625,283.7321122066655,271.085252205867,272.1216946002993,2803902
2025-09-15,297.0068054199219,315.32432348947754,278.0514789843735,278.9484131563964,13543021
2025-09-16,292.0537109375,301.6609525987999,291.0072927694425,297.98349499336746,1765093
2025-09-17,289.6219787597656,293.9571958507859,286.0242665216659,291.9839468567042,1136627
2025-09-18,297.34564208984375,308.74675161678357,289.1137445374114,290.01067869804206,3523544
2025-09-19,293.1400146484375,304.9596791162,292.1035418636745,297.9834773063523,1381484
2025-09-22,291.3900146484375,298.5899963378906,289.3500061035156,294.0,1683591
2025-09-23,290.94000244140625,293.6000061035156,288.67999267578125,293.0,722023
2025-09-24,280.9800109863281,293.29998779296875,280.0,290.8999938964844,652329
2025-09-25,274.5,283.4100036621094,272.32000732421875,280.0,701268
2025-09-26,269.6700134277344,278.5899963378906,267.0,274.20001220703125,710475
2025-09-29,263.510009765625,273.70001220703125,261.2300109863281,268.6000061035156,592399
2025-09-30,259.6700134277344,267.510009765625,257.3999938964844,264.989990234375,803049
2025-10-01,276.75,278.3999938964844,261.1000061035156,261.1000061035156,2246999
2025-10-03,282.0,284.3999938964844,275.1499938964844,277.45001220703125,1291012
2025-10-06,279.29998779296875,282.79998779296875,274.75,282.0,589664
2025-10-07,283.1499938964844,285.0,277.5,278.75,694300
2025-10-08,290.1000061035156,294.3999938964844,279.0,283.95001220703125,1533721
2025-10-09,276.04998779296875,291.6000061035156,273.25,291.6000061035156,1159926
2025-10-10,278.75,281.6000061035156,275.3999938964844,275.3999938964844,508688
2025-10-13,277.1499938964844,280.0,272.5,277.79998779296875,427687
2025-10-14,265.04998779296875,278.20001220703125,263.25,278.20001220703125,754302
2025-10-15,263.6499938964844,268.54998779296875,258.79998779296875,266.79998779296875,1575205
2025-10-16,286.54998779296875,289.0,263.8500061035156,264.6499938964844,3384164
2025-10-17,285.25,291.79998779296875,283.04998779296875,287.0,2034595
2025-10-20,301.70001220703125,302.95001220703125,285.29998779296875,286.3999938964844,3007737
2025-10-21,302.79998779296875,310.95001220703125,300.1499938964844,302.3999938964844,564825
2025-10-23,299.20001220703125,305.5,298.5,301.95001220703125,852362
2025-10-24,301.6499938964844,304.0,298.1499938964844,299.20001220703125,634648
2025-10-27,317.0,318.79998779296875,297.5,304.70001220703125,4304306
2025-10-28,318.1000061035156,324.0,313.04998779296875,318.54998779296875,2768140
2025-10-29,314.6000061035156,324.45001220703125,313.04998779296875,324.0,1133587
2025-10-30,311.20001220703125,318.75,309.95001220703125,316.45001220703125,688319
2025-10-31,311.54998779296875,319.79998779296875,310.1000061035156,311.20001220703125,885445
2025-11-03,320.0,322.04998779296875,309.0,312.0,962968
2025-11-04,315.25,324.8999938964844,313.0,321.75,831854
2025-11-06,320.25,330.3500061035156,312.04998779296875,312.04998779296875,2536149
2025-11-07,317.3999938964844,320.0,309.5,319.70001220703125,1100710
2025-11-10,313.04998779296875,321.79998779296875,309.79998779296875,320.0,714245
2025-11-11,314.45001220703125,316.6000061035156,310.0,313.45001220703125,556867
2025-11-12,356.3999938964844,363.0,320.0,320.3500061035156,14519762
2025-11-13,371.6000061035156,376.95001220703125,354.25,358.0,6924073
2025-11-14,353.6499938964844,370.3500061035156,351.0,369.45001220703125,1744063
2025-11-17,351.29998779296875,354.75,342.6000061035156,354.0,1180410
2025-11-18,355.70001220703125,363.3999938964844,347.25,354.3500061035156,1740223
2025-11-19,359.3999938964844,362.8500061035156,350.0,355.5,1157260
2025-11-20,344.8500061035156,359.3500061035156,342.79998779296875,359.3500061035156,857000
2025-11-21,338.0,349.0,335.3500061035156,346.5,784580
2025-11-24,330.04998779296875,339.8999938964844,327.3999938964844,338.3999938964844,563044
2025-11-25,324.8999938964844,330.8999938964844,322.04998779296875,330.45001220703125,585729
2025-11-26,338.8999938964844,344.8999938964844,325.20001220703125,325.20001220703125,1416191
2025-11-27,331.3500061035156,341.5,329.5,341.1499938964844,512301
2025-11-28,332.25,343.25,331.1000061035156,333.8500061035156,737341
2025-12-01,334.3500061035156,340.8999938964844,331.54998779296875,332.95001220703125,493853
2025-12-02,324.5,339.54998779296875,322.1499938964844,335.95001220703125,682346
2025-12-03,321.75,326.6000061035156,314.0,325.0,593124
2025-12-04,311.29998779296875,322.79998779296875,310.1000061035156,322.79998779296875,644736
2025-12-05,308.70001220703125,315.70001220703125,305.54998779296875,311.75,843794
2025-12-08,300.79998779296875,310.0,297.20001220703125,308.3500061035156,771987
2025-12-09,303.20001220703125,305.79998779296875,290.8500061035156,300.6000061035156,882566
2025-12-10,304.95001220703125,315.0,303.0,303.20001220703125,751743
2025-12-11,307.79998779296875,309.70001220703125,300.75,304.95001220703125,456520
2025-12-12,320.0,322.95001220703125,307.54998779296875,309.79998779296875,783297
2025-12-15,314.8500061035156,318.79998779296875,311.1000061035156,318.79998779296875,529510
2025-12-16,309.20001220703125,316.04998779296875,308.0,314.70001220703125,352149
2025-12-17,304.75,312.20001220703125,303.25,308.5,310210
2025-12-18,303.1000061035156,305.25,298.70001220703125,304.0,372401
2025-12-19,308.95001220703125,313.95001220703125,304.3999938964844,304.3999938964844,335026
2025-12-22,308.6499938964844,311.25,306.1499938964844,310.0,347740
2025-12-23,302.20001220703125,313.0,299.0,309.0,533592
2025-12-24,297.29998779296875,307.75,296.20001220703125,304.3500061035156,545192
2025-12-26,289.8999938964844,299.8500061035156,289.0,298.75,691202
2025-12-29,281.3999938964844,289.70001220703125,278.04998779296875,282.54998779296875,1113495
2025-12-30,281.3500061035156,288.8999938964844,279.0,281.3999938964844,568812
2025-12-31,290.45001220703125,298.54998779296875,281.0,282.3999938964844,1215180
2026-01-01,303.04998779296875,304.79998779296875,290.0,290.04998779296875,888506
2026-01-02,304.54998779296875,306.0,296.79998779296875,304.3999938964844,775679
2026-01-05,300.1000061035156,307.29998779296875,299.0,305.1499938964844,435914
2026-01-06,294.8999938964844,301.6499938964844,292.54998779296875,300.8500061035156,327271
2026-01-07,294.25,295.70001220703125,288.70001220703125,288.70001220703125,315520
2026-01-08,280.29998779296875,295.75,276.20001220703125,294.5,577128
2026-01-09,270.45001220703125,281.8999938964844,267.1000061035156,281.0,1006466
2026-01-12,274.54998779296875,280.0,261.79998779296875,270.45001220703125,983021
2026-01-13,273.75,285.95001220703125,270.29998779296875,274.95001220703125,872103
2026-01-14,274.45001220703125,277.0,269.25,275.1000061035156,443380
2026-01-15,274.45001220703125,274.45001220703125,274.45001220703125,274.45001220703125,0
2026-01-16,270.45001220703125,276.79998779296875,269.29998779296875,274.45001220703125,395506
2026-01-19,269.45001220703125,272.8999938964844,267.3500061035156,270.0,395522
2026-01-20,261.70001220703125,272.45001220703125,260.0,270.04998779296875,593215
2026-01-21,257.0,263.79998779296875,254.0500030517578,259.95001220703125,544975
2026-01-22,270.25,271.8500061035156,260.25,260.25,570654
2026-01-23,260.8500061035156,271.95001220703125,254.10000610351562,271.95001220703125,777595
2026-01-27,251.89999389648438,259.45001220703125,247.0,258.1499938964844,716751
2026-01-28,259.8999938964844,264.54998779296875,247.85000610351562,253.6999969482422,766360
2026-01-29,250.10000610351562,263.95001220703125,245.75,262.95001220703125,612185
2026-01-30,253.14999389648438,255.6999969482422,244.3000030517578,248.8000030517578,652130
2026-02-02,241.0,244.0,226.60000610351562,243.3000030517578,862364
2026-02-03,250.3000030517578,254.0,243.64999389648438,254.0,703154
2026-02-04,262.54998779296875,265.0,249.0,251.9499969482422,951299
2026-02-05,241.9499969482422,255.8000030517578,237.3000030517578,250.0,2058306
2026-02-06,232.60000610351562,241.75,230.9499969482422,241.75,723097
2026-02-09,241.5500030517578,244.6999969482422,234.0500030517578,235.10000610351562,816886
2026-02-10,242.25,244.85000610351562,240.10000610351562,241.4499969482422,329368
2026-02-11,237.10000610351562,243.0,234.60000610351562,242.0,442510
2026-02-12,234.0500030517578,239.5,232.0,239.5,293748
2026-02-13,221.9499969482422,232.1999969482422,221.0,232.0,660272
2026-02-16,216.25,224.8000030517578,215.3000030517578,222.0,805044
2026-02-17,215.0500030517578,218.0,213.60000610351562,216.25,750183
2026-02-18,214.14999389648438,217.85000610351562,212.8000030517578,216.10000610351562,639176
2026-02-19,204.5,215.89999389648438,203.35000610351562,214.89999389648438,912505
2026-02-20,195.3000030517578,205.5,193.6999969482422,204.9499969482422,1242662
