Price,Close,High,Low,Open,Volume
Ticker,PERSISTENT.NS,PERSISTENT.NS,PERSISTENT.NS,PERSISTENT.NS,PERSISTENT.NS
Date,,,,,
2021-02-22,796.9600830078125,809.6630309678234,786.2818716930753,801.2265301985844,135046
2021-02-23,796.28515625,825.7887813030582,782.3528659783605,799.7802780195248,278676
2021-02-24,801.467529296875,813.7365876345885,786.2818287417763,807.4936009457236,156922
2021-02-25,792.5972290039062,807.2285208395364,777.7248942752727,805.7099976923054,515242
2021-02-26,798.59912109375,814.1945823287485,768.9267215594344,774.2296644667409,214522
2021-03-01,813.3510131835938,821.6428648327744,791.1268711049524,809.9040881814826,306616
2021-03-02,823.5953369140625,835.2135921403983,798.5027491779462,819.4734800628567,391140
2021-03-03,815.4721069335938,833.5020654231445,811.3502505704986,833.5020654231445,376286
2021-03-04,814.7973022460938,817.7138859397579,800.8168144646447,808.8917513728954,400364
2021-03-05,811.760009765625,814.1704383119186,804.8662194322371,814.1704383119186,156524
2021-03-08,820.0037841796875,827.9581995518995,809.9282384535751,811.3503679656258,210252
2021-03-09,823.354248046875,831.1158166999818,817.4245698988258,820.7509732782593,125194
2021-03-10,864.47607421875,877.1549519690203,818.3404951730761,832.0799379491779,779992
2021-03-12,859.3901977539062,888.9661475639795,849.9172007349761,874.4553778576884,321060
2021-03-15,853.267578125,864.1868312165709,835.9607482298981,858.1125630455817,139550
2021-03-16,912.0579223632812,925.6045183887803,844.614123029762,853.2916653896568,664300
2021-03-17,880.5538330078125,920.7597412600296,872.575289555679,915.408600701488,239350
2021-03-18,891.2078247070312,914.0345729744591,874.1419775558745,891.8586286934333,229258
2021-03-19,936.3069458007812,949.2268677946176,864.1387305849935,875.1061816984153,640582
2021-03-22,946.6716918945312,962.7251696906064,916.7583086861163,962.7251696906064,270310
2021-03-23,933.076904296875,954.6261122853404,911.5276963084098,947.418954362921,368678
2021-03-24,913.215087890625,932.8359549805884,892.5094689813939,932.3538692157406,280622
2021-03-25,869.9718017578125,928.0149290925433,848.9770058138454,920.7595161075709,241726
2021-03-26,878.1914672851562,883.6390006349554,853.4122494037207,874.9614576386176,248752
2021-03-30,926.8580932617188,935.2463974622377,878.6736439008823,881.0599449323823,281422
2021-03-31,926.5929565429688,933.3180293410776,909.8163485919156,923.194228402977,337782
2021-04-01,941.6339111328125,953.5655324309243,926.5205359248747,929.9433326892079,276310
2021-04-05,944.3095703125,957.6151249564182,921.1211991579574,941.513449483345,311204
2021-04-06,934.1856079101562,960.0494562806967,922.7360735780235,944.3094066880421,267416
2021-04-07,945.9244995117188,947.7081931217518,918.8795026111407,932.811732726222,542528
2021-04-08,970.3421020507812,975.5727200266641,952.23976082061,955.903600301281,568666
2021-04-09,1001.2919311523438,1011.897815834747,965.1596339214046,968.992191437752,611680
2021-04-12,975.1870727539062,985.3831973533338,946.8163403140644,985.3831973533338,384100
2021-04-13,937.3192749023438,990.6861397680244,924.8332431716065,976.2235683845496,273508
2021-04-15,942.7185668945312,948.7446380201675,909.189483612151,930.4735785975683,502850
2021-04-16,945.70751953125,958.8443552088121,935.8730180659965,942.7186116503755,245626
2021-04-19,930.9075317382812,942.9355469958684,904.8749026787955,930.4254460149575,124922
2021-04-20,919.1928100585938,949.9980990438245,911.5999600406741,949.9980990438245,133030
2021-04-22,903.2117309570312,925.9179567680884,895.52242835688,915.9628748064422,245450
2021-04-23,903.9107055664062,927.5087775137187,896.679419921875,903.2117048267762,85064
2021-04-26,933.1251220703125,935.9453118055825,897.9087949971131,904.874910217839,121764
2021-04-27,940.8384399414062,965.9068963305106,924.3993293482217,941.5133716907834,317218
2021-04-28,945.2977905273438,956.9401726595989,928.0391567274335,954.5297440131012,96222
2021-04-29,965.376708984375,971.378652999017,928.497149315309,959.3506371430243,515630
2021-04-30,982.6353759765625,1053.3090740222726,975.066594637394,988.2757555297557,2095778
2021-05-03,1036.5806884765625,1079.8720095412639,957.6391520647848,964.1714370904141,1512680
2021-05-04,1061.9383544921875,1079.8719181652348,1042.6307995588666,1060.5884910551413,445716
2021-05-05,1086.114990234375,1106.3625903047255,1051.5977235896119,1062.1312258653288,579514
2021-05-06,1061.215087890625,1091.2007896057517,1052.0072055650023,1084.692633802934,449704
2021-05-07,1088.886962890625,1093.3703835051858,1052.6582690872901,1064.9273267914266,602316
2021-05-10,1111.8585205078125,1120.2226376817462,1084.8857285429253,1099.1555138718784,574324
2021-05-11,1113.015380859375,1128.5385171527016,1015.0797161366143,1099.1554167230645,264870
2021-05-12,1066.6390380859375,1127.116682565333,1047.7412968876624,1117.4749658624644,300886
2021-05-14,1098.408447265625,1112.1720213948392,1052.8272080249849,1074.0872404281324,343398
2021-05-17,1159.126708984375,1168.5756349595904,1089.5135870497832,1113.6178699491147,591850
2021-05-18,1123.9345703125,1168.0936681559726,1114.3652396457956,1165.2011539137375,302770
2021-05-19,1161.079345703125,1177.3738668157591,1123.6454360786693,1124.706001138772,352790
2021-05-20,1124.5855712890625,1168.4795038481768,1113.3770772230587,1160.3804394353333,212554
2021-05-21,1151.7991943359375,1160.7660359284675,1124.2239143165712,1135.3118860272407,300198
2021-05-24,1171.0584716796875,1185.9308631190302,1135.1190756559467,1152.2331185993312,344528
2021-05-25,1204.9010009765625,1210.0351668568528,1173.8787375683014,1181.182289205905,386170
2021-05-26,1212.44580078125,1227.727897275608,1187.979946153159,1210.035371753852,314232
2021-05-27,1218.73681640625,1237.9961171979276,1193.186273489003,1219.676860011977,438362
2021-05-28,1196.6815185546875,1231.7050023195175,1185.93098245085,1226.4261867296595,175588
2021-05-31,1225.919921875,1231.7290786423825,1185.2560598967532,1211.481477349631,434682
2021-06-01,1202.369873046875,1234.1392704697435,1196.078631742056,1225.9438143767802,199968
2021-06-02,1194.439697265625,1211.4814754050221,1186.605803920885,1209.7700474734438,261182
2021-06-03,1163.0560302734375,1210.999435831814,1154.5954015992018,1204.2502351544074,269148
2021-06-04,1187.0399169921875,1190.7519542007547,1158.9825463070465,1162.7909771385507,230686
2021-06-07,1186.5091552734375,1200.393245264022,1176.2889632306078,1188.8231898879833,191766
2021-06-08,1211.4813232421875,1224.1360724403999,1182.0499687104339,1187.3287834080625,257480
2021-06-09,1199.477783203125,1231.72927768093,1186.3168166967764,1229.3188485660946,196872
2021-06-10,1214.229248046875,1221.2677464556716,1201.6468816980505,1212.9276401758525,223344
2021-06-11,1214.9764404296875,1228.764138017757,1195.5724917232913,1221.1230328770553,440100
2021-06-14,1217.0013427734375,1231.2470001635372,1195.5726548181567,1210.0352272554733,256578
2021-06-15,1225.5584716796875,1232.211279120387,1214.8561906820717,1218.0861419354128,232052
2021-06-16,1218.6405029296875,1247.155827793002,1210.6860881022485,1224.497797678479,275836
2021-06-17,1232.138916015625,1241.1780238633341,1211.3851008579413,1217.218267837633,266752
2021-06-18,1224.4976806640625,1247.1074529645716,1207.624681127353,1241.370680200772,436562
2021-06-21,1236.71875,1242.817087777942,1202.8280975736163,1205.1902707160739,120962
2021-06-22,1244.86572265625,1269.813656104778,1231.4637174769287,1238.9601731925889,194684
2021-06-23,1234.404541015625,1262.6788197458463,1224.4976565151092,1253.3986701836748,174800
2021-06-24,1241.443115234375,1255.351336684549,1227.2698407698506,1233.1753914128558,180794
2021-06-25,1263.57080078125,1281.239195352255,1246.191587024411,1252.940787108876,209290
2021-06-28,1302.71630859375,1320.5776104135643,1267.041960611166,1278.9735837539897,454450
2021-06-29,1355.865966796875,1373.920051864306,1305.439757895279,1305.439757895279,612878
2021-06-30,1416.777587890625,1440.4720526553203,1363.2419480703697,1371.48554281393,1428960
2021-07-01,1427.16650390625,1454.0187723947406,1411.0648881005604,1432.0838723576462,607786
2021-07-02,1412.270263671875,1444.78692532955,1400.4591623030542,1427.9380512019436,286220
2021-07-05,1399.832275390625,1426.4916391272416,1394.6498539237045,1426.4916391272416,172412
2021-07-06,1404.6048583984375,1434.2048715253577,1398.0484461927856,1398.0484461927856,151700
2021-07-07,1356.058837890625,1416.8498926107554,1338.7520080912107,1405.3280912942705,495012
2021-07-08,1349.3819580078125,1388.4067706075994,1342.7532798495297,1365.2184021170353,270334
2021-07-09,1337.836181640625,1367.508464724538,1323.8556952068761,1349.8400694653997,390316
2021-07-12,1337.3780517578125,1363.338414833232,1321.1800421996013,1349.8400146863682,198260
2021-07-13,1331.097412109375,1350.0844709428666,1316.5552497807712,1343.1032563840408,333574
2021-07-14,1346.3160400390625,1359.9644815239851,1331.1216039940005,1331.1216039940005,578864
2021-07-15,1374.8690185546875,1390.449981692134,1356.896582339996,1359.9643911324035,649056
2021-07-16,1372.9122314453125,1398.6631165599033,1358.0801453022066,1396.24746350885,290896
2021-07-19,1362.935791015625,1374.8690948938993,1349.3839522230205,1371.7529256837488,210786
2021-07-20,1355.495361328125,1378.9755563724566,1345.5187613198884,1362.9356435621648,241522
2021-07-22,1366.5833740234375,1387.6961593784984,1359.1189112819661,1362.4284033431538,483150
2021-07-23,1468.3065185546875,1512.1989868061314,1413.1572001303305,1478.3798401363456,3675686
2021-07-26,1570.2952880859375,1593.3647750503567,1436.6613122275514,1467.243503877552,2066392
2021-07-27,1528.1904296875,1568.7250393599656,1515.5806739982177,1568.7250393599656,707344
2021-07-28,1496.73876953125,1537.3459246836221,1488.453125976839,1526.6928701480792,422818
2021-07-29,1508.8170166015625,1535.7999105249085,1492.8737051869448,1509.7832778994182,313408
2021-07-30,1518.576171875,1545.0517539762757,1492.3421550886048,1520.4120918584551,304536
2021-08-02,1515.6531982421875,1542.2013205385435,1504.1064234457654,1533.8673172286778,155992
2021-08-03,1481.0853271484375,1530.5336770469382,1466.446445265074,1528.6253346222072,245000
2021-08-04,1477.7274169921875,1506.183881152444,1440.6471420750602,1491.4242171879027,810660
2021-08-05,1490.4580078125,1536.3312379796077,1476.1332316766488,1489.4917465432536,915082
2021-08-06,1506.5947265625,1519.4460503535356,1498.8163930694675,1499.371946193316,455188
2021-08-09,1512.4644775390625,1526.2578793409948,1505.144978400019,1516.3053421021868,356204
2021-08-10,1526.9586181640625,1543.602445670205,1510.8703437315019,1517.513390250427,602514
2021-08-11,1495.55517578125,1539.1818990672543,1490.4581235996448,1530.074838716394,575418
2021-08-12,1530.2921142578125,1535.38916607413,1497.0527028053034,1503.0435934817797,259504
2021-08-13,1509.5174560546875,1540.2204308305204,1498.1880665010801,1537.9497404858441,287386
2021-08-16,1504.444580078125,1526.6927688602643,1479.08022236763,1517.0301563991234,353788
2021-08-17,1551.7672119140625,1578.8708872386333,1504.9760815134669,1504.9760815134669,1026918
2021-08-18,1552.9993896484375,1572.590362299088,1546.01817491769,1564.4013208691858,414474
2021-08-20,1537.1767578125,1569.2083433373673,1522.9244037089125,1569.2083433373673,433050
2021-08-23,1552.974853515625,1558.0960847267643,1527.6588588855902,1537.3214702637408,447412
2021-08-24,1553.361572265625,1588.026194840478,1541.1867040248198,1549.8830553327969,550334
2021-08-25,1558.7486572265625,1582.2529167325633,1548.6995158749653,1562.4445596070564,406620
2021-08-26,1552.951171875,1567.4691546666363,1536.355585585818,1563.894034761413,267792
2021-08-27,1571.8656005859375,1577.4216031698436,1542.3704502349244,1552.951082448412,405546
2021-08-30,1605.6123046875,1612.4727363776801,1579.837237139376,1579.837237139376,726446
2021-08-31,1604.9842529296875,1622.7634850327738,1589.4998914906075,1612.4727782543393,405876
2021-09-01,1610.298583984375,1674.0476475796197,1599.1623992751925,1628.150237328519,597098
2021-09-02,1634.4068603515625,1649.8912217625684,1604.4769392308901,1618.9708591878086,293988
2021-09-03,1662.621826171875,1674.0478196650486,1628.6335353797629,1642.6443252124575,822686
2021-09-06,1706.2724609375,1715.113775256651,1659.8677392870236,1675.497062701427,609896
2021-09-07,1697.7454833984375,1728.6416685002425,1687.0924277257818,1715.114008713209,404206
2021-09-08,1672.9849853515625,1707.866997754947,1667.767150282907,1701.5862987533021,338078
2021-09-09,1688.7830810546875,1703.0354343349375,1674.0959573974599,1674.506547653092,258832
2021-09-13,1733.327880859375,1763.4269451853695,1693.7353460503039,1693.7353460503039,538688
2021-09-14,1733.2794189453125,1754.0298549985255,1724.776273051506,1744.560447887323,344584
2021-09-15,1765.2142333984375,1779.7565115054433,1735.4050992428947,1742.6520581762586,594994
2021-09-16,1785.361083984375,1790.9654471042506,1765.5286637508464,1775.2153396117856,281598
2021-09-17,1709.316162109375,1815.991428377451,1703.180426723257,1796.2796751618587,570960
2021-09-20,1706.344970703125,1748.4497581232392,1695.7885192076733,1712.1666004603208,515502
2021-09-21,1729.777099609375,1748.9331852449288,1700.6201138293231,1706.4176823991957,414466
2021-09-22,1795.82080078125,1840.7277709735615,1739.2945149009595,1741.6859880209158,735746
2021-09-23,1822.36865234375,1854.6176204094832,1802.56029742697,1811.667356563335,349178
2021-09-24,1813.8656005859375,1851.8397155043735,1799.8789923568766,1847.9746704420113,493842
2021-09-27,1743.038818359375,1835.3891968175667,1732.0234157234058,1822.0306812521997,358474
2021-09-28,1696.489013671875,1758.257311408347,1662.1867392138538,1758.257311408347,715810
2021-09-29,1711.611083984375,1727.192047207435,1656.8481784677144,1690.4741183716965,558432
2021-09-30,1795.4586181640625,1818.0449780640492,1754.2475464567158,1754.2475464567158,757602
2021-10-01,1760.1656494140625,1816.5227896358354,1741.685903009043,1792.5595814085184,641992
2021-10-04,1794.4923095703125,1799.806747054032,1763.4028031098228,1773.0895968409677,658814
2021-10-05,1812.2471923828125,1831.0651070296005,1739.2702863605705,1793.8640481268883,713308
2021-10-06,1797.922119140625,1832.4901362281353,1787.8730972932528,1825.7504881303723,211844
2021-10-07,1841.62158203125,1846.5253108592153,1804.0098144291758,1823.7698104755925,550172
2021-10-08,1938.5616455078125,1965.8343458773043,1846.0421302144177,1846.0421302144177,1577146
2021-10-11,1907.1826171875,1956.6793337813053,1884.7170396514923,1951.8238466589632,460282
2021-10-12,1879.8856201171875,1930.0346073342043,1872.1555293847557,1908.3661495691265,387714
2021-10-13,1933.657958984375,1945.7602871223742,1872.6143556038182,1893.872103706648,484052
2021-10-14,2034.9464111328125,2072.630603931568,1977.6712457951076,1978.4201219346787,1311418
2021-10-18,1994.6048583984375,2071.3018479275042,1981.318765724111,2053.3052314868255,497360
2021-10-19,2025.2593994140625,2120.94331973926,1981.3909996868556,2004.218920383366,1417784
2021-10-20,2041.371826171875,2069.731689481169,1913.7770932100113,2028.6655845311457,726160
2021-10-21,1950.277587890625,2050.382349672883,1927.6912307384887,2041.3717746208376,862254
2021-10-22,1870.6336669921875,1976.0045174119264,1774.3940573628818,1954.21527616389,1495080
2021-10-25,1913.0523681640625,1968.5882115414422,1774.6838002985817,1887.1082764332618,1020768
2021-10-26,1898.4862060546875,1971.1731939928068,1855.704960325091,1913.0525490207417,738320
2021-10-27,1950.9056396484375,2012.239048769055,1911.0956054635276,1980.8355582120348,1723522
2021-10-28,1926.96630859375,1980.8353679915697,1911.747695400644,1959.0944920014183,752792
2021-10-29,1895.6597900390625,1950.8574691957672,1884.6927473987296,1931.5564224814461,417422
2021-11-01,1957.1138916015625,1980.1593178349258,1864.9809007690121,1910.4435418521841,445980
2021-11-02,1967.4530029296875,1993.6145988416647,1950.9057778867457,1957.11393607337,342076
2021-11-03,1933.9718017578125,1972.6222499568196,1925.372053443172,1972.6222499568196,133602
2021-11-04,1956.364990234375,1966.8005406790298,1937.3295733567998,1956.4374126454272,53084
2021-11-08,1982.8165283203125,1990.4982583989406,1929.2856292370843,1961.9935503296354,609484
2021-11-09,1998.880859375,2017.070683145266,1976.2219586543172,1991.4647559101286,377424
2021-11-10,2007.021484375,2028.6656436057162,1980.8357082122973,1996.0543240192942,255868
2021-11-11,1995.594970703125,2014.0022934231722,1980.8354254916976,2007.0211979169583,179188
2021-11-12,2003.5189208984375,2019.4862959342533,1988.0828009017828,2002.2143736663945,406404
2021-11-15,2056.1318359375,2065.2388968095197,2001.1273585841916,2007.4080576816311,524832
2021-11-16,2078.041748046875,2086.6413796771385,2050.8897098239067,2058.1607321015167,593044
2021-11-17,2085.409423828125,2097.1253422887967,2062.9679103945778,2077.4618301397386,360424
2021-11-18,2010.5240478515625,2145.027567613044,1983.4444345884424,2100.6519722152148,944192
2021-11-22,1981.97119140625,2010.524261762411,1910.8060186832122,2010.524261762411,431778
2021-11-23,2018.3992919921875,2031.5405414591971,1932.5228096388607,1970.5209922026522,298572
2021-11-24,1984.314208984375,2029.1245747155974,1966.5832205815673,2017.9882722019422,318870
2021-11-25,1963.587646484375,1997.2618244332002,1951.8717298799954,1997.2618244332002,458902
2021-11-26,1888.6060791015625,1980.8356733967978,1878.1462297136318,1961.5104473148779,298778
2021-11-29,1938.4410400390625,1950.640089515288,1811.7400212216298,1835.8965548379183,472990
2021-11-30,1999.5811767578125,2057.6535792251348,1947.0166528004916,1957.8146707479943,983242
2021-12-01,2032.5068359375,2041.2272508964309,1985.6672192152262,2000.1611405233666,348362
2021-12-02,2122.19970703125,2140.317106121628,2029.4386236885143,2034.0040667171093,980888
2021-12-03,2094.975341796875,2142.587774373228,2085.0471010130054,2133.867360249374,549884
2021-12-06,2048.8125,2099.9035726758025,2041.2513156517582,2094.975545063336,280808
2021-12-07,2017.722900390625,2076.6405463779597,1995.4745906177234,2061.518650172188,410144
2021-12-08,2071.108642578125,2115.5323636266094,2033.0621044702964,2035.9125280811402,720126
2021-12-09,2095.89306640625,2103.7682371086585,2068.2821984638244,2090.143859169381,440200
2021-12-10,2095.627197265625,2105.917783994376,2072.6301350664526,2094.4434330135305,237402
2021-12-13,2132.055419921875,2198.244314671319,2105.9663665169846,2106.449497135594,1099526
2021-12-14,2129.591552734375,2154.5211415461786,2089.684913717855,2148.9651390508807,665102
2021-12-15,2117.779052734375,2149.9313017736054,2094.3712793682203,2135.437382885244,393188
2021-12-16,2175.87548828125,2203.07564808364,2125.7747481508804,2125.7747481508804,766050
2021-12-17,2241.79833984375,2295.8849032692074,2198.751357481218,2203.0754705842674,2636644
2021-12-20,2134.25390625,2256.220344502164,2102.7296284172876,2256.220344502164,896152
2021-12-21,2140.41357421875,2201.6022583315125,2118.5519128181104,2173.991153607578,1293550
2021-12-22,2193.219482421875,2212.4963441023174,2141.4761535612015,2148.481546505733,626316
2021-12-23,2236.749755859375,2260.0848686712593,2183.77429867779,2207.906765675001,541704
2021-12-24,2231.12158203125,2313.6161471061314,2223.6089941853074,2266.366060124558,730208
2021-12-27,2233.294921875,2241.6532215292036,2190.92451622481,2233.51242497345,375820
2021-12-28,2245.15673828125,2261.0516912376365,2230.155388402956,2246.5577701399593,291444
2021-12-29,2245.711669921875,2262.9595256163348,2230.3482121715488,2244.1414955708296,316224
2021-12-30,2324.148193359375,2348.0147986588454,2238.3925088404562,2252.3065762488377,977934
2021-12-31,2369.44189453125,2379.4184954583825,2319.510293745319,2347.387027129709,698628
2022-01-03,2353.86083984375,2409.6140685550026,2319.2686388167,2386.665363140193,606706
2022-01-04,2336.5166015625,2369.7318345698345,2326.298199339874,2357.677630193352,364328
2022-01-05,2260.544189453125,2337.3376626994823,2257.017194259129,2336.926954477106,739942
2022-01-06,2190.58642578125,2222.883751551674,2175.102185381283,2222.883751551674,893358
2022-01-07,2195.876953125,2212.6898037651736,2179.063866581211,2202.592421332855,446256
2022-01-10,2171.1171875,2220.758872506799,2152.347510513772,2207.424416506717,688840
2022-01-11,2170.198486328125,2193.147188699794,2162.540819513911,2174.087593105462,359116
2022-01-12,2167.082763671875,2192.4471255251296,2162.0098913012243,2192.4471255251296,557828
2022-01-13,2182.952880859375,2194.7171564642003,2138.3597913276867,2180.8512158698345,475882
2022-01-14,2147.781494140625,2188.557912142168,2137.9740357253554,2188.557912142168,374448
2022-01-17,2115.073486328125,2141.1625404788974,2091.3757872656624,2132.9976799716965,658630
2022-01-18,2101.135009765625,2154.76250714065,2081.9305681380824,2102.6327618279934,546856
2022-01-19,2061.638916015625,2090.2644021657043,2024.9934152571248,2077.5338645199286,640300
2022-01-20,2051.711181640625,2112.0541572307907,2020.887302285916,2062.9680322796585,775322
2022-01-21,2078.23486328125,2173.8223101191957,2051.372751804635,2056.687188985476,1894132
2022-01-24,1964.4815673828125,2105.6040718299964,1942.1851359505733,2068.765361228944,1060836
2022-01-25,2002.117431640625,2029.5593934979354,1835.9206096557334,1961.5103957646354,934114
2022-01-27,1974.32421875,2019.594517061996,1938.787572080687,2007.409318361483,1173746
2022-01-28,2081.225341796875,2116.7862833146314,1979.6642874741376,1990.4417777856747,918400
2022-01-31,2136.132568359375,2154.920255625729,2082.6818742471346,2126.8841534724024,595884
2022-02-01,2183.029052734375,2205.045089048955,2132.80671811806,2165.6975518180543,685796
2022-02-02,2153.6337890625,2201.1374310075635,2132.7342441804485,2195.3117474671817,469574
2022-02-03,2108.241943359375,2150.6481109705505,2097.2460134069474,2150.6481109705505,257468
2022-02-04,2085.716552734375,2108.388271181674,2056.4909388056876,2100.280764915238,229210
2022-02-07,2054.864501953125,2095.5471007617175,2040.445839106104,2090.9351008874587,227136
2022-02-08,2021.2208251953125,2074.914255059113,2009.8607898794403,2056.9517310915912,252002
2022-02-09,2119.82080078125,2132.3945215476497,2024.91069736828,2038.2126286467997,483280
2022-02-10,2142.39501953125,2163.3189793227884,2099.1392739027665,2136.083862664287,517078
2022-02-11,2037.1688232421875,2106.5187822156554,2021.9491767599925,2089.964083183227,481266
2022-02-14,1914.6595458984375,2019.764594695612,1894.3182466816397,1927.330456003616,811122
2022-02-15,2018.5264892578125,2026.8523142288852,1918.6402943709638,1932.184960630171,756284
2022-02-16,1951.91943359375,2048.5286825260505,1941.8944509005087,2023.9394914510551,465292
2022-02-17,1899.706787109375,1971.0228113724072,1889.7302809480325,1971.0228113724072,440096
2022-02-18,1873.1514892578125,1914.7566760042102,1864.000382042711,1878.7830310239062,392320
2022-02-21,1862.9564208984375,1928.2769201363353,1805.3064285568594,1856.9365954234606,808276
2022-02-22,1906.455078125,1917.5723776187124,1772.4886442772874,1795.767082756398,650504
2022-02-23,1922.3057861328125,1948.6427329512617,1895.993136702836,1930.995836013023,553572
2022-02-24,1833.1968994140625,1902.3768870761069,1811.3747663816048,1847.2270389759917,899934
2022-02-25,1880.554931640625,1941.894573903332,1844.7998452081654,1869.073527381957,582678
2022-02-28,1911.697998046875,1921.9172412041023,1821.521275325039,1869.07339154277,765496
2022-03-02,1886.45361328125,1931.6754382967076,1881.2104739330032,1900.1439470900061,430388
2022-03-03,1986.970947265625,1996.8259678959498,1910.36317883596,1925.8740388064791,1009176
2022-03-04,1976.945556640625,2019.4973885027414,1938.617439888569,1980.732274399389,815010
2022-03-07,2012.045654296875,2029.5713014458559,1917.6453215103843,1917.6453215103843,579128
2022-03-08,2037.1201171875,2048.698710627476,1996.2675587915123,2014.7155566597216,657538
2022-03-09,2057.9228515625,2085.1093766126296,2017.8712744797194,2048.69885199192,534890
2022-03-10,2077.608642578125,2095.0856937975987,2029.2798360389013,2076.4679691505517,356068
2022-03-11,2116.009765625,2122.054007639258,2052.0972043401034,2068.1178354598633,343750
2022-03-14,2172.54296875,2183.5147195901354,2106.7127007568465,2112.319826053866,427208
2022-03-15,2100.595703125,2211.332280312647,2083.191426901152,2208.9049122771776,1011728
2022-03-16,2149.895751953125,2167.8338600222824,2115.7668141647864,2136.083932615217,428738
2022-03-17,2177.32470703125,2184.655168045749,2148.1718779358507,2178.8053065493123,1904464
2022-03-21,2150.988037109375,2253.5685169638245,2137.4917284069306,2163.90144560809,1091848
2022-03-22,2204.923828125,2220.5561723427118,2118.7280881387583,2151.618923441823,690616
2022-03-23,2180.16455078125,2218.274224932765,2156.0122413667546,2212.788468568225,508864
2022-03-24,2252.476318359375,2257.4524231631217,2161.0131321078497,2176.863799024395,674724
2022-03-25,2270.05078125,2292.892223401285,2238.0336967774556,2264.7347495589656,566604
2022-03-28,2248.447021484375,2279.226003353052,2212.327592440883,2276.82281397677,521584
2022-03-29,2309.8837890625,2329.7882101115883,2250.1705259152345,2254.5397890723516,823534
2022-03-30,2324.059326171875,2349.643642811156,2301.217650931259,2317.917895458253,631508
2022-03-31,2313.42724609375,2366.6837947138606,2298.7174908656675,2325.418538806029,455058
2022-04-01,2292.770751953125,2325.370261156504,2269.5893844435677,2325.370261156504,738580
2022-04-04,2326.14697265625,2336.2447296646337,2298.7177116826347,2298.7177116826347,452170
2022-04-05,2386.442626953125,2405.0361706760286,2330.2732376352315,2330.2732376352315,933252
2022-04-06,2366.5380859375,2402.3417614139366,2355.5663359412947,2378.3349987669512,346008
2022-04-07,2284.590576171875,2372.4127187378717,2276.7016287583733,2366.5386767635155,514130
2022-04-08,2287.01806640625,2321.049821085844,2264.7834651772837,2315.7096102446094,630024
2022-04-11,2192.107421875,2282.21136845165,2178.8296716517802,2281.7258948569993,729670
2022-04-12,2127.70947265625,2206.4289714200586,2102.683402780676,2192.350236674287,579970
2022-04-13,2102.07666015625,2167.057116546445,2089.2116088320004,2150.64820250666,410852
2022-04-18,2046.4412841796875,2101.59113516356,2040.4456375259367,2077.82710649798,626892
2022-04-19,2026.390869140625,2113.023722915278,2002.505711617934,2072.729416424303,542548
2022-04-20,1934.9765625,2067.0012138446614,1914.271159143525,2031.7071853634823,855724
2022-04-21,1947.6474609375,1970.5374955469447,1930.2431836153369,1958.8861282414196,539916
2022-04-22,1955.1964111328125,2009.8607881922112,1921.0191156706715,1937.0397451417687,497956
2022-04-25,1945.4627685546875,1957.4296459399006,1917.620808894496,1941.8944900197428,575436
2022-04-26,1969.5179443359375,1990.3933106612242,1948.8125411926007,1956.944224586753,506064
2022-04-27,1979.2515869140625,2002.6758068402532,1892.1576697311862,1946.919115989038,411838
2022-04-28,2091.73583984375,2140.9386380390556,1958.8860327636255,2082.681804350918,2572826
2022-04-29,2097.561767578125,2133.3654507867486,2078.5796996471336,2112.6600461441135,746902
2022-05-02,2013.404296875,2092.3909358381006,2005.3939835475455,2080.2540974631697,385044
2022-05-04,1996.3160400390625,2058.966313364948,1983.2810264560183,2014.6912632276428,323164
2022-05-05,2016.6572265625,2030.954518137038,2000.1511250451372,2014.7153322663396,370518
2022-05-06,1971.5084228515625,1985.5628608167171,1886.9632371068,1962.7698974609375,750036
2022-05-09,1938.08349609375,2000.1755256888553,1895.3133405926585,1941.8945114820676,433040
2022-05-10,1918.2034912109375,1980.7811167574748,1905.92098397525,1937.0398928208308,386650
2022-05-11,1862.81103515625,1938.884734257744,1814.239371586985,1934.5639475532928,543774
2022-05-12,1796.7379150390625,1868.0782416760921,1784.1398979723454,1844.7512099146843,437888
2022-05-13,1744.91357421875,1866.6460855174498,1731.8057863620606,1808.3892505988297,643568
2022-05-16,1749.015869140625,1793.7280390502467,1718.6009928299607,1759.7933603055849,357324
2022-05-17,1808.8504638671875,1820.5261284759138,1758.3855032906024,1764.7937315580705,575696
2022-05-18,1872.787353515625,1905.4354560423492,1817.1521450825294,1824.8954259919067,1004054
2022-05-19,1755.642578125,1846.7416557693903,1743.8455454204445,1816.15681762179,778290
2022-05-20,1795.6942138671875,1805.4764602663015,1758.385517366105,1788.484882931179,410966
2022-05-23,1837.6390380859375,1872.860173266336,1791.4219727144791,1804.5054631967319,400812
2022-05-24,1756.3709716796875,1852.9316376323206,1747.7052192248261,1844.7756562378358,282016
2022-05-25,1656.994140625,1769.5269427855624,1592.8388529485358,1755.0113298161957,1248284
2022-05-26,1672.602294921875,1699.157678361791,1613.2531445848097,1670.0292610184463,682544
2022-05-27,1721.5865478515625,1758.6039118133158,1675.369482387032,1684.5934812758624,650688
2022-05-30,1824.2398681640625,1842.8335311823541,1750.132368805719,1750.132368805719,1035510
2022-05-31,1825.3321533203125,1843.7801502425002,1800.0147523221572,1823.924327280519,420908
2022-06-01,1815.2589111328125,1857.5437171877772,1805.2582241748412,1835.527437808432,593814
2022-06-02,1838.7557373046875,1846.8874209003623,1792.3930039681527,1803.5346004735782,238306
2022-06-03,1845.260986328125,1941.8945369267076,1839.2654580596657,1857.9075982046274,664400
2022-06-06,1816.083984375,1839.4594910681153,1800.1604264113178,1825.3807565099269,381498
2022-06-07,1797.150634765625,1818.0987748419186,1774.4304447958102,1808.389302079078,295228
2022-06-08,1754.5987548828125,1803.0247490624681,1738.9665278348484,1776.8334706520227,467528
2022-06-09,1748.28759765625,1764.1868589023827,1732.3640390240585,1738.9665277449635,383052
2022-06-10,1696.63330078125,1737.38878915459,1688.8414251544618,1737.38878915459,297024
2022-06-13,1614.1512451171875,1655.2223621371647,1606.4322617134121,1641.8718371455907,276310
2022-06-14,1633.4974365234375,1654.88257415312,1590.9214218351283,1602.0630182115592,408054
2022-06-15,1652.04248046875,1662.6744241763606,1628.7640434041496,1650.5617621790698,227884
2022-06-16,1577.279541015625,1694.3029843100599,1568.5167182086236,1694.3029843100599,529504
2022-06-17,1547.35009765625,1572.4004654136897,1507.8810685198466,1565.652429483743,697180
2022-06-20,1526.74169921875,1562.0840824993459,1505.9391080376477,1562.0840824993459,334672
2022-06-21,1607.937255859375,1624.3947644917628,1529.2419330989399,1552.7146304974688,378986
2022-06-22,1562.035888671875,1589.4408546572088,1534.3395910641748,1587.5232572942034,319370
2022-06-23,1634.881103515625,1653.0377705313083,1568.0798821780104,1568.0798821780104,561620
2022-06-24,1583.1539306640625,1672.7722987716888,1577.9107913385087,1658.329457131101,520784
2022-06-27,1678.3065185546875,1691.8754818564898,1614.1997065058333,1630.7058087678479,1380306
2022-06-28,1710.4693603515625,1715.9309389958098,1632.8178725765663,1650.6104347058438,530098
2022-06-29,1699.9345703125,1711.2946062465583,1667.6505727762174,1687.020923888451,440632
2022-06-30,1651.4842529296875,1723.4314227022357,1643.8137457097946,1710.6391448734882,387598
2022-07-01,1608.859619140625,1661.4121398925781,1587.5230766832829,1643.3282470703125,468006
2022-07-04,1582.207275390625,1622.938468638819,1546.233629259539,1614.1513478573509,608628
2022-07-05,1579.7069091796875,1628.8611146698,1577.7893120282972,1587.0133110832319,480458
2022-07-06,1629.41943359375,1638.1336613770602,1578.299037649736,1588.6153520854814,415560
2022-07-07,1641.847412109375,1694.8369264795192,1631.1912903311734,1644.2990774856205,593108
2022-07-08,1649.542236328125,1679.4231603763387,1637.5024672372094,1661.873218467311,397520
2022-07-11,1599.54638671875,1640.3856068275375,1573.2214099784844,1621.8776932113124,494428
2022-07-12,1621.9996337890625,1640.3857868332896,1578.2624830305733,1581.4526870094094,447250
2022-07-13,1616.325439453125,1654.5101417010214,1611.2844204540488,1626.7970226284478,293240
2022-07-14,1545.0213623046875,1646.2304662291756,1518.647628878174,1646.2304662291756,787096
2022-07-15,1530.2393798828125,1573.4163512126565,1515.3599660594052,1557.3924402697821,555148
2022-07-18,1583.2545166015625,1586.8100078656437,1541.1246621876958,1546.2630670569222,928464
2022-07-19,1620.9281005859375,1627.7224298551912,1556.7348343580654,1580.4541649551072,800594
2022-07-20,1711.7630615234375,1724.158470815764,1632.1059422891597,1655.971412647909,1145378
2022-07-21,1735.3607177734375,1758.2520884541425,1682.7592702518177,1711.9822966527177,1073492
2022-07-22,1769.33251953125,1824.9780333586384,1750.2401657022126,1804.5219144899265,2866724
2022-07-25,1756.571533203125,1791.8095560771615,1743.6403221162884,1765.5575887350685,1116260
2022-07-26,1623.8016357421875,1758.154534362161,1617.9814073212092,1758.154534362161,1396274
2022-07-27,1647.862060546875,1657.4081772857394,1603.0046699961508,1626.748377603386,1082964
2022-07-28,1714.5635986328125,1720.7491151176812,1655.971409963237,1675.45342655104,1028366
2022-07-29,1769.381103515625,1785.3320042085882,1729.0289300769332,1733.899434105319,1073404
2022-08-01,1780.2664794921875,1789.009009806997,1756.328001493237,1785.502270942777,732490
2022-08-02,1764.8515625,1792.3455347609743,1758.2520055671514,1777.7340222493358,621558
2022-08-03,1812.7283935546875,1820.0827824978442,1739.329810648505,1753.3812608160556,1156380
2022-08-04,1835.765869140625,1872.8060738558413,1797.727306285984,1838.1281110174489,1549230
2022-08-05,1847.1142578125,1869.7377250141576,1832.2835969775733,1853.0562488853745,721922
2022-08-08,1833.03857421875,1865.1107720199668,1828.7281305740428,1849.8174368773355,304722
2022-08-10,1774.519287109375,1842.9986173360621,1760.711480335861,1824.539455703741,634870
2022-08-11,1817.3311767578125,1864.6724517376856,1806.5673153812104,1814.530636964815,639364
2022-08-12,1813.4833984375,1824.9778353563422,1787.4993311341846,1824.9778353563422,411016
2022-08-16,1815.69970703125,1839.5895554609745,1805.4472712446038,1839.5895554609745,256668
2022-08-17,1849.2572021484375,1882.44963653311,1815.6993610859304,1831.211962575336,673458
2022-08-18,1867.1563720703125,1896.3550183778148,1828.849788589593,1845.4338777014457,630438
2022-08-19,1833.1116943359375,1910.6988522400097,1822.3965847898553,1871.7348175269838,789088
2022-08-22,1798.628173828125,1821.0812423253606,1788.0348288105863,1821.0812423253606,333168
2022-08-23,1764.9976806640625,1800.1139439757267,1737.6741050248968,1753.38148079031,627624
2022-08-24,1757.570068359375,1798.3847955298286,1744.6388568449433,1777.3686189628374,512958
2022-08-25,1725.2298583984375,1789.179598043291,1714.4417398814678,1772.4251122809067,449038
2022-08-26,1717.120361328125,1762.1481417772452,1707.1358292920736,1745.5884301076967,386244
2022-08-29,1669.0487060546875,1690.9902313852276,1634.1270973470162,1646.2547236177838,717854
2022-08-30,1713.4189453125,1723.159953394447,1670.7776586520195,1684.780357769818,429608
2022-09-01,1655.9468994140625,1708.9623803192028,1651.100771962478,1708.9623803192028,885148
2022-09-02,1663.0091552734375,1676.6465659877679,1652.2210368611509,1672.531014036093,865858
2022-09-05,1657.091552734375,1677.401530056966,1649.1769839586998,1670.0470216619012,388334
2022-09-06,1632.4222412109375,1669.9982466719216,1626.0175767378737,1664.7380791643109,694820
2022-09-07,1607.875,1631.6187050359713,1597.0625057961443,1629.18345323741,1222434
2022-09-08,1597.0870361328125,1653.3413581052298,1592.654829868439,1634.857700044403,626792
2022-09-09,1652.68359375,1659.3317834382947,1599.4977195173149,1617.0071557503868,660206
2022-09-12,1666.6376953125,1694.204795170583,1658.8936416130532,1672.2875274452197,668514
2022-09-13,1655.5572509765625,1690.040441649053,1648.6655356657275,1684.220213392049,360970
2022-09-14,1607.412353515625,1623.8503034379103,1582.889319919903,1585.3489480604014,721168
2022-09-15,1581.330810546875,1625.8715437142248,1575.8514938090134,1617.0072506400631,479236
2022-09-16,1539.614990234375,1589.7324263318758,1534.2086835004316,1578.0432173147296,685194
2022-09-19,1540.5404052734375,1560.6799867471825,1522.2760153911252,1549.3073124169473,284028
2022-09-20,1548.9176025390625,1582.9137430170001,1545.0211994793285,1558.5612238936615,614688
2022-09-21,1548.3331298828125,1573.9276506684512,1525.0034646682861,1547.8460795116634,496806
2022-09-22,1558.8292236328125,1567.011694355721,1522.2760663431188,1535.4264274985385,597272
2022-09-23,1533.2344970703125,1587.784136102039,1526.9028425398442,1567.8150718136392,396770
2022-09-26,1547.2373046875,1575.70537580115,1505.9841610160324,1528.3641023402456,745440
2022-09-27,1546.7259521484375,1570.7375609707722,1526.9517769897077,1553.666420441099,483214
2022-09-28,1559.584228515625,1574.2199988011644,1524.9548954002203,1539.0793578616083,397368
2022-09-29,1570.0556640625,1607.266265804273,1540.2480854605565,1578.0432427896496,1265180
2022-09-30,1578.627685546875,1604.343969680524,1545.1185952459862,1568.3022411570391,772468
2022-10-03,1558.24462890625,1578.627615284955,1546.7745690575987,1573.172674992434,331678
2022-10-04,1606.7305908203125,1619.4426544079042,1574.8531644574105,1580.4786206176389,842674
2022-10-06,1730.368408203125,1738.9891769975943,1628.1608283163569,1642.3340433357084,2552516
2022-10-07,1699.4405517578125,1730.3438748296867,1693.9612349397926,1721.7231068177593,1145932
2022-10-10,1735.4580078125,1745.5886801846154,1668.634714930941,1679.3498240168958,753296
2022-10-11,1725.083740234375,1772.6199061775942,1713.1510056001255,1748.5109117124778,891044
2022-10-12,1752.0906982421875,1765.3140682404705,1724.1583119247528,1729.0288156307547,515200
2022-10-13,1712.78564453125,1764.461736606231,1705.8939293253259,1753.3813406341678,393694
2022-10-14,1776.4676513671875,1794.2937442728291,1736.3347443899663,1743.6405006777222,1070830
2022-10-17,1767.33544921875,1787.4506552355292,1750.9462502396898,1765.5577627590753,426170
2022-10-18,1797.1673583984375,1813.2887754129827,1772.863589176271,1786.501001400704,631754
2022-10-19,1783.8463134765625,1816.186409702415,1780.1203068905024,1802.5733759704249,451524
2022-10-20,1805.3011474609375,1810.366424302247,1746.0757683948225,1772.3764912660415,679766
2022-10-21,1785.380859375,1816.6982279441086,1773.3751130192666,1806.9572186789926,476266
2022-10-24,1805.9830322265625,1831.309655116471,1793.0274429539743,1809.3923853078963,147124
2022-10-25,1865.06201171875,1877.0677558149785,1804.789528234248,1814.2626341799548,927534
2022-10-27,1835.66845703125,1882.4496685661177,1818.1590201183226,1868.3252079222839,479344
2022-10-28,1763.85302734375,1831.3095078869253,1759.4695737344462,1831.3095078869253,412866
2022-10-31,1798.7015380859375,1813.629585569448,1778.4645697950775,1781.1433470465831,302968
2022-11-01,1833.525634765625,1840.173825262416,1803.0849843063424,1809.8793137070961,319800
2022-11-02,1827.291259765625,1842.0001574325047,1811.827410229393,1836.1799291840891,438192
2022-11-03,1829.0447998046875,1845.9210489019765,1788.449100677588,1802.0865121206632,363140
2022-11-04,1801.0880126953125,1837.4463965983584,1785.5267761124246,1831.309513961461,400052
2022-11-07,1818.1348876953125,1830.530297417107,1802.1596097321556,1812.3146588103737,301044
2022-11-09,1807.4439697265625,1838.0307575338727,1802.086415518265,1826.4389346468902,321698
2022-11-10,1784.820556640625,1805.3740596183998,1773.9105563992969,1801.3315175403359,249200
2022-11-11,1825.4161376953125,1879.7222570305028,1793.5874655557902,1826.4389910938405,1303250
2022-11-14,1867.7408447265625,1873.6828356562705,1825.4160948217564,1826.4389481962605,429222
2022-11-15,1859.9725341796875,1877.5793592063935,1828.8743174630372,1867.7409645559942,314310
2022-11-16,1856.8553466796875,1903.66093952284,1838.1282818454006,1859.9725407074784,822628
2022-11-17,1839.1510009765625,1853.1293232033738,1816.381395544487,1845.9209537447246,368452
2022-11-18,1818.9141845703125,1870.054479085796,1786.0139046502593,1836.1800983178287,530532
2022-11-21,1782.3121337890625,1816.6979385814918,1762.0509090901005,1816.6979385814918,525540
2022-11-22,1807.9798583984375,1812.777233548873,1765.9960183038745,1778.2210310493515,370536
2022-11-23,1818.9627685546875,1832.0157433417523,1799.1642169254537,1824.0037878683877,366504
2022-11-24,1893.7982177734375,1899.4966840438096,1820.156216266114,1826.4391192728938,791764
2022-11-25,1933.979736328125,1937.9735257937937,1888.9031983940135,1893.7980786558485,962526
2022-11-28,1961.8145751953125,1988.0666623016693,1923.8733977534732,1933.9796932459133,924392
2022-11-29,1965.1265869140625,1974.1613955492203,1937.51085321939,1961.838996738297,512568
2022-11-30,2023.5484619140625,2031.974338998118,1964.0551821534893,1966.636573144426,827680
2022-12-01,2105.957275390625,2155.149368088969,2035.8707671195718,2036.357817542328,2769282
2022-12-02,2116.355712890625,2142.0476210328447,2100.5753277753165,2108.928194422969,982160
2022-12-05,2076.636962890625,2107.9054570437584,2054.01337584164,2099.3333221212242,609856
2022-12-06,2014.026123046875,2065.7022105851756,2009.0826097645388,2060.709944706367,473026
2022-12-07,1976.7183837890625,2011.006802584659,1960.8648698154295,2009.0828584174483,523064
2022-12-08,1997.9537353515625,2006.136324698855,1955.9943912794395,1976.937558317541,411472
2022-12-09,1926.5765380859375,2018.799575456414,1918.0287801023735,2005.6734725380072,653876
2022-12-12,1973.869140625,1981.3210355581937,1895.1131143945258,1917.5174328890384,621958
2022-12-13,1986.970947265625,1994.4714761937762,1943.8182323539343,1977.4734640456545,658028
2022-12-14,2044.2481689453125,2052.9175715105375,1997.5398422480914,2002.3130791737137,1009334
2022-12-15,1998.611328125,2057.787952072164,1993.1320110928552,2048.0469440150177,383550
2022-12-16,1932.786376953125,1983.2691000729528,1925.1395910424199,1983.2691000729528,809202
2022-12-19,1929.377197265625,1941.7969827724355,1885.3965212773965,1938.9476902985327,529792
2022-12-20,1905.4385986328125,1921.9009263452524,1877.9446266486839,1907.2894139807422,519398
2022-12-21,1903.8314208984375,1939.0939441653945,1885.3966330553812,1921.9010398196124,537116
2022-12-22,1898.2303466796875,1931.6176782885557,1890.6810648223543,1923.36219707149,425634
2022-12-23,1867.5216064453125,1884.8849043182204,1843.0229494110483,1875.1438970607617,451580
2022-12-26,1856.0029296875,1874.4134585316185,1845.8966339191406,1860.5325221750768,331096
2022-12-27,1907.264892578125,1913.1094970792853,1861.5065336195476,1879.527397498125,332446
2022-12-28,1880.063232421875,1904.8540493720498,1865.8900187022048,1904.8540493720498,315666
2022-12-29,1864.2342529296875,1886.6872061604843,1853.2268657692223,1868.9586182669723,552474
2022-12-30,1885.3233642578125,1922.8019880318393,1880.0145624093439,1897.061326576268,529376
2023-01-02,1961.8145751953125,1970.1188080443517,1875.1439829346734,1894.1145716555932,891868
2023-01-03,1972.0184326171875,1992.6938184364299,1957.9670990986224,1962.813227080996,789378
2023-01-04,1913.5966796875,1981.759360610694,1894.820862648322,1967.6836513612552,798508
2023-01-05,1913.8402099609375,1931.4714110227287,1890.7296917861647,1919.952716388733,450812
2023-01-06,1876.0693359375,1918.9541462446768,1870.2734839024624,1911.6727667492617,603274
2023-01-09,1945.6932373046875,1950.1497006705288,1887.3202023222525,1898.9850350167844,592108
2023-01-10,1930.2293701171875,1948.20148121791,1902.6378952941698,1948.20148121791,346374
2023-01-11,1912.3790283203125,1965.1509869727915,1903.0033080760804,1923.8490890761827,502230
2023-01-12,1937.5838623046875,1952.3171367891564,1916.0562585752539,1921.9496159325568,433806
2023-01-13,1951.0751953125,1989.3574052090892,1901.9318563695663,1965.2240335443316,1192844
2023-01-16,1935.611083984375,1984.194355972574,1929.8882424218552,1960.6211668019607,482024
2023-01-17,1936.853271484375,1956.3352871784543,1930.1807048909102,1945.3036433551968,404432
2023-01-18,1928.5247802734375,1956.9197230080576,1903.1250309781647,1942.3813401480083,556714
2023-01-19,2073.93359375,2083.6015916628626,1909.2375500978076,1923.849061960801,4324412
2023-01-20,2105.762451171875,2123.5155337732267,2063.145540225295,2064.1438984404385,1476420
2023-01-23,2237.095458984375,2279.3958330653527,2080.70353065221,2108.928195977132,2527028
2023-01-24,2234.733154296875,2278.8112135067922,2210.9409335851337,2233.564280953164,2152818
2023-01-25,2251.248046875,2261.5389064710766,2213.1964162717345,2219.7385105848,961322
2023-01-27,2242.892578125,2305.6422136482547,2230.175922276984,2250.267597252452,1505742
2023-01-30,2261.4892578125,2285.501257200945,2226.279778200631,2249.2872896522863,602798
2023-01-31,2297.0908203125,2327.2039253332932,2211.333674190511,2267.4189434653927,1060130
2023-02-01,2295.52294921875,2324.7538386471992,2255.8296395791162,2303.682081678011,852924
2023-02-02,2364.1533203125,2395.3199700699497,2310.54289256952,2310.54289256952,1287422
2023-02-03,2377.188232421875,2391.399417484797,2345.45808646242,2371.7977829152496,661336
2023-02-06,2371.307861328125,2425.7023999946723,2339.945244439305,2374.2725129947853,864934
2023-02-07,2362.291015625,2388.753222043195,2353.421228210756,2370.817678726421,308864
2023-02-08,2368.759521484375,2413.3778873907413,2364.128778712652,2376.698279489863,492842
2023-02-09,2364.37353515625,2398.2354042026095,2342.3951561804715,2365.9415222380903,371042
2023-02-10,2396.64306640625,2401.2003509530705,2342.395444399118,2361.997079917102,450108
2023-02-13,2313.875,2397.7700968517242,2301.133936742664,2397.7700968517242,720900
2023-02-14,2328.45361328125,2368.2450278609754,2317.4032873114797,2320.343532548077,651696
2023-02-15,2367.363037109375,2376.159127160967,2309.0969862325487,2332.0310425197804,471376
2023-02-16,2420.679443359375,2442.4862625768437,2379.344447166887,2388.9492962957543,953328
2023-02-17,2406.2724609375,2420.802126248596,2376.6984437865767,2404.165141430973,449196
2023-02-20,2480.611328125,2496.758270749,2399.1420322443287,2410.9767108576334,1397586
2023-02-21,2434.52294921875,2516.359771384517,2430.0391232849797,2491.8577288199162,813338
2023-02-22,2469.560791015625,2486.4671998438894,2397.2797677643493,2404.1403394627755,772092
2023-02-23,2435.993408203125,2486.394164574815,2426.192589823712,2479.1170090725423,644010
2023-02-24,2398.75,2449.224208375894,2393.1389364645843,2440.599441419218,614950
2023-02-27,2362.732421875,2388.7780503074523,2322.0834296805156,2388.7780503074523,719874
2023-02-28,2348.81494140625,2388.94924079607,2325.145823823086,2384.612331241841,472828
2023-03-01,2405.16943359375,2418.351483999515,2333.353806748453,2352.1959722791635,548740
2023-03-02,2381.770263671875,2409.825104342914,2372.7779655750346,2396.275521725906,344678
2023-03-03,2384.612060546875,2425.1629379284395,2372.532602330453,2401.199989965758,378146
2023-03-06,2390.41943359375,2425.7023772630305,2380.9126882939713,2401.175926715148,413696
2023-03-08,2397.108642578125,2404.116371371301,2344.870232125031,2376.698485910351,506098
2023-03-09,2360.8212890625,2410.2173202846357,2356.116848165677,2408.4531250386017,243882
2023-03-10,2327.400146484375,2341.3172598532383,2296.356008362379,2332.594627754678,792904
2023-03-13,2264.993408203125,2351.3143027147767,2255.1681840337765,2336.7599925173977,573556
2023-03-14,2221.404296875,2266.439004591767,2181.122841990392,2266.439004591767,1561904
2023-03-15,2217.3369140625,2251.4438077190284,2202.978811756822,2241.9126560151644,598414
2023-03-16,2195.72607421875,2246.3471969734783,2186.562214855074,2214.984583403168,534932
2023-03-17,2279.6455078125,2283.5902407361496,2220.3259224773733,2226.3535681815865,1089322
2023-03-20,2233.582275390625,2281.753205746591,2205.3312228008504,2263.989221057557,469668
2023-03-21,2193.692138671875,2245.2445286848547,2180.9510773425127,2239.5109553755437,554638
2023-03-22,2201.532958984375,2238.6781995551655,2197.3676116949932,2222.3352890995097,516572
2023-03-23,2169.263916015625,2189.3065388290715,2140.032788030931,2188.0567911009025,932774
2023-03-24,2119.3291015625,2229.686424249677,2115.0168367168367,2180.6823270134205,919892
2023-03-27,2140.0576171875,2176.982246080623,2107.2248775787803,2129.9383206711145,650670
2023-03-28,2168.455078125,2179.8731730256186,2134.8384686240106,2145.8887936245424,378044
2023-03-29,2225.667236328125,2232.3808910794546,2149.8580672287612,2164.510239468324,788878
2023-03-31,2258.84326171875,2278.689915824317,2221.355137297124,2245.2936802898835,1182254
2023-04-03,2221.624755859375,2270.9475622986506,2186.562426290105,2268.8892948729685,654980
2023-04-05,2229.955078125,2241.912265128294,2190.5314391301677,2221.844998554647,493884
2023-04-06,2228.36279296875,2245.8573480570435,2209.49621913061,2217.925017959018,465962
2023-04-10,2239.3642578125,2246.10231975132,2200.7735394356228,2228.7058689274577,265046
2023-04-11,2211.309326171875,2238.9966340785145,2200.920364485183,2238.9966340785145,367938
2023-04-12,2226.549560546875,2236.5463456121156,2205.183732527283,2212.3627828231834,370780
2023-04-13,2152.136962890625,2224.7855209252434,2132.1677976972983,2213.269560629705,1244308
2023-04-17,2060.4013671875,2070.4227992880665,1941.566568760745,2058.171776807072,2647796
2023-04-18,2134.421875,2147.358904983695,2048.3706578803844,2080.1989053209886,1312442
2023-04-19,2115.702392578125,2151.2794073988625,2098.845034598936,2141.4541837208244,735200
2023-04-20,2102.2998046875,2143.4632390608717,2092.4745806463948,2126.72839068011,401662
2023-04-21,2107.83740234375,2130.9427821479107,2070.4227330286126,2107.1757992953926,486708
2023-04-24,2176.908447265625,2189.968227790405,2124.351564291883,2126.777362294086,1438434
2023-04-25,2191.560791015625,2204.2037492687573,2138.7098373444583,2153.729541582078,1529942
2023-04-26,2191.560791015625,2227.480689706789,2132.3146606679857,2160.1244789807915,1167572
2023-04-27,2245.955322265625,2269.8201681240885,2178.2315809990505,2190.3844983832846,907450
2023-04-28,2321.4462890625,2337.397024890566,2249.312171767133,2253.208092692886,1169504
2023-05-02,2328.13525390625,2363.1978237165904,2318.1140611111714,2331.124551238905,546108
2023-05-03,2292.38671875,2327.3999943554436,2288.980839088635,2312.9928410401108,559118
2023-05-04,2288.12353515625,2312.013029687249,2263.989020168523,2296.160158281377,497210
2023-05-05,2273.6669921875,2311.326678676514,2267.786502095092,2288.0006867877446,421276
2023-05-08,2290.57373046875,2301.207713958904,2271.829665604776,2289.9611793294043,380326
2023-05-09,2300.791259765625,2335.5351144732526,2294.0285512430623,2303.1924125103415,548846
2023-05-10,2289.373046875,2315.9333601314233,2282.3655575141993,2315.9333601314233,282798
2023-05-11,2287.119140625,2315.7865352357862,2278.1512479749463,2311.5230834030626,460416
2023-05-12,2279.621337890625,2312.160007551252,2267.296856446002,2292.9014948529407,419216
2023-05-15,2298.953369140625,2303.9028299679217,2262.518781240616,2283.5905394371393,311284
2023-05-16,2312.0126953125,2359.056616200588,2290.940939081377,2310.5425727847473,660646
2023-05-17,2354.32763671875,2358.7870559895064,2295.351176795037,2315.81038081536,713662
2023-05-18,2326.83642578125,2378.7563486521526,2320.4903011723713,2375.2035525510805,360724
2023-05-19,2395.417724609375,2399.2399474419926,2335.240566021098,2344.8454143198396,1017838
2023-05-22,2470.344970703125,2477.769041706779,2396.2997505950357,2401.20015908296,867542
2023-05-23,2425.72705078125,2497.248621433141,2420.802235062739,2469.8063288899198,678044
2023-05-24,2433.88623046875,2479.5825443323115,2398.9217644452033,2418.3518382485227,805160
2023-05-25,2463.1904296875,2471.276104031446,2433.616415367878,2445.303937956953,440560
2023-05-26,2493.793701171875,2528.6110109506944,2465.5917041788093,2482.5471669527556,1172258
2023-05-29,2469.438720703125,2515.6985359689384,2465.518393319958,2515.6985359689384,493606
2023-05-30,2485.658935546875,2499.9435795158593,2463.018950906306,2471.692770298183,431988
2023-05-31,2518.0263671875,2528.121258603292,2474.706795104986,2483.748146334859,660568
2023-06-01,2535.226318359375,2548.702441632765,2496.390581289697,2527.630685241646,566908
2023-06-02,2561.19873046875,2586.9014710498677,2535.9616244476765,2548.2126467880034,766460
2023-06-05,2552.84326171875,2585.4553827863538,2544.04693323263,2581.535056201386,212734
2023-06-06,2440.91796875,2498.228343948108,2403.6504564663537,2498.228343948108,1519336
2023-06-07,2459.29443359375,2469.3158647751166,2435.5030458289993,2450.204271457746,458248
2023-06-08,2414.0146484375,2469.805846211946,2408.55074089915,2469.805846211946,432000
2023-06-09,2394.707275390625,2423.742197591862,2361.9970465816364,2420.7775459727186,748724
2023-06-12,2442.217041015625,2451.1846941856743,2371.3080238233665,2411.0257448782922,552992
2023-06-13,2469.904296875,2491.858033990388,2442.8539428598,2456.060641130609,720190
2023-06-14,2432.685302734375,2444.0052942859866,2382.5786255516,2414.921321826056,1034786
2023-06-15,2442.486083984375,2455.104635754972,2404.1403878271244,2425.7021850273677,744116
2023-06-16,2429.990234375,2452.6546252678345,2416.391599839299,2452.6546252678345,500384
2023-06-19,2422.321044921875,2440.403504964553,2406.5662789853377,2420.8262767186407,425506
2023-06-20,2435.037353515625,2437.9531922405627,2404.0178638862594,2425.702171174027,392924
2023-06-21,2419.528076171875,2450.2046867049817,2414.92173921643,2450.1556347556875,391978
2023-06-22,2386.4501953125,2419.3075821088946,2379.6630808091923,2409.53117017954,426290
2023-06-23,2354.572998046875,2381.0842578248316,2343.057037230305,2381.0842578248316,329208
2023-06-26,2404.214111328125,2414.7990426133297,2337.9851316134536,2349.623602977071,445436
2023-06-27,2397.231201171875,2416.8328385645236,2379.2712487664207,2379.2712487664207,361428
2023-06-28,2389.39013671875,2415.0928750560192,2381.5985350460646,2405.8311508308366,454488
2023-06-30,2455.619384765625,2469.14456161833,2390.4439443083543,2395.319947031122,960168
2023-07-03,2382.45654296875,2477.1569547399663,2376.698561916684,2477.1569547399663,978832
2023-07-04,2385.225341796875,2395.3202335170968,2362.977529873044,2388.900649029154,449940
2023-07-05,2379.785400390625,2386.0824734762737,2361.041336962523,2369.3966774298165,824362
2023-07-06,2395.956787109375,2400.2202384911407,2353.6663547311045,2381.5005810996795,463940
2023-07-07,2366.6767578125,2410.9766433177087,2355.7489422619824,2396.2998237372913,424250
2023-07-10,2326.81201171875,2381.5984819083383,2315.467374852889,2366.676642622317,455418
2023-07-11,2322.7255859375,2345.0279136059416,2304.0666328650473,2323.759510069022,487798
2023-07-12,2311.377685546875,2333.6059728427913,2287.5493519615625,2323.7595341388137,800280
2023-07-13,2343.501708984375,2401.0540955523743,2309.014412936136,2313.396270504759,1227046
2023-07-14,2424.193359375,2431.578188861317,2350.3450645118296,2372.400992420996,1424638
2023-07-17,2443.024658203125,2505.426466944572,2417.793157627195,2435.9845502966205,1122438
2023-07-18,2453.437255859375,2477.413431941716,2422.7164130267256,2461.3882075921492,577714
2023-07-19,2529.89501953125,2534.9658396979567,2424.7595179322457,2465.0315995700525,2084866
2023-07-20,2483.148681640625,2539.2241001970324,2466.237375626381,2535.359325050392,642390
2023-07-21,2338.332275390625,2436.993541602649,2321.7902105450694,2407.4542259468594,2555932
2023-07-24,2350.295654296875,2372.3518213782136,2314.4547133281103,2348.351126874602,583440
2023-07-25,2305.51904296875,2367.32996417773,2293.777117039623,2367.32996417773,1002122
2023-07-26,2296.263427734375,2322.5043325067895,2285.7277858408015,2305.519224841826,870564
2023-07-27,2323.931884765625,2335.5752504040174,2287.992383652747,2300.644913097271,930732
2023-07-28,2312.33740234375,2344.904688321998,2305.297295334693,2335.0334899981267,509642
2023-07-31,2335.599853515625,2342.4678408829154,2309.5315504671016,2331.144436019463,512634
2023-08-01,2367.846923828125,2380.622774508277,2320.7070974070375,2335.599836302473,798762
2023-08-02,2322.28271484375,2363.3177988097555,2299.365223471027,2363.145438043248,733756
2023-08-03,2309.5810546875,2322.0612250316967,2281.5925010045416,2317.851968102679,458764
2023-08-04,2356.1298828125,2368.068690660424,2318.9840937846943,2326.221322946051,651810
2023-08-07,2403.565185546875,2414.7162303105024,2349.3604874951257,2363.1455029288772,724704
2023-08-08,2391.183349609375,2436.9692939923943,2384.315361795285,2397.608055325839,605606
2023-08-09,2387.5888671875,2406.543260440154,2361.2989256634282,2401.0539193037353,484584
2023-08-10,2385.0537109375,2400.0695305646223,2373.484144995291,2383.3305840950434,366530
2023-08-11,2408.709716796875,2435.5167437595946,2389.3860798062615,2391.700089182153,795606
2023-08-14,2431.135009765625,2436.9935927486663,2383.3305015144024,2408.709601258015,525202
2023-08-16,2447.972412109375,2461.60982670596,2400.8573442611737,2435.959804233367,779268
2023-08-17,2419.36865234375,2460.132814144119,2411.392940499879,2448.3170872000605,371492
2023-08-18,2388.598388671875,2424.6609698138955,2342.467727969073,2416.8083389239555,486846
2023-08-21,2466.87744140625,2477.7823234170046,2389.705983552481,2404.500160496375,847190
2023-08-22,2476.231689453125,2493.6843575096464,2464.2436024665726,2481.154908717289,681382
2023-08-23,2464.120849609375,2499.0264307549573,2455.6035349149874,2479.825873071852,377966
2023-08-24,2520.663818359375,2534.891874378104,2467.0990469355606,2473.9177538977524,872132
2023-08-25,2529.500732421875,2547.7659236436034,2473.4498340234036,2510.8417798226815,840552
2023-08-28,2485.01953125,2555.1508883003453,2478.6441063127886,2535.433490607952,597960
2023-08-29,2513.968505859375,2520.097770556307,2481.9428153577733,2498.5341630007442,465966
2023-08-30,2553.13232421875,2560.0741117153702,2520.78691669606,2530.5347950417313,547502
2023-08-31,2644.11328125,2654.1073194999562,2551.2858442879856,2559.3598752376483,1386890
2023-09-01,2729.088134765625,2743.6609123796493,2609.3063020020472,2609.3063020020472,1296136
2023-09-04,2846.876220703125,2855.467334962359,2733.0022488292752,2741.2486415638646,1429702
2023-09-05,2917.352294921875,2924.1217217799713,2815.2200095498174,2855.467329233409,1346990
2023-09-06,2932.9833984375,2939.580464267077,2885.5974123453743,2917.0074555412416,1024724
2023-09-07,2924.293701171875,2948.565316535186,2911.7394919675457,2924.293701171875,576030
2023-09-08,2939.6787109375,2952.922362928836,2880.5755604638593,2892.7850479509707,685480
2023-09-11,2922.4970703125,2971.1631460607614,2912.0845085251703,2941.1315053135027,846946
2023-09-12,2875.11083984375,2948.1713674204357,2868.4892540075357,2948.1713674204357,604718
2023-09-13,2845.37451171875,2868.5136417560857,2813.151946180347,2848.9683655466483,710548
2023-09-14,2923.9736328125,2930.595458679264,2842.66671720087,2862.851915573789,725040
2023-09-15,2937.0205078125,2947.0393079651726,2901.770206735468,2947.0393079651726,390224
2023-09-18,2874.618896484375,2946.5471892321725,2865.6094999822108,2943.5932572128922,592042
2023-09-20,2848.894775390625,2874.544797167494,2828.1434531926643,2874.175555703503,893452
2023-09-21,2833.33740234375,2879.5173464691147,2812.044477554193,2843.1100413370423,629260
2023-09-22,2879.76318359375,2884.8832833283345,2809.213310359977,2843.159001872287,517542
2023-09-25,2913.2412109375,2933.0571685545215,2839.712882856649,2899.77615811818,1046814
2023-09-26,2884.5390625,2926.7066333027838,2874.5450222487348,2911.444651596132,370188
2023-09-27,2874.5693359375,2913.536811005825,2869.2768749189668,2904.6995357531305,361614
2023-09-28,2824.4267578125,2889.683941918454,2792.302747724728,2879.4682605495454,653728
2023-09-29,2853.8427734375,2879.2218740676312,2760.7691635859173,2821.004802873941,1101802
2023-10-03,2820.044677734375,2859.8982361419435,2813.7923331418133,2843.0854894596728,520756
2023-10-04,2802.6162109375,2815.047338890237,2771.772292036049,2805.791783343434,837118
2023-10-05,2825.608154296875,2845.6209943535873,2803.798146731496,2820.5125738151733,470156
2023-10-06,2829.89111328125,2854.9750130096772,2801.311919990527,2845.620895877899,370812
2023-10-09,2754.959716796875,2851.0362932439557,2745.5808398065733,2823.4417452568555,897488
2023-10-10,2834.371337890625,2854.9505401548954,2757.002989574021,2765.8647848976516,895372
2023-10-11,2836.241943359375,2897.31437884172,2828.5861935864677,2857.9041069395003,874030
2023-10-12,2841.411376953125,2877.621557191963,2812.41342420898,2847.5899207524917,630930
2023-10-13,2838.457763671875,2857.9290011926173,2798.874885450617,2816.08163425009,845324
2023-10-16,2836.217529296875,2858.9381396566264,2813.718559975601,2848.0087363872394,855982
2023-10-17,2811.970458984375,2862.802697453858,2806.8748790110585,2857.928758502167,689948
2023-10-18,2813.989013671875,2850.5439162244948,2769.680040880821,2813.4721718126043,984640
2023-10-19,2879.56640625,2928.7985985254236,2808.6965693129027,2830.851055836843,1564564
2023-10-20,2908.29345703125,2926.854091328013,2858.7905794480976,2879.5666625944777,819666
2023-10-23,2858.54443359375,2924.293936422079,2843.553133475362,2907.6780699620076,941706
2023-10-25,2903.985595703125,2921.9308272690173,2866.2491656162906,2872.3293898895135,1063818
2023-10-26,2888.2314453125,2902.2381019441696,2796.388875155705,2875.160392765725,918290
2023-10-27,2995.16357421875,3025.5644537269495,2889.9297605365214,2904.6994185971853,1896610
2023-10-30,2987.3603515625,3021.8721687890916,2974.2400195009936,3021.5522075957047,818996
2023-10-31,3032.8017578125,3052.396075170675,2987.5081386325483,3003.1638804098575,905422
2023-11-01,3057.8115234375,3080.9506542701456,3018.228888134011,3040.0879338635586,788926
2023-11-02,3064.925537109375,3091.781601198834,3039.6447589002414,3081.9351629784555,529524
2023-11-03,3094.809326171875,3110.4898270821855,3067.6333009774116,3077.0119372053905,985378
2023-11-06,3075.04296875,3124.521325836035,3062.242597762568,3104.0899644522497,708854
2023-11-07,3065.27001953125,3081.9106443657856,3016.7517913360794,3075.042657547493,550174
2023-11-08,3095.917236328125,3101.5296583602094,3062.4886247137993,3095.695835690289,356746
2023-11-09,3111.3271484375,3115.9056464524606,3080.5077460428743,3108.9886191563105,368020
2023-11-10,3075.116943359375,3106.551750433763,3067.879954356397,3101.1362085550354,341756
2023-11-13,3070.1689453125,3095.4497253984764,3024.2844436424516,3075.0428845151164,756078
2023-11-15,3083.806396484375,3149.3099817369084,3071.670707463234,3120.6322257108,1563804
2023-11-16,3149.014404296875,3156.2761533628714,3083.0677801815823,3096.680674981279,847346
2023-11-17,3144.386474609375,3190.4185766441265,3132.6445480975963,3169.568694114777,670996
2023-11-20,3190.492431640625,3200.0681898287994,3145.2233316896322,3155.2914118331555,958802
2023-11-21,3183.15673828125,3237.5090316095198,3167.1315151261615,3200.0925646991905,943398
2023-11-22,3246.37060546875,3256.709365358778,3163.1927243873574,3177.421019596876,807906
2023-11-23,3140.447998046875,3261.4606402525283,3134.1216127514904,3256.611220844397,1118954
2023-11-24,3146.10986328125,3187.243269211384,3114.7736168314655,3155.783942264631,1029614
2023-11-28,3111.031494140625,3170.5531662169124,3089.8123713008295,3163.1683374136123,1140176
2023-11-29,3171.882568359375,3187.784470410356,3134.1213804837566,3138.5277578774753,875338
2023-11-30,3150.836181640625,3205.0161198916803,3116.5457630984015,3193.6927142453656,14528104
2023-12-01,3167.2548828125,3191.8957420300303,3145.9374373358587,3173.0151461079204,415694
2023-12-04,3171.267333984375,3212.4007369188657,3149.23592663156,3200.585010070429,792814
2023-12-05,3140.989501953125,3199.600333587476,3087.2523691242354,3185.3229971243222,705628
2023-12-06,3119.25341796875,3192.7079514983297,3112.4839909320344,3158.1961335819196,447780
2023-12-07,3105.985107421875,3137.862950862834,3096.3600699163508,3136.0905439213966,420510
2023-12-08,3182.615234375,3217.8162536739114,3108.693141925601,3126.244371301918,1022492
2023-12-11,3213.40966796875,3219.7853329421328,3181.3842234666763,3200.0924562880523,636456
2023-12-12,3213.607177734375,3281.3014494203994,3200.092843339329,3224.708942134247,884092
2023-12-13,3210.77587890625,3234.3332898566587,3163.783656699142,3226.6777803549776,333944
2023-12-14,3376.98388671875,3395.6183207769523,3240.3155044476966,3247.3556122411937,1515086
2023-12-15,3556.952392578125,3643.3056170556765,3380.1840470251323,3396.5292323998665,2922862
2023-12-18,3518.403076171875,3567.5862276634134,3483.522260899718,3556.952026249255,797768
2023-12-19,3477.90966796875,3539.794629908335,3429.145277603481,3539.794629908335,793000
2023-12-20,3444.579833984375,3581.2484565942523,3425.083836513228,3507.79392484645,771526
2023-12-21,3526.30517578125,3532.4099197593837,3406.350983169756,3416.714263850888,567800
2023-12-22,3658.616455078125,3687.9588888410276,3522.5632478733564,3544.7422536477884,1261042
2023-12-26,3622.775634765625,3670.2601835994083,3606.258329291169,3667.7985738183224,612722
2023-12-27,3641.114501953125,3685.029715088497,3619.5754171120934,3630.874301773903,613622
2023-12-28,3701.793212890625,3721.9538926323467,3628.905045316538,3653.028820546562,671220
2023-12-29,3637.9638671875,3701.793361645007,3625.286576633721,3701.793361645007,529612
2024-01-01,3602.7626953125,3655.4904234379806,3594.5163027747776,3655.4904234379806,280792
2024-01-02,3608.251953125,3625.434180834374,3566.724790548207,3621.0278033942145,390288
2024-01-03,3587.820556640625,3606.2581089309665,3525.19735187133,3593.9500607776185,508764
2024-01-04,3576.817626953125,3650.5428410197405,3553.6537343252917,3599.8581986984454,600388
2024-01-05,3618.935546875,3642.197758838384,3574.2573302469136,3579.1805497100636,523110
2024-01-08,3587.22998046875,3635.9943719915877,3549.6904329113627,3625.951052592253,365716
2024-01-09,3590.01171875,3650.1735581912253,3581.642245461636,3645.619580078439,312508
2024-01-10,3633.97607421875,3644.8319179316777,3563.1309905564503,3598.87361378674,362856
2024-01-11,3638.727294921875,3692.4149115796044,3628.905375100435,3648.105932640649,504980
2024-01-12,3768.7490234375,3812.984198444514,3682.568162789805,3697.8056232028985,1002852
2024-01-15,3774.533935546875,3879.497074375704,3761.241242525537,3820.4184387253126,663050
2024-01-16,3751.19775390625,3790.8296702067146,3709.64583011178,3790.8296702067146,288604
2024-01-17,3796.983642578125,3813.0333857338987,3704.722560057791,3709.6457794067046,635166
2024-01-18,3821.96923828125,3888.162023043804,3719.6155491995028,3834.695809233967,897510
2024-01-19,3872.481201171875,3894.2664464634054,3812.1962849938272,3884.420007913561,720220
2024-01-23,4063.82275390625,4289.9461437134205,3997.679007262515,4056.240803082542,2826878
2024-01-24,4172.82275390625,4189.635742690621,4059.7858138692604,4134.520198073122,871628
2024-01-25,4125.04248046875,4204.921715731296,4075.120843128544,4184.736516065567,524406
2024-01-29,4252.4794921875,4261.046085643458,4116.278925707249,4160.120095168946,1032952
2024-01-30,4137.9599609375,4363.367884487865,4119.503552551878,4295.668971670782,766314
2024-01-31,4127.7314453125,4174.601631635519,4080.7869430628107,4117.4526840263325,729942
2024-02-01,4099.3671875,4163.236422829461,4053.583747637759,4163.236422829461,258130
2024-02-02,4201.58203125,4208.055720357171,4128.69451706833,4140.356808879959,421372
2024-02-05,4226.78369140625,4245.289803688307,4166.151550501226,4212.651119388926,596750
2024-02-06,4270.46728515625,4308.764116283259,4218.087103227696,4249.663651211122,445232
2024-02-07,4274.865234375,4295.223936933712,4252.208046458196,4276.297987477702,201752
2024-02-08,4264.462890625,4299.127890726297,4227.475759214191,4299.127890726297,225740
2024-02-09,4268.86083984375,4298.880610762055,4234.962163983294,4288.750482304026,318690
2024-02-12,4301.47509765625,4330.852567967002,4254.678747171755,4295.17465163596,1151842
2024-02-13,4297.892578125,4303.427184196532,4208.154651902153,4286.774143746407,311506
2024-02-14,4258.13818359375,4281.437675095175,4210.1807633145545,4258.6323362655,370702
2024-02-15,4311.60498046875,4336.114756441995,4279.287207345533,4279.287207345533,368308
2024-02-16,4382.9111328125,4397.958176120261,4292.777987374779,4338.659863633246,394096
2024-02-19,4317.06591796875,4397.958807378204,4305.4287189870165,4397.958807378204,599118
2024-02-20,4299.57275390625,4348.048933232709,4274.420192347191,4317.0654672318005,286222
2024-02-21,4210.13134765625,4317.3624724997635,4195.3559904213225,4311.481862947708,292902
2024-02-22,4230.02099609375,4262.313678713615,4202.76828444256,4237.334358792935,384166
2024-02-23,4275.556640625,4320.870532638145,4259.5956074269,4276.890949220397,307192
2024-02-26,4163.43408203125,4274.420578236614,4101.491755554341,4274.420578236614,1476842
2024-02-27,4209.58740234375,4215.122008411772,4155.329539124806,4192.885139668685,355210
2024-02-28,4155.00830078125,4220.0636911087495,4130.918358750623,4220.039079990089,221342
2024-02-29,4264.71044921875,4289.245323156674,4105.37130135251,4153.35333423178,602434
2024-03-01,4249.21875,4312.519513114772,4235.308159505341,4264.7353366497355,369366
2024-03-04,4186.041015625,4248.724080282595,4168.177205999499,4237.358570414428,639426
2024-03-05,4075.944091796875,4183.49661633305,4069.396568743909,4180.531700233593,411892
2024-03-06,4133.6611328125,4144.0383382105465,3965.62438348857,4074.782652966163,650350
2024-03-07,4137.09521484375,4160.740708727724,4103.937765002572,4136.0576873054215,323434
2024-03-11,4069.124755859375,4170.62390689731,4049.4083539482976,4170.62390689731,656282
2024-03-12,4057.388427734375,4121.233045773009,3995.2241217116034,4070.730549105582,457462
2024-03-13,4016.151611328125,4108.87930837673,3978.4724715489638,4076.2652332891935,504070
2024-03-14,4105.71630859375,4127.039187398904,3916.727781862562,3953.2210014896555,449832
2024-03-15,4166.91748046875,4177.986209942085,4042.16855134016,4092.6710471143665,770846
2024-03-18,4041.84765625,4161.95160647315,4005.1073572817504,4153.847309723676,980584
2024-03-19,3943.06640625,4022.4025166207584,3926.042751173455,4022.4025166207584,562856
2024-03-20,3954.431884765625,3978.917051528041,3909.241529388765,3944.795908299555,352936
2024-03-21,4054.447998046875,4076.116880333801,3980.3748086297687,3980.3748086297687,546380
2024-03-22,3939.08837890625,3995.224168102923,3885.0281273500536,3943.3135288274757,1033580
2024-03-26,3990.183837890625,4016.8929341721155,3931.132594496191,3950.7505517866093,601872
2024-03-27,4002.463623046875,4016.4728994905563,3963.104411160711,4002.636624738374,445316
2024-03-28,3937.95166015625,4048.74053188468,3901.285439537348,4021.4139887359115,747068
2024-04-01,3949.910400390625,4028.727750453342,3886.0165573241943,4022.303765808732,841783
2024-04-02,3923.819091796875,3942.3498160513154,3904.8931419391956,3942.3498160513154,296000
2024-04-03,3926.43798828125,3948.1314824149304,3885.2751694862864,3923.7696122565985,610324
2024-04-04,3982.3759765625,4037.2763810667807,3930.885176889387,3980.8935186980398,856395
2024-04-05,3950.009033203125,3998.683067076961,3923.571867596524,3997.6947618206395,324838
2024-04-08,3858.146484375,3963.8951571206876,3688.009573125483,3959.1017796455903,764262
2024-04-09,3910.57568359375,3941.3612952912827,3845.5946140939004,3884.0395913978787,282366
2024-04-10,3912.45361328125,3932.8127990113776,3893.9228888735397,3913.6395313862486,138002
2024-04-12,3931.42919921875,3992.7535941382926,3913.689166531594,3920.7554532347485,328754
2024-04-15,3906.52392578125,3946.402142693969,3859.3323458796485,3923.5721928661214,294122
2024-04-16,3813.12890625,3930.539623609019,3804.9753875623664,3893.9228641547334,324666
2024-04-18,3798.946533203125,3913.4417953180687,3776.858055176158,3883.051408246655,417993
2024-04-19,3839.26953125,3864.2242399488837,3745.6770680700924,3788.223659277165,364067
2024-04-22,3467.468994140625,3836.6010076254543,3277.220232170532,3836.6010076254543,3702690
2024-04-23,3487.77880859375,3517.477430616621,3430.1605623151977,3508.4837560236124,1623128
2024-04-24,3425.861328125,3514.858266899276,3419.5362708434077,3508.48374609656,1165495
2024-04-25,3390.233154296875,3438.017570384919,3375.5567241992117,3422.600152603865,615599
2024-04-26,3357.717529296875,3477.8460773263496,3351.3430088700347,3390.2329158823104,761753
2024-04-29,3334.344482421875,3396.8053293687676,3317.7409050599226,3362.313570778224,769877
2024-04-30,3329.205322265625,3372.0482121485966,3301.927999535578,3301.927999535578,595315
2024-05-02,3367.84814453125,3388.800170015125,3325.64755369686,3360.238241476768,432230
2024-05-03,3327.475830078125,3405.057796926891,3321.6941474994087,3386.5270723611034,345291
2024-05-06,3355.98828125,3394.2356483570197,3331.5771884349083,3331.5771884349083,340457
2024-05-07,3322.58349609375,3375.0626041096148,3282.1619057827324,3375.0626041096148,283529
2024-05-08,3348.180908203125,3355.6426618420605,3279.1971466145937,3325.746425047277,275816
2024-05-09,3318.284423828125,3383.067882851605,3305.88114437167,3330.68770328458,260033
2024-05-10,3328.117919921875,3363.1038291583172,3215.9452743654883,3291.0564731521436,574026
2024-05-13,3357.174072265625,3369.1326625365414,3233.141760987146,3312.7992621949215,490848
2024-05-14,3383.95751953125,3389.788424584005,3321.6942824604357,3360.2381911233206,328633
2024-05-15,3440.7353515625,3449.1854099212633,3373.0859037424843,3380.992345942877,694250
2024-05-16,3487.185546875,3509.768417935731,3441.3282806338284,3478.8344159234116,521947
2024-05-17,3498.748779296875,3518.1196589603333,3471.718775132817,3498.650093541882,330396
2024-05-21,3472.8056640625,3486.04909896489,3424.97178726728,3485.752559137699,522945
2024-05-22,3458.376708984375,3492.670853887981,3448.6912689988994,3468.951527206229,351341
2024-05-23,3526.668701171875,3545.0512771269837,3459.0687120001235,3469.050692511804,358239
2024-05-24,3513.623046875,3546.681811773892,3485.802348461208,3533.1915405876584,184591
2024-05-27,3693.00048828125,3740.142604391879,3518.3669842579047,3543.0746175743225,1556306
2024-05-28,3647.489013671875,3752.5459197759037,3629.7984445655597,3706.1450322294872,425532
2024-05-29,3607.166015625,3656.729427431269,3580.382846818008,3641.9048486714123,254189
2024-05-30,3475.919189453125,3597.431277335708,3460.1557682394764,3597.431277335708,394086
2024-05-31,3370.615234375,3503.492834046865,3360.238028698138,3489.7060233332722,898926
2024-06-03,3385.78564453125,3469.4455876100556,3335.5302259461437,3469.4455876100556,855315
2024-06-04,3312.6513671875,3414.594967011135,3194.25233859815,3389.8873333858737,1165302
2024-06-05,3525.235595703125,3567.782187778465,3320.7058589849426,3321.6447007772626,678737
2024-06-06,3651.145751953125,3671.3565469170912,3569.758714644102,3582.606683439886,314456
2024-06-07,3805.222412109375,3828.1510463952163,3688.3553125101453,3696.26175476633,1005726
2024-06-10,3701.697509765625,3842.531015343412,3634.986901860357,3809.9169403675032,1482160
2024-06-11,3690.183837890625,3746.8630020278238,3681.9313921282082,3743.700473327514,586636
2024-06-12,3726.405029296875,3765.443087553665,3697.2005602426134,3697.2005602426134,509955
2024-06-13,3746.36865234375,3789.458857636312,3735.4972946244343,3764.4546866247942,493209
2024-06-14,3728.67822265625,3761.292297018838,3691.3696981960165,3761.292297018838,555850
2024-06-18,3802.5537109375,3846.2367524103615,3728.875510206024,3728.875510206024,479189
2024-06-19,3797.612548828125,3850.8326440422034,3720.969425160357,3824.74148084212,381743
2024-06-20,3852.760009765625,3867.1891221758356,3782.787947231157,3797.612526527211,313508
2024-06-21,3898.32080078125,4054.3246479532536,3880.7289181460083,3903.805943465239,1287631
2024-06-24,3921.6943359375,3984.056255254221,3847.4230482785215,3893.8733971237866,650360
2024-06-25,3927.72265625,3962.0167999929067,3905.485788238473,3953.122052788296,152461
2024-06-26,3904.695556640625,3953.1225193591413,3893.9231247133544,3938.3968659854613,268164
2024-06-27,3984.451904296875,4009.554763412625,3857.207591802575,3904.695470349731,644155
2024-06-28,4191.84765625,4234.888158508212,3977.9287836629064,3992.8028265023922,1252644
2024-07-01,4443.56884765625,4495.751657855873,4177.76442260197,4195.3560641890335,1748520
2024-07-02,4449.10302734375,4500.741975125993,4371.273991212619,4443.420272324652,704120
2024-07-03,4539.68115234375,4568.045705506705,4429.682973142854,4491.798053436094,627211
2024-07-04,4695.33984375,4704.333519050616,4546.204661267402,4570.912295296029,911163
2024-07-05,4715.45166015625,4789.031182731107,4662.824402958803,4714.068129251164,649373
2024-07-08,4532.66455078125,4728.991791025009,4512.84922190453,4723.901632508822,971949
2024-07-09,4593.52880859375,4634.385487663232,4544.054891033974,4544.054891033974,362291
2024-07-10,4515.08349609375,4633.2955765301185,4489.876455012602,4633.2955765301185,535137
2024-07-11,4574.06640625,4592.736767788449,4477.396927785741,4551.087425337221,378000
2024-07-12,4762.650390625,4881.9520792505455,4585.060230526444,4655.184950803266,1368072
2024-07-15,4748.7841796875,4828.516607774859,4722.784474876405,4828.516607774859,531936
2024-07-16,4774.486328125,4826.683533888389,4717.237171436425,4754.231129135088,365068
2024-07-18,4849.46484375,4870.066804781333,4694.3579366374815,4781.964754473157,555572
2024-07-19,4539.74658203125,4754.083091681041,4491.758363724959,4754.083091681041,1923719
2024-07-22,4713.623046875,4758.293116160315,4449.16888559834,4539.747105448355,1177493
2024-07-23,4764.28466796875,4800.783396457707,4512.359822556016,4706.689230445022,875195
2024-07-24,4772.55517578125,4791.324679303246,4714.612978461918,4745.3173907166065,275627
2024-07-25,4672.072265625,4769.088496082715,4650.232708018349,4694.803628542486,413931
2024-07-26,4727.439453125,4786.916674595054,4674.99414526974,4674.99414526974,189950
2024-07-29,4733.03564453125,4798.802416841932,4709.660576281401,4777.655894606097,438646
2024-07-30,4731.05517578125,4753.192165069447,4682.819337238305,4741.355914969184,165048
2024-07-31,4786.22314453125,4917.459738344246,4744.326674447156,4776.219836356029,731474
2024-08-01,4750.71533203125,4836.885774140842,4709.80884347524,4833.419147159422,253525
2024-08-02,4592.14208984375,4740.265923930513,4582.831816399349,4699.7560057692035,354246
2024-08-05,4493.34326171875,4544.253061982743,4367.0589841680085,4401.626113219553,486624
2024-08-06,4456.54736328125,4592.141907578929,4436.985682052619,4466.996574234222,276547
2024-08-07,4631.56201171875,4649.192575843781,4490.767533052689,4516.519618597323,380357
2024-08-08,4567.43017578125,4654.19500596507,4556.138971576787,4614.724879236204,293069
2024-08-09,4654.244140625,4696.685660555873,4590.805053880782,4605.662028165186,332736
2024-08-12,4631.31494140625,4701.44014971487,4556.13874877653,4615.566645499702,569506
2024-08-13,4667.615234375,4734.422286236613,4625.966378215085,4645.2804440271375,303146
2024-08-14,4718.67431640625,4742.346332745611,4636.713339164249,4699.756338529224,286749
2024-08-16,4810.83642578125,4891.707787022799,4779.042406205839,4803.754698569271,490714
2024-08-19,4828.021484375,4875.068570334137,4772.951535453527,4858.230665885604,477064
2024-08-20,4888.0927734375,4949.253981249327,4858.27968310697,4873.087326869484,390175
2024-08-21,4865.7578125,4902.107583019478,4843.373209734018,4887.944128841999,167202
2024-08-22,4912.45849609375,4950.046834092905,4875.613006801096,4897.849138199223,264975
2024-08-23,4835.9453125,4920.630069124424,4808.7075252816185,4912.706349206349,253145
2024-08-26,4945.78759765625,4996.598739900613,4882.992216385634,4912.706164964045,878677
2024-08-27,4862.73681640625,5020.122077860524,4853.2780699445975,4957.276885729125,394026
2024-08-28,4950.29443359375,5001.847940200485,4793.949446302194,4878.03982286879,648876
2024-08-29,5029.53173828125,5046.715918440972,4911.66640801315,4934.496431896406,374732
2024-08-30,5121.54541015625,5214.74825188339,5017.496784566903,5041.4662280601115,1385111
2024-09-02,5157.15234375,5219.749917616368,5126.695548689905,5164.779116776196,592833
2024-09-03,5240.20263671875,5271.897511161437,5137.640197402029,5157.152064305566,454305
2024-09-04,5199.693359375,5218.611336601843,5097.576326538367,5199.594216155134,425122
2024-09-05,5214.45068359375,5238.568599452254,5180.329459635679,5238.568599452254,219198
2024-09-06,5140.46337890625,5282.297659036548,5125.3089761215315,5244.511520725621,282134
2024-09-09,5119.4658203125,5205.834559258457,5082.62032993063,5149.4273856937725,414969
2024-09-10,5223.91064453125,5264.073806431885,5161.3130637031945,5197.910938539654,343692
2024-09-11,5239.6083984375,5319.737391888568,5214.351544703956,5256.347641341633,308030
2024-09-12,5256.10009765625,5317.756535562449,5216.778449027348,5298.987032902281,306026
2024-09-13,5308.79248046875,5336.476166620752,5244.511408093686,5306.910693969022,285311
2024-09-16,5250.45458984375,5332.762322187783,5235.250856454992,5318.796669960561,288431
2024-09-17,5304.880859375,5353.710587195571,5224.751859273743,5250.4546177741495,267752
2024-09-18,5130.31103515625,5305.672645386616,5066.227765184588,5269.273061736462,485667
2024-09-19,5233.17041015625,5311.318474399384,5104.0637027392995,5199.940507600702,653730
2024-09-20,5303.9892578125,5388.030307458603,5261.349934194342,5274.374451858301,682525
2024-09-23,5278.6826171875,5355.344502744112,5266.301806095495,5271.254130532297,352574
2024-09-24,5337.615234375,5367.775083398881,5229.852848960819,5274.225482101851,377128
2024-09-25,5272.34375,5341.032586811618,5259.368563222519,5337.615289492684,230951
2024-09-26,5374.70849609375,5395.755875399037,5252.138463668842,5308.8919094748035,461259
2024-09-27,5385.15771484375,5532.687656615793,5373.915841391886,5457.461653262657,510714
2024-09-30,5398.43017578125,5441.614545198491,5336.6745881764455,5368.320137418243,404261
2024-10-01,5435.423828125,5446.566558399959,5389.070263631349,5426.558973700521,148956
2024-10-03,5200.1884765625,5403.92730524508,5139.522499858637,5349.600207341103,440650
2024-10-04,5092.27685546875,5317.805900384277,5030.075854926718,5210.0928455012845,1121466
2024-10-07,5180.27978515625,5225.692696539474,5057.511953698439,5092.276884017303,491981
2024-10-08,5258.03173828125,5275.117258922818,5114.018229134809,5213.807574331213,362753
2024-10-09,5283.23876953125,5330.681940166623,5239.5591719586455,5277.890355948476,224194
2024-10-10,5191.12548828125,5346.133239283624,5162.302864053488,5317.706704275832,242697
2024-10-11,5417.39697265625,5437.850459259511,5152.745047789385,5160.322007370708,715281
2024-10-14,5563.14453125,5585.182375805708,5405.016419256659,5424.776387937688,446076
2024-10-15,5577.20849609375,5635.695736384606,5537.689044815234,5635.695736384606,412806
2024-10-16,5490.9892578125,5614.302145166123,5472.318896616597,5576.317717276279,262790
2024-10-17,5483.2138671875,5541.651298214245,5422.795506295441,5511.838207016187,250036
2024-10-18,5453.6484375,5488.166237414752,5351.581218792524,5477.271123065074,177195
2024-10-21,5197.61279296875,5506.984586757447,5155.369563682106,5455.480414363312,498478
2024-10-22,5109.01611328125,5267.292206905835,5087.027599599167,5201.921525135285,328921
2024-10-23,5664.22119140625,5743.409054233989,5145.069106714843,5159.628650684044,2690817
2024-10-24,5636.93408203125,5682.049565173859,5489.057380982152,5639.162628075899,568209
2024-10-25,5616.8271484375,5705.077665297658,5555.5174695580845,5693.390373252948,518325
2024-10-28,5612.46923828125,5683.238147353974,5571.414275586084,5601.078892169852,332890
2024-10-29,5616.43115234375,5645.649866565448,5536.748058583894,5643.668936787706,217939
2024-10-30,5564.28369140625,5676.552991733632,5547.495116826298,5616.926807486287,260384
2024-10-31,5321.27294921875,5571.365349344899,5249.5135700690025,5571.365349344899,867619
2024-11-01,5337.615234375,5536.6493453140665,5310.228977188327,5353.462672443287,44938
2024-11-04,5307.40576171875,5412.791122313232,5247.482639840616,5335.634009215061,509193
2024-11-05,5368.517578125,5390.109517619366,5251.444443663704,5251.444443663704,262919
2024-11-06,5663.1318359375,5691.013327610517,5391.249206620231,5417.843287305866,690288
2024-11-07,5682.69287109375,5743.953218116806,5601.52456770523,5700.125148986889,517587
2024-11-08,5614.6484375,5774.410228590418,5599.791464356114,5702.453052055282,376081
2024-11-11,5667.09375,5695.173528382423,5557.300612297307,5635.745630694954,277838
2024-11-12,5625.9892578125,5710.030303585153,5602.317242784653,5695.173329681636,250857
2024-11-13,5586.81689453125,5645.650417951118,5535.708804548912,5635.745768095063,283558
2024-11-14,5659.318359375,5728.750048132197,5606.031539254181,5615.93618861682,379197
2024-11-18,5592.26416015625,5700.125694735538,5528.775261166598,5674.175320016533,411485
2024-11-19,5655.8515625,5742.864001266701,5578.347683561397,5601.079046617209,361445
2024-11-21,5670.90673828125,5736.772653589206,5600.236971522739,5614.896142097365,443952
2024-11-22,5740.98193359375,5812.7906358038945,5697.352150045893,5724.886879650097,688598
2024-11-25,5861.2744140625,5890.294842587741,5750.094727484314,5818.9813687914875,960293
2024-11-26,5912.0361328125,5954.427840484735,5864.840089639136,5883.361978205901,334966
2024-11-27,5854.5390625,5984.389111647634,5844.634413192407,5912.035841905849,313105
2024-11-28,5765.1494140625,5882.17274508166,5746.726670227442,5875.437777222814,299071
2024-11-29,5849.3388671875,5877.369313684034,5755.442989285847,5787.0880522718835,333871
2024-12-02,5875.83349609375,5918.02739483051,5797.834390262302,5849.338561731956,278981
2024-12-03,5983.6953125,5990.480093683027,5800.162362876237,5883.361413163397,443857
2024-12-04,5954.03125,6021.977238598736,5906.637407995699,6021.977238598736,336960
2024-12-05,6043.5693359375,6089.37833856578,6017.5203019471655,6072.14434565342,618889
2024-12-06,6115.37841796875,6129.93844666114,6007.170118634728,6031.931743196289,328550
2024-12-09,6174.8056640625,6217.048894373107,6119.88419314154,6119.88419314154,530525
2024-12-10,6284.84716796875,6322.583981094737,6141.57650282013,6141.57650282013,601991
2024-12-11,6299.109375,6311.73780293054,6202.291427532529,6297.376061362475,221150
2024-12-12,6374.58251953125,6446.935784221718,6329.070465690087,6346.552073772425,642487
2024-12-13,6415.884765625,6430.791552319579,6284.499695354225,6358.833891523648,233247
2024-12-16,6446.54052734375,6458.277634194346,6376.81188880849,6431.03984698327,218943
2024-12-17,6486.9013671875,6512.30669505987,6422.273532685194,6452.878801264647,317724
2024-12-18,6485.8115234375,6534.096685391851,6451.937431754742,6477.640188337533,194969
2024-12-19,6610.5615234375,6635.9170398735005,6270.63375088395,6291.433515339575,785692
2024-12-20,6307.97412109375,6724.167189750869,6292.423628420181,6683.657271301649,553867
2024-12-23,6342.09521484375,6429.602885306312,6307.973989283235,6351.999863823657,256100
2024-12-24,6290.34326171875,6378.544448785694,6216.009066491535,6376.5137056219155,224656
2024-12-26,6334.8154296875,6351.6533335608765,6239.235563582746,6304.259973382355,153355
2024-12-27,6332.63671875,6361.5580047388785,6295.494283607681,6338.975597622531,143250
2024-12-30,6574.40869140625,6704.258245612334,6228.984076906922,6348.928982668582,2234552
2024-12-31,6396.12548828125,6460.951126926877,6213.978603135474,6428.117311651772,573708
2025-01-01,6375.42431640625,6440.052151552305,6283.509366537592,6396.0756064308825,189395
2025-01-02,6419.3515625,6450.897966646815,6338.975431681194,6373.6417035732,249756
2025-01-03,6344.869140625,6465.6067213186525,6251.517819076873,6437.031710782807,246196
2025-01-06,6250.97265625,6426.978468042905,6207.738958711389,6344.869021939568,314015
2025-01-07,6273.9013671875,6343.333050575783,6239.928615950825,6259.688583351503,367951
2025-01-08,6170.794921875,6272.862141471615,6034.0116156228505,6269.643130385713,454176
2025-01-09,6120.4296875,6235.967327230019,6084.129243795775,6164.010145314187,377541
2025-01-10,6259.3916015625,6348.8802047618865,6116.220089303113,6116.220089303113,705635
2025-01-13,5946.15673828125,6246.51521184884,5928.031424505413,6229.281219736083,540037
2025-01-14,5824.03271484375,6011.131436431721,5794.219624835322,5989.836441229335,839681
2025-01-15,6052.978515625,6160.097195985591,5858.401495929046,5883.361404428309,1295234
2025-01-16,6013.70703125,6155.739607034769,5993.402499963722,6096.5099970254705,284470
2025-01-17,5904.359375,6036.883381122293,5873.803437043147,6036.883381122293,281302
2025-01-20,6032.822265625,6093.735853975577,5784.3147311767525,5936.8463182660025,500440
2025-01-21,5840.474609375,6085.168771149648,5825.617635773006,6037.279696180802,281341
2025-01-22,5628.96044921875,5816.505073076583,5393.081332124648,5695.173123914918,1209268
2025-01-23,6227.74609375,6298.4651880298,5728.006758455503,5734.791539471671,2738505
2025-01-24,6300.00048828125,6439.012334136637,6170.645675229713,6227.746363785654,1433020
2025-01-27,6003.45556640625,6252.210737241964,5960.469485101721,6238.740317447683,571171
2025-01-28,5853.9443359375,6001.226655763649,5815.266876159816,5942.789228351526,681360
2025-01-29,6216.1083984375,6249.833534918222,5913.075468060505,5913.075468060505,724783
2025-01-30,5998.94921875,6278.161189690802,5968.0465190522955,6249.83379557215,454129
2025-01-31,5994.87451171875,6098.8204801588545,5926.703412974671,6042.375394612937,354309
2025-02-01,5896.44384765625,6100.509771057491,5796.622311388808,6009.9298823600575,317096
2025-02-03,6038.74853515625,6069.75361743542,5443.295488427538,5793.5416069380735,557306
2025-02-04,6073.6787109375,6214.840682512964,5970.478047094548,6090.522907023938,440631
2025-02-05,6150.744140625,6207.636124717135,6081.728255788066,6119.142712472976,342294
2025-02-06,6189.64892578125,6255.633589713781,6171.6620188907755,6200.977537698807,270778
2025-02-07,6214.98974609375,6264.528103481325,6151.290501848123,6191.040359695284,246917
2025-02-10,5956.41650390625,6245.596708927517,5918.853083736851,6240.727448568927,265630
2025-02-11,5791.90185546875,6000.638090102219,5747.680141218605,5988.663640222204,255594
2025-02-12,5669.52197265625,5823.353716327535,5647.510102423451,5803.429295740744,283805
2025-02-13,5627.8837890625,5752.052595746082,5582.867271265321,5686.167403563611,233733
2025-02-14,5527.9130859375,5693.023947056208,5455.767002959217,5664.354267446484,370089
2025-02-17,5496.70947265625,5527.913498958942,5354.802675549708,5527.913498958942,331116
2025-02-18,5760.99609375,5777.641345303808,5527.316733907309,5559.265582381463,836676
2025-02-19,5862.90478515625,5932.318067869179,5703.210030670148,5751.70466063873,509368
2025-02-20,5880.8916015625,5912.741464158671,5801.6903062615365,5812.22362970092,215467
2025-02-21,5674.58984375,5900.2697470393005,5644.479522080697,5887.947388790164,335451
2025-02-24,5604.53125,5654.417517798223,5431.520374588431,5592.805235530475,649930
2025-02-25,5473.65478515625,5634.542234452474,5435.7929492866015,5485.480270578069,338075
2025-02-27,5439.0224609375,5515.590426644559,5366.2305374434745,5490.448836921333,354670
2025-02-28,5270.7314453125,5438.37665744613,5116.999168036692,5336.4181795400955,1607716
2025-03-03,5259.45263671875,5321.3633323597505,5073.0756820973465,5270.731756093745,505746
2025-03-04,5120.77490234375,5192.523582355504,5053.249644287161,5154.2643481734285,527077
2025-03-05,5357.38623046875,5431.8177376214935,5053.249858358997,5053.249858358997,890952
2025-03-06,5270.0859375,5458.351399277784,5234.956902936769,5397.235991715205,701133
2025-03-07,5245.78857421875,5289.861326389433,5135.68166148089,5237.043799536435,370208
2025-03-10,5134.6875,5275.799484710664,5087.981420553513,5246.434473532737,233490
2025-03-11,5207.181640625,5234.0622866428275,4958.745040727391,5073.0753699091765,405424
2025-03-12,5152.77392578125,5240.422065396577,5001.525532592103,5199.281062293242,542214
2025-03-13,5093.6953125,5208.572486680595,5043.2626856435645,5137.867531492926,401647
2025-03-17,5134.98583984375,5185.716887281061,5003.314435145674,5093.6958689144385,840748
2025-03-18,5134.98583984375,5134.98583984375,5134.98583984375,5134.98583984375,0
2025-03-19,5247.57763671875,5294.73061495631,5119.831238563006,5268.843713848292,672425
2025-03-20,5161.568359375,5351.324430919019,5152.17774691421,5306.605842359807,621056
2025-03-21,5242.55859375,5289.712054227168,4996.755811424371,5072.727432094171,789021
2025-03-24,5387.3974609375,5473.9528741900485,5199.529887761868,5272.818688798217,569197
2025-03-25,5523.54052734375,5597.773578943651,5401.160752873781,5464.611558780603,827076
2025-03-26,5482.4990234375,5588.4324893245275,5443.54396950976,5539.142569628534,416614
2025-03-27,5606.1708984375,5633.5484180378735,5406.576834243794,5406.576834243794,593246
2025-03-28,5479.26953125,5664.802188997305,5432.3150111227615,5629.57368298005,317428
2025-04-01,5178.958984375,5475.19489055617,5157.344999642696,5459.642856058706,453706
2025-04-02,5284.24658203125,5378.106125379113,5186.114123173594,5220.795776144574,525175
2025-04-03,4763.37451171875,5112.8253441734105,4741.710548569861,5088.3790851323965,2581937
2025-04-04,4581.12158203125,4742.505906378878,4470.467819209035,4720.295576463022,2694235
2025-04-07,4544.94873046875,4601.045909788259,4123.0043900772735,4123.0043900772735,1802134
2025-04-08,4566.5625,4889.232140432214,4547.731297425008,4689.041740103307,1299383
2025-04-09,4375.21728515625,4506.789221170644,4314.30082043637,4490.292932668934,1279395
2025-04-11,4516.18017578125,4556.227963288759,4385.40304701418,4496.702648479302,1076005
2025-04-15,4686.50830078125,4698.4332582895995,4533.471346090768,4612.474189583582,583389
2025-04-16,4676.07373046875,4707.376742371793,4618.436438710767,4686.508067769764,389526
2025-04-17,4805.7578125,4824.638994972601,4526.515061194686,4620.920973557692,632950
2025-04-21,4869.8544921875,4974.69474296309,4685.514525183973,4788.367283053865,743849
2025-04-22,4929.97607421875,4993.575846190127,4832.58892338758,4832.58892338758,461798
2025-04-23,5131.20947265625,5216.174788800747,5001.525569067281,5018.419257657415,1465607
2025-04-24,5124.25341796875,5353.8088411338385,5098.9128842427335,5239.031129551294,2537811
2025-04-25,5240.52197265625,5295.674901353021,5105.869326919088,5200.275240904552,1391012
2025-04-28,5253.93701171875,5281.761909832638,5140.153053360173,5260.396363066617,605942
2025-04-29,5370.20556640625,5409.955422560257,5219.156113021027,5225.615464646053,733031
2025-04-30,5288.22119140625,5399.520782393284,5243.999478915866,5366.2302797319835,568446
2025-05-02,5372.68994140625,5452.686527050049,5298.655834195529,5298.655834195529,509581
2025-05-05,5498.39892578125,5533.180050379541,5425.358564124839,5455.667829846207,402811
2025-05-06,5391.07421875,5595.28910390265,5371.199290754608,5525.229982718894,368401
2025-05-07,5469.580078125,5483.492527451626,5277.290153503418,5291.699476020281,411265
2025-05-08,5435.2958984375,5550.07360686963,5415.917843767141,5520.261215069077,330638
2025-05-09,5408.96142578125,5453.68001188453,5282.2587651552885,5282.2587651552885,299463
2025-05-12,5839.7509765625,5891.922664858174,5521.752114569817,5604.729942621033,936725
2025-05-13,5724.97314453125,5917.759950648081,5712.054441028576,5917.759950648081,620746
2025-05-14,5722.48876953125,5781.11980841331,5604.729818556265,5762.735499611308,495296
2025-05-15,5618.1455078125,5762.2387418503195,5517.280243986027,5733.916968263576,1002976
2025-05-16,5663.36083984375,5672.304557611533,5589.823604864203,5631.560954447189,410772
2025-05-19,5634.04541015625,5696.154562309837,5570.445638350976,5614.66735468433,287926
2025-05-20,5611.68603515625,5778.635433758383,5583.8611353892275,5682.242030994056,554900
2025-05-21,5634.5419921875,5679.260579427083,5540.136085792824,5654.4169198495365,256723
2025-05-22,5547.58935546875,5649.945236098089,5452.686572943489,5589.8235780585255,530747
2025-05-23,5626.59228515625,5697.148281667393,5560.508147578911,5574.917470810061,279220
2025-05-26,5655.4111328125,5669.820456556267,5597.2769646048855,5654.4173863474125,176868
2025-05-27,5610.1953125,5689.198151459126,5578.892300836949,5664.354491409086,346050
2025-05-28,5549.080078125,5680.254607192424,5536.161374504723,5663.360917842832,237413
2025-05-29,5634.5419921875,5689.198043258101,5592.804644097222,5609.6983326099535,319452
2025-05-30,5602.7421875,5658.888858942665,5555.042360433664,5640.504550594182,568563
2025-06-02,5484.486328125,5599.760909401047,5414.924080803248,5596.779670230115,465790
2025-06-03,5450.69921875,5594.792452427074,5441.258627578054,5527.2176945647225,327547
2025-06-04,5469.580078125,5493.429991256359,5434.798954808434,5465.605092603107,245070
2025-06-05,5587.8359375,5611.1889776087055,5451.692682398187,5480.5113276387165,386683
2025-06-06,5641.00146484375,5657.398280517126,5521.2550231078785,5586.842285801385,252969
2025-06-09,5754.28857421875,5778.635361209227,5658.3920458685025,5689.198184509514,335979
2025-06-10,5908.81591796875,6012.165540482835,5765.219567456392,5778.635143455816,908647
2025-06-11,5928.1943359375,5956.019236013982,5867.575803628023,5923.225603780986,346228
2025-06-12,5884.96630859375,5957.509797369054,5800.994735970283,5932.666136829566,428130
2025-06-13,5845.71337890625,5928.194332658773,5700.129526800893,5723.979441138972,301316
2025-06-16,5981.359375,6003.718668227695,5804.472521909785,5874.034767507061,540382
2025-06-17,6030.0537109375,6106.572190789541,5966.453935476063,6007.197541631046,672714
2025-06-18,5987.8193359375,6089.678348788482,5972.416265701498,6027.072321377635,265478
2025-06-19,5861.61328125,6003.71901986469,5830.807142109753,6001.234653804993,419777
2025-06-20,6068.3125,6091.665540817163,5858.632005854418,5863.1038647343,662959
2025-06-23,6041.97802734375,6116.5090062994705,6006.700030638042,6028.065577938682,442534
2025-06-24,6044.462890625,6141.3531712392105,6022.103595098643,6141.3531712392105,358910
2025-06-25,6070.2998046875,6137.874559000138,6051.915496528914,6099.615323102542,292512
2025-06-26,6017.63134765625,6101.60291876961,5968.440900672684,6101.60291876961,555658
2025-06-27,5972.91259765625,6094.646528812208,5947.075191859883,6027.0717751909415,1074099
2025-06-30,6003.71875,6045.952971116444,5947.572079574608,5987.321934743027,362533
2025-07-01,6000.73779296875,6059.368832098527,5949.559852033437,6021.606467913247,412381
2025-07-02,5976.8876953125,6074.771715262335,5938.131585890738,6001.731355198245,320897
2025-07-03,5913.2880859375,6049.928219004705,5883.972566479445,6001.731517522819,222105
2025-07-04,5859.12890625,5937.6348736166465,5801.988486964149,5927.69740939302,153281
2025-07-07,5803.9755859375,5858.134762280894,5768.697590337674,5848.197298731648,289291
2025-07-08,5747.8291015625,5912.791001780234,5699.135528606663,5808.94450435401,360059
2025-07-09,5688.20458984375,5767.207431369357,5675.285886198053,5754.785600940803,276308
2025-07-10,5644.97607421875,5712.053952048125,5601.7481085064865,5712.053952048125,287650
2025-07-11,5543.6142578125,5629.573320876188,5525.229949527203,5564.9798052791975,261377
2025-07-14,5584.9658203125,5604.894333498271,5480.341126087199,5530.162409051628,263267
2025-07-15,5561.5498046875,5644.751347049124,5545.606994175093,5608.880023396208,526331
2025-07-16,5572.5107421875,5604.894577524307,5541.6215454047,5579.983934957532,461144
2025-07-17,5474.86083984375,5594.431920157018,5455.430539292844,5594.431920157018,408609
2025-07-18,5527.67138671875,5609.378291398504,5395.644985864269,5483.330444544981,780185
2025-07-21,5758.34423828125,5785.247732732469,5540.127005510252,5540.127005510252,688971
2025-07-22,5693.078125,5828.0938046950205,5683.113868195939,5804.179588365275,376423
2025-07-23,5585.46435546875,5753.8603016063325,5547.600178230714,5711.512208642739,456892
2025-07-24,5155.50634765625,5505.251753150518,5067.820889868513,5505.251753150518,3549027
2025-07-25,5132.09033203125,5228.743620490047,5098.211859787961,5155.506334905288,836047
2025-07-28,5131.09423828125,5190.879781401335,5068.817630864495,5131.09423828125,506242
2025-07-29,5157.99755859375,5187.890329144859,5073.30137536561,5123.6208724599755,406100
2025-07-30,5144.0478515625,5176.929900783142,5081.273030323094,5166.467430576574,365158
2025-07-31,5142.0546875,5176.4313732317605,5063.835272139328,5081.770934260246,549977
2025-08-01,5043.40869140625,5142.054835918592,5021.985538810135,5116.6459805138975,329351
2025-08-04,5158.994140625,5168.958397777342,4999.56602618753,5036.931990508812,468127
2025-08-05,5172.94384765625,5183.406317154544,5095.222645668927,5158.9938883251925,404213
2025-08-06,5028.96044921875,5177.427876786333,5017.999766646646,5173.442174032841,414065
2025-08-07,5163.97607421875,5176.431395188887,4990.598006314445,5007.039029995026,469097
2025-08-08,5087.25146484375,5174.936927365785,5067.322950634197,5168.4601602476805,250504
2025-08-11,5152.51708984375,5182.409859655259,5047.892395503469,5072.304824182868,322296
2025-08-12,5213.79736328125,5271.091839800824,5161.4850151546825,5195.861701066427,553305
2025-08-13,5228.74365234375,5258.63642215229,5183.406284800798,5256.145358001579,242009
2025-08-14,5270.095703125,5310.949158187985,5228.744035195394,5246.181485527156,506273
2025-08-18,5213.79736328125,5310.450654105575,5200.345616620133,5304.970312873268,376172
2025-08-19,5217.783203125,5246.679548563867,5161.485150804449,5226.751034468097,450569
2025-08-20,5325.8955078125,5350.806150973457,5181.413777478952,5181.413777478952,628849
2025-08-21,5328.38623046875,5353.795084863692,5256.14536993411,5340.841551250584,307013
2025-08-22,5349.8095703125,5400.627280889132,5311.447180955631,5350.805996010081,477641
2025-08-25,5430.52001953125,5489.807348184849,5361.76664680691,5381.695160640052,639042
2025-08-26,5357.28271484375,5455.430645172422,5335.859562538506,5390.662975412385,460418
2025-08-28,5294.5078125,5380.698633198456,5268.600745006822,5380.698633198456,316243
2025-08-29,5286.53662109375,5310.450838209244,5209.31362832497,5289.525898233187,487634
2025-09-01,5400.62744140625,5414.577401587004,5296.500952914192,5316.429467458127,155910
2025-09-02,5383.18994140625,5429.523737292486,5356.286447020693,5406.1077329198715,260470
2025-09-03,5347.81689453125,5387.175710878182,5282.551009196463,5371.7311120585,263011
2025-09-04,5274.57958984375,5393.154251445981,5250.16715951388,5354.791860927612,208090
2025-09-05,5113.65673828125,5313.440092923765,5071.806858505761,5281.0562573832085,720110
2025-09-08,4993.08935546875,5150.524621516258,4984.619736725688,5113.656869340576,482061
2025-09-09,5112.66015625,5117.64228464237,5006.540821492521,5006.540821492521,479409
2025-09-10,5399.630859375,5410.591542056884,5132.090559367215,5132.090559367215,825208
2025-09-11,5388.171875,5431.0181793227,5290.522158171521,5399.630770342117,604933
2025-09-12,5391.6591796875,5429.5233542999795,5342.834322950356,5420.555523470708,197972
2025-09-15,5344.3291015625,5446.960945966515,5312.443480000087,5441.480604760475,299865
2025-09-16,5470.875,5535.144454057007,5333.368261087333,5350.307497040342,579399
2025-09-17,5515.71435546875,5669.662123135613,5495.785841854917,5514.717929788058,818900
2025-09-18,5547.60009765625,5623.826663883588,5506.248431010047,5558.560780381749,517640
2025-09-19,5486.31982421875,5573.507071697707,5456.4270536545355,5530.660767222334,659556
2025-09-22,5252.15966796875,5341.339764778312,5168.459912303909,5330.877295320207,1437841
2025-09-23,5221.76904296875,5277.568883901151,5175.933459345706,5256.6439435515,450288
2025-09-24,5172.94384765625,5210.808022983408,5113.656520499254,5192.3741481530815,608045
2025-09-25,5084.26220703125,5218.779678456869,5060.84620274605,5161.485199886698,353200
2025-09-26,4933.3037109375,5081.272929494199,4918.855538081795,5071.8068852094275,364067
2025-09-29,4853.09130859375,4962.199921321605,4836.650284758046,4962.199921321605,597302
2025-09-30,4805.2626953125,4899.424919201982,4767.896733451594,4860.066106041829,831690
2025-10-01,4937.68798828125,4957.118290107333,4786.331016491933,4842.2305975141735,285409
2025-10-03,5050.68212890625,5058.952753704488,4935.993926074329,4957.217597757883,362977
2025-10-06,5170.75146484375,5216.2883119617945,5071.80659176419,5075.79229439033,499790
2025-10-07,5252.359375,5271.091983654547,5157.499453193938,5181.413670133014,260970
2025-10-08,5244.7861328125,5315.930826700513,5190.480935051455,5243.191754470122,327033
2025-10-09,5326.19384765625,5335.859371103446,5235.320120036346,5251.163190609741,233688
2025-10-10,5338.55029296875,5384.186396486876,5261.127819644805,5360.770391986563,277817
2025-10-13,5310.650390625,5319.518482286127,5183.406630701004,5308.856532395199,291416
2025-10-14,5318.82080078125,5418.5631135474605,5268.501301473757,5340.841906696283,406572
2025-10-15,5704.138671875,5717.889151950371,5445.964675138931,5502.2627273108,3470286
2025-10-16,5820.62060546875,5829.0902237425635,5682.815128639791,5701.647476670841,940813
2025-10-17,5735.12744140625,5804.179545939258,5704.536978626997,5779.268904111193,469353
2025-10-20,5823.8095703125,5838.954949256921,5748.081215982414,5762.7283820694,373324
2025-10-21,5779.36865234375,5839.054452942917,5764.322527350644,5804.17955433319,33872
2025-10-23,5815.04052734375,5955.6362880684555,5796.008699552682,5888.8757675229335,906223
2025-10-24,5805.17626953125,5908.106852232775,5779.2692007005235,5823.012192688281,383009
2025-10-27,5857.08984375,5878.911468673985,5824.207796552332,5858.982955220853,232662
2025-10-28,5806.07275390625,5853.801447134866,5761.333337746682,5761.333337746682,425499
2025-10-29,5870.04345703125,5894.3561464663035,5794.613837974714,5809.161750299814,307900
2025-10-30,5940.39111328125,5945.671974719487,5859.979367073119,5870.043363650409,241544
2025-10-31,5895.4521484375,5943.67905300211,5854.100483609405,5940.391042943418,336904
2025-11-03,5909.80078125,5918.768612481032,5832.079577247724,5898.840098634294,135144
2025-11-04,5837.56005859375,5933.715140210938,5793.717327079177,5898.840240142527,338741
2025-11-06,5821.11865234375,5905.316619841704,5775.781285229466,5905.316619841704,341274
2025-11-07,5760.3369140625,5821.118881154321,5678.630007480054,5821.118881154321,279260
2025-11-10,5843.53857421875,5867.951004105076,5745.888854673446,5768.30843314048,304472
2025-11-11,6009.443359375,6018.4111906193,5859.481292456423,5878.4133806388345,766563
2025-11-12,6112.5732421875,6145.953501966338,6023.891357998945,6023.891357998945,505785
2025-11-13,6115.064453125,6163.3910990393815,6055.777124632098,6113.071601747087,301945
2025-11-14,6079.193359375,6114.566472677378,6012.432835677553,6078.1969336481725,198063
2025-11-17,6094.6376953125,6113.071570463858,6047.307475329283,6107.0930163607145,239271
2025-11-18,6057.77001953125,6103.107388704483,6040.332569849237,6088.161003262758,255511
2025-11-19,6293.4248046875,6319.331873231179,6054.282633515081,6058.268336367954,874803
2025-11-20,6327.80126953125,6396.056428489267,6292.428157954467,6293.424583632686,481898
2025-11-21,6273.994140625,6347.231426313229,6240.115668333846,6301.894058982421,342405
2025-11-24,6351.71533203125,6403.529466044212,6274.492343838855,6277.481620801142,1378541
2025-11-25,6347.72998046875,6398.547691638031,6301.396184990876,6398.547691638031,225848
2025-11-26,6392.07080078125,6398.547567765674,6337.2673878361265,6381.608331037181,167018
2025-11-27,6409.01025390625,6454.845837189783,6360.683606313829,6402.035273841365,445809
2025-11-28,6330.29248046875,6431.927902003114,6295.915793773303,6416.981516483354,208808
2025-12-01,6383.10302734375,6402.035115623415,6308.371099924021,6352.712043526394,199542
2025-12-02,6370.6474609375,6423.956233778691,6314.847623944851,6367.159971125459,253320
2025-12-03,6308.37109375,6385.095872492497,6272.4997686236375,6370.647699872156,342367
2025-12-04,6428.9384765625,6505.165040954476,6311.360246519974,6357.195827722992,668828
2025-12-05,6497.19384765625,6508.154530475699,6405.02446940179,6429.935112173266,204572
2025-12-08,6324.31396484375,6529.57766056737,6288.442639377487,6527.584809152577,354529
2025-12-09,6279.474609375,6335.274447224096,6194.77842692548,6313.851295192747,482730
2025-12-10,6011.9345703125,6350.221101616236,5992.0060559499825,6298.905177132754,518858
2025-12-11,6181.8251953125,6207.234051289364,5997.486436264658,6019.906015067773,578216
2025-12-12,6313.8515625,6334.2782897202715,6181.825154856782,6217.696480707015,311443
2025-12-15,6274.99072265625,6313.851324193938,6236.628333958788,6298.406726146908,185159
2025-12-16,6240.6142578125,6287.446266453277,6167.875180561931,6237.624980665216,235762
2025-12-17,6260.04443359375,6325.808529513716,6210.223148805897,6217.696341524075,194752
2025-12-18,6295.91552734375,6316.840466185915,6207.731856508913,6237.624626283434,167343
2025-12-19,6335.2744140625,6394.063528631498,6268.015681292884,6359.686842993694,261141
2025-12-22,6540.0400390625,6571.9256612534045,6342.74775175628,6347.2316673768755,359560
2025-12-23,6465.80615234375,6575.412975699863,6424.952700001926,6556.480888029261,215867
2025-12-24,6329.7939453125,6463.813195315574,6315.843986204373,6463.813195315574,200947
2025-12-26,6277.97998046875,6376.626122531508,6252.57112569501,6330.292328532334,287268
2025-12-29,6206.2373046875,6301.894169301773,6185.312365553128,6277.481740311672,250243
2025-12-30,6160.89990234375,6256.556766426719,6104.601852128252,6183.319479863196,1231316
2025-12-31,6249.58203125,6264.030203994439,6155.419801984514,6182.821508913624,229337
2026-01-01,6260.04443359375,6276.485457573742,6191.291060586513,6262.5354978331425,113350
2026-01-02,6267.01953125,6306.378346972137,6206.735775523691,6262.53561553482,147711
2026-01-05,6181.8251953125,6277.482064872461,6088.6593900639955,6267.019594764341,307929
2026-01-06,6226.6640625,6271.503218014883,6155.419626515242,6181.824906985117,173690
2026-01-07,6490.21875,6519.115095090965,6183.817849466493,6183.817849466493,633821
2026-01-08,6421.46533203125,6574.416674799005,6389.081497243289,6496.695471307898,354203
2026-01-09,6394.0634765625,6444.881185352384,6327.302957171868,6412.995564150888,337174
2026-01-12,6302.890625,6395.060000197613,6264.528236404237,6394.063574519801,268990
2026-01-13,6334.7763671875,6401.536888870798,6255.560524294633,6317.338917494102,228016
2026-01-14,6251.57470703125,6327.303058598731,6207.731977176392,6302.392416635744,327713
2026-01-15,6251.57470703125,6251.57470703125,6251.57470703125,6251.57470703125,0
2026-01-16,6380.11376953125,6453.849271474919,6286.947966399723,6286.947966399723,531116
2026-01-19,6414.98876953125,6444.38332819872,6227.660734633475,6372.142463676972,383374
2026-01-20,6319.830078125,6467.799296351498,6277.481985366575,6396.554857946147,573688
2026-01-21,6219.68896484375,6369.1528137265705,6005.955660941318,6307.374422855005,2130647
2026-01-22,6297.90869140625,6371.1459809906755,6153.925176508978,6313.35328989004,455070
2026-01-23,6133.0,6337.267262388302,6083.676929325751,6337.267262388302,499112
2026-01-27,6216.0,6238.5,6060.0,6125.0,491985
2026-01-28,6213.0,6299.5,6079.5,6199.0,372879
2026-01-29,6070.0,6213.0,5993.5,6202.5,637802
2026-01-30,6035.0,6085.0,5979.5,6026.5,486262
2026-02-02,6082.5,6120.0,5992.0,6119.5,180834
2026-02-03,6278.5,6552.5,6241.5,6400.0,353120
2026-02-04,5986.0,6060.0,5798.0,6060.0,1427211
2026-02-05,5980.5,6009.5,5910.0,5961.0,1381637
2026-02-06,5852.0,5960.5,5741.0,5937.0,601645
2026-02-09,5875.0,5929.5,5830.0,5881.5,328310
2026-02-10,5872.5,5948.0,5776.0,5875.0,347608
2026-02-11,5724.0,5900.0,5700.0,5900.0,741167
2026-02-12,5452.0,5659.0,5431.0,5650.0,1360770
2026-02-13,5479.0,5540.0,5210.0,5210.0,1806431
2026-02-16,5582.0,5597.0,5440.5,5485.0,501990
2026-02-17,5628.0,5735.0,5523.5,5586.5,834096
2026-02-18,5521.0,5628.5,5447.0,5628.5,592720
2026-02-19,5266.0,5597.0,5244.0,5550.0,1036955
2026-02-20,5092.0,5274.0,5070.0,5235.0,1666625
