Price,Close,High,Low,Open,Volume
Ticker,RVNL.NS,RVNL.NS,RVNL.NS,RVNL.NS,RVNL.NS
Date,,,,,
2021-02-12,28.248756408691406,28.595900676971226,27.424292909793206,28.378936336949614,16102288
2021-02-15,26.946969985961914,28.37893593401839,26.686613443755206,28.37893593401839,8506387
2021-02-16,26.686613082885742,27.120541750900145,26.426256544199703,26.903577416892944,5108907
2021-02-17,26.643220901489258,27.163933979316365,26.382862707269197,26.73000531092277,4362819
2021-02-18,26.599828720092773,26.860186930743176,26.513042649875974,26.64322258285448,4502865
2021-02-19,26.599828720092773,27.46768611164756,26.252686094532184,26.556436512637678,7377848
2021-02-22,25.862150192260742,26.860187539410116,25.775365775383968,26.64322318660489,4565682
2021-02-23,25.818754196166992,26.2092906360467,25.645182077263474,25.90554025561875,3252373
2021-02-24,26.1658992767334,26.382863618423237,24.99429150054695,25.818756661090966,2540952
2021-02-25,28.422327041625977,28.769471291570394,26.33946981849178,26.42625588097788,23234319
2021-02-26,27.554468154907227,28.422325419628717,27.033753465013064,27.728040269974073,11987441
2021-03-01,28.16196632385254,29.029823509113864,27.554465632047123,27.771429928362455,13888775
2021-03-02,28.292146682739258,29.029827374810562,27.945005748775884,28.422326602108566,9770561
2021-03-03,27.814823150634766,28.50910826230963,27.55446664758326,28.50910826230963,5847792
2021-03-04,28.03179168701172,29.029828961767915,27.46768474169726,27.597863012876513,9778352
2021-03-05,27.337505340576172,28.378934777577847,27.207327074777577,28.075182731870363,5169059
2021-03-08,27.597864151000977,28.07518505011161,27.07715104480996,27.597864151000977,4138640
2021-03-09,26.946969985961914,27.94500726013619,26.513041312079714,27.85821953899192,3568993
2021-03-10,27.511077880859375,27.90161433946246,26.99036315449076,27.163933626409307,4518363
2021-03-12,27.16393280029297,27.945005693744953,26.90357627267993,27.814825774632002,4645742
2021-03-15,26.686613082885742,27.380898289586185,26.46964874887854,27.380898289586185,2986207
2021-03-16,26.556432723999023,26.94696750129958,26.46964666616344,26.816789242199395,2215539
2021-03-17,26.599828720092773,28.118580810620255,26.252686094532184,26.64322258285448,9556830
2021-03-18,25.731969833374023,26.946969779891454,25.21125509763612,26.8601853700239,5509050
2021-03-19,25.29804039001465,25.558398577583528,24.30000480926677,25.515004718668816,11191993
2021-03-22,26.296077728271484,27.250721169215094,25.167863805987764,25.29804208081949,13424210
2021-03-23,26.42625617980957,26.90357704592106,26.079111925939596,26.599826651438075,12741431
2021-03-24,23.99625587463379,24.647148900104725,23.952863668391686,24.560362832313952,45408429
2021-03-25,24.039648056030273,24.25661238269009,23.649111605920027,23.996254197514443,12484312
2021-03-26,25.341434478759766,25.55839880938166,24.473577156272192,24.690541486894087,20773206
2021-03-30,25.688575744628906,26.382860904494667,25.60178968581909,25.992326122810073,9457623
2021-03-31,25.254648208618164,25.905541195153138,25.21125434966529,25.818755132553846,5900206
2021-04-01,25.731969833374023,26.209292364178147,25.341435023050483,25.428219432918038,19400812
2021-04-05,25.60179328918457,26.209294131050584,24.994292447318557,25.775365431233894,10008653
2021-04-06,26.035720825195312,26.16589909825998,25.471613871710726,25.862148690904725,7526846
2021-04-07,26.3394718170166,26.556436162040946,25.862149264779095,26.035721402921205,7340079
2021-04-08,26.55588722229004,26.82640490309698,26.465714088717903,26.510799795549236,6043737
2021-04-09,26.240280151367188,26.781317192408547,26.15010702454207,26.555885235300426,4463852
2021-04-12,24.39173698425293,25.699243018786504,24.346651280955633,25.609069892282577,7631551
2021-04-13,24.752431869506836,24.977863847480815,24.211394778387383,24.39173932882087,4279166
2021-04-15,24.572084426879883,24.977862655837995,24.256479328791283,24.61717013235993,3583495
2021-04-16,24.977861404418945,25.38363789313778,24.526997492569574,24.662256322142518,4171809
2021-04-19,24.121217727661133,24.346649669041142,23.76052696543496,24.076132027348816,5172192
2021-04-20,24.121217727661133,24.662254730955002,23.940871486593434,24.256476548507294,4191324
2021-04-22,23.89579200744629,24.211397151526572,23.850706295396108,24.211397151526572,3388238
2021-04-23,23.89579200744629,24.256482863576753,23.760533151386074,24.076138295466357,5838338
2021-04-26,24.031047821044922,24.346652925167877,23.9408746884513,24.121220953638545,3507322
2021-04-27,24.752431869506836,24.977863847480815,24.0310485080444,24.12122164321589,5573757
2021-04-28,24.977861404418945,25.203293360343633,24.797515151715466,24.887688278067206,3163806
2021-04-29,24.617168426513672,25.203292876595334,24.526997021802,25.203292876595334,2941550
2021-04-30,24.52699851989746,24.93277502561249,24.391737964749716,24.572084225007107,2713152
2021-05-03,24.84260368347168,25.068035665063654,24.256480875314455,24.391739720287735,4196004
2021-05-04,25.29346466064453,26.330453029473937,24.977861299601834,25.158205831639187,8103547
2021-05-05,25.51889991760254,25.789419330526,25.338555362229776,25.699246192884846,3842164
2021-05-06,25.609071731567383,26.285367649055477,25.38363975907135,25.609071731567383,4084294
2021-05-07,25.38364028930664,25.879591671103448,25.33855458182943,25.654159693898396,2880473
2021-05-10,26.105022430419922,26.42062580785542,25.383639105073065,25.4738122357301,7756528
2021-05-11,26.465713500976562,26.691145469945855,25.78941759406869,25.969762137298467,4887029
2021-05-12,26.691143035888672,27.412524582841364,26.420623665849458,26.555884210823702,9573148
2021-05-14,26.330453872680664,27.23218172147234,26.24028074381962,26.916576630413378,4269850
2021-05-17,26.420621871948242,26.78131434084365,26.330450474633547,26.555882407738597,2031310
2021-05-18,26.420621871948242,26.78131434084365,26.375536173290897,26.420621871948242,2670874
2021-05-19,26.691143035888672,27.14200693271142,26.375537964130892,26.375537964130892,4263034
2021-05-20,26.871490478515625,27.412527557393073,26.51079966590048,26.826404771904777,5305157
2021-05-21,27.006752014160156,27.367442839810256,26.91657887777025,27.051837722400347,5490947
2021-05-24,27.142009735107422,27.81830565016869,26.961663469793972,27.277268574137786,8379948
2021-05-25,27.051834106445312,27.54778371043309,26.961660982108636,27.412524883882725,3293049
2021-05-26,27.006752014160156,27.367442839810256,26.961664586010443,27.142010858790254,2848226
2021-05-27,26.691143035888672,27.14200693271142,26.64605561426083,27.00674810764645,2503440
2021-05-28,26.059934616088867,26.87148934006767,25.834502652766457,26.7362305060561,4319903
2021-05-31,26.600971221923828,26.736230053646654,26.285366134630994,26.600971221923828,3363671
2021-06-01,26.420621871948242,26.916573156724848,26.330450474633547,26.916573156724848,1990782
2021-06-02,26.781314849853516,27.09691818627167,26.51079549304043,26.600968611978125,3564556
2021-06-03,26.871490478515625,27.14200987790908,26.69114593216278,27.00675103816708,2988320
2021-06-04,27.63796043395996,28.72003462709604,26.600973668818433,27.00675192122184,13357394
2021-06-07,28.449512481689453,28.945462102546927,27.95356286083198,28.04373598823589,16364717
2021-06-08,28.359342575073242,28.76511909000196,27.953564340235086,28.720033383868582,5962924
2021-06-09,28.04373550415039,29.306154106285437,27.637957297791942,28.49459941347786,12323327
2021-06-10,28.359342575073242,28.629860251692385,28.17899631072085,28.359342575073242,4748100
2021-06-11,28.674945831298828,29.170895476215385,28.44951386180777,28.53968699358608,9754526
2021-06-14,30.117712020874023,30.388229691996607,27.68304610113315,28.810205930659592,33929394
2021-06-15,29.48650360107422,30.658749206292175,29.351243037471793,30.478402934761945,13441049
2021-06-16,29.215984344482422,29.982451657544754,29.035638082638684,29.666848279182343,5766470
2021-06-17,28.72003173828125,29.62175784864818,28.539685484262257,29.125808229959965,5454871
2021-06-18,28.224079132080078,28.945460675938577,27.457611886696398,28.945460675938577,5955946
2021-06-21,29.03563690185547,29.26106886003786,27.59287202550631,27.908477110943522,5174210
2021-06-22,28.990550994873047,29.666846864677375,28.900376148341266,29.306154358187598,4531770
2021-06-23,28.90037727355957,29.486501759471185,28.720032733202416,29.170894944050005,4812799
2021-06-24,29.125808715820312,29.666847486902597,28.945462458792885,29.080723011518142,5580231
2021-06-25,29.48650360107422,30.027538975845886,29.21598591368839,29.26107162161619,7471074
2021-06-28,29.351242065429688,29.937366568537154,29.30615635899502,29.66684889011021,3527284
2021-06-29,29.62175750732422,30.20788196617751,29.351239849322177,29.531586101263088,10139559
2021-06-30,30.388233184814453,31.10961487066309,30.117715482598616,30.207886903397494,35820998
2021-07-01,29.396324157714844,30.658744421590065,29.261067055040098,30.658744421590065,8615644
2021-07-02,29.03563690185547,29.621757929238463,28.945462054691294,29.396325971056072,4071458
2021-07-05,29.080720901489258,29.30615284646204,28.945460358578188,29.261067145431184,3366371
2021-07-06,28.76511573791504,29.215981346255266,28.67494261624699,29.12580650467798,3001697
2021-07-07,28.90037727355957,29.30615549920463,28.449513342802575,28.810205863335696,4725073
2021-07-08,29.125808715820312,30.162797113863963,28.72003221737266,28.855291050188544,5892731
2021-07-09,28.990550994873047,29.261068654831043,28.85529044498471,29.125808104942706,2752243
2021-07-12,29.03563690185547,29.21598315636512,28.900376351018558,29.125808309200945,2901810
2021-07-13,28.90037727355957,29.30615549920463,28.855291568447633,29.30615549920463,2340022
2021-07-14,28.72003173828125,28.99055111930974,28.629858611271754,28.945461975940972,2443675
2021-07-15,28.629858016967773,28.900375672471462,28.49459918921593,28.765116844719618,2082715
2021-07-16,28.449512481689453,28.81020499130509,28.404426777942174,28.584773032749993,2638302
2021-07-19,28.04373550415039,28.49459941347786,27.953562378303033,28.314253161783142,2882201
2021-07-20,27.412525177001953,28.133908459499747,27.322352051701063,28.043735334198857,2708490
2021-07-22,27.683042526245117,28.17899209922785,27.502696288846384,27.683042526245117,2329331
2021-07-23,27.277267456054688,27.90847763886929,27.14200862256852,27.773217085473746,2567121
2021-07-26,27.187095642089844,27.863391562141377,27.142009935383527,27.27726877541194,2962821
2021-07-27,27.142009735107422,27.502700545824876,26.916577763420335,27.41252741316815,2671090
2021-07-28,26.916576385498047,27.36744030579145,26.871488961523088,27.277267177750897,2340776
2021-07-29,26.871490478515625,27.14200987790908,26.826404771904777,27.051836744777926,1507391
2021-07-30,26.691143035888672,27.00674810764645,26.64605561426083,26.871487562672208,2169927
2021-08-02,27.006752014160156,27.412528548050446,26.78132003314015,26.91657887777025,4004760
2021-08-03,27.006752014160156,27.142010858790254,26.871491449620535,27.142010858790254,1644488
2021-08-04,26.736228942871094,27.232180265129283,26.691143240806387,27.232180265129283,2089253
2021-08-05,26.37554168701172,26.78131993939109,26.285368550937466,26.736232511399205,1637757
2021-08-06,26.736228942871094,27.05183401705189,26.375538166625592,26.510796992728995,2176874
2021-08-09,27.142009735107422,27.502700545824876,26.961663469793972,27.322354280511423,4142520
2021-08-10,26.37554168701172,27.322355316017564,26.285368550937466,27.142010763778575,1856220
2021-08-11,26.195194244384766,26.60097247863277,25.879590862091252,26.51079934658772,2909148
2021-08-12,26.691143035888672,26.871487562672208,26.330452262412326,26.420623665849458,1771008
2021-08-13,26.736228942871094,27.502697917336086,26.646055818832394,27.502697917336086,3633945
2021-08-16,26.330453872680664,26.736230372691292,26.24028074381962,26.64605724383025,1274362
2021-08-17,26.014848709106445,26.28536637502614,25.969761284846914,26.28536637502614,1022208
2021-08-18,25.879589080810547,26.150106738416646,25.83450165793665,26.150106738416646,1368302
2021-08-20,25.33855438232422,25.7894183331844,25.293466955292512,25.7894183331844,1561800
2021-08-23,24.932771682739258,25.65415490713962,24.842598564700566,25.60906748816569,1904509
2021-08-24,25.022947311401367,25.428725523333775,24.797515353640993,24.93277418431535,1901920
2021-08-25,24.977861404418945,25.428725316268316,24.93277398128841,25.248379063564837,1696775
2021-08-26,25.113121032714844,25.383638700464548,24.97786219883999,25.113121032714844,1207137
2021-08-27,25.29346466064453,25.473810912591208,25.06803270566585,25.20329325458052,1261184
2021-08-30,25.38364028930664,25.609072266511692,25.33855458182943,25.51889913164777,1237305
2021-08-31,25.428728103637695,25.74433150059965,25.248381831165563,25.428728103637695,1636468
2021-09-01,25.47381019592285,25.65415644279575,25.428724494159265,25.563983319359302,1007313
2021-09-02,25.38364028930664,25.654159693898396,25.158208312101593,25.158208312101593,1269838
2021-09-03,27.051834106445312,27.5026980082194,25.42872474802231,25.473810450236,8756651
2021-09-06,26.465713500976562,27.68304647739262,26.375540369406963,27.32235395111421,4261300
2021-09-07,28.40442657470703,29.21598299562613,26.465712088986674,26.600970919170077,17699752
2021-09-08,27.953563690185547,28.674945291000768,27.773217430027042,28.58477388083092,8685558
2021-09-09,27.50269889831543,28.224080476537015,27.232181236459674,27.908477111008413,4075336
2021-09-13,27.232181549072266,27.86339000728479,27.142008420782087,27.6830454706138,2176994
2021-09-14,27.322355270385742,27.683047814080346,27.142010718447956,27.367442698302327,2860732
2021-09-15,27.096920013427734,27.592871341072666,27.051834310873335,27.367439388482055,3403038
2021-09-16,27.277267456054688,27.592872547461987,27.096921198133547,27.187094327094115,2800352
2021-09-17,27.142009735107422,27.45761483945124,26.646058365450155,27.367441706794512,2788086
2021-09-20,27.683042526245117,29.486498020595697,27.32235005144765,28.31425091732231,18929053
2021-09-21,27.232181549072266,27.77321687899461,27.051835292491905,27.6830454706138,3455508
2021-09-22,27.412525177001953,27.683044552904615,27.232180646309487,27.232180646309487,2510051
2021-09-23,27.277267456054688,27.592872547461987,27.23218175152909,27.457613713975825,2120871
2021-09-24,27.096920013427734,27.412525091036454,27.051834310873335,27.277266263463947,1407857
2021-09-27,26.916576385498047,27.277267177750897,26.871488961523088,27.187094049710346,1517571
2021-09-28,27.232181549072266,27.6830454706138,26.871489035911544,26.961662164201726,4447852
2021-09-29,27.412525177001953,27.683044552904615,27.0969200984035,27.457612599607053,3511475
2021-09-30,27.232181549072266,27.592872342323616,27.187094124972493,27.592872342323616,1663456
2021-10-01,27.051834106445312,28.13390815866684,26.961660982108636,27.096919808659003,5513284
2021-10-04,27.232181549072266,27.502699214033438,27.187094124972493,27.187094124972493,2164609
2021-10-05,27.86338996887207,28.674944682546137,27.773216840706205,28.404427017957904,9130208
2021-10-06,27.908477783203125,28.674945083558438,27.773217229108056,28.13390974681572,8355559
2021-10-07,27.86338996887207,28.720032106583755,27.637958008412088,28.58477327428964,6203550
2021-10-08,27.908477783203125,28.314254285760164,27.81830465377621,28.13390974681572,3363173
2021-10-11,27.322355270385742,28.043738637865435,27.187096426455025,28.043738637865435,3637590
2021-10-12,27.187095642089844,27.637959588790867,27.096922508767744,27.322354482118257,5382835
2021-10-13,27.232181549072266,27.592872342323616,27.187094124972493,27.322352957453077,6973425
2021-10-14,27.63796043395996,28.674947199101485,27.32235531763614,27.32235531763614,10016889
2021-10-18,30.703834533691406,31.109612779650647,27.8633919717052,27.908479398983722,40946017
2021-10-19,29.396324157714844,31.74081844208047,29.0356351107637,31.019436908359694,23718084
2021-10-20,29.306154251098633,29.937364415239873,28.44951213117971,29.306154251098633,14768852
2021-10-21,32.37202453613281,32.95814545425127,29.53158101662209,29.666841542243766,72880233
2021-10-22,38.81938171386719,38.81938171386719,32.23676935808258,32.91306521874166,163253501
2021-10-25,34.941951751708984,40.397404175947585,34.941951751708984,39.67602263419859,37319544
2021-10-26,33.99514389038086,35.392821503842676,32.19168801757359,33.40901935579086,55503526
2021-10-27,33.4541015625,34.98703958187417,33.00323764149693,34.17548658795989,12985039
2021-10-28,33.04832458496094,34.44600195904368,32.64254639511279,33.72462042143502,13948391
2021-10-29,31.83098793029785,33.2737543508239,30.20787871704704,32.19168039538393,14226789
2021-11-01,32.642547607421875,33.138497217958204,32.10150885425791,32.37202995074921,6295839
2021-11-02,32.50728225708008,33.49918477144385,32.4621965609313,32.91306040205534,4842314
2021-11-03,31.966251373291016,33.13849683175679,31.876076528905283,32.73271863156748,5124889
2021-11-04,32.777809143066406,33.00324112737861,32.1015131901298,32.41712003205834,2011555
2021-11-08,35.48298645019531,35.97893947662105,32.77780313435368,32.91306367607315,23523291
2021-11-09,35.437904357910156,36.56506418761353,34.896869015580066,35.61825061862646,14172813
2021-11-10,34.62635803222656,35.528086070151005,34.35583686899364,35.39282548853455,6206533
2021-11-11,34.67143630981445,35.34773219320556,34.26565809181604,34.67143630981445,10921237
2021-11-12,33.9500617980957,34.98704697153452,33.81480121729872,34.7616149634192,6165853
2021-11-15,33.589359283447266,34.355826508618684,33.4540987426201,34.2656551079462,5904673
2021-11-16,33.1835823059082,34.355827756314966,33.003236058195185,33.63444620528146,5970125
2021-11-17,33.228668212890625,33.72462125711592,33.04832540388353,33.138496808387075,3514754
2021-11-18,32.50728225708008,33.81478808430344,32.37202516863374,33.273752850881834,4641009
2021-11-22,31.425212860107422,32.777804577583815,31.199780907194693,32.64254746972735,5247980
2021-11-23,32.913063049316406,33.22866638756057,30.974347000621094,31.42521087800899,5829854
2021-11-24,32.46220397949219,33.31884616135924,32.372032566587826,33.273760454907055,3043698
2021-11-25,32.913063049316406,33.40901262647941,32.32693863278478,32.552370571478725,3755688
2021-11-26,31.60555648803711,32.73271615907851,31.38012455382883,32.597459062444536,4182444
2021-11-29,29.98244857788086,31.7859041314376,29.531584689491673,31.74081843056238,6160682
2021-11-30,30.567298889160156,31.52680979440892,30.247459596778004,30.384534077220188,4268961
2021-12-01,31.115591049194336,32.02941165848609,30.8871358968714,31.938030991936504,5292289
2021-12-02,31.435428619384766,31.526809280891893,31.11558933221224,31.206973479668157,2216442
2021-12-03,31.709566116333008,32.25785691940301,31.344036590321068,31.526801353327038,4001166
2021-12-06,30.978517532348633,31.9380283969544,30.841443057712656,31.89233806739197,2617282
2021-12-07,31.389728546142578,31.709567769565368,31.161273451961197,31.252657581202605,2480001
2021-12-08,31.800954818725586,32.07510028977648,31.572499678525045,31.70957415702489,2975774
2021-12-09,33.17168426513672,33.81135932799114,32.07509894109322,32.120792755971046,9970382
2021-12-10,33.44582748413086,34.176886641818776,33.08030139123532,33.171682042972094,4915236
2021-12-13,33.17168426513672,34.08550478751486,33.034613278349184,33.765668999061965,3463071
2021-12-14,32.577701568603516,32.98891799663016,32.440627101962306,32.98891799663016,2462932
2021-12-15,32.25785827636719,32.71476846012861,32.075093505673,32.62338781775555,2244673
2021-12-16,31.66387939453125,32.89753558457343,31.526804935216205,32.669080476347226,2461478
2021-12-17,31.344036102294922,31.755255941168695,30.978510067922127,31.663875304062458,3322776
2021-12-20,30.47591209411621,31.024206482329934,29.973311519381703,30.841441686258694,4051254
2021-12-21,30.658676147460938,31.161276710019617,30.3845307029697,30.704366473884733,2403351
2021-12-22,31.115591049194336,31.298355868242485,30.795755230321816,30.978520049369962,1885547
2021-12-23,31.206968307495117,31.481113732529042,31.115584175185003,31.298348953857023,1562483
2021-12-24,30.93282127380371,31.435425317141494,30.475911042368217,31.389731505239208,2380205
2021-12-27,30.750062942504883,30.978518080306706,30.430223658013077,30.70436912618551,1462052
2021-12-28,31.252656936645508,31.663876794880586,30.841437078410433,30.978511526471465,2257761
2021-12-29,31.298349380493164,31.75525959042737,31.1612749231336,31.344039704296932,1642466
2021-12-30,30.841442108154297,31.43542683202411,30.7957517799986,31.389733017919827,1602522
2021-12-31,31.75526237487793,31.93802717206694,30.841441874881443,31.069896999880562,3941160
2022-01-03,32.25785827636719,32.4863133682479,31.800948092605758,31.983712863299942,3437614
2022-01-04,32.21217346191406,32.623393394787804,32.029408659975886,32.39493826385224,3303241
2022-01-05,31.846643447875977,32.2578633754535,31.75526279105813,32.12079239022673,2637704
2022-01-06,32.21217346191406,32.577703065790416,31.389733596166582,31.52680806910738,3920852
2022-01-07,32.577701568603516,32.66908222239866,32.02940718798717,32.212171981525955,3841011
2022-01-10,32.89753723144531,33.08030202436526,32.53200764560542,32.76046276526823,3876215
2022-01-11,32.89753723144531,33.90273836358231,32.53200764560542,32.89753723144531,9466600
2022-01-12,32.623390197753906,33.21737138840808,32.53200606276597,33.125990739368454,2809434
2022-01-13,32.577701568603516,32.851847015937444,32.257862308423526,32.806156689039874,2232567
2022-01-14,33.21737289428711,33.90273825099962,32.53200753757459,32.577701350114204,6360534
2022-01-17,35.0907096862793,35.913146070301494,33.354449287873535,33.49152376151824,19636806
2022-01-18,34.22257995605469,35.73038175706562,34.08550548053155,35.36485563225178,6571085
2022-01-19,34.31395721435547,34.67948678888443,33.628591876574944,34.26826688902644,5004726
2022-01-20,34.131195068359375,34.63379914371819,33.90273993808669,34.54241500003993,4074015
2022-01-21,33.94843292236328,35.91314490307316,33.719977797679675,33.90273910866772,13194479
2022-01-24,32.39493179321289,34.17688215576907,32.029402262348256,34.17688215576907,7075508
2022-01-25,32.53200912475586,33.21737451490618,31.526807946914843,31.98371820701506,5146115
2022-01-27,32.577701568603516,33.171682790168944,31.572496947114463,32.53200775575745,3692802
2022-01-28,32.623390197753906,33.58290095646319,32.48631573824616,32.89753563082109,6153387
2022-01-31,32.89753723144531,33.67428324391949,32.577701458296765,33.26306681728521,5957196
2022-02-01,32.623390197753906,34.13119182259756,32.53200606276597,33.58290095646319,9169677
2022-02-02,32.577701568603516,33.125992463271366,32.48631742885988,33.034611809476225,3724078
2022-02-03,32.44062805175781,32.851847977772636,32.12079226816218,32.71477350711816,2793237
2022-02-04,32.02940368652344,32.57769800720009,31.983713364620744,32.4406235555439,2687122
2022-02-07,31.846643447875977,32.30355370386243,31.61818831988275,32.0750985758692,2815265
2022-02-08,31.481117248535156,32.07509848812346,31.11558765036651,31.892337174987734,2432754
2022-02-09,31.252656936645508,31.800947756993597,31.161272809288814,31.709567115584925,2436984
2022-02-10,32.44062805175781,32.80615764953734,31.80095299861794,31.983717797507705,9664613
2022-02-11,31.66387939453125,32.39493504366544,31.526804935216205,32.02940547612419,4159845
2022-02-14,30.61298370361328,31.115584231408334,30.247454145608764,31.115584231408334,4169496
2022-02-15,30.841442108154297,31.252662033452737,30.15607672797309,30.56729665327153,2612228
2022-02-16,30.978517532348633,31.709573263193565,30.88713338727508,31.06989819147349,3212095
2022-02-17,30.29315185546875,31.344043369638698,30.01900290869091,31.02420757966277,2463938
2022-02-18,30.201765060424805,30.475910497192302,29.881929298520788,30.019000273930356,1388142
2022-02-21,29.562089920043945,30.20176492697384,29.333634809422435,30.20176492697384,2368474
2022-02-22,28.511199951171875,28.922418125396675,28.191362431458632,28.374125483456012,3244132
2022-02-23,28.968109130859375,29.42501935851978,28.64827162290225,28.968109130859375,2383222
2022-02-24,26.68355941772461,28.374125955981807,26.50079461970931,27.87152537590117,5444317
2022-02-25,28.328433990478516,28.465506709579543,27.003393638895492,27.23184875172193,2581166
2022-02-28,28.282743453979492,28.46550649709185,27.231848548443182,28.237051385970773,2198584
2022-03-02,28.374128341674805,28.69396589360633,27.917218051193892,27.917218051193892,2122495
2022-03-03,28.419816970825195,28.968109601520947,28.32843457521353,28.83103513661634,1364215
2022-03-04,28.054288864135742,28.328434305385272,27.551686564545996,27.59737863340372,2074110
2022-03-07,27.368925094604492,27.78014328016671,27.140469966078495,27.688760880161446,2703521
2022-03-08,28.054288864135742,28.328434305385272,27.41461384392123,27.41461384392123,1741319
2022-03-09,29.24225616455078,29.470711290836334,28.23705326029949,28.556890785694122,4099448
2022-03-10,29.790544509887695,30.156074074871512,29.60778321334407,29.790544509887695,2328661
2022-03-11,29.927621841430664,30.156076969991204,29.74485704139251,29.927621841430664,1870063
2022-03-14,29.790544509887695,30.33883885736342,29.60778321334407,30.156074074871512,2120790
2022-03-15,29.973308563232422,30.156073341278294,29.607782493088877,29.927618240208,1788635
2022-03-16,30.29315185546875,30.658677974591427,30.064696723786327,30.3388421846155,5233389
2022-03-17,31.572492599487305,32.21216754581363,30.8871273325551,31.069892100926623,7026479
2022-03-21,32.71477127075195,32.897536057148,32.02940593622804,32.21217072262409,5821642
2022-03-22,32.71477127075195,33.12599116865597,32.532006484355904,33.034610518432125,4360589
2022-03-23,33.034610748291016,33.53721129991604,32.53200671071761,32.851845960623265,7772116
2022-03-24,33.349952697753906,33.49328840990193,33.111056198902574,33.49328840990193,3157087
2022-03-25,32.585479736328125,33.4455085573396,32.44214402967364,33.34995141956995,3343917
2022-03-28,31.67768096923828,32.44214912733035,31.629898747574256,32.44214912733035,2763487
2022-03-29,31.773235321044922,32.25102833339147,31.677678176684175,31.773235321044922,2584059
2022-03-30,31.152103424072266,32.63326470125202,31.05654627824778,32.39436819141934,4257709
2022-03-31,31.24766731262207,32.15547486902779,31.152106512053578,31.24766731262207,4069922
2022-04-01,31.916574478149414,32.0599101937712,31.2954421079742,31.34322067984813,1810660
2022-04-04,32.29880905151367,32.53770557355929,31.916576803403657,32.20325190080408,4103730
2022-04-05,33.0154914855957,33.493284426473416,32.346580639312734,32.63325932005604,4099889
2022-04-06,32.72882080078125,33.49328887875253,32.63326365801159,32.96771730297674,3726088
2022-04-07,32.585479736328125,33.15883349875949,32.48992259855847,33.11105492987466,2514855
2022-04-08,33.06327819824219,34.018864315477764,32.728824515318436,32.77660309212586,4160873
2022-04-11,33.15883255004883,33.73218265080487,33.06327176974213,33.34995046539119,3017130
2022-04-12,33.15883255004883,33.25438968508449,32.58547880402175,33.111053982531,2740833
2022-04-13,33.30217361450195,33.97108460326438,33.15883788887034,33.25439503929142,3903706
2022-04-18,32.82437515258789,33.34995032894686,32.58547867070509,33.302168116353485,1791913
2022-04-19,33.11105728149414,34.78333282812977,32.68104284044784,34.018861090593504,16715371
2022-04-20,33.82775115966797,34.162204853975766,32.96772216677382,33.39773666322089,4619143
2022-04-21,34.35331726074219,35.738917683007784,33.971081404506414,34.401095831453844,16853131
2022-04-22,34.20998001098633,35.11778749152215,33.971083497438556,34.25775858464158,6978519
2022-04-25,33.254398345947266,33.87553082126155,33.06328038082964,33.73219143610533,3915100
2022-04-26,33.20661544799805,33.73218704977537,33.11105830050091,33.63662990227822,1844335
2022-04-27,32.585479736328125,33.20661206764432,32.298804677748016,32.967715577949036,3408714
2022-04-28,32.442142486572266,32.967714009849,32.25102457485228,32.919935443236746,2194269
2022-04-29,32.15547561645508,32.824383009623666,32.012136234906436,32.824383009623666,2170621
2022-05-02,32.05990982055664,32.39436711032342,31.67767760474345,31.91657410660344,1178524
2022-05-04,31.534339904785156,32.3465865957392,31.3432219641867,32.059911507477274,1778735
2022-05-05,31.391000747680664,31.964354573305496,31.343222173529814,31.964354573305496,1257240
2022-05-06,30.960988998413086,31.152103289234855,30.674310271637562,30.769871062319883,1556714
2022-05-09,30.722091674804688,31.056545320143854,30.33985581275592,30.960988177267332,1495276
2022-05-10,30.674312591552734,31.29544501951438,30.483196463641033,30.769873389462372,1347627
2022-05-11,29.766504287719727,31.008767212695073,29.1453737365499,30.817649278810958,2288393
2022-05-12,29.09759521484375,29.957622273541915,28.858698708392275,29.623166799982712,1747986
2022-05-13,29.623167037963867,29.95762251420996,29.38427052959319,29.479829497468607,1511968
2022-05-16,29.862064361572266,30.53097533232579,29.670946420603897,30.148739450389055,1104592
2022-05-17,30.722091674804688,30.86542738911947,29.90984137926889,29.90984137926889,995922
2022-05-18,30.722091674804688,31.24766325116824,30.578752315218566,31.152102463020377,990999
2022-05-19,30.005401611328125,30.578753605967158,29.623167555780686,30.19651955041972,941342
2022-05-20,30.435415267944336,30.674309951614894,30.196518761638078,30.483193840151305,777161
2022-05-23,30.19651985168457,30.960989793042167,30.053182307253696,30.769871852043824,1194793
2022-05-24,30.005401611328125,30.387635666875564,29.862064068327303,30.19651955041972,762885
2022-05-25,29.52760887145996,30.196519842106206,29.4320499009911,30.100960871637348,995183
2022-05-26,29.718727111816406,29.957623629077574,29.145375105862446,29.6709467147827,1062196
2022-05-27,30.148738861083984,30.196519256710015,29.718726236264082,29.766504809254386,795360
2022-05-30,30.913206100463867,31.05654546069871,30.53097388195654,30.578752453611038,1191312
2022-05-31,30.960988998413086,31.534339161421265,30.674310271637562,31.534339161421265,2049103
2022-06-01,31.916574478149414,32.48992463117932,31.677677973508388,31.964353050023345,5485713
2022-06-02,31.773235321044922,32.20324976121109,31.629895959232403,31.868792465405672,1612656
2022-06-03,31.152103424072266,32.05991089049073,31.05654627824778,32.01213231757848,1305279
2022-06-06,30.865428924560547,31.24766480562414,30.578753836398615,31.056546865092344,864498
2022-06-07,30.81764793395996,31.295440925184145,30.67430857848421,30.913205074096304,744480
2022-06-08,30.48319435119629,30.91320697617521,30.435415778188318,30.817649830159272,1061046
2022-06-09,30.339855194091797,30.865426759738348,30.19651766006416,30.865426759738348,1557589
2022-06-10,30.578754425048828,30.7698723692597,30.05318281242262,30.10096138715744,876353
2022-06-13,29.193151473999023,30.10095890003857,28.954254974792367,30.10095890003857,2299088
2022-06-14,29.479829788208008,29.67094590320797,29.240933277481258,29.240933277481258,869010
2022-06-15,29.288713455200195,29.718727927121652,29.193154481147,29.670947528777138,945011
2022-06-16,28.76314353942871,29.81428867114499,28.667584559702515,29.718729691418794,1341027
2022-06-17,28.858699798583984,29.145374888101163,28.572022886431036,28.619803283107746,1243757
2022-06-20,27.95089340209961,28.858700925410172,27.759775453201858,28.66758297651242,1486357
2022-06-21,28.71535873413086,28.858698093053956,27.759772728700405,27.759772728700405,933469
2022-06-22,28.76314353942871,28.906481097700034,28.2375700622526,28.81092211797384,1065904
2022-06-23,28.76314353942871,29.336495595149948,28.572025579976316,29.09759905715243,921762
2022-06-24,28.858699798583984,29.193153462142103,28.763140827866337,29.193153462142103,730577
2022-06-27,29.09759521484375,29.28871132642351,29.00203624773602,29.19315235931578,894930
2022-06-28,29.049816131591797,29.145375103014082,28.906478585776263,29.145375103014082,471283
2022-06-29,28.76314353942871,29.00204007742623,28.667584559702515,28.858702519154907,698214
2022-06-30,28.667583465576172,28.954258571177583,28.572024489497075,28.763142441655265,565456
2022-07-01,28.667583465576172,28.90647999445597,28.47646551341798,28.763142441655265,763473
2022-07-04,28.906476974487305,29.002035940582992,28.619801898835917,28.858698402757298,725497
2022-07-05,28.906476974487305,29.240932444504377,28.66758047056592,29.002035940582992,712911
2022-07-06,29.049816131591797,29.145375103014082,28.667582068538444,28.954257160169515,737910
2022-07-07,29.24093246459961,29.38427000252381,29.04981453227689,29.097594926675413,1009691
2022-07-08,29.52760887145996,29.718726812397676,29.240933782689147,29.336492753158005,1339884
2022-07-11,29.623167037963867,29.76650457845913,29.432049102213043,29.623167037963867,998263
2022-07-12,30.148738861083984,30.913206964743182,29.479829726041118,29.62316726764775,2837135
2022-07-13,29.575387954711914,30.530973971696003,29.479828988486368,30.435415005470457,1319761
2022-07-14,29.33649253845215,29.862064138230707,29.24093356868266,29.718726594894353,639863
2022-07-15,29.145376205444336,29.52761028295578,28.906479679170204,29.432051307918957,788658
2022-07-18,29.575387954711914,29.814284458957935,29.145373518014797,29.145373518014797,963681
2022-07-19,29.52760887145996,29.814285782866534,29.384271327074554,29.52760887145996,661213
2022-07-20,29.288713455200195,30.435417498566856,29.09759732972964,29.814286901174846,2787359
2022-07-21,29.52760887145996,29.670946415845364,29.193153386136835,29.336492753158005,869370
2022-07-22,29.575387954711914,30.005400568773343,29.527607560281297,29.71872549273239,1544044
2022-07-25,29.479829788208008,29.718726298934758,29.38427081939016,29.718726298934758,606923
2022-07-26,29.432048797607422,29.623166731380284,29.288711258595622,29.52760776449385,576358
2022-07-27,29.623167037963867,29.76650457845913,29.28871156171778,29.336491956973344,1054046
2022-07-28,29.575387954711914,29.814284458957935,29.527607560281297,29.76650406452732,956274
2022-07-29,29.575387954711914,30.005400568773343,29.527607560281297,29.670945098301775,1388156
2022-08-01,29.718727111816406,30.53097563503153,29.62316814038478,29.718727111816406,4079919
2022-08-02,29.623167037963867,30.100960054705222,29.479829497468607,29.814284973714695,3214085
2022-08-03,29.623167037963867,30.05318148208537,29.527608070088455,29.623167037963867,2400261
2022-08-04,29.575387954711914,30.10095953499889,29.527607560281297,29.814284458957935,2218873
2022-08-05,29.575387954711914,29.862063030752868,29.479828988486368,29.623166526506843,1769505
2022-08-08,29.718727111816406,29.90984323204387,29.52760916895316,29.766505686214327,2191796
2022-08-10,29.814287185668945,30.005403312963168,29.718728210703905,29.90984433799813,1332591
2022-08-11,29.623167037963867,30.339856563075898,29.479829497468607,30.14873862732507,3477682
2022-08-12,29.575387954711914,29.71872549273239,29.527607560281297,29.575387954711914,1771097
2022-08-16,29.623167037963867,29.76650457845913,29.57538846534402,29.67094561058372,1458420
2022-08-17,29.814287185668945,29.862065761833538,29.670947811903464,29.7665067868685,1508868
2022-08-18,29.814287185668945,30.053183711763612,29.623169235738867,29.862065761833538,1710594
2022-08-19,29.766504287719727,30.196518727641134,29.718725715566546,29.90984182681496,2359422
2022-08-22,29.52760887145996,29.814285782866534,29.4320499009911,29.814285782866534,1451765
2022-08-23,29.33649253845215,29.479830081788506,29.19315317248004,29.33649253845215,1363705
2022-08-24,29.3842716217041,29.527609167526723,29.33649304730849,29.3842716217041,1099617
2022-08-25,30.148738861083984,30.674310454520217,29.432049330415087,29.52760829903142,5246018
2022-08-26,30.865428924560547,31.152104012722482,30.196519777970785,30.244298351785854,4678312
2022-08-29,31.391000747680664,31.916575999154645,30.100961019249997,30.33985753527579,7743208
2022-08-30,31.438783645629883,31.916576687993427,31.29544427481217,31.773237317175713,3235596
2022-09-01,31.486560821533203,32.01213241572211,31.295442884026837,31.343221457085566,3952351
2022-09-02,31.343219757080078,32.25102717704371,31.10432325947235,31.6298948251551,5567164
2022-09-05,31.486560821533203,31.916575269604657,31.343221457085566,31.343221457085566,3000913
2022-09-06,31.438783645629883,31.821015892357746,31.3432228499942,31.629897946358003,1834375
2022-09-07,31.67768096923828,32.489927703722664,31.152105693107746,31.24766649116408,6048592
2022-09-08,32.10769271850586,32.489928631098095,31.725460451185445,31.821017606697595,6298511
2022-09-09,32.346588134765625,33.15883850963745,32.05991303286391,32.39437035614232,6694021
2022-09-12,32.489925384521484,32.96771840488209,32.394368238557945,32.72882189470179,3412159
2022-09-13,32.96772003173828,33.158837978367906,32.44214841246055,32.63326635909017,3905232
2022-09-14,32.633262634277344,33.01549483863636,32.10768742971797,32.394366139576256,3798975
2022-09-15,32.442142486572266,32.872156876624494,32.34658170807679,32.77659609812901,2059941
2022-09-16,32.29880905151367,32.72882352025012,32.05991252946805,32.489926998204496,4177796
2022-09-19,32.6810417175293,33.15883471443683,32.203248720621765,32.48992378971203,3933196
2022-09-20,33.0154914855957,33.254387956034556,32.77659501515685,32.9677129205621,5931476
2022-09-21,33.30217361450195,34.162202549378165,33.01549851796709,33.01549851796709,6643770
2022-09-22,34.697784423828125,34.89028327275848,33.15780097560561,33.205924769935656,9844917
2022-09-23,33.87967300415039,35.32340903837603,33.63905033177945,34.89028749378622,5371546
2022-09-26,32.38780975341797,33.63904678344083,32.14718710642856,33.63904678344083,4700031
2022-09-27,32.339683532714844,32.965303907635274,32.099060876454736,32.48405859511505,2082800
2022-09-28,31.954687118530273,32.82092641393131,31.762188273460012,32.0990584986254,1625666
2022-09-29,31.71406364440918,32.532179124887314,31.61781238860529,32.243432700695614,1735107
2022-09-30,32.43593215942383,32.72467858912349,31.714064249369635,31.76218804238457,5753854
2022-10-03,34.553409576416016,35.08277860419084,32.62842862333679,32.77279999185186,15187837
2022-10-04,34.50528335571289,35.61214891216747,34.36091198200789,35.323402493147555,7630575
2022-10-06,34.93840408325195,35.70839574160379,34.457158837830825,34.64965767032125,8076196
2022-10-07,34.649658203125,35.227151037866456,34.40903557671441,34.89028082953559,3984607
2022-10-10,37.055885314941406,37.825877002748065,34.16841373195896,34.601535203728325,33430971
2022-10-11,35.467777252197266,37.537133517308376,35.32340586471224,37.24838707072806,13514062
2022-10-12,35.61214828491211,36.28589236516485,35.419649451752775,35.61214828491211,5951285
2022-10-13,35.419654846191406,36.045275231339204,35.27528345304143,35.70840130410177,5302937
2022-10-14,35.419654846191406,36.81526700963698,35.27528345304143,35.900900166578815,8736716
2022-10-17,36.38214111328125,36.863386375815686,35.227151748876615,35.46777438014383,9253995
2022-10-18,36.430267333984375,37.15213527591228,36.093397096395435,36.815265038323346,9051597
2022-10-19,35.660274505615234,36.76714011800902,35.51590312461394,36.57464127173052,4189566
2022-10-20,34.40903854370117,35.804650631543964,34.21653969165213,35.660275574604626,12843853
2022-10-21,34.74591064453125,35.32340723165,34.457164186777085,34.60153925145937,4419964
2022-10-24,35.756526947021484,35.94902212805566,34.938407741185344,35.13090659382974,2595886
2022-10-25,37.970252990722656,38.6439971110898,35.51590281873741,35.94902062962122,32375078
2022-10-27,39.702735900878906,40.47272762039211,37.44088453638198,38.40337510367601,27430574
2022-10-28,39.125244140625,40.328357383920846,38.93274528737562,39.46211438010374,13324447
2022-10-31,38.4996223449707,39.943358182907104,38.30712349892383,39.46211290359497,10055200
2022-11-01,38.6921272277832,39.75086553881076,38.114630599541265,38.595875953937544,11478229
2022-11-02,38.451499938964844,39.221491679329006,37.77775578929236,38.83649397334181,9229976
2022-11-03,41.05022430419922,41.38709453526077,38.30712397505887,38.49962282349839,31445960
2022-11-04,44.322689056396484,44.75581053785907,41.67584004609299,41.77209130397916,69164175
2022-11-07,48.89451599121094,52.11886132469918,44.90018267427602,45.092677834332775,105238512
2022-11-09,50.04950714111328,51.39699534047954,47.4989057893164,49.953259557562816,61408329
2022-11-10,47.25828552246094,50.53075492938925,46.87329149739359,49.66451194766995,27966327
2022-11-11,49.23139572143555,50.29013391414179,47.49890970193766,50.29013391414179,39360410
2022-11-14,52.50386047363281,53.947596345528915,47.98015400736966,49.520141140358284,57183441
2022-11-15,58.375057220458984,59.43379542744547,53.562604149410774,53.8513505993516,149513441
2022-11-16,61.3587760925293,62.08064404655905,58.375056684517084,59.289419822333215,106255171
2022-11-17,58.76005172729492,61.35877714050915,56.45007643791255,61.35877714050915,76883204
2022-11-18,60.829402923583984,61.50314703658452,58.904421841645316,59.14504447688765,46353447
2022-11-21,59.48191833496094,61.02190549764963,59.09692429799646,61.02190549764963,21905425
2022-11-22,55.8244514465332,59.67441361525963,54.910084697138664,59.4819147725013,23580025
2022-11-23,61.406898498535156,61.406898498535156,54.47696556238597,55.77633005319468,50605727
2022-11-24,64.63124084472656,67.18184222918023,62.0325119962715,62.46563714262402,92474825
2022-11-25,70.55056762695312,71.07993307885572,65.01624638594942,65.30498917519967,74360905
2022-11-28,77.09549713134766,77.57674244096059,71.36868088424202,73.43803718422177,127136239
2022-11-29,75.0261459350586,80.9454651146064,73.24553963700825,78.25049560337976,117037131
2022-11-30,71.32054901123047,74.30426827791182,71.32054901123047,73.91927792857503,29921056
2022-12-01,72.23492431640625,74.88177353416206,69.87681788010954,70.83930850474803,64056280
2022-12-02,72.3311767578125,73.91928786354427,71.41680619719303,72.3311767578125,17394032
2022-12-05,68.72183227539062,74.06365085233554,68.72183227539062,73.05304009934524,18116172
2022-12-06,69.29931640625,70.45430207573291,65.8824721739317,67.85558064778647,33248967
2022-12-07,67.80745697021484,69.97306072879371,67.51871420833645,69.68431796691533,13041752
2022-12-08,67.99996185302734,69.53994533293263,67.47058908967531,67.75933920481651,9807645
2022-12-09,64.82373809814453,68.5774527711015,64.63124292239095,68.3368301297994,12421135
2022-12-12,68.0480728149414,68.0480728149414,63.524370574924006,64.00561580655221,18964486
2022-12-13,69.82869720458984,71.41680084815319,69.01057430551703,69.68432214338755,29250879
2022-12-14,71.22429656982422,71.60929423614289,68.43307266803852,69.82868829054122,12567429
2022-12-15,70.06932067871094,71.12805890121466,69.44370030166124,70.74306118124402,8970104
2022-12-16,67.51871490478516,70.45430673520694,66.89309456609845,69.10682581276824,7915636
2022-12-19,67.42247009277344,68.38496070170257,66.07498177162854,68.0480831140009,6550101
2022-12-20,70.79118347167969,70.79118347167969,67.56683422809996,67.8555843327615,14079409
2022-12-21,67.27809143066406,72.81241213569432,67.27809143066406,72.23491926990042,15449962
2022-12-22,63.957496643066406,68.19245669942397,63.957496643066406,67.85558646222721,8020230
2022-12-23,60.78128433227539,63.95749898334983,60.78128433227539,63.95749898334983,7499743
2022-12-26,61.31064987182617,63.235627334831555,57.94193288624902,59.19316988942708,19245865
2022-12-27,61.16627502441406,63.42813006818314,60.49253089070391,62.03251433494699,8866063
2022-12-28,64.1981201171875,64.1981201171875,62.80251168372624,63.043134333855456,13819215
2022-12-29,65.97872924804688,67.37433758939636,63.62062302648598,65.40122905127602,18565280
2022-12-30,65.68997955322266,67.18184283201245,65.11248669612407,67.08558790314595,6622596
2023-01-02,65.97872924804688,66.79684473584554,65.25686134530335,65.68997914966145,5203364
2023-01-03,69.25120544433594,69.25120544433594,66.17123802969685,66.60435592314806,21672205
2023-01-04,70.64682006835938,72.18680374630289,69.63620187862257,70.79119514449626,17255566
2023-01-05,69.34745025634766,71.84992433287434,68.43307978583374,71.36867903572612,6983515
2023-01-06,69.73243713378906,71.51305051880674,68.72182646622726,70.8874301951427,8186267
2023-01-09,69.4437026977539,71.6574268133314,69.10683243486396,71.22430895293303,4675388
2023-01-10,67.71121215820312,69.78056841430595,67.32621445003181,69.49181829737235,4668639
2023-01-11,69.4918212890625,69.97306660918959,67.71121507323646,68.24058786266458,6309231
2023-01-12,72.956787109375,72.956787109375,69.58807016211505,69.97306051008289,30422685
2023-01-13,76.56613159179688,76.56613159179688,74.3042727651387,74.88177301045948,23634703
2023-01-16,73.91928100585938,78.68360653783455,73.43803570593379,78.25048870518972,21961954
2023-01-17,71.65742492675781,74.59302430441338,70.74306175966946,73.9192837963715,10587375
2023-01-18,75.21864318847656,75.21864318847656,73.34178207936218,73.63053220175536,16306972
2023-01-19,74.30426788330078,76.85486932182253,74.1599001746763,75.17051085114856,12203134
2023-01-20,73.87114715576172,76.03675081830848,73.72677210961463,74.78551020932684,8218975
2023-01-23,73.29364776611328,74.64113583773096,73.1492727328651,74.64113583773096,3657558
2023-01-24,72.61991882324219,74.30427751218757,72.42742362465117,73.2455392334947,3555260
2023-01-25,72.86053466796875,74.5930206658839,72.2830417830705,73.14928478202809,6912585
2023-01-27,70.16555786132812,73.91927222340783,69.2511874941748,73.63052214047107,7990713
2023-01-30,69.78057861328125,72.09055785671005,68.72184026848268,70.26182398302802,5743643
2023-01-31,73.24552917480469,73.24552917480469,69.6843170873784,70.45430511922241,11721363
2023-02-01,69.92493438720703,76.46986520283386,69.58806419003542,74.97800937443974,23016937
2023-02-02,71.03181457519531,72.76429337994333,70.2618190998266,70.2618190998266,7695165
2023-02-03,69.58807373046875,72.37929061246524,68.43308059767864,71.80179771768047,5977975
2023-02-06,68.6737060546875,70.06932189592249,67.66309528333203,70.02119442638232,4082199
2023-02-07,69.15495300292969,71.07993433825534,68.86621020856346,70.35806633750822,6924317
2023-02-08,70.79118347167969,72.90865976179693,68.33682961171725,69.78056544858453,10476774
2023-02-09,69.78057861328125,71.46493740739494,69.15495816396613,70.79119682703809,4784724
2023-02-10,68.91431427001953,69.78055713761307,68.81806669433566,69.73242967816148,3393279
2023-02-13,66.65247344970703,68.43307957502624,66.41185080187415,68.33683198453717,5530564
2023-02-14,67.22996520996094,68.57745348390274,64.91998636080646,66.60434486742864,7080814
2023-02-15,68.0962142944336,68.5774596251363,66.7487258998218,67.37434629837952,4186961
2023-02-16,67.66309356689453,68.96245443608778,67.51871850515735,68.33683406404046,3320801
2023-02-17,65.88247680664062,67.5668353099551,65.4493589859336,67.5668353099551,4849471
2023-02-20,63.861236572265625,66.17121500094231,63.6206139722622,66.12308754365404,4067913
2023-02-21,62.51375961303711,64.10187052291344,61.84001915101456,63.86124788030249,7580165
2023-02-22,59.963165283203125,62.22502045793795,59.48191997006087,61.503152488224565,7458180
2023-02-23,62.61001968383789,63.81313299564707,59.24129873916175,59.96316672624725,13077206
2023-02-24,60.733158111572266,64.87187081423194,60.49253545079487,64.48687308834391,11041811
2023-02-27,58.95254898071289,60.73315511393522,58.80817392272827,60.54065993210272,5107341
2023-02-28,55.295082092285156,59.28941561839742,55.00633566546897,59.14504424079434,12672298
2023-03-01,56.30569839477539,57.17194137718523,53.947595761868754,55.34320782392453,13757147
2023-03-02,63.187503814697266,64.96810979982631,59.48191312685233,59.67441196428491,89921655
2023-03-03,63.331886291503906,65.83436045691691,62.22502060010371,64.39062451419163,30085137
2023-03-06,62.94688415527344,64.29437240925817,62.70626151503403,63.524377023203975,12489978
2023-03-08,61.599395751953125,62.80250895023346,61.40689690590625,62.80250895023346,8326899
2023-03-09,63.71687698364258,64.39062483284772,61.45502546415701,61.74377559141933,17999131
2023-03-10,64.10186767578125,64.77561545109909,62.32126166819121,63.428127243683385,14685079
2023-03-13,61.551273345947266,64.10187118083584,61.214399439868274,64.00562359144766,8235118
2023-03-14,60.925655364990234,61.84002218611082,59.72254209288691,60.68503271056957,8885622
2023-03-15,60.3000373840332,62.22501857845903,59.86691588096534,61.59939822162654,5484970
2023-03-16,59.674415588378906,60.107537081003684,58.038180878246486,60.059413286625414,6603537
2023-03-17,60.58878707885742,62.176894446478656,60.300040618527234,61.59940152581829,10572194
2023-03-20,62.1768913269043,62.41751397704187,61.26252819366974,61.35877578508066,14611658
2023-03-21,61.7437744140625,63.42813299012613,61.11815404573759,63.13938286836983,7922128
2023-03-22,63.139381408691406,63.38000405685198,61.31065148563716,61.69564551972794,8352816
2023-03-23,62.273136138916016,62.94688393516255,62.080640964685685,62.85063634804739,4343060
2023-03-24,62.32126998901367,63.71687850321672,61.84002466091318,63.23563317511623,12029374
2023-03-27,64.00563049316406,64.63125090647833,61.310657311984535,62.89876473779594,15200230
2023-03-28,63.71687698364258,64.4387449585776,62.17689343909203,64.19812230026592,8572136
2023-03-29,64.53500366210938,64.87187393475801,62.75439001212721,63.47625802918337,8258998
2023-03-31,66.02684783935547,67.08558593687475,64.77561457618536,65.3531074163577,16282805
2023-04-03,72.52366638183594,73.34178193605722,67.37434305950372,67.37434305950372,53179154
2023-04-05,72.3792953491211,74.68927442265071,71.32055708219282,73.774911224672,29291754
2023-04-06,72.84256744384766,73.6311157429686,72.05401162450109,73.18755779472717,14057553
2023-04-10,73.23683166503906,73.77895710931533,71.8075754496397,73.03968898693697,12834318
2023-04-11,72.44829559326172,73.53255429537413,72.20187281913498,73.33541908416323,5899954
2023-04-12,71.70902252197266,73.13827150916565,71.46259976416519,72.64542599355072,7311924
2023-04-13,72.4975814819336,73.82826292744227,72.05401598661331,72.15258358994245,10190008
2023-04-17,72.05401611328125,72.59614921288373,71.51189053390488,72.39900648565278,4423677
2023-04-18,73.92681884765625,76.09533585909753,72.20185974121094,72.20185974121094,20665863
2023-04-19,73.38469696044922,74.7153859176311,73.03970659090156,74.32110798662262,7903694
2023-04-20,75.99677276611328,76.68676096163514,73.33541013828348,73.8282556264168,27529013
2023-04-21,76.39104461669922,78.6088491378292,75.60248888998532,77.8202934111153,26606072
2023-04-24,86.494384765625,87.48007576010505,75.70107138415857,76.39105207220442,124186965
2023-04-25,103.10327911376953,103.79326733940847,87.0858000502945,87.43079040300114,265783162
2023-04-26,103.25113677978516,113.05875965197035,98.81552708518818,106.50392023057994,395800528
2023-04-27,101.72331237792969,104.4832502995942,99.3083723366426,103.44827169891354,95231203
2023-04-28,106.01107025146484,109.41170119957772,102.31472899472236,102.75828693744124,109682443
2023-05-02,116.60725402832031,116.60725402832031,110.89024293977913,110.89024293977913,92737237
2023-05-03,128.23841857910156,128.23841857910156,119.8107566362457,120.74716017646243,141043167
2023-05-04,127.44984436035156,137.45460160577582,122.52138955167943,133.80754805544854,108787376
2023-05-05,139.6231231689453,140.16525622328908,124.83776579134596,126.66129262469926,89930074
2023-05-08,133.0682830810547,142.3337723312589,132.67401270292078,139.9681199815538,54717503
2023-05-09,126.41486358642578,135.4832172644575,126.41486358642578,133.06827745939555,28750628
2023-05-10,120.1064453125,122.9156631225883,120.1064453125,121.43712664146547,4063117
2023-05-11,124.88704681396484,126.06988052725617,117.29722911463735,118.77576561608235,51443098
2023-05-12,118.67719268798828,126.80913556035055,118.67719268798828,125.57702938472917,21812742
2023-05-15,118.97290802001953,123.16209502805157,115.42442170549641,121.7328459981075,22629191
2023-05-16,117.05079650878906,120.59928230943157,115.03012711886316,120.10643685044721,19515392
2023-05-17,120.1064453125,122.61996033849898,117.44508265456906,117.7900729961193,27047616
2023-05-18,119.12075805664062,122.42282146387639,117.44508633363311,121.92997595473,11139331
2023-05-19,114.53730010986328,120.64858929782781,113.55160903311669,119.95860103196952,15519596
2023-05-22,114.24159240722656,117.79007862752526,112.22092277832932,114.83300552390537,22110096
2023-05-23,111.38309478759766,115.12872399208527,111.03810440513266,114.58659087662149,13243599
2023-05-24,113.3544692993164,116.95224308981813,109.41170514977496,110.59453138654708,25125303
2023-05-25,113.20661163330078,114.68514815664444,112.07306546135885,114.04444749248373,8586978
2023-05-26,114.19229888916016,116.50867119542178,113.10804031178508,113.99516370062847,11470740
2023-05-29,119.86002349853516,119.86002349853516,114.93156852310011,115.27655886733547,21255724
2023-05-30,113.89659118652344,117.69149980352532,113.89659118652344,115.81868551247015,21325891
2023-05-31,118.28292083740234,119.56432215456444,109.01742386776071,111.03809344015657,37688329
2023-06-01,116.75508880615234,121.68354350493843,116.3608184464295,121.19069803505982,15717749
2023-06-02,116.26226043701172,118.03650739763448,115.47371208135529,117.59294941759187,7803213
2023-06-05,115.27656555175781,117.39580281812599,114.43872966139624,114.43872966139624,11124037
2023-06-06,118.13506317138672,119.26860930936378,115.22727777069488,115.57226811175953,17258863
2023-06-07,125.28132629394531,130.30834895803355,119.26861261649758,119.66289052588651,77730167
2023-06-08,123.55636596679688,127.74556025807213,121.33856120565292,126.90771688768174,20246282
2023-06-09,123.45779418945312,124.9856182034806,120.45143371806694,124.14777486146374,13927005
2023-06-12,122.0285415649414,124.83775924415185,121.73283127440342,123.9999234479277,8927831
2023-06-13,120.20500946044922,122.66923685832825,119.90930668483885,122.57066926645813,9442611
2023-06-14,121.92996978759766,123.95063928098413,119.86002025792449,120.64857604076441,13905348
2023-06-15,121.14143371582031,123.50709378217846,120.89501094891271,122.47211515307613,8875001
2023-06-16,121.0921401977539,123.01424219721945,120.35287193339616,121.53570566850395,10555409
2023-06-19,122.66924285888672,125.97131374975078,121.23999390629301,121.43712909967643,15461555
2023-06-20,120.94429016113281,122.61996947675398,116.31154518311605,116.31154518311605,26873495
2023-06-21,122.0285415649414,125.9220177757493,121.23998580365685,125.18274956962944,18687198
2023-06-22,121.68354797363281,122.61995891292587,120.0571638794863,122.47210376248746,8259055
2023-06-23,119.41647338867188,121.88070103796257,118.62791753280847,121.88070103796257,6318403
2023-06-26,121.53570556640625,122.9156669758676,120.55001454809063,121.2399952528213,9499004
2023-06-27,122.12712097167969,125.77417479999168,121.43713273373835,122.0285533720383,18696042
2023-06-28,121.23999786376953,123.06352478287863,120.94428754381636,122.7185344230838,6120935
2023-06-30,120.15573120117188,121.83140284841492,119.76145330763664,121.78212281186386,6977844
2023-07-03,120.1064453125,121.23999145207259,119.76145497094976,121.14142385737615,6882222
2023-07-04,120.20500946044922,121.92996863896454,119.51502879713317,120.05716183275663,6978884
2023-07-05,122.32424926757812,124.1970636359752,119.26860872978571,120.2542997110236,17210344
2023-07-06,121.0921401977539,123.40851258869638,120.84571744296798,122.22568637381426,8323469
2023-07-07,120.15573120117188,122.66923867203646,119.86002090096412,121.73283525508745,9294602
2023-07-10,120.50071716308594,123.408502421917,120.10643928386519,122.12710871473088,9605491
2023-07-11,119.21932983398438,121.83141262807916,118.92362703026527,121.239999500415,8036326
2023-07-12,118.97290802001953,120.64858733536794,117.88864935727996,119.71217631555459,10302856
2023-07-13,116.95223999023438,119.56432267412275,115.37513587626094,119.36717995973507,7946038
2023-07-14,117.79007720947266,120.10644960871004,117.19866409991376,119.26861374348277,8863951
2023-07-17,117.93793487548828,119.76146180217583,117.05081143216773,118.38149283703564,8493109
2023-07-18,117.93793487548828,120.05717212335797,117.44508935366864,118.72648319826422,10815497
2023-07-19,118.1843490600586,119.5150303683623,117.83935872386509,118.77576213927966,5903962
2023-07-20,126.85843658447266,127.94270276811126,117.44509146095187,118.38149496112048,71718021
2023-07-21,134.69467163085938,137.01105153998205,128.23840749353064,128.58339032565547,103032705
2023-07-24,133.80755615234375,144.5515822692059,130.8011955290443,139.13028165161555,70774038
2023-07-25,127.6962890625,133.56114828539154,126.16846480096027,133.56114828539154,39446235
2023-07-26,132.32901000976562,133.6104112525871,128.68195650362006,129.27336204922594,34898129
2023-07-27,124.19707489013672,128.5341095844051,123.21138381958008,124.19707489013672,61077617
2023-07-28,119.21932983398438,121.38785466238753,117.93793597741636,120.99357673720277,74826227
2023-07-31,122.32424926757812,123.90135333351368,120.50072245633308,120.94428038979999,54533231
2023-08-01,123.3099365234375,124.6899053595247,122.76781101227031,124.09849229269452,29234876
2023-08-02,121.7821273803711,124.44349010117732,120.00788055301655,123.21137633779932,23973096
2023-08-03,121.53570556640625,123.30994488723897,120.40215939129816,122.22568627113692,14425991
2023-08-04,120.89500427246094,122.42282083077842,120.50072636313764,122.17639807747958,11897709
2023-08-07,123.35922241210938,124.09849061571343,120.8949950667625,122.2256763292048,24525745
2023-08-08,122.12712097167969,124.29563824469345,121.0921423748806,124.14778308511846,14079922
2023-08-09,125.33061981201172,127.30199441224137,121.78213349923679,122.61996939638524,44912351
2023-08-10,124.7884750366211,126.80913700875422,124.1970619599047,125.67559841180834,18515076
2023-08-11,124.29563903808594,125.77417560282184,123.95064867702607,125.37989768151377,10302756
2023-08-14,123.45779418945312,125.52774372571028,121.48641224630818,125.47846368926683,11631292
2023-08-16,122.86639404296875,124.9856313589569,122.32426094345105,123.16209685342977,16655371
2023-08-17,123.06351470947266,124.88704147931634,122.47210163820243,123.45779259706121,12231236
2023-08-18,121.0921401977539,123.45780014774382,120.64858224722953,123.01424219721945,9816820
2023-08-21,122.7185287475586,123.4085094352378,121.04285706592309,121.48641500511322,12614724
2023-08-22,122.767822265625,123.80279334739083,122.22568918453872,123.40851542662134,8220149
2023-08-23,122.81710052490234,124.39420466488862,122.27497497190198,123.21137843995534,10090234
2023-08-24,123.06351470947266,126.90771095306691,122.6692368218841,123.40850504102818,21592871
2023-08-25,122.12712097167969,123.75351268655291,121.23999753445558,122.22568857132107,9332051
2023-08-28,125.03489685058594,126.02058781120581,121.92996882058829,122.47210185701931,20693995
2023-08-29,125.92202758789062,130.94905779740378,125.33061448095545,127.05556624275567,73184822
2023-08-30,126.66129302978516,129.125520520637,126.21773508952202,126.95700333677757,24386109
2023-08-31,129.17481994628906,130.89977934836344,128.13984129695396,128.63268684040378,28446824
2023-09-01,136.32106018066406,137.01104083143738,128.73124294125722,129.9140690626472,72952804
2023-09-04,152.190673828125,161.1111797675036,140.55953286720262,140.95380322367626,243994049
2023-09-05,154.50704956054688,160.667617724843,150.51499838199308,155.7391631934061,93875981
2023-09-06,147.705810546875,154.654920449391,145.88227607969802,154.654920449391,50668451
2023-09-07,151.69784545898438,155.14776410851704,146.8186778055928,148.54363713035914,47181664
2023-09-08,160.51979064941406,163.42757618702862,152.14141687365426,152.53568727045058,94642035
2023-09-11,186.78843688964844,189.00624154928806,165.69465636525618,166.58177221293187,229093837
2023-09-12,167.4196319580078,196.39894300211387,158.84410773433692,193.68829259681493,185688235
2023-09-13,164.31468200683594,173.08734068097337,155.93630874572693,164.31468200683594,123372887
2023-09-14,168.5038604736328,172.20020143915758,165.89178554084194,168.55314802792978,54896101
2023-09-15,167.71530151367188,170.0316811572108,165.84249480985923,169.98239360385793,37898734
2023-09-18,162.9840087890625,169.29242501507423,161.75189506988437,169.29242501507423,17676535
2023-09-20,161.4627227783203,166.69828680063844,158.5485927792739,161.80847340247334,19113572
2023-09-21,156.86927795410156,163.58660508455043,156.07900151406005,161.3145659719071,17920990
2023-09-22,164.82139587402344,165.90801271456462,156.77047686761452,158.0546741094071,34462689
2023-09-25,167.7355194091797,169.6124125621435,162.79631103478258,165.31531032037864,34727498
2023-09-26,164.67320251464844,168.67396427191548,163.2902302131755,168.2294385373897,15986625
2023-09-27,166.4513397216797,168.18006283451612,164.7720117124353,165.3647077357319,14165805
2023-09-28,164.08050537109375,167.7355164898816,163.24083393275293,167.29099075857602,12565456
2023-09-29,167.3897705078125,169.85937472030093,164.17928503157754,164.92016629532407,15240934
2023-10-03,170.40269470214844,174.74919218988146,168.3282210851628,168.7727619125656,27914702
2023-10-04,169.06910705566406,172.32898779851183,166.4019373836136,171.2917509612509,18738459
2023-10-05,168.13064575195312,171.19296089510544,167.24159429659528,170.00755393020586,10154669
2023-10-06,167.98248291015625,170.69904756592004,166.5501154699526,168.72336417991002,11080543
2023-10-09,159.2894744873047,164.22868299853894,158.30163278505782,163.4878017218538,21811811
2023-10-10,163.33963012695312,165.31531351488957,160.52427526983647,160.52427526983647,16819515
2023-10-11,163.1914520263672,166.30316254356822,162.74692625912954,164.3768590967572,8395665
2023-10-12,162.8950958251953,165.4140952602795,162.2530047277264,164.32747839738832,7194861
2023-10-13,165.95741271972656,168.72337261304241,161.26516444342477,161.80848041638714,27614191
2023-10-16,163.9323272705078,166.69828704803248,163.33963129385347,165.95740577226346,8047553
2023-10-17,168.27883911132812,172.0820206007737,163.98172170012015,165.16712872185295,39872845
2023-10-18,164.96957397460938,169.61242723349247,164.47565309444587,168.67398057583563,12134308
2023-10-19,164.7226104736328,166.35254331857715,162.54936165595078,163.9817291671547,7683165
2023-10-20,166.20437622070312,170.45209880593063,164.7226135798053,165.6610602377201,17925748
2023-10-23,155.83201599121094,167.14279955721912,154.10329315137184,166.89583915152784,15748746
2023-10-25,149.312255859375,160.37609413799018,145.26211423351322,158.05466028573662,22285809
2023-10-26,149.6580047607422,151.0409769932509,140.42167962573947,146.94144031789043,28015351
2023-10-27,155.78262329101562,156.5728996160339,150.74463998140007,151.2385608003781,16533451
2023-10-30,154.4490509033203,157.363180810818,151.83126143776627,156.47411426518414,10466570
2023-10-31,152.27578735351562,158.00527205237526,151.63369629752373,155.28870746072582,11535283
2023-11-01,151.13978576660156,153.7575603404411,150.7446551010944,153.11546924067477,7934752
2023-11-02,152.17701721191406,153.85634509070636,151.4855310351488,153.11546381418609,6654814
2023-11-03,152.12762451171875,153.80695241699962,151.53491345184625,153.16486132986142,8110790
2023-11-06,152.6215362548828,155.38749591363774,152.17701052316286,153.11545708418663,9802051
2023-11-07,154.25148010253906,156.5729141972313,152.52275707512484,153.41182367604188,10398420
2023-11-08,160.0797576904297,160.9688092310586,154.39966766028027,154.9923636629433,20438743
2023-11-09,158.74615478515625,162.3517859571151,158.0546686245773,161.0181936612881,12066384
2023-11-10,154.30087280273438,157.01743751782922,153.41182128891975,155.6838602471073,10860264
2023-11-13,154.99237060546875,156.02960749817564,154.69603012749775,155.83204215510517,5658184
2023-11-15,158.59799194335938,160.91941095285486,156.67170359450654,160.03035942977465,10489711
2023-11-16,156.52352905273438,158.74617308650923,156.22717350024382,158.20285708582145,5767081
2023-11-17,164.82139587402344,166.94524952806125,156.17778088366524,156.81987196792736,49242214
2023-11-20,162.69752502441406,167.53795839983476,162.05543394852768,165.6116550256393,15508870
2023-11-21,164.8707733154297,169.0197205043491,163.2902356430839,163.58659116704501,18276062
2023-11-22,163.78416442871094,165.8586230504283,161.70969073372476,165.56228258537496,10600693
2023-11-23,164.77200317382812,166.1549755631229,163.58659611539423,164.1792921079769,8264019
2023-11-24,164.96957397460938,166.45133661509988,163.29024599670728,164.9201788719392,9140137
2023-11-28,164.08050537109375,166.6488846371191,163.53718944471248,165.21651724812665,9900235
2023-11-29,163.33963012695312,165.4634837396776,163.04327460410906,164.72260246920143,7582017
2023-11-30,162.20359802246094,163.734755614505,160.129139574473,163.4384001010017,10151856
2023-12-01,162.993896484375,167.2910143300891,162.25301513671874,162.8457262441516,10803510
2023-12-04,170.3039093017578,173.4650149164018,164.87077975233288,166.94525342778442,42370540
2023-12-05,167.93309020996094,172.13141746520995,166.45132764928482,171.19297085810206,13059659
2023-12-06,168.77276611328125,171.34114557513414,165.71045071165705,168.32822527481392,15836447
2023-12-07,168.03189086914062,169.6618237580324,165.71045668360952,166.0562073319292,10201395
2023-12-08,169.06910705566406,173.61318506972682,167.48856932231908,168.9209368245991,24620500
2023-12-11,176.18157958984375,178.6017888276336,169.71121320641225,169.90877853889677,51111463
2023-12-12,175.78643798828125,183.34343648811483,174.45286065767698,181.02200232530402,32976209
2023-12-13,174.798583984375,177.26818820871844,173.0698610273346,176.5767020405559,10438818
2023-12-14,179.5402374267578,184.92397193054052,175.88522597935378,176.32975175062595,53402614
2023-12-15,180.92318725585938,184.72638353440388,178.99689910531444,181.02197744748403,33011787
2023-12-18,180.37989807128906,181.96043572649134,177.16941258861414,181.76287040374956,14940222
2023-12-19,181.61471557617188,185.61546268897234,180.7256489385624,180.97260938124236,23085130
2023-12-20,170.007568359375,185.22032502549487,167.933094689782,185.1215348228405,27386563
2023-12-21,175.24310302734375,176.08277446081166,163.58658359289973,168.72335716840738,19234072
2023-12-22,174.7491912841797,176.52730936477045,172.87229807722,176.2309538391273,8887707
2023-12-26,176.47792053222656,178.3054337775365,173.26743488249252,175.58886899699232,9823977
2023-12-27,175.6382598876953,178.60178503178489,174.40345774432467,177.16941756012858,6991847
2023-12-28,175.24310302734375,176.77426060252603,173.86013074391502,176.42852506830255,6859414
2023-12-29,179.34268188476562,182.40498242217174,174.99616891886225,175.24312936897257,20186770
2024-01-01,179.7871856689453,183.34342174445135,178.8981341867027,179.6883954716882,13833701
2024-01-02,178.60179138183594,181.17017088740266,175.34191059278115,180.1823291375842,7909774
2024-01-03,183.0470733642578,186.70208470628808,180.52807396864628,180.67624419704234,45596593
2024-01-04,183.24462890625,186.1093637062051,182.2567872409872,184.38064079199518,15879759
2024-01-05,182.4049835205078,184.62762758488412,180.77505056927308,184.0843266499857,10233509
2024-01-08,179.885986328125,183.24464220445168,179.09570992391028,183.1952471029504,8211288
2024-01-09,183.0470733642578,184.92396659919356,179.6390224517332,180.82442949870676,11569461
2024-01-10,194.9999542236328,196.77807237737113,180.626868907981,183.73856437207144,72587866
2024-01-11,197.3707733154297,202.9026777533725,196.13597119893333,198.3092199093133,51040633
2024-01-12,200.77883911132812,204.48324573699838,196.13598582180856,198.3586297972107,29429746
2024-01-15,217.96726989746094,227.84568711598658,201.07518549774318,201.76667168838628,136773825
2024-01-16,220.83201599121094,229.12988027728315,216.33733322239343,222.26438344766447,68897751
2024-01-17,237.4771270751953,242.91025616036487,213.42319189663232,220.68381899376212,114133165
2024-01-18,240.63824462890625,248.34339784564835,224.28946144666904,244.58961143678144,105611386
2024-01-19,287.7088928222656,288.7461145403495,242.02121456293588,242.76209583200608,178930889
2024-01-23,285.2392883300781,341.2993043049073,284.84415768291075,327.96344147389067,80917623
2024-01-24,295.21649169921875,301.8350128583725,261.9262150694952,285.2392847153655,53922343
2024-01-25,298.27880859375,306.033341697256,294.47561208038826,296.3525052510042,27527924
2024-01-29,295.4140625,304.94675947959644,289.73397245247605,302.0326142661647,17198256
2024-01-30,292.64813232421875,300.50148666799066,285.09114860743284,297.1428004413843,16994531
2024-01-31,304.5022277832031,305.7864100347845,291.80845491848856,294.0310989169061,21529178
2024-02-01,293.9322814941406,315.0227075111854,291.01816660951755,308.20660590979514,34481062
2024-02-02,290.9687805175781,298.3282137430332,283.6093774386614,296.5994906501514,17179265
2024-02-05,277.9292907714844,291.36394500585203,274.6200147799009,291.36394500585203,15716341
2024-02-06,281.73248291015625,284.79476825870336,263.951331173383,278.07745632787095,17061913
2024-02-07,277.4353332519531,287.7582603998402,276.6944520149334,285.5356166887811,9794286
2024-02-08,278.2750244140625,286.37530842523404,275.8548001429137,278.91711550236624,9231980
2024-02-09,256.09796142578125,269.5326146118508,247.45434652712902,254.86315929740235,35310986
2024-02-12,226.8084716796875,255.55467261503188,223.4004055858206,255.55467261503188,32239387
2024-02-13,242.71270751953125,253.2826109058372,220.78262435649302,225.72183295507227,52120543
2024-02-14,245.8244171142578,250.07212443545137,233.1306450313374,238.0698536125098,22348631
2024-02-15,256.24615478515625,259.6048108482508,245.18232973071994,247.108618210238,18846018
2024-02-16,248.63975524902344,256.5918840245933,247.70130863971806,255.85100274252034,10975697
2024-02-19,263.0128479003906,277.8798531597139,250.911787292767,251.2081428120971,51506679
2024-02-20,264.0007019042969,265.9763853610175,257.97486133199146,264.3464525385304,15398431
2024-02-21,257.1845703125,270.2734717019846,255.90035812598887,265.33426363048096,13483046
2024-02-22,258.17242431640625,260.09869746881367,250.41786124270004,258.715725171731,12248384
2024-02-23,261.3829040527344,268.59413596831195,259.8023513989472,260.7901930392474,14200106
2024-02-26,263.704345703125,269.53260552323775,260.39507008135075,263.30918491813947,14614169
2024-02-27,263.6549377441406,273.5827646927707,262.2719654246923,265.1367002606643,18452082
2024-02-28,255.8510284423828,267.1124190317744,253.87534482506712,265.0873553826416,10945242
2024-02-29,241.28033447265625,257.13518164960425,237.92167873243625,257.13518164960425,31125179
2024-03-01,243.2066192626953,246.26893450832975,241.57668651557017,242.41634290189276,10474862
2024-03-04,239.60101318359375,247.70131230617076,238.11925059751496,247.70131230617076,12608680
2024-03-05,238.31680297851562,245.1822995729841,235.25448777103904,239.6010001646596,8990938
2024-03-06,234.66180419921875,239.50222261025812,229.22867472536015,238.86013151992765,9329415
2024-03-07,235.0569305419922,239.0082973595025,233.32820755933142,235.55085139418097,6393948
2024-03-11,242.4657440185547,254.86316045861784,241.08277165777645,249.232465742209,25948260
2024-03-12,240.4900665283203,249.38064211216408,236.3411342705136,246.96043288454922,19693167
2024-03-13,219.89356994628906,242.61392920096372,216.8806497261242,242.02121814762145,26257106
2024-03-14,240.53944396972656,245.42925716718864,210.45966846742655,219.8935593256566,38958684
2024-03-15,242.56454467773438,245.7750303645803,229.47564149290108,239.50222922405072,28212318
2024-03-18,241.4285125732422,249.92395747317943,240.14433038397115,246.51590652228978,13484133
2024-03-19,242.4657440185547,244.78717805979124,237.47714038252113,239.9961397505448,9884197
2024-03-20,236.291748046875,245.28111417091475,234.61242005482066,244.98475862566536,11717711
2024-03-21,241.52728271484375,246.36770075630466,240.93457169727955,243.99688683258245,14067406
2024-03-22,246.812255859375,249.9239511987478,240.04553415531902,241.7248620380483,14803746
2024-03-26,257.28338623046875,264.5934088779582,249.47942765317066,250.91179512248394,43345234
2024-03-27,252.88748168945312,263.0622394019374,251.30692889958664,259.40724310606674,16973630
2024-03-28,249.82516479492188,255.70283508368357,248.29402218854034,255.50525468119835,11074200
2024-04-01,258.56756591796875,262.4695527058134,256.59188251076364,257.8266846402668,13309346
2024-04-02,261.1853332519531,263.5561472463791,255.40645341479666,257.8266775809717,13027421
2024-04-03,261.8274230957031,267.30996246303,258.66634783333643,260.19749036626797,13266979
2024-04-04,260.7408447265625,265.43309308864906,258.2712403254643,263.2104491276607,7680571
2024-04-05,260.8890075683594,264.3464536319212,255.90038873158352,259.20966456458586,12817238
2024-04-08,260.9877624511719,267.40873284311596,259.4072098638482,263.1116158592006,8897347
2024-04-09,258.913330078125,262.3707762214705,257.5303576500944,262.0744056069753,5674854
2024-04-10,256.9870300292969,259.9011753047982,256.09797846701224,259.01212374251355,4863470
2024-04-12,257.03643798828125,258.61696068691344,253.3814114179836,255.85101581776902,6856810
2024-04-15,247.9482879638672,252.9862870952296,242.02123725556757,243.99692082500079,14211279
2024-04-16,254.76438903808594,257.8267045854585,245.23172189019186,246.81227476753307,9732040
2024-04-18,256.74005126953125,258.8145248645467,254.072896772971,256.14734022145024,8129109
2024-04-19,255.3076934814453,259.2096500177073,248.73853728537853,250.56603534388347,9991595
2024-04-22,260.93841552734375,261.7780871191094,257.48096909369514,258.5676011450071,8530666
2024-04-23,273.9779052734375,276.59567978495204,260.9383825963894,262.7165157686432,33985045
2024-04-24,280.79400634765625,282.7203097426928,275.5584573380472,277.58352078695304,30147590
2024-04-25,283.6587219238281,289.28943135083085,282.37453984579184,284.4983933501755,21646420
2024-04-26,286.37530517578125,291.41330391687177,278.81832213741376,284.49841195952223,24631495
2024-04-29,285.2886657714844,292.6974783882633,283.21422235601483,288.2521908181959,14426490
2024-04-30,282.9178466796875,289.9315285268502,281.9794151863462,288.3509758343644,9939575
2024-05-02,285.3381042480469,288.30162958872967,281.33732695020194,284.49843270554567,9181814
2024-05-03,280.64581298828125,286.9679933881805,278.17620891437264,286.47407257339876,9283077
2024-05-06,272.9406433105469,282.3251392425303,267.7050944807914,282.3251392425303,10882535
2024-05-07,263.6055603027344,273.38518697834354,261.18533611007507,272.5455155147759,8819227
2024-05-08,266.66790771484375,269.0387220210607,257.826711488333,261.9756591341174,6891941
2024-05-09,257.87603759765625,271.2613093643444,255.85097437645587,267.705073575365,7979566
2024-05-10,257.87603759765625,260.14809136536707,248.83729298779465,257.87603759765625,10034497
2024-05-13,252.64051818847656,258.76514886984216,246.81225810903703,258.76514886984216,8125328
2024-05-14,270.6192321777344,272.64429550238094,256.8388290964458,256.8388290964458,20789907
2024-05-15,272.2491760253906,274.61999005410445,268.1002288652394,272.49613644810114,8877920
2024-05-16,276.8426208496094,280.6951972335531,272.54550366706144,273.8297158927324,13251603
2024-05-17,287.26434326171875,289.9315278078324,277.08958620135263,278.571348694408,29599889
2024-05-21,337.59490966796875,341.6944467992234,297.340359356426,299.6123832663155,110366536
2024-05-22,337.2491149902344,354.5857530954153,327.321319004775,338.8296675738212,67735859
2024-05-23,367.7240905761719,370.0455247125419,337.3479568348226,338.92850966042795,89059520
2024-05-24,365.995361328125,376.36769950341596,361.401903308375,369.4528073865553,46086621
2024-05-27,372.41632080078125,395.03788969544723,369.6503761001327,371.1815186761103,78610946
2024-05-28,369.0082702636719,384.66556788663013,361.55007717830813,374.3920198103245,38874332
2024-05-29,371.1815185546875,373.79929302882647,358.58653688716316,367.7734526330958,27912678
2024-05-30,378.14581298828125,380.07211647542687,369.5021976038498,371.1815406514403,32178655
2024-05-31,377.0592041015625,382.68988392992196,362.4391282661011,380.8129906538021,30897722
2024-06-03,399.6313781738281,419.83275453908914,379.33124174825934,419.83275453908914,63511113
2024-06-04,347.2263488769531,395.13667013024536,319.71495218982767,395.13667013024536,88280882
2024-06-05,349.00445556640625,370.44063220883874,308.4535664192264,351.62226015124406,59070407
2024-06-06,364.1678161621094,379.08423102117456,360.61158021312497,365.3038280238105,43194252
2024-06-07,369.99609375,377.35552641540704,365.89655675673146,369.4527928779116,27249200
2024-06-10,369.4034423828125,382.0971850249505,364.6124037633929,378.9854894751133,22561822
2024-06-11,384.6655578613281,387.67849318054556,374.3920100527757,376.8616143407227,43435702
2024-06-12,387.3327331542969,392.07436121350946,384.2704178822264,385.2582595734404,18984502
2024-06-13,385.4064636230469,390.93838360866164,381.1093458598221,389.6047911791727,15383097
2024-06-14,385.4558410644531,388.71570659609824,381.8501947640584,386.49306278455765,12323860
2024-06-18,391.28411865234375,400.0759040957579,390.1974867106774,392.17317018769353,28638590
2024-06-19,386.1473083496094,392.4694890995938,378.14578467776136,392.42010907399487,13915164
2024-06-20,382.5910949707031,387.5303036852567,378.4421777384007,383.28259624935566,11437105
2024-06-21,404.7681579589844,412.3251413339141,379.3312328401464,380.9117856729546,75448395
2024-06-24,411.5348815917969,426.5500581955444,400.32287163153813,405.0151199726851,41934345
2024-06-25,402.1997375488281,419.2894168522765,400.4710145935003,414.8935092786856,20335982
2024-06-26,404.12603759765625,408.96645580370705,396.47026457234534,403.0394057195953,13277791
2024-06-27,408.9170837402344,415.73318544037073,401.7058212429013,408.96646376661585,20947231
2024-06-28,411.5348815917969,419.24003523022304,405.60783105561126,412.9178540209326,23134009
2024-07-01,409.9543151855469,416.17770598396567,408.47255260053885,411.9299986322242,10190705
2024-07-02,406.0029296875,411.97935978122,399.38437838580484,410.7939678554552,11365895
2024-07-03,411.880615234375,416.0789425242107,409.9543118310122,410.5470228894728,12879072
2024-07-04,413.6587219238281,425.7104030152088,412.17695933783233,413.90568235482743,20654664
2024-07-05,485.07965087890625,492.4390835441484,419.3881783499477,419.7833391440424,152345942
2024-07-08,559.0196533203125,571.9109757043559,501.8235936299102,501.8235936299102,178360632
2024-07-09,536.1510620117188,611.4739887337704,527.6556478363613,579.863055552057,156242236
2024-07-10,602.5340576171875,610.8813320497178,550.9687087634954,553.1913525908695,211547060
2024-07-11,622.3402709960938,635.9724743973936,598.6320701962426,627.2300994696775,95328327
2024-07-12,619.1297607421875,637.1578710470059,602.7316132944849,620.36456281786,56153729
2024-07-15,618.388916015625,639.1335921119958,614.6845095698445,629.2551749232478,29639356
2024-07-16,612.610107421875,624.1184280476072,597.6442802536637,617.4011159645287,29931644
2024-07-18,579.0234375,618.3889051908463,575.5659915444601,604.5591213686869,35159677
2024-07-19,606.287841796875,630.1442429070074,563.3661079849827,575.2695883803843,73240329
2024-07-22,616.511962890625,623.0317540965136,591.173860199697,607.5226277997593,34133877
2024-07-23,583.1229858398438,631.2308921855249,554.8707352833561,627.0819446853145,57366312
2024-07-24,586.5310668945312,599.619970703125,575.911767578125,583.9627023398876,18166209
2024-07-25,568.7005004882812,588.6054753283436,566.6259966631359,582.826625279665,17201205
2024-07-26,545.6343383789062,576.4056314230015,543.362314529598,569.4907395293237,21601968
2024-07-29,598.9284057617188,600.1632078766378,548.7954398960055,550.7217432538937,48942004
2024-07-30,606.9793701171875,619.1791915073599,603.5713040504318,607.2263305525601,26215668
2024-07-31,594.1868286132812,608.2141938993424,590.7293823952489,606.5348508205398,11846077
2024-08-01,588.259765625,599.6199458175903,583.8144777235517,597.8912227448048,9507451
2024-08-02,582.6290283203125,586.5310151322278,571.9603499142062,572.9481916239025,11185800
2024-08-05,544.1032104492188,568.0089922694341,537.7316192599294,552.9937859803925,21657722
2024-08-06,539.4109497070312,568.0089790591453,535.7559233483839,556.7475595310045,13085001
2024-08-07,558.9207763671875,562.032501586467,539.1639439732037,558.426855557338,13370669
2024-08-08,531.9033813476562,575.911717514182,524.9391093437066,558.1799467430809,30489387
2024-08-09,511.8502197265625,531.4588540727992,507.7506524041242,531.4588540727992,23773689
2024-08-12,568.8486328125,575.91172525837,516.0485408839062,517.6290635255332,61951226
2024-08-13,562.5264892578125,594.5819656857557,558.1305814690431,574.627550537451,42007554
2024-08-14,547.363037109375,568.0089518233111,543.4611108052185,565.0454268572764,19122889
2024-08-16,563.7118530273438,574.8250714190705,554.2779171803566,554.2779171803566,21355519
2024-08-19,566.5271606445312,582.8265471321246,564.0575566312596,574.72623390998,16785488
2024-08-20,554.8706665039062,568.799209642649,553.191323641381,568.0089483817751,9499106
2024-08-21,557.0440063476562,565.7863820224792,546.2765067803248,553.191399271215,10316563
2024-08-22,563.8106689453125,569.7377193415839,560.1062624476428,564.0576293784904,10606181
2024-08-23,565.7369384765625,587.2718749004196,561.7361917574699,563.810635154608,26306003
2024-08-26,570.1822509765625,578.5295255418589,568.5029079994438,570.478591432978,11254234
2024-08-27,569.0956420898438,579.8631419259734,565.0455147898753,572.7506688420304,13076800
2024-08-28,571.1700439453125,589.2475337606638,570.3303423818829,572.7505664400165,22101243
2024-08-29,572.7506103515625,577.6404388657314,565.6381379939598,576.4056367304904,13756438
2024-08-30,600.0150756835938,607.522648523731,573.5903100770738,576.8995556713154,121690785
2024-09-02,593.8905029296875,611.9679958327162,586.3828690648513,603.0774196220714,22525336
2024-09-03,593.198974609375,599.0272650882962,589.7415284626093,596.6564207561407,9558037
2024-09-04,585.4938354492188,593.3965696944099,583.468771857504,590.7293848280424,7537912
2024-09-05,574.775634765625,589.5438793589103,573.1457322336264,588.2596972840744,7030270
2024-09-06,562.625244140625,577.6898304930759,558.5751171729335,575.1214661174287,9015277
2024-09-09,556.05615234375,565.2924487078092,546.6222152754583,562.625263889891,8885002
2024-09-10,558.5257568359375,571.7628002823603,556.3524928990394,562.9710447687889,7591740
2024-09-11,549.9315185546875,560.8965379476177,548.5485159767161,560.8965379476177,4565818
2024-09-12,545.2886352539062,555.0682925034072,538.4725031960027,552.9937886934443,6327534
2024-09-13,548.5485229492188,556.0561565788007,541.2385300253746,545.7825780511946,6911510
2024-09-16,538.6701049804688,547.6100609379981,536.0029201435561,543.3129733568609,4885521
2024-09-17,524.0994262695312,536.2004876577506,523.556125367859,534.4223845736069,6414408
2024-09-18,522.173095703125,531.8045522264856,520.592573108828,521.6297948296524,5345676
2024-09-19,503.99688720703125,529.137472516386,495.1063112048052,524.0500632423257,13094055
2024-09-20,537.6328125,542.3250602893891,499.65028938833154,506.2688404340836,25018038
2024-09-23,529.6101684570312,539.8741601501813,524.6021636880528,539.7253829626138,4782927
2024-09-24,521.875,525.5938242280284,517.7099047590605,525.5938242280284,4043522
2024-09-25,521.7758178710938,527.8746528478281,511.7101768099594,516.6686087557923,4430623
2024-09-26,517.5115356445312,525.0979609917672,513.1977239154666,521.7262029423878,4399204
2024-09-27,521.97412109375,526.5854871413931,518.255297032017,519.3461884067666,4343344
2024-09-30,527.03173828125,530.5522128215284,512.0572376401146,517.164446703602,4486451
2024-10-01,520.337890625,529.0647192493385,518.65201156027,526.0896599096046,2945750
2024-10-03,505.26422119140625,514.1398265838286,502.7850051894857,506.70217857806705,3394155
2024-10-04,489.2980651855469,506.55340254490716,479.629122756334,502.78500631906854,6487238
2024-10-07,447.94476318359375,493.85983182835355,438.6228867251373,486.3230090649466,13067372
2024-10-08,483.0008544921875,490.7360266582328,422.9046821817279,439.4658270912283,19576332
2024-10-09,476.8524169921875,496.5869705270075,471.0510454325084,489.89308724980873,7833917
2024-10-10,476.5549011230469,481.81085735256016,471.2494029415225,478.1912079412107,3384210
2024-10-11,471.44769287109375,483.29835706359904,468.0759652756946,471.05102437702317,4345765
2024-10-14,466.5884704589844,474.91863051004805,463.36548952595206,472.04274588411596,2873914
2024-10-15,470.2576904296875,473.0344001700026,462.77044015127643,467.034709715741,2779345
2024-10-16,475.61279296875,483.19918770811023,466.786790256819,469.0180846074465,4889153
2024-10-17,485.5296936035156,510.37145741777255,480.9679298654204,484.98424789586244,19634045
2024-10-18,473.3319091796875,482.4554362146796,466.1917852193117,479.77787081462156,4706252
2024-10-21,461.77874755859375,478.9349397477877,459.15078475692667,473.3318876017562,2924934
2024-10-22,438.8708190917969,459.89458359003135,436.34203079162,456.22533168009994,4776339
2024-10-23,438.4741516113281,449.1843832781243,417.59916423970856,436.29245961051527,7676464
2024-10-24,438.27581787109375,446.1597066158984,432.0281753744479,440.70543139989996,3737733
2024-10-25,416.2603759765625,441.8954760591017,410.6573537404318,438.4245735792495,5291153
2024-10-28,428.7060241699219,432.87111920944295,404.7568033523448,415.36786007539706,6738378
2024-10-29,435.25115966796875,438.32539359436794,423.99551285208196,428.70602330360515,3962720
2024-10-30,461.48126220703125,475.067347431785,432.42483316374353,436.34200646368004,14783053
2024-10-31,467.8776550292969,475.7120021958078,457.7128689162571,463.1175721745916,6608995
2024-11-01,467.03472900390625,472.9848474907736,464.1092419756494,467.0843012190831,1408627
2024-11-04,442.4905090332031,465.39844196919194,439.8129434948795,465.39844196919194,5262254
2024-11-05,447.1513977050781,453.20069087899356,437.6808045635915,448.29183102760186,7278500
2024-11-06,465.7455139160156,468.57182622219284,456.6715893657562,462.125864591623,6251705
2024-11-07,473.8773498535156,482.65378050111286,469.3651585984216,471.0510375752905,8328110
2024-11-08,444.2259521484375,453.5973708321866,439.6145859991813,440.3087786115487,8178730
2024-11-11,432.9206848144531,442.29213337835296,425.63181400238335,441.30044698064364,4899446
2024-11-12,434.0611267089844,447.10179613493005,428.4085024187463,440.30873859704485,3668960
2024-11-13,416.3595275878906,448.09349135857957,414.5249017546244,428.65643249625936,5236303
2024-11-14,416.012451171875,424.8880566933655,412.64072341300516,416.0620233870874,3814197
2024-11-18,412.7398986816406,424.29303938189804,406.09558758508,415.1695122439145,4451811
2024-11-19,428.5572814941406,431.43316606704343,416.0124543004293,417.0041407230763,5166306
2024-11-21,418.3428955078125,428.2101565958546,416.50826969566555,424.1442667456324,3599338
2024-11-22,416.7066345214844,420.62377761624117,413.2357321453402,418.3429110174647,2708144
2024-11-25,434.45782470703125,459.05163570722624,430.39190435048585,447.7959888379135,12098123
2024-11-26,430.39190673828125,440.2095962539616,428.60688328592767,436.6395190853866,3718972
2024-11-27,435.74700927734375,443.0854827726877,427.9126925692891,431.3835950582636,5527098
2024-11-28,439.6641845703125,447.052230311745,436.39160119465123,438.0774802303435,4500271
2024-11-29,432.2265319824219,440.85418567356305,430.39190605361335,440.65586654798807,3572568
2024-12-02,433.4165344238281,443.38300102653767,431.4331615990741,433.86280541494483,4210283
2024-12-03,434.1107177734375,440.8046009144328,432.5240134946504,433.912368389639,3199416
2024-12-04,437.5816345214844,447.84559506105086,435.35034006783377,438.77167033564524,5016587
2024-12-05,439.56500244140625,441.30045366367915,434.85449198095125,439.01958701995324,2835893
2024-12-06,460.8367004394531,464.10925358353325,437.3337197229448,439.3170926015069,11669884
2024-12-09,466.6380310058594,470.70395136477845,459.20038288486154,461.82837609870825,5838413
2024-12-10,454.78741455078125,466.3901279219555,451.76275270314693,466.09263409084934,3950300
2024-12-11,470.3072814941406,478.4886944036328,451.86190815451204,451.86190815451204,11348824
2024-12-12,467.58013916015625,475.01778718497314,462.6217071436116,470.05935516842857,4205765
2024-12-13,462.0762939453125,467.4809667109683,452.45692368149594,464.75382908877845,3244183
2024-12-16,465.993408203125,472.04270097000955,462.91917447596734,464.0100355099737,2797117
2024-12-17,464.40673828125,477.992854337895,461.38210680644323,468.5718333499074,4245937
2024-12-18,453.64697265625,463.0183913264439,449.9777207342471,462.96881911014725,2378913
2024-12-19,444.7218017578125,446.25890365373897,434.3586662229726,434.8545094492545,2481062
2024-12-20,429.64813232421875,449.82895659464447,426.47472374218603,447.7959813185754,2977111
2024-12-23,426.0284729003906,438.3253779018782,422.06172739901615,434.0611385934472,2428886
2024-12-24,424.9872131347656,431.28442810196236,423.1030149454285,426.4251705829766,1588615
2024-12-26,424.144287109375,429.30103825201303,421.71464331395345,426.1772321320905,1428368
2024-12-27,422.01214599609375,428.9043787544582,420.5742188383591,424.14429602064956,1604621
2024-12-30,404.9055480957031,425.9293120412366,401.0379771590451,421.4667232072772,3813743
2024-12-31,419.18585205078125,436.0445207971001,409.9135781875325,410.5581682927065,12688227
2025-01-01,424.54095458984375,429.05311561170555,417.8966435933873,422.11131080030754,2926296
2025-01-02,425.9788818359375,429.1027182130554,420.7229560113485,426.5738997298584,2481062
2025-01-03,428.5077209472656,435.8461946219143,426.42517335022336,426.82184187731025,2543156
2025-01-06,407.0377197265625,431.1852608232312,405.0047443246716,430.9869416894971,4405141
2025-01-07,412.6903076171875,415.4670478187043,407.5831284833691,407.5831284833691,2593957
2025-01-08,413.9299011230469,420.1775436589612,409.12021598593526,416.5082918395893,2899992
2025-01-09,406.888916015625,415.4174250706945,405.59973580687125,412.541540576182,1712306
2025-01-10,390.0302734375,404.11223330483574,387.74940668022276,401.63301714959135,4129451
2025-01-13,354.9741516113281,380.65882278498236,352.54450787625456,378.7746247168981,8523323
2025-01-14,373.6178283691406,375.7995504213679,357.60210004059553,357.9491963121588,6050286
2025-01-15,368.80816650390625,383.7826372127858,367.46938380969283,376.9400070981995,3567908
2025-01-16,407.73187255859375,411.8473652197619,382.6422178056525,388.59233642821897,23382354
2025-01-17,422.8551025390625,434.1603221850385,403.6163911746655,406.5914505690734,24210278
2025-01-20,428.0118408203125,433.81321210336864,412.64070217597316,425.6317995991235,9464708
2025-01-21,415.7149658203125,432.077792004219,413.2853219480639,429.40022652312337,7758398
2025-01-22,404.6080627441406,419.48335916855757,395.3357885868138,417.0041430978214,5563380
2025-01-23,414.97119140625,423.3509234333541,402.1784124742118,404.60805629032575,6083832
2025-01-24,406.69061279296875,419.4833617437272,405.20308314139527,416.4587302244084,3895985
2025-01-27,397.5174865722656,401.8809005376682,386.9560328083179,396.7737217964402,5467340
2025-01-28,404.2609558105469,410.55817051739143,381.9976142391198,403.61636570187994,8736571
2025-01-29,424.09466552734375,427.3672486715499,404.65760683112313,406.59140733742066,7673095
2025-01-30,433.26776123046875,440.8045835600847,425.6813666887882,429.4001905095989,10326411
2025-01-31,472.3402099609375,477.49699123454144,432.62318260865777,437.18494600240484,23858116
2025-02-01,429.94561767578125,497.62821306864396,424.6401197571776,480.96789400056286,46000882
2025-02-03,403.7651062011719,416.4091076287484,394.69118181768437,411.69859729298463,22386317
2025-02-04,396.77374267578125,417.79747662045423,391.4186420608111,412.5415507002529,15907300
2025-02-05,402.92218017578125,412.8390443717283,400.64131351626054,408.17813635795386,10360639
2025-02-06,399.69921875,408.27733090775337,398.36046622953603,403.02137446997665,4336358
2025-02-07,391.76568603515625,399.649604735358,390.47650586736285,397.66623200714287,4897511
2025-02-10,378.2787780761719,395.78203646010473,375.5020380808676,391.8152909786982,6239370
2025-02-11,366.4281311035156,382.54303538073384,363.9489150608666,379.81589773381995,5917977
2025-02-12,368.5602722167969,374.0145478268672,339.1567742989189,364.8910504192531,14383719
2025-02-13,376.1466369628906,384.1793028033106,363.0067922485305,371.88239757622995,9279991
2025-02-14,356.9079284667969,378.77463169362653,354.0320439663423,376.8408311126333,6918593
2025-02-17,339.60302734375,351.85033044523215,329.7853075541531,337.173383504129,13437460
2025-02-18,330.57867431640625,340.3963638262844,322.4468335630061,339.60302679545566,8430180
2025-02-19,373.7170104980469,381.05548350297573,326.56230596219575,329.2398712374442,55921698
2025-02-20,378.3779296875,381.05549504384277,358.6929790732967,368.3123188900587,27929863
2025-02-21,368.6098327636719,389.7327401631512,364.0480694469025,374.014505276826,20755098
2025-02-24,361.1225891113281,366.32894260470044,356.1145849994404,361.91595637340004,10785069
2025-02-25,360.47802734375,367.8165010773414,357.7013173679702,360.1309310308103,7546931
2025-02-27,347.1398010253906,361.6680305282083,344.51183820286894,360.03172380985626,5933298
2025-02-28,329.6365661621094,347.23900044855395,325.27315188472215,341.09056268710276,12212186
2025-03-03,320.90972900390625,339.156752933521,307.72028156483765,330.67784621572997,16542018
2025-03-04,323.43853759765625,336.47920868424507,315.4058711016247,316.79425637698705,15287648
2025-03-05,333.4545593261719,348.47860256348457,327.55401301098686,330.6282469713029,28399265
2025-03-06,334.74371337890625,343.6193182650356,330.72739579044554,338.1650433719398,12571655
2025-03-07,338.660888671875,347.73481272553715,332.21492739407944,337.17335914622987,18401980
2025-03-10,332.90911865234375,346.0985349563072,331.17366754582935,340.1484168768292,6498796
2025-03-11,327.9010925292969,330.6778325265091,319.3725836856396,323.3393291697717,8033534
2025-03-12,330.529052734375,339.1567361993793,326.2648134783503,337.1733634730671,8658207
2025-03-13,326.6119384765625,333.5537436290341,324.8268847076057,333.2066473186368,5491120
2025-03-17,325.71942138671875,331.42161838281174,322.6451873882254,327.7523664710829,5347960
2025-03-18,325.71942138671875,325.71942138671875,325.71942138671875,325.71942138671875,0
2025-03-19,350.70989990234375,358.94091542932705,331.2232676064165,331.81828551716575,22821539
2025-03-20,354.924560546875,363.70099133953926,348.57777356741116,354.5278920351337,13396119
2025-03-21,358.34588623046875,370.89071312151117,349.619027763407,357.2054529247135,17632927
2025-03-24,368.4610900878906,376.59293112086704,361.61845960416935,361.9655559160407,15714495
2025-03-25,367.27105712890625,380.7579979586079,362.41179991646277,375.8491382688116,12419010
2025-03-26,359.1888427734375,368.7090084419996,357.25504209858474,368.6098640085147,6826431
2025-03-27,351.7015686035156,359.48631273905187,350.3627859377831,351.0569785093086,7997212
2025-03-28,348.9248962402344,364.1472898569632,347.5861134310214,353.9825033728891,7134693
2025-04-01,347.1894226074219,353.0403664480285,343.718520128298,348.5282053307146,5049493
2025-04-02,355.56915283203125,356.9575380274027,339.1567547305865,347.6852639724918,7026372
2025-04-03,356.7591857910156,361.9655394405023,348.0819297085378,348.0819297085378,6036464
2025-04-04,347.38775634765625,357.7013197877362,341.2888906448286,354.9741820108412,5639050
2025-04-07,333.1570739746094,337.1733919794048,302.4643663344661,302.4643663344661,8638161
2025-04-08,341.4872131347656,346.0489765639791,335.98333553313194,344.9581154864049,4587642
2025-04-09,334.8428955078125,344.11516908492007,333.25619126905696,340.99136308404053,3740535
2025-04-11,343.4209899902344,345.4539652790669,337.3717271300482,342.1318097691151,5038895
2025-04-15,357.8004455566406,358.9904813572947,347.1398166213066,348.08193081881336,6028677
2025-04-16,363.99847412109375,366.62646724241887,356.16415776223255,358.9904700014816,6672237
2025-04-17,367.76690673828125,371.13863443859054,359.3871445699259,361.9655352574096,6203259
2025-04-21,371.9319763183594,374.361620130715,365.2380930444989,368.90734487053237,5196338
2025-04-22,370.6923522949219,379.27046359018834,368.90732893786577,373.86576077842847,5066546
2025-04-23,370.7915344238281,374.1632620902857,362.46137481732507,372.8740818914206,5191977
2025-04-24,368.0644226074219,380.8075996376536,366.9239892341975,370.79156036524364,7078638
2025-04-25,358.1971130371094,369.8989995777219,351.9494710253329,369.40315641474905,6857970
2025-04-28,358.1971130371094,362.41177992237834,351.2057062808737,353.5361751996189,4768768
2025-04-29,357.453369140625,363.8497281577142,356.0649839922335,359.63506102663064,3130264
2025-04-30,346.89190673828125,357.0071205939918,342.2309985999586,357.0071205939918,3009130
2025-05-02,349.0736083984375,362.61012153497853,346.7927418127444,346.89188624040054,8305588
2025-05-05,351.7015686035156,355.9658381957057,349.71819584357604,352.1478395800487,3179424
2025-05-06,338.7104797363281,353.48663139126313,336.47918532366754,352.04867399755716,3591336
2025-05-07,337.1238098144531,339.7021702894691,326.31440365005085,326.46318082380526,6171128
2025-05-08,328.6944580078125,343.32183190148703,326.26481430636755,340.39634501720565,3395213
2025-05-09,320.4139099121094,324.5789749980128,314.8604595337016,317.3396757505024,5304658
2025-05-12,356.4617004394531,359.88300047490594,334.198327913552,335.1900143465299,13898275
2025-05-13,354.08160400390625,357.9987772455186,350.5611295188112,357.0070908819576,5621942
2025-05-14,369.70068359375,373.66742925575966,354.52789354211023,356.01542316536387,15252942
2025-05-15,373.12200927734375,378.8242060968646,368.262751953482,369.7006790800843,8996131
2025-05-16,406.19476318359375,414.0290798391539,375.2045625968307,377.3366823444265,45361621
2025-05-19,427.91265869140625,435.25113160576274,412.54152031431056,413.53320666121994,26550311
2025-05-20,411.59942626953125,444.07715571606496,407.8806022871037,436.3420139381625,18449682
2025-05-21,408.6243591308594,416.40910323533944,401.63298228551,412.54153242165967,13428123
2025-05-22,401.5338134765625,417.4007957251903,398.1620858015025,401.63298816838983,10405435
2025-05-23,395.3357849121094,403.7651194742604,391.7657077506601,403.56680034876575,7734773
2025-05-26,408.6243591308594,415.0207483616937,391.9640401193774,394.8895270341641,15111176
2025-05-27,411.9961242675781,417.499971645722,404.112205334042,410.50859467739144,10198617
2025-05-28,412.6903076171875,420.9708954773484,410.5581878153645,415.5166200353568,11712050
2025-05-29,414.62408447265625,416.8057763658161,407.78145445487905,414.5249097811793,7435876
2025-05-30,402.17840576171875,423.8467595654471,398.9554249749635,417.49997268430235,12948296
2025-06-02,403.5172119140625,407.9798009552293,397.6662678906398,403.6163866121955,7238002
2025-06-03,400.3934020996094,409.9135980227391,399.25296874083006,405.55018371826634,6074713
2025-06-04,426.3755798339844,431.185234663437,399.153776045345,401.73216673841137,41141370
2025-06-05,426.0284729003906,433.26777133485245,421.4667095210367,430.39188689912925,14651361
2025-06-06,425.0863952636719,429.40023741985533,415.1199584406524,426.72267187081206,12394179
2025-06-09,428.1606140136719,439.11873690488454,425.433476344795,428.4085356199334,14101653
2025-06-10,423.1526184082031,434.1107415256329,420.5246251164848,430.4414895716677,8608022
2025-06-11,424.2434387207031,432.0777856562653,419.13625970626026,424.88805910532955,10010848
2025-06-12,409.51690673828125,429.40020674651663,406.8889135944435,425.63181057114707,9928984
2025-06-13,403.6163635253906,408.57479550973204,397.1704019457468,397.86459452910145,7028426
2025-06-16,406.0955810546875,409.1202124710375,393.7986757397488,403.6163650531326,7942903
2025-06-17,397.31915283203125,410.012756997404,395.58370162012955,406.5914267883937,7031078
2025-06-18,394.6911926269531,400.9388049273101,392.1128018987272,397.66625186785984,6046355
2025-06-19,378.7746276855469,397.0216511567217,376.98957403031886,394.2449111143226,8538943
2025-06-20,387.35272216796875,389.48484192074477,376.94001474551726,379.36962831910193,7771739
2025-06-23,388.14605712890625,391.9640558828792,381.2538546967499,383.23722752854184,5548703
2025-06-24,394.6911926269531,400.04629320781163,392.707819799682,393.9970000318612,8104800
2025-06-25,396.07952880859375,401.5338038254628,394.2449029774191,396.6745466813891,4643329
2025-06-26,396.2283020019531,402.1288483809071,394.9391217452435,398.1621026508858,4519908
2025-06-27,391.76568603515625,402.128820645627,390.72442745838975,398.2116474018556,7343095
2025-06-30,394.3936767578125,400.64128870886475,392.7077978433427,395.68285691791345,5938964
2025-07-01,392.5590515136719,398.50916967147253,389.83191402467986,396.27787536229727,3812592
2025-07-02,389.3856506347656,395.4845158124224,386.261844593904,393.50114305455895,4124336
2025-07-03,387.4023132324219,391.9640770446016,385.3693680756257,390.62529425808907,3403586
2025-07-04,388.14605712890625,391.021941682231,385.41891948519236,388.0468824345431,2929965
2025-07-07,386.2122802734375,392.2119708830421,385.5676599028647,390.1294233919516,4375527
2025-07-08,383.2867736816406,389.1873195605524,381.0059071857179,386.7576759012674,3385531
2025-07-09,381.8984375,388.93941697078253,380.9067511030973,384.575972613317,4088303
2025-07-10,381.50177001953125,387.7493822312656,380.36130644893376,383.08844404774703,3357263
2025-07-11,378.47711181640625,382.295110542562,376.44416678417826,381.7000926445861,3193808
2025-07-14,379.1217041015625,382.1463658236594,377.4854275706537,380.4109145985418,3360937
2025-07-15,379.9646301269531,388.1956452324001,378.8241968436787,382.79094236036644,9228521
2025-07-16,380.1134033203125,382.44387252531885,377.93171129356483,380.9067706368405,3200132
2025-07-17,378.2787780761719,381.5513309927857,377.83250710396715,380.807566215022,1895697
2025-07-18,372.87408447265625,379.4192207315986,371.78322338552135,378.3283596444637,2713502
2025-07-21,375.0558166503906,376.8408401032272,369.9982098488632,373.2211907181671,3246863
2025-07-22,369.1552734375,376.9400179630322,368.46108083119725,376.8408432672935,2494508
2025-07-23,370.59320068359375,372.3286517941412,363.948890040523,369.99818282149005,4443972
2025-07-24,373.7666015625,375.8491490745255,369.1056935977327,370.98989172237765,3184740
2025-07-25,362.560546875,372.7749044917426,360.52757163603025,372.7749044917426,3472092
2025-07-28,351.5032653808594,365.188525937745,350.26365734984194,360.8251117213371,3438508
2025-07-29,356.5112609863281,358.9904769876238,349.07361298244086,351.05698578347744,4192933
2025-07-30,355.42041015625,359.18883674535846,353.5362119936298,357.1558614072706,2041969
2025-07-31,345.255615234375,352.34616696474995,342.1318091169502,350.0653003428505,3934940
2025-08-01,342.5780944824219,347.48692422615756,340.4459444148781,346.44566556460205,3149891
2025-08-04,350.0653076171875,351.0569940410322,341.48722610370424,343.5697736465517,3431280
2025-08-05,348.6273193359375,354.32951576827577,347.0902176205924,350.0652766287689,2551146
2025-08-06,343.1235046386719,351.50326707426757,341.63597499428454,349.0736232162211,2282901
2025-08-07,343.61932373046875,345.1068532704275,334.39665268827093,338.3633981281609,2924832
2025-08-08,333.8016662597656,343.91684992589865,332.21496188158727,343.91684992589865,2140972
2025-08-11,339.6526184082031,343.8177137175888,331.61995189088486,334.8925354236506,3610633
2025-08-12,326.7110900878906,343.6193307660713,317.63713549726043,339.9005068400316,5392512
2025-08-13,323.5872497558594,331.0744999921859,313.86873545551623,320.46344374959665,9107823
2025-08-14,321.40557861328125,331.07452132375624,319.3230310536361,326.760679292463,5292079
2025-08-18,321.1080627441406,328.000295727407,319.8684546726085,327.2565308844877,4633408
2025-08-19,325.0252380371094,325.7690028838762,318.82719764738573,322.298100265631,3483785
2025-08-20,328.04986572265625,329.2399015688139,321.80225319000033,326.1160953024859,4059829
2025-08-21,327.6211853027344,333.3531854563205,326.0760496040642,328.96696533624635,5454040
2025-08-22,322.7365417480469,326.77385156866325,322.0885825748926,326.77385156866325,3877289
2025-08-25,320.6430969238281,325.92652399391744,319.99513777598054,324.4312196117867,2419995
2025-08-26,311.72113037109375,321.4406087928149,310.52487470421767,320.64309487421565,5319362
2025-08-28,307.6838073730469,317.154068924467,306.03897855642015,315.01080528934455,7594499
2025-08-29,301.6527404785156,308.03269969523774,300.8053952525501,307.4345718638476,4853561
2025-09-01,314.7117614746094,316.5061146803562,300.65589328943446,302.0016734047683,5644181
2025-09-02,330.8111877441406,338.4372342126828,315.0107982657077,317.0045374952375,20277592
2025-09-03,333.5525817871094,336.39366629576466,327.57136405185474,330.96071468408974,9498144
2025-09-04,325.9265441894531,333.9513327019803,324.1321605664827,332.9046317384497,6377015
2025-09-05,328.36883544921875,330.01366418123496,324.0324466669612,325.67730582102286,4541584
2025-09-08,331.16009521484375,336.1444432438327,328.0199316189439,329.81431516260756,4123272
2025-09-09,331.3594665527344,334.7986790241952,328.46855064361887,332.1569805283146,3863086
2025-09-10,332.40618896484375,338.4870693459221,331.6585367453295,332.30649591783254,5814933
2025-09-11,334.1008605957031,336.84225216177896,330.56198547013344,336.74255911133025,6896258
2025-09-12,337.0416259765625,338.83597913103836,333.3531961987496,334.3500658228021,5594449
2025-09-15,346.1629638671875,354.38713795474484,338.2378384867231,338.9356593660007,18797234
2025-09-16,353.7890319824219,355.58341560200785,343.2720693650896,347.55859668256926,10201112
2025-09-17,359.6705627441406,368.69225146012514,354.48685874252624,354.88560052387385,17573057
2025-09-18,361.365234375,363.55835969037025,355.2344923451851,361.7141448236334,7379618
2025-09-19,362.3122863769531,366.5489823884666,360.01946792925855,360.76712016658445,6433354
2025-09-22,357.7764892578125,366.8480085983214,356.08182921044977,361.31539455050734,5537194
2025-09-23,356.4805908203125,363.85742010236186,353.44012015253014,360.8668111700137,6674464
2025-09-24,346.56170654296875,355.83261197420444,345.9137473945063,355.732918930892,3858578
2025-09-25,345.46514892578125,354.78588580296065,343.92001320916717,344.5181410556793,4137205
2025-09-26,336.7425537109375,346.6115875281774,335.4964666554322,345.8639352948742,3434829
2025-09-29,340.58050537109375,347.25954410731157,337.93880691765133,338.93567655457656,3972955
2025-09-30,338.3874206542969,342.8234724195108,334.99803944863487,342.22534453486173,4677413
2025-10-01,343.3218994140625,344.667679518283,337.4902059104717,337.98864073262394,3430563
2025-10-03,345.9635925292969,346.6115821256975,341.42784788677307,343.1723697372894,3140339
2025-10-06,345.5150146484375,348.7049791632561,342.47454406941546,346.21280512571985,2559353
2025-10-07,353.73919677734375,355.0351151366377,345.91376404240725,346.01345709051765,7443017
2025-10-08,345.46514892578125,356.2811902082179,343.32188536265505,356.0818345407445,8765182
2025-10-09,343.3218994140625,346.2128152981361,340.13193480551644,343.42159246290237,4026015
2025-10-10,340.9294128417969,346.9106306109512,340.2814536678812,343.82032867914546,3046643
2025-10-13,338.08831787109375,339.4340979119822,334.99801603476936,337.6895761165461,2891506
2025-10-14,332.0074157714844,340.0820658021974,330.7114974304024,337.4403673856555,3285293
2025-10-15,337.5400695800781,339.3842845170186,332.05728650498605,332.05728650498605,3209510
2025-10-16,334.9980163574219,340.77987828109184,334.44975024714654,337.6397451306918,3202695
2025-10-17,330.61181640625,334.44977067877664,327.7707317929746,333.95133584915106,3682969
2025-10-20,327.9700927734375,335.0478728964223,327.3719649392896,332.1569571904272,4963362
2025-10-21,330.9607238769531,332.2566422534355,329.5651124510381,329.5651124510381,861044
2025-10-23,328.9171447753906,334.05101725719993,327.9701064632889,332.9544545858313,2981997
2025-10-24,328.418701171875,332.40617956317027,327.023059397285,329.9140055686107,2336043
2025-10-27,328.96697998046875,331.8080645283458,327.7707242480846,328.96697998046875,2248942
2025-10-28,327.8205871582031,333.15384581595845,326.2754209631644,331.6086796209197,4632729
2025-10-29,331.7083740234375,332.95446107837154,326.2255909817278,327.42184672328335,3978096
2025-10-30,330.5121154785156,336.244115882594,329.4654145300679,331.9077573058418,3002069
2025-10-31,327.7707214355469,331.70836863398006,327.371979668856,330.46228159929194,2081372
2025-11-03,327.6710510253906,330.5121050593426,326.6741814213244,327.37197189094314,2313547
2025-11-04,324.7801208496094,329.31589602497985,323.28481636978233,328.6180750989082,1993561
2025-11-06,316.8051452636719,326.42496119735483,316.30671046594927,324.8797950711873,3610101
2025-11-07,317.0045471191406,318.7989003113735,313.0170685390257,316.7054983944509,3577541
2025-11-10,314.9111022949219,319.84561901099477,314.5621918485856,317.303583263727,2271236
2025-11-11,316.75531005859375,319.2973153269098,314.06375001516284,316.5060926627963,2711458
2025-11-12,315.3597106933594,319.49671353617356,307.03584327345226,313.01706099955845,7164298
2025-11-13,313.31610107421875,319.89544647585365,313.01705236498134,315.0606228628771,3602435
2025-11-14,320.04498291015625,324.2318475297823,313.31611289993015,313.3659746347155,7162206
2025-11-17,325.97637939453125,334.59929588431953,320.39390320428265,321.63999028147884,13111023
2025-11-18,320.1945495605469,326.37512324949967,319.2973425216241,325.97638146667174,3136355
2025-11-19,319.1477966308594,321.19139756584957,315.50922867213023,319.89544883150427,2950970
2025-11-20,318.1011047363281,323.1352841945611,317.104235107209,319.44688482004835,2390778
2025-11-21,313.0170593261719,318.05123871658,312.61831756430576,318.05123871658,2555681
2025-11-24,323.8330993652344,328.9171404680589,311.6214466249231,315.9079737853567,9809535
2025-11-25,321.8891906738281,324.9794925462539,314.2133129374664,322.5371498352933,10977583
2025-11-26,322.5870056152344,323.882923914247,316.90483677977306,318.74905160686455,5359842
2025-11-27,323.5340270996094,328.6679300452654,320.5932799365939,325.7769837730155,4946518
2025-11-28,323.08544921875,323.7832396979937,320.4935821280177,321.9888865547425,3243378
2025-12-01,320.6430969238281,326.47479009854715,319.5465342925231,322.7863604538064,3356315
2025-12-02,316.90484619140625,319.3970202420182,315.5590661196665,318.9982784783296,2598203
2025-12-03,310.6744079589844,317.8020195880687,310.07628010840784,316.45626995182926,3009610
2025-12-04,311.42205810546875,315.40953652019186,309.727398032439,312.2694033530066,4042661
2025-12-05,309.8769226074219,311.42205832539986,306.8863137942675,311.3223652805522,3104280
2025-12-08,306.1885070800781,310.57472745806075,300.70572400208795,309.47819518010067,3969397
2025-12-09,311.72113037109375,312.7179999528087,300.25713018137145,303.04835284135527,4741731
2025-12-10,307.9330139160156,314.01392457149177,306.58723386915716,311.0731470773213,2160269
2025-12-11,310.9236145019531,315.0107858457532,306.2881770604674,307.7834814236592,3663101
2025-12-12,312.9173583984375,314.16344538666164,310.0762739808773,312.36909229243713,1953253
2025-12-15,312.1697082519531,313.4656569814293,310.7242655893648,311.02331429968075,1474329
2025-12-16,308.43145751953125,311.62145250519745,307.0358461215698,311.5715907704561,1438292
2025-12-17,306.2881774902344,309.92674536136434,305.0420905191594,308.5311340381694,1877813
2025-12-18,304.9922790527344,306.1885043695688,302.25088753800725,305.9891486944533,2042006
2025-12-19,318.15093994140625,319.69610613867343,305.69006942496355,307.7336704428884,5025216
2025-12-22,331.4591369628906,334.449745717443,318.101090610299,319.04809846268,13224486
2025-12-23,340.7798767089844,348.4059230167882,331.95757471985826,333.1538304011806,20825008
2025-12-24,344.6178283691406,348.3062275875396,336.94192038099214,342.8733065920201,12510973
2025-12-26,386.735595703125,391.5703892032015,344.76737704803816,345.6147223411193,102998642
2025-12-29,366.44927978515625,399.44567041661327,364.7545892559152,393.7136700798905,38027612
2025-12-30,359.22198486328125,371.8822111791985,356.9790281482751,368.74207786259944,23158835
2025-12-31,356.1316833496094,365.10351022195783,354.9852893336632,359.37150972017963,13232939
2026-01-01,360.3683776855469,364.2561632276205,354.3871597986498,358.07558966438864,7782539
2026-01-02,364.70477294921875,367.29664016209216,359.5210385234719,362.36212315254375,7088047
2026-01-05,359.86993408203125,371.7326765172235,357.3279287109353,364.9041135118671,6255317
2026-01-06,357.1783752441406,366.5988053896617,353.2905897826093,360.7671119863414,5660162
2026-01-07,356.28118896484375,364.7545805650638,355.1347950092231,357.6768003204708,7777810
2026-01-08,341.4776916503906,359.62073172611275,339.93255583812737,356.28121226323475,8367219
2026-01-09,331.16009521484375,349.2532724756644,329.2660186261911,342.92314439443925,10019235
2026-01-12,330.61181640625,332.8547731395652,322.08859298847136,332.4062000461308,9252024
2026-01-13,329.1663513183594,336.5930115226247,324.03244858393265,332.9544435976582,7141388
2026-01-14,337.240966796875,340.82970336983414,326.9732222901192,328.46852666034846,10947879
2026-01-15,337.240966796875,337.240966796875,337.240966796875,337.240966796875,0
2026-01-16,334.1008605957031,343.8702015207656,332.4560317404672,339.93255419340124,6964569
2026-01-19,330.2629089355469,336.64289915023915,328.76760443311235,331.9077682258632,5086365
2026-01-20,319.2973327636719,330.5121161869954,317.95158309051067,330.2628987775882,7883696
2026-01-21,316.10736083984375,323.1352794531943,312.81767285879215,317.00453740847735,8128372
2026-01-22,327.9700927734375,329.4653971477845,318.350307382881,321.5901335272995,7930048
2026-01-23,324.13214111328125,333.7519265726449,322.3876193307318,329.9638342993557,6752882
2026-01-27,322.8860778808594,327.2722983152741,320.0449932558477,326.873556534336,6925291
2026-01-28,341.4278564453125,343.12254702568487,325.4779419836337,327.37198824154854,12410845
2026-01-29,340.3811340332031,351.6955795539962,330.1632207249298,347.45888379202916,27044493
2026-01-30,342.32501220703125,343.82031659677256,330.7613188419561,336.8422294446465,14048559
2026-02-02,321.78948974609375,324.4810497933824,311.0731417114429,318.9982670779796,15366228
2026-02-03,323.63372802734375,337.9388136882315,321.9888991778725,333.3532071820938,9101195
2026-02-04,319.9951477050781,322.88606351582376,317.75219106228553,322.68670784524784,7624858
2026-02-05,315.6089172363281,323.185132179722,315.0107893998939,319.9951373334365,5886319
2026-02-06,313.11676025390625,315.26002389717723,309.5280234626831,314.26315425639564,6474773
2026-02-09,316.25689697265625,321.49046264359856,313.5155054307341,314.0139402565381,6233149
2026-02-10,318.45001220703125,323.7832403352086,315.55906597203665,318.0014087093124,9489579
2026-02-11,316.54998779296875,319.29998779296875,313.20001220703125,316.5,5142291
2026-02-12,313.70001220703125,315.8999938964844,309.1000061035156,315.8999938964844,9185788
