Price,Close,High,Low,Open,Volume
Ticker,SJVN.NS,SJVN.NS,SJVN.NS,SJVN.NS,SJVN.NS
Date,,,,,
2021-02-22,22.304874420166016,22.82359211135469,22.22507134718691,22.82359211135469,7942800
2021-02-23,21.665149688720703,22.475461068350285,21.579853497145557,22.475461068350285,6831960
2021-02-24,21.665149688720703,21.878389354213798,21.451910023227605,21.75044588029585,1810100
2021-02-25,21.665149688720703,21.963685545788945,21.579853497145557,21.75044588029585,6992126
2021-02-26,21.75044822692871,22.219574890871286,21.494561251485436,21.579855825373386,5587230
2021-03-01,22.774002075195312,23.1151852917565,21.878394301471058,22.091634015183036,17964723
2021-03-02,23.1578311920166,23.49901438807355,22.90194420169634,23.11518390259316,6306972
2021-03-03,22.8166446685791,23.285771291382844,22.64605228198343,23.285771291382844,3034198
2021-03-04,22.944591522216797,23.243127429254912,22.518112119845146,22.603408325697437,5055082
2021-03-05,23.1578311920166,24.181382407077255,22.859295285383094,22.90194420169634,9531503
2021-03-08,22.901941299438477,23.328420647186345,22.816645104510982,23.328420647186345,3540243
2021-03-09,22.518110275268555,23.072533127558053,22.304870591550312,23.072533127558053,1990454
2021-03-10,22.390169143676758,22.85929584640738,22.347521853206647,22.731352348107198,1424726
2021-03-12,22.432815551757812,22.77400036965768,22.39016826296522,22.64605524950034,1682782
2021-03-15,22.304874420166016,22.560763060684817,22.176930913351594,22.518114140486706,2276621
2021-03-16,22.262224197387695,22.475463889648324,22.219575282801724,22.347520399669893,1063175
2021-03-17,21.92104148864746,22.304871966873563,21.835745284522844,22.262224678256143,1522926
2021-03-18,21.622509002685547,22.219579272078754,21.537212785089363,22.219579272078754,1782023
2021-03-19,22.17692756652832,22.390167254668015,21.281321527097482,21.622504702743054,4118012
2021-03-22,22.048982620239258,22.347518489261336,21.921039141198253,22.176926099280262,2090140
2021-03-23,21.92104148864746,22.304871966873563,21.835745284522844,22.17692847413153,1433186
2021-03-24,21.83574676513672,21.963690266554202,21.750450555228433,21.921042975045005,1191691
2021-03-25,21.49456024169922,21.92103959866238,21.40926404492866,21.75044720512126,1195300
2021-03-26,21.49456024169922,21.7077999201808,21.40926404492866,21.53720752663968,1561522
2021-03-30,22.603404998779297,23.882843017578125,21.49455936657614,21.665150126282242,4680695
2021-03-31,22.219575881958008,23.157830878583002,21.963688895101093,23.157830878583002,4791172
2021-04-01,22.262224197387695,22.603407379626752,22.091631792823293,22.347520399669893,1596095
2021-04-05,22.006338119506836,22.26222675576013,21.878394614825154,22.26222675576013,1247324
2021-04-06,21.87839126586914,22.134279862953207,21.87839126586914,21.963687464897163,1075023
2021-04-07,21.323970794677734,21.878393709961383,21.281323503844323,21.70780291973788,5421819
2021-04-08,21.068078994750977,21.66514906480338,20.897486616513437,21.494558313455332,4130982
2021-04-09,21.366613388061523,21.45190957786584,21.02543025573376,21.068079164080668,2076781
2021-04-12,21.02543067932129,21.45191001004541,20.897487205481962,21.45191001004541,1673639
2021-04-13,21.537212371826172,21.750452098279894,21.025436702959233,21.06808562438398,2529772
2021-04-15,21.537212371826172,21.62250858778566,21.196029134878213,21.494565077291426,2005834
2021-04-16,21.579856872558594,21.665153077475345,21.409266089614885,21.409266089614885,1203585
2021-04-19,21.196025848388672,21.451912829701314,21.025433442920413,21.451912829701314,1136121
2021-04-20,21.196025848388672,21.53720903243544,21.110729645654544,21.196025848388672,996198
2021-04-22,21.49456024169922,21.62250372341024,21.153375454616977,21.196024366447077,1318022
2021-04-23,21.75044822692871,21.793095513872686,21.494561251485436,21.579855825373386,5673829
2021-04-26,21.409263610839844,21.96368643827269,21.28132013172297,21.665150569073585,1947167
2021-04-27,21.707801818847656,21.75044910751825,21.323969713253188,21.409265917484156,818332
2021-04-28,21.92104148864746,22.048984981389495,21.622505587656196,21.835745284522844,1312150
2021-04-29,21.83574676513672,22.006337558063404,21.66515434532015,21.963690266554202,589110
2021-04-30,21.49456024169922,21.835743401891822,21.45191132986912,21.6651510083507,1278287
2021-05-03,21.451908111572266,21.750443942036927,21.366611927598164,21.451908111572266,1009000
2021-05-04,21.579856872558594,21.963688981239077,21.451913378628362,21.579856872558594,3090258
2021-05-05,21.622509002685547,21.835748733230986,21.579860080442437,21.7504525156348,556397
2021-05-06,21.707801818847656,21.75044910751825,21.579856699056315,21.665152903287282,536028
2021-05-07,22.006338119506836,22.39017026044181,21.62250760546179,21.835747322227903,1847803
2021-05-10,22.304874420166016,22.347523340364127,22.00633848633906,22.262227126857862,1753094
2021-05-11,23.115182876586914,23.541662259450547,22.176927908908972,22.262224110859645,9347312
2021-05-12,23.243127822875977,24.053439351860614,23.07253540828242,23.285775113079445,7166511
2021-05-14,22.859294891357422,23.54166289859915,22.816647602669093,23.45636669433271,2235426
2021-05-17,22.8166446685791,23.07253162158304,22.688701192077133,23.029884338378906,1187980
2021-05-18,22.859294891357422,23.200479708423178,22.816647602669093,22.816647602669093,1384931
2021-05-19,22.859294891357422,23.200479708423178,22.774000313980764,22.774000313980764,1798706
2021-05-20,22.603404998779297,22.987237055174774,22.560757715575164,22.859291951783234,1444310
2021-05-21,22.731353759765625,23.328425624765526,22.56076296040133,22.816649972892744,3403371
2021-05-24,22.944591522216797,23.029887728069088,22.73135182103097,22.73135182103097,1420093
2021-05-25,22.901941299438477,23.200477168239907,22.85929238852993,23.157828257331357,1216063
2021-05-26,23.02988624572754,23.200478646451774,22.94459004536542,22.94459004536542,1648738
2021-05-27,23.1578311920166,23.45636709865011,22.94459149111978,23.072534986279912,3020060
2021-05-28,23.02988624572754,23.41371833391221,23.02988624572754,23.328422133550095,1866202
2021-05-31,23.840200424194336,24.26667984769055,23.072536160389237,23.15783237046646,10749592
2021-06-01,23.2857723236084,24.096083755523452,23.200477753419147,23.968140273349928,2706693
2021-06-02,23.669605255126953,23.96814114228127,23.200478594519957,23.328422081331894,2350130
2021-06-03,23.49901008605957,23.840194846544904,23.456362804443657,23.79754593803948,1304015
2021-06-04,23.840200424194336,24.565214142625987,23.3284247906209,23.499015583885452,10087721
2021-06-07,24.224029541015625,24.778452434410756,24.05343875752701,24.13873333582642,6120507
2021-06-08,24.82110023498535,26.271129150478064,24.650507832273394,25.07698721216356,22916966
2021-06-09,24.82110023498535,25.802002483354777,24.73580403362937,25.204930700752662,9109441
2021-06-10,25.24757957458496,25.418170350134957,24.90639639659524,24.949043683760312,2961658
2021-06-11,25.03434181213379,25.588764722407994,24.906398313899718,25.588764722407994,1952869
2021-06-14,24.94904327392578,25.119635673563202,24.22402801580128,25.119635673563202,3018408
2021-06-15,25.29022789001465,25.460820299390413,24.863748493465025,24.949044698152907,4007935
2021-06-16,24.94904327392578,25.50346613241286,24.906395987461273,25.375522646129642,1920096
2021-06-17,24.522563934326172,25.247579193414623,24.394620447872843,24.735803620711614,2165481
2021-06-18,24.309324264526367,24.693156351037928,23.968141091454815,24.650507437597923,1747439
2021-06-21,24.56521224975586,24.693157368457836,23.968142079002277,24.138732859121973,1499004
2021-06-22,24.6505069732666,24.949042854164453,24.522563489136,24.6505069732666,2115618
2021-06-23,24.309324264526367,24.821099837578547,24.138731864545743,24.778450924138543,2296487
2021-06-24,24.224029541015625,24.52256544573294,24.13873333582642,24.47991815658324,916952
2021-06-25,24.47991943359375,24.60786293460691,24.09608730366438,24.266679722941852,1573533
2021-06-28,24.56521224975586,25.07698784389447,24.479917673140893,24.735804656765318,4256279
2021-06-29,23.371068954467773,24.73580325239144,23.07253307259546,24.73580325239144,5935706
2021-06-30,23.797548294067383,23.92549177847141,23.456365126693413,23.49901241253153,2844106
2021-07-01,23.71225357055664,24.096085674535235,23.669606282065583,23.925493266791467,1328737
2021-07-02,23.71225357055664,23.840198689809352,23.5843100781937,23.840198689809352,1012352
2021-07-05,24.010787963867188,24.096084162386312,23.669604796680357,23.882844479533336,1111545
2021-07-06,23.925491333007812,24.224027208985287,23.882844047963733,24.09608372696341,1513622
2021-07-07,24.010787963867188,24.13873144820104,23.882844479533336,24.096084162386312,1147282
2021-07-08,24.010787963867188,24.224027646720163,23.754900995199485,24.010787963867188,1365648
2021-07-09,24.096086502075195,24.181382708876438,23.754903301760063,23.96814300531825,1828920
2021-07-12,24.6505069732666,25.887297782604982,24.138731409854525,24.309323806621773,12793293
2021-07-13,24.60786247253418,24.991692968366312,24.52256626449709,24.906398387219074,2919533
2021-07-14,24.60786247253418,24.73580597114489,24.56521355507071,24.73580597114489,1641458
2021-07-15,24.309324264526367,24.735803637588234,24.138731864545743,24.607860151047614,1515499
2021-07-16,23.840200424194336,24.522566851032323,23.71225529563356,24.47991955943866,2967885
2021-07-19,23.62696075439453,24.01079126008866,23.541664544165872,23.797551547961955,2095107
2021-07-20,23.371068954467773,23.840197233664174,23.20047818403336,23.66960483634009,2378583
2021-07-22,23.328426361083984,23.584313381652,23.285777439729316,23.49901716583266,1666503
2021-07-23,23.1578311920166,23.49901438807355,23.11518390259316,23.37107089291342,1723227
2021-07-26,23.328426361083984,23.584313381652,23.20048285079998,23.243130145264647,1638406
2021-07-27,23.58431053161621,24.138733427107915,23.15783113094724,23.541663242305237,4221073
2021-07-28,23.328426361083984,23.712256891936008,23.285777439729316,23.712256891936008,1549433
2021-07-29,23.371068954467773,23.584308637678046,23.28577275580573,23.32842166858159,884268
2021-07-30,23.243127822875977,23.54166373496978,23.07253540828242,23.328424030172755,1919471
2021-08-02,23.41371726989746,23.7122515172637,23.200477592127502,23.37106835820969,2143900
2021-08-03,23.371068954467773,23.712252122226275,23.243125469919544,23.54166135179186,1909445
2021-08-04,23.328426361083984,23.584313381652,23.243130145264647,23.54166608718733,1697212
2021-08-05,23.200477600097656,23.413717277940872,23.02988520706723,23.371068366238447,1421901
2021-08-06,23.1578311920166,23.41371980922667,23.11518390259316,23.24312739775329,1127718
2021-08-09,23.200477600097656,23.371068366238447,23.157828688395234,23.371068366238447,1024951
2021-08-10,22.774002075195312,23.200481502619272,22.68870586433254,23.200481502619272,1495385
2021-08-11,22.731353759765625,22.944593479138454,22.39017053414709,22.77400267977416,1467101
2021-08-12,22.944591522216797,23.11518393392138,22.816648026883264,22.944591522216797,1500406
2021-08-13,23.1578311920166,23.28577468717673,22.90194420169634,22.94459149111978,1465267
2021-08-16,22.987239837646484,23.3284230252465,22.859294718767934,23.243126821624053,1081524
2021-08-17,22.731353759765625,23.029889692265574,22.646057546638502,22.901946186019867,1012319
2021-08-18,22.4754638671875,22.859294336739207,22.390167664990543,22.8166470490856,1366454
2021-08-20,22.134281158447266,22.560760551659044,22.091632242992223,22.43281543218369,2085236
2021-08-23,21.707801818847656,22.262224706014283,21.62250561461669,22.176928501783316,1932319
2021-08-24,21.963687896728516,22.17692758504627,21.750448208410763,21.878391696023474,1499389
2021-08-25,22.134281158447266,22.347520855053155,22.00633603897191,22.091632242992223,850541
2021-08-26,22.219575881958008,22.390168291122475,22.13428130426556,22.30487208654024,598763
2021-08-27,22.17692756652832,22.304871054034194,22.17692756652832,22.219574853400374,626448
2021-08-30,22.347518920898438,22.432813490646815,22.219573812496602,22.262222724260425,824385
2021-08-31,22.432815551757812,22.603407960707745,22.26222476969766,22.432815551757812,1102052
2021-09-01,22.603404998779297,22.94458814508107,22.432812612183625,22.475461522277328,2337212
2021-09-02,22.944591522216797,23.029887728069088,22.518112119845146,22.73135182103097,1628887
2021-09-03,22.987239837646484,23.157830618001608,22.90194363402404,23.029887126012824,1316116
2021-09-06,22.944591522216797,23.243127429254912,22.859295316364506,23.243127429254912,844110
2021-09-07,22.774002075195312,22.987241788907294,22.731353156318974,22.90194557804452,591089
2021-09-08,22.68870735168457,22.987243295829764,22.68870735168457,22.859298157703243,1033183
2021-09-09,22.859294891357422,22.94459109562386,22.646055194136217,22.688704109714326,771348
2021-09-13,22.987239837646484,23.243126821624053,22.774000142035256,22.987239837646484,1080720
2021-09-14,23.243127822875977,23.62695994226656,22.944591910782172,23.11518432537573,4593544
2021-09-15,23.41371726989746,23.49901183949374,23.24312487692564,23.41371726989746,2204935
2021-09-16,23.49901008605957,23.669602466302237,23.371066614322324,23.54165899456499,3061301
2021-09-17,23.200477600097656,23.626956955784085,23.02988520706723,23.584308044081663,2865147
2021-09-20,23.243127822875977,23.499014817876475,23.07253540828242,23.157831615579198,2235460
2021-09-21,23.329694747924805,23.502826923018638,23.199843552696265,23.37297737891663,722408
2021-09-22,23.24312400817871,23.372973530902918,23.199839733186465,23.28640663204469,658613
2021-09-23,23.372976303100586,23.546110121351912,23.24312676497532,23.372976303100586,10066835
2021-09-24,23.286409378051758,23.546110105251167,23.026710301978806,23.416258916088232,1249858
2021-09-27,23.719242095947266,24.541625249276088,23.632675187524267,24.238641895358814,4486696
2021-09-28,23.54610824584961,23.84908992696655,23.4595413436192,23.84908992696655,4158049
2021-09-29,24.5416259765625,25.364007503135998,23.546110628012215,23.546110628012215,22430813
2021-09-30,24.36849021911621,25.017739523272734,24.325207592622988,24.75804046206067,4990232
2021-10-01,24.584909439086914,24.758043266927057,24.19536080313642,24.36849297985001,3902018
2021-10-04,24.628192901611328,24.887891983598276,24.41177644958004,24.887891983598276,2750109
2021-10-05,24.325204849243164,24.88788718582795,24.281920576505147,24.671470775516404,5580954
2021-10-06,24.238643646240234,24.801326114945496,24.152076731564062,24.58490965381835,4260519
2021-10-07,24.325204849243164,24.58490388116655,24.281920576505147,24.455054365204855,2831978
2021-10-08,24.195362091064453,24.498343829222705,24.152077806237102,24.411778561821283,2461540
2021-10-11,24.41177749633789,24.801326136021853,24.238643666838417,24.368493213399738,4286918
2021-10-12,24.455059051513672,24.67147550329698,24.36849214057505,24.498341681419735,2119763
2021-10-13,24.41177749633789,24.671476589460532,24.368493213399738,24.628193957648946,2494769
2021-10-14,24.5416259765625,25.06102579136636,24.41177643564316,24.58490860649345,6995135
2021-10-18,28.17742347717285,29.21622318417183,24.671477355522878,24.88789382355378,52983314
2021-10-19,26.878925323486328,29.129658627164762,26.575943581766786,28.740108314772986,15985580
2021-10-20,25.969972610473633,26.965487896983177,25.450572828038883,26.965487896983177,5844162
2021-10-21,25.27743911743164,26.402803867737134,25.147587941443376,26.01325364202492,5298862
2021-10-22,25.190874099731445,26.143106771759367,25.061024565165457,25.407290541050227,6802595
2021-10-25,24.887889862060547,25.407289632885345,24.80132295840202,25.234155825568294,3598668
2021-10-26,24.931175231933594,25.277442884673494,24.844609969875158,24.931175231933594,2577567
2021-10-27,25.104307174682617,25.623706963694435,24.931173361303205,25.06102454690097,3503229
2021-10-28,24.67147445678711,25.104307341993902,24.58490754952047,25.104307341993902,2451857
2021-10-29,24.5416259765625,24.758042428470233,24.325209524654763,24.67147551748184,2302929
2021-11-01,24.758041381835938,25.017740452695968,24.541624939077103,24.801324009937133,2309534
2021-11-02,24.758041381835938,25.017740452695968,24.671474474507118,24.758041381835938,1599085
2021-11-03,24.80132484436035,25.017741294400366,24.714757934119053,24.887891754601654,1234776
2021-11-04,25.450576782226562,25.537143701269756,24.88789428513578,25.017743838137243,1332709
2021-11-08,25.883405685424805,26.489372372997604,25.840123058223774,26.359522840268117,5588691
2021-11-09,26.4893741607666,26.74907324375268,26.01325697379012,26.09982388516098,3968763
2021-11-10,26.18638801574707,26.79235467986778,26.05653848804301,26.619220875511484,2316488
2021-11-11,25.883405685424805,26.40280546746915,25.840123058223774,26.22967165641224,2059217
2021-11-12,25.71027374267578,26.316238784240937,25.49385730258971,26.05653971658821,6377687
2021-11-15,24.887889862060547,25.753555596393088,24.80132295840202,25.753555596393088,3446215
2021-11-16,25.320724487304688,25.58042356518543,24.844608960814504,24.974458499754878,3669481
2021-11-17,24.80132484436035,25.493858475164288,24.75804221480294,25.320724654681683,2452973
2021-11-18,24.67147445678711,25.01774043472726,24.541624921450357,24.887890899390506,1843971
2021-11-22,24.195362091064453,25.01774368926443,23.97894562030762,24.97446105556372,3243139
2021-11-23,24.49834442138672,24.62819562788084,24.022228834663874,24.152078390031313,2076029
2021-11-24,24.67147445678711,24.844608271320396,24.541624921450357,24.844608271320396,1654838
2021-11-25,24.931175231933594,25.19087597148852,24.75804305669018,24.97445951408935,1750334
2021-11-26,24.325204849243164,24.844604564216112,24.23863795489331,24.71475339712824,2101861
2021-11-29,23.849088668823242,24.325205780410077,23.589389626958596,24.238638882746447,2661725
2021-11-30,24.10879135131836,24.54162422422847,23.3729751371459,23.892374914863307,2084423
2021-12-01,24.238643646240234,24.455060107367377,24.06550981688789,24.152076731564062,1404626
2021-12-02,24.152074813842773,24.498340793926705,24.06550790604018,24.325208629447957,1897173
2021-12-03,24.41177749633789,24.584909674710797,24.238643666838417,24.281926298650003,1385122
2021-12-06,24.455059051513672,24.584908592358357,24.28192522963643,24.455059051513672,1506986
2021-12-07,24.49834442138672,24.844612103868805,24.36849486601928,24.584911342007242,1392168
2021-12-08,24.67147445678711,24.758041364053753,24.541624921450357,24.67147445678711,1194107
2021-12-09,24.67147445678711,24.887890899390506,24.58490754952047,24.844608271320396,1641700
2021-12-10,24.758041381835938,24.931173545367148,24.628191846405922,24.671474474507118,1126678
2021-12-13,25.147592544555664,25.580425474073845,25.01774299592553,25.104309912054482,2399052
2021-12-14,25.104307174682617,25.234156709153968,24.88789073352156,25.147589802464264,1357576
2021-12-15,24.8446102142334,25.23415885070737,24.758043300197,25.190876219252445,1188837
2021-12-16,24.931175231933594,25.277442884673494,24.8013256877194,25.061026427274324,1555783
2021-12-17,24.584909439086914,25.104309271480794,24.498342525166844,25.061026640084034,1446029
2021-12-20,23.805810928344727,24.49834294944594,23.416260634521183,24.49834294944594,2337481
2021-12-21,24.10879135131836,24.281923509806578,23.80580801005601,23.978941819670602,1475185
2021-12-22,24.49834442138672,24.54162870726032,24.152078390031313,24.325212231272356,1020457
2021-12-23,24.584909439086914,24.758043266927057,24.455059893770084,24.584909439086914,1098598
2021-12-24,24.67147445678711,25.01774043472726,24.58490754952047,25.01774043472726,2101821
2021-12-27,24.887889862060547,24.974456765719072,24.758040332135938,24.931172488326634,1454790
2021-12-28,25.27743911743164,25.450571266872174,24.974455792002843,24.974455792002843,2291466
2021-12-29,25.666990280151367,26.619222977034813,25.49385811325303,25.623707651208395,7225894
2021-12-30,26.01325798034668,26.316241356305074,25.66699197259133,25.969975348549724,8067720
2021-12-31,26.532657623291016,26.835640997031195,26.099824703984062,26.31624116363754,5098783
2022-01-03,26.792356491088867,27.0520555640532,26.74907221151052,27.0520555640532,3325751
2022-01-04,26.316240310668945,27.13862349114749,26.056541227952827,27.095339209943806,4554961
2022-01-05,25.92669105529785,26.40280657905982,25.840124146124822,26.40280657905982,2687534
2022-01-06,26.35952377319336,26.922206202353383,25.62370752684881,25.71027443544107,3889882
2022-01-07,26.143110275268555,26.92220923820005,26.013259072174442,26.662508483138463,5224580
2022-01-10,27.52817153930664,28.047572996125517,26.532656208219958,26.749072656331258,23661820
2022-01-11,27.355037689208984,28.134136524271224,27.225188158553006,27.70130365466705,12853934
2022-01-12,27.52817153930664,27.96100443552924,27.35503937149348,27.65802272907459,5878122
2022-01-13,27.138622283935547,27.744587333693413,27.008772748353607,27.61473779811147,5388079
2022-01-14,27.095338821411133,27.31175527094677,26.92220665245851,27.052056191954595,2821577
2022-01-17,27.181907653808594,27.787872764687535,27.00877547261172,27.35504148613206,4870046
2022-01-18,26.83563804626465,27.484887353835568,26.749071141696586,27.35503782254666,3172663
2022-01-19,26.792356491088867,27.008772935601293,26.48937313854618,26.835639119540776,3311650
2022-01-20,26.74907112121582,27.00877183472117,26.705788494528115,26.922204930219387,2277103
2022-01-21,26.316240310668945,26.74907321594681,26.099823858030014,26.099823858030014,2080357
2022-01-24,25.40729331970215,26.316241812197017,25.27744377093525,26.143109630883355,3998306
2022-01-25,25.969972610473633,26.099822143300724,25.190873762384705,25.190873762384705,3325260
2022-01-27,25.883405685424805,26.22967165641224,25.753556152695317,25.926689963752228,3009022
2022-01-28,26.01325798034668,26.446090902822508,25.969975348549724,26.229674441584596,2038425
2022-01-31,26.532657623291016,27.0087748252046,26.272958532157467,26.87892362851127,2749870
2022-02-01,26.575939178466797,26.792355615909926,26.402805368061742,26.7057887107074,1785054
2022-02-02,26.792356491088867,26.922206027571033,26.66250530348026,26.74907221151052,1566381
2022-02-03,27.225189208984375,27.355038744650347,26.705789415194058,26.705789415194058,3492756
2022-02-04,27.05205535888672,27.441605616505257,27.00877273076307,27.355038709131534,1658162
2022-02-07,27.095338821411133,27.35503955152978,27.00877356249806,27.181905731450684,1942712
2022-02-08,26.70578956604004,27.31175461961281,26.44608884211476,27.18190508321339,2126047
2022-02-09,27.05205535888672,27.18190489438409,26.87892154413927,27.095337987010367,1832191
2022-02-10,27.484891891479492,27.658025729199313,26.922209395580044,27.138625867166496,3005956
2022-02-11,26.619224548339844,27.052057467825044,26.489375002719594,26.792358376584545,3007513
2022-02-14,25.71027374267578,26.402805690500646,25.62370683641607,26.272956156674283,3073621
2022-02-15,26.01325798034668,26.402808271025553,25.407292879556458,26.402808271025553,1868362
2022-02-16,26.316240310668945,26.489374133230694,26.099823858030014,26.1431081392337,1625943
2022-02-17,26.35952377319336,26.61922284784369,26.099823047416574,26.53265593925143,1691639
2022-02-18,26.229671478271484,26.402805288152543,26.143106224457334,26.27295575630494,1479119
2022-02-21,26.094701766967773,26.634592491606373,26.094701766967773,26.36464627115442,2405203
2022-02-22,25.644790649414062,25.8247547790739,25.419836345471836,25.8247547790739,2755717
2022-02-23,25.734771728515625,26.184680319167068,25.464825544365716,25.644789667132322,1624134
2022-02-24,24.56501007080078,25.50981920661016,24.43003782747521,25.19488282800703,3195126
2022-02-25,25.32985496520996,25.464827207970046,24.789964277904424,24.83495616966791,2523125
2022-02-28,25.77976417541504,25.91473642126497,25.104901229900168,25.7347739988868,2654368
2022-03-02,26.094701766967773,26.229674019061097,25.599802937203815,25.644793115813155,2869207
2022-03-03,26.094701766967773,26.409638166029065,26.00471969348379,26.409638166029065,1558101
2022-03-04,25.734771728515625,26.094698257783765,25.55480760574902,26.004716196400462,1259425
2022-03-07,25.19488525390625,25.734775995457312,25.01492110130078,25.734775995457312,3037640
2022-03-08,26.004718780517578,26.229673098197253,25.239873757153628,25.239873757153628,2068885
2022-03-09,25.914737701416016,26.274665996482735,25.824757343914644,26.094701848949377,1595805
2022-03-10,26.049711227416992,26.319655727863328,26.004719333165752,26.18468347764016,2119506
2022-03-11,25.869747161865234,26.184683557523606,25.734774911230296,26.09470148501189,1847000
2022-03-14,25.41983985900879,26.094702864115217,25.374849678507843,26.00472078684795,1748856
2022-03-15,25.104902267456055,25.64479298943404,24.879947942987336,25.64479298943404,3484042
2022-03-16,24.969926834106445,25.464825598366488,24.879944772532326,25.419835425711966,3693655
2022-03-17,24.744976043701172,25.329856952390134,24.699985864673295,25.194884699041193,5383269
2022-03-21,24.78996467590332,25.23987330317028,24.74497449968271,25.149892950729054,3025058
2022-03-22,24.744976043701172,24.96993037137118,24.610003790352227,24.879948297050113,2792952
2022-03-23,24.744976043701172,24.924940192343307,24.610003790352227,24.879948297050113,3319594
2022-03-24,24.52001953125,24.924937971483132,24.475029356230838,24.699983663856983,3726055
2022-03-25,24.56501007080078,24.69998403039154,24.520019895113986,24.65499213843956,1772922
2022-03-28,24.47502899169922,24.699983295974892,24.38504692673592,24.699983295974892,2800248
2022-03-29,24.52001953125,24.654991772572657,24.475029356230838,24.565009706269166,1456086
2022-03-30,24.56501007080078,24.834956273717115,24.520019895113986,24.65499213843956,1297773
2022-03-31,24.69998550415039,25.149894152923512,24.565011536506223,24.69998550415039,2614895
2022-04-01,25.14989471435547,25.239875073106532,24.654994159897985,24.744976234914375,2142185
2022-04-04,25.19488525390625,25.599803739135886,25.104903177603514,25.464829766549105,6372791
2022-04-05,25.869747161865234,26.04971130688867,25.059911941790336,25.329856443060205,6205914
2022-04-06,25.914737701416016,26.319656175233423,25.554811122614606,25.914737701416016,6139079
2022-04-07,26.229671478271484,26.679580085844805,25.824754761214578,26.004717174484824,7067210
2022-04-08,26.004718780517578,26.54460948620185,25.91473671019266,26.45462741587693,3786018
2022-04-11,26.094701766967773,26.679582670215712,26.00471969348379,26.094701766967773,6226370
2022-04-12,25.644790649414062,26.27466338695836,25.509818410301754,26.04970908301613,6093725
2022-04-13,25.599802017211914,25.9597285819477,25.554810123954166,25.68978237119693,3944477
2022-04-18,26.049711227416992,26.274665549877362,25.374848260035883,25.509820510259047,7875148
2022-04-19,26.36464500427246,27.084499841288345,26.139690689504725,26.184682582217405,11968312
2022-04-20,26.454627990722656,26.9045366358583,26.27466556242757,26.724574207563208,4615350
2022-04-21,26.454627990722656,26.9045366358583,26.364645918442474,26.679582313290478,6435178
2022-04-22,26.54461097717285,27.219473968117924,26.45462890179377,26.49962079761598,9687935
2022-04-25,26.049711227416992,26.544610050323698,26.004719333165752,26.544610050323698,4179340
2022-04-26,26.004718780517578,26.45462741587693,25.869746533162818,26.184682921167415,3062910
2022-04-27,25.68977928161621,26.09469769091224,25.419834819595547,25.869743400473343,2877534
2022-04-28,25.77976417541504,26.00471849058666,25.59980175303687,26.00471849058666,2107829
2022-04-29,25.644790649414062,25.95972701818621,25.509818410301754,25.779762888526374,3806204
2022-05-02,25.734771728515625,25.869743962458042,25.239871249039993,25.55480760574902,4471718
2022-05-04,25.239871978759766,25.824754536528467,25.19488180489992,25.7797626464035,3008440
2022-05-05,25.14989471435547,25.734775627564016,25.10490281871461,25.599803373172094,3303042
2022-05-06,25.554811477661133,25.77976580707059,24.834958310057004,25.01492074382537,6541892
2022-05-09,25.14989471435547,25.689783731923157,24.834958309930766,25.689783731923157,6096149
2022-05-10,24.83495330810547,25.374843933203085,24.69998108089731,25.329852046623706,2139013
2022-05-11,24.38504981994629,25.059912812843702,24.2950677443069,24.92494055751729,2926150
2022-05-12,24.52001953125,24.654991772572657,23.980128849694214,24.25007504860469,4158159
2022-05-13,24.610004425048828,24.789966862066912,24.475032168218927,24.654994605237007,2807496
2022-05-16,24.56501007080078,24.69998403039154,24.29506558414964,24.43003782747521,3391727
2022-05-17,25.104902267456055,25.329856591924774,24.699985513171537,25.1948843404966,3589336
2022-05-18,25.554811477661133,25.73477562769483,25.01492074382537,25.329857148251676,3164861
2022-05-19,24.744976043701172,25.194884699041193,24.699985864673295,25.194884699041193,1704162
2022-05-20,25.104902267456055,25.23987451888423,24.924939837640256,25.104902267456055,883594
2022-05-23,24.879947662353516,25.329856306216204,24.789965590327924,25.194884056310453,1549840
2022-05-24,24.969926834106445,25.104899068335087,24.834954599877804,24.924936661451923,811029
2022-05-25,24.295066833496094,25.104902051359574,24.02512233296336,25.059911873359212,1930718
2022-05-26,24.52001953125,24.654991772572657,22.90034920284781,23.84515660837156,6031524
2022-05-27,24.340057373046875,24.699985667457316,24.07011286850435,24.56501169892075,1712397
2022-05-30,24.69998550415039,24.78996586089278,23.890148563346543,23.890148563346543,2754314
2022-05-31,24.78996467590332,24.879946744609754,24.475030009828618,24.74497449968271,1237445
2022-06-01,24.78996467590332,24.879946744609754,24.56501036226984,24.78996467590332,833581
2022-06-02,25.374849319458008,25.554811755180726,24.654994427771086,24.789966683629462,2146353
2022-06-03,24.969926834106445,25.374845253057444,24.924936661451923,25.239871302563728,666141
2022-06-06,25.239871978759766,25.554808344574038,24.78996337510084,25.554808344574038,1193845
2022-06-07,25.599802017211914,25.68978237119693,24.92493906473285,25.19488355921838,2195042
2022-06-08,26.094701766967773,26.229674019061097,25.329856716751863,25.419838790235847,3395050
2022-06-09,26.049711227416992,26.274665549877362,25.644792760482215,25.914737260928547,3128709
2022-06-10,25.50982093811035,26.049711664323354,25.419838864363967,25.914737695571123,799958
2022-06-13,24.69998550415039,25.46482883405246,24.654993609513905,25.239874509665903,995881
2022-06-14,24.56501007080078,24.744974206078336,24.43003782747521,24.56501007080078,628146
2022-06-15,24.654993057250977,24.789965305606525,24.565010986258862,24.565010986258862,483995
2022-06-16,24.070110321044922,24.78996340114956,23.8901461928862,24.744973227242443,2282773
2022-06-17,23.575212478637695,24.115101452010236,23.35025816764407,24.070111276317586,1290366
2022-06-20,23.26027488708496,23.800165548570057,22.99032869820986,23.57521124930669,1129320
2022-06-21,23.62020492553711,23.80016907814258,23.215286440307473,23.440240772931638,719006
2022-06-22,23.44024085998535,23.710187089896102,23.350260499613796,23.620205013259188,514873
2022-06-23,23.44024085998535,23.57521483307341,23.26027842297688,23.395250679799574,643409
2022-06-24,23.575212478637695,23.71018472198083,23.485230410987207,23.485230410987207,399967
2022-06-27,23.71018409729004,24.02512046763654,23.620202032010305,23.84515633707707,840803
2022-06-28,24.295066833496094,24.34005701149646,23.530221793632975,23.935140260697356,1149258
2022-06-29,24.340057373046875,24.78996602479462,23.84515854263048,24.16009494210696,2948123
2022-06-30,24.205081939697266,24.654990532317157,24.11509987792027,24.47502812502825,475645
2022-07-01,24.654993057250977,24.789965305606525,24.02512199283667,24.115102347563532,834442
2022-07-04,24.250076293945312,24.789965286961444,24.20508440035047,24.74497510963185,749736
2022-07-05,24.47502899169922,24.565009340397378,24.250074687423545,24.295064861772623,808528
2022-07-06,24.38504981994629,24.654994330599116,24.160095488980485,24.654994330599116,678013
2022-07-07,24.52001953125,24.61000159755349,24.385047289927346,24.475029356230838,929156
2022-07-08,24.52001953125,24.654991772572657,24.385047289927346,24.565009706269166,490540
2022-07-11,24.47502899169922,24.654991405360672,24.38504692673592,24.610001231011594,533394
2022-07-12,24.969926834106445,25.104899068335087,24.340054119352686,24.475028069846402,2012004
2022-07-13,25.14989471435547,25.329857148122922,25.01492074369822,25.194884893731,800181
2022-07-14,25.644790649414062,25.779762888526374,24.879945672757458,25.239872215811996,2875177
2022-07-15,26.31965446472168,26.589598952212746,25.37484704223775,25.77976377347435,2812034
2022-07-18,25.869747161865234,26.499619953181977,25.779765089353514,26.499619953181977,1257402
2022-07-19,25.464832305908203,25.91474101602153,25.374851936897958,25.734778561735514,822969
2022-07-20,25.374849319458008,25.6897840110391,25.374849319458008,25.554811755180726,532871
2022-07-21,25.50982093811035,25.644793190597277,25.32985679061758,25.374848685623427,611604
2022-07-22,25.554811477661133,25.64479355267798,25.329857148251676,25.599803373302223,551551
2022-07-25,25.599802017211914,25.68978237119693,25.329855806461143,25.46482805370391,991100
2022-07-26,25.50982093811035,25.689783369337814,25.374848685623427,25.464829043104505,569102
2022-07-27,25.41983985900879,25.509821936276055,25.329857781741524,25.509821936276055,444825
2022-07-28,25.32985496520996,25.554809275231833,25.239872897948175,25.554809275231833,465880
2022-07-29,25.50982093811035,25.689783369337814,25.239874716871196,25.50982093811035,1071107
2022-08-01,25.644790649414062,26.09469925729852,25.374846171189443,25.509818410301754,1672470
2022-08-02,26.049711227416992,26.18468347764016,25.509820510259047,25.644792760482215,2408127
2022-08-03,25.824758529663086,26.454629642419878,25.64479437386664,26.09470304709237,1706196
2022-08-04,25.554811477661133,26.274666361530592,25.419839223268525,25.82475770271168,1490858
2022-08-05,25.914737701416016,26.769564827801517,24.969930217529146,25.68978337513197,11420616
2022-08-08,25.32985496520996,25.64479134249362,25.239872897948175,25.419837032471747,3582640
2022-08-10,25.239871978759766,25.46482628058923,25.19488180489992,25.239871978759766,1297093
2022-08-11,25.14989471435547,25.464829402514845,25.10490281871461,25.37484904376378,959703
2022-08-12,25.41983985900879,26.274667018649748,25.14989534347237,25.194885523973312,5501576
2022-08-16,25.734771728515625,25.869743962458042,25.55480760574902,25.734771728515625,1489798
2022-08-17,25.824758529663086,25.95973078837773,25.734776451764862,25.779766632581282,1178825
2022-08-18,25.77976417541504,25.86974624473673,25.7347739988868,25.824756068208497,692152
2022-08-19,25.644790649414062,26.0047171924686,25.599800475131673,25.914735127638682,741508
2022-08-22,25.374849319458008,25.734775907168792,25.329857423328317,25.64479383117476,663086
2022-08-23,25.32985496520996,25.464827207970046,25.239872897948175,25.239872897948175,491299
2022-08-24,25.50982093811035,25.599803011856736,25.284866611877042,25.374848685623427,680725
2022-08-25,25.68977928161621,25.91473357205511,25.50981687902411,25.59979893845268,1404284
2022-08-26,26.004718780517578,26.139691027872335,25.68978239251298,25.869746533162818,2015540
2022-08-29,26.949527740478516,27.354444479476893,25.509819774976528,25.644792021309318,5397617
2022-08-30,27.714372634887695,28.16428129270253,26.904537394074058,27.21947379779751,11060638
2022-09-01,28.119291305541992,28.704172221444196,27.62439246507059,27.804354899666855,7437850
2022-09-02,28.119291305541992,28.794154296875,27.98431905052846,28.119291305541992,6578921
2022-09-05,28.07430076599121,28.704171853399956,27.93932679644297,28.209273019274132,3799449
2022-09-06,27.399436950683594,28.299254233579408,27.219472807598326,28.164280268132824,2877460
2022-09-07,27.759363174438477,27.849345244859062,27.264462645257872,27.309454538600786,1974656
2022-09-08,28.119291305541992,28.299255456403596,27.759364720084122,27.759364720084122,2848422
2022-09-09,28.209272384643555,28.5691989573891,28.029308240138143,28.11929031239085,2673363
2022-09-12,28.43422508239746,28.884131985422542,28.20927077275233,28.344243015286374,2247045
2022-09-13,28.56920051574707,28.74916467006895,28.299256000529624,28.524210335299287,3040273
2022-09-14,28.389232635498047,28.524206591657567,27.98431591581492,27.98431591581492,1983458
2022-09-15,29.199071884155273,29.87393485482513,28.524208913485417,28.65918116436633,8671226
2022-09-16,28.974117279052734,30.323843207276955,28.479216742278023,29.514006277330207,15608702
2022-09-19,28.974117279052734,29.42402592179414,28.479216742278023,29.199071600423437,3183306
2022-09-20,29.244060516357422,29.37903447636815,28.929125853039576,29.244060516357422,2827068
2022-09-21,29.289827346801758,30.11360513757836,29.19829628718105,30.0220723321479,3289237
2022-09-22,29.976306915283203,30.113604374138376,29.19829554694597,29.19829554694597,3869344
2022-09-23,29.56441879272461,30.250899121464126,29.0610005833062,30.067837002143023,5421055
2022-09-26,29.015235900878906,29.701716229015066,28.374520229627922,29.65595157212989,5102887
2022-09-27,29.015235900878906,29.38135664757982,28.328755572742747,29.015235900878906,2999756
2022-09-28,28.786409378051758,29.015236156110007,28.60334725728125,28.786409378051758,3032270
2022-09-29,28.96946907043457,29.19829584310121,28.74064229776793,28.87793801220597,3097269
2022-09-30,28.420286178588867,29.335593324383158,27.41344971486301,28.96947081522741,7234048
2022-10-03,29.015235900878906,29.38135664757982,28.054162394002432,28.60334700567331,3195515
2022-10-04,30.296663284301758,31.02891174964444,29.01523545319097,29.15253116753786,5600103
2022-10-06,30.06783676147461,31.028912007312922,29.93054279179734,30.983143859134348,4445936
2022-10-07,29.930538177490234,30.159364916627595,29.793240737360243,30.11360026712391,1275112
2022-10-10,29.930538177490234,30.47972095477232,29.610178647726567,29.74747608785656,2824308
2022-10-11,29.655954360961914,30.113607956090217,29.564421546964354,29.97631048090379,1971202
2022-10-12,30.022075653076172,30.20513779256723,29.701719527681753,30.067840315043963,2078526
2022-10-13,29.839008331298828,30.159367892674737,29.56441691556183,30.113603238655116,1827366
2022-10-14,29.610183715820312,30.205134736057133,29.427125086473175,30.022072615090455,1203466
2022-10-17,29.518653869628906,29.884778104969772,29.335591751958475,29.610183182654385,1355847
2022-10-18,29.930538177490234,30.388191655764953,29.564413998222886,29.97630282699392,10326181
2022-10-19,29.335588455200195,30.06783335197214,29.289823803830526,30.06783335197214,3241047
2022-10-20,28.328754425048828,29.610182224016302,28.09992765827399,29.289826147179276,9343911
2022-10-21,28.923702239990234,29.15252899545565,28.374517677711324,28.46604872905941,2562077
2022-10-24,29.655954360961914,29.839013005717366,29.28983008821134,29.74748368333964,1880148
2022-10-25,30.113603591918945,30.38819501087719,29.427123298713674,29.70171471767192,4567573
2022-10-27,33.179874420166016,33.45446578600917,29.97630033821895,30.342424487088934,29820799
2022-10-28,32.722232818603516,33.77483750871705,32.447641353414745,33.17988642445811,13589784
2022-10-31,32.08150863647461,33.08834839958519,31.944214685790666,32.90528630705427,6261421
2022-11-01,32.58493423461914,32.85952918211105,31.94422200145748,32.26457811803831,6177185
2022-11-02,32.08150863647461,32.767988864751324,32.03574398624663,32.722224214523344,3806240
2022-11-03,31.989978790283203,32.584926216335404,31.80691670087524,31.94421414083595,3474859
2022-11-04,33.04258728027344,33.31718222323894,31.85268866336199,32.03575079479908,6520408
2022-11-07,35.28508758544922,35.60544716159652,33.179881978904675,33.31717943891344,17569636
2022-11-09,34.5528450012207,36.06310319924644,34.32401821313315,35.69697894165847,9751736
2022-11-10,33.77483367919922,34.50707866721789,33.40870943938012,34.32401654730834,4254276
2022-11-11,33.91212844848633,34.73590626165588,33.637537007969684,34.14095523085347,4768861
2022-11-14,33.22564697265625,33.59177120865369,32.40187267909124,33.59177120865369,5199696
2022-11-15,34.23249053955078,35.147797735885085,33.179885867118394,33.45447732769471,8813249
2022-11-16,33.27141189575195,34.324016463961236,33.08835326790644,34.324016463961236,4330752
2022-11-17,32.722232818603516,33.63754003031271,32.49340601567622,33.546010705789755,4184008
2022-11-18,32.53916549682617,32.951054374835486,32.21880942038524,32.72222760834357,3436031
2022-11-21,33.820594787597656,34.04942154056974,32.21880751679308,32.401869617494576,4640990
2022-11-22,33.591766357421875,34.55283797359544,33.317174965889286,34.04941984051585,4681636
2022-11-23,33.179874420166016,33.72905715185233,33.042576991435105,33.68329250614825,2773305
2022-11-24,35.60544967651367,36.52075683023773,33.36294645156579,33.500240429652585,31337390
2022-11-25,35.55967712402344,36.33769020335975,35.010494296413675,35.69697457673551,12785734
2022-11-28,36.429222106933594,38.03100954183813,35.51391500127386,35.55967965823294,20355748
2022-11-29,35.83427810668945,36.84111462526617,35.69698063069269,36.52075850343354,6440033
2022-11-30,36.47498321533203,37.2072316219168,35.14779083454028,35.92580040201263,10384736
2022-12-01,35.92580795288086,37.11570662624465,35.51391901051111,36.74958583762036,6241462
2022-12-02,35.92580795288086,36.93264448612255,35.788510474884305,36.52075903537271,9816113
2022-12-05,37.619117736816406,38.76325153041325,36.703810701938934,37.20723236441694,35794761
2022-12-06,37.436065673828125,38.25984005439319,37.11570606059183,37.52759499668429,10130167
2022-12-07,36.20039367675781,37.66488707388191,36.01733156566488,37.66488707388191,8583910
2022-12-08,35.78850555419922,36.42922121072241,35.330852012628284,35.83427370165185,5292692
2022-12-09,34.82743453979492,36.10886587950097,34.55284310746348,35.92580376074017,4822642
2022-12-12,34.73590850830078,35.468153560911766,34.09519277790873,34.91897064435848,5120200
2022-12-13,35.55967712402344,36.15462809695007,34.91896498901847,35.010494296413675,5678896
2022-12-14,35.37662124633789,36.017333430915045,35.23932378300305,35.83427480196131,3685227
2022-12-15,34.369773864746094,35.605440291545435,34.18671178392929,35.55967215262715,5662355
2022-12-16,34.003658294677734,35.102023961076405,33.72906338645877,35.056259306913006,7160368
2022-12-19,34.04942321777344,34.324014636541904,33.27141012437355,34.23248532749219,4656117
2022-12-20,34.82743453979492,35.05626131534104,33.591771348493694,34.04942489958593,8984811
2022-12-21,32.67646026611328,35.056257045271046,32.49339816965059,34.96472774284924,12583369
2022-12-22,30.937374114990234,33.2256414828389,30.708547378205367,32.85952079895446,8986100
2022-12-23,29.38135528564453,30.754315878275012,29.060999210678492,30.342430493781343,14073715
2022-12-26,30.845848083496094,31.989981888584087,30.022070347185032,30.25089710820263,18060968
2022-12-27,31.715391159057617,31.89844977853218,30.754315948719412,31.25773762713251,6110891
2022-12-28,31.66962242126465,32.401870851968454,31.12043958985608,31.66962242126465,6401852
2022-12-29,31.440799713134766,31.852688635604338,31.257741073476947,31.57809718449787,3677382
2022-12-30,31.349266052246094,31.94421702360796,31.303501398668857,31.66962211890602,4907850
2023-01-02,32.08150863647461,32.53916212199242,31.257734457513955,31.48656120027286,4099418
2023-01-03,32.08150863647461,32.44763282153646,31.898446543943688,32.264570729005534,3586439
2023-01-04,31.395030975341797,32.31033802122126,31.34926632137168,32.264573367251145,3307082
2023-01-05,31.715391159057617,32.67646287777647,31.486564393095065,32.447636111813914,9862273
2023-01-06,31.532329559326172,31.898450295832056,31.349267445263525,31.898450295832056,3087322
2023-01-09,31.30350685119629,31.80692511147114,31.257742189647644,31.761160449922496,3084693
2023-01-10,30.983142852783203,31.349267076602953,30.89161354263795,31.30350242153033,2055836
2023-01-11,30.937374114990234,31.12043620274191,30.75431202723856,31.028906904675527,2249827
2023-01-12,30.754314422607422,31.074673974029505,30.66278511741207,30.9373765246173,1542385
2023-01-13,30.891616821289062,31.12044361255787,30.662790030020254,30.845852161359247,1740349
2023-01-16,30.983142852783203,31.211969619765703,30.800084232492694,30.937378197710576,1998445
2023-01-17,31.028911590576172,31.211970214353947,30.891614131123404,30.983143443012292,2593233
2023-01-18,31.211971282958984,31.669624841310988,31.120441967936404,31.349268747112408,2824218
2023-01-19,31.074674606323242,31.211968566909864,30.983141807646245,31.074674606323242,1774826
2023-01-20,31.166202545166016,31.395029294384003,31.028908590606683,31.028908590606683,2635636
2023-01-23,31.211971282958984,31.349268747112408,31.074677310425116,31.303504089601116,1823665
2023-01-24,31.257736206054688,31.623856919978127,31.1204387560714,31.303500858842717,4322573
2023-01-25,31.578092575073242,32.218808195210165,30.983141608170545,31.303501164048622,6446459
2023-01-27,31.028911590576172,31.944218675942793,30.433960588440097,31.852685872434467,4523843
2023-01-30,30.754314422607422,31.303500728637058,30.43395836280452,31.120438626627177,2816324
2023-01-31,31.120445251464844,31.257742730104567,30.61702698248572,30.80008912346538,2045116
2023-02-01,30.296663284301758,31.53232995085294,29.93054254324987,31.303503178338218,4105537
2023-02-02,30.113603591918945,30.662786429835432,30.022070791186646,30.113603591918945,2060787
2023-02-03,29.518653869628906,30.388196309848848,29.381356408471213,30.205134192178416,2885139
2023-02-06,30.479726791381836,30.61702425780313,29.518655001291613,29.655952467712908,2675638
2023-02-07,29.56441879272461,30.388196583859834,29.381356673403506,30.20513446453873,3854376
2023-02-08,29.70171546936035,29.930542239553237,29.289826584689276,29.610182666311548,2262343
2023-02-09,29.56441879272461,29.930543031366824,29.472889478873814,29.793245568971116,1657229
2023-02-10,29.610183715820312,29.747481179450205,29.518654401146744,29.564419058483526,1715543
2023-02-13,29.4271240234375,29.83900941620901,29.38135587613452,29.747480104841877,1709750
2023-02-14,29.518653869628906,29.610183182654385,29.19829603661052,29.47288921311617,2561751
2023-02-15,30.20513343811035,30.296662748850807,29.472888477328524,29.472888477328524,2300490
2023-02-16,30.15937042236328,30.43396186113229,30.022072957168987,30.29666439593799,2044352
2023-02-17,30.254207611083984,30.7284133067504,29.637742920134052,30.254207611083984,2218127
2023-02-20,29.495485305786133,30.349052032408736,29.305803007005792,30.349052032408736,1716125
2023-02-21,29.25838279724121,29.637745578861754,29.11612198025156,29.637745578861754,1811326
2023-02-22,29.116119384765625,29.25838018907378,28.831595967205043,29.068697910700056,1941166
2023-02-23,30.017107009887695,30.254208963850388,29.163540337410883,29.21096000462568,2571884
2023-02-24,30.206789016723633,30.44388915954488,29.874845922462956,30.159367541003917,2436718
2023-02-27,29.874845504760742,30.206788594380278,29.44806127397215,30.206788594380278,1783921
2023-02-28,29.5903263092041,30.01710876593781,29.35322434137056,29.9222676170155,996349
2023-03-01,30.443891525268555,30.586154154538267,29.590326603317134,29.63774627377739,2577723
2023-03-02,30.254207611083984,30.443888080406282,30.1593664719507,30.396468415311773,1420974
2023-03-03,30.823253631591797,30.965516249354607,30.301630062942593,30.443889062816744,2375566
2023-03-06,31.250038146972656,31.581979434208325,30.823253907749162,30.9180932418483,2096378
2023-03-08,31.534557342529297,31.961341548938204,31.107773136120393,31.107773136120393,3482065
2023-03-09,31.581979751586914,32.008763995099315,31.487140416534704,31.724242372053958,1738330
2023-03-10,31.107778549194336,31.439723486557952,30.870676573029915,31.439723486557952,1585010
2023-03-13,29.780006408691406,31.060357380039157,29.54290444395828,31.060357380039157,2829551
2023-03-14,29.874845504760742,30.06452778709885,29.590323890197887,29.68516322242263,2294387
2023-03-15,29.732585906982422,30.254209491215082,29.637744761955286,30.159368346187946,1509169
2023-03-16,29.4006404876709,29.922264030809945,28.9264366088375,29.922264030809945,3317680
2023-03-17,29.353221893310547,29.827425789429007,28.831596522213655,29.495482700357222,9981625
2023-03-20,29.25838279724121,30.49131409868852,28.973859354317476,29.780006395851405,7823459
2023-03-21,29.54290199279785,29.780003937858737,29.163539242489286,29.400641187550175,2175612
2023-03-22,29.353221893310547,29.732584648416456,29.25838075229799,29.685163173438024,1590798
2023-03-23,29.353221893310547,29.590323841369777,29.305800418332115,29.40064155934467,1440046
2023-03-24,28.973859786987305,29.400644053273904,28.83159896787326,29.400644053273904,1566566
2023-03-27,29.25838279724121,29.495484761872103,28.831598537327828,29.068700501958723,79243560
2023-03-28,29.210962295532227,29.9696896930836,28.973860322974517,29.68516624064765,4152094
2023-03-29,31.0129337310791,31.676819870719505,29.163537919898125,29.305798718694156,7030120
2023-03-31,31.534557342529297,31.8190789408391,30.728412211003462,31.202616080815933,6745398
2023-04-03,31.34487533569336,31.67682021809798,31.01293407117718,31.581977272601613,1587840
2023-04-05,31.107778549194336,31.344880525358757,30.91809624468499,31.297460853703683,1521541
2023-04-06,30.965518951416016,31.202620923117856,30.91809566276447,31.012938622178588,1170634
2023-04-10,30.918092727661133,31.01293567807166,30.728414062617333,30.96551601181071,1903198
2023-04-11,31.0129337310791,31.29745532867116,30.82325146005493,31.0129337310791,1689674
2023-04-12,31.155195236206055,31.534559808881916,30.918093282755812,31.060355901981435,1581788
2023-04-13,31.487138748168945,31.67682102611166,31.060354527269972,31.20261714019914,2438487
2023-04-17,31.629398345947266,31.72424129567024,31.29745706663836,31.439719682278522,1566643
2023-04-18,31.581979751586914,31.913924660047105,31.392297463593767,31.62939941911302,1021790
2023-04-19,31.29745864868164,31.67682323097269,31.107776357536117,31.439721271512983,1102253
2023-04-20,31.487138748168945,31.91392296906792,31.20261714019914,31.344876135239776,1867170
2023-04-21,31.202619552612305,31.534560851259513,30.918094304756057,31.48714118257974,1447497
2023-04-24,31.629398345947266,31.72424129567024,31.1551944509982,31.202617734803987,1718067
2023-04-25,32.909751892089844,33.19427351290846,31.81908145808166,31.866501125236645,9389245
2023-04-26,33.66848373413086,33.90558573225854,32.57781309558777,33.14686006182783,10331460
2023-04-27,34.14268112182617,35.091088930765785,33.33653593138297,33.621057550487116,13720295
2023-04-28,33.71589279174805,34.284939578773404,33.478790868292876,34.237516299771784,3358476
2023-05-02,33.526214599609375,34.047841788848764,33.38395559899846,33.71589688497927,3816567
2023-05-03,36.229183197021484,36.4188655042299,33.2891164800138,33.43137911489239,22608506
2023-05-04,35.42303466796875,36.98790919651544,35.185932685939804,36.65596786883057,13960726
2023-05-05,35.612709045410156,37.27242254995686,34.66430132852633,35.42302677845572,16039840
2023-05-08,36.03949737548828,36.65596390932976,35.84981508677638,36.13433671089986,5983414
2023-05-09,35.3756103515625,36.32401815518556,35.04366906744989,36.32401815518556,3609732
2023-05-10,34.85398483276367,35.66012997357698,34.28494162958822,35.66012997357698,4368159
2023-05-11,34.94882583618164,35.28077073552182,34.42720227194837,35.09108845274009,4052021
2023-05-12,34.75914764404297,35.328190882239,34.5694653586814,34.901406644647636,3280214
2023-05-15,34.42720031738281,34.80656486140827,34.19009838183901,34.75914519787719,2330430
2023-05-16,34.901405334472656,35.802393442701124,34.42720144781436,34.42720144781436,7906653
2023-05-17,35.091087341308594,35.754973501073216,34.711722787760664,34.90140506453463,6011003
2023-05-18,34.47462463378906,35.423032503966354,34.28494595406473,35.185930536422035,3266844
2023-05-19,33.81073760986328,34.52204341973792,33.336533736613525,34.37978081060762,3316760
2023-05-22,34.14268112182617,34.33236340719183,33.66847721735636,34.000418503329755,2660265
2023-05-23,34.000423431396484,35.04367434317345,33.858164410169536,34.6168900437142,5973189
2023-05-24,34.0478401184082,34.28494205901581,33.71589523082445,34.000416835975884,2849958
2023-05-25,33.81073760986328,34.33236114686033,33.668475000732975,34.14267887398274,1917099
2023-05-26,33.478790283203125,34.09525672056824,33.383950962633804,33.8107351409721,3658217
2023-05-29,34.000423431396484,34.71172939119883,33.52621945819492,33.66848209731107,5447404
2023-05-30,34.000423431396484,34.379788057113416,33.858164410169536,34.047846723028,3277433
2023-05-31,33.952999114990234,34.190101069170176,33.858159780473734,34.00041878224848,2353519
2023-06-01,33.71589279174805,34.284939578773404,33.66847313063466,33.952994715203225,3050427
2023-06-02,33.858158111572266,34.759146216623215,33.763315163841966,33.95299744141404,6038664
2023-06-05,33.90557861328125,34.3797825099705,33.85815894719005,34.09526089553467,3585780
2023-06-06,34.0478401184082,34.19009911203967,33.905577506888235,33.95299717143206,2059166
2023-06-07,36.181758880615234,36.608539494693765,34.047841338668064,34.190100337398036,27372537
2023-06-08,35.138511657714844,36.37144119312977,34.99625264471831,36.181762509134394,10440452
2023-06-09,34.664306640625,35.23335352869134,34.61688697109169,35.13851057173584,3530566
2023-06-12,36.0869140625,36.27659633554459,34.427200504664626,34.806565050753804,9881684
2023-06-13,36.371437072753906,37.55694680286829,36.22917807587333,36.987903579568815,17566106
2023-06-14,36.466285705566406,36.84564670759743,36.32402306862406,36.56112505160188,5680880
2023-06-15,36.89306640625,38.55278012548947,36.60854116006934,36.98790574305102,30079215
2023-06-16,36.798221588134766,37.509527431789,36.65596259013708,37.13016648590657,6919324
2023-06-19,36.513702392578125,37.462110246930806,36.039498465401785,36.987906319754465,8232442
2023-06-20,37.27242660522461,37.50952856024244,36.13433649756129,36.22917945030166,8384560
2023-06-21,38.600196838378906,38.979557774425174,37.36726746492365,37.5095264592328,25411081
2023-06-22,38.12599563598633,39.21666247394137,37.46210942885917,38.60019955280733,12894555
2023-06-23,37.367271423339844,38.12599699369474,36.94048715942493,37.84147535704777,9395359
2023-06-26,39.833126068115234,40.68669450244453,37.22500471841721,37.414686994700226,45797506
2023-06-27,39.121826171875,40.16507342263605,38.93214386685779,40.117653750854004,14367151
2023-06-28,38.457942962646484,39.7382959096169,38.17342129150506,39.45377062058614,15309179
2023-06-30,38.78988265991211,39.35892592492415,38.505357409517245,38.9321416672207,11240884
2023-07-03,40.165069580078125,41.16090068167588,38.50535590126682,39.074402761878204,23501710
2023-07-04,39.833126068115234,40.828953496240416,39.643443791832226,40.402169279075764,11866216
2023-07-05,41.72993850708008,42.10930303157246,39.264079951544275,39.83312312039462,30734460
2023-07-06,44.90711212158203,45.239057053647166,41.82478648064439,42.014468782126045,46768102
2023-07-07,45.42873764038086,45.99778090545779,43.24739668251199,44.57516912487662,26119022
2023-07-10,44.52775192260742,45.95036378200134,44.10096764121143,45.52357950060535,12216528
2023-07-11,45.760677337646484,46.282300915326886,44.29064593949673,44.57516756205979,15444570
2023-07-12,45.47614669799805,46.75649555460651,45.19162513185039,45.95035051420681,14527977
2023-07-13,43.29481887817383,45.950360078075846,42.86803463117969,45.71325812062229,11523923
2023-07-14,43.4844970703125,43.911281312600394,43.10513611330337,43.62675969037137,6872910
2023-07-17,44.05354309082031,44.62258632440426,43.48449623934771,43.816441140512225,7465417
2023-07-18,43.437076568603516,44.33806470326361,43.01029233451309,44.33806470326361,7692884
2023-07-19,46.18745803833008,47.562649996125245,43.86385833279873,44.006120942114535,45247722
2023-07-20,47.70490646362305,48.22652997370266,45.713251745905154,46.47197718037444,29278745
2023-07-21,47.56265640258789,47.98943705224374,46.282303599953565,47.37297410391366,17172907
2023-07-24,54.154083251953125,56.66736533750852,50.3604520996513,50.3604520996513,127946570
2023-07-25,56.71478271484375,59.46516663643762,55.956057238576335,56.47768077739215,122627086
2023-07-26,55.05506896972656,57.426088336363264,54.2963434959805,57.426088336363264,29606734
2023-07-27,53.110836029052734,55.38701616316757,52.77889475102659,55.339592879545044,20161600
2023-07-28,52.9211540222168,55.29217350007497,52.68405207443098,53.11083630402317,24369257
2023-07-31,54.39118576049805,55.24475422573351,53.39535829631577,54.05924447840017,19709287
2023-08-01,54.01182556152344,54.67571175281956,53.727303941793295,54.6282884679573,13573349
2023-08-02,52.20985412597656,53.822148278150955,51.40370885883387,53.822148278150955,13128605
2023-08-03,54.296348571777344,54.960234780075524,51.26144277519195,51.877909315302134,19138776
2023-08-04,54.05924987792969,56.240587307320986,53.63246560268402,55.624124347867465,19787527
2023-08-07,53.63246154785156,54.58086936874333,53.110837969938835,54.53344970127648,10804825
2023-08-08,53.01599884033203,54.248928288688624,52.63663426335059,53.63246175556596,8143993
2023-08-09,51.73564910888672,53.39536289819585,50.02851564917512,53.253103886988434,24752050
2023-08-10,51.5933837890625,53.8221405864564,50.7398153546329,50.9769172955424,22530111
2023-08-11,52.778900146484375,53.585045400037316,52.541798175687745,53.347943429240686,12201045
2023-08-14,54.580867767333984,54.91281266564003,51.972746336404235,53.39535802600228,20664645
2023-08-16,54.72312927246094,55.38701543770621,54.201505720442704,54.675709607348104,13459343
2023-08-17,53.96440505981445,54.96023252241058,53.347938545027574,54.96023252241058,7734221
2023-08-18,53.30051803588867,54.391184813717054,52.873733810699925,54.248925817246516,7316411
2023-08-21,52.589210510253906,53.67987725304072,52.16242629877713,53.585037925107414,5834798
2023-08-22,56.00347900390625,56.61994551156744,52.352110477296854,52.77889470430163,24899842
2023-08-23,55.33959197998047,57.28383080446488,55.05507037231326,56.240580085833734,24007101
2023-08-24,55.52927780151367,56.66736792270218,55.197336507699376,55.76637975934925,14265718
2023-08-25,53.9169807434082,55.48185502459054,53.44277685430914,55.00765113549147,10308279
2023-08-28,57.6631965637207,58.13740048878072,53.67988286963877,54.059247456842314,40391201
2023-08-29,58.23223876953125,60.50841525635027,57.75803488254122,59.2754858737539,48208655
2023-08-30,59.13322448730469,60.50841651168381,57.99513802922822,58.80128320668049,24459041
2023-08-31,59.417747497558594,59.986790705315286,58.42191645715167,59.6548494371053,12134327
2023-09-01,59.98679733276367,61.9310363461604,58.70644816491162,59.417754062138066,23749326
2023-09-04,61.646507263183594,63.875264155543235,60.318734890359565,60.460997508122375,43045010
2023-09-05,60.69810104370117,62.12071278691292,60.03421483995794,62.073289501161526,19953550
2023-09-06,58.84870529174805,61.31456782734589,58.18481908532214,60.79294062508275,16661114
2023-09-07,60.176475524902344,60.88777775572913,58.8961228264814,58.8961228264814,11792364
2023-09-08,60.69810104370117,61.077465622379805,59.844532550618624,60.36615975077393,12088351
2023-09-11,72.83772277832031,72.83772277832031,62.879440762928404,63.35364466842326,158827225
2023-09-12,66.72048950195312,78.95495197602408,64.82367383886546,75.77778718750774,171217993
2023-09-13,71.98416900634766,72.93257701108008,66.38856033127051,66.76792498031925,129170387
2023-09-14,73.35933685302734,74.40258391434259,70.5615369291669,73.69127811311263,68766476
2023-09-15,71.4625244140625,73.59644190825945,71.13058313989839,73.59644190825945,26849144
2023-09-18,72.69546508789062,76.72619855785963,69.80281817395466,71.46253195570661,69977046
2023-09-20,77.53233337402344,79.33430954179832,71.22542040469979,72.03156554308472,156990340
2023-09-21,67.89933776855469,72.10421685264616,67.61263815324205,71.48304650459225,140188157
2023-09-22,69.0461196899414,70.81408115804346,66.27471688777051,66.51363079673224,159457227
2023-09-25,66.70475769042969,69.90620219916211,66.3224940272065,69.09389647173343,72178536
2023-09-26,65.51020050048828,67.56485440221273,64.31563088735811,66.89589833528956,43609313
2023-09-27,66.80032348632812,67.23036556149617,65.22349039225675,65.60575406522453,40488851
2023-09-28,69.18946838378906,69.95398850555999,66.75254363503616,67.7559849530106,58070191
2023-09-29,69.90621185302734,71.10078140864614,69.14168442100173,70.09734006549677,44385691
2023-10-03,69.09391021728516,70.33625825607223,68.56829666440353,69.7150805911415,22896169
2023-10-04,66.99146270751953,68.95055979712694,66.0835927144279,68.80720998477713,25690477
2023-10-05,69.47615814208984,70.04955732618814,66.46584888094128,67.56484697129152,34896534
2023-10-06,69.42838287353516,70.28847439745932,68.80720525675248,69.71507518746066,17976537
2023-10-09,66.60918426513672,68.28158136080013,66.1791422141095,67.85153930977292,20508019
2023-10-10,67.89933776855469,68.5205081166086,66.75254659837822,67.13481032177037,19579616
2023-10-11,66.84810638427734,68.37716117898228,66.46584997667472,68.23381138059449,16269121
2023-10-12,67.6604232788086,68.66385734174183,66.46585371026377,67.18259545139067,23997128
2023-10-13,69.8106460571289,71.43525769701958,68.3771626250817,68.56829083292514,69842825
2023-10-16,72.48646545410156,72.91651478735476,69.47614928561947,70.28846226251798,56799382
2023-10-17,71.57860565185547,74.25443694800163,70.81407825805738,73.2510029460994,46034251
2023-10-18,70.95742797851562,72.91652486606905,69.85842258528014,71.91308357418588,28707177
2023-10-19,71.57860565185547,72.48647555230131,69.85842266134655,70.90964235951374,27050034
2023-10-20,72.00865936279297,72.96431511356946,70.90965379118506,71.48305307451076,55365013
2023-10-23,63.407745361328125,72.34312344738964,61.97426201197901,72.10420955583146,44075690
2023-10-25,63.74222183227539,65.55796882306183,60.87525884743546,63.790007525877606,44740197
2023-10-26,64.6023178100586,64.98458151246429,60.58856716248292,63.26439849717547,26932375
2023-10-27,66.32250213623047,67.23037206769885,64.41119087749803,64.984582796903,25340751
2023-10-30,66.56140899658203,66.99145106783787,64.65009794020392,66.32249511453476,17563823
2023-10-31,67.89933776855469,68.37716560002636,66.32250446648334,66.41806857456285,21385658
2023-11-01,67.89933776855469,69.28503556339291,67.42150993708302,68.18603009279323,18275724
2023-11-02,71.57860565185547,72.05643345021087,68.28158946855898,68.56828906400166,45746818
2023-11-03,70.57516479492188,72.19978369401198,70.28847248878148,71.96086979335817,15893638
2023-11-06,70.19290161132812,72.29534832717134,69.90620930308157,71.10077881512645,20267823
2023-11-07,73.10765838623047,73.8721858348037,70.33625549899514,70.4796053069869,38537422
2023-11-08,73.48991394042969,75.11452547419238,72.77317227122734,73.91995602552178,27095114
2023-11-09,71.19633483886719,74.01551565095694,70.33624342957906,73.91995155905224,17655562
2023-11-10,72.4386978149414,73.10765382237683,69.3328170969973,71.1963426113343,19770509
2023-11-13,73.05986785888672,73.96774505546092,71.96086974940927,72.82095395837882,16784727
2023-11-15,72.24756622314453,74.54114125854535,71.9608739006407,73.87218521496237,23816049
2023-11-16,71.86529541015625,72.9165223621538,71.67416721401487,72.43869458072703,11142031
2023-11-17,72.82095336914062,74.44557225409275,72.43869696427994,73.29878116629003,26532739
2023-11-20,72.58203125,73.87217198904226,72.39090306921665,73.10764468376334,12962640
2023-11-21,77.88593292236328,78.93715264469576,71.91308530561763,72.86874092429693,97612427
2023-11-22,77.45589447021484,79.51054831459972,76.78693113088625,78.1726362180907,57544116
2023-11-23,77.64702606201172,78.93715980605795,76.88249858127907,77.7903758760334,26679526
2023-11-24,78.65045166015625,81.1351545364944,76.64356924938991,77.69479614686674,55902988
2023-11-28,80.60955810546875,82.52086953555016,78.69824667538734,79.22386023508952,46010669
2023-11-29,80.65734100341797,82.42530255656125,79.98837765150279,81.4218611742256,31183007
2023-11-30,81.18293762207031,81.70855110113857,78.17262841436074,80.80068122755526,35313652
2023-12-01,81.13516235351562,83.71542957156569,80.60954885413663,81.99525385655686,24563214
2023-12-04,82.85533905029297,84.28882247532277,82.2819471384958,83.61986646007169,23596153
2023-12-05,81.8519058227539,83.52430316820568,81.08737840554643,83.18982515733008,18516727
2023-12-06,80.70510864257812,82.56864134806949,80.37063065679452,82.18637766814255,17196392
2023-12-07,86.86909484863281,87.63361494827178,79.17606440972962,80.89624739329604,69825250
2023-12-08,84.7188720703125,88.01588103895618,82.75977513521633,87.29913932480983,34358360
2023-12-11,85.67453002929688,87.39470581558889,84.62331027805054,85.00556670317724,22010858
2023-12-12,87.06022644042969,89.1626732012103,85.81787849599344,86.05679240350894,33564019
2023-12-13,88.4459228515625,88.82817923344255,86.00899831617497,87.25135343050452,27303712
2023-12-14,93.1286392211914,94.08429486139275,88.68484632711429,89.35380235882566,59200486
2023-12-15,92.02963256835938,95.94781887310333,91.4562334043361,93.60645839620364,34800115
2023-12-18,89.06710815429688,90.64394151451495,88.11145245611311,90.64394151451495,24984118
2023-12-19,87.25135803222656,90.500581196013,86.53461634179011,89.0670978151401,22167005
2023-12-20,80.22727966308594,88.6370513311499,77.45588443006484,87.72918148461859,42484587
2023-12-21,85.96121978759766,86.67796149997142,77.69480453774585,79.31941616936358,42900547
2023-12-22,85.72230529785156,86.8690964044594,84.28882188289703,86.82131070753144,19350518
2023-12-26,87.49027252197266,88.5892706218978,85.29226173997525,86.05678913138483,18112291
2023-12-27,88.78041076660156,91.36067808841358,88.25479724608573,90.4050224446204,30200399
2023-12-28,87.25135803222656,89.21044761144209,86.86909433911242,89.16266920672376,16418489
2023-12-29,86.9168701171875,88.30257505146582,86.58239212997317,87.6336117859639,14891333
2024-01-01,88.78041076660156,90.02275872888833,87.68140531802462,89.83163051655927,24607805
2024-01-02,89.16268157958984,90.88285750069741,87.96811192976186,90.30946552699488,29129762
2024-01-03,88.58927154541016,89.9271908487875,88.11144374356635,89.35379894478969,12797596
2024-01-04,89.87940979003906,91.69514955058658,88.49370483095339,88.82818282415565,39135556
2024-01-05,90.54837036132812,92.69859551502721,89.83162864342843,90.30945645536156,46219735
2024-01-08,90.26166534423828,92.69858995537066,89.92718735416037,92.22076217209555,22160288
2024-01-09,89.92718505859375,91.07397608382394,89.21044340197732,90.97840469674988,18098807
2024-01-10,86.86909484863281,90.30945352469209,84.90999796685293,90.30945352469209,32301729
2024-01-11,89.01932525634766,89.544931489207,86.86910004383238,86.86910004383238,21381314
2024-01-12,89.9749755859375,91.26510917894345,89.4971477891891,89.83162578869826,21610624
2024-01-15,97.95469665527344,99.19705182196482,89.35379646115187,90.64393003205542,115323467
2024-01-16,95.42221069335938,99.10148331409869,92.98529327544959,98.67144120831273,67344615
2024-01-17,96.90348052978516,100.20048947525822,92.31633067505649,94.60990560242082,72622449
2024-01-18,96.13895416259766,97.8113515019259,92.41189577673708,96.99904568103837,30447421
2024-01-19,100.77388000488281,102.54184869601033,96.61677960716858,96.85569350693461,78843768
2024-01-23,99.29261779785156,111.3338768389576,97.95469850637899,107.03342666062875,59032672
2024-01-24,108.13243865966797,108.94474450698773,98.05026859807415,100.0093656043224,61539848
2024-01-25,111.28608703613281,113.62744753257823,107.41568639310503,108.9447338307607,73902690
2024-01-29,123.470703125,128.4401094300522,113.91414692984291,114.67867434188499,135868902
2024-01-30,122.27613830566406,128.7268139856104,121.08156873530363,127.580030114494,54326487
2024-01-31,125.95540618896484,126.95884744709495,121.55938476389325,122.89731130211561,43866759
2024-02-01,121.89387512207031,126.4810249345176,120.22147781623048,126.4810249345176,40747230
2024-02-02,135.94200134277344,139.86019491204937,122.84952328629589,123.08843717266281,150820832
2024-02-05,141.72372436523438,162.939275165349,129.1090737204754,138.57005805850793,238154964
2024-02-06,140.43359375,152.71377458907637,137.51884112392352,145.2596576610908,94207941
2024-02-07,140.38580322265625,150.4201871238333,139.14346259584747,141.8192866371101,74842579
2024-02-08,143.96951293945312,154.29059652459136,141.58037389577055,148.65223421435945,80234599
2024-02-09,134.31741333007812,145.2118826214846,131.4504461921134,144.68626906309458,68554166
2024-02-12,107.46347045898438,124.90418534650152,107.46347045898438,119.456951284364,117827264
2024-02-13,103.35415649414062,108.94474039847942,96.18673936266171,102.49406498014841,158431484
2024-02-14,115.20428466796875,117.7367661568982,99.72265968465653,101.490621073728,166998522
2024-02-15,119.40917205810547,122.51505295980407,117.25894681846799,117.54564643351596,103105342
2024-02-16,115.15650177001953,120.3170435565173,113.34075464074223,119.83921574834295,55011256
2024-02-19,120.69931030273438,122.80174979525073,115.58654679357491,116.11216031224096,60306871
2024-02-20,117.68899536132812,120.69931213253365,116.39886168540406,120.36482682045323,31893112
2024-02-21,116.53138732910156,118.653644696832,114.93969062340346,118.653644696832,27013817
2024-02-22,117.30311584472656,119.0395136173478,111.61159798980219,116.72431904045305,34354009
2024-02-23,115.27732849121094,117.78545299479173,114.79499657283766,117.68898808307728,18339054
2024-02-26,116.0972900390625,123.13933891593231,114.16796238619963,115.71142303652974,52788418
2024-02-27,117.9783935546875,122.41584585876592,116.72432758710391,117.01372969033127,26174798
2024-02-28,113.68563079833984,120.00418182346908,112.09393400821253,118.5571860796808,29143381
2024-02-29,116.8690185546875,118.21954932021607,110.55046784442915,114.79498995331869,30018100
2024-03-01,116.91724395751953,119.76300644567077,116.57961311582034,118.55717675403051,14130712
2024-03-04,117.9783935546875,121.35471707993432,117.4478254853711,119.61831918017262,24900057
2024-03-05,116.91724395751953,119.23243843742891,115.95258020420732,117.68897790408944,16109330
2024-03-06,115.22908782958984,117.6407473267332,112.67273465045844,117.59251855267077,18223921
2024-03-07,117.88191223144531,119.32890791690397,114.02325707022221,115.47025275568087,22891665
2024-03-11,115.66319274902344,118.55718419048456,114.89145875404681,118.50894805587322,14752739
2024-03-12,108.3799819946289,115.75966191357983,107.07768727006135,115.75966191357983,24775563
2024-03-13,97.62397003173828,110.30930000794648,95.21231062028426,108.18704266978712,50527598
2024-03-14,114.45736694335938,115.75966166513189,94.58529316280529,96.85225173178723,97307324
2024-03-15,120.19711303710938,123.47697156629941,109.53758201699306,112.67273949816862,119509864
2024-03-18,119.28068542480469,126.17803336067786,117.88191843931935,123.47697166165867,63037512
2024-03-19,114.36090087890625,119.85948180870511,113.83033282436381,117.88191799792077,30678573
2024-03-20,113.68563079833984,116.48315737495739,111.17750631440033,115.47025741038522,34239826
2024-03-21,116.4349136352539,119.8594729491498,114.93968921353915,115.47024986906357,30305264
2024-03-22,118.55718231201172,120.3900450011899,115.56672600851084,116.53138980704665,24076684
2024-03-26,117.11019134521484,119.37714989139425,116.14552750770864,118.55718710147417,19125648
2024-03-27,118.4607162475586,122.65700225825992,117.20665037778548,117.68898227234428,44973081
2024-03-28,117.11019134521484,120.34181372890048,116.72432433825216,119.52185093898039,18585313
2024-04-01,120.9688491821289,121.7405758521185,118.36425235143597,118.36425235143597,19806573
2024-04-02,127.81794738769531,129.89196857067424,119.71477038323229,121.40293195250375,68386748
2024-04-03,128.637939453125,131.14605681011247,126.17804351639239,127.33563727497149,43916185
2024-04-04,127.04621887207031,130.9531101861862,126.37095715941356,129.55435062719692,23550235
2024-04-05,130.615478515625,132.64127847471605,124.1522337084138,126.94976768618726,48760930
2024-04-08,130.32608032226562,132.2554078490521,128.63791873632746,131.58013143899612,21045516
2024-04-09,126.08155059814453,130.9048694023551,125.64745484968574,130.9048694023551,20383640
2024-04-10,127.72147369384766,128.83084583013172,125.9368546009394,126.37095034139813,18015899
2024-04-12,126.22626495361328,129.40964373901,125.59922464770064,126.37095863673076,18246054
2024-04-15,119.81124114990234,122.75346868710895,117.39958164720865,117.83368477357395,41098936
2024-04-16,122.99463653564453,123.86282808217312,118.21955359053396,119.28068231613622,19899223
2024-04-18,123.4287338256836,125.84039339523427,121.83704439762089,123.47696996099498,25152210
2024-04-19,119.81124114990234,122.1746718784226,118.2195517659651,120.58297513468462,23340179
2024-04-22,124.10400390625,124.58633585259315,121.35472064385579,121.49941433991759,15646667
2024-04-23,124.8274917602539,126.4674320212657,122.99463639978407,124.63456194119419,16476180
2024-04-24,125.11690521240234,127.04623301743432,124.29694972702556,125.50277960517055,15583301
2024-04-25,128.25205993652344,129.65081961897855,124.87573635561667,125.79216409794226,25448191
2024-04-26,129.84375,132.54479679426007,127.09445235346972,128.8790862250211,35340965
2024-04-29,132.2554168701172,136.30700200880483,130.61547658480862,131.1942807701648,29352480
2024-04-30,129.65081787109375,134.32944351511654,129.16848593746676,132.83421157695238,22527023
2024-05-02,132.30364990234375,133.75064577318062,128.92732620372436,130.22962837531884,20225776
2024-05-03,130.3743133544922,134.8117729494343,128.30029196618793,132.73775156113004,19293037
2024-05-06,127.76971435546875,132.06246522039928,125.8886229337128,131.58013333176436,18424655
2024-05-07,122.12644958496094,127.96266182701343,121.16178567455871,127.48032987181233,22142878
2024-05-08,123.66989135742188,125.59921888162378,120.82413620314425,122.36759675054569,14655120
2024-05-09,119.0877456665039,124.97220085789736,118.6536498913097,123.86282863284357,14126991
2024-05-10,120.77590942382812,121.40294238971033,115.61495936889172,119.95594663450568,14316298
2024-05-13,119.135986328125,120.92061299144437,116.57962563535884,120.72768316398326,11861165
2024-05-14,125.93687438964844,126.7568298683338,119.61832293581197,119.71478785331605,17989336
2024-05-15,124.73104095458984,127.1427006222362,124.296945158334,126.22627289245108,10558012
2024-05-16,127.1427001953125,128.73438968277347,125.26160860478522,125.5509959882491,14514506
2024-05-17,129.9884490966797,131.09780659630604,126.66036187819896,127.67326182806744,19367924
2024-05-21,142.91494750976562,145.85717527894906,128.78262759757334,130.56726165811483,82857438
2024-05-22,141.03384399414062,147.5935607491335,139.44215461900032,143.73490556614962,33312243
2024-05-23,142.1914520263672,146.62891182469244,139.73157087341156,141.03385829798756,31445912
2024-05-24,139.7315673828125,144.45841445545034,138.47750140856087,142.19144847431846,15046518
2024-05-27,139.3939208984375,141.9985102481212,136.93402523278004,140.50327839490967,16544136
2024-05-28,134.08827209472656,140.3103508415327,132.73774862333985,140.16565715517052,18723285
2024-05-29,134.76353454589844,136.4999323894729,131.19428130719658,134.4259110360602,16472648
2024-05-30,128.97555541992188,131.77308945179658,126.8532978672047,129.168485248423,32562990
2024-05-31,134.76353454589844,138.4292600557552,125.93686636049769,130.711949390626,30917309
2024-06-03,138.09161376953125,147.59355785943325,136.35523074686586,147.59355785943325,47119535
2024-06-04,118.8465805053711,137.9469272179276,110.50224429226726,137.9469272179276,91763944
2024-06-05,121.78880310058594,123.81460294099064,112.67273325796728,122.46406480752043,26386273
2024-06-06,126.56389617919922,129.07202811673616,123.95930668689697,124.24870879039776,20232853
2024-06-07,128.637939453125,129.94022691167524,124.5381177984384,126.3709733562217,17454204
2024-06-10,127.71184539794922,130.6154782620473,127.26809355419766,130.22961861325626,14138283
2024-06-11,128.88873291015625,130.6154746623711,127.52855339831005,128.78261930172283,12882797
2024-06-12,129.39036560058594,131.76343040457942,128.83085880689916,129.55435668707312,12171563
2024-06-13,128.41604614257812,130.60583718891627,127.76008179437582,130.2296188787174,8994923
2024-06-14,130.25856018066406,133.94358320096063,127.19093616320883,129.01415027461772,19486439
2024-06-18,129.39036560058594,131.42580689225946,129.02378863102513,130.71195035143106,9005824
2024-06-19,127.24880981445312,129.74728561060718,125.88863027646273,129.26495369383915,9063500
2024-06-20,127.605712890625,129.63151254580094,126.58317172510567,127.7214678242008,8799777
2024-06-21,127.2777328491211,129.45786754488395,126.6217538690543,127.33561031685636,11534887
2024-06-24,126.55425262451172,127.91443218343638,126.1008594382035,127.27775051079902,6611342
2024-06-25,124.76961517333984,127.81795638279624,124.14258957703854,127.07516111855489,5687103
2024-06-26,125.08795166015625,127.57678600027559,123.77600831930887,125.40629247664141,10653386
2024-06-27,127.68289184570312,128.69579170575923,125.11688279212109,126.37094858459054,16665695
2024-06-28,126.97869873046875,128.57038808788636,125.88862394314081,127.81795151315063,9005418
2024-07-01,127.1233901977539,128.20380890788198,125.89826309063308,127.7697131561056,8431793
2024-07-02,126.37096405029297,128.1073619200953,125.89827346585723,128.05912578378926,6830983
2024-07-03,131.53192138671875,132.15894699923925,125.99474560754786,126.66036601691395,37265683
2024-07-04,135.4387969970703,136.9822650260497,131.53192022799487,131.6766139158858,47117085
2024-07-05,137.14625549316406,139.10452189832657,134.5223686875036,135.9693644382898,35158182
2024-07-08,137.9662322998047,142.28792236261782,136.98227102028292,138.23633700875536,30388072
2024-07-09,140.22354125976562,143.73491717099785,137.9565752688921,139.1045276336492,40997969
2024-07-10,137.84080505371094,141.68981878242334,131.2039136276407,140.84090995733968,31536147
2024-07-11,144.64169311523438,146.19480242833322,137.3006009786022,138.28456218009129,60668031
2024-07-12,145.36520385742188,151.45223064475954,144.69958341856005,147.4006452529604,87200911
2024-07-15,148.3459930419922,152.41687531987594,142.30720315432433,146.19479696118094,62528081
2024-07-16,145.98257446289062,150.48755263767924,145.18190174340208,149.18525062124337,22878049
2024-07-18,141.26536560058594,147.97941723324666,139.11416950329965,146.5324215703938,25911911
2024-07-19,135.92112731933594,142.2782731253625,135.2265681864153,139.87625489737843,21169916
2024-07-22,139.08522033691406,139.6736658467372,133.24901609245342,135.03363529990943,14036159
2024-07-23,141.41004943847656,143.9085249097657,125.50275431236142,139.87623767529288,33060907
2024-07-24,139.37461853027344,143.01140509498669,138.35207728068323,139.2009861156341,14271564
2024-07-25,136.05618286132812,138.52573468059515,135.6220870729593,137.94693048303526,9982023
2024-07-26,142.87635803222656,154.00857196541432,142.28791251710058,150.99882557702003,105299846
2024-07-29,145.50025939941406,146.87008038608792,142.67378648721558,144.12078235308837,25730974
2024-07-30,145.51954650878906,146.53243176759196,144.04361200753686,144.59346274349255,15490158
2024-07-31,143.2236328125,148.26882026810264,141.80557587617022,146.14656289278767,19842731
2024-08-01,141.33287048339844,144.69955202626542,140.840897305565,144.3136924420352,11503150
2024-08-02,138.7283172607422,139.82803355091016,137.23308522701822,137.94694183346542,11812640
2024-08-05,134.57058715820312,137.17517622379674,131.77306829508407,135.05291901181675,22974955
2024-08-06,130.8084259033203,138.6897279092871,130.22962169682677,135.1204745548501,13822499
2024-08-07,135.62210083007812,136.45171241361294,131.91779480482663,134.0882886864417,8869977
2024-08-08,134.89859008789062,138.32314972054903,133.47089170252514,135.43879949210447,11181186
2024-08-09,134.39697265625,137.70576254731955,133.60594124556047,136.78933484731732,8861770
2024-08-12,135.58349609375,136.88578335414357,132.15893675935027,133.12360053131636,12376316
2024-08-13,132.2747039794922,138.2556316965141,130.86630298467009,136.02724581196819,9445769
2024-08-14,137.107666015625,143.58055165401706,135.8053640413692,139.10451236060285,77316074
2024-08-16,137.90834045410156,139.52896853895996,136.9822567487531,138.91158430859468,10909616
2024-08-19,136.16229248046875,138.67042430353868,135.71855536567443,138.67042430353868,11478780
2024-08-20,133.61557006835938,136.78932203351317,133.26829053125198,136.78932203351317,8504210
2024-08-21,131.6959228515625,133.6059532970641,131.19429349025788,133.12362133570286,11552938
2024-08-22,128.59933471679688,131.87920061887976,128.3002912802274,131.69591213334309,20320367
2024-08-23,128.98519897460938,131.09780026335366,127.23914518899915,128.5896832967838,14522068
2024-08-26,128.89837646484375,130.48042455984347,128.58969169293258,129.65081307590447,7200371
2024-08-27,128.02053833007812,129.74728004136463,127.81795245710643,129.1974146144424,5502648
2024-08-28,127.6346664428711,128.6379250490097,127.33562301668029,128.02054079892503,7422106
2024-08-29,128.99484252929688,131.67660667447635,127.67325785389869,128.0591174801226,18034863
2024-08-30,128.637939453125,129.54471117228306,127.86620537420451,129.45789495230036,7628424
2024-09-02,131.62838745117188,135.0529472723558,130.53832724323226,135.0529472723558,27209402
2024-09-03,130.99169921875,132.0142552759555,130.23926258467966,131.6766170367383,5889109
2024-09-04,129.00448608398438,129.94021114923146,128.01088354576967,128.11699715274412,4878488
2024-09-05,128.09771728515625,129.6508268072672,127.76973508038834,129.60260538626284,5039825
2024-09-06,125.89826965332031,128.54145381506572,125.21336658516259,127.57678999656616,7226505
2024-09-09,121.7502212524414,125.50277032682214,120.35146164112334,125.50277032682214,12382417
2024-09-10,128.88873291015625,129.6894056429536,122.51230450426065,122.51230450426065,24670862
2024-09-11,127.171630859375,129.60258776334402,126.37095813688835,129.4096432271485,7434710
2024-09-12,127.51094055175781,128.45130221172977,125.35877415393935,127.96658031659116,7846440
2024-09-13,126.58027648925781,128.7906070375432,126.22157224580388,127.77268814996866,4785993
2024-09-16,125.81440734863281,128.25740971446635,125.54296428493326,126.80324410498835,6108302
2024-09-17,125.76593017578125,128.16045735752462,125.25212618545127,126.0276841231783,6791823
2024-09-18,125.11640930175781,127.77269052953436,124.76740895644804,126.08585306178078,5328689
2024-09-19,124.83528137207031,126.99713688864568,121.67489253579444,126.90018659232604,8065441
2024-09-20,126.31852722167969,126.99713490771711,123.92399990681052,125.0582473518741,6597480
2024-09-23,124.89344787597656,127.38491077672492,123.89492193461138,126.65782791888394,5043734
2024-09-24,125.4266357421875,126.83232620586607,124.57352051786945,125.05824238758879,5439398
2024-09-25,123.07088470458984,126.80324916830006,122.77035950010362,126.02769118710256,7744852
2024-09-26,122.14021301269531,124.04032182880174,121.95602373415028,123.50713221706688,5843848
2024-09-27,129.7503662109375,130.76828525020758,123.22601299710657,123.22601299710657,35532267
2024-09-30,128.4609832763672,130.87490348824156,125.95012756706102,128.92632691717452,16081941
2024-10-01,126.8420181274414,129.178381141447,126.3185250052659,128.93602020121915,7161741
2024-10-03,123.0999755859375,125.42664215887372,122.7315822124922,123.11936120735976,6910638
2024-10-04,122.79944610595703,124.0694225313639,120.30797580060525,122.1693061477998,6079979
2024-10-07,114.39437103271484,123.6040873446707,113.77392757813728,122.83822583749257,12710176
2024-10-08,116.85675048828125,117.88435849626178,112.81417182672541,114.87908435113975,10965315
2024-10-09,117.31239318847656,120.01714220608325,116.86644993989084,118.56297654476367,6747216
2024-10-10,115.42196655273438,119.46455247286107,114.97602333056892,118.7277731771549,6102757
2024-10-11,116.51744842529297,117.02155592848861,114.76275018203641,115.36380797869991,3995606
2024-10-14,115.47044372558594,117.7098563838767,115.26686142903849,117.02155222042518,4213161
2024-10-15,117.61292266845703,119.6293675672491,115.85823174013134,116.13937133242855,8648171
2024-10-16,116.11028289794922,118.51450682240645,114.96633889616437,116.91492304248206,5051985
2024-10-17,115.26686096191406,116.54652638950412,114.92755713571002,115.84852572058797,3367212
2024-10-18,118.52420043945312,120.07530903209195,111.99014393629149,114.39436780208355,11128401
2024-10-21,115.74188232421875,119.22218904043626,115.16991409353814,119.22218904043626,4534966
2024-10-22,107.55009460449219,116.0521132441712,106.63881509054868,115.36380905250266,9842266
2024-10-23,108.44197845458984,109.72164390859616,102.95492327999364,107.55009197979398,9896931
2024-10-24,108.4031982421875,111.14672578962832,107.30772948338132,108.44197687917206,5834815
2024-10-25,104.0019302368164,108.72312423072304,103.2651508739206,108.39350949090021,6877354
2024-10-28,105.494873046875,106.44493121646842,102.97432066938295,104.68054381259707,4983337
2024-10-29,107.8021469116211,108.3256474478233,104.69992972998118,105.96020962042381,4446340
2024-10-30,110.0027847290039,110.50689223029651,106.45461701402088,106.94903540301846,5043181
2024-10-31,109.8670654296875,110.37117294123736,108.63586768642395,109.83798329967277,3453974
2024-11-01,111.38909149169922,111.58297728865278,110.0803438715901,110.32270481591657,1191170
2024-11-04,108.0057373046875,111.58297989710778,107.11384338755197,111.47634048740973,4296481
2024-11-05,110.09003448486328,113.2795054432327,105.81479121472157,106.78423500524349,11375103
2024-11-06,111.87380981445312,112.26158879226911,109.65378274763218,111.00130896343438,7126848
2024-11-07,111.45695495605469,113.81270368773691,111.00131518629738,112.26159508578486,5278150
2024-11-08,108.05419921875,111.46664535217485,107.6082559824112,111.46664535217485,3626568
2024-11-11,105.78570556640625,107.70520006589435,105.09740138557818,106.65819903184507,4677441
2024-11-12,105.3106689453125,108.35472164320895,104.36061823887708,106.59033436356025,4305092
2024-11-13,101.00635528564453,105.08771293334807,100.20171512947992,103.92437589646357,6363826
2024-11-14,100.59917449951172,103.09064463661313,100.28895279592874,100.33742794184779,5101719
2024-11-18,101.42321014404297,102.15998208584696,98.59242870711051,100.82215234242167,5543260
2024-11-19,102.59624481201172,104.66115755773235,101.69466173222138,101.88854754445322,5049335
2024-11-21,100.27926635742188,102.37326106337021,99.70729068465603,102.37326106337021,4789835
2024-11-22,104.28307342529297,106.92965835910421,101.79160305587146,102.27632497518513,27960948
2024-11-25,109.52776336669922,110.71047858538785,106.39645665010976,106.49339955049155,10377460
2024-11-26,109.38233947753906,110.72016918242072,108.7812816932346,110.12880790651744,5158383
2024-11-27,110.20636749267578,110.67170375419876,108.15114404837513,109.07212006281652,4539803
2024-11-28,114.3555908203125,116.04242097699091,110.2257581230812,110.5165942242844,9646657
2024-11-29,111.37940216064453,115.5577027432909,110.97223752304154,115.36381693384267,7526829
2024-12-02,110.33238983154297,111.74777680630149,110.13850404178872,111.00130837985202,4666093
2024-12-03,113.4540023803711,114.29742111668837,110.39056393589411,110.51658896240494,6261955
2024-12-04,113.6382064819336,115.26687240567662,113.23104185006518,114.35559284231165,6000744
2024-12-05,113.47339630126953,114.29742202698239,112.89172412192492,114.24894687994734,3270035
2024-12-06,116.92461395263672,119.04769818048624,113.14378176193571,114.00658612746189,20024908
2024-12-09,118.53388977050781,120.69575269155025,117.15728135427105,117.44811745179452,14027054
2024-12-10,115.74188232421875,118.76654931971458,115.40257850972446,118.36907385397238,6551124
2024-12-11,116.51744842529297,117.48689218981986,115.47044738449938,115.65464406656555,4952625
2024-12-12,114.81123352050781,116.91492486452418,114.23925781256685,116.51745673876881,3381492
2024-12-13,114.45252990722656,114.87908753576885,111.4860343174128,114.39436564743227,4333788
2024-12-16,113.72544860839844,115.60617192731347,113.5218663001039,114.45253145070858,3770291
2024-12-17,114.42345428466797,116.28478466663096,113.0371493093345,114.05506829123867,6282544
2024-12-18,112.16464233398438,114.53008752286205,111.61205967549876,114.39436598542832,5738171
2024-12-19,110.77833557128906,111.53450791948363,108.38381568894759,108.62617662975805,4171712
2024-12-20,108.13175964355469,111.81564155394467,107.60825911705456,110.80742653579894,4865491
2024-12-23,106.41584014892578,109.2757037288908,105.98928991650074,108.85884260892223,4755898
2024-12-24,106.57095336914062,108.26747995768113,106.00867421040552,106.62911762822738,3571079
2024-12-26,105.54334259033203,107.71489449602777,105.01014557505755,106.56125407912592,4244013
2024-12-27,104.17642974853516,106.73576078608423,103.73048648856651,106.10562083750732,2957351
2024-12-30,100.33743286132812,104.79687284257776,99.57157137512414,104.21520804437462,9762940
2024-12-31,101.2196273803711,102.11151387194357,99.94965101466154,100.2404871036073,5336257
2025-01-01,107.46284484863281,108.8976249416496,103.24576575480316,104.0019307431254,70715703
2025-01-02,106.00867462158203,109.06242397205332,104.06978708430108,108.228701739321,17092773
2025-01-03,105.75662231445312,108.37412505485098,105.57243301891594,106.1540978291368,7370301
2025-01-06,99.70728302001953,106.2025602448018,99.08683964400555,106.1056099578315,12191154
2025-01-07,101.05481719970703,102.18907203946969,100.33743087599343,100.69612773598476,6529601
2025-01-08,99.8624038696289,101.73343062379865,98.66998478950251,101.05481555348638,6771947
2025-01-09,97.60360717773438,100.24049563486342,97.26430330926623,99.83333099270162,5329003
2025-01-10,93.95848846435547,97.60359911249165,93.64826675363764,96.94437705268265,8282410
2025-01-13,87.83160400390625,93.99726696727332,87.40505377495205,92.05837942901371,11287576
2025-01-14,91.16649627685547,92.09716144176733,88.12244332195543,88.13213983095733,10042149
2025-01-15,91.83541870117188,94.13299588045861,90.97260687446025,92.29105109550487,8555894
2025-01-16,94.2881088256836,95.97493901622545,93.05691102164538,93.06660753088528,6647070
2025-01-17,97.68115997314453,97.97198867721163,93.46408089588267,93.55132728822203,10420509
2025-01-20,98.42762756347656,99.10624265939641,96.65354363918658,97.1382655378711,6182385
2025-01-21,95.87799072265625,99.24196180165694,95.30601504996737,98.86387932151895,6200896
2025-01-22,92.80485534667969,95.9749332198873,91.12771437039804,95.68409713041035,8542598
2025-01-23,95.2575454711914,95.73257084035535,92.42676408441856,92.78546093655316,6538648
2025-01-24,92.54310607910156,96.00402021726457,92.10685931903615,95.49021617657037,4561538
2025-01-27,88.34540557861328,91.47671212079446,87.74435519196209,90.83687570062783,9305249
2025-01-28,87.20146942138672,89.95469374058636,85.46617147696307,89.18883222846353,10596590
2025-01-29,88.60716247558594,90.3715498494652,86.94941450861165,87.29841485916087,11064396
2025-01-30,91.74815368652344,92.20379342139267,88.83012599873118,89.18882284020175,11978051
2025-01-31,94.53046417236328,94.76312860642629,90.95321429090029,91.7481578871955,6967787
2025-02-01,94.588623046875,100.2404816846226,92.2522675380513,94.82128746769241,26754733
2025-02-03,91.1180191040039,93.0084389188392,89.7220250857816,92.0971593959052,8918062
2025-02-04,92.67881774902344,93.66765448102633,91.33129157579495,91.33129157579495,4707808
2025-02-05,93.47376251220703,95.46112511382785,92.92117988289944,93.2120159599113,5272527
2025-02-06,94.41413116455078,94.7049672632872,92.96966197237016,94.13299157477736,7349816
2025-02-07,92.4752426147461,94.5595482442658,91.91296344096511,94.37535155720362,6559395
2025-02-10,91.41854858398438,93.42529685064409,90.81749079632445,92.87271420899195,4667772
2025-02-11,88.04488372802734,91.60274062246287,87.5116866909783,91.1471008628517,5925094
2025-02-12,87.43413543701172,87.91885731898425,83.61452464026209,87.06574207310047,8647865
2025-02-13,89.74140930175781,90.35215621289912,87.82190738689104,87.82190738689104,7728469
2025-02-14,87.00758361816406,90.54605507186139,85.8733361137896,89.72202929679284,11088301
2025-02-17,85.912109375,87.96732542936086,83.95382882190755,86.28049534414964,9103990
2025-02-18,86.77491760253906,87.24994299902278,84.20589002386953,86.13508113700362,8114134
2025-02-19,87.23056030273438,88.12244686375443,85.07839378650846,85.31105823802031,6948254
2025-02-20,91.05016326904297,91.4864174328467,86.42591942735615,86.76522329057937,9156417
2025-02-21,91.26608276367188,93.97491800595402,90.8734967522178,91.70774483454095,8791330
2025-02-24,89.0970458984375,89.80369915543828,88.33150736600487,89.80369915543828,4682847
2025-02-25,87.87022399902344,90.09814521671039,87.4089360161563,88.64557928053019,5834609
2025-02-27,86.34896850585938,88.32170032838036,85.66194110279044,87.8800457383725,6591109
2025-02-28,82.55071258544922,85.92694193716821,81.2650006467692,85.29880728865616,8528372
2025-03-03,80.47982025146484,84.1602998361355,79.04688776505432,82.93347330791195,8862458
2025-03-04,81.3631362915039,83.30642530563095,79.20391712386238,79.49835848379912,7362054
2025-03-05,84.97491455078125,85.33805041128359,81.0785122943569,81.0785122943569,8090516
2025-03-06,85.82878112792969,86.7317311457424,85.14176126563677,85.39694328075481,6158861
2025-03-07,86.13304138183594,87.74263723252311,85.16138935317512,85.36750280504022,6175552
2025-03-10,84.2093734741211,87.28134431690823,83.47327757832618,86.14284573719384,5654494
2025-03-11,84.48419189453125,85.09269311827593,82.86477922523072,83.42421187593939,5587489
2025-03-12,84.73936462402344,86.5059979503712,83.28680610054235,84.89640202545677,6313074
2025-03-13,83.83641815185547,85.81897406949464,83.60086954855605,85.09268735339252,3596563
2025-03-17,84.66085052490234,85.3871297618817,83.91493786943546,83.92475457867923,4673615
2025-03-18,84.66085052490234,84.66085052490234,84.66085052490234,84.66085052490234,0
2025-03-19,90.00981140136719,90.24536000752003,86.31951496118172,86.65321568385717,9211611
2025-03-20,89.38166809082031,91.03052314926865,88.7731594722182,90.71645587565726,5538285
2025-03-21,93.46456146240234,95.05452395176246,88.90076498970033,89.31297693227849,21495051
2025-03-24,95.13304138183594,96.03598395484669,94.12213746988313,94.22028209947902,9209244
2025-03-25,91.7666244506836,95.59432472215336,91.32496989503339,95.59432472215336,8796395
2025-03-26,89.83314514160156,93.0523367764156,89.60741325206243,92.15921095127199,7445890
2025-03-27,90.66738891601562,91.12867690838905,89.11668580899999,89.50926432442357,9560355
2025-03-28,89.89203643798828,94.38713096735556,89.51908384145617,91.17775582657919,11724143
2025-04-01,89.59760284423828,91.2268247061136,88.88113280158794,89.80370881838155,6079541
2025-04-02,91.5899658203125,91.86477377905013,88.03707331159902,90.24536117882597,6696982
2025-04-03,93.99453735351562,94.2202767278763,90.78516247217247,91.11885569136538,8044837
2025-04-04,90.7066421508789,94.33805307740585,90.02943901585287,94.17119898284726,6542740
2025-04-07,87.26171875,88.33150786211176,81.62812607946682,81.62812607946682,6304022
2025-04-08,88.9203872680664,90.35331978670672,87.87022403580477,89.39149196020058,4027939
2025-04-09,88.36095428466797,89.06760757590497,87.37949304416213,88.91057018320564,2524732
2025-04-11,89.7350082397461,90.785171546222,88.82224891819558,90.3042575989831,3123108
2025-04-15,92.36531829833984,92.69901152717702,90.62812770270729,90.80479102619611,4722031
2025-04-16,93.26826477050781,93.77862883226393,92.11014015400627,92.37513889436762,5980819
2025-04-17,92.43402099609375,93.91602958297207,91.67829912689122,93.22900221392376,4951325
2025-04-21,94.09268951416016,94.6128627607917,92.07087431651898,92.89530563205102,6038998
2025-04-22,97.26280975341797,99.02944302359315,93.3958574655204,94.51472270731294,23034145
2025-04-23,98.15593719482422,98.99999443004147,95.69246747399457,98.14612048614826,10896395
2025-04-24,96.93892669677734,99.89312722688004,96.68375215697439,97.9989066693528,11489970
2025-04-25,94.84841918945312,97.94984048370927,91.78625724565083,97.61613974882916,11624755
2025-04-28,96.1930160522461,96.28134396762889,93.4351049384463,94.22027690786041,5850616
2025-04-29,94.97600555419922,97.63577223433592,94.69138837005258,96.23228229284264,5139780
2025-04-30,92.28679656982422,95.02507424996374,91.54088395204829,94.97599819417994,4504690
2025-05-02,91.57034301757812,94.31843018678454,91.27590163004095,91.52126695700342,3826284
2025-05-05,92.38494110107422,93.14067042684232,90.97164204896228,93.14067042684232,3897468
2025-05-06,88.54743194580078,92.93456477147657,88.33150928059766,92.64994012079562,4991228
2025-05-07,90.147216796875,90.58887886430806,86.36859237793156,86.36859237793156,5306267
2025-05-08,87.69355773925781,91.41329662894452,86.85931720717534,90.68701742915029,4072354
2025-05-09,87.26171875,88.10576849176408,84.65102836785711,84.65102836785711,5521740
2025-05-12,94.6913833618164,95.00545065787736,90.29443372900799,90.78516434710042,8214781
2025-05-13,94.14176177978516,95.69247235974981,93.40566583855632,95.20174173226393,5083501
2025-05-14,96.86041259765625,97.06651856040793,94.27916473281488,94.60304874054825,8450772
2025-05-15,96.52671813964844,97.35114953206637,95.97710220334018,96.82115952721675,5893730
2025-05-16,102.26825714111328,103.49508367825693,96.61504584928286,96.77207575230068,25340944
2025-05-19,103.19083404541016,105.50708316794754,102.6608440779189,103.05343007101854,12467928
2025-05-20,99.66738891601562,103.68156167252317,99.39257348720861,103.19083106729997,6749629
2025-05-21,99.1766586303711,100.27589039732209,97.46891072736398,99.76553386094552,8841631
2025-05-22,99.1668472290039,100.18756784434066,97.55725135157618,98.36204929029005,4914365
2025-05-23,98.49945068359375,99.55943062031358,97.36095205053431,99.47109521494275,5509883
2025-05-26,100.07960510253906,100.93347159981224,98.78407654892501,98.99018251336872,4996220
2025-05-27,100.82551574707031,101.43401691915633,99.07850846268586,100.58015043885369,6536574
2025-05-28,100.7175521850586,102.02288990505777,100.30533278552511,101.2475421376404,5295612
2025-05-29,100.2660903930664,101.502726244559,99.45147571378163,101.19847563651875,6228776
2025-05-30,94.51471710205078,98.03815923621941,94.06323835803835,96.28134277949978,25301938
2025-06-02,95.82006072998047,96.87022398536793,93.346781633688,94.36750224916028,8074090
2025-06-03,95.14286041259766,96.62486157795266,94.72083175587835,95.82988032448704,4059822
2025-06-04,96.88004302978516,97.16466770241759,94.64231248683264,95.49618650472995,7959826
2025-06-05,100.59977722167969,101.78734442496149,97.07633496003633,97.25299079501319,25588717
2025-06-06,101.8069839477539,102.4743779312987,99.91276333916026,100.7175613056741,8989554
2025-06-09,101.45365142822266,103.44601655429703,101.28679732599504,102.61177599497911,8310321
2025-06-10,102.12104797363281,103.70120121481537,101.33587596371972,102.03271256573885,7771155
2025-06-11,101.24754333496094,103.88766893239742,100.59977533371574,102.50381250203114,6772287
2025-06-12,98.10686492919922,101.67938325386254,97.65539365607748,101.58123862717608,4979404
2025-06-13,96.62486267089844,97.429660643053,95.46673802921693,95.69247742450851,4651906
2025-06-16,97.34132385253906,97.65539114262529,94.34786414393996,96.62485386905384,4890893
2025-06-17,95.69247436523438,97.6553969163161,95.44710904634915,97.36095553847173,3587523
2025-06-18,94.27915954589844,96.10467795892816,93.82768829690625,95.64339000140549,3813325
2025-06-19,91.62922668457031,94.62268661592297,91.15812197040704,94.22028389257983,5752102
2025-06-20,95.17230224609375,95.5158121991246,91.62922639921412,91.9923697712498,8872778
2025-06-23,96.35004425048828,96.62485218853988,93.25843997149842,93.25843997149842,8736270
2025-06-24,96.66411590576172,98.39148979327354,95.94765339029745,97.36095249102979,8221479
2025-06-25,98.92147827148438,100.40348682543018,96.82115183829465,97.3609510220284,13751282
2025-06-26,98.1461181640625,99.7066378486529,97.26280160299503,99.13739605414682,6411097
2025-06-27,97.7535400390625,99.58887529168965,97.44928944448162,98.83314592792046,5910689
2025-06-30,98.66629791259766,99.59869058954594,97.65539402677521,98.35223061323578,4978388
2025-07-01,98.58778381347656,99.14721645055302,97.17448464441547,98.68593593306804,5166244
2025-07-02,97.05670166015625,98.91166280922253,96.33042243742071,98.58777880212713,4463370
2025-07-03,96.45801544189453,98.0479854448107,96.19302418538624,97.16466877652394,4183429
2025-07-04,96.62486267089844,97.55725540524388,95.69247742450851,96.47764946522516,4787509
2025-07-07,96.77207946777344,98.03816540127046,95.97709823732738,96.18320420492616,3434013
2025-07-08,97.34132385253906,98.62703565133661,95.96727665042874,96.57578530095105,5604480
2025-07-09,96.47764587402344,98.28353101731324,96.17338778839454,97.64557969397197,3528294
2025-07-10,95.80043029785156,97.38058346132901,95.44710365956126,96.86041021272244,3312767
2025-07-11,96.01634979248047,97.26280220619422,95.48635985255312,96.18319639728502,5482720
2025-07-14,96.48745727539062,97.00763056237436,95.11341745617149,96.29116801206087,4188949
2025-07-15,97.19410705566406,97.52780777668814,95.73173187976734,96.48745375274736,5790329
2025-07-16,97.24317932128906,97.90075654054245,96.35004601827983,96.42856471286511,3327655
2025-07-17,97.21373748779297,97.69465139218912,96.67393081799277,97.21373748779297,3255044
2025-07-18,97.03707885742188,98.11668476124615,95.59432958654854,97.21374218626259,5599277
2025-07-21,97.25299072265625,98.07742205837665,96.24208684305844,97.06651817877885,3676240
2025-07-22,97.17448425292969,98.63685947589505,96.821157590099,97.94983956925505,3869091
2025-07-23,96.94874572753906,97.75354369162686,96.61505248075031,97.16466841096964,2954697
2025-07-24,96.95855712890625,97.45910445964115,95.88876047992028,96.94874041984535,3747516
2025-07-25,93.42530059814453,96.96837637849428,93.2388205608771,96.86041503986107,5008743
2025-07-28,92.87567138671875,95.2900650590472,92.64993950220793,93.42529475482657,3705271
2025-07-29,94.37731170654297,94.70118820867859,92.3947559077674,92.83641044846894,3490526
2025-07-30,95.02507781982422,95.9182111505496,94.22027989523727,94.22027989523727,3675458
2025-07-31,91.88440704345703,94.45583078557303,90.48091712401418,93.23882090408404,5324324
2025-08-01,90.637939453125,92.74808251047813,90.29442953401045,91.47217996753308,2836340
2025-08-04,91.36422729492188,91.61940932528206,89.92148549793106,90.80479466279535,2819243
2025-08-05,91.6194076538086,92.79716566539993,91.03053239199053,91.71755228278573,3146482
2025-08-06,90.45146942138672,91.95310388646028,90.14721135207718,91.47218249843887,2243403
2025-08-07,91.58014678955078,91.85495474132252,89.02834903858526,90.28461823980182,3683887
2025-08-08,90.392578125,92.19847068872103,90.0098088428984,91.57033609819761,2100336
2025-08-11,91.28571319580078,93.04252973641023,89.99999386315788,90.39257986176675,5526424
2025-08-12,96.17338562011719,97.06651895024987,90.8833100910461,91.26607937883009,40276916
2025-08-13,91.7175521850586,97.13522255910462,91.47218686889958,96.67393456665283,10371223
2025-08-14,90.25517272949219,92.25735451322745,89.90184609189451,92.15920988899585,5003409
2025-08-18,90.96182250976562,91.59977377469211,90.19628398703567,90.78515919775452,4156632
2025-08-19,93.12104034423828,93.43510764350559,90.78516527393491,91.1777512700078,4174921
2025-08-20,95.76116943359375,97.26280387856353,93.14066981441296,93.14066981441296,13513219
2025-08-21,95.54524993896484,97.85168234867642,95.32932726871903,95.75135590021175,8226952
2025-08-22,97.69464874267578,98.6368505960838,95.55506302724254,95.69246699620071,13565811
2025-08-25,97.5278091430664,98.47001106417069,97.18429170803489,98.08724176772067,5623889
2025-08-26,97.3904037475586,99.56924144644324,96.54634646818904,97.16466436393203,11982324
2025-08-28,94.38712310791016,98.45037193288104,93.72954589195533,97.26280476306634,7407024
2025-08-29,91.92366790771484,95.00545575566088,91.66848587598687,95.00545575566088,4893478
2025-09-01,92.38494110107422,92.78734379182563,91.62921926326091,92.45364308632998,3110425
2025-09-02,92.14939880371094,93.23882142146127,91.81570556336847,92.3849474138324,3773184
2025-09-03,92.22791290283203,92.84623078154304,91.87458626129576,92.35550016695987,2858302
2025-09-04,90.61831665039062,93.23881632255754,90.39257727406743,92.68920043301225,3762609
2025-09-05,90.95201110839844,91.48200107535678,90.2944338761919,90.78516449508425,2837155
2025-09-08,91.14830780029297,92.0610670504659,90.67720311170645,91.13849109129293,2061067
2025-09-09,90.79498291015625,91.74700152676894,90.29443557285322,91.27589682907988,2710361
2025-09-10,91.58014678955078,92.45364670252026,90.98145482835302,90.9912715374749,1973797
2025-09-11,91.84514617919922,93.09159868023795,91.66848285351328,92.06106885369927,3304116
2025-09-12,91.3249740600586,92.58124328609152,91.24645536144273,92.15921464097528,2713935
2025-09-15,92.17884063720703,93.80806993884639,91.52126338373077,91.5703394423894,4224163
2025-09-16,92.70882415771484,93.77862076065449,92.45364214880053,92.89530418207009,4143342
2025-09-17,92.64012145996094,93.543063960916,92.45364143704133,93.2093707493279,2820696
2025-09-18,92.49242401123047,93.9399272131953,92.06900475836068,93.53619855953013,3183350
2025-09-19,93.00446319580078,93.20140675303561,92.31517952705022,92.4924249722473,2911508
2025-09-22,92.38410949707031,93.93992981939526,92.26594336067888,93.05370257803114,2834523
2025-09-23,91.28125,92.55150782035598,90.86767978294331,92.46288885068476,3836407
2025-09-24,91.02523040771484,91.86221985935533,90.83813590803658,91.28124576107317,2476038
2025-09-25,90.59196472167969,91.77359603908491,90.17839451185074,91.12370106830065,2712116
2025-09-26,89.65650939941406,90.88737851520706,88.57333856741312,90.59196692236519,3394960
2025-09-29,88.65211486816406,90.34579195200982,88.23854465353999,89.8042065428863,4180724
2025-09-30,88.93767547607422,89.94206133451354,88.62257329375711,88.81950934046957,2027688
2025-10-01,89.55802917480469,89.86328980813923,88.9770625886056,89.3610931316321,1981163
2025-10-03,90.07007598876953,90.74951811734174,89.48910188296595,89.94206079780457,2216867
2025-10-06,89.36109161376953,90.49349262434848,89.21338582758473,90.49349262434848,1772243
2025-10-07,89.12477111816406,89.80420574684416,89.0164540372995,89.36109587976459,1626600
2025-10-08,88.54379272460938,89.50879734952848,88.40593599428212,89.50879734952848,1852462
2025-10-09,88.49456787109375,89.16416096466948,88.297624306731,88.55364718408816,1768701
2025-10-10,88.72103881835938,89.9617569130642,88.59303114286438,88.62257079777642,2474144
2025-10-13,88.6619644165039,89.55803321982852,88.46502085180757,88.62257570356464,2360986
2025-10-14,87.18492126464844,89.09523251784799,86.80089070526094,89.09523251784799,2874857
2025-10-15,87.9825210571289,88.42563843713864,87.46063376495121,87.80527560765076,2038480
2025-10-16,87.60833740234375,88.52410428334008,87.49017126805668,88.37639849363838,1591026
2025-10-17,88.68165588378906,89.8534456891463,86.54486889618495,87.69696058856553,6208459
2025-10-20,87.8545150756836,89.11492384629567,87.54926193947786,89.11492384629567,2026337
2025-10-21,88.41578674316406,88.79981728680511,88.0514467988204,88.17946198845307,498354
2025-10-23,87.8938980102539,89.01644996731733,87.73634316797141,88.62257037423949,2163949
2025-10-24,87.6181869506836,88.2680819113429,87.145529923508,88.2680819113429,1908280
2025-10-27,86.72211456298828,87.85451565780448,86.60394842272461,87.77573823096203,2178603
2025-10-28,86.81073760986328,87.7363460444198,86.59410345093666,87.12583979213055,2332089
2025-10-29,87.55909729003906,88.76042666225241,86.80088527506399,87.02736096893011,4265956
2025-10-30,86.94859313964844,87.98251863933437,86.70241932839534,87.63787680610572,2461592
2025-10-31,86.68272399902344,87.0372148996177,86.65318434274538,86.94859593078351,1692629
2025-11-03,86.66303253173828,87.47048234998243,86.42670025862144,86.94859506061628,1822616
2025-11-04,85.97373962402344,86.85011779297052,85.81619229104739,86.67287234797962,1857026
2025-11-06,84.61486053466797,86.16083172918944,84.43761509460565,85.97373723339356,2068241
2025-11-07,83.5513916015625,84.57547557707029,83.0590439698354,84.57547557707029,2376356
2025-11-10,82.94088745117188,84.09297913562011,81.96603370651981,83.96496394003996,3617159
2025-11-11,80.98133850097656,83.08858581939302,80.64654570862481,82.91134036678655,4047345
2025-11-12,81.47368621826172,82.41899279546182,80.74501380695455,81.7198600408439,3673816
2025-11-13,80.87301635742188,81.92663995069861,80.74500868234973,81.53276786966792,2306864
2025-11-14,82.16297149658203,82.84240608926339,80.64653995745262,81.08964980105473,3737752
2025-11-17,82.10388946533203,83.10828285462141,81.97588178390951,82.40915010969151,1892839
2025-11-18,80.87301635742188,82.26144023472878,80.74500868234973,82.26144023472878,2112048
2025-11-19,80.79425048828125,81.12904327642174,80.41021993123599,80.92225816975342,1936748
2025-11-20,80.58745574951172,81.16842985426759,80.44959901535852,81.03057312011437,1406556
2025-11-21,79.78985595703125,80.74501156413983,79.66184827739052,80.74501156413983,1687023
2025-11-24,78.17495727539062,79.96710237525139,77.55460195673339,79.7898569252595,2892113
2025-11-25,76.68806457519531,78.28327360990575,76.51081912689415,77.98786202519426,3148292
2025-11-26,77.36750793457031,77.63337235490737,76.6092958736893,76.85546969396128,3365715
2025-11-27,77.67276000976562,78.312813436281,77.49551456107874,77.73184683441372,1636846
2025-11-28,76.66837310791016,77.67275896183261,76.51081826114584,77.67275896183261,1475058
2025-12-01,76.64867401123047,77.79092409771428,76.41234925674807,76.68806272241562,1842079
2025-12-02,76.18587493896484,77.68260842798387,75.92000301180371,76.67822256875945,2473058
2025-12-03,74.82698822021484,76.33357071598795,74.3444896623659,76.06770631016909,2882411
2025-12-04,74.22632598876953,74.93530777793774,73.85214449454348,74.83683975447073,2123823
2025-12-05,72.9363784790039,74.55127812368545,72.76898208583503,74.55127812368545,3153252
2025-12-08,70.14968872070312,72.86744976128155,69.61795237498374,72.58188723232325,4689166
2025-12-09,72.6705093383789,76.01846703468979,68.92866454380668,70.1595335535175,5613560
2025-12-10,72.71974182128906,73.6355086931029,72.10923558183214,72.85759855359407,2725500
2025-12-11,70.97683715820312,72.6015858629491,70.72081428340813,72.6015858629491,2841138
2025-12-12,71.19346618652344,71.76458369470268,70.99652263833387,71.1836171309569,1895347
2025-12-15,71.31163024902344,71.67597020652838,70.92759969150984,71.35101896166955,2110780
2025-12-16,71.42979431152344,71.78428520240969,70.89805797519405,71.43964336755599,2475151
2025-12-17,70.60264587402344,71.41009567227479,70.06106799828824,71.39040507298361,2155017
2025-12-18,69.29300689697266,70.60264585947856,68.94835755210576,70.60264585947856,2456145
2025-12-19,71.7251968383789,71.88275168100164,68.78096020867932,69.32254558940944,3985309
2025-12-22,71.8335189819336,72.51296114157485,71.3904091028982,71.8827567518837,2326548
2025-12-23,74.11801147460938,74.96485002846866,71.63658263925977,71.92214517603826,6909243
2025-12-24,73.87183380126953,74.59066463399193,73.34994652466283,74.33464176735578,2085817
2025-12-26,73.00530242919922,75.03377216222631,72.86744570050583,74.1869336787507,6091168
2025-12-29,72.00092315673828,73.01515811535438,71.88275701600118,73.00530905880238,2508768
2025-12-30,72.05999755859375,72.85759829446864,70.94729464819547,72.000918248567,2107744
2025-12-31,73.6158218383789,75.132253483496,72.1387789062994,72.16831856292036,3727495
2026-01-01,73.59612274169922,74.34449325415123,73.458266004225,73.80290784791055,1601702
2026-01-02,81.76909637451172,82.70455387884542,73.52719423464531,73.81275676534149,82265437
2026-01-05,86.30854034423828,87.44094138661532,82.51746512639214,82.71440117174963,101751319
2026-01-06,83.06889343261719,86.04266983724848,82.3205229251928,86.04266983724848,20012455
2026-01-07,81.73955535888672,83.08858305242867,80.94194709240463,82.99996408539101,6922260
2026-01-08,78.89378356933594,82.31066966512881,77.938628005872,81.42444997904686,7005736
2026-01-09,76.93423461914062,79.08087049324921,76.60929090704587,78.76576832423457,6961354
2026-01-12,79.2975082397461,79.76031621486528,74.84668896146083,76.80623042912953,8728718
2026-01-13,78.20449829101562,80.13450016190423,77.84016584104224,79.29751066619355,7059809
2026-01-14,77.50536346435547,78.35220199389643,77.02286488768216,78.194654657946,3672850
2026-01-15,77.50536346435547,77.50536346435547,77.50536346435547,77.50536346435547,0
2026-01-16,75.29964447021484,78.0863337382514,73.99984708386218,77.69245414879913,8676362
2026-01-19,73.37948608398438,75.77229582110499,73.21208969597627,75.29964631230227,4271612
2026-01-20,70.7109603881836,73.63550635406578,69.83458225524203,73.37948349679115,7273564
2026-01-21,70.27770233154297,71.32147688707332,69.50963372992959,70.71096313070223,7450301
2026-01-22,71.41009521484375,72.07968827588215,70.85866828668098,72.07968827588215,3680823
2026-01-23,69.77550506591797,71.98122029234804,69.51948220086808,71.98122029234804,3451164
2026-01-27,70.46479034423828,70.99652668572116,68.68249432912927,69.96260117113941,4552913
2026-01-28,73.0840835571289,73.3401064288181,70.80943990565538,70.88820981702781,5749693
2026-01-29,71.31163024902344,73.566583337769,71.19347162371389,73.35979823084851,5207484
2026-01-30,71.3904037475586,72.99545425830232,70.25800273731302,71.31162632659945,6686901
2026-02-02,69.5391845703125,70.40571372702175,67.08728787198494,70.1890795596872,6158282
2026-02-03,71.02606964111328,72.74928642476647,70.31709533216146,72.3258671431351,5171109
2026-02-04,72.8477554321289,73.26132562008434,70.326930568959,70.96698396229667,5600113
2026-02-05,71.08515167236328,72.82805893897645,70.89805717300452,72.81820988305535,3321595
2026-02-06,71.15408325195312,71.42979672916802,70.60264878489455,70.89806037484125,3106246
2026-02-09,72.18800354003906,72.30616966994725,71.30178385992653,71.76458429865336,3300872
2026-02-10,71.6858139038086,72.74927901523668,71.5873383732407,72.57203357789396,3603081
2026-02-11,76.19571685791016,77.25918954653748,70.80944007202513,71.88275430420423,26862506
2026-02-12,77.77123260498047,80.25266128010956,76.8554657401747,77.6924551835152,53121380
2026-02-13,75.49658203125,76.88500592172977,74.93530604656485,76.80622849972487,6444203
2026-02-16,76.61913299560547,77.16071837399964,74.4134177967997,75.09285990557996,5948963
2026-02-17,76.36312103271484,77.22965016394342,76.11694721573333,76.61913639328296,3516148
2026-02-18,75.47689056396484,76.68806148468904,75.33903383335604,76.67821994152297,2773487
2026-02-19,73.98999786376953,76.09724502313495,73.43857094733843,75.47688974214998,3925513
2026-02-20,75.30000305175781,75.7699966430664,73.5,74.5,4761094
