Price,Close,High,Low,Open,Volume
Ticker,SOUTHBANK.NS,SOUTHBANK.NS,SOUTHBANK.NS,SOUTHBANK.NS,SOUTHBANK.NS
Date,,,,,
2021-02-22,8.324336051940918,8.709277015044155,8.228101499492206,8.516806992377267,21654762
2021-02-23,8.324336051940918,8.46868925726818,8.179983764383119,8.324336051940918,13776643
2021-02-24,8.66115951538086,8.709277251797984,8.276219459582839,8.276219459582839,21843995
2021-02-25,8.564925193786621,8.80551299044096,8.516808368671441,8.75739616532578,21496313
2021-02-26,9.479158401489258,9.8640984621736,8.66115962532316,8.757395099378995,170734508
2021-03-01,10.104686737060547,10.441509995403717,9.527275699263555,9.719746657042249,141625049
2021-03-02,9.864099502563477,10.345275088054377,9.623511709818025,10.200922779514945,54573089
2021-03-03,9.719746589660645,10.056568927899267,9.671628850549546,9.864098889224406,26478726
2021-03-04,9.479158401489258,9.719746168859345,9.43104066446134,9.62351069480351,25043531
2021-03-05,9.19045352935791,9.527275876186373,9.142335789019684,9.527275876186373,18562459
2021-03-08,9.43104076385498,9.864098566131231,9.286687551249893,9.33480528878492,28887163
2021-03-09,9.142334938049316,9.623510461104544,8.805511704802868,9.527274989385708,19415181
2021-03-10,9.19045352935791,9.431041313279481,9.046100308343231,9.238571269696136,20287224
2021-03-12,9.094218254089355,9.382923784870043,8.997983689008848,9.190453736939446,17947618
2021-03-15,8.949865341186523,9.142335376076332,8.805512126692026,9.142335376076332,16353789
2021-03-16,8.901747703552246,9.094217740615687,8.853629964844004,8.997983180968731,10127787
2021-03-17,8.709278106689453,8.949865894621373,8.661160365549154,8.901748153481075,14600160
2021-03-18,8.51680850982666,8.853630880063369,8.51680850982666,8.757396310468435,11854502
2021-03-19,8.613041877746582,8.709277351684554,8.276219554502674,8.516807321578108,16384255
2021-03-22,8.468689918518066,8.757395433945751,8.420572179651863,8.613042217347141,12049267
2021-03-23,8.564925193786621,8.70927842244099,8.468690625786651,8.516808368671441,12357241
2021-03-24,8.420572280883789,8.661160060337611,8.372454541439115,8.564924581448265,12808168
2021-03-25,8.131866455078125,8.564924258196935,7.987514159961692,8.516807438337796,17047752
2021-03-26,8.083748817443848,8.3243365907936,7.98751425876566,8.276219770339265,12724571
2021-03-30,7.8912787437438965,8.179984253906255,7.843161005755251,8.179984253906255,16225805
2021-03-31,7.939396381378174,8.179984150510846,7.795044087006373,7.8912786439977385,13627359
2021-04-01,8.372454643249512,8.420572383279305,7.98751455855028,8.035632298580072,12452921
2021-04-05,8.083748817443848,8.372454329017454,8.035631996989514,8.3243365907936,9601232
2021-04-06,8.131866455078125,8.276219667964067,8.083748717449478,8.083748717449478,6113099
2021-04-07,8.131866455078125,8.372454225451854,8.131866455078125,8.179984192706772,9457645
2021-04-08,8.179985046386719,8.276220531687347,8.131867303736405,8.131867303736405,7737910
2021-04-09,8.324336051940918,8.46868925726818,8.13186602927403,8.179983764383119,12934986
2021-04-12,7.795044422149658,8.1799845022044,7.6988089432512,8.1799845022044,19836261
2021-04-13,7.698808670043945,8.035631916466173,7.650690932302268,7.8431609654994645,26024800
2021-04-15,7.650691032409668,7.795044247523525,7.506338735065334,7.698808770780953,11225130
2021-04-16,7.650691032409668,7.795044247523525,7.650691032409668,7.698808770780953,9395780
2021-04-19,7.410103797912598,7.506339281662856,7.2657514900568,7.506339281662856,10027363
2021-04-20,7.458220958709717,7.650690993445096,7.410103220583492,7.458220958709717,8492154
2021-04-22,7.602573871612549,7.698808890972755,7.3138683546471635,7.458221113129857,11590045
2021-04-23,7.506339073181152,7.602574095373775,7.458221332642449,7.5544563548350725,6734709
2021-04-26,7.602573871612549,7.698808890972755,7.554456132490062,7.602573871612549,5549917
2021-04-27,7.698808670043945,7.746926407785622,7.602573653445347,7.650690932302268,5441431
2021-04-28,7.795044422149658,7.939396722727801,7.6988089432512,7.746926682700429,9579354
2021-04-29,7.698808670043945,7.891278703241142,7.650690932302268,7.795044145527299,8164387
2021-04-30,7.650691032409668,7.795044247523525,7.602573752923144,7.650691032409668,6274485
2021-05-03,7.602573871612549,7.650691151850268,7.506338852252344,7.602573871612549,7489920
2021-05-04,7.746926784515381,8.131866869629246,7.6025740231552925,7.6506913043521365,21708185
2021-05-05,7.843161582946777,7.939397066006202,7.795044759186649,7.891279324476489,7589332
2021-05-06,7.746926784515381,7.939396827072313,7.698809044433759,7.939396827072313,5117066
2021-05-07,8.949865341186523,9.0942176379115,7.746926475913321,7.746926475913321,139316824
2021-05-10,9.864099502563477,10.008451811102908,9.238571608533142,9.334806174969566,148086659
2021-05-11,10.200922012329102,10.393392048496352,9.286687734437987,9.671628724542016,141579498
2021-05-12,10.874567985534668,11.259508071594306,10.200922376045524,10.297156938675654,97200729
2021-05-14,10.585862159729004,11.403860966452239,9.81598109183117,11.163273190094763,84504834
2021-05-17,10.489625930786133,10.922684631428519,10.104685883292309,10.874566896049425,28202164
2021-05-18,10.297157287597656,10.682098304470685,10.24903954576733,10.682098304470685,20676975
2021-05-19,10.441510200500488,10.585862503900396,10.104686935541286,10.249039238941196,22349649
2021-05-20,10.874567985534668,11.067038028564488,10.345274678875498,10.537744721905318,52713206
2021-05-21,10.682097434997559,11.355743012481748,10.48962648334249,11.067037502768663,108245515
2021-05-24,10.297157287597656,10.633980562640357,10.104687238045939,10.58586282081003,42665947
2021-05-25,10.152804374694824,10.441509890698237,9.960334336615729,10.393392151736078,32329622
2021-05-26,10.200922012329102,10.345274310012158,10.056568796876519,10.152804273844907,19065142
2021-05-27,10.152804374694824,10.297156673811763,10.056568896770509,10.297156673811763,13845750
2021-05-28,9.912217140197754,10.200922672003433,9.864099398601876,10.200922672003433,18284699
2021-05-31,10.008450508117676,10.200921451472208,9.960333690048518,10.008450508117676,17933642
2021-06-01,9.67162799835205,10.104685776654794,9.575392528609461,10.056568041783498,23640719
2021-06-02,9.864099502563477,10.008451811102908,9.623511709818025,9.719747194024045,31015515
2021-06-03,9.912217140197754,10.0565694472158,9.864099398601876,9.960334881793631,11698268
2021-06-04,9.864099502563477,10.008451811102908,9.815981760460467,9.960334986769494,9939072
2021-06-07,10.393392562866211,10.633980349424366,9.81598150801881,9.9122169897499,71565093
2021-06-08,10.537744522094727,10.874567779337431,10.249039004139487,10.585862261382191,50551425
2021-06-09,10.249038696289062,10.682097419098907,10.152804138374274,10.537744205572453,28978178
2021-06-10,10.345273971557617,10.682097212157988,10.249038497737654,10.249038497737654,30932508
2021-06-11,10.297157287597656,10.489627337149376,10.24903954576733,10.44151051308864,13331245
2021-06-14,10.152804374694824,10.297156673811763,9.91221659765357,10.297156673811763,13350719
2021-06-15,10.152804374694824,10.297156673811763,10.152804374694824,10.200922113656983,8928811
2021-06-16,10.441510200500488,10.970802591479858,10.104686935541286,10.249039238941196,96319087
2021-06-17,10.585862159729004,10.970802234793155,10.200922084664853,10.297156644546124,51263978
2021-06-18,10.970803260803223,11.307626546311848,10.29715760755559,10.82645094859645,83367467
2021-06-21,12.12562370300293,12.269975994655791,10.585861642448133,10.63397937892225,196869134
2021-06-22,12.751152992248535,13.42479862715303,12.51056519994196,12.847388476279004,232414642
2021-06-23,12.558682441711426,13.184210309684246,12.36621239908668,13.039858007158074,72732708
2021-06-24,12.414329528808594,12.799270541359224,12.31809496399812,12.751152800069198,22640510
2021-06-25,12.414329528808594,12.654917317489145,12.029389434027545,12.510565011388646,28080688
2021-06-28,12.847387313842773,13.087975084380881,12.510564067981617,12.606799543304666,40638077
2021-06-29,12.799269676208496,13.087975186664384,12.703034200133361,12.94362197255168,26760585
2021-06-30,12.654916763305664,13.039857758998977,12.606799941892348,12.895504541450407,16765806
2021-07-01,12.414329528808594,12.799270541359224,12.414329528808594,12.751152800069198,16213904
2021-07-02,12.414329528808594,12.654917317489145,12.31809496399812,12.558682752678672,13581716
2021-07-05,12.318095207214355,12.654917567355811,12.269977464974263,12.462447516165037,17121697
2021-07-06,12.269976615905762,12.606799870509029,12.173741138084962,12.318094354816163,20362445
2021-07-07,12.17374038696289,12.462445884842573,12.125623568790841,12.31809359478747,15114189
2021-07-08,12.077507019042969,12.46244710884316,12.029389278375554,12.173741582608233,18257355
2021-07-09,11.93315315246582,12.173740925037869,11.93315315246582,12.125624104739074,11823717
2021-07-12,12.269976615905762,12.703034430560294,11.933153361302496,12.077506578033697,32399181
2021-07-13,12.17374038696289,12.5105636207841,12.17374038696289,12.5105636207841,11472017
2021-07-14,11.981271743774414,12.221859533479801,11.981271743774414,12.221859533479801,10084910
2021-07-15,11.88503646850586,12.077506505217508,11.88503646850586,12.077506505217508,8980051
2021-07-16,11.981271743774414,12.46244732318519,11.69256621257403,11.88503717855401,38286924
2021-07-19,11.88503646850586,12.173741064688569,11.836918729885564,11.933153289356625,13595638
2021-07-20,11.548213958740234,11.981271798639076,11.403861651363817,11.885037232977993,23648536
2021-07-22,11.740683555603027,11.88503677518882,11.644448993648718,11.740683555603027,11911826
2021-07-23,10.874567985534668,11.30762581179415,10.77833250513498,11.30762581179415,36724992
2021-07-26,10.537744522094727,10.922685518624895,10.489626782807264,10.874567779337431,18570283
2021-07-27,10.585862159729004,10.874567674911884,10.537744420903602,10.585862159729004,14368651
2021-07-28,10.441510200500488,10.730214807300303,10.297156979331017,10.682097984680043,15476005
2021-07-29,10.297157287597656,10.682098304470685,10.24903954576733,10.489627337149376,15624158
2021-07-30,10.345273971557617,10.441509445377578,10.249038497737654,10.345273971557617,7828550
2021-08-02,10.345273971557617,10.585861738338027,10.297156234647636,10.441509445377578,13996461
2021-08-03,10.249038696289062,10.441509647657666,10.249038696289062,10.441509647657666,8861514
2021-08-04,10.008450508117676,10.34527374121863,9.960333690048518,10.297156005379998,11476039
2021-08-05,9.767863273620605,10.056568786457124,9.479158678553611,10.008451048022783,15642561
2021-08-06,9.960334777832031,10.200922565530684,9.815981554551094,9.815981554551094,12046067
2021-08-09,9.960334777832031,10.200922565530684,9.86409929564474,10.056569342249746,8732880
2021-08-10,9.62351131439209,9.960334577503636,9.575393574266219,9.960334577503636,12281303
2021-08-11,9.43104076385498,9.67162853376062,9.094217518879281,9.67162853376062,20925886
2021-08-12,9.719746589660645,9.767863411002207,9.479158811874683,9.527275633216245,8190895
2021-08-13,9.67162799835205,9.81598028519648,9.623510263480755,9.719745733223347,7997438
2021-08-16,9.575393676757812,9.719746898680533,9.527275936116904,9.719746898680533,5126482
2021-08-17,9.38292407989502,9.623511876815405,9.334806336957021,9.623511876815405,4546543
2021-08-18,9.19045352935791,9.431041313279481,9.142335789019684,9.382923572941255,6644595
2021-08-20,8.9979829788208,9.190453011560226,8.901747503566334,9.190453011560226,7057471
2021-08-23,8.75739574432373,9.09421809278568,8.661160263180564,9.046100352214097,9974231
2021-08-24,9.094218254089355,9.1423359955144,8.70927815822816,8.757395899653206,7821178
2021-08-25,9.094218254089355,9.286688302019954,9.04610051266431,9.1423359955144,4969215
2021-08-26,9.527276039123535,9.719747003768113,9.046100463051244,9.142335945373533,27160250
2021-08-27,9.767863273620605,10.008451048022783,9.334805463250591,9.623510976087108,10450602
2021-08-30,9.67162799835205,9.91221575493907,9.623510263480755,9.91221575493907,7760546
2021-08-31,9.479158401489258,9.671628431831428,9.479158401489258,9.671628431831428,6122637
2021-09-01,9.575393676757812,9.719746898680533,9.431041372604659,9.527275936116904,6789912
2021-09-02,9.527276039123535,9.671629262606968,9.479159215731968,9.57539378028468,6611020
2021-09-03,9.527276039123535,9.671629262606968,9.527276039123535,9.527276039123535,4572517
2021-09-06,9.527276039123535,9.623511521445824,9.527276039123535,9.527276039123535,3988898
2021-09-07,9.479158401489258,9.62351069480351,9.43104066446134,9.575392957775593,4958470
2021-09-08,9.479158401489258,9.62351069480351,9.43104066446134,9.479158401489258,4513492
2021-09-09,9.62351131439209,9.912216837377764,9.43104127165816,9.479159011784033,14279125
2021-09-13,9.527276039123535,9.671629262606968,9.527276039123535,9.671629262606968,5303261
2021-09-14,9.575393676757812,9.719746898680533,9.575393676757812,9.623511417398719,7649675
2021-09-15,9.864099502563477,10.29715734595137,9.623511709818025,9.623511709818025,37598901
2021-09-16,10.393392562866211,10.682098090289912,9.864099248884356,9.960334730615447,54919547
2021-09-17,10.008450508117676,10.441509212895896,9.71974592862483,10.441509212895896,25522653
2021-09-20,9.67162799835205,10.008450306912202,9.67162799835205,9.719745733223347,10604909
2021-09-21,9.67162799835205,9.81598028519648,9.527274793738165,9.719745733223347,10077981
2021-09-22,9.62351131439209,9.767863617000149,9.62351131439209,9.671629054517963,5753872
2021-09-23,9.719746589660645,10.152804406121467,9.623511111438445,9.719746589660645,31529978
2021-09-24,9.67162799835205,9.864098020067775,9.623510263480755,9.767862550325184,7529268
2021-09-27,9.67162799835205,9.767862550325184,9.623510263480755,9.719745733223347,5843838
2021-09-28,9.62351131439209,9.767863617000149,9.575393574266219,9.671629054517963,7757288
2021-09-29,9.719746589660645,10.056568927899267,9.575393372327346,9.575393372327346,16270524
2021-09-30,9.815980911254883,10.056568683186471,9.767863173314662,9.767863173314662,10337489
2021-10-01,9.815980911254883,9.960334125075546,9.719746353143957,9.767863173314662,8074380
2021-10-04,9.815980911254883,9.960334125075546,9.815980911254883,9.864098649195103,8433522
2021-10-05,9.864099502563477,10.104687295308928,9.767864018357457,9.815981760460467,9939613
2021-10-06,9.719746589660645,10.008451188788168,9.719746589660645,9.864098889224406,10026798
2021-10-07,9.767863273620605,9.912216488923626,9.767863273620605,9.767863273620605,8260193
2021-10-08,10.008450508117676,10.200921451472208,9.81598048253262,9.81598048253262,23879133
2021-10-11,9.912217140197754,10.152804930407555,9.912217140197754,10.0565694472158,8829783
2021-10-12,10.008450508117676,10.393391477057264,9.81598048253262,9.960333690048518,25589703
2021-10-13,10.008450508117676,10.297156005379998,9.960333690048518,10.05656824395631,19653998
2021-10-14,10.05656909942627,10.345274621247553,10.008451359494464,10.05656909942627,21784874
2021-10-18,10.297157287597656,10.633980562640357,10.05656949621561,10.104687238045939,33369771
2021-10-19,10.200922012329102,10.82644985931505,10.104686535360713,10.297156571527964,79082016
2021-10-20,10.05656909942627,10.39339236117936,10.008451359494464,10.24903914138394,17244534
2021-10-21,10.104686737060547,10.297156777069695,10.056568997615873,10.15280447650522,20218563
2021-10-22,9.238571166992188,9.479158948239176,8.805512426531967,9.38292346863256,59928874
2021-10-25,9.142334938049316,9.334804963717513,9.094217202189899,9.334804963717513,12802914
2021-10-26,9.238571166992188,9.527275770272933,9.142335687385572,9.286687989025944,21668592
2021-10-27,9.238571166992188,9.38292346863256,9.19045342718888,9.286687989025944,7708268
2021-10-28,9.046100616455078,9.23857158436358,8.997983792247545,9.23857158436358,9679014
2021-10-29,8.9979829788208,9.142335273932993,8.901747503566334,9.046099798678524,7872112
2021-11-01,9.094218254089355,9.190453736939446,9.04610051266431,9.094218254089355,4927362
2021-11-02,9.094218254089355,9.23857147836449,9.04610051266431,9.094218254089355,8026231
2021-11-03,8.9979829788208,9.190453011560226,8.949865241193567,9.094217536305758,6686049
2021-11-04,9.142334938049316,9.142334938049316,8.997982648240539,9.046099466330482,1872558
2021-11-08,9.094218254089355,9.190453736939446,9.04610051266431,9.1423359955144,7166144
2021-11-09,9.094218254089355,9.1423359955144,9.04610051266431,9.1423359955144,5636120
2021-11-10,9.046100616455078,9.190453842386455,8.997983792247545,9.094218358432204,4932432
2021-11-11,8.9979829788208,9.094217536305758,8.949865241193567,9.046099798678524,5320606
2021-11-12,8.949865341186523,9.046099899746666,8.901747603021692,9.046099899746666,4138724
2021-11-15,8.853630065917969,8.997983283690647,8.853630065917969,8.997983283690647,4806848
2021-11-16,8.75739574432373,8.949865788840496,8.75739574432373,8.853630307697332,7574310
2021-11-17,8.75739574432373,8.805512567125747,8.709278003752148,8.75739574432373,5217797
2021-11-18,8.66115951538086,8.805511806862746,8.66115951538086,8.757394988215108,6042396
2021-11-22,8.51680850982666,8.757396310468435,8.46869076614438,8.709278566786155,7761716
2021-11-23,8.66115951538086,8.757394988215108,8.468689487481848,8.516807223898974,7904065
2021-11-24,8.75739574432373,8.853630307697332,8.709278003752148,8.75739574432373,3911406
2021-11-25,8.66115951538086,8.757394988215108,8.66115951538086,8.757394988215108,4602502
2021-11-26,8.51680850982666,8.661160823103874,8.46869076614438,8.613043079421594,6860007
2021-11-29,8.22810173034668,8.564924050021535,7.939396229361456,8.516807231331903,8285818
2021-11-30,8.372454643249512,8.51680786333889,8.179984600899896,8.228102340929688,5390013
2021-12-01,8.564925193786621,8.61304293667141,8.372455140017072,8.372455140017072,3820536
2021-12-02,8.564925193786621,8.70927842244099,8.516808368671441,8.61304293667141,6460093
2021-12-03,8.613041877746582,8.661159614715569,8.564924140777595,8.613041877746582,3081182
2021-12-06,8.564925193786621,8.6611606795562,8.564925193786621,8.61304293667141,5424772
2021-12-07,8.75739574432373,8.99798352941208,8.564924782037398,8.613042522608982,15303962
2021-12-08,8.805512428283691,8.901747907909453,8.757395606240364,8.805512428283691,3453317
2021-12-09,8.853630065917969,9.046100105178667,8.75739550517239,8.80551232666041,8723785
2021-12-10,9.142334938049316,9.286687227858094,8.853629440662285,8.853629440662285,22343397
2021-12-13,8.9979829788208,9.334805306672417,8.9979829788208,9.286687569045183,9088431
2021-12-14,8.949865341186523,9.046099899746666,8.901747603021692,8.997983079351355,3388342
2021-12-15,8.901747703552246,9.046100001907444,8.853629964844004,8.997983180968731,3478378
2021-12-16,8.75739574432373,8.949865788840496,8.75739574432373,8.901748048268914,4809028
2021-12-17,8.51680850982666,8.805513136381089,8.46869076614438,8.757396310468435,6707434
2021-12-20,8.324336051940918,8.564923809716893,8.276219234601292,8.372453787050006,7432884
2021-12-21,8.420572280883789,8.613042320892937,8.372454541439115,8.372454541439115,5871230
2021-12-22,8.564925193786621,8.70927842244099,8.468690625786651,8.468690625786651,5617643
2021-12-23,8.420572280883789,8.661160060337611,8.372454541439115,8.661160060337611,7610757
2021-12-24,8.420572280883789,8.468690020328463,8.276219980319313,8.420572280883789,5437928
2021-12-27,8.468689918518066,8.56492447848094,8.37245444078566,8.37245444078566,5297859
2021-12-28,8.51680850982666,8.661160823103874,8.46869076614438,8.51680850982666,4313288
2021-12-29,8.51680850982666,8.613043079421594,8.51680850982666,8.564925335739314,3367460
2021-12-30,8.420572280883789,8.564924581448265,8.420572280883789,8.564924581448265,5416256
2021-12-31,8.51680850982666,8.564925335739314,8.4205730224621,8.4205730224621,5238892
2022-01-03,8.853630065917969,9.142335583693786,8.516807726654132,8.564924548142152,22784895
2022-01-04,8.901747703552246,9.238570956740414,8.75739540519705,8.901747703552246,21192515
2022-01-05,8.805512428283691,8.949865647722332,8.757395606240364,8.901747907909453,9211136
2022-01-06,8.709278106689453,8.805512671200475,8.613042624408854,8.709278106689453,8308476
2022-01-07,8.75739574432373,8.949865788840496,8.709278003752148,8.75739574432373,8284272
2022-01-10,8.853630065917969,8.901747805175528,8.75739550517239,8.80551232666041,8098795
2022-01-11,8.75739574432373,8.853630307697332,8.75739574432373,8.805512567125747,4231894
2022-01-12,8.709278106689453,8.853630412340776,8.709278106689453,8.805512671200475,6211029
2022-01-13,8.75739574432373,8.853630307697332,8.709278003752148,8.75739574432373,8769766
2022-01-14,8.805512428283691,8.901747907909453,8.709277866427483,8.757395606240364,7895934
2022-01-17,8.853630065917969,9.046100105178667,8.80551232666041,8.80551232666041,8442461
2022-01-18,8.75739574432373,8.949865788840496,8.709278003752148,8.853630307697332,7567408
2022-01-19,8.709278106689453,8.757395847829752,8.661160365549154,8.757395847829752,6204252
2022-01-20,8.75739574432373,8.901748048268914,8.709278003752148,8.75739574432373,6301529
2022-01-21,8.51680850982666,8.757396310468435,8.46869076614438,8.757396310468435,11803744
2022-01-24,8.372454643249512,8.709277905688506,8.324336903219718,8.51680786333889,11917079
2022-01-25,8.420572280883789,8.516807759773135,8.22810224087464,8.324336801994441,7391879
2022-01-27,8.564925193786621,8.61304293667141,8.276220572017102,8.420572882901862,12005794
2022-01-28,8.468689918518066,8.709277695079548,8.420572179651863,8.661159956213345,9879300
2022-01-31,8.613041877746582,8.75739508865354,8.516807321578108,8.516807321578108,12129298
2022-02-01,8.51680850982666,8.709278566786155,8.51680850982666,8.709278566786155,7675249
2022-02-02,8.613041877746582,8.661159614715569,8.564924140777595,8.564924140777595,5492412
2022-02-03,8.564925193786621,8.6611606795562,8.516808368671441,8.61304293667141,3375580
2022-02-04,8.51680850982666,8.613043079421594,8.46869076614438,8.564925335739314,4502106
2022-02-07,8.468689918518066,8.613042217347141,8.468689918518066,8.56492447848094,4833471
2022-02-08,8.420572280883789,8.516807759773135,8.372454541439115,8.516807759773135,5573040
2022-02-09,8.420572280883789,8.516807759773135,8.372454541439115,8.468690020328463,3212135
2022-02-10,8.420572280883789,8.468690020328463,8.372454541439115,8.468690020328463,2919680
2022-02-11,8.372454643249512,8.420572383279305,8.324336903219718,8.420572383279305,3150702
2022-02-14,8.131866455078125,8.324336487823206,8.083748717449478,8.276219667964067,8729323
2022-02-15,8.131866455078125,8.179984192706772,7.987514159961692,8.131866455078125,6352629
2022-02-16,8.179985046386719,8.276220531687347,8.131867303736405,8.131867303736405,4331315
2022-02-17,8.276220321655273,8.70927815897884,8.179984838796889,8.179984838796889,17419869
2022-02-18,8.22810173034668,8.324336285495429,8.17998399388756,8.17998399388756,3190691
2022-02-21,8.035632133483887,8.228102171879108,7.9393966554015085,8.179984432837918,7325684
2022-02-22,7.8912787437438965,7.987514219721189,7.843161005755251,7.8912787437438965,5519346
2022-02-23,7.939396381378174,8.083748675749975,7.939396381378174,7.939396381378174,2718730
2022-02-24,7.410103797912598,7.795044815144041,7.361986514922264,7.795044815144041,11001781
2022-02-25,7.746926784515381,7.843161346909069,7.458221261795204,7.458221261795204,5386986
2022-02-28,7.795044422149658,7.843161243829343,7.6025739232375145,7.746926682700429,3656477
2022-03-02,7.746926784515381,7.795044524597003,7.698809044433759,7.795044524597003,3356416
2022-03-03,7.746926784515381,7.843161346909069,7.698809044433759,7.795044524597003,2625281
2022-03-04,7.650691032409668,7.746926509152239,7.602573752923144,7.698808770780953,3705538
2022-03-07,7.5544562339782715,7.65069125463132,7.506338953094136,7.65069125463132,4185288
2022-03-08,7.602573871612549,7.698808890972755,7.506338852252344,7.506338852252344,5672106
2022-03-09,7.650691032409668,7.795044247523525,7.650691032409668,7.650691032409668,4989165
2022-03-10,7.746926784515381,7.891279086990691,7.698809044433759,7.746926784515381,5642679
2022-03-11,7.698808670043945,7.746926407785622,7.650690932302268,7.746926407785622,4107125
2022-03-14,7.650691032409668,7.746926509152239,7.650691032409668,7.746926509152239,3688436
2022-03-15,7.602573871612549,7.698808890972755,7.554456132490062,7.650691151850268,4950915
2022-03-16,7.650691032409668,7.795044247523525,7.602573752923144,7.650691032409668,3905865
2022-03-17,7.746926784515381,7.795044524597003,7.6025740231552925,7.698809044433759,8901468
2022-03-21,7.698808670043945,7.795044145527299,7.650690932302268,7.746926407785622,4469608
2022-03-22,7.650691032409668,7.698808770780953,7.650691032409668,7.698808770780953,2916220
2022-03-23,7.602573871612549,7.698808890972755,7.602573871612549,7.698808890972755,3592652
2022-03-24,7.602573871612549,8.035632147060628,7.554456132490062,7.650691151850268,19244052
2022-03-25,7.602573871612549,7.698808890972755,7.554456132490062,7.650691151850268,6277744
2022-03-28,7.506339073181152,7.650691377027696,7.458221332642449,7.602574095373775,7360224
2022-03-29,7.313868045806885,7.554455813490563,7.169515293419727,7.554455813490563,13890337
2022-03-30,7.265750885009766,7.410103180844792,7.217633147141586,7.361985901861369,10628205
2022-03-31,7.2176337242126465,7.361986490473859,7.2176337242126465,7.313868748758523,8194593
2022-04-01,7.5544562339782715,7.602573973747183,7.217633432250217,7.265751172019129,7428202
2022-04-04,7.746926784515381,7.746926784515381,7.6506913043521365,7.698809044433759,5311584
2022-04-05,7.698808670043945,7.795044145527299,7.650690932302268,7.795044145527299,6808744
2022-04-06,8.564925193786621,8.75739616532578,7.746927235823635,7.795044978708424,41889633
2022-04-07,8.372454643249512,8.757395645718299,8.324336903219718,8.661160165658714,19475966
2022-04-08,8.276220321655273,8.564924934691263,8.276220321655273,8.468690369602461,6585607
2022-04-11,8.22810173034668,8.372454021954548,8.17998399388756,8.324336285495429,3752798
2022-04-12,8.131866455078125,8.22810193033542,8.083748717449478,8.22810193033542,3909757
2022-04-13,8.083748817443848,8.228102032115412,8.083748817443848,8.179984293891557,3306138
2022-04-18,7.987514495849609,8.083749057384214,7.987514495849609,8.083749057384214,3230749
2022-04-19,7.843161582946777,8.131867114355465,7.795044759186649,8.035632549065626,4355708
2022-04-20,7.843161582946777,7.939397066006202,7.843161582946777,7.843161582946777,2246226
2022-04-21,8.035632133483887,8.131866693796729,7.84316117731913,7.89127891636032,7526505
2022-04-22,7.939396381378174,8.035631856139045,7.8912786439977385,7.987514118758609,2704266
2022-04-25,7.795044422149658,7.939396722727801,7.795044422149658,7.939396722727801,2702174
2022-04-26,7.843161582946777,7.891279324476489,7.795044759186649,7.891279324476489,2321573
2022-04-27,7.746926784515381,7.843161346909069,7.698809044433759,7.746926784515381,3160382
2022-04-28,7.746926784515381,7.795044524597003,7.698809044433759,7.795044524597003,2500060
2022-04-29,7.650691032409668,7.795044247523525,7.650691032409668,7.795044247523525,4282454
2022-05-02,7.602573871612549,7.698808890972755,7.602573871612549,7.698808890972755,2192163
2022-05-04,7.602573871612549,7.650691151850268,7.554456132490062,7.650691151850268,2534530
2022-05-05,7.602573871612549,7.746926630095242,7.554456132490062,7.602573871612549,5601441
2022-05-06,7.506339073181152,7.5544563548350725,7.313868569911123,7.5544563548350725,5776360
2022-05-09,7.746926784515381,8.179984609710868,7.458221261795204,7.55445628307367,21100480
2022-05-10,7.602573871612549,7.843161190570679,7.602573871612549,7.795044369217729,3829961
2022-05-11,7.458220958709717,7.650690993445096,7.361985941342027,7.650690993445096,4658186
2022-05-12,7.36198616027832,7.45822118050792,7.313868420721135,7.45822118050792,4164973
2022-05-13,7.602573871612549,8.22810218578104,7.554456132490062,7.987514407938141,14029932
2022-05-16,7.698808670043945,7.795044145527299,7.650690932302268,7.650690932302268,4562538
2022-05-17,7.795044422149658,7.891278983278571,7.746926682700429,7.795044422149658,4407653
2022-05-18,7.698808670043945,7.8431609654994645,7.698808670043945,7.795044145527299,3639722
2022-05-19,7.5544562339782715,7.65069125463132,7.5544562339782715,7.602573973747183,4810038
2022-05-20,7.746926784515381,7.939396827072313,7.6025740231552925,7.6025740231552925,6701942
2022-05-23,7.746926784515381,7.843161346909069,7.698809044433759,7.795044524597003,3296800
2022-05-24,7.698808670043945,7.795044145527299,7.602573653445347,7.698808670043945,3492268
2022-05-25,7.5544562339782715,7.746926734169143,7.506338953094136,7.746926734169143,3741605
2022-05-26,7.602573871612549,7.650691151850268,7.3138683546471635,7.602573871612549,5342543
2022-05-27,7.650691032409668,7.746926509152239,7.602573752923144,7.650691032409668,3335850
2022-05-30,7.698808670043945,7.746926407785622,7.650690932302268,7.698808670043945,2667328
2022-05-31,7.698808670043945,7.746926407785622,7.650690932302268,7.698808670043945,3090081
2022-06-01,7.650691032409668,7.795044247523525,7.650691032409668,7.698808770780953,3448428
2022-06-02,7.698808670043945,7.891278703241142,7.650690932302268,7.698808670043945,6135259
2022-06-03,7.698808670043945,7.795044145527299,7.650690932302268,7.746926407785622,3370014
2022-06-06,7.650691032409668,7.746926509152239,7.602573752923144,7.698808770780953,2644545
2022-06-07,7.5544562339782715,7.698808994400231,7.5544562339782715,7.65069125463132,2909496
2022-06-08,7.5544562339782715,7.698808994400231,7.5544562339782715,7.602573973747183,3906516
2022-06-09,7.5544562339782715,7.65069125463132,7.5544562339782715,7.5544562339782715,1531895
2022-06-10,7.506339073181152,7.602574095373775,7.506339073181152,7.5544563548350725,1955550
2022-06-13,7.410103797912598,7.506339281662856,7.410103797912598,7.506339281662856,2495686
2022-06-14,7.410103797912598,7.506339281662856,7.410103797912598,7.410103797912598,2665879
2022-06-15,7.410103797912598,7.4582215397877265,7.361986514922264,7.410103797912598,1864738
2022-06-16,7.313868045806885,7.554455813490563,7.2657507676009985,7.458220798194041,4242668
2022-06-17,7.265750885009766,7.361985901861369,7.217633147141586,7.313868163993189,2476533
2022-06-20,7.121398448944092,7.313868491259562,6.9770456877650995,7.313868491259562,3616237
2022-06-21,7.2176337242126465,7.265751465927982,7.12139869966677,7.12139869966677,2175514
2022-06-22,7.121398448944092,7.265751210123083,7.121398448944092,7.217633470101827,2053579
2022-06-23,7.169515609741211,7.313868368497261,7.121398329412374,7.169515609741211,2570365
2022-06-24,7.169515609741211,7.265751088168424,7.169515609741211,7.217633348954818,1609758
2022-06-27,7.313868045806885,7.458220798194041,7.217633030510362,7.2657507676009985,4298727
2022-06-28,7.313868045806885,7.36198578289752,7.2657507676009985,7.36198578289752,942897
2022-06-29,7.36198616027832,7.45822118050792,7.265751140048722,7.313868420721135,2800128
2022-06-30,7.313868045806885,7.458220798194041,7.2657507676009985,7.410103061103406,1317340
2022-07-01,7.313868045806885,7.458220798194041,7.2657507676009985,7.36198578289752,1973873
2022-07-04,7.313868045806885,7.410103061103406,7.2657507676009985,7.36198578289752,1479438
2022-07-05,7.602573871612549,7.698808890972755,7.361986093769651,7.361986093769651,7912608
2022-07-06,7.746926784515381,7.795044524597003,7.6025740231552925,7.6506913043521365,6917272
2022-07-07,7.698808670043945,7.891278703241142,7.650690932302268,7.795044145527299,3965834
2022-07-08,7.602573871612549,7.795044369217729,7.554456132490062,7.746926630095242,3115464
2022-07-11,7.5544562339782715,7.65069125463132,7.506338953094136,7.65069125463132,2050702
2022-07-12,7.5544562339782715,7.65069125463132,7.506338953094136,7.5544562339782715,2558813
2022-07-13,7.458220958709717,7.602573714203631,7.458220958709717,7.602573714203631,1639690
2022-07-14,7.458220958709717,7.506338696835941,7.410103220583492,7.506338696835941,1709952
2022-07-15,7.458220958709717,7.506338696835941,7.410103220583492,7.458220958709717,919934
2022-07-18,7.506339073181152,7.5544563548350725,7.506339073181152,7.506339073181152,1329527
2022-07-19,7.5544562339782715,7.65069125463132,7.506338953094136,7.5544562339782715,2641465
2022-07-20,7.602573871612549,7.698808890972755,7.602573871612549,7.650691151850268,2611598
2022-07-21,7.650691032409668,7.843161068125287,7.602573752923144,7.602573752923144,7729240
2022-07-22,7.650691032409668,7.891278806496572,7.650691032409668,7.698808770780953,4783932
2022-07-25,7.5544562339782715,7.795044473938054,7.506338953094136,7.698808994400231,4963983
2022-07-26,7.5544562339782715,7.746926734169143,7.5544562339782715,7.602573973747183,3864044
2022-07-27,7.602573871612549,7.795044369217729,7.554456132490062,7.602573871612549,8698777
2022-07-28,7.5544562339782715,7.698808994400231,7.5544562339782715,7.65069125463132,4610187
2022-07-29,7.5544562339782715,7.65069125463132,7.506338953094136,7.602573973747183,4207304
2022-08-01,7.602573871612549,7.698808890972755,7.554456132490062,7.650691151850268,5732384
2022-08-02,7.939396381378174,8.179984150510846,7.554455858988948,7.602573596369384,33643033
2022-08-03,7.746926784515381,8.035632307235558,7.698809044433759,7.939396827072313,8382221
2022-08-04,7.795044422149658,7.987514462177029,7.650691203801972,7.746926682700429,17115184
2022-08-05,7.795044422149658,7.939396722727801,7.746926682700429,7.795044422149658,8061447
2022-08-08,7.698808670043945,7.8431609654994645,7.650690932302268,7.8431609654994645,5477775
2022-08-10,7.602573871612549,7.746926630095242,7.554456132490062,7.698808890972755,4573232
2022-08-11,7.5544562339782715,7.698808994400231,7.506338953094136,7.65069125463132,5928480
2022-08-12,7.5544562339782715,7.65069125463132,7.506338953094136,7.602573973747183,7863389
2022-08-16,7.5544562339782715,7.65069125463132,7.506338953094136,7.5544562339782715,4971672
2022-08-17,7.650691032409668,7.795044247523525,7.5544560145518584,7.5544560145518584,10545044
2022-08-18,7.746926784515381,7.795044524597003,7.6025740231552925,7.6506913043521365,8294711
2022-08-19,7.650691032409668,7.891278806496572,7.602573752923144,7.795044247523525,7044628
2022-08-22,7.650691032409668,7.746926509152239,7.602573752923144,7.650691032409668,8397303
2022-08-23,7.602573871612549,7.843161190570679,7.554456132490062,7.650691151850268,7488301
2022-08-24,7.602573871612549,7.650691151850268,7.554456132490062,7.602573871612549,6516907
2022-08-25,7.939396381378174,8.179984150510846,7.602573596369384,7.602573596369384,43876134
2022-08-26,8.035632133483887,8.372454471233139,7.9393966554015085,8.035632133483887,42001735
2022-08-29,7.843161582946777,7.939397066006202,7.746927017656938,7.795044759186649,7808294
2022-08-30,7.8912787437438965,8.035631957709835,7.843161005755251,7.8912787437438965,8650443
2022-09-01,7.8912787437438965,8.035631957709835,7.843161005755251,7.843161005755251,6178700
2022-09-02,7.843161582946777,8.083749372825753,7.795044759186649,7.939397066006202,9684567
2022-09-05,8.131866455078125,8.613041995825583,7.891278684704396,7.891278684704396,33516589
2022-09-06,8.083748817443848,8.276219770339265,8.035631996989514,8.228102032115412,11118414
2022-09-07,8.324336051940918,8.420571522159094,8.03563147682532,8.03563147682532,21448940
2022-09-08,8.372454643249512,8.805512467978536,8.324336903219718,8.420572383279305,29144328
2022-09-09,8.372454643249512,8.51680786333889,8.228102340929688,8.51680786333889,14644946
2022-09-12,8.324336051940918,8.516806992377267,8.276219234601292,8.46868925726818,9975995
2022-09-13,8.276220321655273,8.420572628173268,8.276220321655273,8.420572628173268,8142203
2022-09-14,8.372454643249512,8.420572383279305,8.08374912084031,8.131866860870103,15899398
2022-09-15,10.008450508117676,10.008450508117676,9.431040431362508,9.623510456947564,255272468
2022-09-16,9.815980911254883,10.3933919309985,9.527275401383074,10.297156455118058,134818334
2022-09-19,10.05656909942627,10.345274621247553,9.719746755442733,9.96033453733221,68582896
2022-09-20,9.960334777832031,10.297157129948399,9.912217036738385,10.297157129948399,32776350
2022-09-21,9.767863273620605,10.008451048022783,9.719746452955789,10.008451048022783,19601816
2022-09-22,9.719746589660645,9.864098889224406,9.575393372327346,9.767863411002207,24035846
2022-09-23,9.43104076385498,9.815980828596201,9.33480528878492,9.767863091061171,21587142
2022-09-26,9.094218254089355,9.286688302019954,8.613042675378072,9.286688302019954,39378762
2022-09-27,9.094218254089355,9.334806043444997,8.901748206158759,9.190453736939446,17958938
2022-09-28,8.9979829788208,9.23857074918746,8.949865241193567,8.9979829788208,9693824
2022-09-29,8.949865341186523,9.190453114241164,8.757395306296715,9.142335376076332,12365092
2022-09-30,9.142334938049316,9.190452673908736,8.853629440662285,8.949864912381122,8278304
2022-10-03,8.949865341186523,9.190453114241164,8.85362986485686,9.142335376076332,8630219
2022-10-04,9.286687850952148,9.382923329127943,9.190453290545893,9.190453290545893,24732603
2022-10-06,9.62351131439209,9.81598135712602,9.334805791406415,9.382923531532288,28553318
2022-10-07,9.575393676757812,9.719746898680533,9.479159113245565,9.671629158039627,11629248
2022-10-10,9.527276039123535,9.671629262606968,9.38292373340968,9.38292373340968,10796884
2022-10-11,9.479158401489258,9.719746168859345,9.43104066446134,9.527275220747676,10595087
2022-10-12,9.43104076385498,9.575393058690562,9.38292302631995,9.47915850139001,8947164
2022-10-13,9.334805488586426,9.623511002206527,9.19045319066114,9.431040965716303,11496842
2022-10-14,9.286687850952148,9.671628845885786,9.238571029633789,9.575393367709992,7691739
2022-10-17,9.38292407989502,9.479159565771019,9.238571768850633,9.238571768850633,10993437
2022-10-18,9.575393676757812,9.671629158039627,9.479159113245565,9.479159113245565,17475735
2022-10-19,9.767863273620605,9.864098750489287,9.671628714521448,9.671628714521448,20194007
2022-10-20,10.104686737060547,10.585862295968191,9.623511178152901,9.767863478717377,68586076
2022-10-21,10.730215072631836,10.922686038950458,10.345274975533764,10.489627282503145,103840377
2022-10-24,11.403861045837402,11.59633108470931,11.115155528644772,11.163273267805133,43515245
2022-10-25,12.654916763305664,13.376680097739893,11.548213350947663,11.644448829313376,275194690
2022-10-27,13.376680374145508,13.617268157261574,12.799270245328682,12.991740288267623,155615494
2022-10-28,12.799269676208496,13.328562959082703,12.414328689677475,13.328562959082703,59031746
2022-10-31,13.184209823608398,13.472915335786295,12.703034275901745,12.895504311430502,58104027
2022-11-01,13.232327461242676,14.098443073416208,12.895504213303237,13.232327461242676,107394998
2022-11-02,13.232327461242676,13.713503005287864,13.184209723284253,13.32856293715952,40745198
2022-11-03,14.19467830657959,14.339030600216667,13.136091760676024,13.232327234947075,65188961
2022-11-04,14.290913581848145,14.77208911096398,13.954090344359264,14.290913581848145,88190601
2022-11-07,14.579618453979492,14.916441698142117,14.435266159492372,14.435266159492372,53952252
2022-11-09,14.339031219482422,14.772089954635343,14.050326619739861,14.723972215421735,51221857
2022-11-10,13.809739112854004,14.24279693874858,13.47291584950847,14.24279693874858,52709789
2022-11-11,13.857854843139648,14.387148107640497,13.713502551807366,14.1465603435737,31132854
2022-11-14,13.665386199951172,13.954091729635476,13.472916152751495,13.761621682435798,24910613
2022-11-15,13.424798965454102,13.713504507051208,13.280446653540357,13.665386763823422,21081556
2022-11-16,13.905973434448242,14.435266731490122,13.232327837199279,13.424797876731905,69525060
2022-11-17,13.857854843139648,14.098442607206444,13.713502551807366,13.905972579506905,22530233
2022-11-18,14.002209663391113,14.339032021179051,13.905974179583366,13.954091921487239,30126887
2022-11-21,14.339031219482422,14.483384437123242,13.76162110222776,14.050326619739861,57110719
2022-11-22,14.146561622619629,14.868324980077464,14.050327058953659,14.435267149156678,59808394
2022-11-23,14.290913581848145,14.627735901567537,14.19467810891718,14.19467810891718,29887064
2022-11-24,14.339031219482422,14.579618997780916,14.242796658824748,14.387148958696029,32963643
2022-11-25,15.541970252990723,15.782558033487604,14.290914528622578,14.339031350506316,101373347
2022-11-28,15.638205528259277,16.119381082974947,15.59008870700334,15.782557827566164,50083369
2022-11-29,16.841144561767578,17.0817323412214,15.493853363933988,15.830676622277158,93917698
2022-11-30,16.21561622619629,17.418555088146473,16.071263929870074,17.274202791820258,102273890
2022-12-01,16.167497634887695,16.696791837580573,15.926909861537943,16.408085408237447,45685540
2022-12-02,16.119380950927734,16.311851905452944,15.83067635467898,16.215616428190337,35886221
2022-12-05,17.32231903076172,17.562906795077854,16.16749702782868,16.26373250066293,76267058
2022-12-06,17.659143447875977,17.995966707532506,17.129849229690258,17.322320188219447,78323080
2022-12-07,17.32231903076172,17.947846850875877,17.17796673927983,17.70725908655974,60026575
2022-12-08,17.418556213378906,17.70726082468155,17.177968425446984,17.32232073109831,42512303
2022-12-09,17.466672897338867,18.38090721839884,16.696792716317205,17.61102520183804,87640093
2022-12-12,17.803495407104492,17.995966361937462,17.081732079789447,17.322319855561126,49333029
2022-12-13,18.81396484375,19.006435814057404,17.947849148445098,17.995967808791555,115557890
2022-12-14,19.391374588012695,19.824433323707446,18.813963552266056,18.95831768785703,101521081
2022-12-15,19.87255096435547,20.97925442442356,19.34325856383482,19.535727693324528,104164413
2022-12-16,18.717729568481445,20.40184398801693,18.092199887079882,19.728197485987117,102823588
2022-12-19,18.236553192138672,19.247021063771065,17.514789902247255,18.862081009603436,48023538
2022-12-20,18.044082641601562,18.236553590660915,17.3223193359375,18.236553590660915,36745633
2022-12-21,16.937379837036133,18.71772975069891,16.69679206047465,18.188435540940212,74183871
2022-12-22,16.359970092773438,17.466673584882624,15.68632353120826,17.27420444982058,74048416
2022-12-23,14.916441917419434,16.263733078336607,14.723971882684054,15.975028485118298,70942536
2022-12-26,17.03361701965332,17.322321646207747,15.06079595306722,15.15703144043178,78485131
2022-12-27,17.370437622070312,18.092200988674993,17.081733009644104,17.707260893593663,66733218
2022-12-28,17.27420425415039,17.75537983966389,16.889262317308237,17.27420425415039,45810608
2022-12-29,17.370437622070312,17.466673104725434,16.889262044333858,17.22608531585721,33572172
2022-12-30,18.092201232910156,18.38090768477291,17.707261132632336,17.707261132632336,71521914
2023-01-02,18.525259017944336,18.717729975723028,18.044083459036692,18.09220028071182,39595015
2023-01-03,19.631961822509766,20.401843794014265,19.006433982595443,19.054550802766148,133198950
2023-01-04,19.198904037475586,19.872548666091166,19.054549912628943,19.82443184816825,58896718
2023-01-05,18.76584815979004,19.391376064675196,18.525260362869655,19.343259239506807,42804737
2023-01-06,18.525259017944336,18.910199097962632,18.284671238490514,18.862082276287506,32389982
2023-01-09,18.14031982421875,18.86208319784385,17.995967516601567,18.765847714252672,27923179
2023-01-10,17.94784927368164,18.188437070475064,17.32232136912658,18.188437070475064,35531683
2023-01-11,17.851612091064453,18.09219986499006,17.51479067599984,18.044083044420557,27218809
2023-01-12,17.56290626525879,17.947846309444348,17.51478944806269,17.947846309444348,18825691
2023-01-13,17.803495407104492,18.092200003814888,17.418555332977615,17.611024452271522,26446061
2023-01-16,18.42902374267578,18.765847004740483,17.947848178451665,17.947848178451665,44045945
2023-01-17,17.851612091064453,18.573375412841276,17.56290749656934,18.42902311559372,41984943
2023-01-18,17.659143447875977,17.899731228267914,17.611024790474133,17.611024790474133,17976591
2023-01-19,17.56290626525879,17.75537720512103,17.41855397813157,17.61102308245489,10975553
2023-01-20,17.51479148864746,17.75537927373581,17.418556007504296,17.659143792592644,14324343
2023-01-23,17.466672897338867,17.61102520183804,17.370437415826377,17.61102520183804,23853774
2023-01-24,15.975028991699219,18.044083536812575,15.63820573190423,17.562907975830907,86688089
2023-01-25,16.985496520996094,17.322319772570552,15.87879312485634,15.975028601811765,62546210
2023-01-27,16.26373291015625,17.226083991651166,15.878792844666089,16.985496221277437,38005499
2023-01-30,16.552440643310547,16.841145256346536,15.92691092250063,16.263734194735395,26334278
2023-01-31,17.32231903076172,17.418554503595967,16.552438919165677,16.841143502129448,22017128
2023-02-01,17.08173179626465,17.995966063238086,16.552439432567837,17.370436388183087,35921651
2023-02-02,17.226083755493164,17.51479017730708,16.648672747404326,17.033614643156216,15276867
2023-02-03,17.03361701965332,17.611026272762178,16.8411460449242,17.370438472120405,17184998
2023-02-06,17.177967071533203,17.418554840502747,16.84114382786804,17.12984841641589,12487446
2023-02-07,16.985496520996094,17.37043659327874,16.793027402624297,17.177967474906943,12448691
2023-02-08,16.600557327270508,17.17796838402253,16.50432184522198,17.033616078719312,11728858
2023-02-09,16.359970092773438,16.744910198436735,16.31185326789273,16.64867471313611,8233331
2023-02-10,16.79302978515625,17.0817344214438,16.215618677041835,16.359970995185613,17883346
2023-02-13,16.79302978515625,17.56291003894926,16.60055880393834,17.466674548340304,13991950
2023-02-14,16.985496520996094,17.129848818659703,16.793027402624297,16.937379700287906,8834250
2023-02-15,17.27420425415039,17.322321078486066,16.889262317308237,16.937380977183103,10426548
2023-02-16,17.177967071533203,17.46667166008105,17.12984841641589,17.370436185385433,7181096
2023-02-17,17.177967071533203,17.322319365807125,16.93737930256366,17.033614777259277,7683328
2023-02-20,16.696792602539062,17.274203652140187,16.552440299023562,17.177968171283478,8290839
2023-02-21,16.504322052001953,16.793028501764695,16.408086568747706,16.793028501764695,8675477
2023-02-22,16.02314567565918,16.50432123249903,15.975028854190828,16.50432123249903,9890046
2023-02-23,16.119380950927734,16.263733249052112,15.734440877416377,16.071264130065963,9099195
2023-02-24,15.975028991699219,16.311852251494205,15.926910334277594,16.26373359407258,6243138
2023-02-27,15.878792762756348,15.975028237517218,15.590088174012745,15.975028237517218,10854431
2023-02-28,16.119380950927734,16.45620420357732,15.878793175540753,15.926909996402527,23082752
2023-03-01,16.21561622619629,16.60055629491254,16.16749757039486,16.16749757039486,12218475
2023-03-02,16.071264266967773,16.359968865675835,15.975028788885396,16.215616566321806,9718814
2023-03-03,16.359970092773438,16.552441063374694,16.07126547241077,16.07126547241077,22180062
2023-03-06,17.418556213378906,17.65914400131083,16.3118527559999,16.408086402741347,45920458
2023-03-08,17.803495407104492,17.899730884520977,16.889261124956477,17.22608437814464,26373652
2023-03-09,17.9959659576416,18.284670547865986,17.65914271202048,17.899730482387135,28025505
2023-03-10,18.14031982421875,18.42902443945312,17.226085483411282,17.707261065828018,43532014
2023-03-13,16.937379837036133,18.188435540940212,16.793027538207056,18.188435540940212,31663839
2023-03-14,16.744909286499023,16.98549706887843,16.552440161918963,16.937380246618194,19485048
2023-03-15,16.696792602539062,17.32232047479898,16.600557121682353,17.22608499394227,15805294
2023-03-16,16.600557327270508,16.744909632573727,16.167498575821703,16.600557327270508,18844901
2023-03-17,17.08173179626465,17.226084092223868,16.648673072847963,16.79302720434621,16895232
2023-03-20,16.79302978515625,17.0817344214438,16.504323313329387,16.985498930834847,13845841
2023-03-21,16.696792602539062,16.985497209570063,16.359969337310147,16.937380386911272,13802101
2023-03-22,16.600557327270508,17.033616078719312,16.50432184522198,16.744909632573727,12182545
2023-03-23,16.552440643310547,16.937380739204922,16.359969677593778,16.648674290629767,14823212
2023-03-24,16.21561622619629,16.69679177097636,16.071263929870074,16.648673115174933,11010442
2023-03-27,16.02314567565918,16.600556710974818,15.926910197183394,16.263733454079105,11625225
2023-03-28,15.926910400390625,16.263733661583775,15.878793578308363,16.263733661583775,10880187
2023-03-29,13.857854843139648,14.435265844007754,13.232327023673774,14.435265844007754,156250255
2023-03-31,14.098443984985352,14.627737301211708,13.85785619740697,14.050327161685336,63853838
2023-04-03,14.820207595825195,15.012678563325712,14.146561962882156,14.194679704757286,59224119
2023-04-05,14.72397232055664,15.060794661917852,14.531502280097444,14.964560100573026,31071198
2023-04-06,14.820207595825195,15.012678563325712,14.579619804219139,14.627737546094268,15423780
2023-04-10,14.675854682922363,15.012677944392337,14.579619203139641,15.012677944392337,11978388
2023-04-11,14.62773609161377,14.964559333478718,14.531501535201997,14.772089302885675,15005882
2023-04-12,14.675854682922363,14.820206984826894,14.579619203139641,14.675854682922363,9593299
2023-04-13,14.820207595825195,14.916443079575453,14.627737546094268,14.723973029844528,14700152
2023-04-17,15.253265380859375,15.445734500529646,14.627736611968096,14.8202066494079,38325902
2023-04-18,14.868324279785156,15.493853044114859,14.820206541333715,15.397617567211974,29066173
2023-04-19,15.012678146362305,15.493853716210204,14.916442665284897,14.964560405823601,33299592
2023-04-20,14.916441917419434,15.157029690281037,14.868324179293209,15.108911952154813,15338102
2023-04-21,14.72397232055664,15.060794661917852,14.675854580999454,15.060794661917852,9390872
2023-04-24,15.012678146362305,15.108912709670145,14.675854880360948,14.868324924746195,19694929
2023-04-25,15.108912467956543,15.34950024903155,15.012677906188271,15.060794728187632,18062107
2023-04-26,15.060794830322266,15.157030310512708,14.916442527806158,15.108912570417488,18047998
2023-04-27,15.15703010559082,15.349500145599968,15.060794626701473,15.060794626701473,15323399
2023-04-28,15.830676078796387,16.263732965622598,15.205147323029664,15.30138188084565,63326639
2023-05-02,16.071264266967773,16.215616566321806,15.78255783272064,15.975028788885396,26675759
2023-05-03,15.782557487487793,16.1193807356388,15.734440667268665,16.07126391541967,21538554
2023-05-04,15.878792762756348,16.07126371227809,15.734440468384546,15.830675943145417,12671101
2023-05-05,15.638205528259277,16.07126426171901,15.59008870700334,15.92691012687305,18514544
2023-05-08,15.734440803527832,16.071264054595705,15.638205326717147,15.78255762416365,15438331
2023-05-09,15.638205528259277,16.07126426171901,15.493853228952391,15.878793305617112,13618751
2023-05-10,15.493853569030762,15.686322693818138,15.349500348785895,15.638205871506072,11206373
2023-05-11,15.686323165893555,15.878794132012404,15.590089518373299,15.638206342133428,16167189
2023-05-12,16.985496520996094,17.514790726481404,16.84114422333248,16.985496520996094,142390166
2023-05-15,16.408084869384766,17.177966820143947,16.35996805051062,17.12984816573082,43098373
2023-05-16,16.600557327270508,16.93738059667078,16.50432184522198,16.552440504015816,33042396
2023-05-17,16.26373291015625,16.744908450903708,16.167497434898955,16.648672975646413,29189198
2023-05-18,16.359970092773438,16.600557888255402,16.31185326789273,16.359970092773438,25358772
2023-05-19,16.02314567565918,16.45620441103068,15.878793375715041,16.408085754023244,27143499
2023-05-22,16.119380950927734,16.215616428190337,15.975028652803358,16.071264130065963,19935578
2023-05-23,16.26373291015625,16.552439335928135,16.119380615039816,16.119380615039816,25917331
2023-05-24,16.071264266967773,16.359968865675835,15.975028788885396,16.359968865675835,16267764
2023-05-25,16.119380950927734,16.215616428190337,15.975028652803358,16.119380950927734,14722252
2023-05-26,16.311853408813477,16.40808705940627,16.119382436549436,16.119382436549436,11910153
2023-05-29,16.504322052001953,16.648674359113738,16.31185292103263,16.504322052001953,24348630
2023-05-30,16.45620346069336,16.60055575230123,16.35996798777512,16.552438933611597,10779464
2023-05-31,16.600557327270508,16.793028291367566,16.263734057870234,16.35996953991876,19062092
2023-06-01,18.18843650817871,18.380907473878892,16.841145254894947,16.889262078550413,121159125
2023-06-02,18.332788467407227,18.862082695286745,18.188436163636133,18.284671644663238,80858503
2023-06-05,18.092201232910156,18.429024508980444,17.94784892474837,18.38090768477291,22555246
2023-06-06,17.94784927368164,18.092201584649853,17.851613787856426,18.044084759506855,14769319
2023-06-07,17.75537872314453,18.236554278400057,17.611024588136615,17.9478478439233,20760728
2023-06-08,17.611024856567383,17.995966775070425,17.514791212480727,17.755378993775576,17086790
2023-06-09,17.370437622070312,17.65914407003568,17.22608531585721,17.611025410938538,22716091
2023-06-12,17.94784927368164,18.092201584649853,17.03361674719016,17.418556854951795,31314204
2023-06-13,17.466672897338867,18.23655491389967,17.418556074352193,18.140319432387177,22834869
2023-06-14,17.466672897338867,17.803496164863024,17.418556074352193,17.61102520183804,13226146
2023-06-15,17.27420425415039,17.659144355453353,17.226085594275528,17.562908871242815,13970691
2023-06-16,17.27420425415039,17.562908871242815,17.177968769939852,17.370437902821738,25843356
2023-06-19,17.418556213378906,17.80349630696215,17.32232073109831,17.418556213378906,17198963
2023-06-20,17.466672897338867,17.514791555864683,17.081732806828036,17.418556074352193,22870760
2023-06-21,17.56290626525879,17.995964962179368,17.51478944806269,17.51478944806269,31560258
2023-06-22,17.418556213378906,17.70726082468155,17.274203907727586,17.562908519030227,14394008
2023-06-23,17.27420425415039,17.514792046907143,17.12985011006499,17.466673387032277,10629117
2023-06-26,17.226083755493164,17.370436048630626,17.033614643156216,17.27420241023165,14429470
2023-06-27,17.226083755493164,17.418554703369107,17.12984828155519,17.322319229431137,11371705
2023-06-28,17.129850387573242,17.37043818422758,17.081733562458062,17.3223213591124,14896318
2023-06-30,18.573375701904297,18.765846658255885,17.226084514060407,17.226084514060407,127405917
2023-07-03,19.728199005126953,19.92066997353899,18.76584783414515,18.76584783414515,157220182
2023-07-04,18.958316802978516,20.016901510975703,18.813962674125264,19.824432398403033,68563790
2023-07-05,19.583845138549805,19.728197435604958,18.813963161690573,19.150786411845296,54014822
2023-07-06,19.583845138549805,19.968785209209898,19.391374185450236,19.583845138549805,38146716
2023-07-07,20.883020401000977,21.027372704400886,19.48761051854391,19.680081480103205,127052463
2023-07-10,20.54619598388672,21.12360700064639,20.353725033120487,21.12360700064639,58395814
2023-07-11,20.401844024658203,20.834900917707373,20.305608547689815,20.54619632234126,26933511
2023-07-12,22.037839889526367,22.470898620051397,20.498077757762893,20.498077757762893,143712248
2023-07-13,21.508548736572266,22.8077231662652,21.027373157837044,22.182193445478077,97631485
2023-07-14,21.60478401184082,21.701017658231887,20.834901991938263,21.652900835036352,34001009
2023-07-17,21.364194869995117,21.845370413593756,21.027371622368264,21.70101628208294,39970178
2023-07-18,21.89348793029785,22.037840230862326,21.219841413611512,21.50854785027955,54130867
2023-07-19,21.941606521606445,22.182194320464145,21.460430923891046,21.989725182701527,82131252
2023-07-20,21.027372360229492,22.71148682192116,20.016902581891035,22.037840303028855,110496822
2023-07-21,19.824434280395508,20.44996216783316,19.535727830820242,20.1131388944316,103149068
2023-07-24,19.824434280395508,20.161257553797064,19.535727830820242,19.968786587413554,38640803
2023-07-25,19.43949317932129,20.065021034456972,19.295139044218452,19.968785556234774,22686054
2023-07-26,19.391374588012695,19.631962366612207,18.910199030813676,19.583845545107938,38611946
2023-07-27,19.24702262878418,19.583845891895727,19.05455166828069,19.535727234000298,23925898
2023-07-28,19.05455207824707,19.391375348605507,18.958318431463937,19.295139866283215,18975826
2023-07-31,18.81396484375,19.198906784364805,18.76584801894275,19.15078812401835,27004745
2023-08-01,19.43949317932129,19.535726822004413,18.91019896686873,18.958317623749366,35565938
2023-08-02,19.10266876220703,19.487608816159174,18.8139623450887,19.487608816159174,27606857
2023-08-03,18.910198211669922,19.198904634806723,18.765845917871022,19.10266916042779,22831591
2023-08-04,18.86208152770996,19.58384483742688,18.813962872405423,19.006433822545542,43465900
2023-08-07,18.958316802978516,19.150785915551186,18.813962674125264,19.006433622236933,14644356
2023-08-08,19.53572654724121,19.680080680313758,18.958317357107223,19.054550998436856,38251128
2023-08-09,19.487611770629883,19.680082744555506,19.150788484029665,19.680082744555506,23819828
2023-08-10,19.631961822509766,19.968785070321797,19.39137405057818,19.48760952645862,34981144
2023-08-11,20.257490158081055,20.690548892369534,19.487610003278284,19.728197781096533,67830137
2023-08-14,20.401844024658203,20.49807766608754,19.487609746767088,20.305608547689815,52827666
2023-08-16,20.35372543334961,20.834900984187843,20.01690218065503,20.209373135205947,37675562
2023-08-17,20.573680877685547,21.1099609052533,20.329916890650814,20.573680877685547,40724690
2023-08-18,21.84125328063965,22.86506316146799,21.499983320363533,21.890007194834332,211644270
2023-08-21,21.79250144958496,22.182523468281733,21.548737455428018,22.036265443741904,48296623
2023-08-22,22.962566375732422,23.25508427018953,21.743746464923447,21.841252429742486,120759925
2023-08-23,24.035127639770508,24.376397577814217,22.67004974736722,23.157577698923504,134844859
2023-08-24,23.40134048461914,24.717666258833255,23.15757652123769,24.327644289377226,86336334
2023-08-25,22.767555236816406,23.840117079920528,22.621297226341184,23.303835228482715,56314046
2023-08-28,22.523792266845703,23.15757824691214,22.377534249872156,22.96256631776635,30890845
2023-08-29,22.71880340576172,22.816309374924938,22.32878138888051,22.670051351065947,28900693
2023-08-30,22.62129783630371,23.10882579088119,22.523791873433904,22.767555850722644,28228899
2023-08-31,22.6700496673584,22.86506159120128,22.280027679444174,22.81630768035479,23190748
2023-09-01,22.6700496673584,22.81630768035479,22.280027679444174,22.76755562927984,31591143
2023-09-04,23.596355438232422,23.9863774579198,22.621299459128135,22.81630953908598,69276340
2023-09-05,23.40134048461914,23.93762046014975,23.10882447246998,23.693856496768298,37367028
2023-09-06,23.255084991455078,23.547601035213095,23.157579023611856,23.547601035213095,22716948
2023-09-07,23.49884796142578,23.645105976957804,23.157578018670016,23.352589945893758,24932381
2023-09-08,23.352588653564453,23.791362675878823,23.303834744570768,23.596352619218482,34312610
2023-09-11,23.54759979248047,23.888869732035285,23.3525897268574,23.498847741017588,38290779
2023-09-12,22.280027389526367,23.742611220001557,21.987509507568422,23.693857309789475,54723600
2023-09-13,22.913814544677734,23.011320510439194,21.69499462208849,22.426286575642038,49355680
2023-09-14,23.352588653564453,23.498846661002577,22.71880085504681,23.108824687910424,40603082
2023-09-15,23.98637580871582,24.3763978015869,23.255083874668212,23.498847852684083,92215012
2023-09-18,24.912677764892578,25.838981623609858,23.986375765946857,24.13263378054128,151124892
2023-09-20,25.15644073486328,26.033992506823672,24.37639678175569,24.57140869991833,85269766
2023-09-21,25.05893898010254,26.42401695564515,24.91267909791054,25.05893898010254,140417097
2023-09-22,26.131498336791992,26.326510267870045,24.863926364099484,25.302702279139297,106601397
2023-09-25,25.546464920043945,26.814036826096256,25.400205049538943,26.326508883803598,76920633
2023-09-26,25.40020751953125,25.93648942406574,25.010185499724514,25.741477484276526,39317936
2023-09-27,25.985240936279297,26.42401686175288,25.400206988905072,25.54646687057737,71608968
2023-09-28,25.741474151611328,26.57027199875618,25.595216145590815,26.180250029444323,62248380
2023-09-29,26.472766876220703,26.716530847198374,25.79022887334613,25.936486883978432,56561052
2023-10-03,26.375261306762695,26.814037204933864,26.131497332172387,26.619025281353004,50489806
2023-10-04,25.79022979736328,26.911543732080908,25.54646581765199,26.277757756785864,81690542
2023-10-05,25.79022979736328,26.0827458291082,25.058937858229406,25.93648781323574,41239637
2023-10-06,26.033992767333984,26.180250777533757,25.49771091690614,25.936486807276967,39517252
2023-10-09,25.107690811157227,25.54646673428999,24.9126788764823,25.351454799615063,43329755
2023-10-10,25.643970489501953,25.741476455499665,25.25394848528273,25.351454451280443,25181977
2023-10-11,25.83898162841797,26.082745606044554,25.400205724781493,25.790229576801273,28929143
2023-10-12,25.79022979736328,26.0827458291082,25.497711905846785,25.93648781323574,25742353
2023-10-13,25.546464920043945,25.8877329918316,25.497711009951775,25.692722930777443,16260310
2023-10-16,25.79022979736328,25.98523986526937,25.497711905846785,25.741475885558078,23683424
2023-10-17,25.741474151611328,26.424013992735663,25.546464096841127,25.98523811490267,25021384
2023-10-18,25.35145378112793,25.936487701877503,25.058937750638925,25.887733790281626,29247496
2023-10-19,25.546464920043945,25.83898094151094,24.86392505692562,25.351452999218278,49556035
2023-10-20,25.35145378112793,26.229003732366508,25.107689802463238,25.69272372321281,52885895
2023-10-23,23.54759979248047,25.546465518574923,23.206329852925656,25.44895955587761,46446666
2023-10-25,23.596355438232422,24.522657502518484,22.962567563997286,23.645107493278964,43081724
2023-10-26,23.157577514648438,23.450093539345914,22.475037643992295,22.962565591669104,44148120
2023-10-27,23.645105361938477,24.327645229696856,23.401341389134984,23.401341389134984,35902653
2023-10-30,23.645105361938477,24.035127346469753,23.157577416331495,23.693857412590564,26351304
2023-10-31,23.645105361938477,24.083881256893363,23.450093439787075,23.986375295817666,24381104
2023-11-01,23.54759979248047,23.791363769337973,23.303835815622968,23.64510575517778,23790253
2023-11-02,23.888870239257812,24.083882168793043,23.64510625722457,23.8401181867598,20861071
2023-11-03,24.42514991760254,24.717667807854834,24.03512792370438,24.083881835298875,26503287
2023-11-06,23.98637580871582,24.863925757618638,22.523791940620608,24.668913831297317,25208441
2023-11-07,24.13263511657715,24.42515116196033,23.840119071193968,24.18138717088379,27577707
2023-11-08,24.083881378173828,24.571409326235877,23.93762150593799,24.27889144153573,20607109
2023-11-09,23.840118408203125,24.181386498402322,23.693858529807343,24.181386498402322,13797400
2023-11-10,23.888870239257812,23.98637620402543,23.596354204726556,23.8401181867598,12431210
2023-11-13,24.86392593383789,25.058937861541327,23.888870014863855,24.181386046647436,37050634
2023-11-15,24.86392593383789,25.497711909216697,24.76641996998617,25.1076899135814,30773113
2023-11-16,24.81517219543457,24.961430201387113,24.620160280983548,24.961430201387113,17743416
2023-11-17,24.327646255493164,24.668914343990696,24.132634325118914,24.473904273388047,21504385
2023-11-20,24.27889060974121,24.473902526193537,24.181384651515046,24.27889060974121,14016622
2023-11-21,24.13263511657715,24.522657130345273,23.986377093885558,24.376399107653686,14319321
2023-11-22,23.98637580871582,24.18138587526558,23.645105867539293,24.13263382357103,15831118
2023-11-23,23.840118408203125,24.13263444545147,23.742612442529808,23.986376426827295,10721361
2023-11-24,23.840118408203125,24.13263444545147,23.693858529807343,23.840118408203125,12513240
2023-11-28,23.742610931396484,24.035126950027216,23.596352922081117,23.986374900179257,14706325
2023-11-29,23.937620162963867,24.035126119060198,23.74261011054263,23.888868114801415,12955497
2023-11-30,24.13263511657715,24.27889313926874,23.693859188730716,23.840119071193968,23220650
2023-12-01,24.327646255493164,24.71766825647006,23.98637630722403,24.23014029030604,28745955
2023-12-04,24.81517219543457,25.010182250114145,24.473902275031005,24.863924244161602,30724861
2023-12-05,25.05893898010254,25.40020707915945,24.7664210754902,24.96143301189843,38630806
2023-12-06,24.47390365600586,25.25394763828215,24.376397693278435,25.156441675554724,27791429
2023-12-07,24.27889060974121,24.668912582874395,24.181384651515046,24.5714084844197,21102866
2023-12-08,24.327646255493164,24.668914343990696,24.23014029030604,24.425150360908688,18429176
2023-12-11,24.9614315032959,25.05893746560701,24.37639758920077,24.425149640470554,29602637
2023-12-12,26.22900390625,27.204059827372838,25.058937916765544,25.107689968913053,140000970
2023-12-13,26.521522521972656,27.20406056951574,26.326510588519415,26.47276860872353,65738405
2023-12-14,26.472766876220703,26.814036807543744,26.1802508549561,26.716530847198374,37188173
2023-12-15,26.375261306762695,26.619025281353004,26.326509255753248,26.52152117933411,25807892
2023-12-18,27.10655403137207,27.789093924298566,26.180252016425072,26.521521962888322,67297219
2023-12-19,26.960294723510742,27.545328623757232,26.66777870327325,27.301564653635488,30850352
2023-12-20,25.253948211669922,27.350318088935378,24.91267826426122,27.10655410646796,42602144
2023-12-21,26.22900390625,26.3265098703166,24.230140011856815,25.058937916765544,34484476
2023-12-22,25.985240936279297,26.521522829610525,25.69272489247801,26.277758839852236,24246471
2023-12-26,25.448959350585938,26.08274531334851,25.35145338867519,26.08274531334851,25192458
2023-12-27,25.985240936279297,26.326510893895232,25.643970978663365,25.790230860335658,27492353
2023-12-28,26.033992767333984,26.765284678104358,25.936486807276967,26.42401474779055,33785556
2023-12-29,26.033992767333984,26.229002827676517,25.83898084721995,26.1314968676195,16484070
2024-01-01,26.180252075195312,26.375262145203795,25.93648809285601,26.03399405774605,16170722
2024-01-02,26.375261306762695,26.814037204933864,26.08274528116294,26.570273230343556,39801891
2024-01-03,26.27775764465332,26.667779638572767,26.180251681230565,26.47276771172726,22574283
2024-01-04,26.27775764465332,26.52152162332442,26.22900373305616,26.375261748304506,14439651
2024-01-05,26.424015045166016,26.716531068857538,26.131497161702974,26.472767095857428,17689422
2024-01-08,26.033992767333984,26.521520707847568,25.936486807276967,26.472766797933307,53920732
2024-01-09,26.082744598388672,26.326508566597912,25.936486589417427,26.180250557626664,12565729
2024-01-10,25.643970489501953,26.08274640660584,25.44896041727815,26.08274640660584,20286933
2024-01-11,25.83898162841797,25.98523964303961,25.595217650791383,25.790229576801273,15161915
2024-01-12,26.521522521972656,26.960296582585002,25.79023056118045,25.88773466813544,54781817
2024-01-15,27.15530776977539,27.740341694285995,26.765285773358848,26.8627898776343,51240074
2024-01-16,28.91040802001953,29.15417200308845,27.25281405101384,27.64283605196979,144532113
2024-01-17,27.691587448120117,28.5691373944076,27.447823470830727,28.276621365568957,68663963
2024-01-18,29.982969284057617,31.153037121978247,26.472767630067292,27.594081556541152,277548327
2024-01-19,29.982969284057617,31.0067772474095,29.83671126926043,30.56800320301793,90073870
2024-01-23,29.982969284057617,31.445553151572625,29.64169934301647,30.470497239895952,94313456
2024-01-24,33.8831901550293,34.419470118610406,30.080472782965902,30.22673078578153,210289648
2024-01-25,32.908138275146484,34.12695821126302,32.371858247163864,34.07820615772702,97855133
2024-01-29,32.908138275146484,33.7856901169677,32.371858247163864,33.151902262369795,62896221
2024-01-30,33.1031494140625,33.834441358174885,32.85938543269171,33.15190146642802,52864594
2024-01-31,33.834442138671875,35.004510020151585,32.908138244186134,33.29816211119379,117628005
2024-02-01,36.46709442138672,37.05212651004377,33.59067859314571,34.02945451941015,136087493
2024-02-02,37.73466491699219,39.14849674748922,36.808361047387706,37.05212502783398,140272048
2024-02-05,36.515846252441406,38.80722625848396,36.07707032885746,37.73466619598389,62703638
2024-02-06,36.028316497802734,37.783416386018864,35.83330457254692,36.710856376426534,39062763
2024-02-07,36.028316497802734,36.85711253071107,35.93080867540328,36.27208047448673,32584526
2024-02-08,36.07706832885742,38.70972000487185,35.97956422659666,36.36958435518279,59927703
2024-02-09,34.66323471069336,36.515842312821164,34.12695473730148,36.32083039898515,38800763
2024-02-12,32.079341888427734,34.95575393351658,31.34804993400652,34.85824982741104,28382011
2024-02-13,32.7131233215332,33.10314715290258,30.7142595547367,32.46935935681307,28707310
2024-02-14,33.15190124511719,33.54192510052406,31.786821470736278,32.32310520180651,25187547
2024-02-15,33.639427185058594,33.83443910105447,32.46935940862623,33.395663219949476,39443943
2024-02-16,33.639427185058594,34.61448304549507,33.298159121722996,34.078203066163596,24705683
2024-02-19,30.095006942749023,31.304183894330016,29.9606551879766,31.08025996357575,22254098
2024-02-20,29.960655212402344,30.63241770635519,29.826303457520385,30.229360581937787,19248001
2024-02-21,29.154539108276367,30.54284925453708,28.79626528217405,30.13979213005774,24869042
2024-02-22,31.97594451904297,32.15508143187058,29.602381353962897,29.915870021525453,72750866
2024-02-23,32.51335525512695,33.229902906384524,32.0655148328625,32.602925571305676,55460059
2024-02-26,33.22990417480469,33.409041094456924,32.06551605683674,32.961200655097926,71754298
2024-02-27,31.884326934814453,32.85938278163115,31.348046962973847,32.566866771494716,84684854
2024-02-28,30.470497131347656,31.88432894215081,30.080475140020717,31.786821119604635,51692862
2024-02-29,31.543058395385742,32.07934214183214,29.83671234802892,30.470498341579447,35173906
2024-03-01,31.494304656982422,32.07934042556691,31.34804850449359,32.03058465519425,15636943
2024-03-04,30.61675453186035,31.494304459696917,30.47049652051618,31.396800358648477,16438617
2024-03-05,31.299293518066406,31.591813269456846,29.982969514982017,30.51924952662591,36496051
2024-03-06,29.495441436767578,30.372991388551803,29.251677457951317,30.22673337321636,46477257
2024-03-07,29.056665420532227,29.836711265641895,28.861655354083478,29.495441324642137,28999458
2024-03-11,27.740341186523438,29.349183054650478,27.496577210753536,29.25167709238821,32603251
2024-03-12,27.009048461914062,27.984104336210287,26.81403654314622,27.740340367636232,43545117
2024-03-13,25.595218658447266,27.740342489921023,25.40020672475997,27.15530854863076,52546112
2024-03-14,26.570274353027344,27.10655437587705,24.62016247390607,25.35145442857655,62263075
2024-03-15,29.00791358947754,29.98296950845157,25.741475888960206,26.66777975589417,63367924
2024-03-18,28.325374603271484,29.885464495208193,28.130364529136667,29.690454421073376,37256170
2024-03-19,27.447824478149414,28.422880423090934,27.350318511700937,28.276622403304028,24059228
2024-03-20,27.057802200317383,27.789094151677315,26.862790269379428,27.594082220739356,24110207
2024-03-21,27.54532814025879,28.0816081212048,27.399070132707283,27.54532814025879,18916227
2024-03-22,28.227869033813477,28.666643072715914,27.30156518540021,27.545329160269855,26150382
2024-03-26,27.691587448120117,28.276621365568957,27.59408148525005,28.03285738827957,16828853
2024-03-27,27.057802200317383,27.837846204526,26.91154418199972,27.789094151677315,21033799
2024-03-28,26.570274353027344,27.39907227360821,26.2290044022268,26.619026406096733,47401730
2024-04-01,28.569137573242188,28.715397448348607,27.057801648496078,27.106553700350506,45663526
2024-04-02,27.4965763092041,27.789092326628438,26.570272487741224,26.765284405871775,82228094
2024-04-03,28.374128341674805,28.569138414607163,27.301566431346167,27.496578364050148,64180273
2024-04-04,28.764148712158203,28.959160633776357,28.227868717365556,28.617890700830348,57789668
2024-04-05,28.715396881103516,29.202924829103427,28.520384957994935,28.764148931994892,38505684
2024-04-08,27.837844848632812,28.95916060725292,27.740340747684556,28.95916060725292,37393909
2024-04-09,28.179115295410156,28.812901261995187,27.984105230184056,28.471633182906626,45913167
2024-04-10,28.08160972595215,28.4228796695888,27.935351710042603,28.4228796695888,20863122
2024-04-12,27.64283561706543,28.276621591118953,27.545329653417603,28.0816096638233,30053563
2024-04-15,27.057802200317383,27.25281413125534,26.229004283488475,26.81403821653074,31542437
2024-04-16,26.862791061401367,27.252814934776737,26.52152296185541,26.667780984485344,18325816
2024-04-18,26.911542892456055,27.447822887180635,26.814036931659352,27.009048853252754,29158796
2024-04-19,26.71653175354004,27.20405971203446,26.229003795045617,26.326509758698815,26696838
2024-04-22,28.179115295410156,28.325373309272617,27.252813301100204,27.740341253822773,41539344
2024-04-23,28.08160972595215,28.56913768549834,27.935351710042603,28.471633581406362,29212389
2024-04-24,28.374128341674805,28.95916228001512,28.08161044261884,28.276622375322816,43687083
2024-04-25,29.641698837280273,29.73920479873864,28.276620956177723,28.37412691763609,63808471
2024-04-26,29.690452575683594,30.03172064915115,29.34918264244452,29.885462637697696,55306075
2024-04-29,30.27548599243164,30.665509853663934,29.836711938202715,30.27548599243164,55199913
2024-04-30,29.982969284057617,31.0067772474095,29.83671126926043,30.616755254693143,49743458
2024-05-02,28.471633911132812,30.372991859519416,27.93535203355844,30.177981789305495,85636336
2024-05-03,28.08160972595215,28.520385633452353,27.642835678223516,28.471633581406362,54088138
2024-05-06,27.350317001342773,28.47163276392074,27.20405898963263,28.47163276392074,37998689
2024-05-07,26.960294723510742,27.69158663387598,26.765284663276248,27.496576573641484,35366645
2024-05-08,27.009048461914062,27.301564480294335,26.7165305837623,26.862788592952437,24985419
2024-05-09,26.472766876220703,27.252812699212154,26.375260915875334,27.252812699212154,24975079
2024-05-10,26.570274353027344,26.814038337917506,25.887734451426255,26.521522299957958,24962493
2024-05-13,26.375261306762695,26.765285153924417,25.741475344782202,26.765285153924417,26844635
2024-05-14,27.15530776977539,27.301565785960147,26.42401582908003,26.472767881217756,18070537
2024-05-15,26.960294723510742,27.496576573641484,26.862788763507744,27.252812603519736,15729240
2024-05-16,26.960294723510742,27.301564653635488,26.814036713391996,27.155306643516738,15506172
2024-05-17,27.204059600830078,27.252813512343167,26.81403760758318,27.106553637575463,13575721
2024-05-21,27.54532814025879,27.8378441553618,27.057800208572793,27.350316223675804,21696839
2024-05-22,27.399072647094727,27.789094656281186,27.155308658881733,27.691588689041662,13981802
2024-05-23,27.2528133392334,27.642835330002878,27.15530737659814,27.39907135330051,18732747
2024-05-24,26.960294723510742,27.350316703751236,26.814036713391996,27.252812603519736,16665399
2024-05-27,27.057802200317383,27.496578115041984,26.716532251061764,27.057802200317383,25762877
2024-05-28,26.76528549194336,27.301565498906104,26.61902561752483,27.0578015212373,21743521
2024-05-29,26.375261306762695,26.862789255943312,26.326509255753248,26.765285153924417,18977810
2024-05-30,25.887733459472656,26.52152128371919,25.838981408271327,26.326509359370785,18489333
2024-05-31,26.27775764465332,26.47276771172726,25.692723723888363,26.082745717807814,17595609
2024-06-03,27.057802200317383,27.545330167890672,26.716532251061764,27.20406021863505,32058956
2024-06-04,24.668914794921875,27.204060637269855,23.69385884477047,27.05780261670147,64439836
2024-06-05,25.887733459472656,25.985239421646856,24.62016153052268,25.10768948162214,27464354
2024-06-06,26.521522521972656,26.716532595654268,26.1802525683153,26.277758535041922,20831502
2024-06-07,26.911542892456055,27.009048853252754,26.37526103795996,26.57027295955336,15949505
2024-06-10,26.862791061401367,27.155308966432894,26.677531767296895,27.057802998089052,18299464
2024-06-11,26.570274353027344,26.911544303827892,26.42401633404757,26.90179352125969,16644872
2024-06-12,26.736034393310547,27.301566773513898,26.443518350360126,26.570274806366204,34748533
2024-06-13,27.145557403564453,27.447824222949908,26.921294984658203,27.106554273439052,25906206
2024-06-14,27.018798828125,27.252813887062345,26.931045505737977,27.252813887062345,15382743
2024-06-18,27.009048461914062,27.243061648572578,26.9017917206146,27.20405852091041,15753328
2024-06-19,27.223560333251953,27.964603027654277,26.911542748192343,27.00904870846635,45619371
2024-06-20,27.808595657348633,28.101111693359382,27.252814073065245,27.379570526064143,50716755
2024-06-21,27.057802200317383,28.130364100932933,26.882291834427544,28.032858135463957,33693761
2024-06-24,26.882291793823242,27.18455861252607,26.609277322648403,27.174809689788344,20434899
2024-06-25,26.74578285217285,27.057800433482,26.619024547408834,26.96029447438002,13776390
2024-06-26,26.58002281188965,26.862788042560805,26.52151998136656,26.765283944946134,13553591
2024-06-27,26.326509475708008,26.65802863270235,26.229003513102928,26.580024234572598,16497979
2024-06-28,26.268007278442383,26.706781331137996,26.229004148546814,26.472768131079352,14502285
2024-07-01,26.375261306762695,26.541020883874967,26.22900329396282,26.326509255753248,11743893
2024-07-02,25.9169864654541,26.784785645363385,25.751226883472054,26.619026063381337,32278984
2024-07-03,26.10224723815918,26.29725730490225,25.955989223158987,26.229003688553597,13514360
2024-07-04,26.121747970581055,26.3752608632935,25.99498966445333,26.326508813103764,14061989
2024-07-05,26.394763946533203,26.6482787136092,25.936488325148677,26.190003092224675,24398521
2024-07-08,25.95598793029785,26.589773870244343,25.87798353553169,26.394761953443204,18635503
2024-07-09,26.02424430847168,26.7067823702563,25.85848471950925,26.121750277232817,25484858
2024-07-10,25.653718948364258,26.268005176667632,25.448958112110766,26.258254394973925,21578098
2024-07-11,25.946237564086914,26.10224635611818,25.65371968419966,25.838980822151104,17506049
2024-07-12,25.799978256225586,26.131497411455964,25.673221807353517,26.01449174476968,13764119
2024-07-15,25.897485733032227,26.102248451366922,25.380707265360734,25.790230842258477,29710695
2024-07-16,26.14124870300293,26.41426503020988,25.88773394054753,26.12174899802296,21245490
2024-07-18,25.848731994628906,26.472767172181463,25.77072759743484,26.32650915991402,22701521
2024-07-19,26.53127098083496,27.48682720631778,26.32651012808467,27.05780207608702,105016909
2024-07-22,26.258255004882812,26.56052180532277,26.141247481612012,26.56052180532277,17810936
2024-07-23,26.01449203491211,26.36551275842902,25.253947753882656,26.287506500072766,24314102
2024-07-24,26.511770248413086,26.697029529026672,26.04374200639956,26.219252364683193,21134986
2024-07-25,26.072994232177734,26.37526103684031,25.994989835497986,26.326508986329788,16522662
2024-07-26,26.22900390625,26.472767886530708,25.985239925969292,26.121749019571162,14038758
2024-07-29,26.463016510009766,27.087053550162423,26.39476289462702,26.472767292174662,26930093
2024-07-30,26.50201988220215,26.970046271788785,26.472767535438653,26.61902554971303,30780153
2024-07-31,26.092496871948242,26.78478568854901,26.043742959656335,26.71653207111193,23128878
2024-08-01,25.87798500061035,26.297257483858353,25.848732653502623,26.28750670148911,16332325
2024-08-02,25.673221588134766,25.819479600129522,25.478209665627404,25.819479600129522,17854887
2024-08-05,24.493404388427734,25.2051947305457,24.376396865175437,25.2051947305457,33269372
2024-08-06,24.395898818969727,25.195444351364404,24.376397254820706,25.01018321149174,18739636
2024-08-07,24.43490219116211,24.795673719892704,24.239892112197516,24.766421371150763,17973650
2024-08-08,24.30814552307129,24.53240794884269,24.220390337374365,24.483655894465137,15908411
2024-08-09,24.36664581298828,24.542156166034268,24.278890636465288,24.493404116753258,14403903
2024-08-12,24.22039031982422,24.376399125445335,24.064381514203102,24.35689755979978,13370888
2024-08-13,23.918123245239258,24.327646820722787,23.888870897071993,24.278892907110677,13824675
2024-08-14,23.46959686279297,24.035129250097437,23.41109402542262,24.035129250097437,13830312
2024-08-16,24.356895446777344,24.493404534682057,23.53784835843506,23.645105100409154,14117662
2024-08-19,24.990680694580078,25.058936166499432,24.571408239989882,24.600658725326728,16043280
2024-08-20,25.168272018432617,25.28666346227815,24.961084169005833,25.257066542215803,11929681
2024-08-21,25.622108459472656,25.799697503134293,25.1386726638371,25.168271465046715,14551080
2024-08-22,26.53965187072754,26.628446396819264,25.720770482613503,25.898359534796953,24200641
2024-08-23,25.97728729248047,26.67777722016489,25.898359035453865,26.638312150752547,12861133
2024-08-26,25.306396484375,26.23380492742235,25.19787130572556,26.095680946342274,14922346
2024-08-27,25.326128005981445,25.43465506208662,25.158405229181646,25.30639547181723,8428067
2024-08-28,25.31626319885254,25.50371852062684,25.25706747474418,25.32612946650362,7707127
2024-08-29,25.26693344116211,25.434656225634647,25.158406380092195,25.395191155500818,10057140
2024-08-30,25.286663055419922,25.49385090151309,25.207734800193485,25.3162618568041,8086137
2024-09-02,25.05974578857422,25.35572817156964,24.9808175294684,25.345861903956646,8584555
2024-09-03,25.128807067871094,25.306396116275522,24.842692842395795,25.306396116275522,9875152
2024-09-04,25.00054931640625,25.276799155907288,24.921621059662822,25.040012503878927,8306348
2024-09-05,24.961084365844727,25.18800475163458,24.911754910819763,25.06961142505735,7580778
2024-09-06,24.665103912353516,24.990683208724658,24.566443120344484,24.961084406582522,9384350
2024-09-09,24.418453216552734,24.68483679418304,24.201400976519587,24.665104259144176,8941435
2024-09-10,24.526979446411133,24.7736304806452,24.37898732043225,24.457917457913283,8955367
2024-09-11,24.507247924804688,24.704569513065493,24.41845339826714,24.526980459990394,8942860
2024-09-12,24.556577682495117,24.665104745550952,24.30006036732561,24.596042753351114,7132799
2024-09-13,24.99068260192871,25.24719990220449,24.58617505813176,24.615773859555212,14558541
2024-09-16,24.79336166381836,25.09921030770865,24.744032208635073,24.9906832481477,8860883
2024-09-17,24.68483543395996,24.842691941976174,24.57630837902456,24.793360607097352,8177297
2024-09-18,24.566442489624023,24.773630335703444,24.467781700148016,24.615773825261048,6806658
2024-09-19,24.28032875061035,24.852559082737546,24.092873435076143,24.665103767203338,11729048
2024-09-20,24.22113037109375,24.50724646889471,24.16193465085142,24.2803279731341,11567012
2024-09-23,24.911754608154297,25.049878585984526,24.1718015009814,24.309925478811625,18276796
2024-09-24,24.615774154663086,25.10907622684633,24.576309085625354,24.961084099752902,10091810
2024-09-25,24.517112731933594,24.64537043940422,24.41845194368033,24.615773520186856,7168773
2024-09-26,24.467782974243164,25.01041640371839,24.388854714911986,24.556577501215507,10117713
2024-09-27,24.428319931030273,24.66510471043467,24.36912420662871,24.50724819083174,9332598
2024-09-30,24.250730514526367,24.517114093059686,24.171802255901472,24.517114093059686,8760764
2024-10-01,24.201400756835938,24.4677824502501,24.17180195454632,24.270462747046945,8553986
2024-10-03,24.013944625854492,24.36912271410677,23.89555130250439,24.270461924948023,13328511
2024-10-04,23.708099365234375,24.08300812947619,23.510777774497743,24.073141861759545,11391795
2024-10-07,22.89908218383789,23.87582198097622,22.74122566510401,23.767294918672373,14915604
2024-10-08,23.540376663208008,23.70809945140431,22.691896454474,22.889218045927823,12266122
2024-10-09,23.619304656982422,23.856089434976962,23.579839586417595,23.678500381031522,6445392
2024-10-10,23.25425910949707,23.816623164117203,23.145732052711416,23.658766653409728,12432694
2024-10-11,23.540376663208008,23.609438655677398,23.185198551310393,23.254260543779782,7357318
2024-10-14,23.609437942504883,23.75742819072581,23.471313961738428,23.639034863070208,7753594
2024-10-15,23.629169464111328,23.81662289231339,23.55024120965835,23.61930319707995,5852538
2024-10-16,25.178138732910156,25.326128981244572,23.64890114865959,23.767294476405986,51397303
2024-10-17,24.85256004333496,25.937825027399022,24.75389924809311,25.60237945265562,43561940
2024-10-18,24.665103912353516,24.921621218857762,24.280328893496186,24.921621218857762,17460277
2024-10-21,24.5861759185791,24.76376496973884,24.13233702319331,24.66510417667253,17115149
2024-10-22,23.392383575439453,24.605908114370404,23.28385839818078,24.586175579669526,17255357
2024-10-23,23.402250289916992,23.66863386807419,22.61296770478247,23.402250289916992,14309627
2024-10-24,23.372652053833008,23.708097604087953,23.234526197858727,23.333186985898067,7951983
2024-10-25,22.208459854125977,23.42198251856825,22.1097990618254,23.372653063317006,28029868
2024-10-28,23.540376663208008,23.678500648146787,22.159129286627582,22.238059428647638,18418150
2024-10-29,23.885684967041016,24.17180106660263,23.27399146324409,23.678499004018903,12942140
2024-10-30,24.5861759185791,24.734166167279515,23.77716080267194,23.875821595738252,13782057
2024-10-31,24.171802520751953,24.763765407823875,24.102740528923224,24.586176353522486,10312793
2024-11-01,24.49738121032715,24.61577453748351,24.39872041799653,24.55657693300628,2006167
2024-11-04,23.875822067260742,24.43818615250728,23.678500477231225,24.349391625173812,11581232
2024-11-05,23.757427215576172,24.0238107805187,23.639033892780148,23.875820538372192,13508201
2024-11-06,24.004079818725586,24.07314181079776,23.71796558274113,23.905419023566132,8204213
2024-11-07,24.063274383544922,24.32965795309956,23.935016673276795,24.07314065076525,10285463
2024-11-08,23.66863250732422,24.0731400441746,23.589704253348486,24.063273777202884,7883581
2024-11-11,23.4713134765625,23.796892768637733,23.25425936064697,23.668633176178904,8003466
2024-11-12,22.99774169921875,23.66863280741768,22.88921652474989,23.530508831658384,6370436
2024-11-13,22.32685089111328,23.106269066055205,22.198593180726895,22.76095724021762,13027858
2024-11-14,22.1393985748291,22.682030127206055,22.099933503922625,22.445245347161666,13619916
2024-11-18,22.49457359313965,22.632699452079002,21.97167460436298,22.386048417584934,9562348
2024-11-19,22.622833251953125,22.958278810403392,22.46497673995277,22.49457365982905,9094207
2024-11-21,22.1393985748291,22.662297591752818,21.981542054799508,22.662297591752818,11776581
2024-11-22,22.129531860351562,22.47484369661945,22.090066790241806,22.198593851245516,11966737
2024-11-25,22.524171829223633,22.908946831198655,22.445243575439065,22.691894603740593,12252968
2024-11-26,22.81028938293457,22.908948295121256,22.543905803715013,22.612967794964945,8470693
2024-11-27,23.11613655090332,23.185198543348992,22.6129681864872,22.88921803806806,7252163
2024-11-28,23.708099365234375,23.777161357452748,23.04707448260426,23.283859262409322,13202977
2024-11-29,23.944883346557617,24.043544138635927,23.510776990491916,23.678499772485612,14660113
2024-12-02,23.540376663208008,23.816624633085564,23.510777859950487,23.678500648146787,9618610
2024-12-03,24.053407669067383,24.211266059859273,23.540374955736322,23.55024122277319,21959091
2024-12-04,25.069610595703125,25.17813765132545,24.03367702006502,24.30005870290469,30673970
2024-12-05,25.31626319885254,25.65170877179681,24.78349791828102,25.355728269456872,27025562
2024-12-06,25.947689056396484,26.421260490683803,25.118941398641333,25.40505751272738,40616312
2024-12-09,25.9180908203125,26.23380383928488,25.819430031434123,25.997019075055594,14557107
2024-12-10,25.66157341003418,26.006885228703528,25.513583168261036,25.91809070728004,17151324
2024-12-11,25.740503311157227,25.927958633021095,25.562914256949156,25.65170878405319,9503667
2024-12-12,25.582645416259766,25.839162716118906,25.168271605994697,25.740501926665694,11536410
2024-12-13,25.631975173950195,25.72076969733093,24.99068285759895,25.503717463399173,11848538
2024-12-16,25.493850708007812,25.91809078230407,25.385323652220947,25.65170721726251,9731374
2024-12-17,25.178138732910156,25.49385176450307,25.15840619798607,25.49385176450307,7210977
2024-12-18,25.128807067871094,25.23733412674004,24.80322777306233,25.178138404537922,11880978
2024-12-19,24.882156372070312,25.020282234838643,24.418453091814488,24.55657707278471,14477513
2024-12-20,24.674970626831055,25.2077359024563,24.507247841916083,24.872290332626356,15845615
2024-12-23,24.655237197875977,24.7538979880959,24.369122976216065,24.635504663472382,10971247
2024-12-24,24.47764778137207,24.635504290615575,24.369122607390928,24.467781514319597,5877593
2024-12-26,24.59604263305664,24.783497955109503,23.688366707587708,24.467783035200103,6402320
2024-12-27,24.63550567626953,24.744032738152935,24.487515425754605,24.566443684815773,5539220
2024-12-30,24.47764778137207,24.714432545237326,24.319791272128565,24.48751404842454,9252785
2024-12-31,24.68483543395996,24.74403115401654,24.309924816072947,24.398719337056818,6649555
2025-01-01,24.813093185424805,24.862424520391855,24.586174689970427,24.665102944119692,4964334
2025-01-02,25.602378845214844,25.849029886568367,24.91175517670574,24.931487711645566,27241722
2025-01-03,26.598846435546875,26.71723975911135,25.602377920453556,25.631974839996143,34667612
2025-01-06,25.434656143188477,26.88496359353943,24.901888988897447,26.786302800322783,33688538
2025-01-07,25.178138732910156,25.750369073121835,25.079477940087845,25.434656041528925,11023977
2025-01-08,25.582645416259766,25.779965113368153,25.0202813627139,25.306395582150376,16442247
2025-01-09,25.602378845214844,25.77996601427897,25.089344227567974,25.582646310275017,13030579
2025-01-10,25.178138732910156,25.53331495255313,24.734166106108805,25.306396446320488,20296932
2025-01-13,25.158405303955078,25.3063955470305,24.655236972060212,24.665103239171646,20150924
2025-01-14,25.207735061645508,25.405056642657215,24.78349686152704,25.158405607291613,13231677
2025-01-15,25.681306838989258,25.997019867586292,25.11894088977795,25.19787102872529,13710617
2025-01-16,26.322599411010742,26.638312442575796,25.7701016057719,25.94768877467866,16058783
2025-01-17,26.293001174926758,26.411394505212662,26.01675320725655,26.3127337102741,10768266
2025-01-20,26.648178100585938,26.73697262390762,26.223938018448592,26.302866274534747,14191077
2025-01-21,25.45438575744629,26.884962496201936,25.128806470378887,26.6975071849213,25706235
2025-01-22,26.43112564086914,26.638311605650024,25.41492270587297,25.65170747210743,43695022
2025-01-23,25.55304718017578,26.421259888413253,25.454386388539966,26.421259888413253,13645934
2025-01-24,25.493850708007812,26.075947291558766,25.365591118114605,25.66157348431568,15747613
2025-01-27,24.22113037109375,25.43465486774863,24.053407595575468,25.43465486774863,17266627
2025-01-28,25.760234832763672,26.371928348966893,23.579838693386083,24.566442838563727,29858170
2025-01-29,26.243671417236328,26.480456193293126,25.41492376013848,25.48398575126361,21655387
2025-01-30,25.533313751220703,26.26340245467656,25.4445211118362,26.204204852689532,9722617
2025-01-31,25.533313751220703,25.770100395572776,25.316261522662327,25.414922310842684,11195955
2025-02-01,25.237333297729492,25.750367891423593,24.911754013615546,25.63197456911033,8133941
2025-02-03,24.931488037109375,25.25706734067432,24.862426045716525,24.91175550191195,5908392
2025-02-04,25.395191192626953,25.582646512440455,25.158406416872165,25.158406416872165,10509639
2025-02-05,25.335994720458984,25.839163059743573,25.276798998719052,25.395190442198917,10850229
2025-02-06,25.997020721435547,26.510055350654937,25.237335045298927,25.444522903244433,19959256
2025-02-07,25.335994720458984,26.006885839505102,25.257066464206385,25.898358781483505,11027829
2025-02-10,24.85256004333496,25.454387318893765,24.724300444981107,25.405057862171915,7064939
2025-02-11,24.13233757019043,24.961085239855336,24.073141845728124,24.95122085394341,7669489
2025-02-12,24.862424850463867,25.01041509373369,23.540375164563763,24.19153374038942,16948178
2025-02-13,24.59604263305664,25.12880791441985,24.428319846335267,24.82296114397434,7427637
2025-02-14,23.796892166137695,24.793360669837366,23.698231377928394,24.596040975216784,9582697
2025-02-17,23.678499221801758,24.004078510829608,23.293724211622852,23.678499221801758,9859532
2025-02-18,23.589704513549805,23.826489278088808,23.33318721484971,23.70809783671832,9906830
2025-02-19,23.856088638305664,24.004078884385365,23.43184855289193,23.579838798971632,6520696
2025-02-20,23.944883346557617,24.023811603860647,23.579838980407306,23.68836603987325,7141296
2025-02-21,23.71796417236328,24.309925144523028,23.678499103927013,23.94488267047772,8432080
2025-02-24,23.540376663208008,23.89555289330746,23.491045324445473,23.717965719156815,8097924
2025-02-25,23.5798397064209,23.80675821792907,23.530510249761953,23.54037651745337,6871701
2025-02-27,24.240863800048828,24.418452849130194,23.5897052079492,23.5897052079492,16285786
2025-02-28,23.481178283691406,24.152069414390834,23.283858580531522,24.152069414390834,9535809
2025-03-03,23.343053817749023,23.76729389932555,22.987875724931826,23.530509131380107,13160779
2025-03-04,23.20492935180664,23.678498877729712,23.135867364500946,23.20492935180664,6371499
2025-03-05,24.161935806274414,24.23099779682601,23.24439363055038,23.24439363055038,10510384
2025-03-06,24.94135284423828,25.217600793633654,24.221130406090875,24.270461741195778,16701199
2025-03-07,25.158405303955078,25.483984591440223,24.714432692930774,24.872289203117628,19138372
2025-03-10,24.102739334106445,25.44452156071512,24.02381107852935,24.882155622705508,13673703
2025-03-11,23.639034271240234,24.004078630724127,23.579838549793514,23.925150374862483,12310661
2025-03-12,23.609437942504883,23.875821518381418,23.579839140141456,23.777160725634765,5089450
2025-03-13,23.46144676208496,23.767293513829017,23.43184796089759,23.767293513829017,4013647
2025-03-17,23.24439239501953,23.648899931147525,23.185196675092946,23.53050849129436,7135220
2025-03-18,23.24439239501953,23.24439239501953,23.24439239501953,23.24439239501953,0
2025-03-19,23.678499221801758,24.023811045145976,23.639034153169025,23.74756121011099,9669011
2025-03-20,23.599571228027344,24.04354384607851,23.550241773487468,23.856088531590455,11628310
2025-03-21,23.727828979492188,23.90541802701639,23.550241813766057,23.629170070243692,15744120
2025-03-24,23.757427215576172,24.112605302166212,23.72782841442766,23.925149991821687,12335270
2025-03-25,23.53050994873047,24.004079501071164,23.510777413600078,23.846222983624266,10034114
2025-03-26,23.234527587890625,23.67850021972981,23.185198131818773,23.520643702142127,10821236
2025-03-27,23.145732879638672,23.382519535957602,23.056940235766714,23.18519794962453,12413489
2025-03-28,22.760957717895508,23.540375909194864,22.65243065789228,23.145732738927894,15843701
2025-04-01,23.31345558166504,23.688366218022523,22.721494588339507,22.83988603428537,8997413
2025-04-02,23.333187103271484,23.569971866678195,23.00760781836251,23.185196861367043,6324834
2025-04-03,23.92514991760254,24.11260522736555,23.106268573014248,23.195063094386306,11815080
2025-04-04,23.372652053833008,24.013944353391693,23.29372379976114,23.92514983233609,7311621
2025-04-07,22.59323501586914,22.790556601708285,22.001272140149815,22.64256635322798,14939741
2025-04-08,23.047073364257812,23.264125598097245,22.65243020193439,22.978011375390633,10042015
2025-04-09,23.047073364257812,23.23452679638357,22.721494072599633,23.076670284173424,5405507
2025-04-11,23.27399253845215,23.65876756286786,23.19506428006436,23.65876756286786,8853995
2025-04-15,23.865955352783203,24.06327505732054,23.431848991924085,23.76729455961548,10356526
2025-04-16,24.092872619628906,24.36912244991894,23.777159603182017,23.865954124282457,12854011
2025-04-17,24.674970626831055,24.813094609067576,24.092874013408398,24.092874013408398,15313807
2025-04-21,25.631975173950195,25.84902928968002,24.77363062366719,24.911754601460306,17072580
2025-04-22,26.056215286254883,26.588982427150338,25.42478923642151,25.63197520334881,33383624
2025-04-23,25.701038360595703,26.24367179341061,25.612243833076867,26.184476068997437,21679293
2025-04-24,25.71090316772461,26.214071501148215,25.55304665705815,25.79969769019925,14037650
2025-04-25,24.980817794799805,25.997020788154096,24.763765550402937,25.849030535983587,16746068
2025-04-28,25.227468490600586,25.33599555218489,24.81309466122193,24.980817446489436,8950681
2025-04-29,25.27680015563965,25.947689423594344,25.227468817100085,25.3557284155048,8681497
2025-04-30,25.128807067871094,25.523450234013417,24.862425377062525,25.286663581608792,14152100
2025-05-02,25.24720001220703,25.37545772200472,24.832826199463497,24.901888187954413,10015692
2025-05-05,25.10907554626465,25.405056028832814,25.040011677320596,25.296528973718747,9664944
2025-05-06,24.270462036132812,25.1584053790332,24.181667513662973,25.148539111892322,9895342
2025-05-07,24.33952522277832,24.448052284873697,23.708099149055705,23.708099149055705,8023480
2025-05-08,23.875822067260742,24.665104663782525,23.787027539927273,24.44805242018857,6676292
2025-05-09,23.994213104248047,24.112606432594493,23.481178484410307,23.678500071055012,9787374
2025-05-12,25.178138732910156,25.306396446320488,24.66510411567262,24.66510411567262,10391928
2025-05-13,26.095680236816406,26.14500969106145,24.82295999387525,24.82295999387525,19136641
2025-05-14,26.391660690307617,26.519918400250678,26.14500965581876,26.362061888721655,15647427
2025-05-15,27.378265380859375,27.516389360785617,25.809564619304126,26.440990678164773,50385256
2025-05-16,27.180944442749023,27.86170185476586,27.013221656652068,27.624917077063948,28377274
2025-05-19,28.384601593017578,28.956831919622747,27.3782649173953,27.496658242326532,51244029
2025-05-20,28.305673599243164,29.154151888885444,27.871567246204133,28.52272583486364,34083643
2025-05-21,28.2563419342041,28.542458037730785,27.950495178067136,28.315539537429103,17755945
2025-05-22,28.128084182739258,28.59178744986418,27.94062886973214,28.26620815979816,14726887
2025-05-23,28.394468307495117,28.463530297376963,28.039290208904955,28.236611792965732,10580773
2025-05-26,28.57205581665039,28.789109938072347,28.335271042024893,28.463530637737524,15563438
2025-05-27,28.57205581665039,28.710181679863847,28.36486984452737,28.660850342359716,11732378
2025-05-28,28.463529586791992,28.75951007369599,28.384601331497723,28.572054761697835,8710174
2025-05-29,27.95049476623535,28.6707153253451,27.87156651156302,28.6707153253451,8896305
2025-05-30,29.08509063720703,29.548795803964687,27.80250596199242,28.019558203118518,36984744
2025-06-02,29.24294662475586,29.795446307824623,28.64111936833173,29.203483436992713,24233759
2025-06-03,29.08509063720703,29.499464466119125,29.02589491359048,29.35147421617869,14417332
2025-06-04,28.88776969909668,29.252812174593405,28.828572096206905,29.20348272064997,12833413
2025-06-05,28.769376754760742,29.193616838745587,28.710181032887856,28.92723326762049,11997172
2025-06-06,28.759510040283203,29.203482651921433,28.522725274675494,29.035759874391218,15423095
2025-06-09,30.02236557006836,30.170355821061577,28.956833128399794,28.956833128399794,32412679
2025-06-10,30.328210830688477,30.762317176227644,30.091426064521123,30.239416308150965,27032533
2025-06-11,30.37754249572754,30.782050044206443,30.012498134471958,30.574862195440286,24713957
2025-06-12,29.45013427734375,30.515666684921502,29.25281269446717,30.39727335883594,19486696
2025-06-13,29.7559814453125,29.894105426141746,28.374735991625737,28.710181558037995,20504326
2025-06-16,29.39093780517578,29.844774799693184,28.779242419306637,29.558658700003317,16836517
2025-06-17,29.410669326782227,29.963169008347897,29.302144149380254,29.390938673853377,13509465
2025-06-18,29.23307991027832,29.667186259822298,29.134421001480288,29.331740700874413,10412615
2025-06-19,28.650985717773438,29.479731481153788,28.414199063324087,29.20348352062637,19085209
2025-06-20,28.82857322692871,29.193617598541344,28.493127657921896,28.650986056688147,15782276
2025-06-23,28.700315475463867,28.85817199222793,28.414199362705176,28.512860156132245,13248158
2025-06-24,29.4797306060791,29.88424003104042,29.075223062915825,29.10482186429291,13108179
2025-06-25,30.16048812866211,30.239416384249854,29.52906208396016,29.54879461830661,16750343
2025-06-26,29.4797306060791,30.52553233982625,29.41066861799728,30.249282505700922,12234136
2025-06-27,29.667186737060547,30.022364836200797,29.479731420092293,29.84477578663067,16373997
2025-06-30,30.37754249572754,31.078030534674593,29.66718630772707,29.66718630772707,27779949
2025-07-01,31.17669105529785,31.304948764909938,30.140755584039113,30.58472819769258,25100486
2025-07-02,30.62419319152832,31.817983289193126,30.387406543626465,31.571332255943567,33544619
2025-07-03,30.288747787475586,30.831379310623333,30.209819531712313,30.683389066291955,10355161
2025-07-04,30.26901626586914,30.5353998436575,30.111159749060807,30.486068506031074,7290359
2025-07-07,29.992765426635742,30.476201228565625,29.913837170847152,30.22955019400152,6983103
2025-07-08,29.69678497314453,30.219683962690652,29.598124182842113,29.99276546225373,7785688
2025-07-09,29.854642868041992,30.03223192245424,29.450135302679936,29.78558087617015,7670025
2025-07-10,29.64745330810547,29.933569408627733,29.598123854400683,29.85464115362125,5202302
2025-07-11,29.598125457763672,29.844776503245036,29.400803868659327,29.598125457763672,7512716
2025-07-14,29.785579681396484,29.992765648701265,29.430401586819066,29.647453821395228,7246042
2025-07-15,30.219684600830078,30.732719215797793,29.854642115340116,29.90397157063397,12187226
2025-07-16,30.436738967895508,30.653791207470487,30.25914991651684,30.288748719012656,12351767
2025-07-17,30.219684600830078,30.92017453315102,29.854642115340116,30.67352349308555,28010112
2025-07-18,29.45013427734375,30.367676438663107,29.292277763761717,30.32821136936856,15290038
2025-07-21,28.690448760986328,29.49946386724842,28.52272597931262,29.49946386724842,17779331
2025-07-22,28.89763641357422,29.154151836208534,28.769376820458984,28.93709960098024,10535445
2025-07-23,29.104822158813477,29.193616682045228,28.759510333112008,28.946965646801043,6416260
2025-07-24,29.4797306060791,29.548794475958964,29.04562614333678,29.19361638662612,7595843
2025-07-25,29.331741333007812,29.48959784864433,29.16401854991925,29.479731581192286,9266854
2025-07-28,29.20348358154297,29.440268354688143,29.085090254071332,29.312008759777363,9229787
2025-07-29,29.223215103149414,29.38107161310609,28.86803701484788,29.203482568955323,8505003
2025-07-30,29.76584815979004,29.992766669359654,29.203484078770504,29.223216613984764,17290557
2025-07-31,29.312007904052734,29.529062017781115,28.956831695602915,29.321874171203845,6915204
2025-08-01,28.838438034057617,29.4008020825027,28.710180326190397,29.31200756098,6311296
2025-08-04,28.512859344482422,29.006161415777267,28.41419855386384,28.838438636265096,7112365
2025-08-05,28.463529586791992,28.887769664672952,28.39446759863426,28.512859040676645,5015283
2025-08-06,28.57205581665039,28.789109938072347,27.970228553484873,28.650985956657003,9335888
2025-08-07,28.798974990844727,28.907500165180046,28.364868648109343,28.414198101734666,8674741
2025-08-08,28.808841705322266,29.154151649658168,28.59178758968477,28.700314647503518,7409458
2025-08-11,29.104822158813477,29.20348294927076,28.82857232189269,28.907500577898908,6883724
2025-08-12,29.46000099182129,29.548795517283697,29.17388488048729,29.252813138476306,7581090
2025-08-13,29.510000228881836,29.850000381469727,29.399999618530273,29.649999618530273,5704559
2025-08-14,29.299999237060547,30.149999618530273,28.8700008392334,29.760000228881836,8802453
2025-08-18,29.68000030517578,29.899999618530273,29.530000686645508,29.530000686645508,5018688
2025-08-19,29.81999969482422,29.899999618530273,29.510000228881836,29.649999618530273,11442599
2025-08-20,30.1200008392334,30.270000457763672,29.520000457763672,29.899999618530273,10071344
2025-08-21,29.770000457763672,30.25,29.68000030517578,30.229999542236328,5981612
2025-08-22,29.899999618530273,30.09000015258789,29.65999984741211,29.739999771118164,5700295
2025-08-25,29.739999771118164,30.020000457763672,29.700000762939453,29.8799991607666,4741251
2025-08-26,29.43000030517578,29.850000381469727,29.299999237060547,29.690000534057617,6415280
2025-08-28,29.270000457763672,29.399999618530273,29.0,29.260000228881836,6418400
2025-08-29,29.270000457763672,29.469999313354492,29.190000534057617,29.329999923706055,4947664
2025-09-01,29.440000534057617,29.670000076293945,29.299999237060547,29.299999237060547,4939036
2025-09-02,29.479999542236328,29.700000762939453,29.209999084472656,29.450000762939453,3662470
2025-09-03,29.459999084472656,29.65999984741211,29.399999618530273,29.479999542236328,2819938
2025-09-04,28.670000076293945,29.610000610351562,28.549999237060547,29.600000381469727,10860750
2025-09-05,28.59000015258789,28.969999313354492,28.110000610351562,28.670000076293945,7564844
2025-09-08,28.6200008392334,28.84000015258789,28.43000030517578,28.610000610351562,3936862
2025-09-09,28.6299991607666,28.790000915527344,28.549999237060547,28.610000610351562,2869333
2025-09-10,28.829999923706055,29.0,28.649999618530273,28.700000762939453,7032094
2025-09-11,29.010000228881836,29.299999237060547,28.889999389648438,28.93000030517578,3708880
2025-09-12,28.920000076293945,29.229999542236328,28.709999084472656,29.1200008392334,3173505
2025-09-15,28.90999984741211,29.0,28.75,28.899999618530273,3512588
2025-09-16,28.8799991607666,29.0,28.829999923706055,28.899999618530273,3240651
2025-09-17,29.280000686645508,29.399999618530273,28.90999984741211,28.90999984741211,6850371
2025-09-18,29.59000015258789,29.690000534057617,29.299999237060547,29.5,6427082
2025-09-19,29.850000381469727,29.959999084472656,29.5,29.59000015258789,8282367
2025-09-22,29.549999237060547,29.959999084472656,29.479999542236328,29.799999237060547,6071923
2025-09-23,29.959999084472656,30.299999237060547,29.329999923706055,29.540000915527344,14567291
2025-09-24,29.8799991607666,30.25,29.809999465942383,30.110000610351562,8512757
2025-09-25,29.639999389648438,29.950000762939453,29.520000457763672,29.899999618530273,4381174
2025-09-26,28.989999771118164,29.600000381469727,28.899999618530273,29.520000457763672,6079742
2025-09-29,28.639999389648438,29.09000015258789,28.5,29.0,9156594
2025-09-30,28.950000762939453,29.200000762939453,28.709999084472656,28.799999237060547,6686881
2025-10-01,29.3700008392334,29.420000076293945,28.93000030517578,29.100000381469727,5868842
2025-10-03,29.780000686645508,29.850000381469727,29.260000228881836,29.5,8987390
2025-10-06,29.989999771118164,30.260000228881836,29.850000381469727,30.079999923706055,9202700
2025-10-07,31.139999389648438,31.329999923706055,30.09000015258789,30.239999771118164,35285391
2025-10-08,30.829999923706055,31.399999618530273,30.75,31.389999389648438,11294904
2025-10-09,31.110000610351562,31.15999984741211,30.729999542236328,30.93000030517578,8870092
2025-10-10,34.2599983215332,34.439998626708984,31.110000610351562,31.1299991607666,115797112
2025-10-13,33.060001373291016,34.41999816894531,32.95000076293945,34.2599983215332,31069687
2025-10-14,32.16999816894531,33.25,32.029998779296875,33.189998626708984,19943960
2025-10-15,32.779998779296875,33.099998474121094,32.0099983215332,32.25,23950928
2025-10-16,32.95000076293945,33.619998931884766,31.5,33.06999969482422,46851352
2025-10-17,32.650001525878906,32.900001525878906,31.93000030517578,32.900001525878906,23810436
2025-10-20,37.72999954223633,38.959999084472656,32.7599983215332,32.90999984741211,255007916
2025-10-21,38.84000015258789,39.68000030517578,38.31999969482422,39.0,54812434
2025-10-23,38.31999969482422,40.29999923706055,38.13999938964844,38.5,91477909
2025-10-24,38.11000061035156,38.599998474121094,37.77000045776367,38.04999923706055,30680736
2025-10-27,38.18000030517578,40.189998626708984,37.900001525878906,38.400001525878906,64795408
2025-10-28,38.9900016784668,39.900001525878906,38.220001220703125,38.5,53816574
2025-10-29,39.11000061035156,39.88999938964844,38.290000915527344,39.279998779296875,64911917
2025-10-30,37.279998779296875,39.15999984741211,37.099998474121094,39.099998474121094,37004908
2025-10-31,36.619998931884766,38.099998474121094,36.5,37.36000061035156,29444816
2025-11-03,37.58000183105469,37.970001220703125,36.650001525878906,36.689998626708984,27061734
2025-11-04,36.70000076293945,37.63999938964844,36.630001068115234,37.630001068115234,19493594
2025-11-06,36.77000045776367,37.529998779296875,36.31999969482422,36.779998779296875,31616504
2025-11-07,39.060001373291016,39.38999938964844,36.43000030517578,37.099998474121094,64850958
2025-11-10,38.2400016784668,39.38999938964844,38.0099983215332,39.29999923706055,30076485
2025-11-11,38.77000045776367,38.95000076293945,38.16999816894531,38.2400016784668,32458473
2025-11-12,39.279998779296875,39.86000061035156,38.349998474121094,38.95000076293945,51713406
2025-11-13,38.310001373291016,39.400001525878906,38.20000076293945,39.400001525878906,25017708
2025-11-14,38.0,39.150001525878906,37.779998779296875,38.400001525878906,27678787
2025-11-17,38.650001525878906,39.13999938964844,38.0,38.08000183105469,35706371
2025-11-18,39.2400016784668,39.900001525878906,38.400001525878906,38.95000076293945,64892947
2025-11-19,41.08000183105469,41.5,39.33000183105469,39.33000183105469,160686044
2025-11-20,37.77000045776367,41.650001525878906,37.5,41.349998474121094,101744620
2025-11-21,38.189998626708984,38.75,37.77000045776367,37.95000076293945,44006789
2025-11-24,38.310001373291016,38.869998931884766,37.63999938964844,38.400001525878906,28646505
2025-11-25,38.650001525878906,39.150001525878906,38.2400016784668,38.29999923706055,30001360
2025-11-26,39.779998779296875,40.15999984741211,38.619998931884766,38.79999923706055,42867611
2025-11-27,40.099998474121094,40.25,39.540000915527344,39.9900016784668,27604773
2025-11-28,39.58000183105469,40.369998931884766,39.40999984741211,40.369998931884766,25235537
2025-12-01,39.880001068115234,40.209999084472656,39.59000015258789,39.75,20123957
2025-12-02,39.7400016784668,40.34000015258789,39.61000061035156,39.9900016784668,20612802
2025-12-03,39.65999984741211,40.150001525878906,39.15999984741211,39.869998931884766,29388393
2025-12-04,39.970001220703125,40.2400016784668,39.459999084472656,39.58000183105469,21651344
2025-12-05,39.709999084472656,40.0,39.47999954223633,40.0,25275221
2025-12-08,38.619998931884766,40.060001373291016,38.470001220703125,39.95000076293945,24574349
2025-12-09,39.779998779296875,39.939998626708984,37.849998474121094,38.59000015258789,30514785
2025-12-10,39.060001373291016,39.79999923706055,38.970001220703125,39.65999984741211,16210753
2025-12-11,39.630001068115234,40.0,38.97999954223633,39.04999923706055,21160224
2025-12-12,39.959999084472656,41.060001373291016,39.77000045776367,39.779998779296875,38445107
2025-12-15,39.88999938964844,40.099998474121094,39.40999984741211,39.939998626708984,10618868
2025-12-16,39.18000030517578,39.86000061035156,39.02000045776367,39.79999923706055,12818811
2025-12-17,39.25,39.70000076293945,39.06999969482422,39.18000030517578,11018477
2025-12-18,39.13999938964844,39.38999938964844,38.720001220703125,39.220001220703125,13276126
2025-12-19,40.02000045776367,40.150001525878906,39.08000183105469,39.130001068115234,21817573
2025-12-22,39.81999969482422,40.34000015258789,39.40999984741211,39.93000030517578,18106200
2025-12-23,39.36000061035156,39.97999954223633,39.310001373291016,39.880001068115234,12030663
2025-12-24,38.119998931884766,39.459999084472656,38.0,39.36000061035156,21777935
2025-12-26,37.63999938964844,38.2400016784668,37.439998626708984,38.09000015258789,13952361
2025-12-29,37.16999816894531,37.95000076293945,37.0099983215332,37.689998626708984,10336761
2025-12-30,37.7599983215332,37.880001068115234,36.939998626708984,37.15999984741211,8573596
2025-12-31,38.31999969482422,38.939998626708984,37.59000015258789,37.88999938964844,15550950
2026-01-01,37.93000030517578,38.47999954223633,37.880001068115234,38.31999969482422,6218391
2026-01-02,38.599998474121094,39.58000183105469,38.15999984741211,38.70000076293945,33605690
2026-01-05,39.709999084472656,39.790000915527344,38.75,38.79999923706055,29161334
2026-01-06,42.119998931884766,42.5,39.41999816894531,39.849998474121094,101605716
2026-01-07,42.63999938964844,43.2599983215332,41.40999984741211,42.099998474121094,39823785
2026-01-08,42.33000183105469,43.040000915527344,41.599998474121094,42.54999923706055,28032119
2026-01-09,41.43000030517578,42.959999084472656,41.16999816894531,42.20000076293945,23000415
2026-01-12,41.119998931884766,41.58000183105469,39.599998474121094,41.45000076293945,31622769
2026-01-13,40.470001220703125,41.560001373291016,40.0,41.13999938964844,18509968
2026-01-14,42.459999084472656,42.65999984741211,40.40999984741211,40.40999984741211,37504338
2026-01-15,42.459999084472656,42.459999084472656,42.459999084472656,42.459999084472656,0
2026-01-16,43.9900016784668,45.16999816894531,42.88999938964844,43.220001220703125,75465789
2026-01-19,45.099998474121094,45.5,43.189998626708984,43.9900016784668,47218010
2026-01-20,43.439998626708984,45.619998931884766,43.209999084472656,45.31999969482422,35021333
2026-01-21,44.310001373291016,44.849998474121094,43.02000045776367,43.439998626708984,38066770
2026-01-22,45.959999084472656,46.84000015258789,44.61000061035156,44.900001525878906,52990643
2026-01-23,45.0,46.75,44.70000076293945,46.04999923706055,25458970
2026-01-27,45.150001525878906,45.9900016784668,44.369998931884766,45.619998931884766,23103154
2026-01-28,44.43000030517578,45.29999923706055,43.5,45.220001220703125,23876526
2026-01-29,44.2599983215332,45.279998779296875,44.0,44.43000030517578,16452483
2026-01-30,37.58000183105469,39.0,36.029998779296875,38.150001525878906,178280484
2026-02-02,37.540000915527344,38.040000915527344,36.810001373291016,37.54999923706055,27670454
2026-02-03,39.29999923706055,39.650001525878906,37.75,38.29999923706055,40975092
2026-02-04,40.81999969482422,41.13999938964844,38.900001525878906,39.22999954223633,31566682
2026-02-05,41.25,41.70000076293945,40.40999984741211,40.79999923706055,23889744
2026-02-06,41.27000045776367,41.650001525878906,40.79999923706055,41.20000076293945,21639109
2026-02-09,41.43000030517578,41.9900016784668,41.220001220703125,41.4900016784668,14596373
2026-02-10,41.29999923706055,41.849998474121094,41.25,41.599998474121094,10444731
2026-02-11,40.529998779296875,41.599998474121094,40.29999923706055,41.5,13787444
2026-02-12,40.150001525878906,40.7599983215332,40.0,40.529998779296875,10382027
2026-02-13,40.95000076293945,41.18000030517578,39.70000076293945,39.88999938964844,13758973
2026-02-16,40.2599983215332,41.099998474121094,40.119998931884766,40.95000076293945,8439382
2026-02-17,40.68000030517578,40.95000076293945,39.900001525878906,40.29999923706055,11267801
2026-02-18,40.970001220703125,42.09000015258789,40.689998626708984,40.75,10912103
2026-02-19,40.040000915527344,41.119998931884766,39.79999923706055,40.720001220703125,11713046
2026-02-20,40.189998626708984,40.68000030517578,39.95000076293945,40.189998626708984,12623087
