Price,Close,High,Low,Open,Volume
Ticker,SUBROS.NS,SUBROS.NS,SUBROS.NS,SUBROS.NS,SUBROS.NS
Date,,,,,
2021-02-22,322.0412292480469,329.4018709762118,312.2105372947355,328.018665765355,56839
2021-02-23,319.3241882324219,335.42870609628255,313.39614040745073,335.42870609628255,37700
2021-02-24,319.4229431152344,323.32558639438906,314.6805172394589,320.95437345650134,21347
2021-02-25,332.9093017578125,334.44070207001465,314.9769327544832,321.0532059680335,91993
2021-02-26,330.83447265625,334.8853113375092,320.11458022039915,326.0426280022584,52421
2021-03-01,347.3836364746094,353.706881965457,324.1160288018358,332.5140972283899,169115
2021-03-02,339.4795837402344,350.5452561916147,336.9107566911521,350.5452561916147,66707
2021-03-03,327.8704833984375,343.7280008293041,317.34820350448587,343.7280008293041,118660
2021-03-04,321.10260009765625,329.8464769306378,315.5203609262808,325.746249759713,76733
2021-03-05,320.95440673828125,325.99325359855766,315.3721675354191,322.6834207485596,68269
2021-03-08,317.2493896484375,323.572635113462,315.1745667212042,322.97982425545064,70698
2021-03-09,311.5189208984375,321.2014177175971,310.62971969861985,318.8795928085755,53128
2021-03-10,332.4646911621094,334.8359043258111,306.52948122747233,314.8287423762339,177859
2021-03-12,319.2253723144531,332.4646727162184,317.10116126798493,332.4646727162184,53590
2021-03-15,314.13714599609375,323.0786060603617,308.3078748541445,322.1894049180406,67446
2021-03-16,309.04888916015625,321.10259877480894,308.2584948238166,321.10259877480894,66035
2021-03-17,307.8138732910156,316.1625527604916,306.28247298672625,316.1625527604916,27097
2021-03-18,302.23162841796875,312.2105148272634,299.66280169603004,309.3946861157462,39054
2021-03-19,303.7136535644531,309.4935064022882,288.15252754422636,295.4143923839878,44014
2021-03-22,305.1957092285156,308.2091521545108,297.439839278536,303.2691114413538,28874
2021-03-23,308.4561462402344,312.21056502482367,299.712268372982,302.1328701690726,28512
2021-03-24,301.8858642578125,310.92616253493424,300.35446375654175,310.03693111962656,20715
2021-03-25,298.5265808105469,306.72706446755257,295.71075226658473,300.8977937390804,21659
2021-03-26,303.36785888671875,306.28249468712846,295.8590218479374,300.0580560492932,25087
2021-03-30,303.5160217285156,306.5788219235403,302.6267905476565,304.8992266797536,18308
2021-03-31,305.39324951171875,307.1716516803427,302.33041897543677,305.0474407145951,13053
2021-04-01,321.1520080566406,324.412452747784,304.8004867133755,306.28249880436437,226126
2021-04-05,317.4469299316406,322.0905791767339,310.3332910591933,322.0905791767339,28093
2021-04-06,312.7539367675781,321.10261686675904,308.1597053565763,319.0772124210139,29836
2021-04-07,315.0263671875,319.1265944919816,309.6417113498232,314.18655432956706,20320
2021-04-08,313.7913513183594,320.11459657847604,311.7659167984236,315.17455650782057,19517
2021-04-09,312.40814208984375,317.1011800962912,310.234512426213,314.18654443164246,14036
2021-04-12,295.8590087890625,310.4815151841888,294.8215822941389,306.2824811681735,42041
2021-04-13,295.61199951171875,300.3544257524286,288.4983299990433,296.4023938346335,29230
2021-04-15,297.04461669921875,302.4786610198989,288.498353025199,292.7961941091504,30458
2021-04-16,298.27960205078125,303.17025359470296,292.4503610202272,298.5760225346735,10172
2021-04-19,289.8321533203125,296.20478684011925,288.4983364877353,296.20478684011925,22149
2021-04-20,287.85614013671875,296.40240340456126,286.5223232910759,288.498339313773,19568
2021-04-22,290.1285095214844,291.26471255938884,284.1016553901377,289.33811527379635,19471
2021-04-23,291.2647705078125,293.43840034881964,285.33672201591713,290.1285672438553,9973
2021-04-26,291.8081970214844,302.2810888635774,288.7453658952665,302.2810888635774,25286
2021-04-27,293.5372009277344,297.7362351866169,289.14055299602387,291.8081868211357,19557
2021-04-28,308.5054931640625,316.1131667054539,293.53717822901865,293.53717822901865,63883
2021-04-29,300.4532470703125,313.2479329302425,298.3784241830878,306.2824883998583,28031
2021-04-30,296.35302734375,308.2585123131479,292.89499916074993,299.3170515006072,21988
2021-05-03,297.83502197265625,304.30646227533464,284.5463023873259,284.5463023873259,22859
2021-05-04,297.78564453125,307.6163374913243,294.96981532872894,299.3664635705263,25555
2021-05-05,298.42779541015625,302.5774409466401,296.4023911314025,298.67479740276576,13296
2021-05-06,298.97119140625,301.5400179322008,296.4517532138028,298.42776897967144,14608
2021-05-07,296.4023742675781,303.4172364888992,294.969750731308,302.2810334178619,18030
2021-05-10,314.63116455078125,318.1385809446505,294.5251954079631,303.1702655423286,90762
2021-05-11,307.1222839355469,313.64314257701415,306.282471129547,311.2225109864752,15118
2021-05-12,298.77362060546875,310.0863245476606,297.3904154013662,308.70311934355806,37455
2021-05-14,302.5280456542969,303.3184399518337,296.2047706675637,301.1448104061929,20245
2021-05-17,299.1687927246094,306.2824619664085,298.3783984317915,304.05944409729744,19988
2021-05-18,305.986083984375,308.55488061543286,300.70023525210917,300.70023525210917,28694
2021-05-19,311.76593017578125,315.964964416012,305.2944894661885,313.14916557620654,29943
2021-05-20,309.4441223144531,316.0637579230407,306.38129143806816,308.30788897607596,23231
2021-05-21,305.39324951171875,311.1236833009366,304.3558231203478,309.54286462237735,29141
2021-05-24,319.57122802734375,330.98270937963787,304.40529785081964,306.2331188433882,163538
2021-05-25,317.0517883300781,326.09205627419493,315.9649734066533,322.7328348167478,29353
2021-05-26,331.0320739746094,333.5020940166572,317.1999617391414,318.68197376437007,82647
2021-05-27,326.388427734375,330.982658607107,322.8315931339469,330.982658607107,33138
2021-05-28,317.5457763671875,335.7745366706267,316.1625711487343,329.89587680268494,34932
2021-05-31,317.9903869628906,333.9467104402923,317.15057411637224,328.01866232596757,20219
2021-06-01,325.3016052246094,329.00663489687145,318.9783606142705,319.62055972714086,49486
2021-06-02,326.0920715332031,328.36450832517477,317.19999835536754,317.4964188855979,44079
2021-06-03,335.92266845703125,343.82673124425554,321.34955269308654,321.34955269308654,97737
2021-06-04,335.2805480957031,344.81482004071825,333.9467311569134,337.6023731148387,73182
2021-06-07,333.15631103515625,343.62917175707537,330.98268136554395,336.9601177295607,29178
2021-06-08,328.265625,340.8627257336343,326.0426072234763,333.1562761689955,30950
2021-06-09,321.39898681640625,336.91072430702206,319.1759688407734,329.9452800440169,36218
2021-06-10,323.1773986816406,329.00663941574186,321.0037691834155,323.07859185870143,18975
2021-06-11,323.62200927734375,334.6383226305626,317.15056891923143,324.06662493927695,242264
2021-06-14,321.0038146972656,325.9932735228422,314.58176226658134,325.9932735228422,45602
2021-06-15,322.4363708496094,326.93179454789953,319.867544385612,323.473767041028,41615
2021-06-16,310.3333435058594,324.7582674831507,306.33189269672516,324.7582674831507,153121
2021-06-17,301.93524169921875,310.333309445245,298.97121778885656,310.333309445245,86370
2021-06-18,303.0714416503906,305.93665870331597,297.4397842192259,303.46663880396477,36085
2021-06-21,300.2062072753906,304.3558223758993,297.4397670567765,303.3184261386742,33796
2021-06-22,299.366455078125,312.2105604115099,297.58805255414825,302.33047938582916,361073
2021-06-23,302.4786376953125,306.0848607997236,297.5880162747915,302.3304425283169,90039
2021-06-24,298.8724365234375,307.1716981519475,297.8844284688146,303.2196659334558,72657
2021-06-25,299.4652099609375,303.1702397027383,297.8843912407807,300.4037994045615,46837
2021-06-28,306.6282958984375,310.7285231626299,299.4158192412153,300.84844293488334,228030
2021-06-29,311.4201354980469,317.3481835330228,301.9846409514099,308.70311348201625,753952
2021-06-30,305.1957092285156,314.72998177458544,301.3424835025763,312.70457714283737,127945
2021-07-01,306.87530517578125,311.81534540671265,304.8004822484675,308.2585104101195,52512
2021-07-02,309.6417236328125,314.186566792843,308.209130019851,310.23453450614056,78268
2021-07-05,308.8018798828125,313.89014506475934,307.0728659301616,313.0009137678219,36685
2021-07-06,321.2013854980469,323.52321017416745,309.3946786215332,310.38268655591565,195268
2021-07-07,316.16253662109375,332.2670537695871,313.198512840271,323.72079123186995,222922
2021-07-08,313.5443420410156,321.30021080234127,312.4575272203617,318.73138399487146,49185
2021-07-09,312.309326171875,317.2493660349176,311.22251137168354,315.1251549241314,27568
2021-07-12,321.59661865234375,327.9692826033348,311.2225341796875,312.3093490595264,93850
2021-07-13,332.9587097167969,335.32992298416076,323.07862930977024,324.06663735047294,169793
2021-07-14,324.6594543457031,337.8987563111994,321.20142613784,335.6263498352489,99833
2021-07-15,328.0186462402344,329.50065819613906,318.1385665342032,318.1385665342032,62393
2021-07-16,329.10546875,334.93470988283025,327.4258430999726,333.9467018890756,76011
2021-07-19,320.7073974609375,329.99466647512486,318.03976384495536,329.99466647512486,45791
2021-07-20,312.1116943359375,324.01720780333017,310.9261029288353,320.6085684357427,45559
2021-07-22,313.3961486816406,317.10117867006664,310.23451103087257,313.1985350216134,22534
2021-07-23,315.22393798828125,318.9289679606476,311.7165216750856,313.44553566218985,21556
2021-07-26,312.2105407714844,316.9529673048366,310.77791705223603,316.8047721290967,28012
2021-07-27,325.89447021484375,331.7731001817743,312.40816599469287,313.791371272111,243396
2021-07-28,322.9303894042969,331.3284565870376,319.1265529441456,330.88384096966087,58267
2021-07-29,321.2013854980469,330.982658018111,316.31073416221017,324.56060644462525,69033
2021-07-30,322.97979736328125,325.59801243725116,320.0651919607903,321.20139508893453,24839
2021-08-02,322.7327880859375,328.01863660369855,321.1025810126567,325.0546127789663,36443
2021-08-03,346.44500732421875,353.7068723254691,321.3002212233335,324.3630219741359,665190
2021-08-04,334.09490966796875,360.5241244984561,329.99468236944927,352.6694787426057,1162473
2021-08-05,319.9664001464844,334.83590863994885,314.18654725625913,334.44071146617523,172300
2021-08-06,322.53521728515625,329.94527713868314,314.1865377895384,314.1865377895384,99739
2021-08-09,315.1251220703125,327.37641362306016,314.18650253354735,325.0545890991732,42633
2021-08-10,306.1343078613281,316.9035898411973,301.3424626705072,316.70597616568597,60191
2021-08-11,302.5280456542969,307.7644757166,290.42494829465534,306.13426863317426,54587
2021-08-12,320.0652160644531,323.77024620803786,303.31846775480506,303.31846775480506,93444
2021-08-13,317.792724609375,325.0545884671542,316.1625176580223,321.6953677473591,29414
2021-08-16,310.43212890625,325.9932550689434,308.3573060542352,325.9932550689434,46844
2021-08-17,321.2508239746094,323.57264901311794,309.3947269115333,311.22254790574704,74392
2021-08-18,312.7539367675781,327.03066517814534,310.43214196690883,326.04265712624766,40303
2021-08-20,308.4561462402344,318.6326177864102,302.33048385315203,311.2225569076565,32211
2021-08-23,297.9338073730469,313.5443522325511,291.4623668809121,310.0369056587797,43236
2021-08-24,309.9381103515625,312.21051660800197,291.4623493650651,291.4623493650651,25831
2021-08-25,304.30645751953125,315.0263501215642,303.31844954057175,314.18653730912644,19894
2021-08-26,307.3692932128906,311.222518362292,303.31845440388463,303.31845440388463,23777
2021-08-27,308.06085205078125,311.2224894005733,303.46662133280876,306.77645383770795,20439
2021-08-30,310.82733154296875,318.92897927909524,309.09831749450365,312.21053675141843,46936
2021-08-31,309.4934997558594,312.40813535770013,308.25848978077613,308.25848978077613,16058
2021-09-01,306.9740905761719,312.0129071385949,305.7884689428896,306.28247293148877,11755
2021-09-02,307.2210998535156,310.2345121947629,306.2824801922818,306.2824801922818,12558
2021-09-03,305.986083984375,311.1731258881515,305.2944663365605,308.8018826108508,22112
2021-09-06,304.748291015625,309.05586835422423,302.0251137604082,304.99585258428107,24165
2021-09-07,302.4707336425781,308.4617114560856,300.6882722341557,306.2831575857641,18874
2021-09-08,300.9853515625,304.00559045462006,299.30192089546875,304.00559045462006,24257
2021-09-09,306.8773193359375,310.93733517036225,297.5690102506174,299.10387991269477,61526
2021-09-13,303.9560852050781,311.9275550802743,302.5202161175359,311.9275550802743,16561
2021-09-14,304.500732421875,308.9568407012195,303.1143936678404,304.0056092797256,24743
2021-09-15,309.3529357910156,311.82855152272975,305.7385428666967,305.7385428666967,26169
2021-09-16,309.6500244140625,312.7197637117796,308.95683992881897,310.4422093515537,20096
2021-09-17,307.32293701171875,312.4226992760446,305.98609849856666,310.4422067291283,22077
2021-09-20,302.4707336425781,309.9470808531454,302.1241414059473,306.9763420590258,14641
2021-09-21,300.9853515625,304.7977753450368,296.5787437822759,302.4707208969688,28495
2021-09-22,300.440673828125,303.8570351104175,298.06408912822826,302.5201967730024,17380
2021-09-23,327.3753967285156,329.7519815424965,301.0348420087655,301.0348420087655,257242
2021-09-24,321.8795471191406,329.7025170503015,314.5022303300245,327.77152468098075,103711
2021-09-27,339.3078918457031,342.67472325341913,323.5134813439453,323.5134813439453,187388
2021-09-28,343.0212707519531,350.6956786479361,324.00856222546696,340.59518574259147,233311
2021-09-29,334.40618896484375,343.02131367810654,330.29664262711105,339.6544822883285,40525
2021-09-30,325.2958984375,336.5846998278772,322.27565941364253,333.26736879221744,18277
2021-10-01,329.7024841308594,341.3378769721388,317.1758455343153,326.58318442726465,48279
2021-10-04,327.3753967285156,335.49539736127645,324.8007505884049,329.6529508794315,22303
2021-10-05,323.265869140625,330.1480617806659,319.89900804026695,327.375384636751,18432
2021-10-06,322.1271057128906,332.02956860255733,318.2156510034234,322.7212595302543,33015
2021-10-07,329.7519836425781,331.73247603682785,318.51268326122783,324.3551297802814,38010
2021-10-08,360.4991455078125,368.37161550784253,332.2276263518311,332.2276263518311,326431
2021-10-11,346.0910339355469,361.43984946058544,344.60566469118834,361.43984946058544,94426
2021-10-12,377.48187255859375,384.21553479171916,341.6349471730492,341.6349471730492,472661
2021-10-13,371.4413757324219,389.11727740140833,366.3911137955804,382.23505385160547,134705
2021-10-14,358.12255859375,376.39261441893876,356.48865828725036,375.303337474633,50970
2021-10-18,353.91400146484375,363.81646390213604,350.49767005592815,361.192317400237,45084
2021-10-19,338.0205383300781,362.4301005323299,334.70320759543034,352.6761696516162,60730
2021-10-20,341.98150634765625,344.85321407486407,323.90951451171577,336.683683518891,41954
2021-10-21,348.4181213378906,354.50812924603935,343.7144520252686,343.7144520252686,35547
2021-10-22,380.403076171875,386.1960225541708,346.58617408707636,346.58617408707636,819961
2021-10-25,349.16082763671875,425.8058799911407,342.62519645798767,392.1375080848645,592548
2021-10-26,376.2935791015625,387.18628797029197,348.5666837993421,349.1608375998018,218832
2021-10-27,366.1435241699219,384.9582015444412,352.08201635994664,378.17500918385514,65803
2021-10-28,356.8352355957031,366.193044352233,346.58618105481315,366.193044352233,58821
2021-10-29,357.6274108886719,363.32132656737264,347.576417951992,360.251557287916,66695
2021-11-01,357.03326416015625,362.3806179484591,350.59666370082243,358.46913327366656,44453
2021-11-02,367.03472900390625,370.84718272071893,356.83520575936615,363.42033660481667,44018
2021-11-03,376.7392272949219,380.2545896687353,366.98529492740397,367.03479515579926,112388
2021-11-04,377.08575439453125,382.1360162396195,373.3228307875571,380.2545544361324,9766
2021-11-08,376.3926086425781,379.7594398751935,370.1045388614174,379.0167551818261,28106
2021-11-09,375.2538146972656,385.35430794310946,371.6393918420242,376.29356113348376,32447
2021-11-10,374.9072265625,389.16676614838104,371.8869574464469,372.62964211466897,51324
2021-11-11,364.80670166015625,380.20504852391764,361.43987055377556,375.7489405307889,20663
2021-11-12,357.52838134765625,369.46086628724817,351.78496542862473,364.80669702119724,41390
2021-11-15,359.26129150390625,363.51936808526233,350.0025141677539,357.47886052002696,22009
2021-11-16,375.69940185546875,391.14724860380466,356.58766230279343,361.2418013061298,102501
2021-11-17,366.4901123046875,385.5523510118438,360.44960464441084,381.24477414312685,47925
2021-11-18,368.2725830078125,371.24332182780546,361.34085909449556,361.43988976581227,26816
2021-11-22,339.802978515625,379.26429574917654,329.2568624976533,370.15401859360594,49411
2021-11-23,349.75494384765625,351.43834413018004,330.09855219939874,330.09855219939874,19573
2021-11-24,352.9732666015625,364.4105980109509,349.55690515724365,349.9529975893594,20547
2021-11-25,348.26959228515625,355.05275441673274,346.6851923591274,349.5569002263524,10576
2021-11-26,333.3168640136719,348.56664885719107,330.74221794972107,348.56664885719107,23071
2021-11-29,347.1803283691406,355.498390515492,312.0265878028455,322.82026548203453,49797
2021-11-30,346.78424072265625,354.0130260905241,339.6544558015378,347.67545628281687,23719
2021-12-01,341.88250732421875,348.5666693066618,339.85251466196183,348.5666693066618,10440
2021-12-02,340.9418029785156,347.5269653194012,339.5059639166065,343.6154801860872,13420
2021-12-03,345.348388671875,353.4188897753488,342.62521141353045,351.5374278953853,22035
2021-12-06,338.3671569824219,346.58618880029036,336.832257157213,345.34838098314646,6683
2021-12-07,348.4676818847656,350.5472052480176,338.71374936707264,339.10987208001217,14219
2021-12-08,352.8247375488281,361.43989227457286,350.25012139623146,350.25012139623146,32560
2021-12-09,353.4684143066406,361.4398846051712,347.72496787137504,354.6071914607282,13581
2021-12-10,354.21112060546875,357.8750138560017,349.7054817193806,354.5081824133781,8383
2021-12-13,359.16229248046875,361.29131566958176,352.87422335269105,355.99349269673235,16271
2021-12-14,393.9199523925781,396.1480064903188,351.5374243101899,359.45939443548997,163316
2021-12-15,371.144287109375,407.8824294933302,366.2920864669472,395.30632009111264,353707
2021-12-16,388.0775146484375,404.0204859466901,373.0257891862962,375.7984667077669,343068
2021-12-17,370.896728515625,396.09850818698936,366.49015074399546,385.20579921184714,169951
2021-12-20,363.2223205566406,369.3618595322757,352.4781726791563,364.4106281712532,58874
2021-12-21,358.02349853515625,373.02575251592975,356.4886290259275,360.00399091863363,40278
2021-12-22,363.3708801269531,366.39111915635596,357.4789027444446,357.4789027444446,16964
2021-12-23,357.4788818359375,367.2328130491284,356.78569740092075,363.3708588738314,13610
2021-12-24,360.2020568847656,366.2425647761634,353.51789500442976,359.0632797935805,16163
2021-12-27,355.54791259765625,361.29135911890273,351.53742727585666,360.20208217350097,9980
2021-12-28,359.7069396972656,363.9649863586404,357.3303548113839,357.3303548113839,7318
2021-12-29,366.2920837402344,368.3716069200569,357.47889811328105,357.47889811328105,13248
2021-12-30,364.55914306640625,375.25382046874114,356.4886423461639,356.5876730130212,17377
2021-12-31,372.134521484375,373.32282904942207,362.77671273431696,365.20279786807276,13583
2022-01-03,368.81719970703125,377.7789154965053,366.49011515343676,374.0159921221208,11616
2022-01-04,364.85626220703125,376.2935949117769,361.4399003757857,370.698709347204,11489
2022-01-05,365.40087890625,372.3326028963415,362.4301400533537,364.9057557641006,12362
2022-01-06,376.9867858886719,379.2643403353551,357.33039040433084,362.8757758370301,356288
2022-01-07,387.0377502441406,406.00095975966343,382.9282343783616,389.90945830577436,462717
2022-01-10,380.7001953125,388.7211660230752,379.2643261152192,381.64091114871997,31893
2022-01-11,376.3926086425781,388.6221559706781,368.91623126406256,382.5816477539731,132345
2022-01-12,372.18402099609375,378.32352898547845,367.8269439862272,378.32352898547845,171658
2022-01-13,372.82769775390625,386.0969909128509,371.34232844014565,372.43160531421995,23013
2022-01-14,377.5313720703125,388.12701873179344,369.75793318501263,371.88695651795047,90919
2022-01-17,382.08648681640625,385.6018485958555,374.015986657732,377.5313484371813,24811
2022-01-18,372.08502197265625,384.0174769898672,369.51037572340636,383.17579186792506,26736
2022-01-19,363.9154968261719,377.08575986143785,361.58841209500065,372.2830897255161,23486
2022-01-20,364.80670166015625,368.3220938755743,361.6874321089494,366.34160143418376,13495
2022-01-21,358.27105712890625,364.4600957762403,351.5373951685729,363.4203493714543,17542
2022-01-24,348.76470947265625,360.1030098672683,341.63492503611076,355.0032481896977,25281
2022-01-25,364.55914306640625,368.17353575732153,341.8330102487883,350.54716497372783,29919
2022-01-27,362.03399658203125,378.3730579711937,337.97099713149805,363.12327338529155,59062
2022-01-28,366.5396423339844,369.0647883961355,351.53741773383376,359.60791860402145,35966
2022-01-31,359.3108825683594,379.26433983418997,357.57795151167574,375.3033545617702,18587
2022-02-01,359.3108825683594,369.41137688107807,357.47892083588135,361.1428443008374,12461
2022-02-02,366.7872009277344,367.38135471519246,358.5186387870614,360.4496310413209,38396
2022-02-03,358.7166748046875,372.58012117395083,354.50812858544685,369.36182112394323,16681
2022-02-04,357.7264404296875,365.40084849426904,356.9837557782764,358.8652175178681,114765
2022-02-07,353.6169128417969,364.7571822382556,351.5373898438083,359.45935919240117,10993
2022-02-08,345.00177001953125,362.18254763269346,339.95150835578943,353.6169240470859,19309
2022-02-09,340.3971252441406,351.83445656437766,336.9312636052912,346.7346947683394,16723
2022-02-10,342.3776550292969,345.5959554742577,339.15935458433603,341.634970311229,9164
2022-02-11,334.9508056640625,344.06108356757863,333.8120284811026,344.06108356757863,10627
2022-02-14,327.0287780761719,331.58391622961824,317.8195013341344,326.88024720354156,224969
2022-02-15,336.9313049316406,341.63497487557976,316.8788172759001,321.83004879583603,271065
2022-02-16,336.88177490234375,342.7242215350355,330.989797826883,338.6642060038713,188324
2022-02-17,339.50592041015625,341.68444394834097,331.732481588648,332.72272780234545,14487
2022-02-18,339.7535095214844,341.238878962511,334.0100628842301,334.8022780513955,9121
2022-02-21,336.7827453613281,339.753484020405,327.82099894116317,339.753484020405,14774
2022-02-22,340.8922424316406,350.5471425440836,326.78123457499316,326.78123457499316,19569
2022-02-23,359.9544677734375,365.4008214811511,338.7136762253889,338.7136762253889,190714
2022-02-24,341.4368896484375,356.4886445043664,333.5644502142495,346.58618215702285,46645
2022-02-25,338.070068359375,356.8847473683492,333.6634906181711,341.6349609524273,29786
2022-02-28,346.4376220703125,349.0617683272294,329.75196837721245,336.6836914361929,22529
2022-03-02,336.4361267089844,346.4376187861114,333.71294981877185,346.4376187861114,9994
2022-03-03,329.9995422363281,344.8037348387222,328.76173450100805,336.58467334424773,10912
2022-03-04,331.48492431640625,334.4556629958662,321.9785544981511,330.6927394231836,25826
2022-03-07,333.9110412597656,361.24181306586564,305.3919316683025,326.7812563069207,33037
2022-03-08,326.8307800292969,332.87128851810814,319.84955568512777,326.5832184536892,6631
2022-03-09,344.4075927734375,360.2020306737646,327.7714698364704,327.7714698364704,31179
2022-03-10,343.6649169921875,354.45862428863103,343.12029369333845,349.1608013001767,9972
2022-03-11,340.545654296875,348.51715415532567,335.89151539595974,339.65443878137336,11990
2022-03-14,331.9800720214844,341.58547321790354,329.70251761981905,340.5456964711198,11889
2022-03-15,331.1878662109375,338.66421321589473,326.8802890339449,331.7324895535811,11476
2022-03-16,330.0986022949219,336.6837339892575,326.8307714507223,334.15861807230533,79675
2022-03-17,338.5651550292969,345.4968781281941,331.73246259008107,336.6836933750077,27846
2022-03-21,330.1976013183594,344.0115174187209,328.7617322671782,339.1098169521082,16152
2022-03-22,333.1188049316406,335.00026660719897,327.77148166745366,330.19759686745965,7199
2022-03-23,332.5246887207031,339.01081998635505,330.49469593476397,336.6837351844787,10555
2022-03-24,328.2666015625,333.9110167542554,327.2268551839782,330.2470938796192,7429
2022-03-25,323.76104736328125,331.6334874984613,320.83980862272995,329.1083714630095,11234
2022-03-28,320.6417236328125,328.6132240765364,316.0370846147156,325.3949237643297,23662
2022-03-29,318.9087829589844,323.21636005856226,316.92829051963054,321.4339289511103,14578
2022-03-30,324.6026611328125,328.7617068618004,319.7999916994665,319.7999916994665,12094
2022-03-31,324.50372314453125,329.7520164230569,322.5232305534018,324.00859999674884,11929
2022-04-01,347.7249450683594,356.38959926808315,321.92904379600515,326.1375901215853,197247
2022-04-04,344.80377197265625,347.7249804106644,339.010825103499,347.5764495104129,22932
2022-04-05,345.6949768066406,349.55693119226,338.2681298266351,346.5366921750248,25955
2022-04-06,343.51641845703125,348.863742168901,341.88251818672626,345.69497229738283,12153
2022-04-07,340.1495666503906,348.56665927492725,337.67395117258576,345.24932849068557,16826
2022-04-08,341.98150634765625,345.298836920428,338.7136759933189,341.88247569087383,15519
2022-04-11,344.6056823730469,348.6161674506288,339.7534819698234,341.9815359506836,12676
2022-04-12,336.8322448730469,345.6949606085437,335.1488444350747,343.71446817334134,11509
2022-04-13,337.12933349609375,342.5261571960557,331.33638713712287,337.62445659993887,36695
2022-04-18,330.5937194824219,336.733228153881,327.77151160138715,327.77151160138715,8538
2022-04-19,329.0093078613281,335.0002854274203,325.98906896667,330.6432080866336,8763
2022-04-20,321.9785461425781,335.6934620674897,317.8690304532867,330.6927308414713,31936
2022-04-21,342.8727722167969,344.60570319550993,322.07760047224025,323.5629698825657,34283
2022-04-22,348.4181213378906,353.7159443971426,335.74295221613914,339.6544366798645,71556
2022-04-25,347.7249450683594,349.55690657171266,337.82248312581794,341.63493701767953,18816
2022-04-26,351.83447265625,353.8149651118887,339.40689458508376,345.84349506590956,32621
2022-04-27,345.39788818359375,350.8937731346591,340.24862569223,348.5666883474468,47174
2022-04-28,338.7137145996094,346.4376534102998,336.78275256187453,345.7939993977215,7901
2022-04-29,331.6829528808594,343.07078336038853,328.3656223058834,339.60492191009706,16983
2022-05-02,331.2373352050781,335.8915041703647,327.3258508478747,331.63342761873963,10032
2022-05-04,331.5344543457031,336.0895934410457,324.99885283925437,331.03933118794674,12448
2022-05-05,328.4151611328125,333.3663923581524,326.78126087243373,333.2178614653756,12175
2022-05-06,327.1773681640625,328.41517602653244,318.809805145717,328.41517602653244,11115
2022-05-09,318.1661071777344,328.71225388768534,315.1458682113583,328.71225388768534,9076
2022-05-10,304.94635009765625,320.8397905995755,301.2329265953463,316.7302746343361,8812
2022-05-11,300.490234375,310.3926968000134,297.2224036427953,306.4812120541663,10786
2022-05-12,297.3214111328125,309.94704974045067,290.98384171884373,302.02508041801104,92127
2022-05-13,299.945556640625,308.4616796839068,297.07384881275135,301.03483346358803,10068
2022-05-16,295.53900146484375,316.43317288566715,294.1526325573719,301.4804788857225,13219
2022-05-17,297.0243835449219,302.02511516709836,295.0438909864491,299.49999924301284,19017
2022-05-18,295.9350891113281,306.3821746521402,292.2216657835632,298.4602048862417,17117
2022-05-19,292.27117919921875,296.23216426095956,289.1024092817767,294.9943564291656,10683
2022-05-20,295.43994140625,300.04457990536946,292.46920299134536,294.6477263636604,14433
2022-05-23,293.6080017089844,301.0843485178234,291.5780090633811,296.9253325614839,14560
2022-05-24,285.8345642089844,302.0250958848263,272.61477118118984,295.0933723727156,65629
2022-05-25,294.8458251953125,300.9853641219393,275.5360230414633,288.16166291128775,44908
2022-05-26,289.7460632324219,296.3311948518119,279.84360058073224,296.3311948518119,10188
2022-05-27,290.9838562011719,295.88555683144125,287.022871342813,291.2314177548193,9683
2022-05-30,300.53973388671875,304.94634174337057,291.87507928537184,294.1031333257182,11492
2022-05-31,300.5892333984375,305.1443721363344,297.1729020099525,301.97560230730124,8849
2022-06-01,300.8863220214844,305.6890222648782,298.559237344797,301.97559891481853,4539
2022-06-02,309.6500244140625,314.79928694759184,297.61850791397677,297.61850791397677,11219
2022-06-03,300.8367919921875,310.88781538278033,299.5494839836953,305.19389957152003,6886
2022-06-06,297.17291259765625,302.3717055313676,295.93510475629637,300.98536679302816,5508
2022-06-07,293.95458984375,297.96507485663955,291.3304434637164,293.5584974086363,5118
2022-06-08,297.222412109375,302.4212050305982,291.2314342595517,294.1031424006247,4537
2022-06-09,292.1721496582031,298.7573115247391,289.3499719667367,298.7573115247391,8989
2022-06-10,287.1219177246094,292.9148342211164,285.33945630883056,292.1721495195213,7337
2022-06-13,276.32818603515625,286.527739879946,269.1984316299742,282.31919359066717,30366
2022-06-14,275.58551025390625,282.91335643964834,273.6050178188227,276.32819491706255,7650
2022-06-15,276.82330322265625,279.5960106154519,274.39721825136405,276.97186432327624,2961
2022-06-16,278.3086853027344,283.7055392365621,275.288446449439,278.16015441518016,15985
2022-06-17,281.130859375,289.1518587613346,270.38668323663234,274.34766760322594,11724
2022-06-20,286.3297119140625,292.17215904646633,272.8128559482682,281.1309188333786,17426
2022-06-21,283.6065368652344,291.6275380124468,282.2201980765614,287.7655834511724,8315
2022-06-22,285.48797607421875,288.1616529836835,273.60502131200496,283.21042183276114,3903
2022-06-23,313.80902099609375,323.90954452555223,285.785065065019,286.923842173753,126968
2022-06-24,316.43316650390625,333.4654135215558,310.93731208839944,320.74074359115235,74439
2022-06-27,309.7985534667969,320.83979339936553,303.31242222754406,316.38368515770765,18525
2022-06-28,301.3814392089844,311.28390128110533,297.172892828333,311.28390128110533,12365
2022-06-29,300.3912048339844,313.56146782070687,298.3116816729447,301.62901264175593,27411
2022-06-30,297.17291259765625,307.4219675680994,296.08363565327596,298.55925133599567,11608
2022-07-01,300.3416748046875,304.8968135875638,291.28092768326445,298.65827431574263,8870
2022-07-04,300.1436462402344,302.4212005410875,296.72728456903724,300.5892389234878,18233
2022-07-05,301.2329406738281,311.9275887723407,298.11364061016934,300.2921945879756,10460
2022-07-06,306.2831115722656,310.9372804051487,297.5194576221275,301.2328805569024,322027
2022-07-07,310.49169921875,315.88855336259826,307.8180524789793,307.8180524789793,15937
2022-07-08,310.0956115722656,318.90879727915103,306.97634188420005,306.97634188420005,28576
2022-07-11,311.0858154296875,315.24486126009896,306.9763000376819,310.73922324050096,6483
2022-07-12,307.1248779296875,310.49170924024355,303.7085463930614,309.05587026511137,9073
2022-07-13,321.6814880371094,324.602696230786,304.94633309699583,307.9665719558634,50910
2022-07-14,315.7895202636719,323.31539774051254,313.06634310046695,323.31539774051254,48988
2022-07-15,310.0956115722656,319.2553895155845,306.8278109885622,314.601250206065,50074
2022-07-18,312.7197570800781,318.6612346450188,310.98682612363706,311.97707238446054,9240
2022-07-19,313.56146240234375,318.9583164389366,312.02659283519654,314.30414707417304,14266
2022-07-20,315.34393310546875,317.8690489766621,312.32366388511065,314.8983102011793,16126
2022-07-21,313.016845703125,320.8397850349948,310.64026074684926,316.92830025910126,29504
2022-07-22,314.997314453125,320.8397608442691,313.4624147492358,314.6012220269299,28472
2022-07-25,322.32513427734375,325.79099593623994,311.33339554371855,311.92754930065524,30225
2022-07-26,322.3746643066406,324.75127955413734,317.17587133759844,322.4241947525824,15437
2022-07-27,328.3161315917969,331.7324932369804,319.35441513112295,319.35441513112295,78586
2022-07-28,328.4153747558594,336.4037103361406,327.4230334274342,327.4726383803138,40234
2022-07-29,338.68609619140625,339.3807472613311,330.10234943001785,330.10234943001785,39644
2022-08-01,328.6634521484375,340.12498210133054,325.487947860646,335.4113609051779,27559
2022-08-02,326.5795593261719,333.42670889856765,323.50329494325314,330.2512043193246,17854
2022-08-03,325.2398986816406,330.5985362644753,323.5033012058424,324.64448777602416,14338
2022-08-04,326.7779846191406,330.449659617319,321.51858773576987,326.8772248079286,14964
2022-08-05,327.4230651855469,332.43437726662034,320.7247605689806,325.63683245081506,37873
2022-08-08,313.8279724121094,327.47266686480975,311.5952042289402,327.47266686480975,34420
2022-08-10,315.7630615234375,322.51097127031954,308.4693458087064,312.48831656791657,29350
2022-08-11,330.1023864746094,352.4797049653293,316.60653632216116,317.35079243037865,167152
2022-08-12,327.3238220214844,329.95352071628645,321.27053332901573,329.95352071628645,30798
2022-08-16,326.6788024902344,328.9611756071487,322.61019667482265,322.61019667482265,15636
2022-08-17,324.54522705078125,329.80465438657615,322.65978453879444,322.65978453879444,11563
2022-08-18,323.0071105957031,327.3734064947574,320.52625721171154,324.5948628182287,11011
2022-08-19,321.468994140625,325.88489500109006,320.5262577396136,322.9575061734715,6683
2022-08-22,323.6025085449219,327.373393424496,320.1789188981571,323.106337887933,43217
2022-08-23,325.0413818359375,329.5069177015234,321.6178225093003,325.2398622101715,29134
2022-08-24,322.1140441894531,327.4726820202862,320.2286014709564,326.6788209652954,14035
2022-08-25,323.9994812011719,326.72842016994133,323.007139757983,323.75139584037464,6880
2022-08-26,325.1406555175781,327.47266387772106,323.80098856312526,324.94220540675394,9231
2022-08-29,335.4609680175781,337.89221634268955,317.3011341426578,317.549219470369,112705
2022-08-30,329.6061706542969,341.1669412306253,326.62914662860607,341.1669412306253,36264
2022-09-01,334.766357421875,337.8922265890558,329.6061703354608,329.6061703354608,24384
2022-09-02,331.1939392089844,338.834980032367,329.95351247037394,331.69010990442854,25143
2022-09-05,355.2086181640625,366.521304128456,329.60619173532314,332.88093654334256,137840
2022-09-06,358.4337158203125,361.95651557875,343.10202950336617,355.2086063600495,64240
2022-09-07,373.9638671875,376.04779020957454,359.22759116179856,359.22759116179856,100383
2022-09-08,383.4407043457031,394.9518704456127,369.15099448685413,377.08972555108755,114945
2022-09-09,390.1886291503906,396.936538186011,386.0207833858957,388.89856723097336,94247
2022-09-12,391.974853515625,397.8792969669345,389.04743426823165,393.860296121334,68277
2022-09-13,380.1659851074219,394.4556947863056,375.4523635973968,394.4556947863056,39209
2022-09-14,377.9331970214844,382.8452683753295,375.1546231607397,376.9904606558319,33441
2022-09-15,373.2691955566406,387.01312941441057,372.12800905231785,379.8682595270641,17880
2022-09-16,366.0251159667969,376.09737469404854,359.2275716075081,375.1546382903764,28032
2022-09-19,362.0557556152344,367.16630762404117,360.4183984082766,366.1739662520843,10306
2022-09-20,362.3534240722656,372.1279920536454,361.31147780805685,364.090021368516,17680
2022-09-21,377.8835754394531,381.9521810470835,361.21225280800996,362.3038343540359,45397
2022-09-22,375.30352783203125,386.9139039872235,365.13202852977184,375.10504743942033,22882
2022-09-23,363.5938720703125,374.9065576364911,357.7390640415219,372.1280139128175,17637
2022-09-26,355.60552978515625,363.5938655605874,342.9035423006999,363.5938655605874,26024
2022-09-27,348.5599060058594,359.2771806819636,343.54859420387237,357.39173813685244,7079
2022-09-28,352.18194580078125,355.2582101014475,342.3577723044676,345.33479641146295,5835
2022-09-29,369.29986572265625,379.6202107783556,351.78504513182094,353.9682084422329,42621
2022-09-30,361.0137939453125,371.13568847172024,359.4756768686649,371.13568847172024,8837
2022-10-03,366.1739807128906,384.92922732677954,359.2275908348683,362.8496309287801,58304
2022-10-04,376.6927795410156,381.05907538975237,369.00213413926934,369.25021947480957,25915
2022-10-06,373.5669250488281,382.05143174414945,372.1280179326131,382.05143174414945,7483
2022-10-07,382.8453063964844,386.02081104302886,362.20461704551553,375.4523810134036,24433
2022-10-10,369.1509704589844,382.84526853988905,367.2158927744885,382.84526853988905,7016
2022-10-11,363.74273681640625,372.8226850721619,360.319177074271,372.8226850721619,158891
2022-10-12,371.68145751953125,382.0514372146132,360.21992651663527,367.1663162841737,49504
2022-10-13,363.0480651855469,371.1356406017831,361.21222775146805,370.1432993167516,17052
2022-10-14,359.67413330078125,374.4600133129574,357.4413652702355,364.88392537205453,14451
2022-10-17,355.4070739746094,361.5099676587091,354.31549235443015,361.5099676587091,7735
2022-10-18,347.1210021972656,365.1816274053096,344.68978398947297,358.2848427089769,22035
2022-10-19,347.8156433105469,352.1819391954775,344.5409289678126,348.8575896149111,9733
2022-10-20,342.10968017578125,346.6744564393936,341.36542416379626,342.60585085043795,8873
2022-10-21,333.4267272949219,346.525646552194,330.49930790304535,342.70512591183484,18240
2022-10-24,334.766357421875,339.3311336469562,330.05273605242417,333.57553569920884,5413
2022-10-25,330.9954528808594,336.4533304328582,327.5718933140097,336.4533304328582,10407
2022-10-27,328.4153747558594,335.4113690077154,326.5299020047683,329.4573210371642,15988
2022-10-28,325.339111328125,331.2435240755022,320.4766448644455,328.71306579574826,22114
2022-10-31,327.22454833984375,332.48394519127936,325.5375559922531,326.9764630113071,17483
2022-11-01,326.87725830078125,330.4496934762144,324.9918156560367,325.7360717224245,20369
2022-11-02,327.5718994140625,329.85427250113133,324.1483094996033,328.3657604137762,109960
2022-11-03,326.1826171875,333.4266970028898,325.0414003962692,327.5222537965883,19721
2022-11-04,325.2398986816406,328.9115740297281,323.65214636128235,326.48032545006794,12965
2022-11-07,324.049072265625,337.1975958241121,322.70943560184526,327.4726622113774,15755
2022-11-09,324.9918212890625,328.4650163257395,322.6102078921126,323.99947985001194,16743
2022-11-10,316.70574951171875,326.629163441485,313.5798801806136,326.629163441485,14523
2022-11-11,316.6064758300781,349.4033735695376,310.5035829655095,318.2934681332577,105699
2022-11-14,310.5532531738281,324.6444828803512,306.93118283755626,312.8356262797733,84460
2022-11-15,308.4197082519531,315.11801298962075,306.98083133047237,312.14098866176846,16774
2022-11-16,304.0533752441406,312.43867153520404,299.8855598587616,310.0074231808425,22941
2022-11-17,299.88555908203125,308.02273973746884,292.8399296517453,305.5915216732583,182007
2022-11-18,290.2598571777344,301.3244576424392,288.2751743936131,297.7024176181891,36276
2022-11-21,294.2292175292969,297.2062416526962,287.7789985952651,291.7483640931308,25884
2022-11-22,290.8056335449219,299.68710113924664,287.82860936141947,295.71773556124333,29473
2022-11-23,283.2142333984375,293.63381824174405,282.61882249347724,292.2941512765476,38262
2022-11-24,285.5462646484375,290.25988674080963,282.81732554232735,282.81732554232735,18474
2022-11-25,292.4430236816406,294.12998589702676,284.85158771890593,286.78666556898656,17180
2022-11-28,290.90484619140625,296.6604439047488,287.7789771515309,292.64144346732064,24521
2022-11-29,290.6567687988281,296.46197162209006,287.82858995838217,295.6681106735474,18304
2022-11-30,292.2445373535156,295.22156150312696,290.75602527870996,292.09569220280616,7251
2022-12-01,294.6261291503906,298.1985639264129,287.7789801619292,293.73302802734844,27338
2022-12-02,305.591552734375,311.59520621835145,293.1872849709056,294.62616186115395,24072
2022-12-05,308.66778564453125,316.5073070659223,305.19459068502874,310.4043831242825,26995
2022-12-06,308.22125244140625,311.9425327824957,305.6411586814795,310.25554024765904,14969
2022-12-07,306.1373291015625,309.8090044814773,305.1449876782187,309.8090044814773,6530
2022-12-08,310.2554931640625,316.40802117451426,305.0953367111584,306.683058521989,28791
2022-12-09,309.908203125,311.8432809436821,303.06105360973805,311.8432809436821,15529
2022-12-12,308.66778564453125,315.5645706062289,306.58389289591514,311.49596473975464,16100
2022-12-13,309.7097473144531,312.0913605432266,303.1602882224347,309.5609021658777,26177
2022-12-14,312.7860107421875,315.5149494992585,309.26318072183733,309.7097464501728,9027
2022-12-15,322.5605773925781,324.8925858654069,311.4463712821097,312.83564326043603,50600
2022-12-16,324.64447021484375,332.0374254683018,314.12564573080965,330.64815361958523,55500
2022-12-19,311.6448059082031,326.2818416216906,309.610518142922,326.2818416216906,20556
2022-12-20,317.3011474609375,321.41935801702937,311.6447896381623,311.6447896381623,17312
2022-12-21,312.3890380859375,320.4270089032413,310.652440761131,317.44998491785867,25652
2022-12-22,298.79400634765625,313.5302824287373,293.83229926876413,312.04177030506963,19733
2022-12-23,290.16058349609375,297.50390289312355,286.0423732510709,297.50390289312355,16669
2022-12-26,303.95416259765625,305.14498440644354,280.3860540459391,282.8669075776988,11923
2022-12-27,306.5342712402344,309.51129562317715,302.6641455991804,305.49232481974764,5345
2022-12-28,302.66412353515625,313.57987881019466,300.67944075787653,308.0723962167858,23849
2022-12-29,304.59918212890625,305.64112840766353,297.75200275243066,301.47328272492655,7905
2022-12-30,296.9581298828125,313.9271719328866,289.06900454431445,305.3434258643896,49097
2023-01-02,305.24420166015625,310.3051485413005,294.32844694091943,295.71771875750596,23390
2023-01-03,302.11834716796875,308.07239548567793,298.99244757408684,303.0610533146259,15447
2023-01-04,299.88555908203125,303.0610331364019,298.69473738423363,302.56486247629516,6374
2023-01-05,304.6488342285156,306.33582685733097,300.97715864055687,300.97715864055687,10057
2023-01-06,307.2289123535156,309.0647500532101,300.2328871115217,301.6717942965447,17852
2023-01-09,307.0800476074219,316.50729057782695,303.06104690762027,303.6564577835748,23763
2023-01-10,306.5342712402344,314.37376272521203,300.67946267721857,306.7823566054796,4439
2023-01-11,313.4310302734375,315.0683874902377,302.961810566047,307.427346766696,23752
2023-01-12,313.6791076660156,316.011115901786,309.16393634061876,315.5645501794996,12308
2023-01-13,313.2325439453125,315.2668619017946,310.1562796753102,315.2668619017946,8938
2023-01-16,312.9348449707031,314.8202874439354,310.90052707065047,313.67910096938857,68880
2023-01-17,307.526611328125,313.2325747032885,305.83964902230446,313.2325747032885,6964
2023-01-18,306.6334533691406,308.91582618359007,304.6487708230621,308.1715702288106,4408
2023-01-19,305.39306640625,307.5762296037689,304.64881035489435,306.63349315850934,2189
2023-01-20,302.8129577636719,306.88156336710455,301.72137621877215,306.88156336710455,4306
2023-01-23,301.0267639160156,307.5762230859267,299.33977145514945,304.35111359839567,9224
2023-01-24,305.78997802734375,307.32812527547685,300.8779065620362,302.5648686706234,9497
2023-01-25,298.3474426269531,312.58754809703385,296.31315482430887,307.32815067116616,68433
2023-01-27,291.5995178222656,298.1489769253265,285.49662444953935,292.7903092967324,28000
2023-01-30,293.03839111328125,304.05338625172425,289.7636767430829,291.79796441489475,16922
2023-01-31,297.75201416015625,298.6947505695157,282.91652893839534,294.52690472709673,25658
2023-02-01,294.1795959472656,301.9694510694649,288.87056383716236,299.68707815073265,10332
2023-02-02,292.34375,297.1566113117762,289.76365659003056,295.6680993772384,11534
2023-02-03,292.9391784667969,294.6757758283084,289.46598374377385,293.68343447887327,3839
2023-02-06,294.1299743652344,295.1719509682165,290.7560197828866,292.93918289821136,16795
2023-02-07,291.6987609863281,295.5192510751485,289.96216357000776,295.5192510751485,6105
2023-02-08,294.3780517578125,295.0230675705157,290.805616885493,291.64911307926843,3680
2023-02-09,287.9278564453125,295.8665877912256,286.09201876479875,295.8665877912256,13321
2023-02-10,287.8782653808594,290.7560495758625,285.3974117155363,289.41638253981637,7019
2023-02-13,287.3820495605469,289.8132676008158,285.69505721925543,288.02706535556297,22423
2023-02-14,285.0500793457031,286.9355220295995,280.9814733748589,286.8362818285823,11439
2023-02-15,287.13397216796875,289.06901960649265,283.31345196041815,283.31345196041815,4267
2023-02-16,288.07666015625,288.57283079398644,282.8172635097844,288.57283079398644,6457
2023-02-17,291.5995178222656,294.1796114427266,285.8439197021826,289.56519984211997,4791
2023-02-20,289.5652160644531,292.1453098294589,286.7866721845128,288.0270989673177,4471
2023-02-21,287.8782653808594,290.7064446160993,285.3477764719149,290.7064446160993,6978
2023-02-22,284.9012145996094,290.7064176956546,280.9318491026698,287.9278436774836,12351
2023-02-23,282.9165344238281,286.34009402575725,281.8249528454724,284.8515819508692,3359
2023-02-24,284.9508056640625,287.33241878935684,282.96612301234154,284.35539481177545,2597
2023-02-27,282.0730285644531,285.00044765869904,268.9741106389472,284.9508124209167,7564
2023-02-28,278.7983093261719,281.7256980851253,277.9548131372397,279.98910075420486,2970
2023-03-01,280.2371826171875,282.9661212462717,277.40900379936585,280.13794242845006,3546
2023-03-02,277.9051818847656,281.2295314512467,276.9128405385835,277.95481712238745,3415
2023-03-03,295.4200744628906,301.5725735467437,277.9548581362213,279.34413016910037,42326
2023-03-06,289.8629455566406,296.06507966096854,287.3820919149095,290.75604681089226,17230
2023-03-08,294.8742370605469,296.5612295318191,289.4163594325972,291.3514372505944,12915
2023-03-09,292.39337158203125,301.67176922516836,290.5575340349098,295.76732610212076,21567
2023-03-10,295.17193603515625,298.6947355871779,289.0194077733075,289.9621441353799,8893
2023-03-13,296.164306640625,302.61452582114447,284.30581464905043,296.6604773468188,33108
2023-03-14,297.9504699707031,299.68706721449576,296.1642677763432,296.1642677763432,16398
2023-03-15,297.702392578125,299.38938491627573,295.81695014856757,299.38938491627573,15674
2023-03-16,297.2558288574219,307.0800321050774,294.37804510008544,298.49625550143355,36022
2023-03-17,297.65283203125,299.83596506553255,296.0154444007157,296.0154444007157,5177
2023-03-20,297.75201416015625,299.7863321267069,295.8169666706336,297.70240920549736,8161
2023-03-21,297.9009094238281,300.3817629990304,296.660482636227,298.94285581187023,7528
2023-03-22,297.702392578125,299.4389898681641,293.23685668945313,293.23685668945313,4395
2023-03-23,297.9009094238281,299.7367168423921,297.10701810944914,297.7024290242691,5549
2023-03-24,297.702392578125,298.74433883860706,295.0726941671223,298.74433883860706,10881
2023-03-27,297.75201416015625,299.687091933534,295.8169666706336,297.80164939867024,9547
2023-03-28,297.702392578125,298.49625351145863,296.75965622141956,297.702392578125,15598
2023-03-29,299.33978271484375,304.64881535848116,295.9162229926928,299.19093755889924,16845
2023-03-31,297.75201416015625,300.87791368389804,297.70240920549736,300.87791368389804,8618
2023-04-03,298.79400634765625,302.46565141572245,295.81698210032096,295.81698210032096,8893
2023-04-05,297.75201416015625,301.5725344683978,293.7330437494241,293.7330437494241,5740
2023-04-06,301.07635498046875,301.6717658382361,295.8169580185412,297.90088087879985,5910
2023-04-10,298.2481994628906,300.7290529945529,297.70242379946757,300.67944803746224,7113
2023-04-11,297.65283203125,298.64517348788513,295.71775407726835,298.29784792129124,27400
2023-04-12,296.26348876953125,297.85124093721447,295.7673181098711,297.7520007485117,6349
2023-04-13,297.65283203125,301.07639188632646,295.71775407726835,295.71775407726835,18147
2023-04-17,302.46563720703125,307.4273440528412,298.64514716284185,298.64514716284185,93359
2023-04-18,306.9808349609375,309.5609287990274,304.20226071843376,306.6335093951423,51371
2023-04-19,303.30914306640625,308.91586592357567,300.8282895646626,307.4769890628781,10418
2023-04-20,301.9694519042969,304.5495453959884,300.72902525289265,303.60683931123344,10686
2023-04-21,298.9924621582031,303.3587886979198,296.71008897196174,301.4237107867337,17186
2023-04-24,300.3817443847656,304.49995500762975,297.70241057603914,300.6298297269123,16223
2023-04-25,301.324462890625,304.79765782333004,300.03443117202,300.23288128357495,9177
2023-04-26,302.0686950683594,304.6487885854631,301.1259889743194,302.86258630338966,7684
2023-04-27,302.3664245605469,305.5915339811336,299.14131513996017,303.5572160224505,11549
2023-04-28,305.78997802734375,306.9311645121816,294.2788124204326,303.65645020197655,69603
2023-05-02,300.7290344238281,311.59518433504104,299.78632831032473,308.56855532685717,46463
2023-05-03,300.4313659667969,302.6145292120554,299.98480021267585,299.98480021267585,9856
2023-05-04,301.324462890625,301.9694787499275,299.9847959312389,301.9694787499275,11255
2023-05-05,304.2022399902344,306.18692276370547,300.77868037631026,302.8626033452261,104806
2023-05-08,317.64849853515625,320.2285923159008,305.3434708314404,306.6335025798841,77050
2023-05-09,318.5415954589844,331.4420339043638,314.6714699821419,320.3277978994173,77706
2023-05-10,327.8199768066406,329.45733400622584,314.57221349389636,316.5568962288736,49834
2023-05-11,326.33148193359375,337.39608270676484,325.2895052725676,327.47266850950706,35609
2023-05-12,320.8239440917969,327.1749529143465,319.5339124593846,326.62914700536095,12447
2023-05-15,312.88525390625,325.4880027100927,309.6105391632589,325.4880027100927,37646
2023-05-16,316.3088073730469,319.7323971663912,312.0417516537916,312.88521757970256,29858
2023-05-17,313.4310302734375,319.03775300192575,310.99978178398635,317.49963597968883,12557
2023-05-18,313.0340881347656,315.9118719669202,310.25551420962836,315.0187708167832,6331
2023-05-19,317.74774169921875,322.0147977843591,314.5722369727021,314.5722369727021,22867
2023-05-22,319.9804992675781,321.51861633712986,314.9195520277224,318.9881578591302,15116
2023-05-23,323.1063537597656,326.28182795017,317.5988410263334,321.61784171567933,17628
2023-05-24,329.2092590332031,331.59087233341666,322.5605595480783,324.7437227388567,38994
2023-05-25,332.6328430175781,336.94950379775065,323.1559646589189,329.06040798928393,40410
2023-05-26,329.3085021972656,333.37710802554824,319.43469307725053,333.37710802554824,59169
2023-05-29,328.3657531738281,330.4496761069493,322.11401465831983,330.4496761069493,25289
2023-05-30,325.7360534667969,330.0527444666923,324.7933170553311,325.487968125238,14501
2023-05-31,325.38873291015625,328.41539229379424,320.0797004627994,327.27417547807914,15688
2023-06-01,320.87359619140625,327.0260946712696,319.8812547962164,327.0260946712696,12412
2023-06-02,325.48797607421875,328.4650002456293,320.4270289260497,320.8735946653036,20066
2023-06-05,332.13665771484375,339.23189221991726,328.46498265321475,328.46498265321475,64770
2023-06-06,340.5715637207031,344.9874645616137,333.9228645565552,336.40371793364704,43190
2023-06-07,350.9414978027344,357.1932662185289,340.52191406026355,340.5715492960159,73645
2023-06-08,349.4034118652344,357.2429028430751,344.3424646848529,352.72776160123976,35072
2023-06-09,346.5751953125,350.19723496193023,342.35774483267716,349.4033740439753,13510
2023-06-12,342.6058654785156,351.38809285168037,341.8120044787117,347.31948708900933,13277
2023-06-13,354.265869140625,371.08606747807073,343.3005091141001,344.29285048424197,97358
2023-06-14,348.9072265625,360.17030700135297,347.41871452962573,356.0520661499836,31240
2023-06-15,346.6248474121094,353.52163242488854,345.08673031790875,350.69345330871806,12702
2023-06-16,350.4949645996094,353.1742679800118,347.91487112363205,348.36140654510564,17504
2023-06-19,358.9794921875,365.42971112106943,355.2582120335176,355.2582120335176,45285
2023-06-20,430.775390625,430.775390625,387.01313057270056,397.9288855375716,232370
2023-06-21,463.7707214355469,516.9106172319069,456.0800762142234,483.22061734237434,3845086
2023-06-22,443.92388916015625,473.34680281729055,441.59188103499855,463.7707152740888,1072182
2023-06-23,463.4730224609375,473.29722620260753,446.55361429935937,447.4467154711871,565130
2023-06-26,448.7367858886719,471.16367693650534,446.5536227306685,467.2935515962773,176010
2023-06-27,454.6908264160156,467.24393865022296,447.7444368478853,450.5229805615954,179243
2023-06-28,447.8932800292969,466.30120019046484,446.5536131331265,466.30120019046484,105559
2023-06-30,434.6455383300781,461.43875644631584,431.7677542928832,452.8550092917739,138971
2023-07-03,435.4393615722656,448.58788413684385,433.7523994890094,446.55359653284694,69925
2023-07-04,429.2868957519531,439.1110695564447,422.1420255574922,437.6721624127173,122561
2023-07-05,432.95855712890625,438.2675898770532,426.7068181853155,431.6189204151778,71331
2023-07-06,432.85931396484375,442.58424719321545,430.77539104909124,435.6378576632771,72080
2023-07-07,456.5762634277344,483.2702398166902,452.40841762378153,476.32385033267207,1201039
2023-07-10,450.3244934082031,464.3165125276815,447.59555469029925,461.63720904768866,106043
2023-07-11,448.3398132324219,456.4770244779623,446.65285109488144,452.7061394327732,70451
2023-07-12,440.649169921875,454.98851472410473,438.7141224352371,453.45039772571135,129545
2023-07-13,443.82470703125,451.51535315644213,441.5919388013555,448.4887238916836,122242
2023-07-14,446.7521057128906,454.492356438253,444.5689425422213,454.4427514823152,154391
2023-07-17,438.8133239746094,450.8206291765617,437.5728973807009,449.5305976324378,91658
2023-07-18,440.25225830078125,442.534661702747,436.6302182290614,438.81338143374927,70440
2023-07-19,439.1110534667969,443.378109217452,437.6225414211467,443.32850426280567,41894
2023-07-20,437.3744201660156,442.38573152800126,434.89356696030933,441.4926304307175,47446
2023-07-21,431.3211669921875,438.06910642497127,428.6914684393191,436.6301993363436,57589
2023-07-24,419.1153869628906,433.702787045969,417.3291543125702,430.67615795727687,80187
2023-07-25,412.4171142578125,425.3175531572676,409.2416094920958,425.3175531572676,91521
2023-07-26,420.95123291015625,423.7297767094627,410.97818369550976,416.73378197101056,111137
2023-07-27,415.93988037109375,423.77937115979597,413.80635247624866,423.2335955182735,55449
2023-07-28,414.5506286621094,418.7680797017598,408.74542529193684,418.1726687923319,70808
2023-07-31,420.8023376464844,423.13434587737646,414.69944439651283,416.78336728973244,103217
2023-08-01,424.4740295410156,427.69913905827644,421.1993150678009,427.69913905827644,48832
2023-08-02,419.0161437988281,425.5159676636929,413.80635160239507,425.5159676636929,74755
2023-08-03,415.2948913574219,417.47805463222244,409.29123777750624,411.82169632814833,53357
2023-08-04,420.5046691894531,422.687832387873,416.08873783604497,417.67649013636344,62692
2023-08-07,422.2412414550781,428.0464443685169,417.7757054114874,425.26787043774783,63367
2023-08-08,421.34814453125,426.30985129614027,413.6078638077084,424.4244087822529,166454
2023-08-09,411.6728210449219,422.7374212003188,409.83698346415883,422.7374212003188,58454
2023-08-10,406.314208984375,416.4857086007531,404.3791310901554,416.4857086007531,73423
2023-08-11,397.6807861328125,409.34079670563983,395.24953777217075,406.31416777687303,73874
2023-08-14,390.0397644042969,399.91357317564973,384.5322818996632,397.68080508720004,65997
2023-08-16,388.8489990234375,397.0854208555965,384.58191266438587,391.87562829958017,75037
2023-08-17,394.2572326660156,399.4174201454121,388.1543390112484,390.78403770822945,103201
2023-08-18,389.7420654296875,399.81432408102944,385.82230498146134,396.9365402211967,62098
2023-08-21,384.6811218261719,392.96717823202727,379.5705698832081,387.01313007699656,52554
2023-08-22,382.2933654785156,392.9886255406992,380.5522766311834,386.37249399327277,117644
2023-08-23,381.0497131347656,385.92475561157363,380.1045385160612,385.92475561157363,81030
2023-08-24,377.6670227050781,386.82015662955314,375.0802562447478,386.02424250122584,195713
2023-08-25,373.0904541015625,380.85072340200344,372.1950430841545,377.07008561197915,106085
2023-08-28,375.6772155761719,381.149208829007,370.05599221614966,377.91575827051355,123564
2023-08-29,377.02032470703125,383.7359523882414,376.17464700066574,379.0598735616392,123305
2023-08-30,410.10101318359375,419.9008308643311,374.2345682621489,379.1593740876157,447561
2023-08-31,414.5283508300781,425.6215673172561,409.70304167117376,415.8714825039019,316852
2023-09-01,409.25537109375,420.54758184101735,407.61377912975667,416.4186897626789,103325
2023-09-04,422.38812255859375,460.64234216865947,403.9823270291765,411.49389963821875,1152082
2023-09-05,418.60748291015625,429.0042822122733,413.6826768486948,424.22870625766683,247224
2023-09-06,414.6776123046875,421.4430044333609,411.64315526872673,421.4430044333609,113125
2023-09-07,415.9709777832031,420.6967900664515,413.5334414080249,416.86638877496193,68855
2023-09-08,412.2898254394531,419.7516346487658,410.1507795385527,417.463358636115,69909
2023-09-11,411.0461730957031,417.36384403009606,409.9020351380205,417.36384403009606,65263
2023-09-12,395.8240966796875,414.77707919629205,389.40692886203306,411.0461747353716,159597
2023-09-13,397.9134216308594,401.79355631850694,388.71052367425136,391.49625361354214,70655
2023-09-14,403.0869140625,410.8969468486448,399.3062763332192,399.3062763332192,61035
2023-09-15,406.569091796875,410.84721382144505,402.8879509242115,406.71832190376244,69598
2023-09-18,399.206787109375,407.8127342045307,397.963152258567,407.8127342045307,37336
2023-09-20,411.493896484375,415.52326116776374,396.6200118500006,400.69914014363775,110259
2023-09-21,397.4159851074219,412.68779755562997,393.98354060125087,410.89697542504194,67075
2023-09-22,394.6799621582031,401.4453234947803,393.2373336091993,401.4453234947803,43027
2023-09-25,395.0281677246094,406.8675959696402,391.3967599788269,397.76416443696564,53456
2023-09-26,396.7692565917969,403.9326055844721,395.02816777462243,398.7590723828534,31883
2023-09-27,395.923583984375,400.84835953665146,390.7500511118613,400.84835953665146,52012
2023-09-28,387.96435546875,399.7042567774534,387.0191808000731,399.7042567774534,67803
2023-09-29,387.06890869140625,391.8942181080292,385.1785897424081,388.01408334699516,72118
2023-10-03,387.56634521484375,391.0485227293066,384.43239152426287,390.84955937435865,35388
2023-10-04,382.24359130859375,392.3916327151034,379.85578828383694,386.02422882749755,41148
2023-10-05,384.1836853027344,388.01408684789965,382.0943726088097,385.42732019647764,20799
2023-10-06,381.84564208984375,390.401856151906,378.761451871699,386.521721391837,78750
2023-10-09,371.8468017578125,381.3481593969873,369.21030207865414,381.3481593969873,57831
2023-10-10,376.52288818359375,379.010157809956,373.1899408118327,377.0203421088662,30890
2023-10-11,376.62237548828125,381.99490246781244,375.7269644457526,377.0700961906354,42385
2023-10-12,386.96942138671875,389.207964054913,380.0547996667586,380.40302348757996,68433
2023-10-13,385.92474365234375,389.30742422353865,384.13392169176336,387.01914834477736,30186
2023-10-16,396.96826171875,417.5131042791265,386.02427455357144,387.914593536939,341024
2023-10-17,394.4312438964844,400.8981451611722,392.98861531564387,397.16724058539074,53988
2023-10-18,388.8099670410156,396.9682233755597,386.12373412269795,396.9682233755597,42105
2023-10-19,384.6811218261719,389.60592792707104,382.9897966646413,388.8099834138402,40007
2023-10-20,380.7512512207031,387.96433322566725,379.0598957091505,380.1543004306152,30769
2023-10-23,359.26123046875,380.60198561976483,356.17701006336347,378.06498274882154,83423
2023-10-25,356.2765197753906,370.105733307733,352.247124622878,370.105733307733,54521
2023-10-26,362.79315185546875,367.02151033947695,348.8644415552064,361.8480075881154,65365
2023-10-27,374.83154296875,377.81626660221053,364.33527700261874,369.85700357964913,39203
2023-10-30,371.4488525390625,378.46294074932644,369.11081301491515,375.12999337338687,12485
2023-10-31,369.2102966308594,373.0406977953183,366.47430013655685,371.44883921710687,14723
2023-11-01,364.8824462890625,370.05597914478045,363.0916243417172,368.11589673334186,14860
2023-11-02,370.5036926269531,371.69759424131803,365.18092933636007,368.11591976040256,16167
2023-11-03,383.5369873046875,386.42221408097697,370.50368801904443,372.7919943577546,50575
2023-11-06,398.01287841796875,399.9529608955424,383.98470184047983,383.98470184047983,95780
2023-11-07,392.78961181640625,401.9427762926954,390.99878980947847,399.95296056847417,57236
2023-11-08,394.7794189453125,396.9682283391715,389.20795932854,396.9682283391715,31386
2023-11-09,393.5855407714844,400.84835573304184,391.9439489363025,397.96312911936195,61642
2023-11-10,404.4797668457031,422.8358284860263,400.4504022720602,422.8358284860263,628766
2023-11-13,406.6686096191406,409.90206033782493,405.67370170569933,409.90206033782493,65924
2023-11-15,406.3203430175781,412.9364738732735,403.58434654353914,412.8867406277071,74133
2023-11-16,410.29998779296875,413.8319288478656,403.9325836793263,407.91221504562503,129988
2023-11-17,410.6482238769531,414.5283585025673,407.91222723089226,411.8918587160717,111922
2023-11-20,406.51934814453125,416.6673898614767,403.98231494366166,414.87656790030326,55923
2023-11-21,407.7629699707031,409.90201567911754,404.43002275136234,406.7680621656567,41196
2023-11-22,402.7386779785156,411.8918421716454,398.80881026205884,410.94666758700856,48978
2023-11-23,407.1163330078125,413.2847438944884,398.8088458033981,402.7387138700798,127387
2023-11-24,427.3626403808594,435.4213997659672,407.6137445154718,407.9122047155148,1308018
2023-11-28,428.90478515625,434.7747354665434,425.8205647132279,432.7849197435844,448869
2023-11-29,424.8753967285156,432.78492649554715,422.83584772553456,432.73519324656866,226667
2023-11-30,423.6815185546875,434.3767780572922,421.8409329399431,424.8753897702294,202879
2023-12-01,428.75555419921875,431.7900110258424,423.83074814979,423.9799782562803,460739
2023-12-04,433.4316101074219,441.2416430064659,431.09357052638364,433.7301006875295,584965
2023-12-05,441.34112548828125,442.7339903968695,433.77981980457326,438.75435902251564,410727
2023-12-06,439.79901123046875,445.66899194576195,436.16760358201316,444.72381732559,274455
2023-12-07,442.2365417480469,446.6141302395964,436.81428179096673,439.84876896739974,351615
2023-12-08,448.0567626953125,449.698354598735,440.79391706966305,446.7136310062656,565912
2023-12-11,497.05596923828125,528.2960697379184,490.78803154950754,527.3011618853046,4160603
2023-12-12,493.9220275878906,511.38264868105915,487.5545928865546,502.3787445407875,1089572
2023-12-13,522.9733276367188,526.2565113465895,494.9666477981944,497.45391738512,2167737
2023-12-14,538.7922973632812,547.0998137801528,525.3113090578969,528.2960324048167,1334890
2023-12-15,512.42724609375,541.5282990079907,508.3978816812641,540.4339247265979,592452
2023-12-18,516.1581420898438,528.2960291029938,514.3673202377548,518.7449387422848,328197
2023-12-19,557.2478637695312,564.8091998814357,515.2628009830078,519.2424323921081,1350273
2023-12-20,546.6521606445312,574.5095819894952,530.285913459493,560.5311380666262,1193294
2023-12-21,558.8397827148438,564.6102364223946,524.7144536979744,539.1903515794388,599680
2023-12-22,547.2490234375,568.0923539996975,543.2196589909541,563.1675482430957,190028
2023-12-26,540.2349243164062,553.0692589628351,534.8623980168892,549.3383547893792,157902
2023-12-27,554.4124145507812,562.1229505988181,543.2197009326632,545.6075041276048,475950
2023-12-28,546.254150390625,557.1484036424332,544.2146014150196,554.4124070174034,127531
2023-12-29,539.0908203125,569.3360447054239,534.3152745463434,551.4277025390671,273850
2024-01-01,560.5311279296875,562.1726895089275,540.9314304072743,545.2095221772975,410614
2024-01-02,624.7026977539062,633.656868897683,553.4175220806503,564.5107695096287,2787584
2024-01-03,672.7566528320312,694.3958970422439,609.8784690050719,626.79190126133,1744236
2024-01-04,680.6661987304688,697.4303709463567,665.6430544480822,697.4303709463567,972600
2024-01-05,652.6098022460938,676.6865838405411,646.6900885216783,676.5373233765249,533462
2024-01-08,650.7692260742188,665.2451844424162,647.7347691568522,657.4351210771222,224214
2024-01-09,653.7041625976562,657.6340605810979,645.1479797451927,651.8636074440163,131157
2024-01-10,643.1084594726562,665.5436193781791,633.7563013792019,657.4350960990481,221745
2024-01-11,668.8765258789062,673.5526048521452,646.590626791085,646.6900932849253,315060
2024-01-12,657.0869140625,674.3982745441803,655.6442855079373,667.583179932968,114429
2024-01-15,657.5346069335938,666.5882438665164,648.5306425227786,665.9913234602585,107817
2024-01-16,641.466796875,670.2196562631318,637.885153124803,657.4847879860927,150833
2024-01-17,628.3341064453125,647.9835385443643,616.8429317170686,631.9158115157065,114212
2024-01-18,649.1774291992188,650.9185180897913,613.3110101982951,632.5624544985964,184310
2024-01-19,641.7653198242188,663.0563728778386,637.0395073649471,650.1723036071631,96393
2024-01-23,608.4856567382812,649.674868723513,600.0289394578068,635.7461579086138,174547
2024-01-24,660.5194091796875,664.5985074657053,608.1374815694795,621.8174658174638,385835
2024-01-25,687.8295288085938,702.3552200855247,658.6290072338162,667.8319049935031,602165
2024-01-29,660.5194091796875,692.7046569206547,656.9377041419617,689.1230126072908,145763
2024-01-30,708.8718872070312,730.0136803342585,651.664682274534,665.5933930407073,1409596
2024-01-31,659.8726196289062,716.0351788948504,656.6391691746372,713.3489156033559,649373
2024-02-01,656.63916015625,675.5424087062027,642.5611902358856,666.7872320489902,354809
2024-02-02,651.4656372070312,663.3547979617912,646.6900917512775,661.61370925323,183385
2024-02-05,625.6975708007812,651.4656476665904,618.8326823499223,650.6697335319119,255083
2024-02-06,631.8162231445312,634.1044990733008,618.8824209891699,631.4680296839372,108875
2024-02-07,635.994873046875,649.2768691797763,622.9616038881804,637.6364953663837,174622
2024-02-08,636.9400634765625,644.0038854293285,631.8162633911948,641.7156093547959,96984
2024-02-09,613.5596923828125,636.7907667367472,610.873429002912,631.6670276675096,162918
2024-02-12,581.3743896484375,622.6630662608007,574.0618410923763,611.9180734077561,195452
2024-02-13,593.4625244140625,614.355588978514,560.9787592657804,588.3387247668478,154782
2024-02-14,597.6411743164062,611.6196178540885,585.3042923424164,590.7265524210899,104652
2024-02-15,617.6885375976562,620.4245342879847,601.6705449003864,603.9090876470187,96595
2024-02-16,612.017578125,629.6273982001271,608.933327406246,617.6885041970008,86318
2024-02-19,618.5342407226562,634.7512270108197,613.2114471336405,618.7829676924881,52945
2024-02-20,608.2368774414062,621.0712127352077,604.8542272547942,615.8479466289044,35809
2024-02-21,594.7559204101562,621.81742697707,586.0504764324772,608.3861705543652,163622
2024-02-22,605.7994384765625,611.8683523154766,593.8107498232521,593.9600102964871,80856
2024-02-23,599.531494140625,613.0125451673947,594.9549419538016,608.983119472667,53924
2024-02-26,597.044189453125,606.3963477358407,591.9701835977444,595.0046404612311,41233
2024-02-27,597.1437377929688,608.5851787209147,589.0849473134521,602.9141915074086,56431
2024-02-28,589.4331665039062,606.5953268764159,578.0911927505923,606.0978729525751,65904
2024-02-29,590.8259887695312,594.9548805412904,576.7480794522055,586.9956179253534,54365
2024-03-01,593.61181640625,600.3274446586365,590.9752862100141,590.9752862100141,47719
2024-03-04,590.527587890625,600.4269339085545,586.6972166616486,597.8899308397285,63263
2024-03-05,586.9459228515625,595.9000938768362,584.0606656758976,589.9803797763669,54477
2024-03-06,566.3015747070312,592.8158331464181,563.2173238593058,592.8158331464181,100942
2024-03-07,562.5209350585938,575.5044706419386,560.1331318763052,572.0720263390328,62519
2024-03-11,542.4237670898438,562.4213904053729,538.742595933057,559.1382066747517,79233
2024-03-12,522.8738403320312,544.4136208887811,519.3419293938607,544.4136208887811,70575
2024-03-13,492.7778625488281,527.7986321926262,486.50995502769877,525.8088164256417,178677
2024-03-14,510.9846496582031,522.0281632751031,480.59022685543084,488.49975644166926,117043
2024-03-15,512.1288452148438,530.2859145206638,492.4794140482713,511.3826642844676,101558
2024-03-18,510.1390075683594,521.2819877966352,500.9858430692629,512.1288232975387,98178
2024-03-19,506.6070861816406,515.0638028535034,502.4284610930255,514.2678887233757,57479
2024-03-20,509.6912841796875,527.3011654343474,506.4081003888355,509.14409700193823,93492
2024-03-21,533.121337890625,536.255321853537,514.3673495329845,514.3673495329845,76152
2024-03-22,539.0410766601562,543.2197018965396,527.6991632749531,528.2960837125688,42853
2024-03-26,518.7449951171875,541.8268094513885,507.7014811678341,539.7375271842894,129270
2024-03-27,528.3955078125,533.0218533680581,517.0038620922824,518.147969626636,114103
2024-03-28,512.9247436523438,534.912244160508,507.90047102022777,529.3407236167586,129742
2024-04-01,546.1547241210938,552.969819199301,515.5115718086063,515.5115718086063,170769
2024-04-02,516.6556396484375,550.134313433356,512.8750019246114,546.1546819926219,774927
2024-04-03,519.1429443359375,529.9874650335792,516.6556745176124,521.3317539209357,241030
2024-04-04,528.2960815429688,531.2310719186346,517.4018281685388,524.2169835458452,168872
2024-04-05,530.3356323242188,538.0959016292279,525.4108261823076,528.0970895982916,144093
2024-04-08,541.379150390625,559.138231863816,533.2706268309705,535.2107093533056,259464
2024-04-09,561.1777954101562,570.9278807992605,541.7770911333669,550.1840751315142,256795
2024-04-10,560.5311279296875,565.9533273353583,555.3575947714546,565.9533273353583,122536
2024-04-12,578.0414428710938,582.5185280568423,559.1879275551262,560.730022529791,278163
2024-04-15,552.6713256835938,565.7543885561257,521.7297149980717,560.0336682632712,411816
2024-04-16,564.9584350585938,574.7085812018992,547.8958007565293,552.1738926447608,370870
2024-04-18,569.4354858398438,579.9815455248701,562.1726706518838,576.0516473574395,139953
2024-04-19,578.8871459960938,594.9549331115081,552.7210799790382,564.1127877495403,243044
2024-04-22,589.5326538085938,595.6513615775604,576.1013973907864,578.0912131563874,158094
2024-04-23,598.2380981445312,606.8440756256987,588.5377462813653,589.8809083585724,151645
2024-04-24,602.61572265625,606.2968940035191,594.0594783457922,598.2381036393313,106912
2024-04-25,647.0382690429688,652.5600559602644,599.8796753492339,599.9294085947939,627152
2024-04-26,631.1696166992188,655.6443275501948,628.1350989254536,651.5154353403694,152005
2024-04-29,618.2854614257812,644.6007847517285,616.8428329779783,640.571359601987,98613
2024-04-30,619.4296264648438,626.1950486792987,616.1464425809809,619.8276139095852,56019
2024-05-02,628.1350708007812,631.7665088817346,617.8875316992248,621.8174300017073,90341
2024-05-03,613.858154296875,637.7359431187956,609.9779893235701,628.7817723105754,106885
2024-05-06,602.416748046875,621.2702653535775,597.5416749290058,616.942379449095,59770
2024-05-07,595.850341796875,609.4805309028926,589.4829072014959,606.3963408258427,65415
2024-05-08,593.2138061523438,608.3861508799299,587.0950985790173,590.7762697725489,43908
2024-05-09,578.3896484375,596.1487898143706,574.0618236236669,592.9650725818119,73996
2024-05-10,578.6383666992188,583.0159854187258,570.1816501871724,580.9267032760797,43096
2024-05-13,575.4049682617188,583.8119522870435,558.3423339567175,583.8119522870435,62384
2024-05-14,593.6614990234375,604.9039450681558,570.9776132282523,570.9776132282523,71135
2024-05-15,604.6552124023438,615.7981918510502,595.9000359513433,595.9000359513433,65897
2024-05-16,620.9219970703125,628.7817937823354,605.9486452967917,613.6591815338378,89930
2024-05-17,616.1961669921875,626.6924936341977,609.4308055991287,617.5393290556558,64185
2024-05-21,630.4234008789062,638.7308573664369,612.1170716428354,619.6783472222277,121890
2024-05-22,635.0994262695312,641.7155880171256,621.9168967482492,633.6070644369332,114552
2024-05-23,638.880126953125,681.8103660459176,631.766511237635,635.8954032779866,953614
2024-05-24,617.6885375976562,649.0281360505081,614.5546141869861,648.6799425796643,262115
2024-05-27,603.5608520507812,624.2549225193278,601.9192298614175,624.2549225193278,95642
2024-05-28,597.9893188476562,611.3708408533529,595.9497700100217,603.212584778462,72963
2024-05-29,594.606689453125,601.3720505586698,593.0148004890025,597.6411461926317,37694
2024-05-30,598.9843139648438,605.8989363023288,593.8605745013376,595.9001236363007,78367
2024-05-31,606.097900390625,620.8225250580269,597.7406498020234,600.0289258104104,92168
2024-06-03,608.7841186523438,625.4985578643805,601.9192304124437,623.5087422266533,99326
2024-06-04,568.3411254882812,611.9678116627151,532.3751813973979,611.8683451646267,146285
2024-06-05,581.9713745117188,590.676818431216,548.194239959198,557.247877345732,80756
2024-06-06,595.9498291015625,611.8186221715927,587.8413054676157,591.7712037977149,72902
2024-06-07,604.3070678710938,611.6693497152114,596.9447253026184,596.9447253026184,59231
2024-06-10,622.2154541015625,630.721904900232,605.9486727398215,615.1515712459925,107677
2024-06-11,623.9066772460938,630.0751179502411,620.4742938046901,625.9462868814675,71128
2024-06-12,625.6477661132812,634.0547494419092,620.8224874158965,628.7817500750747,73539
2024-06-13,629.2294921875,638.7308501658116,624.8021400375852,627.438670173028,93670
2024-06-14,630.1746215820312,641.516534009327,624.1056475985043,629.7766341743285,90918
2024-06-18,647.7844848632812,660.9670140389495,625.6975788993831,630.1746642797987,245060
2024-06-19,657.0371704101562,666.5882615092023,642.4617460739812,652.4108246039693,278043
2024-06-20,671.46337890625,683.153546955952,652.2118742365925,657.0372140789581,253302
2024-06-21,667.135498046875,685.1931012046832,657.2859460080022,671.6623169681015,154822
2024-06-24,675.0946655273438,692.6548122265084,662.9567784025883,667.1354032454518,171298
2024-06-25,660.967041015625,683.8499227828012,657.6838570808585,678.9749104931053,51520
2024-06-26,671.3638305664062,675.4927225906662,656.639205971315,670.8663766224886,58018
2024-06-27,646.192626953125,672.5576840959392,638.7308183278002,672.5576840959392,68147
2024-06-28,644.0535888671875,656.6391977810677,639.6262974010285,651.1174712173257,65023
2024-07-01,763.2933349609375,772.8444262851598,642.9094819099156,642.9094819099156,1434858
2024-07-02,726.5811767578125,758.8162147685554,719.4676222015255,750.1107712482233,466429
2024-07-03,716.4331665039062,735.2369504187023,712.5033288125502,735.2369504187023,103645
2024-07-04,711.2098999023438,734.2420424617204,708.4739031316531,719.3681569634572,128804
2024-07-05,699.3704833984375,721.7559099624964,696.4354931040564,711.2596443184422,105173
2024-07-08,691.4609375,708.9712909081,686.5858648739272,705.3896470323741,63488
2024-07-09,713.1499633789062,735.2369306809039,681.1139171773024,691.4609835226363,570833
2024-07-10,689.5208740234375,725.1883569180958,661.7629814138324,718.3732017038083,197929
2024-07-11,694.147216796875,696.4354926994448,685.4915063855964,690.0680581907361,56463
2024-07-12,693.60009765625,715.6372721878067,687.48138950908,694.4457451191576,98008
2024-07-15,679.422607421875,697.0822220808226,672.7567125606683,697.0822220808226,83128
2024-07-16,679.024658203125,696.435546875,671.6125820236547,679.4226456625121,46866
2024-07-18,661.5640258789062,676.9353652095677,659.5244768114242,676.5373777564378,61376
2024-07-19,692.6549072265625,706.3348911498219,638.2831650163724,664.1010377291416,281456
2024-07-22,675.293701171875,690.4660458390883,667.6328986048699,685.4915066039364,94704
2024-07-23,662.6583862304688,686.0884548328972,625.7970611486962,678.6764396515607,87976
2024-07-24,685.3422241210938,691.4609314735146,664.3994267587451,664.3994267587451,75853
2024-07-25,683.2032470703125,689.7198814796301,671.5628128362788,672.1100000203851,32956
2024-07-26,700.7633666992188,714.3438840492303,678.2784720759927,678.2784720759927,119263
2024-07-29,705.8373413085938,720.3132374579402,697.4303583674255,704.2952463843208,69930
2024-07-30,702.4546508789062,711.3590879711077,697.4303785562888,697.4303785562888,27221
2024-07-31,696.7339477539062,706.3845659404997,691.7096753100457,702.454667830185,38596
2024-08-01,678.2286987304688,708.3246614255169,672.5577117967784,707.1804930994336,68484
2024-08-02,682.705810546875,691.4609878889423,673.2541855325658,682.5068168227546,54674
2024-08-05,641.715576171875,675.9901644394148,637.3877512269704,646.2423948356578,129938
2024-08-06,624.7026977539062,656.937677436887,620.2753454323891,644.9490493281467,87742
2024-08-07,646.7398071289062,651.4656192072855,622.8620197855163,632.2141774514187,75621
2024-08-08,638.1339111328125,649.6250845087358,633.8060256059521,641.7652883043378,35227
2024-08-09,654.599609375,662.6086051451722,639.128804988328,642.6109823426946,78513
2024-08-12,705.8871459960938,754.6873657202966,624.9016196850931,655.8930246623323,1715082
2024-08-13,680.6661987304688,710.2647059139982,677.5819481019428,706.3845411867521,409315
2024-08-14,683.9494018554688,696.3360165196458,671.2643269862999,686.386938190886,118237
2024-08-16,738.2216186523438,750.0112522885183,685.4417697870978,685.4417697870978,1085987
2024-08-19,748.021484375,754.9361064623072,729.6156881253521,746.180929039779,196857
2024-08-20,719.915283203125,750.4092325545812,716.4828997609804,748.17068993178,128536
2024-08-21,729.5659790039062,731.7050553609765,717.4778839882877,721.109261528433,71717
2024-08-22,742.8480224609375,782.9925327271535,734.9384923552257,734.9384923552257,627040
2024-08-23,746.5789184570312,760.7065621712209,729.864417023052,743.6439279835432,131170
2024-08-26,749.4143676757812,756.0305294299043,735.2369302521107,747.6235456197683,113996
2024-08-27,807.1190185546875,817.8142782766757,761.1542623022948,761.1542623022948,2041545
2024-08-28,799.1597290039062,823.1867778257922,790.9517392569006,823.1867778257922,248089
2024-08-29,783.9874267578125,805.3779466503162,776.0778967922241,802.7414164203337,176803
2024-08-30,788.6137084960938,799.7068942640938,781.0026393767569,786.0766449734119,104563
2024-09-02,765.830322265625,804.7311951510509,762.099417805091,800.9008241946452,148209
2024-09-03,765.18359375,775.2819325932506,755.2843093435326,757.2243310477273,97620
2024-09-04,768.0191650390625,774.784526609691,742.7982133562215,757.0254448962462,79910
2024-09-05,783.1417846679688,795.9263270057547,768.8150864921213,779.5600797618271,152264
2024-09-06,769.2628173828125,785.7782645971421,761.6517474902873,785.7782645971421,89668
2024-09-09,781.8483276367188,802.1942057826034,742.2012731909912,769.2627794790195,371621
2024-09-10,772.0982666015625,794.5832216621293,767.1237270825468,781.8483519139614,73785
2024-09-11,743.47802734375,777.9819068880626,732.9075101851968,777.7824505356207,119191
2024-09-12,749.6607666015625,752.1039698330973,738.4420321495937,743.8270490327507,86961
2024-09-13,779.527587890625,785.8100673729109,749.910115056382,750.3090277616678,136329
2024-09-16,769.4556274414062,795.7324348583469,763.1232990286107,788.3529758008472,162154
2024-09-17,773.8433837890625,782.7186737483195,759.4335302554513,774.8406046444608,61651
2024-09-18,768.7077026367188,785.810065333788,759.8823220613533,773.8434145926643,71489
2024-09-19,746.96826171875,781.6715349490704,731.3617920149754,768.8572714379827,82778
2024-09-20,762.9736938476562,767.7604029077878,745.9212406339233,755.8934497333073,73144
2024-09-23,761.9764404296875,772.3475617967997,755.7937197442687,767.4113063300921,45959
2024-09-24,781.5718383789062,791.3445905006816,761.9764244006107,761.9764244006107,148192
2024-09-25,766.81298828125,786.8072542419214,764.220177540095,781.5718447555208,44394
2024-09-26,746.8685913085938,772.0484185643131,743.029254395828,772.0484185643131,54769
2024-09-27,777.18408203125,784.8128462424631,748.9627428083444,756.6912047630827,130275
2024-09-30,755.9432983398438,777.7326117336553,751.954414701493,776.7353908240675,45757
2024-10-01,757.4390869140625,772.7464635307913,753.4502035010565,755.9432556341853,118192
2024-10-03,727.1734619140625,766.6633835493941,722.1873576234635,738.9406558667699,95534
2024-10-04,698.7028198242188,730.8132828200717,694.2153259547389,727.9712277156135,127473
2024-10-07,663.7003173828125,717.9990042525149,659.1629747373782,717.9990042525149,114208
2024-10-08,683.0464477539062,688.0824009792714,641.3127177838879,663.0521814637743,83993
2024-10-09,687.7333984375,704.0379353417659,683.7445149511443,689.8773867920971,64213
2024-10-10,684.6419677734375,694.6141763517863,680.3539302578537,687.7333889520442,41664
2024-10-11,678.1101684570312,687.0353071120348,673.1240642772002,674.4204391908503,50383
2024-10-14,673.5230102539062,682.7971523137603,666.3430077068948,681.0021668933906,44934
2024-10-15,690.6253051757812,695.0629502449999,673.024393241981,673.5230036797465,78419
2024-10-16,691.7721557617188,709.8716787149849,671.6781301277575,690.6253273717875,108942
2024-10-17,675.6171264648438,695.5615434822561,673.1240743376673,692.5698809296442,54215
2024-10-18,668.4869995117188,675.1185427788765,658.3652439938071,675.1185427788765,34992
2024-10-21,656.2710571289062,675.0687078190306,650.1381850460812,671.8775887309862,39580
2024-10-22,625.6065063476562,660.1103859561736,619.4237854691863,650.1880258426763,62780
2024-10-23,632.686767578125,646.1990976474938,618.3766121525706,618.3766121525706,85412
2024-10-24,635.927734375,645.8001840557747,629.3460403889545,634.9803624150167,39443
2024-10-25,616.7811279296875,635.7781739409955,610.2991920662389,629.5455433030643,57862
2024-10-28,612.7423706054688,625.5566343312814,607.4571122119031,616.7811029219891,48046
2024-10-29,630.941650390625,636.4762139913566,614.0387446379599,617.2298635635492,42236
2024-10-30,629.44580078125,653.2793421258974,618.8752234519732,631.1410883672739,79466
2024-10-31,630.8419189453125,634.1327966179197,620.4210092005019,623.2630644280805,53302
2024-11-01,645.9498291015625,648.1935760957401,633.2851116724315,636.5260795529102,14071
2024-11-04,640.8140869140625,646.6977142114658,628.6978902372828,645.8999497132238,41136
2024-11-05,652.8804931640625,660.957957585266,633.2352305319343,633.2352305319343,51920
2024-11-06,669.0355224609375,672.4758858545086,658.1657903647607,658.1657903647607,33408
2024-11-07,679.4065551757812,722.985118637815,671.1794831361096,688.0823887725412,280040
2024-11-08,656.9192504882812,684.5921297308615,653.2793699534047,681.7999234578698,59835
2024-11-11,634.8806762695312,656.9192326309377,632.0884092069111,656.9192326309377,41969
2024-11-12,638.8695678710938,656.9192410786163,636.3266059873969,643.2074542629337,30112
2024-11-13,618.4763793945312,638.2213399253662,608.6537175654245,638.2213399253662,51799
2024-11-14,610.84765625,624.0608333075564,608.6039092024904,613.2908596526173,32653
2024-11-18,602.3214111328125,618.2270963316944,596.63723994736,616.0830470948597,44860
2024-11-19,608.1551513671875,627.9998719447642,604.4155729316292,606.2604681458253,32897
2024-11-21,599.6787719726562,609.5512833622836,593.3464435182965,607.3075363069623,30549
2024-11-22,604.5153198242188,610.1994911091883,594.044500407629,597.335317194022,19781
2024-11-25,615.63427734375,620.4708350636784,610.3988677966984,616.5816493396561,22929
2024-11-26,610.9473876953125,621.7672097415552,607.9557250983203,616.2824949804028,33658
2024-11-27,627.052490234375,631.5399842878636,609.25212150175,612.293633076008,35737
2024-11-28,623.163330078125,632.8862333120603,619.2741444383389,628.2491320388945,65292
2024-11-29,624.459716796875,630.0939781554296,617.4293218834313,626.9029200851652,41067
2024-12-02,658.564697265625,662.1546681079491,622.2658326797593,623.2630535654641,118629
2024-12-03,653.827880859375,673.124080143956,649.9885440310873,658.1657672518681,67935
2024-12-04,641.1631469726562,661.1075636395682,629.5454999179683,660.160191674784,85809
2024-12-05,637.3737182617188,650.7364408732278,635.2795179980179,646.0994005299824,60889
2024-12-06,637.1244506835938,652.1824617696775,634.232485757668,636.2269275367802,72989
2024-12-09,635.2296752929688,649.0910693198279,633.085626140038,640.5149335736347,30353
2024-12-10,628.6979370117188,640.2158263881178,625.8059720167114,640.2158263881178,38469
2024-12-11,630.8419189453125,641.7116511351517,627.9001659736389,629.0967823649139,47776
2024-12-12,627.9500122070312,640.16596821849,626.0552681529182,636.5260875913114,27879
2024-12-13,623.9611206054688,635.6286171459377,613.3406938222977,632.2380417869869,31291
2024-12-16,644.2047119140625,657.6173454110767,638.2213864164087,640.8640461907529,124954
2024-12-17,643.8556518554688,648.7419973926762,642.2102131432844,648.0938403738833,33654
2024-12-18,630.093994140625,648.1935776156441,626.2547180655762,643.8556910962757,34929
2024-12-19,638.5703735351562,645.9498324785774,610.2991856069307,610.2991856069307,53450
2024-12-20,616.3822021484375,640.1161078066823,613.3406906347478,638.7698230981252,47887
2024-12-23,613.6897583007812,631.1909726972274,607.50697662732,625.6064992098454,38214
2024-12-24,618.6259155273438,623.2630167179368,609.301925143455,616.6813836076069,23028
2024-12-26,649.4401245117188,662.1546912488003,617.8780580299257,619.2741916649172,104109
2024-12-27,640.0662231445312,652.581394382739,628.3488773347373,652.581394382739,32784
2024-12-30,619.6231689453125,650.1880132390352,618.3267939754577,650.1880132390352,42462
2024-12-31,617.7284545898438,622.8142564706486,614.4376380278212,618.8253731553416,18755
2025-01-01,636.1770629882812,638.1216558481021,617.7284769861169,617.7284769861169,23410
2025-01-02,644.0052490234375,652.5813853357128,630.891830626786,641.8113508567841,44818
2025-01-03,674.2709350585938,678.1102111726964,648.7918924022517,650.4373312314577,247582
2025-01-06,654.4262084960938,703.489488414736,646.6478977339325,678.9079691512982,180909
2025-01-07,651.88330078125,662.7031229722841,646.1991295977926,661.0577450412386,44638
2025-01-08,659.5618896484375,669.0853365222566,642.0606151682088,651.8832769872348,47453
2025-01-09,654.1768798828125,670.6808728347986,647.296031647589,661.5563385447759,39949
2025-01-10,645.9996948242188,666.9911828553319,623.2630701965552,647.1963720921029,80148
2025-01-13,621.1688842773438,643.5065945271018,610.2991527979655,641.7116091919784,62654
2025-01-14,622.1661376953125,634.7310965646767,618.2271030062115,630.2436025591134,28864
2025-01-15,623.861328125,629.3959524347752,619.8225959286871,623.1633222350547,15058
2025-01-16,627.6009521484375,639.5177541350201,623.0137603321415,633.2352746072986,20208
2025-01-17,624.9085083007812,631.7892960682022,621.2686276289725,623.2630694512164,16598
2025-01-20,619.8724975585938,630.3433171853641,618.2769684378711,625.257514855718,14944
2025-01-21,624.459716796875,631.09119901877,612.2936100910157,621.3184467311402,21250
2025-01-22,619.1744384765625,629.7449549417241,610.5484539399376,624.4596967091434,27171
2025-01-23,625.9057006835938,632.2380288343818,610.7977802224902,616.2824949836718,34683
2025-01-24,633.983154296875,645.1021911014594,624.6092539767885,625.9056897719827,35510
2025-01-27,607.85595703125,629.2463564399126,585.3187901642418,629.2463564399126,52636
2025-01-28,599.1303100585938,616.0830655145506,567.4685461923214,607.8559930138657,54837
2025-01-29,622.4154052734375,628.0496664425584,596.3380562276393,598.3324978872635,28174
2025-01-30,633.4346923828125,646.1991070149398,621.9666526749857,624.1605507052411,86439
2025-01-31,645.9996948242188,653.17969756599,624.2104422363609,628.2491747581277,61040
2025-02-01,647.994140625,658.1159572933142,628.6979401995251,640.1659807615107,27217
2025-02-03,660.758544921875,671.1296666426555,640.8141268938615,646.6977545583388,94074
2025-02-04,677.162841796875,691.0740855624731,668.1380048006595,668.1380048006595,160479
2025-02-05,665.8443603515625,683.8441841596176,661.5064132218267,677.1627924256376,34968
2025-02-06,662.0050659179688,675.5673065912283,660.1602316108888,673.2238009717792,27011
2025-02-07,655.4234008789062,667.9385103201483,649.9386862271999,662.0050341147418,16892
2025-02-10,634.2823486328125,664.3984323354198,626.2547324677578,653.7780052809552,22160
2025-02-11,597.8837890625,631.4402972909224,593.346446059855,631.3904484181419,43426
2025-02-12,598.3823852539062,609.4016639591739,571.7067263401948,597.883774806921,42756
2025-02-13,596.4378051757812,613.6398659670443,590.9530901408858,608.304758415678,25869
2025-02-14,573.701171875,600.6261361880521,568.4159132755447,600.6261361880521,32397
2025-02-17,551.064208984375,568.4657247253758,549.5683777321204,565.1250592748858,66606
2025-02-18,559.8896484375,562.3827005181145,528.5270410902643,551.9617306480402,43183
2025-02-19,565.8231201171875,570.809224239244,548.5711511624488,555.4519991970984,33403
2025-02-20,570.0114135742188,576.792564047362,556.0503216727386,567.8175763964105,42043
2025-02-21,632.3876342773438,648.2932583412091,572.8036877451588,572.8036877451588,333759
2025-02-24,616.7312622070312,625.0580321655857,599.4294435095431,607.1080564187821,63512
2025-02-25,600.227294921875,622.2160039918206,598.3325508313618,607.457146577754,32951
2025-02-27,593.14697265625,609.2022654898815,588.3603245617356,609.2022654898815,17254
2025-02-28,569.163818359375,584.3215879377597,563.1804930678179,583.3742159268232,51408
2025-03-03,542.0393676757812,577.6401633289813,530.1225666346887,569.1637863099113,56548
2025-03-04,543.7845458984375,558.4437053366308,529.9232118745806,540.4937290936676,38907
2025-03-05,563.130615234375,567.4186526330125,537.5518765822991,537.5518765822991,38575
2025-03-06,575.8950805664062,583.9226967890735,568.4159236759334,571.4075864321226,32860
2025-03-07,580.432373046875,588.3602908337577,573.5515858259334,577.9891698355611,29077
2025-03-10,553.40771484375,592.7979378467061,550.0171396567774,592.3491762976171,34232
2025-03-11,540.7430419921875,567.4187015095522,536.6045508423451,543.5352483853842,66330
2025-03-12,560.537841796875,570.6098093748059,541.0421854357397,548.471493290693,62692
2025-03-13,548.7207641601562,561.285722328107,544.6321830850928,560.537806702264,29458
2025-03-17,545.9784545898438,556.9977336006962,544.4826232074058,551.4631696587828,29115
2025-03-18,545.9784545898438,545.9784545898438,545.9784545898438,545.9784545898438,0
2025-03-19,576.7926025390625,578.3881316594956,559.4409342430639,559.4409342430639,42228
2025-03-20,574.548828125,585.3686502094041,570.4103371716851,585.3686502094041,32593
2025-03-21,585.6179809570312,588.4101873393603,574.5488531727673,574.5488531727673,42480
2025-03-24,609.4515380859375,618.1273106641277,588.4599908019713,588.4599908019713,55642
2025-03-25,590.753662109375,617.7284742129291,585.7176480713999,609.5014021137629,45888
2025-03-26,570.3604736328125,599.5291833062042,562.5322534917466,591.3519602161132,46605
2025-03-27,560.4381103515625,577.5903209197696,558.742822755685,577.5903209197696,56915
2025-03-28,558.8924560546875,573.6513129500927,553.4575900691899,563.4297988992654,56687
2025-04-01,569.9615478515625,577.8396166806624,554.9035378064302,558.4436595465212,24316
2025-04-02,577.0418701171875,578.4877916595647,560.5877260659975,563.9283915726027,20995
2025-04-03,592.6483764648438,599.8782280846068,564.1777315697806,566.371629751643,53118
2025-04-04,582.2772827148438,593.3464098806913,573.152687527609,592.349189023749,41597
2025-04-07,552.8093872070312,561.8342851365053,516.5604314685322,523.5409778397286,62572
2025-04-08,567.867431640625,576.74266078688,557.9450718975797,561.4353449121311,21298
2025-04-09,559.1915893554688,567.8674228881691,551.7622818801813,567.8674228881691,11764
2025-04-11,568.7150268554688,578.2883833373925,564.4768383303566,567.4186519503049,19930
2025-04-15,578.7870483398438,588.4600426052693,570.9089786980583,570.9089786980583,34704
2025-04-16,596.5375366210938,602.1717980174069,578.7870173077839,581.6789213115327,41054
2025-04-17,618.2271118164062,635.2795649343437,598.3823914739,598.4322403460101,127661
2025-04-21,628.9472045898438,637.1742766327137,623.2630335507547,624.260254404436,100244
2025-04-22,623.0635986328125,634.5316388445092,620.7700027635798,629.2463803113556,66038
2025-04-23,612.7423706054688,632.0385699319168,610.4487747968117,628.0995353553475,59974
2025-04-24,595.4405517578125,627.5510756551686,581.2301544885404,617.2797129599588,155780
2025-04-25,598.8809814453125,615.7838873688679,585.1691944796089,599.3297430100237,134126
2025-04-28,598.4821166992188,604.3158343179572,588.6594548201119,599.3297300744097,41214
2025-04-29,598.5818481445312,620.7700132777521,597.3851708855879,600.326984728043,53512
2025-04-30,598.0333862304688,602.1219675764934,595.9391858200023,598.5818455526622,55811
2025-05-02,597.5845947265625,600.4266498045819,586.5154676310311,598.3823592339425,23128
2025-05-05,593.795166015625,599.2300318094242,590.5541982601658,598.3823575694474,25026
2025-05-06,574.6484985351562,595.1912231170562,569.4130892209531,594.3436097647776,30505
2025-05-07,581.7786865234375,584.371436468724,573.5516142523335,574.6485328756011,31678
2025-05-08,584.271728515625,604.4155412743387,581.0307607078923,584.7703389475839,39713
2025-05-09,588.0112915039062,593.2467009036822,556.548925370924,556.548925370924,36808
2025-05-12,619.722900390625,629.7449576142301,596.537515965398,596.537515965398,76020
2025-05-13,625.2575073242188,629.7450013959236,618.1273535085186,624.2602864193955,37179
2025-05-14,644.753173828125,652.1824818572511,623.7616856295268,627.1023513662209,102218
2025-05-15,648.2932739257812,655.6727328316201,644.2046926376071,647.1963552969148,28639
2025-05-16,659.462158203125,665.1463294131959,648.6921848325096,650.1880161580266,33703
2025-05-19,694.913330078125,698.0546001248994,659.5119896432194,659.5119896432194,124369
2025-05-20,678.1101684570312,698.0545851763558,674.1212851131664,698.0545851763558,43067
2025-05-21,700.5476684570312,703.2401770071256,675.4176900987046,684.8414395912686,103484
2025-05-22,716.3037719726562,747.9156871910377,690.3261792773278,700.5476936689386,329589
2025-05-23,714.1597290039062,747.616476017096,708.3259505698394,725.9767716132116,256157
2025-05-26,780.2755126953125,784.4139429498015,717.6999006334959,720.9907174612496,500820
2025-05-27,759.1343994140625,778.6300555608836,756.0928878850831,778.6300555608836,95005
2025-05-28,750.0596923828125,768.1592144287592,746.9184223351905,755.8934100535039,90715
2025-05-29,741.6331787109375,760.7798317305228,737.9434492913742,754.7465967297014,57710
2025-05-30,725.8272094726562,746.7189995512452,722.9851542470021,746.7189995512452,59460
2025-06-02,759.2839965820312,764.8684091211884,729.4670681514333,732.8576434637633,118894
2025-06-03,751.8546752929688,773.8433829577735,747.9654896148811,771.8489412491195,48900
2025-06-04,748.7134399414062,757.3892739490844,738.5417745829399,757.3892739490844,34033
2025-06-05,743.3782958984375,762.8241025020245,741.0847001131717,748.7134031075684,45344
2025-06-06,744.6746826171875,752.3532954681007,736.4476104623943,746.7688220921949,35202
2025-06-09,771.1010131835938,806.7516581513448,747.9156286940773,747.9156286940773,557591
2025-06-10,799.9207763671875,804.7572734288175,780.5746663895995,785.8100761609767,428390
2025-06-11,777.7326049804688,807.2004704298037,772.9458959635845,802.7628252475645,134165
2025-06-12,858.9561767578125,872.5682660544751,777.8322828828464,783.8156081357914,2091107
2025-06-13,829.1891479492188,845.4936847202279,813.3333118743321,837.665525288447,641389
2025-06-16,985.154541015625,995.0269913016775,812.7350248866998,829.2888673050501,5319568
2025-06-17,1011.0323486328125,1080.1895912058637,981.2653301882533,1024.1458273407889,4934204
2025-06-18,939.3322143554688,1016.7663786954951,932.4015171086669,992.2347695434477,1102500
2025-06-19,910.6122436523438,981.7140780942814,904.4793110777653,947.3598076338225,932178
2025-06-20,917.9916381835938,947.2601065512299,900.0915118136459,911.3601560728841,712109
2025-06-23,909.9141845703125,927.1162443805507,901.1885020578728,907.4709812937232,216967
2025-06-24,927.3655395507812,967.0050682493808,913.0055349967747,927.4153884200634,432645
2025-06-25,958.62841796875,966.3070309034213,923.0276204465702,935.8917941205995,291457
2025-06-26,937.9360961914062,977.1767747437318,927.4154279719281,967.3042635836239,150235
2025-06-27,932.8502807617188,947.359832336503,929.4098565659166,941.0275041192034,111030
2025-06-30,954.4400634765625,969.8471379805243,934.1964921340463,942.2740176423572,197868
2025-07-01,948.008056640625,966.3070354949616,932.501223219668,963.3153728463703,150725
2025-07-02,1000.312255859375,1017.1653133383511,930.4070954359623,957.282210740901,860269
2025-07-03,1028.234375,1064.0346271965939,1005.2982958757998,1007.0933420648997,760506
2025-07-04,976.6282348632812,1034.118042375295,968.6006190314492,1033.9684348985556,238456
2025-07-07,962.6173095703125,996.2236656186425,957.3320510449417,973.2875852290241,112344
2025-07-08,929.1605224609375,976.7279689473107,902.5347137225435,965.1103217551959,339185
2025-07-09,938.9332885742188,962.2682810447872,929.7089956190781,933.797637664459,121692
2025-07-10,927.9140014648438,952.1464559608356,922.5289845254987,942.3737037982561,90633
2025-07-11,923.0775146484375,941.4761908477925,913.5540067301862,924.4735873349991,112414
2025-07-14,909.8643798828125,931.9029375810518,902.584618569367,922.429338964658,114522
2025-07-15,926.8170776367188,937.387594246908,913.4044450991224,913.9529043907353,64935
2025-07-16,912.7064208984375,932.4015335045497,908.9668425555047,928.2131935873584,93659
2025-07-17,910.9612426757812,926.2187094440429,908.4681905611786,919.43761986543,74898
2025-07-18,881.4435424804688,916.7949732742521,877.5543567803435,912.4570868795618,125483
2025-07-21,881.3438110351562,887.5265927306561,864.091901799004,886.0806102660221,75629
2025-07-22,875.5100708007812,896.5015578407424,871.5211873398658,884.7343638041482,53421
2025-07-23,863.6431274414062,882.5903240844127,860.0033077635163,878.8507457996088,45123
2025-07-24,867.03369140625,884.4850565066928,864.6403369891196,866.5849298448467,50450
2025-07-25,836.8179321289062,868.5295441797044,825.6988948865757,862.7456752050548,79572
2025-07-28,833.6268310546875,856.5629119617709,819.9150435558877,819.9150435558877,63945
2025-07-29,893.3104248046875,923.4265066325484,820.8124568732809,845.8427367149285,358463
2025-07-30,873.8646240234375,896.4018518905158,870.9228103248495,896.4018518905158,66463
2025-07-31,852.7235717773438,869.6264782953158,846.5408508568997,852.623874033027,56306
2025-08-01,838.1143188476562,862.4464723251938,833.8262811442676,853.6210916930388,36603
2025-08-04,863.1943359375,870.9727071925544,829.7375888828813,842.6516109516365,48802
2025-08-05,842.5519409179688,872.518416013156,836.1697029771776,867.5821605129929,53066
2025-08-06,872.5682373046875,881.9919864406841,844.5962048419118,844.5962048419118,204857
2025-08-07,867.8812866210938,891.0168223286423,857.6099241215808,874.562678435612,86562
2025-08-08,804.0093383789062,856.612740052689,798.7739287336483,847.6377520893896,218530
2025-08-11,785.4111328125,809.3444336908763,775.8378368073622,808.7461255151295,116478
2025-08-12,805.3555297851562,818.1698541581,788.3529265571481,794.7850131781829,70880
2025-08-13,808.29736328125,822.6573681425978,800.6686601519035,822.6573681425978,30541
2025-08-14,795.931884765625,812.7350325650824,784.513693300653,807.748928070818,23977
2025-08-18,857.4105224609375,885.2330100733639,801.1672999044725,811.6879682854355,472304
2025-08-19,866.9339599609375,874.5627241472033,837.6655510645961,855.5656782872379,78070
2025-08-20,860.0531616210938,870.5239808792581,852.5740050081192,863.0946731372636,41271
2025-08-21,861.1002197265625,882.73992474051,855.5656560809283,860.0531499880152,50568
2025-08-22,867.4325561523438,878.5515932853116,859.8038529569835,861.1002279249337,34195
2025-08-25,869.427001953125,906.5734798216233,864.6403538908277,878.5515973730764,220195
2025-08-26,857.6099243164062,872.468539211821,838.9120335246241,872.468539211821,49657
2025-08-28,868.0309448242188,891.5154848527706,843.2001200609651,856.6127533428746,86165
2025-08-29,870.4241943359375,889.5209979543765,861.5988141620867,876.0585164830939,59864
2025-09-01,919.088623046875,924.2242739178984,869.576583374359,869.576583374359,227641
2025-09-02,926.1688842773438,953.3431530219549,914.3518412979182,926.3184917542608,221310
2025-09-03,928.9112548828125,938.185396945251,917.443214699074,926.4182026689563,62350
2025-09-04,906.82275390625,952.844520393938,898.645591643959,936.1410711876601,80343
2025-09-05,951.5980224609375,957.2323447656562,900.0915397860819,910.5623590010043,152444
2025-09-08,952.8445434570312,985.2542218059099,946.8612182233921,962.7669033092558,196196
2025-09-09,964.8112182617188,977.2764794795704,946.4623294028278,958.7281951336204,87397
2025-09-10,932.949951171875,970.4953404049863,928.4126084914514,968.8000527920999,90260
2025-09-11,924.0,940.5999755859375,920.0,939.8499755859375,40026
2025-09-12,920.5,957.0,911.0499877929688,929.9000244140625,120153
2025-09-15,927.9500122070312,944.9000244140625,921.5499877929688,923.5999755859375,53083
2025-09-16,937.1500244140625,948.0,925.0,934.5999755859375,46147
2025-09-17,967.3499755859375,979.0,940.0,941.3499755859375,214437
2025-09-18,1022.1500244140625,1030.0,976.5,981.9500122070312,616089
2025-09-19,1004.7000122070312,1047.550048828125,995.1500244140625,1027.6500244140625,216974
2025-09-22,1021.9000244140625,1037.0,1000.4500122070312,1004.7000122070312,144735
2025-09-23,1128.699951171875,1179.699951171875,1017.1500244140625,1027.0,4391359
2025-09-24,1132.6500244140625,1175.0,1102.0,1126.6500244140625,708623
2025-09-25,1123.25,1142.300048828125,1103.0,1127.0,222408
2025-09-26,1131.050048828125,1169.0,1104.5999755859375,1119.75,498381
2025-09-29,1194.199951171875,1213.699951171875,1129.300048828125,1132.0,1052753
2025-09-30,1085.300048828125,1190.0,1062.0,1182.0,608184
2025-10-01,1090.699951171875,1120.199951171875,1066.9000244140625,1090.800048828125,351679
2025-10-03,1066.699951171875,1100.0,1041.5999755859375,1095.0,302982
2025-10-06,1118.4000244140625,1129.0,1060.0999755859375,1075.199951171875,397443
2025-10-07,1127.5,1167.5999755859375,1101.0,1129.9000244140625,487068
2025-10-08,1102.5,1145.0,1076.0,1125.5,275953
2025-10-09,1164.0,1170.0,1105.300048828125,1107.699951171875,422098
2025-10-10,1121.300048828125,1172.699951171875,1112.5,1172.699951171875,220457
2025-10-13,1053.4000244140625,1124.0999755859375,1050.0,1121.0,378900
2025-10-14,1036.800048828125,1075.0,1023.5,1057.0,266210
2025-10-15,1056.4000244140625,1064.5,1040.699951171875,1044.5999755859375,126915
2025-10-16,1064.4000244140625,1075.0,1049.699951171875,1061.800048828125,108224
2025-10-17,1006.5999755859375,1064.9000244140625,1000.0,1060.0,325041
2025-10-20,1026.4000244140625,1033.0999755859375,997.0,1012.0,222802
2025-10-21,1075.5,1084.0,1043.699951171875,1045.9000244140625,168718
2025-10-23,1075.300048828125,1094.0999755859375,1061.199951171875,1081.199951171875,224068
2025-10-24,1094.0999755859375,1100.300048828125,1068.0,1075.300048828125,158110
2025-10-27,1116.800048828125,1161.0,1089.300048828125,1090.0,469680
2025-10-28,1134.4000244140625,1158.9000244140625,1116.0,1123.4000244140625,306698
2025-10-29,1110.300048828125,1133.0999755859375,1098.0,1131.0,119044
2025-10-30,1105.5999755859375,1150.0,1091.300048828125,1123.699951171875,239313
2025-10-31,1086.800048828125,1124.0,1083.0,1108.0,89439
2025-11-03,1066.300048828125,1082.800048828125,1063.300048828125,1082.800048828125,97960
2025-11-04,1042.0999755859375,1074.0,1036.0999755859375,1066.300048828125,113662
2025-11-06,1012.9000244140625,1050.699951171875,1007.7000122070312,1042.0999755859375,92207
2025-11-07,1012.2000122070312,1027.4000244140625,986.2999877929688,1018.2000122070312,137446
2025-11-10,1009.9000244140625,1026.5999755859375,997.0,1012.9000244140625,122178
2025-11-11,899.4000244140625,970.0,888.5999755859375,970.0,815860
2025-11-12,905.9000244140625,931.7999877929688,896.7000122070312,907.4000244140625,184052
2025-11-13,901.7999877929688,915.0,896.0,915.0,121526
2025-11-14,894.5999755859375,905.7999877929688,892.0,904.0,63929
2025-11-17,902.5999755859375,914.4000244140625,891.5999755859375,894.5999755859375,70183
2025-11-18,884.0,910.0999755859375,880.4000244140625,910.0,84994
2025-11-19,876.2000122070312,901.0,870.7000122070312,887.5,111439
2025-11-20,864.0,889.5,860.7999877929688,889.5,97377
2025-11-21,849.9000244140625,868.7999877929688,847.5,864.0,98549
2025-11-24,837.0,857.2999877929688,833.0,852.7000122070312,46014
2025-11-25,837.0999755859375,848.2999877929688,831.0,834.2999877929688,41951
2025-11-26,850.4000244140625,863.0,835.5999755859375,848.2999877929688,97096
2025-11-27,852.7999877929688,859.0,842.5,854.7999877929688,68135
2025-11-28,855.5,860.0,846.2000122070312,854.9000244140625,39080
2025-12-01,860.2000122070312,875.9000244140625,853.0,864.0,79087
2025-12-02,884.0,895.0999755859375,856.0499877929688,861.0,270838
2025-12-03,877.0,891.0,870.0,884.0,132892
2025-12-04,872.2999877929688,894.9000244140625,867.4000244140625,881.5999755859375,115459
2025-12-05,880.9500122070312,885.0,869.0499877929688,873.0,64620
2025-12-08,845.7000122070312,880.9000244140625,838.0,880.9000244140625,66504
2025-12-09,851.7999877929688,857.0,826.6500244140625,844.0,54979
2025-12-10,843.5499877929688,866.8499755859375,838.0999755859375,856.0,41996
2025-12-11,870.25,875.0,842.9500122070312,846.0,69213
2025-12-12,866.0,880.5,861.4000244140625,877.0499877929688,42433
2025-12-15,865.2999877929688,878.7000122070312,862.5499877929688,878.7000122070312,29649
2025-12-16,849.0999755859375,866.2000122070312,846.0,865.2999877929688,29624
2025-12-17,838.9000244140625,854.9000244140625,834.0,849.7999877929688,24858
2025-12-18,874.0499877929688,879.0,830.7000122070312,838.9000244140625,121495
2025-12-19,868.9500122070312,879.7000122070312,866.0,874.9500122070312,42311
2025-12-22,878.5499877929688,887.7000122070312,872.4500122070312,874.5499877929688,59475
2025-12-23,882.7000122070312,886.7000122070312,872.0499877929688,883.2000122070312,57718
2025-12-24,871.2000122070312,886.1500244140625,868.5,884.7999877929688,29778
2025-12-26,857.9000244140625,874.1500244140625,854.5999755859375,872.0,37793
2025-12-29,843.9500122070312,868.2000122070312,841.2999877929688,858.0499877929688,39589
2025-12-30,847.6500244140625,856.7000122070312,842.2999877929688,846.2000122070312,37475
2025-12-31,866.0499877929688,872.75,845.9000244140625,846.5999755859375,52011
2026-01-01,861.9000244140625,870.5999755859375,857.5999755859375,870.5999755859375,25159
2026-01-02,902.6500244140625,919.0,861.9000244140625,861.9000244140625,580070
2026-01-05,909.5499877929688,921.0,902.4000244140625,909.8499755859375,95908
2026-01-06,892.3499755859375,914.2999877929688,888.5,906.0,59216
2026-01-07,885.9000244140625,892.9000244140625,879.7999877929688,892.3499755859375,40595
2026-01-08,852.6500244140625,887.9000244140625,846.9000244140625,887.9000244140625,69619
2026-01-09,841.4500122070312,860.0,835.5999755859375,845.0,60357
2026-01-12,824.2000122070312,841.6500244140625,808.0499877929688,841.4500122070312,80544
2026-01-13,830.0499877929688,844.9000244140625,823.0999755859375,823.0999755859375,36081
2026-01-14,832.7000122070312,841.0,829.7999877929688,832.9500122070312,16893
2026-01-16,829.4500122070312,845.0,824.4000244140625,832.7000122070312,26751
2026-01-19,813.3499755859375,827.6500244140625,810.5,825.0,46823
2026-01-20,782.9000244140625,813.0499877929688,775.8499755859375,813.0,57528
2026-01-21,765.5999755859375,797.0,756.0499877929688,783.0,65893
2026-01-22,777.2000122070312,788.7000122070312,762.0,765.9500122070312,39998
2026-01-23,745.1500244140625,783.0,741.0,783.0,45602
2026-01-27,742.0499877929688,758.2000122070312,730.0,745.1500244140625,44734
2026-01-28,773.8499755859375,779.0999755859375,728.5,740.0499877929688,48169
2026-01-29,815.5499877929688,854.25,750.0,766.7999877929688,472929
2026-01-30,808.7999877929688,822.9000244140625,792.0,814.0,65644
2026-02-02,762.5,788.4000244140625,745.75,770.9000244140625,55443
2026-02-03,780.8499755859375,820.0499877929688,773.0,787.0,84156
2026-02-04,815.75,819.0,770.0,782.0,80326
2026-02-05,805.8499755859375,819.0,798.0,815.75,32325
2026-02-06,789.9000244140625,809.0,785.0999755859375,809.0,29716
2026-02-09,826.0999755859375,830.0,794.0999755859375,794.0999755859375,115265
2026-02-10,833.2999877929688,835.7999877929688,822.3499755859375,826.9500122070312,37214
2026-02-11,841.0999755859375,856.4000244140625,831.0,840.0,109460
2026-02-12,821.7000122070312,845.0,815.0,840.0,47328
2026-02-13,801.7999877929688,816.0,798.0,815.0,46565
2026-02-16,785.75,801.0499877929688,780.6500244140625,801.0,42241
2026-02-17,802.75,809.7999877929688,785.75,785.7999877929688,50756
2026-02-18,812.6500244140625,827.9000244140625,808.0,809.0,74396
2026-02-19,801.0,828.8499755859375,794.0,816.9000244140625,33547
2026-02-20,804.6500244140625,809.4000244140625,792.0,801.0,42985
