Price,Close,High,Low,Open,Volume
Ticker,TECHM.NS,TECHM.NS,TECHM.NS,TECHM.NS,TECHM.NS
Date,,,,,
2021-02-22,797.9655151367188,848.578021925533,790.5792874074149,838.4639222167455,5946290
2021-02-23,793.810791015625,808.0796606400137,781.4304482532878,799.056698965768,4120032
2021-02-24,805.8132934570312,809.044802991973,786.1726478689011,797.3778850245262,1686531
2021-02-25,803.9248046875,813.325480967297,799.2664491755506,809.128755059313,3682791
2021-02-26,771.2322387695312,796.4125922307497,768.0007805671656,793.1811340283841,5254937
2021-03-01,785.6270751953125,803.2533236772587,777.5273738534501,785.1654456000314,3429569
2021-03-02,811.7305908203125,815.0040570614036,790.6630502078705,792.7614128676578,3703190
2021-03-03,819.2008056640625,822.7260652786106,806.9883448829127,816.0113045764462,3203532
2021-03-04,812.528076171875,834.896645295521,802.0782186289205,805.7713578441983,5134954
2021-03-05,805.5194702148438,823.3135958627989,803.2532282903701,810.1358680785816,2618145
2021-03-08,812.90576171875,822.5582307530976,807.4500183515102,808.2893634849316,2880739
2021-03-09,829.39892578125,838.086127542874,807.0723141795763,816.6828263387246,2814747
2021-03-10,846.6893920898438,853.4461100782049,833.4697064140915,841.0238125145213,5268496
2021-03-12,842.072998046875,859.9929960033943,836.113668141358,839.3451263861201,4674919
2021-03-15,861.7136840820312,864.4834614901586,841.0238064748332,843.5418418235603,5203101
2021-03-16,861.6296997070312,877.1155748535763,857.0552077215619,866.2040892333882,4797715
2021-03-17,856.1739501953125,875.604758322549,852.4388542928511,859.4893735520942,3477295
2021-03-18,836.1556396484375,868.722220870923,821.38313443019,867.8828757299849,3738712
2021-03-19,830.4900512695312,839.9746410171173,818.4874261254413,832.6303711106474,6208000
2021-03-22,850.7182006835938,853.9497099986842,821.1312864363784,830.8677201604312,3873143
2021-03-23,850.9700927734375,857.391103911295,839.8068120922625,850.718299464604,3782337
2021-03-24,832.75634765625,850.5504246344849,828.6435357487051,842.4927313322488,2749823
2021-03-25,813.0736083984375,836.7431504580185,809.2125902017347,833.2178907930495,3654840
2021-03-26,831.7910766601562,837.4986136607511,820.040244093817,820.7956752506218,2761824
2021-03-30,853.5300903320312,855.9641604916653,832.2107033597845,832.2107033597845,4300037
2021-03-31,832.1687622070312,858.650091538882,830.2802356127376,858.650091538882,3780505
2021-04-01,832.75634765625,845.8920690932058,827.5943542651032,839.3451868814434,3555291
2021-04-05,837.4147338867188,845.3885134543118,821.0475021427118,832.6304559002496,5118272
2021-04-06,832.0847778320312,846.0598948004707,829.7346217034977,844.3812045330094,2395572
2021-04-07,841.3595581054688,844.0874297108601,824.3208114019914,832.6303484763922,2974419
2021-04-08,863.6861572265625,881.1864830692117,843.5418736760887,846.059909119898,6737118
2021-04-09,883.8305053710938,887.0200581500079,853.2363622469504,863.6442121042741,6029994
2021-04-12,872.79296875,888.9084559055616,853.446074728927,882.1516869675015,7896295
2021-04-13,840.89794921875,881.5222764770496,825.0763130463602,877.1157142761407,6448995
2021-04-15,833.5956420898438,845.8920175912559,814.4165749995773,840.897903787464,4373215
2021-04-16,847.9904174804688,850.676332278222,835.9877917603445,837.6664821052448,2660763
2021-04-19,839.4290161132812,847.2349665464113,825.3280286439989,838.5896710111864,2777425
2021-04-20,825.4120483398438,845.6402461428501,816.9765885237015,835.9877768320383,4028636
2021-04-22,812.3182373046875,827.1746569137388,806.3169501358467,817.1864289969785,5085190
2021-04-23,797.5457763671875,814.9621883299495,793.5169298699069,811.2270921450349,3916517
2021-04-26,807.6178588867188,814.1647403674732,786.4663522931158,798.2171835973887,5053998
2021-04-27,813.5353393554688,828.9373033642077,792.4677952170941,808.0376385126243,10497935
2021-04-28,820.3759155273438,822.5581922803456,812.4860511503821,818.3614668095274,2968625
2021-04-29,819.9562377929688,826.75491252086,814.6263657410128,826.75491252086,2747579
2021-04-30,806.1071166992188,819.9563119172758,801.9103908755651,817.3543111688726,3129105
2021-05-03,803.8408813476562,809.9680908564085,801.5746391376892,805.7713649970489,3506839
2021-05-04,806.1071166992188,814.0808957641607,802.0782189248606,809.1287388004241,4064221
2021-05-05,806.1071166992188,816.347086725283,800.5254508619341,816.347086725283,3041045
2021-05-06,820.8375244140625,826.5031036570043,803.9666577084564,809.9679954724328,4620827
2021-05-07,823.3555908203125,826.1254194203107,815.9273559049086,822.5582027248204,2002597
2021-05-10,831.3713989257812,833.1760115505604,816.7667723347041,826.7550004461328,2036101
2021-05-11,820.0821533203125,828.3916906427042,814.5844529359,825.9156122503098,2029457
2021-05-12,807.74365234375,820.0400772695522,797.7135204273204,820.0400772695522,3070622
2021-05-14,799.224365234375,811.1850321726081,790.1594489586779,808.289281510072,2090820
2021-05-17,800.189697265625,804.0507157850637,791.5024952486241,800.7352921179081,2281200
2021-05-18,814.7943115234375,821.7189090717953,803.295272621464,806.0651013948946,2000985
2021-05-19,820.5858154296875,827.8461203194366,807.9536297993693,813.3254593103755,2152740
2021-05-20,816.7667846679688,826.5871336461493,810.1359883984501,826.5871336461493,1769194
2021-05-21,822.9779663085938,827.5943648957405,815.7176098569826,819.9983011028031,1534262
2021-05-24,825.663818359375,834.3090629915441,818.4454194710071,822.3903518457527,1830838
2021-05-25,833.1759033203125,840.7719659496317,825.7476687211645,830.9935754029536,2719646
2021-05-26,845.8920288085938,849.4172886715223,833.4697308802586,835.6940160113913,2013788
2021-05-27,855.9641723632812,866.2041934229142,845.1366506832321,845.2205647062738,6393813
2021-05-28,861.3779907226562,867.0435706859964,849.920908527187,856.1320833491931,1839013
2021-05-31,857.5170288085938,866.2042309821411,850.2566724659971,860.3288146867196,1801746
2021-06-01,864.945068359375,866.2040859261282,850.5502803543424,860.0768261176183,1262702
2021-06-02,853.5720825195312,860.0769563699819,834.30910058506,856.2999543272792,5252186
2021-06-03,851.3897094726562,856.7615387797541,845.22054327819,853.5720375415978,2024676
2021-06-04,855.4605712890625,861.9654448515777,848.577930940566,855.7543215942994,2315912
2021-06-07,868.2186279296875,872.0375868175571,855.6704079185046,860.286754930347,1745475
2021-06-08,887.8171997070312,890.4611570261536,870.4427986827,872.0794804969089,4517995
2021-06-09,883.2008666992188,893.4408357642586,878.1227879455266,887.8172646719873,2163655
2021-06-10,893.818603515625,901.4566233144548,886.7680842939678,889.453947588353,3934077
2021-06-11,900.6173706054688,908.5072357232881,885.4252434663912,893.8186951961719,4988857
2021-06-14,897.4698486328125,905.9472145998983,888.0272152008564,900.6173931101313,2757666
2021-06-15,895.4553833007812,917.4042802130753,891.090829355697,897.4698322212541,3484298
2021-06-16,897.3859252929688,904.7721014476181,885.5091704299731,898.0993482085984,1881596
2021-06-17,906.70263671875,910.4376818109126,887.2298693970325,889.6638884679004,3161931
2021-06-18,898.6868286132812,916.2291630815481,885.5091504854424,914.4665587240659,4396398
2021-06-21,892.1399536132812,898.1412917472342,885.5091066357485,888.8664871348413,1074790
2021-06-22,887.3555297851562,899.7778772835359,884.4178221634282,890.5870901363455,2437289
2021-06-23,886.7262573242188,891.6365090535634,871.6180426718058,889.7059739754333,4130539
2021-06-24,906.4927978515625,908.4233327565646,883.4108053136755,886.8101942892704,3617010
2021-06-25,914.4664306640625,925.965416848933,903.9746175541031,912.7038265534118,3200049
2021-06-28,927.5602416992188,929.9943629605239,907.4159594690269,915.7254963808047,2143755
2021-06-29,913.33349609375,931.1695815199696,909.0108478398048,930.8338229495323,2956332
2021-06-30,919.4606323242188,927.476419740925,909.2626704002522,913.3753797965069,1917370
2021-07-01,910.8153686523438,922.7340282574432,907.3320659462026,919.9222426244571,1459518
2021-07-02,914.382568359375,921.1812431472715,902.2959784813821,912.3681196365231,1669409
2021-07-05,902.0022583007812,919.0409028482198,899.1064561465377,917.4042208395198,2597359
2021-07-06,880.9348754882812,902.0024214259383,879.42401300769,902.0024214259383,3865594
2021-07-07,877.8710327148438,889.2861052206621,864.6093395721731,880.9346627244162,3713891
2021-07-08,889.8318481445312,892.5597200870595,877.1157476744579,880.4731285268003,2171947
2021-07-09,882.78125,897.0921256045193,880.4730508676016,885.6769497460867,1889035
2021-07-12,886.8519897460938,888.6145939197065,878.038866418914,887.1877482694285,3224820
2021-07-13,881.4382934570312,891.3845125830119,879.6336809670399,891.3845125830119,1908081
2021-07-14,905.233642578125,906.4926601616829,879.6336183791145,884.6696887133461,3173326
2021-07-15,933.7294921875,939.8147446622097,903.4711603232126,904.8140921016679,5922995
2021-07-16,925.9236450195312,938.639744840183,909.0528275899436,933.6875878440621,2323939
2021-07-19,918.411376953125,932.050734969459,911.6127020644994,913.2074782628486,1409001
2021-07-20,912.5360107421875,925.1261880562857,910.6055783628343,919.8802808420782,1230858
2021-07-22,964.0717163085938,967.3451825374195,906.4926656315948,906.4926656315948,7309727
2021-07-23,974.7588500976562,983.8083354433904,961.0553226755729,968.682724997006,2840803
2021-07-26,965.4508666992188,981.2660054766384,962.305177059209,974.7589518233069,984581
2021-07-27,966.0109252929688,971.9146157048336,951.5318128821532,965.450698055275,1397105
2021-07-28,964.8907470703125,974.5003555138861,953.6434862834866,968.7259634727872,2533035
2021-07-29,972.0009155273438,983.6789973181784,961.0552848444071,972.7765015037046,3821405
2021-07-30,1042.45751953125,1066.3740132679245,1012.6803654267582,1021.2989217282624,20425030
2021-08-02,1043.4488525390625,1046.2930189732783,1030.39182036411,1042.8455955170239,2385223
2021-08-03,1056.8504638671875,1060.082422472286,1042.845309911761,1043.7071655397872,2603616
2021-08-04,1048.447509765625,1060.427325616513,1046.0342716060936,1055.9456126355262,1938175
2021-08-05,1075.768310546875,1080.767116005138,1048.8784530927055,1048.9215879632256,5790873
2021-08-06,1089.90283203125,1097.142441848399,1071.3299025224358,1079.0434699090304,3894726
2021-08-09,1109.59619140625,1126.273185058058,1091.1094268493068,1112.1387291032852,6585101
2021-08-10,1140.2784423828125,1146.00969970996,1105.243980487175,1110.0703522817796,6314469
2021-08-11,1140.752197265625,1143.4670637948354,1118.9903405776133,1140.2782397490935,3430349
2021-08-12,1195.0062255859375,1202.1165360788161,1135.7105032716127,1140.2352463125355,8613315
2021-08-13,1192.07568359375,1197.9793738551634,1177.208673378641,1189.4469817337897,4760344
2021-08-16,1178.8892822265625,1206.5548287802228,1172.339200036732,1191.0414263904702,2912430
2021-08-17,1218.4053955078125,1231.4195011119182,1181.173270296338,1182.4660538829448,8042970
2021-08-18,1217.371337890625,1228.144535571073,1210.2610274215292,1222.111544870022,2939739
2021-08-20,1205.9085693359375,1223.8352117028373,1181.3026498586503,1181.3026498586503,4051399
2021-08-23,1220.3876953125,1243.614664803622,1214.3547052932997,1219.9136325853356,3987240
2021-08-24,1261.196533203125,1264.3423275885584,1223.8351091859256,1225.4726560776442,5366923
2021-08-25,1260.981201171875,1273.822873645836,1249.6909112222343,1260.8950366331921,3105863
2021-08-26,1249.2598876953125,1264.1268991218349,1244.5196811535227,1258.137043847282,1993944
2021-08-27,1245.7261962890625,1255.8098654629412,1233.4877827507846,1249.5614119064549,3097939
2021-08-30,1223.1455078125,1253.999982453252,1220.3014472651503,1249.6907041630348,2742699
2021-08-31,1247.6654052734375,1253.1381678398677,1212.5878157179607,1227.9720238835148,6392991
2021-09-01,1237.883544921875,1265.4197960338836,1230.2991716930828,1249.6909274640773,1829925
2021-09-02,1239.176025390625,1251.8883955073245,1224.8691382462448,1237.624643225794,3860958
2021-09-03,1242.7528076171875,1249.4321894162617,1228.2305598438259,1244.5196539178057,1919590
2021-09-06,1259.300537109375,1265.1180633616138,1237.711008712711,1247.9671130728727,1801171
2021-09-07,1236.9354248046875,1269.427452185901,1234.4361271043708,1266.0230585891445,1940043
2021-09-08,1230.600830078125,1243.097739656325,1223.7059834142904,1241.2447285740175,2256454
2021-09-09,1235.2548828125,1239.262533510332,1218.6641578907204,1228.6616645943905,2303457
2021-09-13,1232.022705078125,1240.8998607407086,1224.1367044974015,1237.6247670459513,1937241
2021-09-14,1251.45751953125,1255.7236628507278,1232.0226328381025,1236.7628388406276,1554999
2021-09-15,1262.4893798828125,1275.5465155939755,1239.305439064738,1242.8821614843241,2410087
2021-09-16,1248.268798828125,1266.0661417394508,1241.0723241012997,1262.4894192084523,1800078
2021-09-17,1251.0267333984375,1268.6516410847846,1238.1419270444708,1250.5526706617,2861623
2021-09-20,1233.57421875,1286.8799776477217,1229.3079695191093,1241.0723219456197,2526342
2021-09-21,1259.7744140625,1263.868228570737,1224.1798373571817,1240.2103320743536,1713705
2021-09-22,1304.504638671875,1316.8292160571925,1255.2927040647335,1261.7566211814417,5145820
2021-09-23,1311.3134765625,1319.5011058936493,1296.2310014788038,1314.4161361097467,2015302
2021-09-24,1305.4959716796875,1334.023375403165,1302.3071475500988,1318.6392716091248,3592146
2021-09-27,1262.1015625,1314.3299991289027,1257.6198495427052,1312.6062876546355,2728552
2021-09-28,1218.70703125,1262.6185347971814,1213.8375257569953,1262.1014424454881,3995669
2021-09-29,1202.59033203125,1214.3115485301012,1183.112414218998,1206.5979820845728,7948104
2021-09-30,1189.8780517578125,1208.8820135170026,1186.7753920357209,1196.2558054797246,3856630
2021-10-01,1181.819580078125,1192.808239801732,1176.260653124273,1185.0515388203623,2661824
2021-10-04,1205.7794189453125,1211.3814817376403,1182.5093119617966,1193.411703845874,2538936
2021-10-05,1217.8453369140625,1224.6970481973194,1190.2228174246998,1205.8223858079095,2481825
2021-10-06,1194.2305908203125,1229.7821449670162,1189.3179493049233,1226.3347215346087,2769341
2021-10-07,1221.4217529296875,1226.6791564218186,1185.6117147394782,1204.8310321041229,1956325
2021-10-08,1241.029052734375,1247.1051774023042,1222.5422903560254,1222.5422903560254,2665924
2021-10-11,1206.7703857421875,1236.288945342963,1194.1873127639872,1223.835171769378,3073366
2021-10-12,1184.577392578125,1209.0541127678136,1172.985476789632,1205.7359897345298,2965629
2021-10-13,1208.450927734375,1215.2164735849217,1186.7752369691043,1195.3076289952473,1738985
2021-10-14,1233.143310546875,1257.9646942578443,1215.6475958684473,1234.1774954155383,4328124
2021-10-18,1275.2449951171875,1281.5364795283806,1223.835274009134,1223.835274009134,3579606
2021-10-19,1326.482177734375,1352.9412126618483,1273.0040910086398,1291.059927078235,8645334
2021-10-20,1326.6544189453125,1358.7154064339372,1306.4008115547654,1330.7050983406273,5159270
2021-10-21,1313.6834716796875,1332.5581314153842,1272.1420715220625,1332.5581314153842,4261416
2021-10-22,1307.82275390625,1346.1753285686852,1278.7782619188397,1319.5009395098525,5223521
2021-10-25,1313.5540771484375,1322.9483240741388,1278.8213601682692,1319.5009017312746,3890467
2021-10-26,1347.339111328125,1404.8248467152055,1329.8433978414491,1354.7510496006828,16978043
2021-10-27,1351.2603759765625,1367.8510974375415,1316.484521124428,1346.089242014699,3624131
2021-10-28,1321.4832763671875,1364.1881596062594,1315.1916882006026,1360.0081808522614,3054565
2021-10-29,1273.693359375,1329.6278124555251,1265.0317731618557,1316.355214320097,3795495
2021-11-01,1311.8736572265625,1318.553038812106,1281.6225436031127,1284.164975801264,2271900
2021-11-02,1297.4678955078125,1325.6263923753013,1295.2483542772034,1325.017131548248,2041689
2021-11-03,1304.387939453125,1338.4653201104409,1300.0792306171618,1303.9091586088832,2697346
2021-11-04,1310.7421875,1318.706674806579,1306.5206065245382,1313.484074114276,166444
2021-11-08,1354.5684814453125,1360.3134271721678,1309.3930707585343,1312.6136319958835,3050392
2021-11-09,1357.1796875,1368.3212772976926,1351.7830430300996,1358.7465100901388,2061369
2021-11-10,1363.6209716796875,1369.4963972524445,1346.1688453975019,1354.3508345251885,1299996
2021-11-11,1324.756103515625,1357.8761377094654,1318.706633737077,1357.8761377094654,3027565
2021-11-12,1379.636962890625,1383.5103490860681,1332.8947310028393,1339.161809089733,3713868
2021-11-15,1374.5447998046875,1393.9989632739318,1369.4962440423744,1379.6368134806005,2448280
2021-11-16,1392.6063232421875,1397.0455120295983,1371.8029451455745,1379.723867296299,2864344
2021-11-17,1408.7529296875,1414.4543111046617,1388.3413084381139,1391.3878254158778,2304359
2021-11-18,1364.6219482421875,1414.236651511079,1357.4408727690584,1410.2761370818441,2938804
2021-11-22,1341.5989990234375,1376.8515505962223,1323.0587256946396,1376.8515505962223,1951782
2021-11-23,1358.3551025390625,1361.749708339764,1311.1340830222061,1324.7998470904236,1823592
2021-11-24,1338.8135986328125,1366.493423406272,1331.763109304955,1365.5359679118358,1644163
2021-11-25,1357.310302734375,1362.0542285227461,1331.806667834969,1332.6335370643708,1557493
2021-11-26,1329.4998779296875,1349.1716497657815,1314.484903117778,1343.9490498312043,1522173
2021-11-29,1337.551513671875,1345.254828058925,1287.719201212235,1318.7066091939641,1995524
2021-11-30,1341.7294921875,1387.8624613649135,1328.7165556475766,1330.8926390993413,5662900
2021-12-01,1381.89990234375,1387.8188913561116,1349.17163112344,1349.17163112344,2761193
2021-12-02,1418.501708984375,1420.9824227441711,1375.2846725487232,1383.9890059192846,2664202
2021-12-03,1386.861572265625,1425.9875109118582,1383.7279270369509,1414.4542684155467,2400296
2021-12-06,1350.695068359375,1409.7104971247516,1346.429923322536,1397.916081704628,2911781
2021-12-07,1372.3690185546875,1376.4600135612668,1336.9858750253659,1361.3580133721825,1758254
2021-12-08,1396.8714599609375,1405.5757933199811,1377.0691015691134,1377.5913403198422,1604565
2021-12-09,1402.4423828125,1410.1022399509052,1379.637068100114,1386.6005359517235,1947954
2021-12-10,1395.000244140625,1402.4423866750774,1374.0228184306934,1402.2683424799425,1776362
2021-12-13,1425.900634765625,1441.0026344802147,1390.4739281721306,1397.0457434858017,3163063
2021-12-14,1429.8609619140625,1449.271670026257,1415.0201355920685,1427.5108341399769,2725454
2021-12-15,1428.903564453125,1432.9946655184472,1406.533466754594,1426.640458679801,1622068
2021-12-16,1438.521728515625,1451.5782290505067,1429.4256360572135,1435.344625467989,2225836
2021-12-17,1429.99169921875,1457.9761583750965,1416.1083269585465,1452.9276014146083,3405084
2021-12-20,1390.99609375,1426.0744949174953,1372.325234153072,1423.1585643697542,2233189
2021-12-21,1421.3743896484375,1440.8286640381316,1397.4810317627268,1397.4810317627268,2237445
2021-12-22,1444.701904296875,1446.3992070058937,1420.3297679388015,1431.8630110368185,1656110
2021-12-23,1465.6357421875,1471.9898419982508,1448.5317053179497,1453.6237192513388,1715034
2021-12-24,1500.453125,1510.3759806745911,1462.6327303306532,1465.2440305090354,3343946
2021-12-27,1553.723876953125,1559.816911764706,1482.914129357929,1501.062647510176,4512000
2021-12-28,1572.0897216796875,1586.8000671957843,1545.9767200253411,1553.7235984336123,3605483
2021-12-29,1555.3338623046875,1585.0591834538825,1551.7651067009385,1567.2152991810628,1902921
2021-12-30,1566.7366943359375,1599.8567306355496,1554.5941898341086,1555.4646233110593,4650594
2021-12-31,1558.5546875,1578.0958763408098,1552.3745248784085,1566.9542854568467,2378048
2022-01-03,1553.549560546875,1582.4479066597123,1551.9827379396409,1562.471502814896,1779147
2022-01-04,1557.9017333984375,1570.0878009325504,1538.0558094841087,1560.687077761747,2701533
2022-01-05,1512.421630859375,1551.939223109394,1508.4611162982183,1549.3279228503668,3138050
2022-01-06,1472.8603515625,1504.8487793746208,1471.032462652623,1501.4976319974999,4290750
2022-01-07,1483.0880126953125,1501.1060488647504,1475.4717200069722,1481.4777320634514,2103362
2022-01-10,1493.66357421875,1501.4974740835335,1468.856224646935,1496.2748741736777,2330348
2022-01-11,1512.0732421875,1518.906122404236,1484.0887900855141,1484.0887900855141,2704832
2022-01-12,1506.2413330078125,1527.6105140391621,1498.015780433845,1526.7400806978292,3013194
2022-01-13,1496.10107421875,1522.3011001256507,1481.3037053921319,1505.849886473476,2768371
2022-01-14,1512.595703125,1520.4731682209535,1476.6903238967416,1492.3581257417998,1889385
2022-01-17,1499.2344970703125,1524.1288708545865,1497.1454356766926,1508.417505612279,2522806
2022-01-18,1445.572509765625,1520.2557504234517,1436.2589133363629,1514.554368202431,4878369
2022-01-19,1453.710693359375,1459.3685100439843,1416.673818661027,1447.6176600067188,2610709
2022-01-20,1450.9254150390625,1456.4090815529005,1430.600816969609,1453.7107593393541,2440011
2022-01-21,1387.079345703125,1438.8265747494975,1382.9882445028054,1436.2152742508595,4079190
2022-01-24,1317.09619140625,1382.248103761579,1307.347274529043,1382.248103761579,3250275
2022-01-25,1306.17236328125,1329.7176296943787,1275.18495491102,1304.7796910659513,3910618
2022-01-27,1258.2987060546875,1292.1585920621364,1244.7199640612025,1292.1585920621364,4434890
2022-01-28,1227.8768310546875,1290.7656408291389,1224.046903049443,1258.6466288423073,7080683
2022-01-31,1287.37109375,1294.8568002924555,1246.0255041941346,1250.8128882479716,4406035
2022-02-01,1310.6552734375,1318.6632193241248,1283.8894426832558,1309.1320147766894,2542754
2022-02-02,1290.8092041015625,1296.945802244688,1256.035431301399,1288.1544459098184,9031146
2022-02-03,1265.871337890625,1288.0673896216429,1261.3450204518533,1287.2839783097327,2433692
2022-02-04,1260.5616455078125,1275.1414053988208,1249.0719667819037,1274.3145361454406,2406272
2022-02-07,1257.167236328125,1275.8379937348004,1248.2017281362469,1262.1286651307935,2741520
2022-02-08,1248.37548828125,1267.4815643755458,1236.1894211839412,1259.081861161229,1981111
2022-02-09,1266.306640625,1280.3640560064537,1253.4677470847748,1253.4677470847748,2282701
2022-02-10,1278.2315673828125,1281.278084567586,1262.3897205236253,1275.1850501980389,1850405
2022-02-11,1240.280517578125,1262.0848095229228,1236.885806218758,1261.9977874376207,2426039
2022-02-14,1210.0328369140625,1234.9707714611034,1193.3640184687379,1209.9022506721703,2149302
2022-02-15,1253.119384765625,1255.6871206284386,1214.298078879454,1222.1319789743613,1955525
2022-02-16,1256.9058837890625,1274.2709883660946,1243.7187959597113,1262.5637011329884,2164650
2022-02-17,1259.9959716796875,1272.0949115222472,1253.6417650503906,1272.0949115222472,1669669
2022-02-18,1251.6395263671875,1257.7761236589838,1233.4910132385612,1252.0747430189726,2374188
2022-02-21,1234.4486083984375,1253.4240990664916,1227.398119092004,1242.239051099943,2109461
2022-02-22,1229.53076171875,1236.6247090411528,1196.8459445142032,1201.63332829226,2111878
2022-02-23,1230.18359375,1240.3240580795346,1226.614731728327,1237.7563219947497,1319711
2022-02-24,1160.2877197265625,1218.606757402241,1157.676419532129,1192.9289721569796,4108603
2022-02-25,1209.641357421875,1218.6068647139045,1175.1722130707847,1179.4373583481006,1885454
2022-02-28,1227.311279296875,1235.8850283305062,1186.6185117031664,1201.1982733543882,4983140
2022-03-02,1213.6888427734375,1236.624742609177,1203.5918361455424,1218.6068129479368,2160190
2022-03-03,1241.8038330078125,1256.5576366557495,1223.0895148829918,1227.1370514491755,2730530
2022-03-04,1265.2620849609375,1270.8328804823625,1217.3012214757423,1231.6633738921525,3567738
2022-03-07,1239.5843505859375,1274.3146691728182,1228.2252569390034,1242.9790625538144,3341715
2022-03-08,1272.530029296875,1276.838738252919,1236.0153917397151,1236.0153917397151,2365949
2022-03-09,1309.784912109375,1315.225121912122,1272.5303128785242,1272.5303128785242,3667977
2022-03-10,1292.898193359375,1328.2377671623683,1283.4540124837413,1327.4108979570738,2835942
2022-03-11,1294.1602783203125,1298.5559027511424,1281.7130395769543,1284.759556139616,1116432
2022-03-14,1308.26123046875,1313.3968081132857,1294.334297875603,1294.334297875603,1372791
2022-03-15,1269.6141357421875,1318.7066007434523,1260.3875629547979,1317.8361673436216,2188506
2022-03-16,1296.85888671875,1300.8628595488453,1278.1445665579604,1284.0634505772916,1453944
2022-03-17,1299.9923095703125,1314.3108967924381,1294.3344923542381,1310.0022938756747,2346185
2022-03-21,1288.0672607421875,1323.058637468342,1284.9336158080882,1301.2978046152443,2110200
2022-03-22,1338.9005126953125,1343.9055043689455,1283.9327326220584,1294.2473463856013,3030660
2022-03-23,1342.3388671875,1359.3557761277646,1331.066691088733,1349.1717480153434,3741783
2022-03-24,1365.3184814453125,1368.277870282474,1331.893814467271,1331.893814467271,2085571
2022-03-25,1332.2418212890625,1370.888977459345,1325.147768156168,1367.4508081899044,1755511
2022-03-28,1326.9322509765625,1339.5535361977463,1320.0559116179438,1335.2449330549073,1928306
2022-03-29,1325.104248046875,1340.075766085076,1322.275339533578,1337.8561184422438,2311150
2022-03-30,1302.4295654296875,1335.5060353028855,1292.593625307868,1335.5060353028855,3792481
2022-03-31,1305.17138671875,1314.006307437096,1294.5085770165595,1302.4296063700242,2036984
2022-04-01,1294.42138671875,1307.9566675324795,1284.2808171505094,1304.7795646199825,2537230
2022-04-04,1304.4749755859375,1309.392945318381,1291.4184751922319,1294.4214277811554,1675276
2022-04-05,1296.1190185546875,1325.2349760187856,1288.2415530428916,1312.6136905328924,3207223
2022-04-06,1270.2669677734375,1289.9823056387727,1265.6101703095653,1289.9823056387727,2627895
2022-04-07,1278.27490234375,1283.5845243771535,1262.737582484221,1265.6100549592772,3336784
2022-04-08,1261.0404052734375,1291.2009442414058,1253.4241129206212,1283.8892823318863,5402943
2022-04-11,1261.4320068359375,1272.8782269887597,1249.6376983357434,1267.3074321278425,3268704
2022-04-12,1231.663330078125,1254.8168385658794,1224.2210815890937,1250.2470629595825,2021088
2022-04-13,1227.70263671875,1243.5880448479088,1221.5661455500635,1234.361472883978,1430399
2022-04-18,1170.341064453125,1209.9022130174312,1157.850262358655,1209.9022130174312,3968044
2022-04-19,1132.6080322265625,1185.3998454634436,1119.0728549999021,1185.3998454634436,2677360
2022-04-20,1139.571533203125,1149.7991271647281,1127.8642447444588,1136.2639495467217,3025261
2022-04-21,1142.6177978515625,1148.1015703708829,1129.3436894754018,1143.662381607374,3728173
2022-04-22,1137.2213134765625,1152.4538989995933,1125.3398755177816,1135.9156632888742,1954666
2022-04-25,1105.798583984375,1129.778959781135,1099.0091611385058,1127.2112238192383,2686619
2022-04-26,1110.194091796875,1119.1160329757215,1101.0981064625057,1115.3732335994725,2568317
2022-04-27,1097.834228515625,1109.3674721452242,1084.7777262934371,1103.4920461452398,2382463
2022-04-28,1106.5821533203125,1117.984810942872,1088.2159214293872,1108.758237074774,2576887
2022-04-29,1095.875732421875,1118.33295832024,1086.605594768919,1117.6365690466143,3811317
2022-05-02,1071.6776123046875,1087.171370088608,1065.5845782049114,1079.3374691031818,2149957
2022-05-04,1055.6617431640625,1082.7756604494118,1044.520152370477,1072.7656756558615,2797667
2022-05-05,1099.6619873046875,1102.055679095187,1063.800174617742,1073.1137692646014,3563713
2022-05-06,1123.5118408203125,1130.69291592143,1069.5014092248239,1079.076176026314,5745203
2022-05-09,1097.7471923828125,1114.1548420480942,1053.224499123589,1114.1548420480942,5712061
2022-05-10,1081.3394775390625,1106.712526667121,1074.9852710868768,1092.393939444559,2852416
2022-05-11,1065.8021240234375,1101.664043515875,1050.874276358231,1081.9487059419816,3244609
2022-05-12,1055.6617431640625,1073.113870290802,1041.9524161642,1052.3540535132556,3110220
2022-05-13,1047.0009765625,1074.5937839078263,1040.168094431489,1068.8924016417309,1892084
2022-05-16,1034.9888916015625,1062.7991966284142,1007.0478940579457,1035.8157608417796,3474480
2022-05-17,1042.9532470703125,1053.224403590428,1029.8532882822326,1040.8642919342205,4434968
2022-05-18,1020.1915893554688,1071.0683830925673,1017.1015080403615,1052.354063518012,5294021
2022-05-19,964.744873046875,1004.3931583736618,957.4767751409395,1003.6097470340939,4393100
2022-05-20,984.3732299804688,987.7679417556873,970.3157082247583,981.8489516730453,2461651
2022-05-23,994.8182983398438,999.083443011549,971.098989519583,987.0714202633296,2783695
2022-05-24,956.0405883789062,1002.6087794065296,949.6429235726575,999.2576317703124,3666196
2022-05-25,922.7901000976562,953.03766434793,909.6030112672227,949.6865166098687,4711542
2022-05-26,938.8494873046875,948.3372330532371,919.1341486342696,931.3637809701364,2946857
2022-05-27,977.714111328125,980.2818468175274,950.5130732876141,953.1243729395031,3367600
2022-05-30,1013.1845092773438,1018.842326554236,988.3335924287458,994.8183852139399,2469771
2022-05-31,1027.3289794921875,1037.5565715354269,999.8233063969287,1002.7392369201441,9674664
2022-06-01,998.0389404296875,1041.9088061499763,994.9924234526408,1032.4646247719472,2419021
2022-06-02,997.5167236328125,1005.6988192310534,985.0694829217999,992.2941229855203,3206663
2022-06-03,999.17041015625,1028.852164549374,995.862721101927,1009.7026318758662,3229236
2022-06-06,995.9500122070312,1000.1281356932883,967.1386833347449,997.5168350779011,3938875
2022-06-07,983.8510131835938,992.1201313128325,975.494766702356,983.6768627336834,1656444
2022-06-08,978.541259765625,991.6848901026733,974.7984596150792,987.854961602278,1303551
2022-06-09,991.075439453125,993.9913700671948,967.617302026799,976.62626638839,1323539
2022-06-10,966.050537109375,978.2801695060035,957.6943972931484,974.0150243772171,3119792
2022-06-13,915.6524047851562,944.0720775440419,913.9551020971795,941.112582629292,2012004
2022-06-14,896.6770629882812,919.6565279141643,888.1903366310127,900.0282106067444,5775453
2022-06-15,887.8855590820312,902.6394155057242,885.9270839760641,902.6394155057242,3238141
2022-06-16,848.9336547851562,899.679909609801,845.1908019211087,891.3673346821765,5600443
2022-06-17,840.0117797851562,848.1068001434465,821.4280471110303,845.2778914663477,7043370
2022-06-20,852.4588623046875,860.1187181266688,825.2143096429272,839.9681652433336,2985094
2022-06-21,870.5203857421875,874.4809000484543,853.0246963835036,862.9476579800039,3433536
2022-06-22,853.0247802734375,867.7786378637792,842.5795788823342,867.7786378637792,2719988
2022-06-23,862.6865234375,869.171262907553,845.4084416592941,853.9821894178419,2915172
2022-06-24,854.0693359375,871.303908109869,847.8022042947177,871.303908109869,4056588
2022-06-27,876.7005004882812,891.4107925583286,866.9516361233344,866.9516361233344,3796002
2022-06-28,888.451416015625,895.6760028867768,856.550009433613,872.1743001871238,2755698
2022-06-29,888.799560546875,894.2833336971469,872.6530309290679,877.396903782267,3770663
2022-06-30,870.4334716796875,893.0647419433594,867.8221712646484,884.3604072265625,3264301
2022-07-01,879.7470703125,882.619489979926,861.1197738293661,867.8221218047202,1842102
2022-07-04,870.3898315429688,882.4453120869526,866.0811758717675,879.7469899757542,1814322
2022-07-05,873.2188720703125,889.4959886656371,869.5630408527303,874.7856416986926,3045188
2022-07-06,879.0507202148438,883.4028872559569,871.8260804249647,877.3968754884052,2188175
2022-07-07,888.494873046875,893.8480595871715,884.3603144899585,888.6689703483632,1901699
2022-07-08,893.4998779296875,900.6373892507783,883.098188257753,897.416828198254,2841036
2022-07-11,877.005126953125,885.5353633112616,859.988165279728,883.489866152757,2892507
2022-07-12,868.1267700195312,885.056711050723,865.6460559666724,870.4334398860457,2013304
2022-07-13,861.7725830078125,874.0892369538557,859.161282789743,871.6520340423987,2067142
2022-07-14,849.368896484375,869.2147672712475,843.2758627174469,868.6925284848976,2212219
2022-07-15,847.6279907226562,860.7715662632398,840.0116988641684,853.0246881506492,2544737
2022-07-18,877.3968505859375,889.5829179551865,856.6805466836214,857.3768827650282,3946821
2022-07-19,877.1357421875,879.9646507193813,862.5994938751945,870.389883380706,2985845
2022-07-20,910.0382080078125,915.4348531098585,885.4484620716856,888.9301960095443,5574762
2022-07-21,925.4966430664062,928.2299376213501,906.0502248121264,918.551497596772,4935223
2022-07-22,921.8672485351562,935.3094662705364,908.0218080249338,931.9937629863618,2985409
2022-07-25,911.6063232421875,922.0464666895065,903.5409932749428,922.0464666895065,2888919
2022-07-26,895.5653076171875,929.5293320853705,890.905382681377,909.5900429661615,5939871
2022-07-27,903.0032958984375,905.0644247698278,888.9785618296748,896.1477437799141,2546052
2022-07-28,930.201416015625,935.08537776639,909.9484976226022,915.1461439211503,3428026
2022-07-29,939.7454223632812,957.0858605994664,935.6679060726112,945.4359390753156,6185909
2022-08-01,940.5966796875,948.9756394777596,930.022201612881,948.9756394777596,2540084
2022-08-02,925.3623046875,940.5072261583706,923.0323420134556,937.3707084913345,2802273
2022-08-03,943.3300170898438,947.2282381971933,918.2826200844703,920.7470265698462,3509019
2022-08-04,946.376953125,961.2977268775245,928.5883313073109,952.6051367434802,5360632
2022-08-05,948.3035888671875,957.041030199722,941.3584431926088,949.9166987165659,2641829
2022-08-08,946.8697509765625,954.2629703841483,940.1039006696885,946.332084170983,2579239
2022-08-10,945.6151123046875,949.1549617411612,934.7270040778849,946.3320743000103,2823021
2022-08-11,965.3751831054688,980.296065321701,959.0572975836737,960.670407323335,3201408
2022-08-12,955.2039184570312,964.6134699290957,951.7089203173714,961.835433754046,1771561
2022-08-16,965.7784423828125,967.7947749371551,946.8250038864255,964.2550348767484,2222701
2022-08-17,989.7953491210938,991.9461259457348,960.8497283818792,961.1186165073544,4280823
2022-08-18,990.3778076171875,994.007140734688,975.098443182375,985.7626243608885,3041422
2022-08-19,989.4817504882812,1017.1278920182722,985.7627147313651,994.7241939561957,4577717
2022-08-22,966.6746215820312,985.7626141403305,963.582955322173,982.1780228161838,2157609
2022-08-23,955.2039184570312,958.9676952886423,938.2667039287079,951.7089203173714,2875768
2022-08-24,959.7294311523438,961.9250588718587,945.5255105711577,955.2935433527158,2180800
2022-08-25,959.4158325195312,976.4874922176087,954.8903516723477,967.8396438912678,2734931
2022-08-26,972.813232421875,983.5670054069756,968.7357164078101,970.5280119053268,2624896
2022-08-29,928.005859375,938.804374279175,911.6511080100205,937.3705597375339,6118233
2022-08-30,964.3445434570312,968.2876153193538,934.0548160361233,939.1628143032697,4453769
2022-09-01,943.5540771484375,954.3974440710107,934.7717846100961,946.3321135577345,6112823
2022-09-02,946.690673828125,955.7417458388456,938.3117127497804,948.3036744299944,1645341
2022-09-05,954.4422607421875,959.5951106061973,945.2567457672136,946.3320793729205,1677079
2022-09-06,953.232421875,959.7743449206606,941.2241282298334,954.4423089838762,3051076
2022-09-07,946.1976318359375,950.8128148800806,935.5783022948201,942.7474846878839,2615897
2022-09-08,976.4426879882812,979.4000196883798,956.2793611050166,958.878211781914,2634786
2022-09-09,1009.6449584960938,1014.7529572886651,973.4405648610865,988.1374109180352,3394349
2022-09-12,1030.65966796875,1044.0122934285498,1021.5637449928864,1021.6085961446754,5230075
2022-09-13,1028.28466796875,1043.519179363008,1024.3864472258847,1035.946774809546,2483685
2022-09-14,998.93603515625,1005.3435146146866,981.2819650222053,996.5164795476642,5179539
2022-09-15,970.5281372070312,1007.5390877663292,966.0473978847458,1003.9544963085008,3392174
2022-09-16,925.8998413085938,962.4178632950744,921.239916616001,954.3973844319465,6635089
2022-09-19,931.5457153320312,942.6131197009926,916.8488683149455,928.4091977719908,2485826
2022-09-20,946.466552734375,955.0246988768675,940.955221700094,944.5398130208562,2321528
2022-09-21,950.05126953125,956.145009945537,938.2669021292384,938.4460879617238,2760138
2022-09-22,939.5214233398438,960.6704906204151,934.0100922100071,940.955238014399,3867282
2022-09-23,927.6026611328125,940.8656936916656,915.863145626195,930.2015118982293,3230711
2022-09-26,925.6310424804688,942.9714797447077,908.2905505197114,922.1360443405125,3314114
2022-09-27,916.3110961914062,936.4744210464738,913.219375440992,927.4680921873282,4448875
2022-09-28,922.7633666992188,928.7676227303626,903.809873119974,910.4861853197431,1965519
2022-09-29,902.5104370117188,936.0263869635061,897.6264752074701,934.547721199316,3176310
2022-09-30,903.8546142578125,912.9953324037309,882.3022714403436,897.0439131197269,3848885
2022-10-03,901.07666015625,912.5025452054714,895.3861432064238,905.10932546774,2431236
2022-10-04,921.5087890625,928.4090830849705,912.1888304424989,915.8630143946331,2715420
2022-10-06,924.1973266601562,936.4745085169872,920.6574769969183,926.1239570340537,2397633
2022-10-07,917.52099609375,928.8124376389336,915.0117929388788,922.942734590174,1539126
2022-10-10,922.4497680664062,925.7207295994573,899.2843680087661,903.4066262426032,1660433
2022-10-11,900.494140625,927.5130200440224,896.6407158288562,927.0649461212959,2310765
2022-10-12,910.3966064453125,912.995402346016,894.5347788441015,903.13777617195,2192421
2022-10-13,907.7529296875,914.9669085758505,898.881044542583,913.0401689171852,1344162
2022-10-14,913.9363403320312,940.8656263154883,910.5309895255884,927.5130018022383,3492929
2022-10-17,916.9832763671875,921.1951274537761,902.8241514485869,913.1746480509788,1426207
2022-10-18,913.5330810546875,926.5719657926239,908.6938610992196,921.5984111827871,2395805
2022-10-19,913.3539428710938,923.0323291696842,910.7550921045296,918.1035157614965,1304927
2022-10-20,933.472412109375,935.0406708171021,902.420867817771,905.1093113167316,1852905
2022-10-21,933.0243530273438,935.8919823812766,924.0180234054128,933.4724269509612,1202009
2022-10-24,939.2974243164062,941.9858679621758,936.4745366097378,941.8514239012769,231316
2022-10-25,970.0800170898438,973.2165344661157,941.8513607033957,944.0021373543054,3097049
2022-10-27,964.1206665039062,983.9703637533141,956.3242237723707,979.7585125108618,2342818
2022-10-28,940.0142822265625,968.7358657595405,936.5193929820201,968.7358657595405,1542568
2022-10-31,952.963623046875,966.3162475749172,943.6436637485274,943.8677007057325,2629847
2022-11-01,959.6846313476562,967.8395538580385,938.40112264013,957.9819287724474,4709472
2022-11-02,969.6318969726562,984.5975211262014,955.6071623513293,959.7742714026939,4104485
2022-11-03,943.5091552734375,959.9087031783305,941.0896000580445,958.8781113669453,3460133
2022-11-04,944.2261352539062,948.841318223847,930.8735113828985,943.6436173152271,2531080
2022-11-07,944.0916748046875,956.9962245591257,935.9814937366203,948.9756363893664,2588984
2022-11-09,937.8919067382812,956.3543467236381,934.5641979494469,954.5765266502989,2697639
2022-11-10,930.9629516601562,942.7242337012339,916.51212372163,925.4014479755826,3285774
2022-11-11,965.2437133789062,971.8993538471118,953.8471449707554,956.4000208120265,5299457
2022-11-14,971.3067626953125,979.6034426873705,962.2806577677379,968.2525044552485,2229790
2022-11-15,972.7655029296875,976.0021730564567,957.3117998218398,970.9876826764375,1577944
2022-11-16,972.6743774414062,980.1049629074898,965.5173541572387,971.8994329854736,2335937
2022-11-17,965.1070556640625,968.1156829846744,954.8501439684459,966.429013098096,2089630
2022-11-18,967.2039794921875,970.9876625959685,953.6648780050546,966.4290350720438,1617331
2022-11-21,950.5650024414062,964.5144473792759,946.1887867334647,961.9615714120125,1475958
2022-11-22,957.9044189453125,959.955801320551,944.593248902688,950.5649841516123,1696991
2022-11-23,951.886962890625,965.1981316745108,949.425237496356,962.7364062802417,1704144
2022-11-24,974.908203125,976.4580920866523,953.6649526822019,956.6736916014397,2208145
2022-11-25,984.8003540039062,987.3075992127186,966.429062305866,975.5463176106383,1943246
2022-11-28,982.1105346679688,994.6923894278855,976.8225942415387,980.1047833501163,1749691
2022-11-29,979.6947021484375,989.6324212819046,978.0991824882509,981.1078099278313,1233868
2022-11-30,981.9283447265625,986.4869721394064,969.3464885492676,979.8769623907828,3909954
2022-12-01,1004.2655029296875,1010.1460870944583,992.0939914036679,995.0570988794024,4264917
2022-12-02,1016.3460083007812,1017.7592273536059,1002.9436878740025,1004.2656453404894,3418928
2022-12-05,1002.670166015625,1021.1326082632417,999.4791266148023,1021.1326082632417,2760688
2022-12-06,992.686767578125,999.3879277351579,984.7091694638915,992.8690681600324,1838107
2022-12-07,982.8856201171875,991.3190801369398,979.3753882624711,990.1337925892946,1478573
2022-12-08,979.3299560546875,986.8516913372971,975.8198351817261,982.931227217606,1110431
2022-12-09,943.9094848632812,980.7431072058865,939.2595956288391,979.1475875298462,3138360
2022-12-12,940.9918823242188,952.2061506831403,931.6011206436754,942.724183062658,1689393
2022-12-13,953.4368286132812,954.986717261725,939.2139347580569,948.0576265419596,1983827
2022-12-14,971.0787353515625,973.7683921526923,958.2234290194525,958.2234290194525,1983937
2022-12-15,932.4672241210938,966.4289978668877,930.1879104468794,966.4289978668877,5184673
2022-12-16,930.6893920898438,942.2683172287934,921.7544931962362,925.4013952464686,2994364
2022-12-19,936.0685424804688,937.3449804614122,920.6148395067204,929.9144508966116,1529622
2022-12-20,928.0910034179688,934.5186571989975,915.3724212954083,934.5186571989975,2149130
2022-12-21,935.4760131835938,939.5787780186367,930.1879606561353,934.0627941114536,2037666
2022-12-22,926.17626953125,943.6358340333986,923.2131618398408,939.077206815846,1925482
2022-12-23,907.8506469726562,925.8572252078659,905.3434019019309,916.3296828096479,1504806
2022-12-26,912.63720703125,917.6516971797734,905.3434031788524,912.0445632093199,966423
2022-12-27,920.4324340820312,923.2131856269249,905.5257449554771,920.569215161004,1615647
2022-12-28,926.5410766601562,929.4130343596507,913.7313439991384,916.55767090395,1077963
2022-12-29,923.76025390625,926.0395675727937,918.1075448837606,920.842721283613,1977329
2022-12-30,926.6777954101562,936.9347070079045,925.4013574857358,932.4672299197402,1317151
2023-01-02,920.3869018554688,931.6466896390564,916.4664932940158,928.045418394319,1348611
2023-01-03,933.4244995117188,934.3362806040727,919.0648237521967,923.5778758346504,1439615
2023-01-04,930.2335205078125,938.4846251887176,922.7573602463057,933.4245597714903,1702044
2023-01-05,922.34716796875,934.4730509156368,915.8283080764294,930.871779538113,1376035
2023-01-06,899.0980834960938,922.3470826965681,898.0495769595029,920.3868507011352,2346808
2023-01-09,925.6293334960938,930.8717552322204,907.5316041963893,909.8564931412095,2190779
2023-01-10,914.1416015625,924.5352389506178,910.8593563499559,923.5779382980332,1411099
2023-01-11,917.5149536132812,927.1792775012401,914.6886267638394,919.429610591205,1294200
2023-01-12,913.1387329101562,924.0338645940328,909.2638992401763,920.8428251011082,1948321
2023-01-13,914.597412109375,919.930983760262,899.2348048098318,915.7826440709827,2837817
2023-01-16,943.1343994140625,944.3196870824834,914.6886083181283,919.2016606747765,4286551
2023-01-17,953.71044921875,957.3117202198281,939.8977864252275,942.7241130545735,2466876
2023-01-18,955.8073120117188,958.6792693142347,951.3854660289147,953.7104103439528,1138627
2023-01-19,960.3206176757812,960.9587810770511,948.2857729955722,951.7503747886541,1768051
2023-01-20,954.1207275390625,964.1497079527554,949.8811817416237,959.591080491986,1160517
2023-01-23,971.26123046875,975.1815833855762,954.8045404928968,960.5028249312645,1344952
2023-01-24,976.09326171875,982.201889118206,971.261183525331,975.5462486980288,1578750
2023-01-25,958.3602905273438,973.4492809163843,956.4000584251276,970.9876665612592,1049973
2023-01-27,939.16845703125,964.2865401904386,931.3276396416979,958.2235430870529,1651820
2023-01-30,944.638671875,955.4425956883567,928.5011766899463,939.1683194333405,2654212
2023-01-31,925.4014282226562,938.0288047626321,908.1242180145543,934.5186836731258,5797831
2023-02-01,933.37890625,943.1799545940171,914.734110131223,928.1820601846418,1939670
2023-02-02,926.9057006835938,952.0693008360432,921.8455799199845,936.6155989816864,3860090
2023-02-03,922.0279541015625,936.2509047821484,914.4606438511983,934.0171106101311,2980262
2023-02-06,916.6031494140625,926.67776005016,908.9902642442586,917.1957932093522,2003960
2023-02-07,913.959228515625,919.4295814552399,908.9903134660133,916.2841173854998,1697633
2023-02-08,921.8001098632812,931.0085713432826,915.6915375245302,918.5634952773742,2611176
2023-02-09,926.3131103515625,927.8630548349588,914.0959663616244,921.8000579856439,1782899
2023-02-10,927.5438842773438,931.4187175233054,915.4635218046396,922.2558876829044,1116554
2023-02-13,914.0048828125,927.9542728870587,912.1814316747195,925.4014524236285,1682312
2023-02-14,922.7117919921875,935.156811825096,916.9679324041291,917.2414389278825,2440189
2023-02-15,976.8226928710938,980.1048823110733,919.2927822047295,925.3102037077675,6712218
2023-02-16,1030.477783203125,1040.324463472881,979.2388527897496,980.1049475278561,14422445
2023-02-17,1029.5205078125,1038.4554632520994,1010.2831198215407,1010.2831198215407,5333732
2023-02-20,1043.1962890625,1054.7296390786264,1021.1325761317856,1029.7939685186177,4590531
2023-02-21,1034.3070068359375,1050.2622039787743,1031.2072289981704,1044.837481468059,3494288
2023-02-22,1026.3292236328125,1034.12452020954,1019.3089826707212,1022.9558842187381,2674708
2023-02-23,1029.1556396484375,1048.0283102432863,1024.8249441515643,1027.5144894686243,2576193
2023-02-24,1020.2208251953125,1040.2787860123785,1017.4856487202582,1036.6318840456393,1913493
2023-02-27,1015.61669921875,1019.5371638614438,1000.0262135393522,1011.1037019649821,2247105
2023-02-28,1003.1259765625,1035.2643002833163,999.934937327809,1019.3091041098614,3894204
2023-03-01,1027.423583984375,1029.3381854539289,1000.1629667342428,1003.1260748854609,2084324
2023-03-02,1011.8328857421875,1024.7793418058793,1007.4565593376306,1021.1324402336164,1838692
2023-03-03,989.3589477539062,1020.7678466847092,986.8972221292015,1019.3091081448564,2388401
2023-03-06,993.8262939453125,999.2510154327866,989.222036263297,995.6041139166085,2076844
2023-03-08,983.1137084960938,992.3221143241396,975.181629406781,984.6635974186257,2230530
2023-03-09,966.4290771484375,987.7178463531131,964.012982196642,986.48703912699,2550755
2023-03-10,967.5687255859375,969.1186144800995,949.1519142669559,952.7531856181905,1400844
2023-03-13,1033.7142333984375,1061.8864573248436,1025.6910059011057,1025.6910059011057,13080169
2023-03-14,1016.847412109375,1037.7714661176915,1001.4392301514515,1028.4262805014328,4325522
2023-03-15,1016.0267944335938,1032.2554395598374,1012.5166739494487,1025.5999110055914,2583351
2023-03-16,1019.0811767578125,1023.5030231701264,1003.8554054386157,1008.3684021419286,2396839
2023-03-17,1027.6513671875,1032.529076104879,1015.844455787724,1024.1867659463014,2507004
2023-03-20,1011.103515625,1036.449527441649,999.2510848737602,1036.449527441649,4007438
2023-03-21,998.9320068359375,1011.8784636469792,990.5440659587666,1007.4109867041459,3354949
2023-03-22,1002.5333862304688,1008.6420141539126,997.0175134643529,1000.1629220742673,1750203
2023-03-23,1002.3966064453125,1013.8388065587661,991.1368182177254,991.1368182177254,1720354
2023-03-24,1004.67578125,1019.3090187471738,999.8437033046174,1007.4565882966252,1943460
2023-03-27,1005.63330078125,1015.3432003323965,993.8720187035779,993.8720187035779,1455300
2023-03-28,975.81982421875,1007.0919413565299,972.0816607209699,1001.9863009355264,2431154
2023-03-29,985.6663208007812,991.4102354150774,971.0787142066131,980.7429813163283,1642278
2023-03-31,1004.584716796875,1008.3683998690501,995.1027493673929,998.3394194001897,2281085
2023-04-03,1005.8156127929688,1007.4567633506665,989.3134020956523,1007.0920508606641,1508662
2023-04-05,1006.0889892578125,1016.5738314657553,1001.6215124928984,1004.721401143733,1947605
2023-04-06,996.2880859375,1007.4110930311247,987.3987619037406,1006.5449982841455,1355815
2023-04-10,1009.508056640625,1013.6108213774801,994.5557362296075,999.5702264635415,940829
2023-04-11,1001.302490234375,1018.3973426740696,995.9689185321128,1010.1918135030162,1384483
2023-04-12,1011.9241333007812,1015.2063227724203,994.5101988781116,1005.633205224948,1376719
2023-04-13,990.9088134765625,1003.1259571403301,981.016614299473,1003.1259571403301,2725180
2023-04-17,939.0316772460938,946.3711123753311,913.5489928709843,943.6359357499688,4349422
2023-04-18,934.700927734375,946.1431271505487,921.7544702955479,943.4535814731705,2735592
2023-04-19,924.3984985351562,938.1655312045013,920.8427468576738,934.7009298172895,1953837
2023-04-20,931.60107421875,933.4245251589501,920.8882999450747,925.4925024396185,1250758
2023-04-21,910.5858154296875,929.5952692675949,906.1183383566416,924.763135394025,4269272
2023-04-24,917.2869873046875,918.5178500966211,903.5199547535414,913.5489350787573,1625433
2023-04-25,908.9903564453125,917.2870365370928,906.619892318321,917.1958862427125,1984203
2023-04-26,908.35205078125,914.0047596762901,905.069861434352,908.9902697229538,1589700
2023-04-27,914.597412109375,919.6119021100504,905.34337648557,910.8137292135796,3543950
2023-04-28,933.3333740234375,936.0684947839477,894.4482605000546,895.2688356813222,5146250
2023-05-02,960.457275390625,971.7171754290985,930.3248115081626,930.3248115081626,4762884
2023-05-03,947.8298950195312,957.9956575416875,946.5990877398592,948.1034572126259,2217136
2023-05-04,953.1632690429688,954.6221187096693,938.0286497550824,941.8123324007049,1744298
2023-05-05,944.9122924804688,957.9498998296838,940.4904462421174,953.6648346697582,1222282
2023-05-08,951.2487182617188,954.5765383860744,943.9093952256785,949.0605549405938,1487285
2023-05-09,955.3060302734375,958.6337393366249,948.0577457196515,955.8530433184397,1747630
2023-05-10,953.8017578125,958.2236047094648,946.5079530192786,955.4884279120067,1186977
2023-05-11,951.886962890625,965.3349127455157,950.8839758996601,961.8703116548878,1451786
2023-05-12,953.98388671875,960.5027458383688,942.7697306442462,951.8869849948715,1140016
2023-05-15,970.4862060546875,975.4551770220005,950.0180122096695,953.664914367864,2122222
2023-05-16,963.8760986328125,977.1873792027417,960.0468962709434,975.4550785934732,1343911
2023-05-17,961.095458984375,972.264096369839,947.2827953875105,964.6055799037404,2803566
2023-05-18,956.12646484375,966.3833764775042,952.7987558827122,965.5172817907217,909923
2023-05-19,977.5065307617188,983.5238968869936,956.4000628824624,963.2836350216277,2624323
2023-05-22,1006.9552612304688,1012.4256146502614,975.6375101610813,977.3698110029407,2996190
2023-05-23,994.2366943359375,1020.4031726309653,990.498641907308,1006.5449890388584,1414119
2023-05-24,1001.75830078125,1005.9522154357246,989.2220763118601,989.450007665849,1782245
2023-05-25,1001.1657104492188,1002.8980110909347,986.0767207863908,1000.1628346970504,1200289
2023-05-26,1016.3460083007812,1021.4972796710745,1001.9863315743967,1001.9863315743967,2104054
2023-05-29,1015.7078857421875,1028.4720433447553,1012.1065030704041,1028.4720433447553,1432241
2023-05-30,1001.4392700195312,1021.8619426333678,998.3393811888808,1016.5738904343398,2822485
2023-05-31,1017.0752563476562,1027.9246989517742,999.250981278723,1001.4391443725596,7599886
2023-06-01,1021.8619384765625,1036.3582842320434,1018.9443502323902,1022.9559645089948,1412280
2023-06-02,1023.9588623046875,1038.6376202447443,1018.9443721746013,1028.426339406778,1907589
2023-06-05,1011.4226684570312,1034.3982179994232,1009.735998528796,1024.8706196789724,1754521
2023-06-06,990.36181640625,1004.7214929157077,976.9594961819358,1002.8980419303798,3284841
2023-06-07,998.9775390625,1001.986277589485,988.4926963033744,998.3393757602239,2086377
2023-06-08,976.7315673828125,1004.2656328159807,974.6345542263126,1003.8097700684473,4054486
2023-06-09,969.209716796875,983.7516921961127,966.5200601294937,983.7516921961127,2782697
2023-06-12,979.876953125,983.7517863892766,968.3892344121851,971.89935522796,1767945
2023-06-13,984.116455078125,991.8661212620821,980.4695533444982,984.2532361520578,1846534
2023-06-14,982.4755249023438,989.1766860803466,976.5037887523363,984.6636886916964,1321534
2023-06-15,986.0310668945312,987.8545177810676,974.9535804999009,983.7061224963535,1389325
2023-06-16,982.1105346679688,990.9998571216094,976.8681137337705,987.8544490789312,4392418
2023-06-19,997.06298828125,999.0688511655444,979.2388214661582,983.7518181902407,2188899
2023-06-20,1009.5992431640625,1012.881432812415,992.1396770094865,997.0630171293254,3318866
2023-06-21,1021.0413208007812,1021.8162651493789,1006.6360146372903,1009.5991222542749,1985965
2023-06-22,1020.2665405273438,1026.8309200935548,1012.3800921118734,1018.3063082988729,2360795
2023-06-23,1017.0298461914062,1019.3091600555734,997.4733777547006,1015.6622578729059,3492348
2023-06-26,1013.7476196289062,1026.6029270965018,1010.4654300427612,1014.0210705058911,1432154
2023-06-27,1020.8589477539062,1022.0442353636085,1009.0065168353274,1011.103529900305,1227245
2023-06-28,1010.2830200195312,1027.469023703166,1007.1831310123478,1021.1325758973645,1876800
2023-06-30,1031.0247802734375,1032.5291496377938,1012.5623385249472,1016.2548713924929,2478834
2023-07-03,1022.4544677734375,1036.5406928407212,1016.6650333886845,1035.720117671672,1899656
2023-07-04,1046.6607666015625,1053.9545698531413,1021.2236055027603,1024.369124931767,2773593
2023-07-05,1071.27734375,1080.3489669515732,1045.293169880319,1049.2136336135864,3732838
2023-07-06,1075.1524658203125,1079.4831626298494,1059.4251984593625,1071.2776318328322,2520085
2023-07-07,1053.95458984375,1079.7564638534427,1049.6238940809837,1066.7187457761138,2261102
2023-07-10,1045.8858642578125,1057.5558831521323,1035.3553908727,1057.5558831521323,2088505
2023-07-11,1058.9234619140625,1063.2541577301126,1044.0167733114217,1052.7237957331138,1212566
2023-07-12,1057.0545654296875,1065.8071079581018,1051.6297319357657,1063.071931462059,1274203
2023-07-13,1071.5054931640625,1086.6857464046357,1051.6754617015495,1057.0546649089267,3215610
2023-07-14,1120.191650390625,1123.245908809062,1078.5713556177925,1079.4374503965075,6033106
2023-07-17,1132.727783203125,1158.5751788633647,1112.8977535826032,1126.8015674544633,4880073
2023-07-18,1137.42333984375,1147.315540545255,1116.8638826293331,1133.2749437618459,2666872
2023-07-19,1134.82470703125,1150.3240408276142,1122.4252622530823,1144.2155243786594,2293881
2023-07-20,1142.346435546875,1144.671380119924,1126.5280201753083,1135.0982622455638,2000345
2023-07-21,1118.1607666015625,1139.5396861396305,1104.9685317824585,1122.2775223311253,5032086
2023-07-24,1087.05126953125,1126.4408920036765,1080.8761935831265,1119.4705610233377,2669308
2023-07-25,1082.0457763671875,1089.7178235197553,1071.2861339735666,1089.0629344499837,2557865
2023-07-26,1069.60205078125,1091.869879789781,1066.0934714760128,1083.449289457212,3170213
2023-07-27,1029.089599609375,1052.573664754021,1012.6226922297559,1039.4749702593042,17594818
2023-07-28,1020.8094482421875,1029.1832114140689,1015.1957216344745,1029.1832114140689,4244321
2023-07-31,1043.6851806640625,1046.959854023385,1017.1603492958591,1024.504950988031,4766331
2023-08-01,1069.8826904296875,1080.1745221697195,1047.8020560842938,1047.89559534871,3805214
2023-08-02,1071.8944091796875,1078.3969305836517,1053.135159160347,1069.4149902532347,2357217
2023-08-03,1069.227783203125,1073.110519197114,1049.111930598428,1066.6079985746358,2348236
2023-08-04,1099.5418701171875,1105.7637732693038,1069.2278378717497,1079.6599217587902,3580506
2023-08-07,1107.4478759765625,1116.0555439309687,1096.6414071907705,1104.0328363100723,1694290
2023-08-08,1127.797607421875,1131.072281012408,1099.4482446534976,1109.6465366777534,5137402
2023-08-09,1148.942626953125,1156.8954057227515,1122.9323165866665,1129.2477585507818,3396984
2023-08-10,1156.240478515625,1159.4214985492233,1137.3408657718437,1141.4576210178243,3715680
2023-08-11,1141.8785400390625,1169.8536292201295,1137.060183527205,1156.2404129567888,2933959
2023-08-14,1141.2237548828125,1142.5803596959004,1125.5521025816956,1134.066231138798,1842625
2023-08-16,1148.8023681640625,1159.2345664836084,1141.457765221955,1142.3933863409895,2341456
2023-08-17,1152.451171875,1154.4627798762554,1136.3585362880544,1146.135730096915,2636308
2023-08-18,1132.8499755859375,1147.02454265575,1127.563693985829,1147.02454265575,1794430
2023-08-21,1140.3818359375,1145.2003077872519,1126.8153290233536,1127.4235056238876,1175945
2023-08-22,1135.0953369140625,1144.2644682807343,1131.3996796962208,1140.381618338372,1003208
2023-08-23,1123.6807861328125,1140.381597622286,1121.996622700452,1135.0953162940068,1569035
2023-08-24,1121.9031982421875,1138.1830276451444,1119.6576848397872,1128.5460849734732,1218843
2023-08-25,1112.921142578125,1120.1253783545008,1102.5824851864975,1113.388953062605,1213340
2023-08-28,1108.47705078125,1119.283519708348,1106.1848248689832,1112.9680775536542,950013
2023-08-29,1120.8739013671875,1130.1365716414953,1111.7515970780973,1115.6344468742236,1419344
2023-08-30,1120.1253662109375,1142.9545404483777,1117.646062039307,1130.1832915182188,2016339
2023-08-31,1124.5697021484375,1136.311792290238,1120.874044597534,1121.8096656698192,2817747
2023-09-01,1148.9893798828125,1150.720255838001,1126.5344765639275,1127.423270802349,1686038
2023-09-04,1175.841796875,1184.496291898747,1146.6504647497964,1155.4920383056494,3466873
2023-09-05,1173.783447265625,1185.0576125189725,1168.2632601657492,1177.7130100355405,2199985
2023-09-06,1168.543701171875,1178.5080868021419,1156.2870899745333,1173.7832696878259,1753376
2023-09-07,1187.5369873046875,1192.7764422082164,1158.9070067500913,1168.5438347914003,2554884
2023-09-08,1181.642578125,1195.7237208351062,1177.9937473414614,1190.109994446209,1731105
2023-09-11,1187.1627197265625,1192.9168118968457,1182.1571700640507,1183.5606016074587,1293853
2023-09-12,1184.4962158203125,1201.1503157242073,1170.9765377145666,1189.9228634415504,2335224
2023-09-13,1179.2567138671875,1187.0691262597702,1173.1751774567927,1179.1631746108753,1204376
2023-09-14,1197.4547119140625,1206.343112883071,1180.753897146186,1180.753897146186,3288631
2023-09-15,1216.3541259765625,1219.769051255196,1191.981153257133,1195.9107157700648,4316210
2023-09-18,1206.7640380859375,1218.1785688529346,1200.4017694610716,1217.2429478323104,1967717
2023-09-20,1192.30859375,1206.1558301793643,1187.3498709967155,1199.4661172137487,2843560
2023-09-21,1208.494873046875,1212.5648015059166,1184.4026325848554,1193.8055549955313,2960250
2023-09-22,1221.3128662109375,1235.0197368907086,1201.337380430053,1206.9979332420885,3252940
2023-09-25,1215.7926025390625,1229.780204323092,1212.611582665878,1221.3127890079204,2100302
2023-09-26,1199.7469482421875,1219.1610855174504,1196.7997190183303,1216.3073955586324,1141475
2023-09-27,1205.6878662109375,1210.5998758160943,1182.6247887463232,1188.191687280888,1568115
2023-09-28,1150.345947265625,1192.0279058828835,1143.3287902062575,1192.0279058828835,6570797
2023-09-29,1144.0775146484375,1152.3577384534349,1132.1015190106434,1145.2002142719236,2861162
2023-10-03,1137.9022216796875,1151.4687262651032,1134.4872963774253,1142.0189769479164,1622290
2023-10-04,1127.4232177734375,1137.247237513372,1109.6932468797904,1132.1013224115015,2340603
2023-10-05,1127.9847412109375,1145.1533650344998,1122.2774755158196,1135.8439810556106,2497613
2023-10-06,1138.5572509765625,1144.2645164008468,1127.4233379092564,1129.2945799638776,1446719
2023-10-09,1134.5809326171875,1148.7087881714458,1124.756911215599,1125.7860715677396,1451064
2023-10-10,1148.708740234375,1152.170492422991,1134.9083297937664,1136.966650412151,1503359
2023-10-11,1152.310791015625,1159.1408699425,1143.3288523338713,1150.9073595274901,1622663
2023-10-12,1121.57568359375,1152.6850821167884,1112.734110750769,1152.6850821167884,2452842
2023-10-13,1117.2249755859375,1125.5051983144267,1104.0327427730765,1110.5820895522388,3266079
2023-10-16,1108.3367919921875,1121.1080435382748,1104.7815001473805,1118.3480068290455,2638043
2023-10-17,1120.4996337890625,1125.5520097925346,1111.9386792014493,1113.3889373675113,1163897
2023-10-18,1110.6756591796875,1124.6164348331567,1102.2083577105757,1122.7451928450814,2337078
2023-10-19,1096.688232421875,1109.1319238125373,1092.6183037121907,1095.1912615898887,3107691
2023-10-20,1095.3314208984375,1100.290257710492,1074.467141851432,1094.6765319058466,2962470
2023-10-23,1081.5311279296875,1095.5654439504624,1077.4144865995052,1089.1564624766197,1203959
2023-10-25,1068.6195068359375,1090.8405047301271,1063.3332255472217,1087.1915601283515,1555285
2023-10-26,1043.638427734375,1047.895549087162,1027.4522525120128,1029.2299553036673,7099401
2023-10-27,1048.41015625,1053.462418276017,1042.3286197557115,1047.848692281289,1382498
2023-10-30,1054.3514404296875,1065.5788936296597,1043.685337047402,1048.4102692870144,2255915
2023-10-31,1060.198974609375,1063.941458664503,1043.732067609122,1054.3513432732375,1194765
2023-11-01,1052.667236328125,1064.7367708967704,1047.8487650059208,1058.1405967105468,1288497
2023-11-02,1054.9368896484375,1068.649650652384,1053.3292328113134,1063.921112375161,2493118
2023-11-03,1071.5811767578125,1074.3237516772413,1055.4096011195434,1062.9752613426226,1108121
2023-11-06,1080.1400146484375,1082.6461630074436,1072.763448807368,1075.7424509909856,572330
2023-11-07,1086.6180419921875,1087.8475080601697,1074.8440284453807,1079.9980887337495,902481
2023-11-08,1077.3028564453125,1090.2590046385355,1075.3168935355022,1089.2187493469992,806162
2023-11-09,1062.9281005859375,1079.052462704447,1056.544573746976,1078.106755024601,6042108
2023-11-10,1076.3570556640625,1077.8701646337704,1060.61100209412,1061.0838558623298,706806
2023-11-13,1069.92626953125,1080.1399577822676,1066.75817216171,1078.6740648260159,435537
2023-11-15,1110.0244140625,1114.847500249093,1081.4167561068957,1082.8353176584133,2816201
2023-11-16,1141.658203125,1148.9874372470108,1104.0191087705623,1111.206463659711,2294942
2023-11-17,1137.4498291015625,1148.0417081673659,1132.9577179494258,1146.3867198481576,1176628
2023-11-20,1146.0086669921875,1156.1276934695509,1137.4499659063413,1139.4832606030557,1077366
2023-11-21,1139.1048583984375,1154.8509137761969,1135.227480142517,1153.7159953365042,1129326
2023-11-22,1149.4132080078125,1151.8720250383742,1138.6321167045999,1139.5778244427265,750622
2023-11-23,1145.157470703125,1154.61454765097,1141.4218560430259,1149.0348491631746,651637
2023-11-24,1132.81591796875,1148.9874961592088,1130.2152218566262,1146.2450362497798,884921
2023-11-28,1137.118896484375,1143.360543858561,1121.6092680035179,1130.2151844923824,910795
2023-11-29,1155.3712158203125,1167.5708699801498,1141.1383821695447,1141.4693568232183,1898448
2023-11-30,1154.6617431640625,1161.6127869509482,1143.0768241096953,1155.654782402998,2978406
2023-12-01,1154.2835693359375,1160.1942424093409,1145.7722001102366,1160.1942424093409,1017856
2023-12-04,1157.45166015625,1181.3779953499118,1151.8719617194529,1170.7861154422683,1581599
2023-12-05,1154.3306884765625,1159.673959574584,1143.2186240321168,1157.5461174469242,1499843
2023-12-06,1158.680908203125,1179.2973801111466,1152.4865926735274,1156.600397655118,2637916
2023-12-07,1156.8369140625,1164.1661485476702,1153.8579117960903,1159.4376101701412,1076885
2023-12-08,1158.7755126953125,1170.7386209053739,1151.1625207045308,1163.2202920242948,2642571
2023-12-11,1166.3414306640625,1173.1504803827384,1158.775768557604,1164.166256631319,1558876
2023-12-12,1159.57958984375,1177.4061579824665,1152.486781663133,1170.7388721155496,1114846
2023-12-13,1150.074951171875,1166.9558081840833,1132.0592912543893,1159.4374791902787,3025706
2023-12-14,1196.0364990234375,1200.8597007163028,1163.362366789432,1167.9490261110986,5287733
2023-12-15,1235.1888427734375,1252.873646585974,1193.956008843719,1201.048816817048,5900381
2023-12-18,1221.617919921875,1260.675694059352,1216.6056229411138,1234.1485469309441,2671348
2023-12-19,1211.877197265625,1230.318499108954,1200.2922768768672,1229.4201228885966,1717860
2023-12-20,1180.8106689453125,1242.6599786420943,1170.9752852951935,1220.908700477126,2860865
2023-12-21,1182.2291259765625,1190.2204249915608,1159.4375943955265,1165.111840371361,3337533
2023-12-22,1205.919189453125,1211.3570086952504,1175.0418101462287,1191.5916947961757,2297352
2023-12-26,1212.3973388671875,1218.7808661974163,1192.111953750485,1205.777384598802,1720830
2023-12-27,1210.647705078125,1221.3814641171075,1198.448052963534,1217.976939570504,1584695
2023-12-28,1216.1328125,1219.0172672614235,1201.5690057729473,1215.2344363312095,2284964
2023-12-29,1203.5548095703125,1221.806897126288,1199.2517937797845,1216.1326514822458,1187193
2024-01-01,1226.7247314453125,1233.0137105609938,1196.5566335800588,1203.8858680477492,1776828
2024-01-02,1208.708984375,1228.5688460108147,1203.7440189660463,1227.5285906327438,1615064
2024-01-03,1176.6494140625,1204.8315482601595,1172.67748810251,1196.3201793948992,2231707
2024-01-04,1179.7703857421875,1186.5794351781537,1164.8281575251915,1182.2292027361289,3355191
2024-01-05,1180.5269775390625,1202.7983247866782,1177.92628134324,1186.7686253204697,1756868
2024-01-08,1162.2274169921875,1186.1538676757561,1155.0873932134768,1182.3237053622172,1320667
2024-01-09,1168.563720703125,1183.269405896946,1165.679266095025,1173.1977114348845,994439
2024-01-10,1173.5286865234375,1178.7772948965999,1161.6127928102637,1169.3675496310887,808638
2024-01-11,1181.567138671875,1193.293936398853,1173.5286237987693,1173.5286237987693,930492
2024-01-12,1237.032958984375,1240.5320311722799,1198.2116131086555,1202.7510560836736,5023455
2024-01-15,1265.02587890625,1325.4092901196009,1261.4321436085654,1262.5197305099302,6012767
2024-01-16,1248.71240234375,1259.871683331924,1239.3498735337164,1257.88572035836,1883106
2024-01-17,1254.7176513671875,1262.0468858108247,1234.3849364590326,1235.0942172116427,2313059
2024-01-18,1281.5758056640625,1295.1466879955292,1235.0942493772627,1254.6703524819893,4533782
2024-01-19,1314.4390869140625,1321.9574165606687,1281.4338668131147,1299.3077645015092,4463826
2024-01-23,1292.451416015625,1339.4058251275537,1283.0888869526118,1320.6807670015276,2683661
2024-01-24,1331.509033203125,1333.9206338760973,1291.411121391243,1298.4092656131475,2008135
2024-01-25,1250.2728271484375,1282.7105298182323,1240.815750782405,1274.8138941411607,8424862
2024-01-29,1242.990966796875,1265.3569783290015,1239.8228689008376,1265.3569783290015,2495791
2024-01-30,1246.30078125,1268.1466044870565,1243.6055375841054,1252.0695747236118,2293154
2024-01-31,1261.2431640625,1263.4655541867603,1241.0523266855835,1246.53736237069,1798462
2024-02-01,1241.2413330078125,1263.7964381419024,1238.6406368815105,1257.7912174479168,2286420
2024-02-02,1265.4512939453125,1280.4880676062094,1251.2184640843625,1251.643986319659,1838847
2024-02-05,1260.3919677734375,1279.637096847083,1255.8998560893829,1272.7334997351857,953919
2024-02-06,1277.698486328125,1288.432246071957,1255.9944244629876,1257.7912922547766,2713529
2024-02-07,1246.4427490234375,1284.9330062493793,1242.7072497843021,1278.1239569842,2004588
2024-02-08,1238.167724609375,1257.4601835062515,1231.3113442363233,1254.0083275402187,2308756
2024-02-09,1239.8701171875,1249.705384841248,1235.0469155985336,1245.4970317841828,1085349
2024-02-12,1247.19921875,1258.736805197522,1239.917201024487,1246.820912624562,1149683
2024-02-13,1256.3253173828125,1262.3306534862634,1229.4199801482393,1250.1782174820712,1127361
2024-02-14,1222.7054443359375,1248.2867670145063,1213.011940918979,1238.8770220698098,3426103
2024-02-15,1229.7509765625,1236.985663508744,1221.4288181226368,1233.8647819420244,1703763
2024-02-16,1231.83154296875,1238.1204064731219,1227.5285269936057,1234.2430282052362,1994659
2024-02-19,1238.8770751953125,1246.4427367232229,1217.551320586382,1232.2097897967083,1496111
2024-02-20,1248.854248046875,1251.7859185903544,1231.3113254586406,1238.8769864445617,2113200
2024-02-21,1226.20458984375,1253.0627118119082,1222.0434528442604,1248.334173276769,1769508
2024-02-22,1255.9942626953125,1258.263984064038,1228.805168714222,1236.0398550707987,2201424
2024-02-23,1250.4619140625,1269.6598251331593,1244.834999839803,1266.20796919428,1660506
2024-02-26,1227.764892578125,1252.9680232247154,1224.6913428759267,1250.4618749943584,1196507
2024-02-27,1225.6845703125,1234.1959400260282,1214.0049872957752,1224.691531002119,1488661
2024-02-28,1216.0382080078125,1235.1415725786776,1201.9944719240175,1231.3114102636277,1289779
2024-02-29,1204.689697265625,1215.4234562754377,1195.6109266850779,1210.5058225484672,2251498
2024-03-01,1202.7510986328125,1217.1258094908464,1199.1573631968868,1217.1258094908464,1560034
2024-03-04,1210.55322265625,1215.7072835935332,1201.143361502756,1206.3447540035452,1843831
2024-03-05,1203.4129638671875,1210.4112234450395,1190.7404584872113,1205.6826852766026,1420379
2024-03-06,1201.9945068359375,1205.1626045954429,1182.22919248626,1198.6845298304884,2064350
2024-03-07,1218.21337890625,1222.8945857751887,1196.8404082895186,1205.7772997457955,2073691
2024-03-11,1219.0172119140625,1225.9209242253871,1206.2501581042566,1218.2133834664562,1577732
2024-03-12,1222.1380615234375,1236.6546510910393,1208.330637261678,1224.6914260415272,1963068
2024-03-13,1207.8577880859375,1228.8525675932897,1197.5496668530836,1222.1380662352008,2001399
2024-03-14,1223.131103515625,1227.0084822278664,1189.7476889841148,1202.9402660072942,2129097
2024-03-15,1212.586181640625,1222.7998694184628,1199.6300343057387,1222.7998694184628,2499025
2024-03-18,1203.5548095703125,1217.5512128932564,1199.2045776651114,1212.3971526103805,630807
2024-03-19,1184.262451171875,1203.5549110772963,1181.0943535086542,1201.0487626179129,1243420
2024-03-20,1195.658203125,1202.9401057009334,1179.2974149442327,1184.0259530955727,1139621
2024-03-21,1213.1064453125,1217.5512249338258,1201.6634062390838,1205.777211283132,1420041
2024-03-22,1194.0977783203125,1210.4112351593,1168.9891942257832,1190.1730685139617,2990908
2024-03-26,1186.248291015625,1202.5617469237027,1183.080193681461,1193.7194040562943,2144358
2024-03-27,1185.728271484375,1194.5706147274598,1178.8718911737374,1189.7001973492693,2128854
2024-03-28,1180.337646484375,1196.2727966449922,1174.5688531444525,1191.591590146546,2436133
2024-04-01,1176.9805908203125,1192.679315906649,1174.5689899536594,1184.1206148510275,1397037
2024-04-02,1169.6512451171875,1183.978623383837,1168.0434728775283,1176.4602938886085,1320357
2024-04-03,1187.005126953125,1194.4289098362226,1172.6776311931244,1172.6776311931244,1819093
2024-04-04,1209.796630859375,1219.0172813584009,1179.2030084460466,1191.5917567971956,2460669
2024-04-05,1194.8070068359375,1206.675567969191,1191.7806732454128,1205.7771919248855,1184658
2024-04-08,1196.4620361328125,1201.0486950687223,1187.903335868775,1201.0486950687223,686932
2024-04-09,1183.4586181640625,1211.4515425057618,1175.2782236136109,1196.414767250262,1198161
2024-04-10,1197.5496826171875,1204.3114001820138,1184.0260166018702,1192.017200329119,1994380
2024-04-12,1174.66357421875,1200.8124166177984,1170.7861955289106,1196.2729732366727,2887322
2024-04-15,1152.5811767578125,1173.2921969918104,1145.251942608173,1167.94892578125,2153147
2024-04-16,1130.8773193359375,1147.2853249221532,1126.337876176731,1139.577784041109,2085459
2024-04-18,1115.6041259765625,1142.2730372880403,1112.199601300626,1134.4237325411364,3242357
2024-04-19,1128.8441162109375,1139.4359971841122,1099.8108180599993,1099.9054811924025,2572144
2024-04-22,1142.462158203125,1150.6424369171345,1130.2151750259711,1131.1608826639215,1364143
2024-04-23,1135.085693359375,1151.872005425302,1133.714463339575,1151.872005425302,1460983
2024-04-24,1121.3255615234375,1142.3675576196993,1117.3536354037483,1142.3675576196993,1375843
2024-04-25,1125.67578125,1128.749330892096,1109.125898561791,1120.6634848873,3357065
2024-04-26,1209.32373046875,1273.8682814791055,1173.6232645252933,1182.134633889296,20431926
2024-04-29,1218.3553466796875,1239.8228665364002,1215.2344649117272,1219.9630036857027,4120529
2024-04-30,1194.901611328125,1221.0031192824215,1191.6389661248984,1218.355207137973,2613213
2024-05-02,1198.1171875,1205.1626641540772,1185.444680392872,1194.6179995127522,2124221
2024-05-03,1182.5601806640625,1202.9402283513962,1175.5620358408166,1201.0488128980135,2322455
2024-05-06,1193.719482421875,1196.9821276405492,1177.5005731193776,1189.700224905303,1363667
2024-05-07,1222.2799072265625,1224.5024127422694,1188.6600667522355,1199.1573994474747,2350444
2024-05-08,1217.125732421875,1229.4199317392677,1210.8367535286434,1223.745685900471,1332284
2024-05-09,1200.197509765625,1216.0854438569854,1192.9156073153988,1212.3971610740457,2420777
2024-05-10,1195.7528076171875,1204.0749658932887,1180.4796055740678,1197.2659168089485,1322206
2024-05-13,1193.5303955078125,1197.5968691699877,1182.1819036160744,1195.752785414712,593453
2024-05-14,1206.2501220703125,1214.2886371919099,1186.011955028548,1195.3271524044214,1386032
2024-05-15,1205.3043212890625,1213.2955042330739,1196.320099200207,1205.7771750832128,1008105
2024-05-16,1236.938232421875,1241.3357959328455,1211.7352167638533,1217.1257040077367,4868225
2024-05-17,1234.5267333984375,1248.33404137355,1227.3393786730333,1238.0258053675827,1925387
2024-05-21,1252.0224609375,1254.9541317512908,1233.2974020936922,1236.0399775425299,1453689
2024-05-22,1258.16943359375,1262.8979716669053,1239.8700143392034,1257.7911274593328,1411627
2024-05-23,1264.884033203125,1270.9838016160181,1253.157234778694,1263.4654716705609,1440740
2024-05-24,1249.9891357421875,1271.9768394728521,1246.442731914661,1264.884031817799,1288301
2024-05-27,1257.50732421875,1269.8961858835166,1246.679018593943,1251.1711296034794,980450
2024-05-28,1243.7001953125,1258.1222379941335,1240.1065752542538,1256.8455556649824,1608944
2024-05-29,1216.6055908203125,1242.6598834114368,1214.3832008753805,1242.6598834114368,1405567
2024-05-30,1173.4813232421875,1217.835035449432,1168.279931128057,1210.5531326667806,2610479
2024-05-31,1161.7545166015625,1187.099527801665,1157.5934952953373,1178.3044004785027,4649449
2024-06-03,1177.7369384765625,1193.293897787421,1169.4147808487937,1186.8630399198894,1091287
2024-06-04,1172.0155029296875,1185.6336003416154,1128.843926867061,1177.7369647810367,2471911
2024-06-05,1198.1171875,1215.187143348847,1169.6040753696725,1191.591780849636,2709585
2024-06-06,1245.922607421875,1251.7387330719318,1205.0207479447356,1215.2344376444862,3205121
2024-06-07,1302.8067626953125,1306.0221916140636,1254.953981369922,1257.7911041612633,5790599
2024-06-10,1267.579345703125,1303.185265188162,1262.6617116342677,1302.8069590037485,2532308
2024-06-11,1276.1851806640625,1286.0205636097176,1268.335876197662,1275.6651107065502,1465705
2024-06-12,1296.1868896484375,1306.0222723550282,1283.4671678580276,1290.701854511775,2786009
2024-06-13,1313.54052734375,1321.011640486539,1300.678927047827,1305.076490484764,1953367
2024-06-14,1296.99072265625,1319.9714649452715,1290.0397944517133,1319.2621842010774,1733356
2024-06-18,1296.8961181640625,1315.9048181871597,1295.7613152001975,1305.5020343947078,950760
2024-06-19,1306.1640625,1311.6490972625347,1287.1080314513008,1302.23935290848,1313197
2024-06-20,1317.46533203125,1323.0450303729974,1296.9907378865184,1310.750830662598,1987190
2024-06-21,1323.8016357421875,1362.1027961775244,1310.7981553474742,1331.5563924186297,6836535
2024-06-24,1325.598388671875,1332.5021008077697,1306.0222861714194,1314.533655161675,1111433
2024-06-25,1350.2340087890625,1354.2532660381282,1319.0256583845526,1322.8558202931436,2201375
2024-06-26,1336.3321533203125,1356.9012933580777,1333.4476989999573,1355.0098781821914,1565878
2024-06-27,1354.4898681640625,1365.4128383958625,1316.4251328220457,1328.1045999564328,4286657
2024-06-28,1352.69287109375,1374.113171773974,1349.193799077099,1362.7646803346845,2222285
2024-07-01,1392.17626953125,1398.2288218452543,1346.8296319021745,1352.6929734121838,3837301
2024-07-02,1392.2235107421875,1416.6700298917408,1390.1902162489046,1399.6472925499174,2092643
2024-07-03,1399.458251953125,1404.3758856449178,1381.6789016344949,1399.600015748926,896602
2024-07-04,1379.929443359375,1410.9959188870541,1374.3970762834053,1401.5388416827172,1322999
2024-07-05,1382.0098876953125,1390.1902821721708,1371.2287971123499,1387.3531591473297,1334838
2024-07-08,1387.920654296875,1398.6544140430883,1380.8751778203437,1382.0099809297046,807698
2024-07-09,1386.1710205078125,1389.6228765998605,1376.0046630318043,1386.4074474258591,1049695
2024-07-10,1383.9012451171875,1392.8382515370463,1363.2375563731114,1392.1761869265977,802718
2024-07-11,1381.3006591796875,1395.8645810132439,1363.0012380659468,1395.8645810132439,1408434
2024-07-12,1423.3375244140625,1429.7210518570705,1381.7263825633433,1394.9189597684228,4372156
2024-07-15,1417.6632080078125,1444.5685465437177,1410.9959223850913,1437.5702863065915,2374623
2024-07-16,1433.8818359375,1436.5298634297073,1408.2531827265618,1421.7295162050827,1794159
2024-07-18,1455.775146484375,1461.7803673798192,1423.2901095964387,1425.1815250244738,2752497
2024-07-19,1436.5587158203125,1483.3233794213972,1431.8388736153217,1481.4451312615975,2504915
2024-07-22,1440.55615234375,1450.4773334311253,1421.8212910834902,1425.5296965768678,2225781
2024-07-23,1438.485107421875,1447.4430596935554,1406.3132600121319,1436.1733360808826,1640492
2024-07-24,1476.91796875,1483.37155119334,1419.2205712619436,1438.485136861857,2561617
2024-07-25,1473.7392578125,1490.6439610376856,1449.5622516745057,1468.9231164470996,3283912
2024-07-26,1484.479248046875,1487.85054693787,1391.142406662727,1473.7392294921046,7133745
2024-07-29,1469.2603759765625,1497.5311052219822,1454.5230524112199,1488.8139589909106,1755979
2024-07-30,1481.493408203125,1494.8821881798383,1464.1070894828815,1464.1070894828815,1622543
2024-07-31,1497.2421875,1504.3218924353553,1478.5555337847097,1481.445218867025,2398955
2024-08-01,1487.6578369140625,1511.305137694558,1481.0597468591804,1497.2420286357674,1315921
2024-08-02,1452.25927734375,1477.1588232463362,1447.0579385300384,1469.4047883107855,2894949
2024-08-05,1402.7974853515625,1429.671577942904,1374.285951713012,1415.9455749207132,2186582
2024-08-06,1428.8529052734375,1447.7321567216889,1411.6110949272354,1411.6110949272354,1665788
2024-08-07,1419.4613037109375,1459.53157453595,1416.9087253868224,1445.6129736543437,3002937
2024-08-08,1412.526123046875,1433.4282481430132,1408.2398040548537,1415.9456306160293,2333194
2024-08-09,1451.2960205078125,1453.752299685017,1426.1076947375523,1430.3458051570428,1521252
2024-08-12,1456.8828125,1468.4415521694216,1434.6322621526797,1451.2960412938141,1809860
2024-08-13,1448.1173095703125,1467.622680757351,1440.1706768644822,1452.837151299786,580901
2024-08-14,1468.34521484375,1473.2094471130952,1449.6585626789483,1456.4011606448971,2833790
2024-08-16,1527.005859375,1530.5697570251837,1474.9915315717526,1501.094994786326,3224481
2024-08-19,1536.0120849609375,1543.766002493779,1517.9033452652377,1529.4620852629396,1640507
2024-08-20,1568.713623046875,1573.5779731098064,1536.589981996765,1542.1285448530452,2442281
2024-08-21,1545.644287109375,1568.1356439905903,1543.0917086443033,1556.5769045999964,1935929
2024-08-22,1552.0015869140625,1561.0559563835154,1537.312355447537,1546.0296185307952,1562554
2024-08-23,1539.6241455078125,1557.4919600082528,1534.4708975947901,1553.735463685775,1020913
2024-08-26,1579.8389892578125,1582.5841665172559,1549.8344028766066,1550.7976312189787,1510157
2024-08-27,1564.8607177734375,1584.5105991761943,1562.4526469540208,1583.5473708484278,1083351
2024-08-28,1567.509521484375,1603.7750898246534,1556.7695026217864,1560.4298171266898,3033590
2024-08-29,1586.7740478515625,1595.3468028670572,1560.4779869479664,1560.4779869479664,2194339
2024-08-30,1576.3231201171875,1602.5710914115311,1571.1216637572218,1586.437017313173,1926984
2024-09-02,1586.099853515625,1600.8853839363878,1575.4080432403073,1576.3230630637174,1582818
2024-09-03,1583.6435546875,1598.2364863053829,1572.0848155971491,1578.7311140904158,1739553
2024-09-04,1584.799560546875,1589.3266865000314,1549.7380270980736,1560.1890305808643,1643875
2024-09-05,1579.2127685546875,1596.9361924622235,1572.8554854089348,1592.2163503634636,1080904
2024-09-06,1563.560302734375,1590.482486079952,1554.6022327136463,1579.2127622565888,1672937
2024-09-09,1521.130126953125,1571.3144168546742,1516.8438079306438,1563.5121733407727,2965098
2024-09-10,1548.293212890625,1554.3614807098847,1520.4558911455433,1533.4594733631327,2541973
2024-09-11,1543.6695556640625,1567.1723482631182,1539.3350285791307,1552.723924646679,1395340
2024-09-12,1582.8248291015625,1588.9413050009148,1546.9445766238305,1560.3334728768023,2356422
2024-09-13,1595.154296875,1598.8627023686129,1577.7679787698426,1589.2304192259398,1373924
2024-09-16,1588.363525390625,1608.5913204380495,1585.955454551646,1590.3862813790506,1060407
2024-09-17,1590.8197021484375,1610.517673309091,1580.75389614131,1588.363423018356,1499644
2024-09-18,1546.36669921875,1587.5447080553508,1530.56973196161,1587.5447080553508,2930297
2024-09-19,1536.6861572265625,1575.2152870286218,1528.691433341579,1560.4297569833961,3032379
2024-09-20,1562.404541015625,1569.3879463245714,1524.2125146717597,1548.871136108413,3984683
2024-09-23,1548.052490234375,1571.025463221947,1535.8676279015292,1565.197884581407,1535902
2024-09-24,1576.9010009765625,1583.0656855134355,1539.3350978825413,1542.6583060128821,1781972
2024-09-25,1543.8140869140625,1582.6803235175307,1531.581135098582,1576.9009539829906,2505756
2024-09-26,1547.859619140625,1560.2852873214506,1537.31231663245,1550.7975123923836,2173853
2024-09-27,1550.0751953125,1603.5825762582044,1545.548069178771,1565.2460415614805,3539822
2024-09-30,1519.20361328125,1546.9446350900923,1510.1974522782054,1546.9446350900923,3460691
2024-10-01,1565.6312255859375,1582.4877200095984,1521.9006393933826,1521.9006393933826,5176596
2024-10-03,1545.06640625,1571.16986974144,1537.4568791410172,1555.613709133786,2332279
2024-10-04,1557.0103759765625,1587.7855914512095,1532.4962621841876,1532.4962621841876,2927576
2024-10-07,1559.033203125,1572.0367851009953,1541.3578698553288,1565.197770144653,1619326
2024-10-08,1569.1951904296875,1574.8782608812937,1544.632868929704,1565.2459779401236,1311331
2024-10-09,1597.8031005859375,1608.3986115511452,1572.0367443750918,1578.7311338159334,2177241
2024-10-10,1560.1407470703125,1614.3223360486977,1552.0978147116134,1611.4808597482383,1518162
2024-10-11,1586.485107421875,1589.3265836752112,1544.0548567462808,1544.0548567462808,1019027
2024-10-14,1630.2640380859375,1634.598565809061,1587.4003750461595,1587.4003750461595,2070051
2024-10-15,1613.7445068359375,1640.8111985151918,1602.3302750117728,1637.4881079170507,2503380
2024-10-16,1599.248046875,1615.7673187058342,1592.0238343839937,1608.591314664068,1070524
2024-10-17,1636.52490234375,1647.024114462507,1595.1060849212772,1599.6332109557522,3771316
2024-10-18,1625.8331298828125,1639.799940737907,1585.0885242866962,1632.6720275438179,3119646
2024-10-21,1638.6439208984375,1697.0637402383009,1627.904019523757,1680.8333670583795,5898020
2024-10-22,1634.1650390625,1663.4470856696043,1629.2524806081205,1640.7631294805826,2484594
2024-10-23,1672.1162109375,1684.6863879661078,1623.6176869214594,1634.1651079268026,4198781
2024-10-24,1671.9234619140625,1683.7230081669488,1664.5066513020213,1671.2492491608134,1570443
2024-10-25,1653.3331298828125,1678.328974232892,1647.457460906376,1671.9234826711995,1743714
2024-10-28,1639.9443359375,1664.4102398976622,1630.9380575597313,1647.1203395068146,1271473
2024-10-29,1636.043212890625,1660.701833030477,1618.5605963133944,1646.1571097027247,1499121
2024-10-30,1622.991455078125,1649.1913350323437,1620.3907857359682,1641.4373002896964,1305424
2024-10-31,1563.415283203125,1622.8457878413305,1550.683674879492,1619.7356996690896,3638913
2024-11-01,1558.5557861328125,1573.474124237912,1553.8421906493916,1573.474124237912,249236
2024-11-04,1592.3287353515625,1594.1266902107493,1562.8321914535059,1568.6148318854744,2746587
2024-11-05,1586.7403564453125,1607.4899766117576,1578.1392397296818,1592.2315037326264,1376651
2024-11-06,1645.9278564453125,1650.0097060689966,1589.0242199515885,1603.553782336422,3164061
2024-11-07,1604.5743408203125,1667.2606188232864,1598.111313236646,1647.337073101411,1285140
2024-11-08,1634.0709228515625,1639.0274886666773,1603.6511405664967,1613.3213021211056,1883257
2024-11-11,1656.229736328125,1667.21191186813,1619.201122875796,1625.7613145021517,1587351
2024-11-12,1639.56201171875,1662.4011980112164,1636.6463709154564,1661.9152578773342,1414446
2024-11-13,1628.4825439453125,1641.5057631889813,1616.8686222647561,1632.758840827406,1063556
2024-11-14,1640.0479736328125,1644.4214348958333,1616.2369067563657,1616.2369067563657,1919974
2024-11-18,1614.0987548828125,1640.5338500349203,1587.3234067355056,1637.3752392454574,1617013
2024-11-19,1651.8564453125,1675.9104837523128,1617.3060517347653,1618.083603462662,1982317
2024-11-21,1654.3831787109375,1676.4934547078085,1637.4239155662306,1663.859011281025,2212146
2024-11-22,1698.3121337890625,1700.6446701693226,1654.383192951364,1666.5316963509188,2344087
2024-11-25,1683.8797607421875,1718.0900180112476,1679.2633293810936,1710.509304321096,3913302
2024-11-26,1696.3199462890625,1712.453135987963,1682.3734873256747,1683.87983064972,1291712
2024-11-27,1707.3992919921875,1717.31242321098,1686.746836421597,1692.0435363951985,2088228
2024-11-28,1665.171142578125,1710.5093837791362,1658.8053975881794,1707.5937427840581,1787990
2024-11-29,1664.150634765625,1681.3528680997624,1652.6824001177145,1659.9715021470488,1556942
2024-12-02,1696.8543701171875,1698.846772196424,1657.930635106196,1661.9153206269364,1370756
2024-12-03,1700.3045654296875,1711.4811887520318,1688.7391662642372,1710.5093084631321,1824151
2024-12-04,1710.1204833984375,1724.6986873123326,1691.654758440837,1693.1125788322265,1811165
2024-12-05,1736.701416015625,1743.5045779643617,1705.7470528764188,1710.1205141291782,2762694
2024-12-06,1732.668212890625,1746.4688654294666,1725.6706036828944,1746.4688654294666,1180840
2024-12-09,1727.857421875,1750.113505171295,1721.3943939495414,1729.0722722881412,1069659
2024-12-10,1713.9595947265625,1727.0313376436163,1703.9978213946283,1716.5349826778015,1625591
2024-12-11,1713.2305908203125,1719.9851112551623,1700.8391173531543,1715.3686799634759,1285654
2024-12-12,1739.27685546875,1756.867864102321,1711.5297457723873,1718.3329074590067,3018243
2024-12-13,1745.8857421875,1753.855112952945,1711.4811568737362,1730.9187622896786,1503188
2024-12-16,1725.6220703125,1743.0672737995337,1716.3405662280327,1743.0672737995337,1075193
2024-12-17,1720.95703125,1738.8396523938952,1711.4811983799236,1727.468581767165,1160899
2024-12-18,1728.8778076171875,1737.6732527335012,1711.0438286833269,1712.5016490643682,1337600
2024-12-19,1705.0181884765625,1719.1590943621682,1686.212328311984,1691.0230883641789,2402819
2024-12-20,1638.6387939453125,1721.0541705266028,1632.8560350952766,1720.228096015949,2921154
2024-12-23,1664.247802734375,1676.4934704431093,1638.4443340385506,1643.3523768708812,1301223
2024-12-24,1656.958740234375,1676.8336448307605,1648.017370329311,1669.301572537413,711026
2024-12-26,1650.9329833984375,1666.4345450397282,1643.1094183307832,1659.096801474114,659638
2024-12-27,1663.5189208984375,1668.2325165739696,1650.9329999694357,1657.007251777526,647945
2024-12-30,1691.897705078125,1723.7267831827207,1646.1708106173637,1666.7746244086075,6781500
2024-12-31,1658.22216796875,1680.3810868994412,1635.1400101816698,1680.3810868994412,1459630
2025-01-01,1655.9381103515625,1669.3014635479046,1643.6924431500954,1652.7794995960635,721479
2025-01-02,1678.388671875,1686.8926246785775,1648.3090234134393,1660.9434675787545,1238954
2025-01-03,1641.943115234375,1681.20710283931,1634.0709085805636,1664.053391922756,2448088
2025-01-06,1638.8817138671875,1663.1787201295979,1627.8994195814878,1656.812857033756,945693
2025-01-07,1624.15771484375,1657.0558378081735,1614.7790466382876,1645.3932747268257,1305847
2025-01-08,1616.9658203125,1622.9914306100377,1588.0523819027048,1621.0476700446734,673344
2025-01-09,1596.60498046875,1622.5541366364146,1592.134236245282,1616.9171835254429,774065
2025-01-10,1657.6390380859375,1665.8028564424906,1590.287803579275,1606.6153216546477,2208899
2025-01-13,1612.9810791015625,1653.168303673186,1603.5052466731006,1650.3013043935111,1401093
2025-01-14,1601.1727294921875,1623.4773340200074,1575.7095141171142,1622.9428710592624,2480288
2025-01-15,1628.8226318359375,1631.786914006763,1603.74819296415,1611.377429078745,1079742
2025-01-16,1640.19384765625,1674.403987504383,1623.963375110999,1647.337144288894,2334315
2025-01-17,1613.6129150390625,1652.0993513225533,1603.9912763087566,1637.375340999875,2502285
2025-01-20,1627.5107421875,1639.707887524018,1579.3055025749138,1616.236954327435,4856268
2025-01-21,1594.3695068359375,1655.6466023897806,1590.093210124499,1627.5105987335717,2500061
2025-01-22,1636.59765625,1641.2627287817152,1589.2671367818207,1596.507596997745,2478559
2025-01-23,1665.2196044921875,1680.8668524176783,1624.0118591442267,1624.0118591442267,2255334
2025-01-24,1674.598388671875,1687.572966874188,1657.396036278861,1670.662226024578,1257165
2025-01-27,1607.392822265625,1665.7056391906415,1598.743064027535,1661.9152823629695,1174799
2025-01-28,1601.998779296875,1617.8404747571208,1591.9398424812694,1609.3850454367646,1820874
2025-01-29,1633.8765869140625,1637.6183023342828,1607.5386545625233,1617.1601746037381,1146508
2025-01-30,1623.13720703125,1656.9586877121396,1610.4055992858657,1637.618246708922,868832
2025-01-31,1627.3648681640625,1647.3370551371886,1618.4236171487926,1627.8994497668384,1065425
2025-02-01,1600.103759765625,1638.4930318583754,1590.6764496133733,1627.4135726407692,410470
2025-02-03,1608.1702880859375,1617.2574638188153,1560.013690309818,1584.164892084293,1415698
2025-02-04,1612.3980712890625,1629.7946338796314,1598.7917469867957,1615.993980970997,1467006
2025-02-05,1614.293212890625,1624.0120160988768,1598.1600232924739,1616.0911677566046,1449280
2025-02-06,1622.6513671875,1637.3267363701214,1603.6025365415833,1623.0401430451177,1288106
2025-02-07,1644.5185546875,1647.9201355777857,1611.2802974432261,1627.899426065363,1582031
2025-02-10,1651.2733154296875,1655.8411055070267,1626.150114091117,1635.6745887414972,1235699
2025-02-11,1622.165283203125,1660.943328467147,1616.4311660654243,1658.0276877501187,1800036
2025-02-12,1632.9532470703125,1642.4777215497772,1621.8739064623524,1632.7589184636838,1889477
2025-02-13,1628.1910400390625,1641.943050748808,1594.4182011491364,1627.8994285072242,1555491
2025-02-14,1612.446533203125,1646.3651783741523,1605.5948484781245,1637.6182559388706,961944
2025-02-17,1618.1319580078125,1621.0475987275872,1585.1366713174532,1609.3365130191273,1114005
2025-02-18,1657.055908203125,1660.8947879253944,1617.2574574524008,1621.0963371746702,2654136
2025-02-19,1638.395751953125,1664.247742544982,1627.9480393992314,1646.41376391309,1113961
2025-02-20,1611.231689453125,1646.0250507374942,1608.4618543981724,1632.7588612621932,1485087
2025-02-21,1603.116455078125,1618.1319573235244,1596.021681874584,1611.1344670541143,1479239
2025-02-24,1568.3232421875,1597.722622191025,1559.139020517526,1584.1649390329235,1672609
2025-02-25,1549.1285400390625,1568.6147872992037,1544.317780060988,1562.8321470316007,1425126
2025-02-27,1543.5888671875,1550.829327876936,1525.7548876328863,1530.7114533734064,2208643
2025-02-28,1446.0120849609375,1528.6705521787455,1436.8278635535064,1525.8520755727525,4155992
2025-03-03,1451.06591796875,1488.4346677550427,1434.6896401322365,1457.8204385455854,2851006
2025-03-04,1446.4007568359375,1457.2857679910026,1392.753015426694,1433.5233437480315,2386196
2025-03-05,1494.84912109375,1505.4426404838368,1445.6719998190492,1446.400910071059,1967418
2025-03-06,1461.17333984375,1507.1919653925304,1458.7436391764534,1497.6674913216364,2246380
2025-03-07,1450.3856201171875,1464.8180196221888,1440.3266821978073,1459.7156477722976,893696
2025-03-10,1445.0401611328125,1457.820410458713,1440.812505670028,1450.3855026378278,798491
2025-03-11,1437.6053466796875,1445.5748366237578,1412.7252337861894,1423.318753184416,1769157
2025-03-12,1397.85546875,1447.1297520045314,1369.185000191146,1439.3547096834864,2665932
2025-03-13,1400.1392822265625,1415.3005901427791,1382.0136921428543,1401.4512968143433,995812
2025-03-17,1399.604736328125,1407.2826140966672,1385.1236967511043,1402.3745713368885,1747569
2025-03-18,1399.604736328125,1399.604736328125,1399.604736328125,1399.604736328125,0
2025-03-19,1356.890625,1391.5381793906993,1355.18983457474,1390.4204933836977,5557840
2025-03-20,1370.8858642578125,1381.0419663795412,1360.6811206638752,1363.693925997395,2863413
2025-03-21,1369.622314453125,1390.8578753065974,1343.1872177158282,1350.9622601253545,4056023
2025-03-24,1417.6331787109375,1426.38010113568,1373.8499251186634,1376.036655724849,3072831
2025-03-25,1414.5716552734375,1442.1730771526586,1408.6917325078682,1432.5514392806917,2056315
2025-03-26,1376.4739990234375,1422.832637927037,1369.8651660916385,1422.832637927037,2231144
2025-03-27,1383.8603515625,1389.7887975307144,1366.4636708588703,1367.5813569061088,2541022
2025-03-28,1378.3692626953125,1389.7888564458287,1368.9420710542352,1375.307815962308,1642693
2025-04-01,1355.918701171875,1377.1056186057253,1346.4428691071635,1362.5760568949229,1578367
2025-04-02,1383.0343017578125,1385.9499426438729,1357.862578380612,1357.862578380612,1617949
2025-04-03,1330.84423828125,1360.6323926040195,1322.0001514568698,1357.7167517627254,1943422
2025-04-04,1283.80517578125,1320.9795955464115,1281.7642509726688,1312.0383446527574,1757493
2025-04-07,1251.7818603515625,1257.418813699544,1175.3920904272206,1209.9910063180864,3044730
2025-04-08,1277.439453125,1304.311966370835,1254.843236803111,1277.0506772886906,2868814
2025-04-09,1236.960693359375,1263.3957909519136,1228.7968748377057,1253.725629097304,3724878
2025-04-11,1246.1934814453125,1275.447053967721,1238.3697977838378,1239.1473494581971,1803181
2025-04-15,1265.0965576171875,1277.245061545438,1250.6156358449,1277.245061545438,1511866
2025-04-16,1271.899658203125,1277.6337755070315,1247.4083229252851,1255.6693051963134,1093342
2025-04-17,1270.0531005859375,1272.0940252908808,1240.0219784946473,1258.6820309937314,3027966
2025-04-21,1334.8775634765625,1349.9417078041101,1266.3600037932006,1267.331884072397,3759267
2025-04-22,1337.793212890625,1356.7448784564565,1322.923397068496,1335.3635121770567,2471135
2025-04-23,1399.118896484375,1408.6433711540267,1368.4075018466147,1379.0010211495367,5944062
2025-04-24,1404.561279296875,1426.2342561642047,1393.9678795616105,1404.3669507034247,2501415
2025-04-25,1420.8890380859375,1432.4544377048817,1336.3354496362272,1414.4746516552307,8211667
2025-04-28,1420.4029541015625,1438.3827383306962,1396.591888500818,1427.983667339746,2079431
2025-04-29,1453.252685546875,1462.5827128630526,1422.152515401127,1424.970873410398,2652788
2025-04-30,1460.736083984375,1468.316797743578,1448.1016401441907,1453.2526531648969,1858465
2025-05-02,1452.0863037109375,1476.286146428657,1447.907289686437,1462.6798224984389,1582577
2025-05-05,1452.572265625,1464.1376648665937,1448.587580141824,1456.848562651858,846022
2025-05-06,1454.1273193359375,1462.4855851821,1444.3113516154235,1454.8077067575541,1545773
2025-05-07,1453.1553955078125,1462.58270571984,1438.9659666756625,1447.2269493302804,1272555
2025-05-08,1460.5416259765625,1475.800097807332,1446.1577514239775,1458.6950298513666,2829448
2025-05-09,1451.697509765625,1459.083894717233,1436.536201302876,1438.382797540778,923174
2025-05-12,1528.8648681640625,1532.169284894235,1474.7311831937768,1479.2018088227248,1891418
2025-05-13,1528.28173828125,1555.8831619243363,1521.0898004912042,1555.3000574846526,3724272
2025-05-14,1558.118408203125,1564.1441370860373,1533.724237047299,1539.4583543928486,2354571
2025-05-15,1583.2901611328125,1590.3849347247171,1555.202796945832,1560.8397500986657,2972408
2025-05-16,1571.5303955078125,1589.8989563257092,1556.2719227344112,1589.0242403557659,1159095
2025-05-19,1552.870361328125,1580.4716664141824,1548.3024528221656,1571.5304152789427,681874
2025-05-20,1531.6832275390625,1573.96001713167,1529.059198398748,1566.670915477772,1869716
2025-05-21,1553.259033203125,1557.924106053762,1525.2689520124957,1532.6552184945617,930031
2025-05-22,1521.57568359375,1544.997973705272,1514.1894174799295,1544.997973705272,1789310
2025-05-23,1535.8624267578125,1558.8959415310796,1523.7139234728133,1530.711413909882,1159290
2025-05-26,1556.369140625,1559.284781533388,1538.486519326008,1538.486519326008,711029
2025-05-27,1547.6221923828125,1559.1875915229418,1534.1130326691398,1556.369114963758,1394001
2025-05-28,1535.8624267578125,1556.9521810054798,1533.7242189970161,1555.785972145211,820958
2025-05-29,1555.008544921875,1559.7707823182457,1539.9443996429443,1547.330666503776,1799251
2025-05-30,1529.642333984375,1550.1489833278124,1523.9082168388777,1550.1489833278124,2780942
2025-06-02,1505.539794921875,1524.8802372093107,1498.7366326143765,1520.99271589074,2120693
2025-06-03,1500.388916015625,1520.8955674575473,1490.7672769242033,1512.1486443994797,2316285
2025-06-04,1512.9259033203125,1522.5475413040892,1500.5830718810435,1501.3606235184543,1439090
2025-06-05,1518.8546142578125,1526.1437166708022,1503.4988577193535,1516.1333019018691,1529586
2025-06-06,1526.921142578125,1529.2536790668796,1511.662669053651,1520.798367762595,828051
2025-06-09,1534.6961669921875,1546.7475065103267,1526.921124546644,1530.711481466393,598108
2025-06-10,1565.6019287109375,1587.5663987773116,1534.5989248052495,1534.696089103341,3324373
2025-06-11,1591.4539794921875,1602.6306028596136,1559.4790941308745,1572.5023137822043,2660949
2025-06-12,1598.159912109375,1611.3774598255131,1566.5738038799848,1589.996094254849,2316173
2025-06-13,1612.349365234375,1622.0681679181266,1559.4790549072213,1559.867830742117,2511076
2025-06-16,1646.26806640625,1658.027794326624,1604.768706350371,1611.377539855535,2160406
2025-06-17,1670.2734375,1676.4934950643064,1636.8407318998673,1644.8102214358546,2105126
2025-06-18,1662.595458984375,1684.0741069385192,1660.3602056420714,1668.8155161726156,1299278
2025-06-19,1636.6463623046875,1646.3651649311998,1614.0015047298227,1636.6463623046875,3056884
2025-06-20,1648.4061279296875,1660.4574671931982,1622.2625245313793,1632.7588790661825,3425550
2025-06-23,1634.50830078125,1644.4214321725888,1628.5797361687896,1632.758868823847,732380
2025-06-24,1629.9403076171875,1660.457370522017,1627.6077713410605,1651.0301797599195,1923989
2025-06-25,1657.055908203125,1665.8028308857222,1628.6770509546805,1642.2833751276091,1416375
2025-06-26,1642.6719970703125,1655.5980522121797,1623.3316744641927,1647.3370698559697,2528268
2025-06-27,1627.3162841796875,1653.9458262638905,1615.848049987059,1650.2526339272208,6183785
2025-06-30,1639.56201171875,1641.9917123881614,1613.321244489108,1633.3419542775116,1546996
2025-07-01,1624.206298828125,1649.669633697109,1622.359821180903,1642.4776957986103,1689051
2025-07-02,1629.9403076171875,1651.2245083505454,1620.610281150403,1627.8993828647226,1931642
2025-07-03,1624.88671875,1645.3933696231911,1623.040122428074,1637.5211628168054,1713273
2025-07-04,1638.048828125,1646.658751517565,1623.501197324542,1627.9545684845302,1310544
2025-07-07,1607.0732421875,1630.824555219481,1598.7602584652216,1630.824555219481,1550115
2025-07-08,1618.4541015625,1626.767085397165,1602.2240132768072,1606.1825655023213,1318755
2025-07-09,1598.0675048828125,1619.4436617111448,1595.29647013609,1617.8602650581981,1173847
2025-07-10,1583.519775390625,1600.6405614993353,1573.623395167191,1598.067526802327,1631315
2025-07-11,1585.8948974609375,1590.348268467848,1561.450887145174,1563.6280424263846,2559235
2025-07-14,1560.3621826171875,1581.4415202899029,1547.892768007525,1581.4415202899029,2068336
2025-07-15,1562.638427734375,1578.373696354596,1536.9078393106297,1538.491235975622,2574760
2025-07-16,1591.239013671875,1594.3068674058604,1560.9561140945243,1563.628088455158,2207039
2025-07-17,1547.4969482421875,1587.2804697641882,1544.726034225231,1566.9928900304992,7617296
2025-07-18,1532.850341796875,1557.6902317507486,1522.0632632990162,1556.7005937382005,3619191
2025-07-21,1527.80322265625,1537.3037234813082,1515.4327474138765,1534.9285680736882,988104
2025-07-22,1531.16796875,1536.710038568854,1525.2301403487377,1533.939003659427,1404790
2025-07-23,1530.5740966796875,1536.8088643612866,1518.5995011186883,1534.9285280124377,2887100
2025-07-24,1483.071533203125,1537.8975044334593,1480.0036794596128,1537.8975044334593,2207437
2025-07-25,1446.7518310546875,1485.7435928117823,1440.6160029091184,1474.659574615958,1179664
2025-07-28,1435.56884765625,1450.8092969007384,1430.1258386978911,1446.850744931023,1070496
2025-07-29,1438.73583984375,1443.9808490051942,1421.5161136793113,1435.5689256127514,1458817
2025-07-30,1448.038330078125,1450.9083045517857,1433.589638872449,1436.261734060516,1299448
2025-07-31,1448.5330810546875,1458.0337024254131,1432.2040541812037,1434.975088881902,1382994
2025-08-01,1423.8912353515625,1444.6736338278047,1417.5575278453375,1441.5067196719808,1620011
2025-08-04,1459.716064453125,1461.6953404727226,1404.395275544292,1420.130544061176,1581473
2025-08-05,1470.00830078125,1472.3834561284712,1446.0589888377804,1454.8667911474568,2929677
2025-08-06,1443.8818359375,1466.148690844007,1438.2409476833525,1464.7631734887404,1039973
2025-08-07,1466.6435546875,1476.5399349485492,1434.9751378521423,1439.923327982667,1587489
2025-08-08,1465.0601806640625,1480.4985099489693,1458.5285937518431,1458.5285937518431,1371665
2025-08-11,1465.7528076171875,1506.921723974621,1454.4709103332407,1465.0601093440916,888886
2025-08-12,1493.6607666015625,1501.6768106960017,1465.653961287868,1467.2373580167628,2532937
2025-08-13,1490.6917724609375,1502.9631870556111,1483.7643064389158,1499.3015747661393,1815196
2025-08-14,1471.2947998046875,1514.0472348621527,1469.6124634885196,1494.2544744111287,1715172
2025-08-18,1455.9554443359375,1484.4570683708275,1452.887590555723,1484.4570683708275,1249405
2025-08-19,1481.191162109375,1484.0611365011343,1449.2259268509702,1456.747151570276,1807647
2025-08-20,1508.3072509765625,1516.1254153342131,1471.9875847146798,1472.5813433533351,2329633
2025-08-21,1505.536376953125,1515.8285157769797,1493.4627205552604,1512.166903403734,1251760
2025-08-22,1489.4052734375,1513.7503454402436,1483.4674451048588,1513.7503454402436,969599
2025-08-25,1511.2762451171875,1523.7456604118722,1489.4052683280731,1500.2912869005706,1386218
2025-08-26,1486.6341552734375,1510.6824069955344,1483.368422356699,1505.2393979955505,1510822
2025-08-28,1480.1026611328125,1493.5617146128054,1467.2373663288404,1484.4570927660116,1771867
2025-08-29,1466.0498046875,1489.1082983486128,1463.3777095179885,1483.269530604464,2279980
2025-09-01,1489.9000244140625,1494.2544558201962,1469.6124452041734,1469.6124452041734,1241192
2025-09-02,1497.12451171875,1504.150917812897,1483.0715787250285,1486.4363723041126,1137022
2025-09-03,1492.572021484375,1500.3901860455867,1481.7850636525886,1497.1244530452432,1431929
2025-09-04,1484.8529052734375,1495.145164814133,1479.8057755464433,1490.4937936497095,1038934
2025-09-05,1462.5860595703125,1491.7803812731152,1446.949730471727,1483.4673977119105,1875965
2025-09-08,1445.564208984375,1472.4824356394215,1443.881872670807,1467.0394265238017,1308412
2025-09-09,1482.6756591796875,1484.45705596902,1450.5124229670255,1451.4031213616918,1749566
2025-09-10,1510.1876220703125,1520.0840022935781,1486.2384302521791,1487.425947556802,1660976
2025-09-11,1505.4373779296875,1515.6306983333695,1490.097987904113,1510.187688969456,896908
2025-09-12,1509.69287109375,1514.1462423949115,1496.8275762237279,1513.1566043279868,770698
2025-09-15,1504.0518798828125,1512.067923517255,1489.998947807403,1512.067923517255,825515
2025-09-16,1515.630615234375,1518.1047102641405,1494.3533979783913,1507.1197524930658,1011289
2025-09-17,1531.16796875,1533.3452449803865,1509.7918106665413,1522.3602865991368,1946337
2025-09-18,1534.631591796875,1550.6637998124208,1525.8239102784069,1539.876721496892,2246114
2025-09-19,1537.6995849609375,1541.2622576282095,1525.6259287815897,1534.9285502167145,2621234
2025-09-22,1489.8011474609375,1494.3534583384994,1438.2410291190852,1483.4674397678216,5723501
2025-09-23,1456.648193359375,1496.0357131949572,1452.9864602836687,1496.0357131949572,1380054
2025-09-24,1437.350341796875,1454.7679474832075,1424.0891676383237,1454.7679474832075,2122106
2025-09-25,1429.334228515625,1445.0693762561637,1422.1098227085765,1436.9543928829876,1581629
2025-09-26,1393.1134033203125,1426.563216979923,1388.956971925995,1424.9798202966317,1851067
2025-09-29,1396.082275390625,1410.2341470835258,1377.4771535123537,1400.3377671039923,2708118
2025-09-30,1385.7901611328125,1411.9165080921323,1378.0709362913815,1393.4103255283771,2225340
2025-10-01,1401.327392578125,1408.8486171342686,1378.9615981853487,1386.4828227414923,1683484
2025-10-03,1386.0870361328125,1409.046711499703,1382.8213030334825,1408.254952733269,2568702
2025-10-06,1424.3861083984375,1427.0580828388636,1382.6233097738498,1390.3425349657455,3036770
2025-10-07,1423.990234375,1430.8187611773226,1411.8176378662758,1425.0788120842565,1105550
2025-10-08,1443.090087890625,1457.5388993811462,1417.2605601691457,1417.2605601691457,1154614
2025-10-09,1451.403076171875,1460.1119389512437,1436.9543854380586,1443.0900927561904,1354036
2025-10-10,1442.1004638671875,1462.388043128704,1435.0740581376979,1461.6953448419429,937053
2025-10-13,1435.8658447265625,1446.355983704215,1424.2870072694188,1439.923336496499,1229414
2025-10-14,1452.78857421875,1464.4663508622946,1442.79325464713,1444.8714702720538,1430713
2025-10-15,1443.8818359375,1463.6745958543952,1425.4745933758713,1454.7678538917924,2810322
2025-10-16,1448.6322021484375,1451.502055802019,1432.8969332504778,1450.8093575005526,1619438
2025-10-17,1432.5999755859375,1449.819701319002,1425.1776904256014,1449.819701319002,1433539
2025-10-20,1444.4000244140625,1455.0,1439.0,1440.0,1800507
2025-10-21,1448.699951171875,1457.300048828125,1442.0,1450.0,114229
2025-10-23,1463.4000244140625,1487.5,1460.9000244140625,1465.0,3244860
2025-10-24,1453.699951171875,1468.0,1450.0,1465.4000244140625,969361
2025-10-27,1462.800048828125,1475.5999755859375,1457.0,1457.9000244140625,1036807
2025-10-28,1447.4000244140625,1469.5999755859375,1435.300048828125,1469.0,1432913
2025-10-29,1452.199951171875,1461.199951171875,1442.5999755859375,1453.0,1311858
2025-10-30,1433.800048828125,1458.0999755859375,1432.5,1453.199951171875,1797868
2025-10-31,1424.4000244140625,1437.5,1420.300048828125,1433.800048828125,1757591
2025-11-03,1419.800048828125,1424.0,1414.0,1419.0999755859375,2136091
2025-11-04,1409.199951171875,1425.300048828125,1405.5999755859375,1419.9000244140625,1191278
2025-11-06,1413.5999755859375,1420.9000244140625,1410.0,1412.0,2502412
2025-11-07,1386.699951171875,1409.800048828125,1385.0,1400.0999755859375,1209479
2025-11-10,1397.800048828125,1404.300048828125,1383.5999755859375,1386.699951171875,2883323
2025-11-11,1408.0,1410.4000244140625,1392.199951171875,1405.0,2488036
2025-11-12,1456.0999755859375,1460.199951171875,1414.0,1415.0,2958869
2025-11-13,1451.4000244140625,1463.800048828125,1442.300048828125,1463.0,1178211
2025-11-14,1439.199951171875,1445.800048828125,1422.9000244140625,1444.199951171875,1220596
2025-11-17,1452.800048828125,1455.9000244140625,1438.300048828125,1440.0,999416
2025-11-18,1422.0,1451.0999755859375,1419.5,1444.0,1553597
2025-11-19,1433.9000244140625,1443.5,1417.800048828125,1427.5,5777445
2025-11-20,1456.0,1464.699951171875,1430.699951171875,1445.300048828125,2818268
2025-11-21,1461.5,1469.0,1440.0,1455.0,2615232
2025-11-24,1494.699951171875,1513.800048828125,1461.800048828125,1470.0,6808658
2025-11-25,1494.699951171875,1502.0,1483.5,1501.199951171875,1675981
2025-11-26,1520.4000244140625,1522.699951171875,1496.199951171875,1498.0,1592891
2025-11-27,1509.800048828125,1532.0,1505.0,1523.0,1426194
2025-11-28,1517.300048828125,1525.300048828125,1503.699951171875,1515.800048828125,1247146
2025-12-01,1529.5,1532.0,1509.699951171875,1515.300048828125,1527101
2025-12-02,1536.699951171875,1539.0,1520.0,1523.0999755859375,1754978
2025-12-03,1541.699951171875,1550.800048828125,1530.300048828125,1537.9000244140625,2142830
2025-12-04,1562.300048828125,1577.9000244140625,1541.0999755859375,1545.0999755859375,2422663
2025-12-05,1570.800048828125,1583.0,1556.5999755859375,1567.0999755859375,2223397
2025-12-08,1591.800048828125,1595.699951171875,1572.699951171875,1581.0,2833786
2025-12-09,1561.5999755859375,1586.0,1559.0,1579.0999755859375,1533609
2025-12-10,1550.800048828125,1572.9000244140625,1548.199951171875,1563.0,735586
2025-12-11,1568.199951171875,1572.0,1541.0,1550.0,1248064
2025-12-12,1578.4000244140625,1580.5,1558.699951171875,1575.0,754479
2025-12-15,1575.4000244140625,1588.699951171875,1567.699951171875,1571.0,784781
2025-12-16,1578.199951171875,1580.300048828125,1564.699951171875,1570.0,999338
2025-12-17,1579.4000244140625,1586.199951171875,1570.300048828125,1578.199951171875,582251
2025-12-18,1605.5999755859375,1608.800048828125,1574.5999755859375,1581.0,1748780
2025-12-19,1612.5,1624.0,1595.0,1611.0,1802793
2025-12-22,1646.699951171875,1649.800048828125,1612.800048828125,1615.9000244140625,1466208
2025-12-23,1633.0,1646.5,1628.800048828125,1646.5,1161166
2025-12-24,1631.5,1636.5999755859375,1615.300048828125,1630.0,955523
2025-12-26,1612.300048828125,1633.699951171875,1608.0,1630.5,461192
2025-12-29,1612.4000244140625,1629.800048828125,1610.0999755859375,1614.0,891096
2025-12-30,1604.5999755859375,1616.199951171875,1599.0,1614.9000244140625,1973547
2025-12-31,1590.9000244140625,1614.800048828125,1588.300048828125,1614.800048828125,729913
2026-01-01,1607.699951171875,1613.5,1587.199951171875,1591.0,565878
2026-01-02,1612.0,1619.0999755859375,1601.9000244140625,1611.0,637080
2026-01-05,1596.9000244140625,1610.0999755859375,1576.0999755859375,1601.9000244140625,907810
2026-01-06,1601.800048828125,1625.4000244140625,1596.0999755859375,1603.9000244140625,570335
2026-01-07,1625.199951171875,1633.9000244140625,1595.800048828125,1599.0,1309781
2026-01-08,1577.9000244140625,1632.800048828125,1574.5,1625.0,1657201
2026-01-09,1582.199951171875,1606.4000244140625,1578.0999755859375,1583.0,1410053
2026-01-12,1586.0999755859375,1594.0,1562.800048828125,1572.0999755859375,652320
2026-01-13,1614.800048828125,1622.9000244140625,1582.0,1582.0,2573438
2026-01-14,1588.5,1613.0,1583.0999755859375,1612.9000244140625,1570385
2026-01-15,1588.5,1588.5,1588.5,1588.5,0
2026-01-16,1670.5,1680.699951171875,1600.0,1600.0,3733401
2026-01-19,1718.300048828125,1736.0,1673.5,1690.0,10621562
2026-01-20,1678.5,1716.699951171875,1675.0,1715.0,1825981
2026-01-21,1686.699951171875,1694.300048828125,1660.0999755859375,1678.5,1766163
2026-01-22,1687.4000244140625,1712.5999755859375,1682.699951171875,1695.0,3123567
2026-01-23,1701.0999755859375,1709.699951171875,1689.199951171875,1699.0,1831521
2026-01-27,1745.0999755859375,1749.0,1700.0,1720.0,2932973
2026-01-28,1762.9000244140625,1765.699951171875,1739.9000244140625,1748.0,2534826
2026-01-29,1768.4000244140625,1776.5999755859375,1736.0999755859375,1751.0999755859375,1893136
2026-01-30,1743.0999755859375,1760.0,1731.0,1757.0999755859375,1672787
2026-02-02,1724.0,1729.5999755859375,1709.199951171875,1713.699951171875,1030696
2026-02-03,1716.5,1854.0,1712.699951171875,1845.0,2711705
2026-02-04,1645.300048828125,1656.0,1598.0,1651.0,4823180
2026-02-05,1646.199951171875,1659.0999755859375,1630.0,1630.0999755859375,1720981
2026-02-06,1619.9000244140625,1645.9000244140625,1600.0,1645.0,1988639
2026-02-09,1621.699951171875,1636.0,1613.5999755859375,1625.0,933821
2026-02-10,1644.5999755859375,1658.5,1611.0999755859375,1625.0,1527966
2026-02-11,1634.4000244140625,1658.0,1625.0,1655.0,1521823
2026-02-12,1536.5999755859375,1611.0,1528.0,1605.0,5343729
2026-02-13,1534.4000244140625,1548.0,1464.4000244140625,1482.5999755859375,7058376
2026-02-16,1512.699951171875,1541.9000244140625,1494.699951171875,1526.0,1873472
2026-02-17,1523.800048828125,1547.5,1506.0,1512.699951171875,1781501
2026-02-18,1504.800048828125,1528.5999755859375,1481.699951171875,1524.5999755859375,1989222
2026-02-19,1479.300048828125,1532.800048828125,1472.300048828125,1506.800048828125,1108260
2026-02-20,1456.9000244140625,1477.300048828125,1453.0999755859375,1465.0,1599813
