Price,Close,High,Low,Open,Volume
Ticker,VBL.NS,VBL.NS,VBL.NS,VBL.NS,VBL.NS
Date,,,,,
2021-02-22,89.98714447021484,94.36755351281043,85.72963133147127,86.11587452435744,21004661
2021-02-23,90.6367416381836,99.19565653887197,88.81522861276457,93.22636347366381,10215416
2021-02-24,91.96226501464844,93.75305191980632,89.53942813783584,90.8210760252127,2184570
2021-02-25,91.52335357666016,92.8357199736055,89.59650013258381,92.43630640678687,4638802
2021-02-26,91.5540771484375,93.04201338868441,89.10491429621715,90.0266448438841,4075267
2021-03-01,91.7296371459961,93.9286228596042,88.49480283717655,93.9286228596042,4356720
2021-03-02,92.60746765136719,93.13856230406589,90.89568798332057,93.04199963993885,2760547
2021-03-03,92.02811431884766,93.48970982762349,90.55773353503531,93.12102212319674,2766993
2021-03-04,92.17733001708984,93.05077911276445,90.97030422755189,91.20731825548899,2512395
2021-03-05,91.60234832763672,92.66014503522261,90.33387080592536,92.17733169679332,2533691
2021-03-08,87.69158935546875,91.47068144656392,87.08149498382248,91.47068144656392,5302473
2021-03-09,87.18683624267578,88.74499436287121,86.02809166833426,88.39824725767149,4954185
2021-03-10,86.85325622558594,88.48165141532812,86.55479797820912,87.34484736842398,1382703
2021-03-12,85.69013214111328,88.09540650157105,85.23804456816129,87.3448531270233,3694680
2021-03-15,84.54015350341797,87.1078270218611,84.09684373278517,86.65135440864124,3018015
2021-03-16,87.41508483886719,88.48165952467717,84.70256686592933,84.70256686592933,3452681
2021-03-17,88.3631362915039,89.18830413802615,87.78376023710028,88.22268491522766,2762392
2021-03-18,85.62867736816406,89.98275325772262,84.91324251811311,88.3982542571959,2494935
2021-03-19,85.68134307861328,88.6616005284076,84.28557694188848,85.9534680863601,17417137
2021-03-22,87.77499389648438,88.22269637286412,85.58917810024369,86.47579777721289,2437031
2021-03-23,87.70476531982422,89.53944118891965,86.38361364574183,88.57382191389357,2277810
2021-03-24,87.03760528564453,89.89058197486222,86.19049680064971,88.13051311339471,4056873
2021-03-25,87.6652603149414,89.10052259360313,86.71719653627613,87.0727138605521,5358172
2021-03-26,87.22193908691406,88.66159381440404,85.7647288808396,88.59136436552595,2469498
2021-03-30,89.16197204589844,89.53943747896106,87.22634093848457,88.486033307208,3282435
2021-03-31,88.04271697998047,89.53943082706296,86.20364868614705,89.53943082706296,3453716
2021-04-01,88.57380676269531,89.10050878029888,87.1999888801152,88.6703694271343,2321190
2021-04-05,85.62867736816406,88.63966096566139,85.23804153148797,88.57382414236017,1374243
2021-04-06,86.26071166992188,87.67841839060725,85.85252039064588,87.67841839060725,1153001
2021-04-07,88.30167388916016,88.8371611782121,86.50210929753004,86.7303455818086,3357213
2021-04-08,87.88471221923828,90.41727474079376,87.52918738742734,88.9249459608032,1301096
2021-04-09,86.87519836425781,88.58259310131626,86.4933403062422,87.6520848574602,815535
2021-04-12,86.80936431884766,88.66160312575815,86.4933430675175,87.2043927666456,4839300
2021-04-13,88.18318176269531,89.10051965225837,86.81814145263603,87.3272880542017,4737206
2021-04-15,87.57306671142578,89.19706894874071,86.60744762859679,87.8100882636198,2453028
2021-04-16,86.84886169433594,87.92859900871525,86.33093738610918,86.90592076890971,1626558
2021-04-19,82.16999816894531,86.02809776559008,81.30532666332473,86.02809776559008,4958145
2021-04-20,81.31409454345703,84.16267826516997,80.76105927175145,83.27167364540409,2962698
2021-04-22,78.18900299072266,81.59062241070123,77.7851967772548,81.46334140230266,5827308
2021-04-23,77.24092102050781,79.4618471379827,76.67471543412402,78.21531782752193,7502478
2021-04-26,78.92198944091797,79.29945484295662,77.68862285968282,77.77640778920401,3854880
2021-04-27,81.81885528564453,82.33239453883775,79.0053898231071,79.09317476161694,3875692
2021-04-28,82.75375366210938,83.15755984606776,79.44430452930854,81.35360239571445,2278226
2021-04-29,82.25777435302734,87.34483999038245,79.44430154834704,87.24827731807913,7897477
2021-04-30,83.44285583496094,85.15025062163298,81.93297903889213,82.25338539214036,4995371
2021-05-03,88.12173461914062,89.33753834060091,84.38653851413652,85.15025468883879,20956342
2021-05-04,87.85838317871094,92.59870193741922,87.4326288739031,90.41727904130227,7708162
2021-05-05,87.77936553955078,90.41726828459815,87.37116676369182,90.30315014112102,3247785
2021-05-06,87.20439147949219,88.64404633692698,86.50211953094386,88.31046207555144,2654876
2021-05-07,87.67403411865234,88.13489937662743,87.20439112062884,87.78375963652785,2777388
2021-05-10,86.48456573486328,88.45092270836439,86.12464824622559,87.95933158135387,1535062
2021-05-11,87.15172576904297,87.95933820973241,86.30900236468584,86.46701677027359,1478283
2021-05-12,86.03687286376953,87.77498602781574,85.60672590844759,87.28340242380409,1795781
2021-05-14,85.50576782226562,87.32728060301268,85.15463564249207,86.62500870892531,1227746
2021-05-17,85.45309448242188,86.32654360314501,85.1897472292818,86.25632168739584,658248
2021-05-18,85.99736022949219,86.2036484104777,85.37848061745493,86.15536707574103,2969797
2021-05-19,88.11295318603516,88.57381845408815,86.11587035780549,86.11587035780549,3304856
2021-05-20,88.30608367919922,89.42532473765664,87.88032934733172,89.36388055239854,2633602
2021-05-21,87.05516815185547,88.8898517320366,86.33534061297601,88.8898517320366,11102760
2021-05-24,88.19195556640625,90.3294896562877,87.6740312478053,89.62721773362495,4870575
2021-05-25,90.09685516357422,90.32948408925475,87.95932120542962,89.10051018397208,3741761
2021-05-26,89.2234115600586,91.06247989431297,88.5738136105489,90.41727458195373,2189418
2021-05-27,89.30681610107422,90.13636906124606,88.67477359774112,89.85107366763201,2153475
2021-05-28,88.446533203125,89.92569173939528,88.0032309336323,89.3551009298793,2381793
2021-05-31,88.79766845703125,89.51749588872218,88.40264001343219,89.51749588872218,1735807
2021-06-01,88.37190246582031,89.32435872107256,87.87153367242016,89.10050754125146,1502493
2021-06-02,89.44287872314453,90.76841550343687,88.22268989918689,88.4860371863997,3667106
2021-06-03,90.23731231689453,90.41726726923838,89.44286288924057,89.44286288924057,1127317
2021-06-04,92.8927993774414,93.84086330036477,90.59285773708721,90.76842764173527,6768461
2021-06-07,98.87085723876953,100.36317861698495,94.54311469358706,94.91180993513319,13027151
2021-06-08,98.01934814453125,100.70553243415591,95.56579279706392,100.68797695447248,9448458
2021-06-09,100.9996109008789,103.40927767667566,97.87450931560107,99.14298697162597,7186173
2021-06-10,103.92501831054688,120.93093217861906,102.83869554749016,109.29080283043494,19144702
2021-06-11,104.05668640136719,106.65727852913193,102.11447002461419,106.65727852913193,6275797
2021-06-14,102.14079284667969,104.05667580661236,100.92279670113966,104.0237573991405,4577572
2021-06-15,104.5109634399414,105.07716913098602,100.73187121857083,102.31197749548335,4283325
2021-06-16,103.78673553466797,105.1956644672509,103.43121070733018,104.68213279139657,2540557
2021-06-17,104.1751708984375,104.66895450637215,102.311962057151,102.311962057151,2387235
2021-06-18,104.87307739257812,105.34052033692723,103.10862343394564,104.27394573479684,4837755
2021-06-21,103.5760498046875,105.063985858279,103.36536899362358,104.68212783004316,1911052
2021-06-22,102.41732788085938,104.55047721318807,102.04864014763751,103.68141302540596,2757825
2021-06-23,99.21099853515625,102.34487729823744,98.98056970802867,101.62725006612264,4317367
2021-06-24,94.9908218383789,100.07350306490672,94.67480055906564,100.0669178755278,4193565
2021-06-25,94.33900451660156,96.47873855688276,94.01639811354963,95.84668859231687,5227410
2021-06-28,96.03762817382812,96.77501106107735,94.54310683381355,94.80646163224431,4525507
2021-06-29,95.41875457763672,96.97910517458008,95.13565175267618,96.64992109988681,2285737
2021-06-30,96.07054901123047,96.748680288161,95.06981130024401,96.28122984148648,1833907
2021-07-01,95.30024719238281,96.78159818501052,94.97105557139639,96.78159818501052,2216632
2021-07-02,94.69454956054688,95.63602821873073,93.88474455312067,95.46485096583746,3496297
2021-07-05,93.90447998046875,96.2548950174803,93.35802988245912,95.46483814991427,2486040
2021-07-06,95.26731872558594,96.649914346308,94.24024790832212,94.24024790832212,2240580
2021-07-07,98.20370483398438,99.11885022436444,94.86572219420387,95.47801669567956,5465715
2021-07-08,101.3836669921875,101.9169467267129,98.6711418602827,98.86865984949662,5440507
2021-07-09,101.3968276977539,102.04862574660922,100.20516473702244,101.39024250916209,2526697
2021-07-12,102.86502838134766,102.97036127349833,101.4034252519034,102.04863819084689,1959675
2021-07-13,103.62873840332031,105.86722045323145,102.83868148303333,102.97035512490076,3912915
2021-07-14,102.43048095703125,104.49120039106663,102.04862290927183,103.6287290730387,1541595
2021-07-15,104.85331726074219,105.21542730148141,102.71359049504328,102.87159735447611,1858057
2021-07-16,105.03766632080078,105.4721983756668,102.37123742940192,105.2088435602671,2467125
2021-07-19,102.20662689208984,104.28710183300639,100.73186118059918,104.0237545803675,1513402
2021-07-20,102.4765625,103.30612294743882,101.46266198383303,102.7201692645761,989572
2021-07-22,99.96156311035156,103.86574351790188,97.67699246877851,103.49705584552603,2303850
2021-07-23,96.43923950195312,100.73186309153914,96.12321827206716,100.73186309153914,2538022
2021-07-26,98.8949966430664,99.33610635492369,96.91327669784003,96.91327669784003,3349830
2021-07-27,97.76258087158203,100.73186806208186,97.18979000960589,99.81013754579725,2755425
2021-07-28,99.9747314453125,100.30392307424937,97.84158988237134,98.7567352269657,2450557
2021-07-29,99.11885070800781,100.73187546274266,98.49338582522908,100.73187546274266,1655197
2021-07-30,100.31051635742188,101.24540980930315,99.15177167565534,99.15177167565534,5637202
2021-08-02,103.90523529052734,106.36756806693393,100.33682455377345,101.39022854718056,20663722
2021-08-03,103.83940887451172,105.34050783170478,102.9703448420743,105.34050783170478,4964280
2021-08-04,104.38584899902344,104.77429219432834,103.24686016397258,104.4253525907795,4498545
2021-08-05,102.70700073242188,105.20225223890156,102.18029866686601,104.38586215365481,5012025
2021-08-06,101.79843139648438,103.89206909210262,101.52849143232493,103.07568661529449,1209660
2021-08-09,100.72528076171875,102.35147574120131,100.33683751805134,101.52850046865628,1320382
2021-08-10,99.5797119140625,101.64043149792823,98.17078287377937,101.08739618403499,1992592
2021-08-11,102.05020904541016,102.90894155253687,95.2067846690315,99.69200572548088,4277077
2021-08-12,102.2748031616211,103.30528066274063,100.47807645484939,102.91554902960988,1920270
2021-08-13,102.43994140625,105.42568411162493,101.70671979055228,102.25498235486201,4064272
2021-08-16,101.79920196533203,103.23262525469886,99.4079708855162,103.23262525469886,1432267
2021-08-17,104.0913314819336,104.36877380624473,101.54156992205162,101.72652139221854,3663630
2021-08-18,104.50090026855469,105.68990874648831,101.8652544777754,104.923659510445,6276547
2021-08-20,106.5684585571289,107.01103890622484,103.92621320274507,104.89724262271777,9188122
2021-08-23,110.11566925048828,110.97440175614295,107.68480372075281,108.2000386884269,15872265
2021-08-24,106.58826446533203,110.84228454952604,105.80219422202997,110.57805627196278,4938142
2021-08-25,109.75895690917969,110.44594437364492,107.27524288473009,107.35451212284735,2546977
2021-08-26,112.24928283691406,112.82397349891959,109.5277685394835,109.64667240182183,8374065
2021-08-27,112.61919403076172,113.61663628111948,111.37073001098958,112.81735956299771,4514700
2021-08-30,112.1105728149414,113.48454033432961,111.634964893849,113.08820166000784,3406785
2021-08-31,111.89259338378906,113.48454765472081,109.65328615502492,112.16342117493865,2768955
2021-09-01,111.85955810546875,113.61665023085952,110.0562243263999,111.88597866777134,2868090
2021-09-02,116.57597351074219,117.31580217876068,111.83313857498794,112.29553243744093,5173770
2021-09-03,119.92500305175781,120.75070788195468,117.71872385785633,117.96973806575994,7950405
2021-09-06,124.09977722167969,125.77100072766788,121.5698286940349,121.5698286940349,9328890
2021-09-07,122.40872955322266,124.97831248327849,120.23547772511634,124.97831248327849,5604390
2021-09-08,122.57386779785156,123.96104933649933,121.96614952343653,123.32030347017825,3427837
2021-09-09,123.58452606201172,124.84619664557033,120.4864866793744,122.57386214154363,2943630
2021-09-13,122.6927719116211,124.84620265826521,121.27916980850674,124.35738824944588,2534842
2021-09-14,123.05609130859375,124.43665835361082,120.54595635118966,123.76289240797175,2941905
2021-09-15,123.60433197021484,124.59517473963369,122.59367567160098,123.47222161683376,1688317
2021-09-16,123.35332489013672,124.1856367954934,122.33606150317264,124.1856367954934,2561647
2021-09-17,116.53633880615234,123.76288804499693,114.9575911324838,123.76288804499693,3143992
2021-09-20,115.77007293701172,119.92501033981901,115.21520336978355,116.5363296664797,2887762
2021-09-21,121.31878662109375,124.44984572573478,115.59831630492913,115.77006126988056,19250220
2021-09-22,121.00833129882812,124.02049447656368,119.85895752126896,122.2039542872757,19104570
2021-09-23,122.99662780761719,123.80911866894644,120.88283167400145,120.88283167400145,2342902
2021-09-24,122.6399154663086,124.44985611806591,121.01493385360963,123.68360696136371,2375227
2021-09-27,119.26445007324219,124.16581551909195,118.50480037949065,123.78269093700813,1844497
2021-09-28,119.7796859741211,121.60284071798762,117.71213159650948,119.95803798646097,1766662
2021-09-29,118.91436004638672,121.27256338700555,118.25379308455632,119.77969203185013,2403727
2021-09-30,118.58406829833984,121.56981080049856,116.91945206820786,118.76902733713912,3706875
2021-10-01,120.24869537353516,121.01494459827101,116.72129705612484,118.92096195188867,7224045
2021-10-04,121.10082244873047,121.41128484903378,120.0108967526256,120.88283579760319,1146720
2021-10-05,120.73749542236328,122.12467683404122,120.25528808895304,121.1008064596069,1953457
2021-10-06,118.37268829345703,121.21970583710049,118.10846001614593,121.14704362780473,3571312
2021-10-07,119.69380950927734,120.22225848206567,118.10845503138196,119.2908638602317,2661802
2021-10-08,119.0002212524414,120.47327142363592,117.90368863167636,120.47327142363592,1624785
2021-10-11,120.6912612915039,122.12468444071263,119.79950877658834,122.1180774106184,3490912
2021-10-12,120.18263244628906,121.51035822287808,119.9580387819921,121.4046684207732,1418122
2021-10-13,118.50479125976562,121.02153274918389,118.26038408725312,121.01492571974539,2346930
2021-10-14,118.6435317993164,119.422995115546,117.71874404519333,118.82188383131917,6342240
2021-10-18,118.9407730102539,121.51696283013787,118.37268939032522,119.56169775041603,2873370
2021-10-19,119.5154800415039,121.39147613847854,118.54445061869515,119.84575598705912,2247480
2021-10-20,112.38139343261719,120.07694304061013,110.5780597608372,119.81932178477558,7209060
2021-10-21,109.59381103515625,113.83461669376959,107.70460131418234,112.67863603304569,6548655
2021-10-22,109.71931457519531,113.00891213044699,108.63599611537869,109.9174876565539,3414900
2021-10-25,108.3453598022461,110.88192261956948,106.85248850840873,110.88192261956948,4563427
2021-10-26,108.90023803710938,109.65327316218385,107.28846286442028,109.38905243325415,4563075
2021-10-27,107.77727508544922,109.5211605874088,107.14313627737862,109.03895323112519,3433162
2021-10-28,108.78133392333984,111.23861995867456,107.80370513329737,107.80370513329737,3159787
2021-10-29,112.20965576171875,112.8504016482669,107.01103401247161,108.99271982751738,8130217
2021-11-01,121.73495483398438,122.86451509379387,112.69185816577382,113.41848029754082,10014367
2021-11-02,121.28577423095703,121.96614714668198,119.27766039645144,121.80761622052847,2715262
2021-11-03,123.91480255126953,124.44985858942213,121.47733008381717,121.66889615656225,4269217
2021-11-04,123.7826919555664,125.77098465223203,123.07589093604362,124.58196871651491,792307
2021-11-08,132.76632690429688,134.22616297126115,122.03220171300028,124.0403078534386,13715752
2021-11-09,127.63377380371094,133.60524379466858,125.87006721332104,133.43350637210673,6698182
2021-11-10,125.20951843261719,127.88479128054189,124.72730347645442,127.88479128054189,2945340
2021-11-11,121.75477600097656,125.85686510902954,120.89605100893901,125.85686510902954,2356440
2021-11-12,128.39341735839844,129.47013647275702,120.61859851139504,122.69276749841674,5007727
2021-11-15,123.22782897949219,131.37916574502938,122.48139329956506,129.47014218720275,4241730
2021-11-16,121.80101776123047,124.13940767290767,121.01494742671444,124.0072972985616,3346612
2021-11-17,122.96359252929688,124.4498567602542,121.60943865854976,122.16431577858812,2607345
2021-11-18,125.46051788330078,126.16731887806564,121.1602562063133,122.96358979742918,3589582
2021-11-22,120.5723648071289,126.68255983626966,118.65673429734768,126.206959503632,3136297
2021-11-23,121.41788482666016,124.44986155559225,119.22481950073121,120.14300014672726,2113807
2021-11-24,120.97530364990234,123.8487494317234,119.69381950854151,122.79185139785311,2290387
2021-11-25,120.39399719238281,121.54337081360218,117.91689039890225,119.96463100690885,2387775
2021-11-26,116.76752471923828,121.23292456952083,116.5363315822695,120.39401317489066,2621010
2021-11-29,115.26144409179688,116.91945330966031,111.42357612396705,116.65522502863709,3029737
2021-11-30,117.7715835571289,119.5617032089034,115.2086001205271,115.2086001205271,2300527
2021-12-01,117.69892883300781,119.38996581777342,115.86256741242245,118.18113623584125,1405890
2021-12-02,120.3609848022461,121.27916543311511,116.8864278234563,118.01598805913646,2111542
2021-12-03,116.01447296142578,120.40061078590455,115.585114312073,120.36097616790435,1896622
2021-12-06,116.98551177978516,118.89453527246854,115.35392307628287,115.76347578945628,1585155
2021-12-07,115.12272644042969,117.9631369876954,114.60748393943689,117.31579168578637,1573942
2021-12-08,117.83102416992188,118.366080190011,115.64456600009157,116.25889125860812,1327987
2021-12-09,118.09526062011719,119.2248208875458,116.81376889510682,118.8681168494598,967530
2021-12-10,117.74517822265625,118.66335899326471,116.35138948907372,118.24059971930203,1656900
2021-12-13,119.19178009033203,121.11400990534858,117.49413636215053,118.33304768196713,1916130
2021-12-14,120.08355712890625,122.04542183991528,117.63947746868077,119.29748681459932,2400622
2021-12-15,119.2314224243164,120.87621758234728,118.43213811080766,120.73089316170933,1267740
2021-12-16,115.59173583984375,120.01749371836594,115.3341145702954,120.00428721706305,2134102
2021-12-17,114.43574523925781,116.01448529992867,113.25994331197015,115.58512660491225,2413177
2021-12-20,109.36263275146484,113.35242475472045,108.3387547400379,113.35242475472045,3428842
2021-12-21,110.8885269165039,111.52927278890292,107.97545397319537,109.65327682462548,3543135
2021-12-22,112.08413696289062,114.27059506458986,110.18171309756616,110.3864932170444,1437922
2021-12-23,112.24268341064453,113.2467403796602,111.28486809559263,113.22031225766293,1733955
2021-12-24,110.89512634277344,113.12782619754852,110.3864984336597,112.29552185925472,1768335
2021-12-27,112.94947052001953,113.4118643238993,109.03234102617185,110.57805335253906,2321377
2021-12-28,114.91134643554688,116.25889327405129,112.94947432787608,113.74875863673599,2042160
2021-12-29,117.00533294677734,117.5271825276128,113.86766622886182,114.93777839371153,1299562
2021-12-30,113.78838348388672,118.95397707783766,112.95607916075063,118.90113595868488,1652752
2021-12-31,117.35543823242188,118.50481209227524,114.04601893827176,114.58107502389596,1335750
2022-01-03,116.23247528076172,117.26955983984793,115.99467510017017,117.24974630793673,1020060
2022-01-04,115.58512115478516,116.85339876775227,115.46621729374542,116.78734358701826,735247
2022-01-05,115.59833526611328,116.37779854534324,114.08565036102404,114.08565036102404,1170495
2022-01-06,111.15275573730469,115.59173521208518,110.84229334516813,115.59173521208518,3815955
2022-01-07,112.46726989746094,113.23351907668354,110.39310090615514,110.39310090615514,3670507
2022-01-10,112.26249694824219,113.84123695243383,112.03129625351177,112.82397355040044,1724257
2022-01-11,114.86509704589844,117.93670806569743,110.84888492062674,112.82396339549251,6222202
2022-01-12,120.13639068603516,121.5037510821088,116.9524825657033,117.56680784717283,10257007
2022-01-13,119.6343765258789,121.14706152533252,119.06629282728899,120.88284076851777,1784062
2022-01-14,122.6861572265625,122.86450923589906,117.53377760499839,119.98445652649062,3157447
2022-01-17,124.51591491699219,125.63887568421653,120.71108202335924,123.29387893677254,2209935
2022-01-18,121.97276306152344,125.50676850074456,120.88283735140885,125.50676850074456,2057535
2022-01-19,124.17902374267578,125.11041081408857,120.98190175638989,120.98190175638989,5923357
2022-01-20,124.17243194580078,124.44986674832084,122.9107612735666,124.26490769346367,1844752
2022-01-21,120.9951171875,123.73644487431946,118.91434884073317,123.73644487431946,2728537
2022-01-24,118.98701477050781,120.48649315686724,116.02109314947782,119.6938233855546,3744727
2022-01-25,115.29447174072266,118.01598599494733,113.2797585001934,117.58001273282576,5195827
2022-01-27,114.14510345458984,116.91946670530814,111.64818257656873,115.31429842402419,4495965
2022-01-28,117.11762237548828,119.03985993222555,115.03024686284836,115.61154456287537,2912865
2022-01-31,119.54188537597656,120.46006599480403,116.67504668849895,117.5601997169785,2079727
2022-02-01,121.24612426757812,121.8076008075239,118.41231345055851,120.35436429726948,1457565
2022-02-02,124.27151489257812,124.58197728822284,120.98191676195991,122.197353341778,3474577
2022-02-03,124.93867492675781,125.35483466928044,120.23547490116034,123.12873421081295,8300595
2022-02-04,125.53319549560547,126.06824402013049,122.47479045649388,124.97831831980703,2453625
2022-02-07,124.377197265625,126.51742143350353,122.38890455102366,125.53318562129422,1919070
2022-02-08,124.93206787109375,125.92951775167107,124.18563977772067,124.32435717202284,3268387
2022-02-09,122.4946060180664,125.63888738775405,120.82998958215657,125.63888738775405,2889337
2022-02-10,117.75836181640625,122.53422381258827,117.091195439446,122.49458919342331,5769735
2022-02-11,123.7232437133789,124.30453384104072,117.75836562778073,118.37269090542476,5198452
2022-02-14,120.39399719238281,124.1856230996681,118.72938112478268,122.79183475418478,3870667
2022-02-15,120.5327377319336,124.13279828110721,119.56170835608442,120.09015740294849,3797775
2022-02-16,124.06012725830078,124.4498588751687,121.29237131958257,121.29237131958257,2381617
2022-02-17,122.95037078857422,125.63886483189508,122.46816346821265,123.52506140293002,2580187
2022-02-18,126.0087890625,126.81467288061091,122.30303885760965,122.93057065732846,3830850
2022-02-21,124.2120590209961,128.01689189783235,122.8645121539005,126.36548968442465,3121312
2022-02-22,121.21971130371094,123.28727328742406,120.38740693373165,121.93972639928812,2158567
2022-02-23,121.76138305664062,123.78931056345318,121.0149473468275,122.20396339375205,1935870
2022-02-24,116.87321472167969,119.87217139400104,116.21265534111113,116.91945637296472,4357035
2022-02-25,123.15516662597656,124.09976785829413,117.18368119328355,117.18368119328355,1675755
2022-02-28,124.91226196289062,125.63888412932035,121.2791738093365,122.86452095491295,1986825
2022-03-02,128.92185974121094,134.06764762504784,123.2674590508707,124.84619906845312,11629890
2022-03-03,130.03822326660156,133.56562145295018,128.96150412607057,129.8664707189096,5283540
2022-03-04,123.04946899414062,129.58903010880954,121.67550159099706,129.58903010880954,1717005
2022-03-07,119.52206420898438,120.80355588034342,115.65117619408294,120.42043129683618,4014892
2022-03-08,120.288330078125,122.20396070079089,119.06628646456542,120.59879247460442,2288872
2022-03-09,119.69380950927734,121.12722498561243,118.12166909052557,121.12061795604063,4233270
2022-03-10,121.8604507446289,124.04030944757746,120.22226265193035,122.05862384100459,4435995
2022-03-11,120.26850128173828,121.90669699581112,119.19839675903468,121.27916521258123,3747682
2022-03-14,118.8218765258789,120.26850622561177,117.84424770510054,120.26850622561177,3261682
2022-03-15,122.2039566040039,123.48544077027147,117.61304575826709,119.48243466447903,4204065
2022-03-16,124.29132843017578,125.31519886220431,122.54744291284081,123.80250648005536,1936110
2022-03-17,125.36143493652344,127.62056300040082,120.88943557941185,126.16732630622248,6831157
2022-03-21,124.62161254882812,126.03521469236496,121.62927029716931,124.17903977992738,3331260
2022-03-22,126.90715789794922,129.33803100507825,124.72069955522073,125.24254155699403,4627440
2022-03-23,130.2694091796875,130.7780446747718,127.17798426586329,127.35634384423287,3389122
2022-03-24,128.0168914794922,130.34206711884934,126.82788309924909,129.73435642821102,2024760
2022-03-25,126.51082611083984,128.94169179057388,125.50676911553168,128.14901441959043,2313255
2022-03-28,124.027099609375,126.82788313739023,122.20395241784985,126.81466907733854,3876210
2022-03-29,123.3995590209961,124.8395815230827,122.73239266709143,124.02709075710548,2448067
2022-03-30,126.93356323242188,129.9589479324826,123.84213847134353,123.9742563910327,2422125
2022-03-31,124.35739135742188,128.54535664808813,123.00323737410852,128.54535664808813,2390032
2022-04-01,124.04031372070312,126.74200691850939,123.09570497442085,123.52507121190717,3350175
2022-04-04,125.80402374267578,126.52403888801905,124.33757288909975,124.95189822335337,2894047
2022-04-05,126.10786437988281,127.35633599433041,124.71408346628708,126.35227156699956,3755992
2022-04-06,128.60479736328125,129.47013687549776,125.0906057523388,126.1673248700467,3820972
2022-04-07,126.85430908203125,131.9802606026655,125.5397822725446,129.75417533211072,5950380
2022-04-08,127.12515258789062,129.75419141364128,126.16733723919378,128.49250556802198,2126895
2022-04-11,125.90969848632812,128.0829426044362,125.63887074017411,128.0829426044362,2661300
2022-04-12,129.9853515625,131.3593264234088,124.85940041019907,126.03519462609545,7868940
2022-04-13,133.57223510742188,138.83029749658934,131.31972149941987,131.45183187232132,10140465
2022-04-18,139.88059997558594,142.6813760925281,133.69773490204716,133.95534861046278,13245622
2022-04-19,138.28866577148438,144.92731142755275,136.97415372746343,142.68140446312478,5495550
2022-04-20,141.3866729736328,147.83375890870127,140.11839526041243,140.4090441262416,9163065
2022-04-21,139.5040740966797,146.51263650115695,137.92532646458636,146.51263650115695,4874055
2022-04-22,137.3836669921875,141.2413410522712,136.5051134107779,137.66110178230377,5749837
2022-04-25,144.6366424560547,145.75300387086457,136.96092067488834,137.26478361422647,10001730
2022-04-26,141.45272827148438,151.53290991832893,140.56758273135583,148.75854674881606,8202847
2022-04-27,136.9278564453125,142.08023566312255,136.47207725215048,141.4527039444407,15241560
2022-04-28,139.9862823486328,145.58784970658786,138.71800465842367,138.98222539745157,16784722
2022-04-29,143.15036010742188,152.45107767492277,142.02740692151474,142.66154572481742,23886022
2022-05-02,145.96435546875,149.55120141786756,142.6945713405688,142.9455779855159,11159670
2022-05-04,144.0024871826172,148.59999733871362,142.41714771582707,147.30530671663175,6783112
2022-05-05,145.23114013671875,147.66862020681177,138.98222011060255,144.74893277061707,23735580
2022-05-06,142.1000518798828,143.77128251501276,140.03909723959862,143.20980599022653,3163410
2022-05-09,139.89378356933594,141.87546913098538,138.71798931546084,140.03910798354013,7912170
2022-05-10,142.919189453125,144.50452906732502,139.292700706153,140.76575103766646,7910280
2022-05-11,138.6387481689453,146.01722940197038,136.07576443118103,142.81349972976503,8506612
2022-05-12,140.6005859375,141.8820775593666,136.7825391907655,138.71138365328173,8598727
2022-05-13,144.14120483398438,146.77685041209844,141.39987701345657,143.34193562866216,13239652
2022-05-16,145.90492248535156,147.96587766589556,144.02893393121533,145.32363983981458,3116880
2022-05-17,146.6315460205078,151.26869899853955,145.35666119297886,146.64476008238015,7148842
2022-05-18,145.74635314941406,149.1152121190847,143.47401905446105,147.88656178756318,3195915
2022-05-19,140.19105529785156,144.43846870073997,138.43396318824642,140.83180117500436,5933482
2022-05-20,145.76617431640625,147.16657730445758,139.64277334478263,141.88867955875344,5987985
2022-05-23,142.5558624267578,147.0741032566697,141.36024703936695,144.0024844740053,6322387
2022-05-24,146.5192413330078,148.49432004154278,143.04468425990683,143.87038161137636,4936905
2022-05-25,140.50811767578125,147.92622454137006,139.37855749994162,147.6884168289076,6201802
2022-05-26,141.45272827148438,144.18085734651072,140.3099538987691,141.36026008251136,3763320
2022-05-27,143.9496612548828,147.56954301669637,142.52284500083303,143.34195050029956,5022015
2022-05-30,143.7052459716797,146.22198011575495,142.41714726463852,145.32362058345123,7929300
2022-05-31,139.5767364501953,144.92728198287315,137.97816772548936,143.98929534041147,31588687
2022-06-01,146.52586364746094,147.96587889006025,138.98223694512026,139.8541835992353,5715682
2022-06-02,150.47601318359375,154.16195004858795,143.48066460059758,148.09798110862744,9601822
2022-06-03,145.38308715820312,153.052201983257,144.13461535389115,151.92924864580462,9909885
2022-06-06,145.26748657226562,150.60812950726736,142.69128883570005,148.6066225002145,5726930
2022-06-07,147.2590789794922,148.03193529504932,144.1478326243083,146.42677450413285,3345965
2022-06-08,147.58604431152344,149.28039229283627,145.88179334424902,148.62643236186904,3345405
2022-06-09,146.64474487304688,147.52659442326419,145.3962882987469,147.4374221934704,3049345
2022-06-10,149.5181884765625,150.07307320396794,144.8711479471622,145.45574163316147,2849315
2022-06-13,148.24000549316406,151.40079673377682,145.70345011183772,148.3291777247585,3049925
2022-06-14,153.32302856445312,157.34584812985233,146.85282594184685,147.83375069042657,6107740
2022-06-15,155.92892456054688,159.6445850119984,153.58063199332906,156.35499482089176,9314450
2022-06-16,154.40306091308594,157.53412830828,151.68814574853454,157.32604463342676,5168360
2022-06-17,148.8345184326172,153.79863591112434,147.84367553414017,152.58980636545738,10683145
2022-06-20,149.0921173095703,150.40994004771665,142.87952872089798,148.83450362445993,7589335
2022-06-21,146.38710021972656,150.40991900545626,144.75220075718624,150.40991900545626,2979045
2022-06-22,148.32916259765625,150.4099385036981,144.7621376260917,146.8032713538704,7728045
2022-06-23,149.32992553710938,152.13399736566276,145.7133402336426,149.57763623793335,4136290
2022-06-24,152.6888885498047,154.57148390876097,149.81543522621746,150.40994698118362,3395845
2022-06-27,153.84815979003906,154.5516496839322,144.28651807145783,154.5516496839322,2966540
2022-06-28,154.5615997314453,156.29557492219485,152.2826578855046,154.16525347355,3195390
2022-06-29,155.5821533203125,156.553175109808,152.59970657398262,153.77881202075838,2768490
2022-06-30,156.66213989257812,157.34582377458761,155.36413837470377,155.56230389088023,2690970
2022-07-01,157.34584045410156,160.31836886903145,155.80012809738784,156.55316318630798,4757870
2022-07-04,155.78033447265625,159.70406420545882,154.68049816046414,157.34586819481663,2432950
2022-07-05,157.61338806152344,160.51655051429225,155.76050154931545,155.78032264074125,7920860
2022-07-06,162.69639587402344,163.67733575603847,157.0485945511997,157.54401598511515,7488615
2022-07-07,163.925048828125,167.84877817443316,162.12170752561403,164.47991842303222,6235225
2022-07-08,168.1559600830078,168.80000193904112,162.47841921579945,165.45094800191612,5183595
2022-07-11,169.48367309570312,171.56443401637912,167.58125663148704,168.70089877485242,4120710
2022-07-12,169.12698364257812,171.41582841215268,165.98601334087428,169.68185326925519,4979590
2022-07-13,173.3380584716797,174.38834952133772,169.91965350771602,171.01948972593695,6885275
2022-07-14,165.43113708496094,175.06211615460748,163.330539857921,174.38835024037436,6345035
2022-07-15,163.80615234375,169.434132650669,162.04243810603592,167.25428133628574,4568965
2022-07-18,169.66200256347656,171.59414293307555,163.9943807332791,165.80762480907526,7827165
2022-07-19,174.21002197265625,175.23058904408308,169.16661965688067,170.15746264809616,6482210
2022-07-20,177.0338897705078,178.3517125721338,173.397498334019,175.75570914946147,6240290
2022-07-21,172.79307556152344,180.45228618434425,172.01031640066788,178.00490325493445,7686115
2022-07-22,172.8624725341797,174.82433739659982,169.4737762458213,173.77404625933514,3495855
2022-07-25,173.38760375976562,176.37003543293181,171.01948984382753,173.91274928495665,2924260
2022-07-26,174.02175903320312,174.83424242244266,172.02025196165923,173.39752311189977,3793765
2022-07-27,172.3868408203125,175.31974241096194,171.62390268493564,174.19018212733977,2313695
2022-07-28,173.6452178955078,175.18102741140618,170.2268129208068,173.39750717097783,2824675
2022-07-29,174.92340087890625,176.86545963711325,173.40741243439888,174.5865179176964,5413295
2022-08-01,183.52389526367188,187.46744517316782,176.37000940307834,176.72671339764474,19063265
2022-08-02,181.44314575195312,190.24183548105185,180.72973765937417,190.24183548105185,13246845
2022-08-03,186.79368591308594,188.0619634673531,179.21372954242335,181.3242295108956,12361315
2022-08-04,198.91171264648438,203.67766458773116,187.427847036839,188.06198588957963,18062140
2022-08-05,203.17234802246094,207.64104424233355,197.17774520717387,201.87434618914224,14601140
2022-08-08,200.47723388671875,202.92461691415951,196.62285583897415,202.92461691415951,10140880
2022-08-10,198.7631072998047,202.49857443860859,197.17775248845282,202.1220643881871,10447950
2022-08-11,199.190185546875,202.5674628581083,198.0975289807962,201.60395772218013,6687195
2022-08-12,203.72967529296875,205.4679830509059,199.1902014726722,199.65706248306543,5039265
2022-08-16,206.4613037109375,215.3813016459051,202.1403611807021,204.62365800110382,9175000
2022-08-17,205.9149627685547,207.60360147164505,203.84885812169074,207.60360147164505,6531565
2022-08-18,206.78909301757812,209.02406023661425,205.05078518055,205.9149828118962,5540745
2022-08-19,196.30958557128906,207.80227540234182,195.793055587481,207.80227540234182,8394755
2022-08-22,182.72097778320312,198.0677491665407,180.36681723773836,198.0677491665407,11530785
2022-08-23,191.4224853515625,192.7435861054289,182.18461686563663,182.72100238430966,10954420
2022-08-24,204.8024444580078,207.60361049693418,191.42245537170933,192.70382983925947,19636310
2022-08-25,204.2859344482422,206.78908674470455,197.60088845627678,206.1931045984787,12626010
2022-08-26,203.3124542236328,205.6169607693746,200.56097247312186,204.732907776205,3830750
2022-08-29,199.10081481933594,200.2530682193872,190.71720205395297,193.49849761527472,4922965
2022-08-30,205.44810485839844,207.206283169809,200.6603015349076,201.43508889447693,7253790
2022-09-01,207.04734802246094,208.79558344227635,200.15371396022525,203.63032933918697,9565960
2022-09-02,204.94151306152344,208.00092119414032,203.74951854489464,206.80894183435143,3808260
2022-09-05,205.29910278320312,207.80227016504855,202.7661522095797,207.80227016504855,5981505
2022-09-06,217.2884521484375,219.08635645883425,205.45802352753708,206.66987347892353,11367755
2022-09-07,215.13299560546875,218.48047523704568,213.76221075977827,217.28849566363087,6281515
2022-09-08,218.1824493408203,220.51675438010275,215.74882152429996,217.93411966246435,7010400
2022-09-09,214.59657287597656,220.0995671566201,213.5833986790341,219.46384377238832,4322985
2022-09-12,211.99407958984375,216.81168144881298,210.58356882502534,216.2454825026319,6371895
2022-09-13,213.7025909423828,217.82485760869227,212.61987716444392,213.56352692647175,6156580
2022-09-14,213.00726318359375,214.6859742016833,211.77554254647208,212.21260519696173,6828470
2022-09-15,217.40768432617188,220.37771304136092,212.57022654425614,212.57022654425614,7423525
2022-09-16,218.9969940185547,220.51677054898002,213.28541099757885,218.33147225058374,6974145
2022-09-19,214.775390625,222.16568486967037,212.24242467159965,214.55685927800283,4143405
2022-09-20,223.0298614501953,223.6953832049905,216.8712881286976,217.33814916154284,5540840
2022-09-21,223.37754821777344,226.07937670691206,217.5467562517121,223.02988055694553,4853110
2022-09-22,232.53591918945312,237.34357817262853,221.5100752979831,223.25831079454483,10383715
2022-09-23,230.24134826660156,233.429908149052,227.96665497960612,233.429908149052,7100125
2022-09-26,215.9276580810547,227.5494856817641,212.24243845093187,227.5494856817641,12160015
2022-09-27,206.32228088378906,215.15288553373492,203.2429861490289,215.15288553373492,12142570
2022-09-28,204.56407165527344,208.50754841819375,203.95814659415657,206.32225013701282,6125495
2022-09-29,205.24945068359375,210.17630301623282,204.0773267197474,208.59692989892557,7380160
2022-09-30,207.44468688964844,208.3386828707221,201.64370894962627,205.41832328152944,6777880
2022-10-03,212.6099395751953,214.73564110386187,207.12683096248094,207.60361972079494,7485490
2022-10-04,227.08261108398438,229.45664240563042,213.68273503855175,217.53681682611716,10018345
2022-10-06,227.0130615234375,228.26465285470107,219.63271045151785,226.27801534535962,8258370
2022-10-07,225.53302001953125,227.01305522253276,222.51332260131488,227.01305522253276,6152840
2022-10-10,216.46401977539062,223.4768477121496,215.56009607694324,220.16909446202945,6651005
2022-10-11,207.66322326660156,218.23213455815457,206.61030777706316,218.23213455815457,7363750
2022-10-12,212.2423858642578,215.51041258336647,203.73958097635938,210.66301290988304,12147050
2022-10-13,212.13314819335938,218.32151971434817,210.18625194616436,216.21568883073363,8227580
2022-10-14,203.92832946777344,213.9608391121383,202.6370121433351,213.9608391121383,8041445
2022-10-17,196.86582946777344,201.54435191173079,195.802971216479,200.65037117221436,12143585
2022-10-18,198.52468872070312,200.04446521662712,191.73039201459096,198.6637527413484,12065360
2022-10-19,201.87216186523438,203.57074356768754,196.80624542099986,200.0543867650094,12112600
2022-10-20,202.54763793945312,203.6303517820179,197.67043904693446,201.48477955974582,8580415
2022-10-21,201.26625061035156,205.81565253779604,199.85573973173913,202.54764035148534,8405890
2022-10-24,204.57400512695312,205.65671898818243,202.62710875442875,204.02767675211746,802285
2022-10-25,205.16004943847656,209.17306570530573,203.79920759133233,205.219661295654,13205835
2022-10-27,209.0538787841797,212.11328731309186,204.15680927795316,206.6103078967747,14315445
2022-10-28,206.6202392578125,211.517308850064,206.41165079650705,210.10679796519645,6070505
2022-10-31,208.408203125,209.5902548547255,205.04085319119062,207.97114045281498,6765570
2022-11-01,219.92076110839844,221.31141642671074,209.07372237839914,210.58357109431157,25220955
2022-11-02,223.99334716796875,231.44323676335574,220.5167320234548,220.5167320234548,17863795
2022-11-03,236.2112274169922,244.95243639702977,224.16226482164848,224.49006186354472,30388560
2022-11-04,226.25814819335938,242.3697798535483,224.88736344071967,237.36345992230497,14999645
2022-11-07,226.79454040527344,232.87364620135068,220.95382140474996,229.0394352855038,10187815
2022-11-09,228.07591247558594,234.32388057099377,223.89403398492271,232.23792034788409,12496880
2022-11-10,226.28793334960938,228.92023703044381,223.57617750983687,228.92023703044381,6096780
2022-11-11,219.8015594482422,231.03599145496952,217.5665923862087,227.6686416877793,9888645
2022-11-14,215.4110870361328,225.4833377274649,213.6727793664277,220.71540508776286,9982710
2022-11-15,217.06004333496094,221.51010762082652,215.4409287295158,216.48391657255198,8554785
2022-11-16,224.80789184570312,228.0659759167852,219.12610776048535,219.12610776048535,12292960
2022-11-17,228.05604553222656,228.62224448844947,223.09939472754087,227.00313009452196,8718475
2022-11-18,227.25146484375,229.05931226337546,225.48335866238085,228.62224958360486,5886150
2022-11-21,219.18572998046875,229.55598067447997,217.86461415804052,227.251473783881,8510920
2022-11-22,229.496337890625,230.44993047885745,220.27834188401792,220.41740589096432,10013025
2022-11-23,231.34393310546875,233.42990856388258,226.07935580375644,230.8472737255456,8722820
2022-11-24,233.56898498535156,234.42323977044975,227.27134735119432,231.47308168452003,6595890
2022-11-25,228.85072326660156,235.41656129984565,227.4203417348748,231.4432860036457,5564335
2022-11-28,235.0788116455078,235.61519708468788,226.87398932726032,228.85069903427507,11396870
2022-11-29,227.69847106933594,234.14511573001772,224.68871622814189,234.14511573001772,9661540
2022-11-30,248.28001403808594,263.030788114541,228.66196908060755,228.66196908060755,175538615
2022-12-01,251.1507110595703,255.21338114092697,246.55165551806516,253.2962832138472,22526180
2022-12-02,261.9580078125,268.99069084459893,249.44218617582402,251.1109694672397,28244415
2022-12-05,268.7523193359375,273.68911474996446,256.7430992520726,261.6401534281559,9873510
2022-12-06,260.1700439453125,270.7289961290242,258.26285872745945,268.5933670138217,16004825
2022-12-07,260.031005859375,269.50727612223227,257.87549062913064,262.16663531197383,13389655
2022-12-08,271.523681640625,274.1559702194888,260.37864424741593,260.84550526432247,10733150
2022-12-09,280.16558837890625,284.0097580507072,267.2127315287212,271.1760643066694,13914230
2022-12-12,273.4110107421875,284.5759048047226,271.6329615305463,281.1092317530938,10344540
2022-12-13,272.81500244140625,275.6360241966342,270.5800351407169,274.1559888845566,6597275
2022-12-14,275.91412353515625,282.1025099299965,273.788437286826,274.1559603545036,7792780
2022-12-15,274.7817687988281,278.01005471443045,271.1859597984079,275.149291883646,6534520
2022-12-16,277.46368408203125,281.7051741017085,266.20939715953693,274.7817419257212,8301915
2022-12-19,280.89068603515625,282.30121205403054,275.14930464535644,282.30121205403054,5216465
2022-12-20,276.4008483886719,280.4039212072964,273.55994137763076,278.62587239296585,6758170
2022-12-21,272.3978271484375,282.58925748716644,269.1893964913522,279.5199060135234,5380270
2022-12-22,274.2652587890625,277.93060784638095,259.43501532746444,272.16937052283197,10006060
2022-12-23,255.79942321777344,271.176007757381,250.92223987217844,271.176007757381,6547985
2022-12-26,268.73248291015625,272.1097608462213,250.35606952453807,256.286199268295,5318965
2022-12-27,262.0176086425781,273.04345240867286,260.44817841561536,269.7853682458133,4027200
2022-12-28,262.9215393066406,267.0934901336228,260.0309781400959,263.37845743849874,4201290
2022-12-29,269.62646484375,271.9706827250558,256.554385441926,261.2428515182225,5263845
2022-12-30,262.7427978515625,274.1858209241236,261.26273204395113,270.9773898920008,4753970
2023-01-02,264.8386535644531,269.68605415788556,261.83884170184785,266.1001878410139,4200580
2023-01-03,259.5939636230469,266.1498745756618,258.4814512798032,264.83868632240126,3912800
2023-01-04,259.96142578125,263.9247879662683,258.262859309774,260.9448318973093,3949595
2023-01-05,260.02105712890625,264.4015967716845,252.50164152772496,261.03426172813136,8763650
2023-01-06,258.4416809082031,262.1567138737502,253.74328717722506,261.23290434134344,7092170
2023-01-09,260.0011291503906,263.14001939019124,257.6767673927618,260.5971263401182,5160370
2023-01-10,255.73985290527344,260.84552615063166,254.09095519619513,260.5673980957586,4412000
2023-01-11,243.37301635742188,257.1106161995317,241.39632178691468,257.0708749625373,11335780
2023-01-12,235.833740234375,244.34648935700076,232.63525258677043,244.34648935700076,12033835
2023-01-13,225.63233947753906,237.49256732966808,223.0298493010254,237.49256732966808,18190180
2023-01-16,239.856689453125,240.8202098920498,227.20180261104483,227.53954251887183,15052660
2023-01-17,240.44273376464844,243.16443259118438,236.38999145316387,240.3831370648509,9965025
2023-01-18,241.83338928222656,243.30349678671962,239.78713992769494,241.5751167071277,4095725
2023-01-19,243.27371215820312,244.93255274365032,240.78047225739704,241.15793825346793,8152460
2023-01-20,244.8828582763672,245.92584594434487,242.76708459191306,243.79020164194475,5861055
2023-01-23,245.71725463867188,246.73044400883006,242.965772610723,245.9457288643778,2659655
2023-01-24,248.0416259765625,248.5283424523915,244.77359887705464,244.77359887705464,2989925
2023-01-25,246.27349853515625,248.3296755237766,244.55506142444708,247.256889506693,2143660
2023-01-27,246.84962463378906,248.58793235845988,240.39305308501181,246.92909194859487,4515770
2023-01-30,237.31378173828125,247.33636409969952,233.4299018611622,247.33636409969952,7009985
2023-01-31,227.71832275390625,239.68781668684295,226.47667432013358,239.68781668684295,10346445
2023-02-01,233.00277709960938,235.21787357918055,224.78802712330204,230.340675075028,10039900
2023-02-02,229.24803161621094,233.81730400813,223.35765860191836,232.40679317750772,8678000
2023-02-03,229.43675231933594,233.2312370821579,218.53011708336348,229.23809160790103,12183995
2023-02-06,242.7373046875,246.10465473528686,226.476681158052,229.1487110933009,16333340
2023-02-07,259.077392578125,261.2130217366184,245.36959138258538,245.36959138258538,19434110
2023-02-08,260.3488464355469,268.3947342495987,257.77615455023727,259.8521870681817,10220280
2023-02-09,253.03802490234375,267.1928019929068,250.36599502844086,267.1928019929068,6941110
2023-02-10,252.6605682373047,255.28292923877564,243.36310374902735,246.14439939467033,5957340
2023-02-13,255.09420776367188,259.69327882301997,249.12436701775022,252.6605796476455,5439725
2023-02-14,250.57456970214844,257.9350800605937,248.72699631463715,255.84910472871817,4553260
2023-02-15,254.07107543945312,255.68024700718638,247.9323726759954,247.9323726759954,3414675
2023-02-16,253.21681213378906,257.07087854977993,251.30964196614752,255.99810764541505,3142830
2023-02-17,254.9253387451172,256.87223500877184,248.82634706489503,251.7069653793569,2551400
2023-02-20,259.7528381347656,265.1862925962504,255.6901683193626,256.2563672494713,9040585
2023-02-21,263.1301574707031,267.4014467166487,261.0441818216307,261.2031164753747,8953605
2023-02-22,259.60382080078125,264.77900219160165,257.8655132599679,262.6334303892992,4155250
2023-02-23,258.4020080566406,261.2230302572283,254.30950848979373,260.0508908494192,7531275
2023-02-24,256.58416748046875,263.1897311977329,255.43191407669133,260.2495161443909,6422815
2023-02-27,255.67030334472656,258.6502593118678,254.73658138326127,257.46820768647405,5528195
2023-02-28,258.411865234375,264.2227859505349,254.48827438309343,256.27623599713536,10958180
2023-03-01,266.98419189453125,268.19604188894704,260.44816835984955,260.64681390637395,10745695
2023-03-02,266.6564025878906,268.2059772502292,264.82866960359854,267.96756016193757,3385415
2023-03-03,269.8847351074219,270.5800400921495,266.8451819479573,267.4014380612133,6094550
2023-03-06,268.41461181640625,273.5599960107688,267.7788732232558,270.7787154499471,5903520
2023-03-08,268.1960754394531,270.1529146839106,264.4214761328159,265.1167811031522,5935895
2023-03-09,267.3517150878906,273.8182293570611,265.24588434885663,269.9840035116831,6951970
2023-03-10,266.96435546875,268.9708484196884,262.27588978222326,265.812102087503,3253475
2023-03-13,260.756103515625,269.030435008206,259.25618256744303,267.2027322246826,3440725
2023-03-14,260.74615478515625,267.2027262369792,257.28939484879373,261.2328712403774,5361680
2023-03-15,267.3318786621094,273.8579900913125,261.5408134037456,262.42488163726415,8782155
2023-03-16,259.48468017578125,264.38173456824535,251.67717867057607,263.7459959877868,15501165
2023-03-17,261.481201171875,264.21282755805754,256.1768830268931,261.6401357992582,9785280
2023-03-20,258.8489074707031,261.32226124804833,256.57419923830037,261.32226124804833,2819755
2023-03-21,266.8948059082031,268.1960509897627,258.848918315774,260.4183788490793,4209355
2023-03-22,269.1000061035156,271.17603880692275,262.37524858155984,267.9974064463494,4364195
2023-03-23,269.2091979980469,271.7322357480488,265.76238121867414,268.1960239316736,4642550
2023-03-24,268.5934143066406,276.9372866873308,264.2426728395208,267.47095914203743,10167700
2023-03-27,269.9443054199219,273.1626483767829,267.6298558234677,269.58669491711413,3909160
2023-03-28,269.1496276855469,272.8745728274503,268.1960502170503,271.5037881650409,3376800
2023-03-29,269.67608642578125,276.1028596812629,265.2160951257303,268.19605125073855,16868985
2023-03-31,275.5466003417969,277.125973431564,271.24554372404276,272.1891782974936,6325840
2023-04-03,281.0,282.30124534237206,274.58313803839155,277.1359749032875,7420420
2023-04-05,288.8570861816406,292.8303612615184,281.85420097882934,282.1025306713217,16999355
2023-04-06,276.8379211425781,289.2444614372622,275.1492673044078,288.84714003818675,11151270
2023-04-10,280.8509521484375,281.50654620420306,277.42402042373027,277.93059240624746,4087705
2023-04-11,285.72808837890625,287.0690745476603,280.5727624351187,282.2812716345931,5731220
2023-04-12,287.7460021972656,289.12766021023054,283.88923885899186,284.88324877773147,5677480
2023-04-13,284.1973876953125,290.49940712152244,283.09402087963815,289.73403038256004,4429370
2023-04-17,288.6803894042969,290.1515047485423,282.825656108752,285.459776467494,11023575
2023-04-18,281.20538330078125,290.24092928716453,279.39627807540455,290.24092928716453,11104825
2023-04-19,286.2848205566406,287.5273330164923,281.52350431675137,282.1000167508207,13228385
2023-04-20,274.69464111328125,286.27485034681376,273.3527216853256,286.27485034681376,7343620
2023-04-21,277.76611328125,279.1179521086282,275.1021741792237,275.49977204993655,9038560
2023-04-24,288.2032165527344,288.85926668984837,277.935077878288,278.8098113944399,10057005
2023-04-25,285.7281188964844,290.2508511903713,282.51745643711456,287.27877170208967,10103730
2023-04-26,288.03424072265625,288.85928593549465,285.0919798825637,285.47965830818595,7284630
2023-04-27,290.9168701171875,291.24488001358884,285.7579566758305,287.46765479578585,5724965
2023-04-28,287.3086242675781,291.7418998395462,284.6347352630504,291.3443019544199,8282810
2023-05-02,281.32470703125,294.1971490198552,278.3228076690541,290.25092799772784,19930485
2023-05-03,284.3265686035156,289.25684866433323,283.29278992898617,283.88920186947513,9715105
2023-05-04,286.7917175292969,287.8553153733516,284.62478328731976,285.28083344342525,6527465
2023-05-05,288.7797546386719,289.9328098004223,285.1019360896784,285.6784485031658,6619530
2023-05-08,289.545166015625,290.8473166196839,288.56107554024237,289.25689463719766,1657870
2023-05-09,299.28643798828125,304.02785430402963,290.2707608897079,291.493403990648,11078110
2023-05-10,319.35546875,322.05917663140764,301.11538277197667,301.14520185271834,16869535
2023-05-11,314.027587890625,328.8184281640531,311.7313973554033,322.05917368966027,8659545
2023-05-12,309.325927734375,317.1686496789757,308.14305358576394,317.1686496789757,4027150
2023-05-15,309.85272216796875,317.27797625422846,308.3418382602718,309.33584801567594,3277065
2023-05-16,312.92425537109375,320.0711890058003,310.5386376690614,311.4034214317553,3992030
2023-05-17,315.6477966308594,322.85436760722394,314.1070935905107,314.70350553137104,10770655
2023-05-18,313.34173583984375,320.9459051230551,311.72149493127733,317.9340564918705,4086655
2023-05-19,315.6081237792969,319.4748068926199,314.10715897705614,314.46498801519743,3325605
2023-05-22,315.001708984375,318.3614670625315,312.9142822749219,316.86050251246485,1978465
2023-05-23,309.30609130859375,316.5325327670908,306.35388052633346,315.8466634707734,3442760
2023-05-24,321.0254211425781,323.25202389304263,310.5982672477584,310.5982672477584,5628380
2023-05-25,321.5920104980469,324.0472160786596,316.969870691487,321.6516486631813,3514415
2023-05-26,338.35101318359375,347.3070209280877,323.05318767426644,324.04719748249494,13564135
2023-05-29,336.3232421875,342.73458758343656,334.00718222629877,342.73458758343656,5088150
2023-05-30,327.6853332519531,337.55584506110785,326.035273046969,337.32721184546364,5897155
2023-05-31,336.8600158691406,338.3211812413206,323.25201846489506,328.0232536569042,10133525
2023-06-01,335.77655029296875,342.51593656700885,331.9993246020654,336.1344096504559,4308525
2023-06-02,336.9991455078125,340.8061897422672,334.7228545435234,338.10251217373406,3386690
2023-06-05,338.97723388671875,340.5477864638802,335.657244571475,339.0766409403626,3381540
2023-06-06,335.3690185546875,346.02477568309035,334.3849281147933,340.7764045644967,7662315
2023-06-07,327.5560607910156,336.69101363147905,326.23404105341945,336.69101363147905,16263700
2023-06-08,314.4748840332031,329.64348369643255,313.11309542412846,328.54011701466584,10001755
2023-06-09,316.3734130859375,323.4408379830169,314.12694140722505,316.09509157718486,6006445
2023-06-12,317.29791259765625,319.93203293931026,308.15303911580304,315.01170181088713,5362715
2023-06-13,321.065185546875,325.2499585737339,317.6855580817574,319.03739693389497,7815240
2023-06-14,321.065185546875,329.31545527067163,318.48075383774733,322.05919540924924,8184545
2023-06-15,328.89801025390625,342.7346114820169,324.7827945859925,325.95574935697306,7552322
2023-06-16,326.53228759765625,333.49035765300965,320.4688204824641,332.25779495033316,13712137
2023-06-19,318.61993408203125,327.18829435784625,316.49273838713196,326.5322441996467,5034555
2023-06-20,323.39117431640625,326.65152554568317,319.4350040294794,319.7332251976613,6163825
2023-06-21,325.91595458984375,327.6256527458552,322.9935632030013,324.04721121760184,6029757
2023-06-22,319.49462890625,326.03519974903844,318.40121210843023,325.9159234319618,3240290
2023-06-23,304.6044006347656,320.3892829310355,303.61039072023755,320.0711924780405,9995717
2023-06-26,317.7650451660156,318.4807334344659,300.1909592054585,305.697781983957,6203205
2023-06-27,317.8446044921875,323.0333372066355,316.4927353002052,320.82663409049616,5459652
2023-06-28,315.5186462402344,320.54833407379584,313.7095408820571,320.38928884436285,4741040
2023-06-30,319.0970153808594,321.2242109155855,310.5485553604958,316.8903124093567,6921217
2023-07-03,325.37921142578125,327.4666383751172,315.51864976886696,319.09706129941304,4833652
2023-07-04,319.6934814453125,326.03526990246746,318.8783859902099,326.03526990246746,11704025
2023-07-05,328.2817077636719,329.81246111492896,319.335618977537,321.9796888589453,6934602
2023-07-06,323.5899963378906,332.2776332909515,322.4965793640468,330.01129189733666,5839120
2023-07-07,326.4924621582031,329.9118584199806,323.19237255792535,325.91594980076553,3486495
2023-07-10,322.9538269042969,328.8383791595388,320.8663999409439,327.22808789302474,2920377
2023-07-11,328.1227111816406,328.9974448461743,320.82668133032115,324.0472640635786,3159187
2023-07-12,334.6831359863281,337.56575854774286,329.235950968063,329.61367957293044,5270910
2023-07-13,331.1444396972656,336.7506392013565,327.2280386541721,335.9753127698938,4997620
2023-07-14,331.1444396972656,336.9891918464922,325.47857169711904,335.18011706292697,7168667
2023-07-17,329.5738830566406,334.8620224119399,327.82441612170936,331.76071672530463,2536980
2023-07-18,327.6654357910156,331.60170647478174,323.72913477247494,329.5739177986948,2977195
2023-07-19,325.9755859375,330.0112634187914,324.56407863220403,324.56407863220403,2880947
2023-07-20,323.0929870605469,327.6256697871757,321.50256515028985,326.8105743871374,1705732
2023-07-21,318.16265869140625,327.8642045116859,316.0951315555756,323.76888879289436,4307885
2023-07-24,325.1207275390625,325.43881797057486,312.0793231947875,318.6795631421897,2969160
2023-07-25,319.91217041015625,324.6436676529536,317.68559774755863,324.6436676529536,3988572
2023-07-26,320.8266296386719,323.92793552431505,318.10302201569687,319.9121272272465,2856347
2023-07-27,318.3018493652344,323.430944056758,318.08316597523543,321.9796981057329,2660902
2023-07-28,319.7729797363281,320.7073514187714,316.6915431453838,318.08315086345675,2182360
2023-07-31,319.8326416015625,321.0850734732532,316.2939687127547,319.77300343313794,3109355
2023-08-01,318.3614501953125,323.98754917385537,317.665631217436,322.01939889468525,4049365
2023-08-02,321.3037414550781,321.9995604996842,318.10302845248316,319.59404326111854,3256557
2023-08-03,327.0690612792969,330.806518278908,319.2958957422547,322.05924234901875,9065702
2023-08-04,328.14251708984375,333.6095711025929,326.81054757054665,331.95951116039043,8202500
2023-08-07,327.6654357910156,331.60170647478174,326.0352450052973,330.0112845785327,3912180
2023-08-08,326.1346740722656,330.4089047680497,323.6496491712803,328.34137739773166,3151037
2023-08-09,327.3075866699219,330.7269832363984,319.13682387854,326.23406929894696,6947810
2023-08-10,325.4388122558594,329.2160678105003,324.08697344782996,328.3810728587496,3461370
2023-08-11,337.7248229980469,339.95139553065155,326.3533469897717,326.3533469897717,8267490
2023-08-14,345.6885986328125,347.2216079953276,332.01075383250225,338.4813402171246,5942072
2023-08-16,354.52838134765625,359.5654810002808,340.95009158529274,345.58900742582995,7580710
2023-08-17,355.8424377441406,372.16821950046733,348.29675161304857,357.8931135414881,10089862
2023-08-18,358.07232666015625,364.34380625538216,353.23430294369655,354.38905745059026,6323555
2023-08-21,358.0921936035156,363.14919218287156,354.46865077635937,358.21164571790894,3028405
2023-08-22,360.76007080078125,366.3347359012618,358.09220555866267,358.37093729471263,3572145
2023-08-23,353.29400634765625,363.0297488391615,350.48676007367186,361.9148219052479,3696270
2023-08-24,352.3184814453125,355.64336388527886,348.53565868920515,353.5926880712845,3335620
2023-08-25,347.95831298828125,352.318498010443,344.5338768238201,352.09949231226875,3253885
2023-08-28,348.21710205078125,349.3718565610275,342.0650745626349,348.3564831166046,2635845
2023-08-29,353.970947265625,355.9818259820128,348.4361093193673,349.59086383484674,2832917
2023-08-30,358.5899353027344,359.6849636636127,351.70123628842015,354.7872142583571,2683090
2023-08-31,358.1718444824219,361.95466719929954,353.73203508820825,359.9039914065717,5430410
2023-09-01,362.5320129394531,363.62704131820385,357.41528815798983,359.16730318451033,2433825
2023-09-04,367.5492248535156,368.7238778839103,363.5673254587013,365.5184476559055,4284872
2023-09-05,372.6261291503906,375.0948871765638,365.65780564906765,369.3012470110112,3531530
2023-09-06,368.5247802734375,373.20349356971434,361.1781714453038,372.62613155713234,2870370
2023-09-07,366.53387451171875,374.2786681068605,365.1401853322388,368.484996831714,3017837
2023-09-08,362.3130187988281,367.7682319269786,360.38179515467726,366.5338528313496,4470345
2023-09-11,366.1755065917969,367.13115404962286,360.72029286021547,365.51848947095243,2537597
2023-09-12,366.3148498535156,370.71483172141427,360.97908880754494,369.0424412479908,6078072
2023-09-13,363.6668701171875,367.7084954736297,359.5854172615173,366.31483679545664,2870080
2023-09-14,364.1048889160156,366.7130281483919,362.6315752092581,365.14016088126886,1970210
2023-09-15,364.60260009765625,369.0822365763681,364.1048627111327,364.8415043217542,1948085
2023-09-18,363.1890563964844,366.3347607045944,361.57639193018684,365.19990474417295,2930705
2023-09-20,360.2225036621094,364.7419678496466,358.5103161365856,362.2931082995233,3209520
2023-09-21,364.14471435546875,365.1401892775772,355.1058154296971,360.81983176116466,2786720
2023-09-22,365.637939453125,366.55378978028483,360.89949931716586,364.1447270180382,3696995
2023-09-25,368.7239074707031,370.1175662948205,362.4324986309917,365.1401916519128,2976237
2023-09-26,385.2687072753906,388.19540608201754,369.1818283099568,371.23253467238635,12429942
2023-09-27,385.0894775390625,388.0161759540211,381.52569103362976,385.686768509775,4819370
2023-09-28,376.6478271484375,388.1356147369705,375.2342699584474,387.3591456155659,2717047
2023-09-29,376.5682373046875,389.8279700295283,373.52208659485683,376.9266240596877,6101197
2023-10-03,369.63970947265625,377.06594296326335,361.57635752885443,377.0062169057113,5828730
2023-10-04,366.5139465332031,369.5003712751034,361.9546847942081,369.5003712751034,6181990
2023-10-05,366.7727355957031,369.8387845947869,366.3347242559083,367.70848433258476,4795682
2023-10-06,369.1419982910156,371.1130190891801,367.170947113369,367.23067317516296,3597420
2023-10-09,369.89849853515625,371.11297895944404,362.79082453491486,365.53834459826606,2146690
2023-10-10,369.50030517578125,370.7147855687436,367.13107044365165,370.3564292459734,3481552
2023-10-11,365.3989562988281,378.678585709051,363.9455716820378,375.4930847629423,6850962
2023-10-12,368.2062683105469,370.296771718672,362.372769481378,367.33024552013376,4372975
2023-10-13,370.1175231933594,371.11299800601444,362.751015655608,362.751015655608,3364592
2023-10-16,367.38995361328125,370.11754503951823,365.4587299323817,370.07774791788887,4550210
2023-10-17,370.35650634765625,371.8696173245967,365.53841126845407,369.5203110409667,4602577
2023-10-18,368.465087890625,368.9229978306926,364.3438072915688,368.9229978306926,6472717
2023-10-19,372.1483154296875,375.8913105987004,362.37274508137165,365.5383782025703,6049895
2023-10-20,368.803466796875,371.5509562289153,365.2993765144829,371.5509562289153,4265650
2023-10-23,367.42974853515625,369.2614184906077,364.7419544688697,365.1401383062323,3243855
2023-10-25,352.07952880859375,367.1311033016062,348.91392615622607,366.7329194475095,9110125
2023-10-26,347.40081787109375,350.40714092766683,329.76100262966946,350.327516308064,11486027
2023-10-27,366.9121398925781,368.7239115738339,349.2125966806187,350.3673512561613,6026657
2023-10-30,364.9211730957031,370.7148442670037,362.651491553681,366.89222432146556,4445290
2023-10-31,361.8750305175781,367.8877075163052,359.68500393012954,366.49404870984097,5579412
2023-11-01,365.637939453125,369.3610364493244,362.83072316357027,363.4678113385419,4244585
2023-11-02,368.7835998535156,373.30306412274973,366.3546388192651,368.3256899344464,2675412
2023-11-03,379.0171203613281,380.629784909483,368.78363915477405,372.2280043333722,4721982
2023-11-06,376.54833984375,384.53203748742754,373.3429094978303,381.78451708250134,8992325
2023-11-07,394.6858825683594,397.5926521407081,377.24514361634004,378.24061847416834,12289935
2023-11-08,401.7139587402344,407.74653434035076,397.03521445259383,401.5745776689293,6577727
2023-11-09,399.2052917480469,404.16276716864945,396.87588437098685,404.16276716864945,3141805
2023-11-10,401.7935485839844,403.8641532560869,395.6813488861695,399.7030453517682,3047152
2023-11-13,401.67413330078125,404.6605580836867,399.12571991639396,402.9682385549134,3249237
2023-11-15,403.8442077636719,405.7555327380802,397.3935505314385,403.3663993046797,5883120
2023-11-16,415.9292907714844,418.4976024042246,404.4016755044565,404.76006223197845,7685665
2023-11-17,415.49127197265625,417.0243116527866,406.77090310631746,415.92928330983636,4609025
2023-11-20,417.0442199707031,422.220701142426,409.33925465093216,414.9138892918887,2630890
2023-11-21,413.24151611328125,421.00623819430706,407.24876843488335,420.0704894021361,5115550
2023-11-22,410.6731872558594,414.51570544622416,404.66051088794876,414.25690265327233,3425477
2023-11-23,419.9311218261719,428.0542005329869,408.14470283377824,412.18632843635896,6097717
2023-11-24,425.3266296386719,427.13837092850997,421.0062720745465,422.0813716353239,3789175
2023-11-28,422.06146240234375,428.05421041149066,419.65239975817155,428.05421041149066,3908002
2023-11-29,422.4198303222656,427.89494246541244,419.9112444223835,426.0632722303341,1836362
2023-11-30,439.9998779296875,449.835174179421,421.8424266252448,424.4704643974494,12976745
2023-12-01,433.64874267578125,448.3618595189773,432.29491148260126,441.99082665213996,3427552
2023-12-04,426.2424011230469,442.9862948859928,424.07227330659083,442.3890039181155,4750715
2023-12-05,422.8179931640625,431.97637426285036,420.289508828011,430.0252519934414,2822605
2023-12-06,427.476806640625,429.208923090064,420.5881075825967,422.0813197988663,2751995
2023-12-07,428.8505554199219,430.841505130097,425.0279356219235,430.04513739781964,1896300
2023-12-08,424.8487854003906,431.10036668660723,422.0813663362896,429.36825004619027,3151082
2023-12-11,439.70123291015625,441.5926289611357,426.4613997943399,427.6161542120752,5401315
2023-12-12,430.0849609375,441.19446386350415,428.4523676080402,439.70125159462424,3949642
2023-12-13,435.1220703125,436.0179916166378,427.1383424386602,432.7329367083052,2889550
2023-12-14,439.6813049316406,443.78265627079156,435.7392332069542,439.60168031414844,3080182
2023-12-15,437.6107482910156,445.8931062991744,436.01798246183415,441.5129926740549,2900972
2023-12-18,450.7510070800781,455.5293046635822,435.63970590838926,437.61075707927637,4576600
2023-12-19,466.53924560546875,469.0677602239973,452.1645863793491,455.21073698188735,6633475
2023-12-20,499.09124755859375,549.5021076705183,492.02340054974974,535.565460012208,32725090
2023-12-21,514.1826782226562,517.646911185414,470.6405885352823,495.76636350292506,11949305
2023-12-22,493.1980895996094,514.1827176195635,488.00170937784304,514.1827176195635,16113987
2023-12-26,497.7573547363281,500.8433330405079,490.9682389225127,500.5247737774801,4239532
2023-12-27,492.58087158203125,498.5337917302466,491.7645749155898,496.1645871107537,5993535
2023-12-28,492.8795166015625,496.7419639878768,486.58810808322545,492.9790701652321,3702457
2023-12-29,492.5211486816406,495.26863862172183,488.0215828969094,495.26863862172183,2874020
2024-01-01,494.7510070800781,499.3301975273394,492.5609502289369,494.47227533352213,1973717
2024-01-02,492.2225036621094,497.73744303721685,490.66956527019187,497.73744303721685,2455487
2024-01-03,488.10125732421875,493.65599386584665,480.2768088599344,487.822525569074,4077752
2024-01-04,501.71929931640625,508.64779541975935,491.36636746990024,496.14463435921687,5967980
2024-01-05,509.34466552734375,510.8777053029923,495.4478451240297,501.7193245288477,5074407
2024-01-08,505.50213623046875,515.2379098043399,501.7193438059471,509.34468509742464,4137392
2024-01-09,516.6714477539062,521.6089648090199,506.119406804407,506.8162210683685,4432812
2024-01-10,505.1836242675781,519.6179802546487,501.73925916481346,516.4523772943012,3827432
2024-01-11,508.92657470703125,512.5700468413709,504.5265926913478,510.61889417736046,2309437
2024-01-12,503.7301940917969,508.86684818187575,501.1220547345495,506.1392566982633,6579967
2024-01-15,506.378173828125,509.6831578458578,502.2768220280515,508.0903919016928,3756002
2024-01-16,504.1482849121094,508.09035680753635,500.14648695610634,507.21433407977895,3301850
2024-01-17,497.1401062011719,503.1527824650423,489.8134262972204,500.1265305840938,5397812
2024-01-18,489.8333435058594,497.5582379252266,476.3944332710528,495.3482825825458,4635975
2024-01-19,504.6460266113281,510.6388046953955,488.9772620781987,493.31751787405875,7103392
2024-01-23,506.3980407714844,509.5835418903328,495.0297052365618,502.11748092188833,4767932
2024-01-24,504.24786376953125,507.6125737883602,498.9320314552124,502.11753290384127,7679777
2024-01-25,500.68402099609375,503.71027303998005,486.189909640954,503.1329109951669,8328487
2024-01-29,505.52203369140625,508.82701740650805,497.33922940228206,497.7374132569915,4574967
2024-01-30,498.21527099609375,511.1763427920059,494.23337153909665,507.71207932780493,6966607
2024-01-31,509.84234619140625,511.6740465550398,490.1717848262472,490.1717848262472,5499840
2024-02-01,511.4750061035156,513.2270516990831,504.2677773427231,510.79809044322235,3070410
2024-02-02,511.9726867675781,519.0206654918296,506.09939141702216,506.1392189159984,5404360
2024-02-05,518.6423950195312,525.6107189449376,501.71932262925867,513.4659136660083,10507030
2024-02-06,536.4215698242188,537.5564257496193,520.9121152129337,526.008941648213,10393642
2024-02-07,535.6450805664062,543.3301166166397,529.0151845817016,539.94553885836,4505802
2024-02-08,547.6505126953125,562.8812647510522,535.5654342256178,537.3572766864767,8259177
2024-02-09,545.5202026367188,561.408002674328,541.5582322867139,549.1238166328357,6313580
2024-02-12,553.2252197265625,555.3555506275304,544.3456004942894,549.1039389949256,3223332
2024-02-13,555.2758178710938,561.049559419791,549.1038621084346,553.5039043645676,3194342
2024-02-14,569.6903686523438,574.1898735976704,551.0948452368149,555.3355777621545,3432082
2024-02-15,567.5401611328125,579.7646224138654,565.4496880874443,573.3935585706049,4892730
2024-02-16,566.6441650390625,571.0043497434441,558.2622838132946,565.4297148861797,3828422
2024-02-19,572.7166748046875,574.3691365433687,566.2460874118653,568.9338820191396,1245720
2024-02-20,572.3980712890625,578.3311236055648,569.4116465692935,578.3311236055648,2895762
2024-02-21,583.0296630859375,586.7527290495369,574.4884724430595,578.1319441705418,2389720
2024-02-22,596.1700439453125,597.2849710305186,582.3528467547557,587.131114371206,2654775
2024-02-23,603.0586547851562,607.2396613264094,593.9600000316552,602.2423581132812,2887335
2024-02-26,611.7192993164062,621.9528100054811,600.1518863446471,603.078584853102,3168280
2024-02-27,584.1446533203125,609.76816726836,578.5700182397069,609.2306327009691,6202435
2024-02-28,556.60986328125,588.3654768839966,553.4840574394577,588.1067044414318,12580557
2024-02-29,560.8505859375,565.2903651293036,535.5654990398392,553.4840473348524,13937442
2024-03-01,564.5736083984375,568.7147569479795,554.4794790627917,568.6351019492494,5235115
2024-03-04,571.0640869140625,578.0921370625049,558.9193421131076,577.3953532610133,4506765
2024-03-05,549.3229370117188,575.3844611984556,545.6595968681744,575.3844611984556,11104745
2024-03-06,570.944580078125,576.4595492125079,542.334644791221,545.9183904334441,7370822
2024-03-07,566.763671875,575.981717851569,562.7021175171863,572.5971398525262,3851625
2024-03-11,563.14013671875,595.2939623316962,556.3111938065945,570.7057213009856,8245362
2024-03-12,566.4451293945312,570.6062070558262,557.0677123822082,564.155488588687,4388537
2024-03-13,555.0369873046875,565.8279620419471,544.325667572583,564.9917363852358,7181872
2024-03-14,564.513916015625,567.4206856735829,539.2288295785144,553.0260969322151,4386595
2024-03-15,571.083984375,573.3934932360538,558.6604781310863,565.4296947188864,4719685
2024-03-18,571.97998046875,576.5193435459977,566.0867253615427,572.5971700410845,3851225
2024-03-19,556.96826171875,572.5972313486219,555.4750492208445,572.5972313486219,2669332
2024-03-20,557.525634765625,561.4478080536634,553.7029846576993,556.9681712872778,3989047
2024-03-21,557.5654296875,567.3609287786514,556.1319434975501,567.3609287786514,3613535
2024-03-22,558.421630859375,560.4921749385946,550.3184504594333,557.4659530666041,3173577
2024-03-26,558.142822265625,561.4478060033871,556.6098128955088,561.3681510042105,4459500
2024-03-27,551.0948486328125,559.8550758560236,548.8451265257669,558.6803620737128,5855022
2024-03-28,556.9085083007812,559.4569217417014,545.5202724456448,556.6696040342839,5047647
2024-04-01,556.3509521484375,571.6414302486868,554.439657575646,560.6514105064374,4051780
2024-04-02,561.2288208007812,567.0025625804722,556.9084333663837,566.226063059868,2651662
2024-04-03,587.6885375976562,592.5066627673863,552.0903460448817,560.2731811813113,9176512
2024-04-04,603.5897827148438,615.7049909605132,590.6376400314912,596.1971152255836,8314400
2024-04-05,595.3004150390625,611.7396733623169,592.3712356690457,605.3632094460801,3406465
2024-04-08,577.9046630859375,598.5085260137332,573.8795575256158,598.5085260137332,7297395
2024-04-09,571.8071899414062,578.3629837697229,566.3075522737304,577.8648244383105,4447677
2024-04-10,567.3237915039062,576.629435154331,565.9090359409852,575.4338405219393,3006212
2024-04-12,552.29931640625,569.8345006144334,549.9679039697733,567.9016399687877,7751762
2024-04-15,550.4063110351562,559.393125266059,537.8925504597363,542.0173245170236,7133952
2024-04-16,559.5126342773438,565.8691520131122,548.2143542360437,558.7354765555116,9683697
2024-04-18,557.1213989257812,567.024807735139,554.0128899177757,567.024807735139,5776232
2024-04-19,556.3842163085938,559.1141198122488,543.1929664728352,545.8830391203268,3912572
2024-04-22,570.0138549804688,571.488387210574,558.4964131357922,560.0904987461511,3836490
2024-04-23,570.2728881835938,577.864831623884,569.8942822221753,577.864831623884,3885592
2024-04-24,575.9119873046875,576.270708220159,570.7710100348329,571.8669361814046,2116702
2024-04-25,574.65673828125,577.8648553581792,571.4685062275249,577.8648553581792,2008145
2024-04-26,581.7305297851562,585.8353576987525,567.1244645342495,573.0027688081333,3097727
2024-04-29,592.2716674804688,594.1248057655355,574.9755277217666,579.8575139330198,4406522
2024-04-30,589.6015625,603.8489090292213,587.4494798605937,595.7986361823006,5340267
2024-05-02,604.4863891601562,608.4318326906729,587.4294196675664,587.8678022820683,6314752
2024-05-03,600.4613037109375,608.730736165172,598.9867716001455,607.7543633686165,4415420
2024-05-06,600.6405639648438,602.8524226844493,584.041924300055,600.5807872865007,4139995
2024-05-07,574.9954223632812,597.7911982549056,573.0825075557958,597.7911982549056,7215837
2024-05-08,599.1063842773438,601.6967886436174,573.0825439903156,574.6766296294887,5643560
2024-05-09,575.8921508789062,597.7114937879553,571.08988747729,595.8185247559194,4134015
2024-05-10,583.165283203125,585.835410087902,573.7002553190517,583.4043899673634,2253750
2024-05-13,588.7445678710938,596.2767340263505,559.9708819464604,592.5106813539527,16363080
2024-05-14,593.4273681640625,621.3043472899653,590.7970720732998,597.7912491476782,17151342
2024-05-15,597.5521240234375,604.5463008829846,592.2118702895943,597.8709533104463,5237275
2024-05-16,595.1011352539062,597.512209431976,587.0309782720998,594.6029759140301,4214965
2024-05-17,603.9683227539062,605.7218531477855,595.7984984063098,597.7911355247256,2877007
2024-05-21,602.3742065429688,605.7617141369985,595.599252165371,605.7617141369985,3898180
2024-05-22,603.4104614257812,607.1167377354237,600.9794414082158,603.5499606358344,2550145
2024-05-23,598.7277221679688,605.7617292894707,597.0339683285864,604.9646865446035,2577597
2024-05-24,597.11376953125,601.3979280586141,591.813346404245,598.7278010656966,4198022
2024-05-27,596.4163208007812,598.149905683144,588.2266099260413,598.149905683144,3302410
2024-05-28,585.8552856445312,597.1933962356826,583.9024792867214,591.0162087218196,4017655
2024-05-29,570.0138549804688,585.5365174950421,569.137089651631,581.7505185625888,4642537
2024-05-30,573.4013671875,583.7431603297531,570.013859227165,570.6116261328859,3457280
2024-05-31,568.6189575195312,576.0515166289288,554.0527835476726,573.3813899123443,11593700
2024-06-03,583.464111328125,587.8279917930529,570.8706292484203,587.4294400168045,4316557
2024-06-04,563.2787475585938,579.9970051842422,526.0762399066464,577.8648684887537,6448665
2024-06-05,595.4000244140625,606.1603149071032,552.3591056837673,560.4292627430809,10611342
2024-06-06,597.5521240234375,602.6931018515916,596.1971451615016,597.791230786077,4485605
2024-06-07,605.2037963867188,608.949964198291,596.9941405326589,601.7565120046945,5245705
2024-06-10,616.1433715820312,635.1332028983381,606.9573426827415,607.7543854523892,8490307
2024-06-11,616.6217041015625,626.4453924681173,614.5493440564743,622.101457274572,4802772
2024-06-12,620.8060913085938,625.2895249795093,619.3116134182886,622.8585051788612,3285400
2024-06-13,629.0955200195312,636.9864077000101,620.786256333429,636.9864077000101,4965487
2024-06-14,653.2861938476562,657.570352161768,627.5014606283543,629.5937056064998,8144420
2024-06-18,647.5672607421875,665.9393782038412,645.6144543896132,655.5776404141443,5116807
2024-06-19,646.8101196289062,666.3379420489418,642.7650680928788,653.5850747046042,10951570
2024-06-20,643.1237182617188,654.7806591668983,642.0277920203164,649.5200672630455,4756065
2024-06-21,635.0734252929688,648.0654595802641,631.6660324916319,645.1362802779316,5048880
2024-06-24,628.9759521484375,635.0535324051807,625.8076661358446,634.6749264530032,3031340
2024-06-25,633.2003784179688,637.962811096122,622.2408724806444,629.6734320353622,4858005
2024-06-26,640.6528930664062,644.4189462669499,624.9309542236851,632.4232905775723,3326327
2024-06-27,653.3658447265625,657.3710041721499,637.2653019974063,640.4335878676908,5264545
2024-06-28,649.4004516601562,656.0359675935117,640.9516893870513,653.3658410413599,4186665
2024-07-01,640.7724609375,651.1939162327296,636.0499197518758,649.5998305433149,2836832
2024-07-02,628.53759765625,640.8122512822151,627.6807781726217,636.8469223334265,4070375
2024-07-03,643.004150390625,644.9768419048745,629.4940716099139,632.0645908145638,2534075
2024-07-04,645.0565795898438,647.6071530216334,639.8557643702885,643.2233264308385,2423345
2024-07-05,643.2830200195312,647.9458444321444,638.0822662822881,647.7066768949785,1661450
2024-07-08,636.5679321289062,653.5651268613885,634.057250334916,643.5820547545756,3649630
2024-07-09,642.2269897460938,660.6588851235374,640.1945215529973,642.4262656419971,3687577
2024-07-10,637.3849487304688,649.1016669846873,633.8778872637719,647.6071888565568,3251895
2024-07-11,634.6350708007812,640.6329288788726,631.6660605119831,637.6439727565761,3574145
2024-07-12,631.4667358398438,638.1819136796443,623.7552393695573,636.448328992273,3614772
2024-07-15,648.742919921875,650.7953338438109,626.4851352253303,629.6733669670025,4321137
2024-07-16,637.2454223632812,655.4581575645744,634.4956338054607,653.465520145289,4350482
2024-07-18,633.917724609375,640.8321785887479,632.1044173387104,637.6439466931888,4993527
2024-07-19,621.5833129882812,633.3796922962545,613.3337649955413,631.2675015253579,4749392
2024-07-22,622.7191162109375,626.285893275328,618.9131715843305,621.7028517055313,3147147
2024-07-23,617.2393188476562,627.0231748019254,600.8797236437405,626.744176404761,3619330
2024-07-24,642.42626953125,645.6742781416942,610.3647418643437,617.2393650466009,6283777
2024-07-25,658.4072875976562,661.1570761753599,638.0425305928885,641.6292536493497,6304092
2024-07-26,668.1910400390625,674.7070029383814,658.5865744548333,663.986604518877,7137772
2024-07-29,671.6383056640625,678.6125360291345,667.5534236315627,676.6996212987872,4701400
2024-07-30,628.63720703125,677.4169268681478,624.3928800569106,675.5438430314866,31920582
2024-07-31,628.63720703125,645.5945082867578,627.680719281531,637.2453535368745,9797220
2024-08-01,627.9796142578125,634.8542370625581,622.9182986393978,634.0770793496466,4150442
2024-08-02,626.6246948242188,629.8727035636518,618.6939759638383,624.0940671807771,3152042
2024-08-05,599.6842651367188,617.5183338349269,597.7912352342893,613.533058933365,5637807
2024-08-06,582.6272583007812,615.4858284240203,579.85746322214,601.776473859403,6017050
2024-08-07,605.7019653320312,611.7396539467088,590.2191953307499,597.3926409957597,5972500
2024-08-08,593.6265869140625,607.2562187849412,591.9527788748807,607.2562187849412,4552912
2024-08-09,601.7234497070312,609.2619420050712,598.3131953216532,602.3018168732413,2980895
2024-08-12,587.6237182617188,599.4699303554108,586.3274282966365,596.2989831996405,4781300
2024-08-13,594.105224609375,598.2932898103556,580.384355425211,587.9228484423599,4732935
2024-08-14,583.1763916015625,593.5069069509545,581.1621182155,593.5069069509545,4143270
2024-08-16,567.1221923828125,580.3444836554902,563.3928406621168,569.5951184732119,11513025
2024-08-19,601.6436767578125,604.6750681716534,565.5666011362921,569.9740110306086,10188500
2024-08-20,594.9428100585938,604.1565161795153,588.7604344312697,604.1565161795153,4887227
2024-08-21,616.6808471679688,619.5925241740528,602.1822281712853,602.2819193762342,6801420
2024-08-22,635.8660888671875,641.9487737134308,619.5726026707838,624.219320353121,9226335
2024-08-23,631.0398559570312,637.1823064988204,628.6466586302616,635.9658061130955,2628982
2024-08-26,628.6068725585938,631.5584139858754,614.2478085339616,628.2079860006424,3527255
2024-08-27,624.11962890625,634.1310478489457,619.4329860558151,630.202252888565,2223397
2024-08-28,609.4613647460938,629.384509250155,608.0454211841574,624.079635461672,4504235
2024-08-29,601.9029541015625,615.8431674982197,595.9000589540865,612.2733948891267,4918452
2024-08-30,598.6522216796875,612.9514573806573,597.9143363964596,608.9827373679543,5738305
2024-09-02,606.848876953125,611.8545558945287,597.954206575234,598.6323258350869,3946967
2024-09-03,598.2334594726562,615.8431984223089,597.0966876217896,614.2477740032801,4775225
2024-09-04,607.2676391601562,609.461393214487,590.3359599282295,597.4955284034494,5223642
2024-09-05,600.467041015625,611.4157880060111,598.9114810013541,605.4727806789042,5328972
2024-09-06,595.6009521484375,605.0739291466747,589.9969432562983,599.8887085121737,4540552
2024-09-09,608.6038818359375,609.9998629437475,594.0653383885577,598.2932677427603,3885172
2024-09-10,606.2705078125,616.6209861536167,547.6576818074835,613.948616876512,5859010
2024-09-11,625.8745727539062,633.9116433721099,598.7320301940523,604.276212148278,10811830
2024-09-12,643.7634887695312,663.1083274797188,633.4429549345734,633.6922437794906,7254715
2024-09-13,644.8106079101562,666.0998528133936,643.1652770428725,648.1510543842901,7145096
2024-09-16,619.2833251953125,646.8048496944341,614.4969916315841,646.1566743647327,6982693
2024-09-17,647.8020629882812,651.0926638037732,614.9457787105187,619.2833805770937,8725231
2024-09-18,644.8604736328125,650.045694401989,637.1823641151417,646.0570724043981,3641775
2024-09-19,650.294921875,659.5684549714694,630.0027728613471,639.1766147619063,6235971
2024-09-20,652.5883178710938,654.1338964602407,634.1907898608432,641.1708771706324,7292526
2024-09-23,652.2393798828125,655.6297328841683,646.7051791007373,652.5884208202838,2822389
2024-09-24,645.010009765625,661.1140954086577,639.1766744448711,653.0870058192169,4960677
2024-09-25,631.4984741210938,648.1509807211594,627.7092959445689,648.1509807211594,3749146
2024-09-26,625.0668334960938,633.19367429026,620.2306541866799,631.4984979505617,3307212
2024-09-27,606.8189697265625,624.1196542361677,604.2762353639237,621.2278789302384,6229241
2024-09-30,604.5753173828125,622.2249804426765,600.5368501147467,622.2249804426765,6713774
2024-10-01,610.5084838867188,616.2421282841849,603.7776839418673,606.2705728103308,5050652
2024-10-03,586.078125,600.2875903870694,584.0838140684815,598.1935882535907,7488377
2024-10-04,577.2532958984375,598.2932508763062,568.8771660415545,593.2576281870713,11147666
2024-10-07,540.5081176757812,576.5553127500506,536.4696501397881,573.2647118267058,16517348
2024-10-08,588.3217163085938,593.2576479651855,535.3228797236362,538.7630782031722,19393475
2024-10-09,590.7149047851562,604.4756376332393,587.4242431562673,597.2961063198584,6884033
2024-10-10,586.9755859375,600.187895783938,576.3558559427285,597.24627500431,5167165
2024-10-11,590.6650390625,594.2049897946057,584.3829715530918,590.2662133774115,2001553
2024-10-14,589.967041015625,597.8943780823896,581.8900454265561,595.1023550198813,2952265
2024-10-15,609.3118286132812,612.1537581769912,585.4299432934163,593.2078045317475,5781487
2024-10-16,606.5696411132812,611.2562838468946,599.7889963032742,611.2562838468946,3043963
2024-10-17,586.726318359375,599.1408555989041,583.3359653273856,596.2989867791052,4225188
2024-10-18,587.0752563476562,597.6949859663306,577.0538565007807,592.3103223278265,4908521
2024-10-21,576.8045654296875,595.900055224251,570.7717873051548,595.900055224251,3411037
2024-10-22,592.8588256835938,596.9970455998241,565.0880676982365,582.5382899881672,11533313
2024-10-23,626.9614868164062,629.1552409704175,596.2989568448683,598.293267737326,14909803
2024-10-24,607.5668334960938,629.4045632734004,602.4813647947416,627.9088300245861,6518797
2024-10-25,609.4613647460938,615.1451624381493,591.712011611114,611.2562322116027,4545839
2024-10-28,602.0824584960938,613.799035227385,598.7420120279585,606.519812494295,2827494
2024-10-29,607.5668334960938,612.0540332425369,587.723475578748,598.2932995257529,3846083
2024-10-30,603.827392578125,613.6992546025809,590.3159501482211,590.3159501482211,4378178
2024-10-31,596.0497436523438,606.6195683796029,590.4157903212999,603.82754494802,5151305
2024-11-01,606.76904296875,608.264776024548,598.2932223192277,598.2932223192277,653210
2024-11-04,591.811767578125,614.1979199056627,586.3274125289596,609.261988189106,7612446
2024-11-05,584.5823364257812,592.1108473068043,578.7988474445366,586.3273583255597,5732587
2024-11-06,597.49560546875,599.2904732496015,580.6436526750174,590.3160734838004,6149844
2024-11-07,595.5510864257812,606.7690851236298,590.714906887324,600.3374203645557,2893375
2024-11-08,589.8673095703125,597.1964388347783,585.4299555304452,593.5567970032878,1793816
2024-11-11,589.119384765625,606.2206238317782,580.5937184615958,586.3273618813539,2578471
2024-11-12,582.637939453125,597.296137298707,581.3416494910621,592.8587832048975,2680480
2024-11-13,566.4839477539062,593.2576062578808,563.3927904165884,589.4185215230771,6817240
2024-11-14,574.0125732421875,594.3046628037047,568.6777549366731,573.3643978391445,6805711
2024-11-18,608.115234375,615.843189208282,581.1920368913079,591.3131891788672,8284043
2024-11-19,628.556884765625,637.7805722555429,612.6523047560224,614.2477290583128,11261723
2024-11-21,624.9672241210938,628.207979571263,608.2648691086832,628.207979571263,5734432
2024-11-22,614.6466674804688,625.3660889822702,610.907334398445,624.2193358258331,8080741
2024-11-25,599.3900756835938,630.5013357695258,593.3074521989411,620.230647508809,10896519
2024-11-26,612.5027465820312,618.8346594629683,605.2235238336248,605.5226583018941,5018604
2024-11-27,611.2562866210938,618.2363747228028,606.2705094055873,618.2363747228028,1855103
2024-11-28,628.9059448242188,636.7834362412585,603.4286356404833,611.1565902592439,6829753
2024-11-29,619.4329833984375,627.4102270716652,613.5497418448164,625.2164728892197,5480591
2024-12-02,630.4515380859375,642.1681147130784,620.4799835096475,623.2221610181273,8977574
2024-12-03,619.333251953125,626.9116702118995,597.0966966460586,598.2932954091851,12550494
2024-12-04,617.1395874023438,628.2079895400992,611.4059430533666,624.2193673842891,6578102
2024-12-05,631.6979370117188,638.1794470205209,613.7491400642666,617.2391839151601,7101348
2024-12-06,642.2179565429688,643.1652663944622,624.4187560734119,629.2050900696211,5645687
2024-12-09,639.77490234375,648.1510323370283,637.3817658181974,642.1680997308403,6600185
2024-12-10,643.5142211914062,651.1424844425841,639.6751971974237,643.1652411416029,6504136
2024-12-11,642.1182861328125,646.2564448747374,640.3732640357073,643.9131538318126,1943407
2024-12-12,644.4117431640625,647.1539207945478,633.6923215176197,640.1738322805851,5018381
2024-12-13,643.8134765625,647.9516353939898,634.190901588436,643.2151467421894,3853671
2024-12-16,643.5641479492188,651.8405259627156,640.6723728167922,647.1040376033696,4944360
2024-12-17,646.0072021484375,655.3306431073034,641.6695998275546,643.5642197272191,6455231
2024-12-18,631.6481323242188,645.1595765068852,621.6765778187028,645.1595765068852,8210090
2024-12-19,626.213623046875,632.1467101509166,614.048314375886,617.2392239904707,3412324
2024-12-20,610.8075561523438,631.1993971912568,607.4172641535475,626.2136199622579,4016697
2024-12-23,624.7677612304688,628.1082686450063,618.286250533608,619.532694898389,3593389
2024-12-24,625.5155639648438,627.7093179951162,618.2363417902653,624.2192741301711,2492843
2024-12-26,622.32470703125,626.4629265933149,620.1808592788934,623.2221713025417,1499003
2024-12-27,622.524169921875,627.2108129701127,618.8845888436637,619.2335689259777,1852119
2024-12-30,641.6196899414062,660.1169114665369,619.2335377956487,619.3831354585724,17624561
2024-12-31,636.6837768554688,641.4202654068603,630.1025750023621,636.085507909383,3444309
2025-01-01,648.9986572265625,651.7907414207517,635.6866551457745,636.683810683258,2625048
2025-01-02,646.854736328125,661.7123156427454,642.5170737127322,652.1396479079771,5382698
2025-01-03,650.3447875976562,652.1396552103312,638.9771912814848,652.1396552103312,3615541
2025-01-06,628.9059448242188,644.1125652030703,623.5711267317646,643.1652553678178,4395831
2025-01-07,616.4415283203125,635.0883479205852,613.3004642217879,628.8561261866398,3524547
2025-01-08,605.2235107421875,624.5682898974873,601.7334666776112,619.732110324047,5003681
2025-01-09,603.727783203125,607.0183840366834,598.1436761307922,606.7690951726026,3645958
2025-01-10,594.8530883789062,601.0354645163766,588.7206187045808,598.2932869511836,3654621
2025-01-13,573.1150512695312,589.6678061351381,569.6250074601475,583.3358938541553,3860607
2025-01-14,564.6891479492188,578.2005928131928,555.266016294042,573.3644129787712,7824105
2025-01-15,558.9056396484375,573.7632804618522,557.3600608458033,573.2647027279999,4952149
2025-01-16,573.0652465820312,578.9484271923352,563.4925177902982,567.3316027715981,5203997
2025-01-17,554.7673950195312,576.3558342634608,543.9981286277464,576.3558342634608,9710175
2025-01-20,551.3272705078125,555.4155834923147,542.8015427542024,555.4155834923147,5206204
2025-01-21,539.959716796875,561.3985605847472,537.7161168655861,560.4512506636721,7011598
2025-01-22,533.079345703125,545.2446558825096,523.2573876403917,541.9042090530542,4481872
2025-01-23,538.8628540039062,544.4469004329611,518.520857555201,528.4924125081857,8855673
2025-01-24,540.1590576171875,547.1391449683305,535.3727241772815,537.4667260380118,3064139
2025-01-27,523.7060546875,537.3670965293777,520.864125137126,537.3670965293777,3331754
2025-01-28,537.8157348632812,540.4582209894859,515.4794906603416,523.7060226218974,6377272
2025-01-29,540.009521484375,543.9482976820616,535.5223219617916,538.4639427100151,2099560
2025-01-30,539.062255859375,546.2417878568202,536.7189647055104,543.3500733330665,2914821
2025-01-31,535.22314453125,542.4525209594783,534.4752780041919,542.4525209594783,3544551
2025-02-01,559.8031005859375,581.2419430141321,537.5166394983092,537.5166394983092,6432166
2025-02-03,580.8430786132812,583.9841427821586,547.1392348935228,558.4070798685623,6595246
2025-02-04,584.8815307617188,587.6237083136216,575.8572858995831,581.9898164057272,4407907
2025-02-05,581.9898071289062,591.2633407115782,579.9954962138569,587.4741621452921,2146717
2025-02-06,566.9826049804688,584.1835377202818,563.8914472095254,583.3359798719227,3085740
2025-02-07,552.125,568.3786221090562,546.9896249468546,566.982580096102,6361141
2025-02-10,546.8899536132812,559.5039343435584,531.1847542738788,556.8116631460377,14670575
2025-02-11,518.8698120117188,554.4184280083056,509.69600016644574,553.4212725622474,12273792
2025-02-12,532.9795532226562,535.2729984355918,515.6290251809905,523.5065770662198,8581416
2025-02-13,511.9396057128906,536.6192018150816,509.7458516648332,533.6775812184729,9467636
2025-02-14,487.1602783203125,515.5293627769616,483.62038867858104,512.2886075950948,14027216
2025-02-17,473.2001037597656,488.00786818875224,468.7129042619375,487.35972323633086,12706214
2025-02-18,467.7656555175781,481.62611101125077,464.3254568380464,474.6460224458703,8968551
2025-02-19,474.5462646484375,479.03346409854396,452.8082883735627,459.73850037693245,10307513
2025-02-20,467.067626953125,473.3995704214299,462.43085999565693,471.0562489261334,11542401
2025-02-21,476.2912902832031,479.4323238360391,459.7883799078025,469.2114805663104,12871051
2025-02-24,498.5278625488281,500.3227301258512,467.41660138812705,470.6573564910847,15905230
2025-02-25,475.1445617675781,496.48368185524635,473.7485502535753,496.48368185524635,10593112
2025-02-27,447.0247802734375,475.14457640061937,438.6486805006928,474.1474209412267,19975636
2025-02-28,434.80963134765625,455.30119455356754,428.42784241368,446.7256514091136,48247867
2025-03-03,455.65020751953125,459.7385206318001,418.3565683243053,434.75978809801796,27472740
2025-03-04,475.9422607421875,478.9337269452956,446.7256196641391,455.6501726757187,16010754
2025-03-05,474.64599609375,484.81699389663817,470.05907491929514,478.83406117276735,14097135
2025-03-06,489.9523620605469,493.5421279543897,476.49076278171447,481.12752978049144,12690927
2025-03-07,486.3625793457031,489.2543241157307,477.6374690037761,488.60617914791294,10433984
2025-03-10,480.5292053222656,490.94949194823175,478.6346160532089,486.41241639176576,11965662
2025-03-11,483.8198547363281,486.2130218203176,469.1616568968907,476.4408797837691,5774624
2025-03-12,476.98931884765625,488.9551843292869,474.54627580618217,486.1132851912457,9109922
2025-03-13,486.7614440917969,496.08485396605676,479.482221220985,482.6232549137115,7798554
2025-03-17,505.8070983886719,508.39970862625114,490.1517457635261,491.1987772369863,10136334
2025-03-18,505.8070983886719,505.8070983886719,505.8070983886719,505.8070983886719,0
2025-03-19,539.3613891601562,546.491013871615,528.5422163735936,532.3313947842018,9383855
2025-03-20,547.1890258789062,557.0109822266058,538.5137617245554,544.6462917806143,12121424
2025-03-21,536.4197387695312,550.429759423121,531.4838075589195,545.4439826167522,10054240
2025-03-24,529.5891723632812,546.1918329820163,528.1433458214267,543.4496558196237,5386711
2025-03-25,515.678955078125,533.4781551627726,510.1945697811969,532.9795774476672,6675687
2025-03-26,526.3983764648438,533.9767333972011,515.0806258040216,519.5179796450827,6576567
2025-03-27,534.7744140625,538.4639011128019,513.5350168020241,525.5008812711974,7748386
2025-03-28,538.114990234375,543.2004589427329,535.2232149380668,536.2702160413709,5075723
2025-04-01,537.2174682617188,548.4354664388776,527.6448008284906,548.4354664388776,5144301
2025-04-02,545.3443603515625,546.4412070429813,533.9269178496154,538.4639631445436,3535699
2025-04-03,542.951171875,550.9284159062213,536.5693523054061,543.3999040240645,4789352
2025-04-04,534.4176635742188,543.9492389727217,529.6269301667623,542.9511669746066,3148688
2025-04-07,518.59814453125,522.9896853400267,481.4199960225908,484.06488051510104,6892589
2025-04-08,539.3580932617188,540.8552011509528,528.0798317621746,528.9781208627054,3768369
2025-04-09,539.158447265625,548.5902388114414,536.1143401840319,544.8973606342335,4722939
2025-04-11,544.69775390625,545.9453438144183,534.3177815032999,539.1584668974782,5318824
2025-04-15,549.5383911132812,554.9280040084114,543.0010320265337,554.9280040084114,5151065
2025-04-16,548.14111328125,552.7322197683195,542.5019825391644,549.5383774254783,3702521
2025-04-17,555.6765747070312,567.4039204686974,548.1910348591592,548.9395888439465,8481820
2025-04-21,545.7457275390625,560.9164332920219,542.2524757303044,560.9164332920219,5680586
2025-04-22,548.390625,556.3253088950088,546.9434085420779,548.4405164121748,4384225
2025-04-23,548.0912475585938,556.724533562249,544.0490073397233,550.9357283105973,5172584
2025-04-24,531.3235473632812,552.1333828629083,529.9761746760097,549.7878773661178,8356371
2025-04-25,520.9436645507812,536.5634539597701,515.1049071144847,533.0702021477468,8422092
2025-04-28,532.1719970703125,539.4080189953489,518.997434623302,518.997434623302,5207203
2025-04-29,528.1297607421875,537.9607444131756,522.4407388311324,533.9684568850629,5188740
2025-04-30,521.3428955078125,535.9646749741943,506.12232765490256,527.9800988107054,22672997
2025-05-02,520.8438720703125,526.2833768964906,513.0090308877554,525.834232292956,8743052
2025-05-05,537.7112426757812,540.2563138682923,528.9781134443881,532.0721120050916,8452993
2025-05-06,513.3084106445312,542.6517514244027,509.51574927806314,538.958872889626,7404521
2025-05-07,511.6100158691406,516.7551129162363,503.2680292538502,505.51587653091457,7509344
2025-05-08,488.2823791503906,517.2546328493396,484.5359670341472,514.5072639640945,13165058
2025-05-09,495.77520751953125,498.1229652296423,471.8980801971231,472.54745220501417,12371720
2025-05-12,513.3583374023438,515.456364763461,505.11626127441,511.36028143828383,4982466
2025-05-13,508.26324462890625,517.50439453125,507.1143510089936,514.5072648331926,5612532
2025-05-14,509.6119689941406,515.0067964578072,505.9654672216499,511.51014507545545,8226540
2025-05-15,506.11529541015625,516.7051595155548,503.8174777380946,513.4083291235966,9548436
2025-05-16,501.1700134277344,506.81460139029696,497.5235118581765,506.1652294102462,9603273
2025-05-19,494.3265686035156,506.16523675144725,493.2775854273257,501.5196919180101,6822744
2025-05-20,479.8404541015625,501.17003328988835,478.5417100899897,499.5216180480059,10517145
2025-05-21,478.6915588378906,486.3342334701679,475.644489173588,483.48698464775197,6741531
2025-05-22,469.1007385253906,479.49081255403667,466.95280166906895,478.5417092859881,11871047
2025-05-23,488.2823791503906,490.43031599936086,474.04601310866565,474.5455347241648,12851371
2025-05-26,482.2381896972656,492.9279341953508,478.5417174713415,492.52832299242453,5213331
2025-05-27,485.0854187011719,491.129648418201,478.5416978672326,490.53021639417784,12868629
2025-05-28,483.43701171875,487.383244662965,481.88850691138344,485.53500859430255,4402044
2025-05-29,482.58782958984375,485.28525855948436,478.7914774361974,484.53597612218203,3848181
2025-05-30,475.49462890625,484.4860178134841,474.54552565957914,482.53787135489836,8745176
2025-06-02,481.1891784667969,484.3361586275617,474.74536775444614,475.5445901644122,4888453
2025-06-03,473.94610595703125,484.33614953340447,469.25062103197934,484.0364487573897,6727880
2025-06-04,467.3524169921875,476.54362702534496,465.10456969489815,475.44467336010524,6368562
2025-06-05,467.6521301269531,472.24773496535676,466.15356532019405,469.3005453167123,14463672
2025-06-06,476.5436096191406,478.1920248126002,467.8019815600893,469.5503071718996,4357360
2025-06-09,476.1440124511719,480.04027497451693,474.0959555240174,478.84141089577383,5449423
2025-06-10,475.7943420410156,483.53692713459645,475.1949100006108,478.74153178811775,9766215
2025-06-11,474.64544677734375,478.89138052368895,469.5503201840536,477.59260602589654,10243554
2025-06-12,476.1440124511719,483.98650795269793,473.6464043607738,478.0421885021984,10054611
2025-06-13,469.4504089355469,472.147837859117,464.5551031931233,469.5003793902085,5251917
2025-06-16,472.6972961425781,474.9951138547174,458.11125894967296,468.55127285359646,7686376
2025-06-17,469.8999938964844,478.5417118223221,468.8509802017581,473.54649562375926,7390960
2025-06-18,468.9508972167969,470.74919336659144,464.75493384403745,466.5531995054514,4768336
2025-06-19,448.2207336425781,462.7068603030789,445.7231255976642,459.55988026416327,14815320
2025-06-20,459.1602783203125,461.5579759940341,447.2216994298767,447.57137066088154,22583949
2025-06-23,461.358154296875,467.95184575368637,454.314911676787,457.0123406099671,8576051
2025-06-24,462.3072509765625,465.30438064253696,459.1103004708379,463.6059949697996,6439004
2025-06-25,459.8595886230469,465.4042968672852,458.3110838049978,463.55606078587243,6769539
2025-06-26,457.9613952636719,461.85765763307563,454.0651328942681,461.3581360347321,8390695
2025-06-27,461.1583557128906,465.35431893715906,459.4599700462523,461.55796690257625,7460924
2025-06-30,457.1122131347656,464.35527648006854,454.31490431400044,464.35527648006854,7221867
2025-07-01,451.1679382324219,459.41004505286395,450.1189245258828,458.5608521918696,6674529
2025-07-02,452.61651611328125,459.0603570418648,449.81920730816023,452.56657614791027,6457381
2025-07-03,450.268798828125,457.16219106141443,449.6693667886259,454.46476212785853,3844728
2025-07-04,455.71356201171875,456.26305407973325,448.8701098073907,451.41768832990215,4123037
2025-07-07,463.6059875488281,464.4551803716038,451.5675291118829,456.1631339571575,5985198
2025-07-08,457.7116394042969,466.1035962493616,456.612685778405,464.5550914731361,5134262
2025-07-09,465.30438232421875,469.0507944202269,462.65692387404886,463.5061167134867,12242332
2025-07-10,459.31011962890625,467.3024653755756,458.56083721515597,466.7530038008439,5463510
2025-07-11,451.8172912597656,460.9085905591305,450.5684872485446,459.45996571076245,7924312
2025-07-14,460.7587585449219,461.55798094861495,449.5694619629366,452.61653167644437,9306246
2025-07-15,469.3504943847656,470.2496576769638,461.8077302398027,463.5560558815975,5262734
2025-07-16,479.6406555175781,481.48889157031925,464.5051568480982,469.45040248889364,15026248
2025-07-17,489.6810302734375,492.4283991401529,480.8394916410592,481.13922290136503,16465830
2025-07-18,484.3861083984375,491.27950047726006,482.1382611669706,491.27950047726006,9200236
2025-07-21,488.83184814453125,491.1296659036983,483.187259901475,485.9346288283801,4835434
2025-07-22,484.7857360839844,490.33041391494055,483.1373208224877,489.9807731688506,4432584
2025-07-23,487.2833251953125,488.7319500437307,484.3361355333772,487.33326516041143,5120218
2025-07-24,485.5350036621094,489.1815053079864,482.93748519916295,487.28332929257994,6791051
2025-07-25,476.6934814453125,487.1834355880378,474.89521578762606,486.4841236048844,6477551
2025-07-28,486.2843017578125,487.6330162424902,472.697307465157,473.5465003250193,8143141
2025-07-29,511.6600036621094,514.3074315787767,477.5925936636655,485.63490978571735,24363407
2025-07-30,521.6004638671875,533.6889239505066,514.5072810818128,514.5072810818128,25521111
2025-07-31,522.0999755859375,524.4977037652831,511.51014157680936,511.5600815437206,6593398
2025-08-01,511.8999938964844,524.2000122070312,510.1000061035156,522.5999755859375,4418258
2025-08-04,508.6000061035156,511.54998779296875,503.04998779296875,510.0,3691631
2025-08-05,508.1000061035156,512.9000244140625,504.6499938964844,511.0,2223010
2025-08-06,499.20001220703125,507.95001220703125,497.25,506.0,3191536
2025-08-07,502.70001220703125,504.25,491.3999938964844,495.0,4385680
2025-08-08,495.95001220703125,507.1499938964844,494.6499938964844,504.20001220703125,2571658
2025-08-11,510.75,512.0,492.5,495.95001220703125,6605020
2025-08-12,514.25,517.4000244140625,508.1499938964844,512.75,3513096
2025-08-13,511.1000061035156,520.0,510.04998779296875,514.0,6969613
2025-08-14,501.8500061035156,510.8500061035156,499.45001220703125,510.8500061035156,5002148
2025-08-18,499.79998779296875,508.79998779296875,493.25,505.0,8750521
2025-08-19,505.3999938964844,510.79998779296875,498.6000061035156,500.3999938964844,6495179
2025-08-20,517.6500244140625,524.5499877929688,504.79998779296875,504.8999938964844,6226154
2025-08-21,517.25,522.5,515.0999755859375,520.25,3262937
2025-08-22,516.5999755859375,523.2000122070312,506.1000061035156,515.0,5460288
2025-08-25,516.0,518.8499755859375,512.8499755859375,516.5999755859375,2932412
2025-08-26,508.54998779296875,516.2000122070312,507.3500061035156,512.0,4566054
2025-08-28,497.70001220703125,517.0,495.25,516.9000244140625,5319711
2025-08-29,487.1499938964844,499.3999938964844,483.8999938964844,495.1000061035156,5493941
2025-09-01,495.3500061035156,496.8999938964844,480.8500061035156,485.0,5901966
2025-09-02,499.20001220703125,500.29998779296875,493.3500061035156,495.3500061035156,3742278
2025-09-03,505.25,509.5,498.0,499.20001220703125,3994499
2025-09-04,489.5,513.6500244140625,488.1000061035156,496.0,15790199
2025-09-05,469.6499938964844,492.95001220703125,468.5,490.75,13613187
2025-09-08,474.04998779296875,477.8999938964844,469.25,469.70001220703125,6635305
2025-09-09,474.5,478.6499938964844,471.45001220703125,476.0,3649613
2025-09-10,475.79998779296875,479.70001220703125,474.6499938964844,475.95001220703125,5895498
2025-09-11,474.6499938964844,477.45001220703125,471.70001220703125,476.70001220703125,2921431
2025-09-12,469.79998779296875,476.3500061035156,468.6499938964844,474.6499938964844,4967395
2025-09-15,471.6499938964844,474.0,470.25,471.0,3410341
2025-09-16,462.8999938964844,472.70001220703125,461.8500061035156,470.0,4794399
2025-09-17,471.04998779296875,476.8500061035156,463.1499938964844,464.3999938964844,9799159
2025-09-18,473.54998779296875,475.5,464.6000061035156,472.0,7730017
2025-09-19,474.45001220703125,476.45001220703125,470.1000061035156,472.0,4399593
2025-09-22,463.95001220703125,476.0,463.1000061035156,475.0,3377847
2025-09-23,458.5,466.3999938964844,458.0,464.0,2589988
2025-09-24,452.6000061035156,460.95001220703125,451.54998779296875,459.0,5413431
2025-09-25,451.8500061035156,456.5,450.1000061035156,452.6000061035156,8207075
2025-09-26,444.75,453.1499938964844,443.54998779296875,450.1000061035156,5431906
2025-09-29,451.70001220703125,453.1499938964844,445.3999938964844,450.0,5440921
2025-09-30,443.70001220703125,454.0,441.04998779296875,453.79998779296875,6732218
2025-10-01,442.95001220703125,448.20001220703125,442.0,444.8999938964844,3840726
2025-10-03,443.45001220703125,445.20001220703125,437.54998779296875,442.95001220703125,4069784
2025-10-06,438.95001220703125,443.20001220703125,437.3500061035156,440.20001220703125,2872225
2025-10-07,440.0,441.6499938964844,436.29998779296875,438.5,3204014
2025-10-08,434.8500061035156,440.8500061035156,431.6499938964844,439.95001220703125,3378068
2025-10-09,445.8999938964844,447.3500061035156,431.8500061035156,434.0,3947619
2025-10-10,443.6499938964844,450.8999938964844,443.0,445.8999938964844,2528589
2025-10-13,442.45001220703125,446.75,439.20001220703125,441.75,1899577
2025-10-14,441.6000061035156,444.8999938964844,438.6000061035156,443.75,1462957
2025-10-15,445.3500061035156,446.5,440.20001220703125,441.6000061035156,2061374
2025-10-16,461.29998779296875,463.45001220703125,445.3500061035156,445.3500061035156,8353480
2025-10-17,461.54998779296875,468.20001220703125,458.1499938964844,460.79998779296875,5494264
2025-10-20,456.3500061035156,464.1000061035156,455.1499938964844,463.79998779296875,2631308
2025-10-21,459.45001220703125,461.0,456.3500061035156,456.3999938964844,507808
2025-10-23,465.54998779296875,471.5,462.95001220703125,464.1000061035156,9412633
2025-10-24,461.3999938964844,465.54998779296875,459.25,465.3500061035156,3719605
2025-10-27,459.3500061035156,468.0,457.0,462.0,7398287
2025-10-28,454.1499938964844,461.29998779296875,451.79998779296875,459.3500061035156,7189256
2025-10-29,495.45001220703125,501.70001220703125,455.0,455.0,44567490
2025-10-30,485.25,498.8999938964844,477.0,495.0,16027919
2025-10-31,469.6499938964844,486.95001220703125,468.5,486.8999938964844,9048607
2025-11-03,474.75,479.3500061035156,469.04998779296875,470.0,4702192
2025-11-04,471.0,475.0,469.0,474.8999938964844,3554888
2025-11-06,471.8500061035156,478.79998779296875,470.20001220703125,473.75,4827230
2025-11-07,470.20001220703125,472.8999938964844,466.3999938964844,472.0,4991085
2025-11-10,463.25,471.5,461.8999938964844,470.20001220703125,4863609
2025-11-11,470.6000061035156,472.70001220703125,460.20001220703125,463.25,4669423
2025-11-12,459.29998779296875,470.6000061035156,458.6000061035156,470.6000061035156,6996274
2025-11-13,453.0,460.3999938964844,451.6000061035156,459.3500061035156,10531716
2025-11-14,459.3999938964844,460.5,448.6000061035156,453.0,4449524
2025-11-17,461.70001220703125,464.04998779296875,458.6499938964844,463.0,4330719
2025-11-18,457.8999938964844,460.5,454.0,459.70001220703125,3423663
2025-11-19,454.54998779296875,457.8999938964844,451.79998779296875,457.8999938964844,4612838
2025-11-20,451.5,457.20001220703125,450.1499938964844,455.0,5119680
2025-11-21,447.6499938964844,450.8999938964844,444.79998779296875,450.8999938964844,3406202
2025-11-24,446.1000061035156,448.8999938964844,442.1499938964844,447.6000061035156,8615148
2025-11-25,449.04998779296875,449.95001220703125,445.6499938964844,447.0,3455709
2025-11-26,465.5,467.6000061035156,446.75,449.04998779296875,8934221
2025-11-27,467.29998779296875,468.8999938964844,462.75,465.1000061035156,2393262
2025-11-28,481.54998779296875,487.0,468.0,468.0,13013412
2025-12-01,484.1499938964844,486.3999938964844,480.45001220703125,482.0,3211925
2025-12-02,481.3999938964844,486.0,479.6499938964844,482.0,3473726
2025-12-03,477.5,482.75,472.29998779296875,481.3500061035156,2668903
2025-12-04,479.8999938964844,489.8999938964844,475.1000061035156,475.1000061035156,3925680
2025-12-05,479.95001220703125,480.6000061035156,472.5,479.3999938964844,2387160
2025-12-08,469.79998779296875,479.1000061035156,465.95001220703125,478.04998779296875,2182021
2025-12-09,471.54998779296875,473.0,457.3999938964844,464.5,5508110
2025-12-10,472.95001220703125,480.3999938964844,470.95001220703125,474.0,2704952
2025-12-11,478.5,480.0,466.6499938964844,473.45001220703125,2652292
2025-12-12,479.95001220703125,481.54998779296875,473.45001220703125,478.5,2810867
2025-12-15,477.6000061035156,481.29998779296875,474.0,481.0,3177203
2025-12-16,477.1499938964844,484.95001220703125,473.5,475.1000061035156,4157266
2025-12-17,470.8500061035156,478.70001220703125,466.79998779296875,475.0,3498290
2025-12-18,473.6000061035156,474.6000061035156,461.04998779296875,470.79998779296875,2829460
2025-12-19,469.3999938964844,476.8500061035156,466.95001220703125,471.25,6531025
2025-12-22,485.6499938964844,487.0,473.0,479.0,10893397
2025-12-23,481.75,488.6499938964844,478.75,488.6000061035156,3918797
2025-12-24,477.6499938964844,482.0,472.5,481.5,3268207
2025-12-26,482.8500061035156,483.5,475.1000061035156,476.0,5793445
2025-12-29,482.70001220703125,494.3500061035156,481.45001220703125,483.8999938964844,5900713
2025-12-30,484.45001220703125,487.0,480.20001220703125,483.0,5238532
2025-12-31,489.8500061035156,491.45001220703125,483.54998779296875,485.8500061035156,5050001
2026-01-01,491.75,493.3999938964844,487.04998779296875,490.04998779296875,1882033
2026-01-02,493.79998779296875,496.95001220703125,487.0,492.45001220703125,4268299
2026-01-05,488.70001220703125,493.79998779296875,485.6499938964844,492.0,4736202
2026-01-06,498.8500061035156,502.0,483.70001220703125,486.54998779296875,8149788
2026-01-07,509.70001220703125,511.5,497.8500061035156,500.0,5740556
2026-01-08,500.8999938964844,511.6499938964844,497.79998779296875,510.25,3510812
2026-01-09,489.0,504.3999938964844,488.0,496.0,3997698
2026-01-12,493.79998779296875,498.79998779296875,485.3999938964844,486.6000061035156,4793134
2026-01-13,501.20001220703125,502.1000061035156,489.29998779296875,493.79998779296875,4787423
2026-01-14,502.3999938964844,508.8500061035156,497.8500061035156,500.3999938964844,3400938
2026-01-15,502.3999938964844,502.3999938964844,502.3999938964844,502.3999938964844,0
2026-01-16,500.3999938964844,505.79998779296875,496.6000061035156,498.5,4442688
2026-01-19,496.0,500.3500061035156,489.3999938964844,494.70001220703125,4726501
2026-01-20,489.1000061035156,499.75,486.54998779296875,493.70001220703125,3568142
2026-01-21,478.0,488.1499938964844,472.6499938964844,481.3500061035156,5819986
2026-01-22,487.1000061035156,489.5,480.0,482.0,4471094
2026-01-23,474.1000061035156,489.8500061035156,471.1499938964844,488.0,3352354
2026-01-27,471.6499938964844,478.5,465.1000061035156,472.8999938964844,3880383
2026-01-28,468.3999938964844,473.45001220703125,461.0,472.1499938964844,7554323
2026-01-29,467.04998779296875,470.54998779296875,451.45001220703125,469.0,7732682
2026-01-30,471.25,475.0,462.79998779296875,463.1000061035156,6589147
2026-02-02,466.29998779296875,480.95001220703125,457.25,468.0,5718949
2026-02-03,451.1000061035156,492.1499938964844,440.6000061035156,479.0,28666048
2026-02-04,444.8999938964844,454.0,438.04998779296875,454.0,13262771
2026-02-05,437.1000061035156,448.8999938964844,436.6000061035156,447.45001220703125,9354103
2026-02-06,439.04998779296875,444.79998779296875,432.20001220703125,437.1000061035156,6623250
2026-02-09,457.3500061035156,459.0,439.1000061035156,443.45001220703125,7503533
2026-02-10,456.5,462.70001220703125,454.70001220703125,460.0,5289731
2026-02-11,456.8999938964844,458.95001220703125,453.1499938964844,456.5,2466686
2026-02-12,455.70001220703125,458.20001220703125,451.0,457.0,3401594
2026-02-13,449.29998779296875,453.75,445.6000061035156,452.5,3080721
2026-02-16,455.8500061035156,458.8500061035156,444.29998779296875,447.0,2459060
2026-02-17,458.04998779296875,459.3999938964844,454.3500061035156,455.0,2033633
2026-02-18,463.6499938964844,464.3999938964844,455.20001220703125,458.04998779296875,2991343
2026-02-19,453.5,464.0,451.04998779296875,463.6499938964844,1889084
2026-02-20,453.8500061035156,456.6000061035156,449.29998779296875,450.8500061035156,2521212
