Price,Close,High,Low,Open,Volume
Ticker,GPIL.NS,GPIL.NS,GPIL.NS,GPIL.NS,GPIL.NS
Date,,,,,
2021-02-22,126.4554672241211,130.39840854204323,124.96156715779472,126.1615960257863,630756
2021-02-23,137.97811889648438,140.50061246898395,126.22279511225285,126.8595358381652,1626432
2021-02-24,142.65576171875,145.03131988196927,137.6352585166309,141.50471653165735,1096336
2021-02-25,143.07211303710938,151.34981857138246,141.0883928542225,145.96196095233648,1688208
2021-02-26,141.74961853027344,147.43136170512068,138.4679327366673,139.594478690895,812876
2021-03-01,143.0598602294922,147.67626827528227,140.31694811113067,142.77821625951836,616944
2021-03-02,142.80270385742188,146.20685606651378,142.04351175641204,144.2476352147012,292004
2021-03-03,145.00682067871094,149.65996998878995,143.75782342191488,143.75782342191488,698848
2021-03-04,143.88027954101562,147.92117249833777,142.60678301341673,143.47618426621594,418936
2021-03-05,137.6964874267578,145.6558219600964,136.65565137239815,144.97009766675788,534064
2021-03-08,138.40670776367188,141.5537001353649,137.6352586091264,139.1169163217017,278124
2021-03-09,131.04737854003906,140.36593465992334,128.59835247913256,139.59448547167028,594952
2021-03-10,135.61483764648438,136.37402985559493,132.01476582913378,132.22294204288224,345328
2021-03-12,137.56179809570312,138.3699737137007,135.9331897711557,136.86381669332468,380020
2021-03-15,154.34988403320312,157.03157084687615,135.5658491430793,139.27613000212054,3470900
2021-03-16,152.72125244140625,162.61532327003593,150.05182312138757,159.18668693602916,1434452
2021-03-17,148.26405334472656,155.02335973317133,147.0027988623003,153.0518966155141,565476
2021-03-18,152.4763641357422,165.06436469222928,149.01100105628007,149.4395806381961,3178952
2021-03-19,157.38665771484375,158.89279969648803,146.231332621154,150.52938509584158,1379700
2021-03-22,164.6847686767578,168.8358710467638,157.962188814424,158.20709143274092,1507096
2021-03-23,173.80740356445312,177.2972661235522,165.52969746644004,165.79908438667064,2115868
2021-03-24,169.876708984375,175.99927450752455,166.77868485059344,173.68494175024006,962360
2021-03-25,174.57882690429688,181.84019557536413,162.627582023019,169.50935462214974,1593748
2021-03-26,175.97476196289062,181.57079539626514,171.63998291092852,177.6768380390841,903712
2021-03-30,178.0809326171875,184.9014640882633,175.11760217114534,178.38706086898927,1091088
2021-03-31,176.04823303222656,180.71363965289927,175.5094592550555,178.72991956794337,274948
2021-04-01,185.9545440673828,189.06481012503565,176.57477733180144,177.56662988761278,1357608
2021-04-05,194.0730743408203,197.63640429110762,183.54226221626314,187.59539738164614,1897524
2021-04-06,190.44851684570312,199.35072056251707,188.84439282407365,194.94247367047123,657500
2021-04-07,194.6486053466797,197.1343729948627,190.53424419423033,193.47307572421846,429088
2021-04-08,197.63641357421875,205.70595786148564,194.69758214560582,196.41190047896336,970956
2021-04-09,198.3833770751953,201.38343436276145,195.43230330430725,198.61603756866316,311172
2021-04-12,183.9463653564453,194.9424997777511,183.4075915111761,193.4730839502806,835668
2021-04-13,187.5464324951172,190.77915022531124,180.95856066646542,190.77915022531124,268920
2021-04-15,189.0403289794922,194.4526706339385,184.2279867561464,188.57500804550713,380244
2021-04-16,188.4893035888672,191.75874751961666,185.6361821454271,190.69342712357545,215956
2021-04-19,188.01173400878906,190.87709749451312,180.49322099933718,181.47283142538515,376168
2021-04-20,187.42398071289062,192.9832734320014,186.1259997567526,190.5832306351984,242244
2021-04-22,198.97113037109375,200.35482116211537,186.94640313744873,188.70970493570584,714448
2021-04-23,196.38742065429688,204.4936915498393,194.69758656541586,195.4322944392476,360472
2021-04-26,198.88539123535156,203.26915366083932,198.3833439056024,198.6160043601695,255392
2021-04-27,212.25709533691406,214.27754187189257,199.97522345128,200.82014044635028,885444
2021-04-28,211.473388671875,217.37553517340095,210.07744090477374,214.70610588314426,462968
2021-04-29,217.06942749023438,219.9225489427803,213.530596650794,213.530596650794,355580
2021-04-30,228.80027770996094,231.43298093220562,213.79999190879948,213.79999190879948,735000
2021-05-03,241.0331573486328,264.7642118400969,232.9023875182921,233.392192749666,1619356
2021-05-04,233.89422607421875,251.75987380507567,230.3308962195269,247.35162698747706,773280
2021-05-05,242.6740264892578,251.67419830654458,236.61268628577898,237.55555544947413,565488
2021-05-06,242.50257873535156,249.7761895815314,240.11477817635162,244.9026214358893,501428
2021-05-07,246.31082153320312,249.7761997466186,241.9148163099917,245.1475340340406,491012
2021-05-10,257.6865539550781,269.1112684494969,252.24972713420613,253.47424037272168,1047472
2021-05-11,261.7274169921875,268.168367830639,248.9557543787182,254.69872378435122,576084
2021-05-12,264.2866516113281,276.7154587890488,259.8906319235821,266.94383889094576,1350992
2021-05-14,232.87789916992188,265.98872027457287,224.33079205260537,265.44994648760365,2489908
2021-05-17,240.83721923828125,243.6413420084546,226.11856422851827,232.65746654083105,681404
2021-05-18,236.257568359375,247.07001042329958,233.02485067834942,244.6209841418666,466612
2021-05-19,230.1962127685547,242.25766639014813,228.26147615779993,236.57592281135607,562376
2021-05-20,212.8938446044922,229.4492706872734,185.84434723239735,229.42477145666837,1134548
2021-05-21,215.5877685546875,224.82060011086585,212.08566415687346,217.96332690486994,865460
2021-05-24,222.91036987304688,224.82060733801893,207.06516721600764,214.28979457599846,1334392
2021-05-25,234.1024169921875,239.60046877214643,224.82060185170403,225.28592280192458,1625084
2021-05-26,243.67811584472656,256.6579551811793,240.21273766545457,251.0251947144168,3901476
2021-05-27,237.06573486328125,244.16791080443326,235.84122176997917,242.45359247381037,971248
2021-05-28,238.82904052734375,246.02916866252733,237.67799521169442,243.678109464849,684472
2021-05-31,235.87796020507812,242.20868683956212,234.261593973442,240.00456329906055,775944
2021-06-01,226.3879852294922,240.44538648262824,223.35118679834167,240.00456476137592,833728
2021-06-02,236.08612060546875,240.24946505598012,227.3553364110639,227.75943170444597,967648
2021-06-03,236.85757446289062,240.98417762299704,234.69017731139908,237.53105666661344,542680
2021-06-04,236.4044952392578,239.0249562532899,235.35141696661023,238.53515101506594,355416
2021-06-07,240.93519592285156,246.1271344856144,237.26165660217075,237.26165660217075,997016
2021-06-08,242.2086944580078,244.42506020946976,240.02905513144108,243.43320757458014,368868
2021-06-09,247.20469665527344,255.89873917459713,242.80869188484223,244.36381745500583,1405024
2021-06-10,271.3153381347656,287.89526201275976,249.31084560895607,250.0455534054461,3343192
2021-06-11,307.8180847167969,313.96513401365996,281.6379907298822,285.2870454584063,3190636
2021-06-14,368.34576416015625,369.37434311272835,308.834432897837,316.16925374343265,6535912
2021-06-15,350.6760559082031,379.611305479091,345.55758534116217,379.59904839036244,2019692
2021-06-16,352.4638366699219,365.8845121250125,345.3126921661765,353.6393811971339,1436912
2021-06-17,341.7493591308594,363.6804013523654,336.75336945279605,351.4352699936999,718756
2021-06-18,324.6673583984375,335.50429823269735,324.6673583984375,324.74084113510935,465708
2021-06-21,333.0063171386719,340.8921690612982,308.44257389978026,308.44257389978026,430220
2021-06-22,332.8103942871094,346.0473924901805,316.37743491862494,340.4146323859526,140648
2021-06-23,323.687744140625,340.3411204096086,319.3529802169798,340.3411204096086,159368
2021-06-24,328.3409118652344,339.85133434580297,325.73272302792884,337.8431449349878,174264
2021-06-25,324.3122863769531,338.21050971234456,321.3122293574193,334.7818731185916,157896
2021-06-28,315.4468078613281,330.43483511694694,308.09972981537044,323.27143402213824,219100
2021-06-29,323.6755676269531,325.58579020792945,313.7202697165972,315.92439339142106,100352
2021-06-30,320.7611999511719,328.5123736939003,315.92437330560165,325.72047790422494,114428
2021-07-01,322.7326965332031,327.1899124239562,315.6794888581433,323.2714703589986,91084
2021-07-02,319.45098876953125,326.94500308591574,315.67948238033364,322.7326899106601,161344
2021-07-05,321.5938720703125,325.4388311342481,314.6998575389328,322.0469359250557,130448
2021-07-06,337.2186279296875,337.67172166243034,321.5938597636595,322.04692360106503,467684
2021-07-07,354.06793212890625,354.06793212890625,337.9655862617262,339.1411306938147,356864
2021-07-08,362.345703125,367.3539500187864,357.802747318298,366.1294368520571,344948
2021-07-09,355.3659362792969,368.08861462713645,350.21072449554566,367.3539068135094,160484
2021-07-12,344.88409423828125,364.904882240397,342.8636477426549,364.41507702933603,125896
2021-07-13,344.9208679199219,352.65978500058895,343.1330667739355,349.7209534589174,78484
2021-07-14,343.62286376953125,348.96175290001366,341.6636427888536,345.31269784443367,76316
2021-07-15,343.3657531738281,347.7617435371649,337.9656380854138,345.55761981052086,134780
2021-07-16,345.22698974609375,348.98623904374256,344.333089189826,347.02701805261984,72352
2021-07-19,362.4803771972656,362.4803771972656,347.76173509248963,349.9658587656111,225680
2021-07-20,368.2478332519531,380.60315856373853,353.9087727872982,372.1295338284501,474656
2021-07-22,386.65228271484375,386.65228271484375,372.2519961680995,372.2519961680995,246372
2021-07-23,405.97503662109375,405.97503662109375,386.94611615803916,397.96673339038836,322316
2021-07-26,408.9139099121094,424.6611610007821,385.721642777527,424.6611610007821,265448
2021-07-27,413.8976745605469,416.08954099671433,399.1912606384016,416.08954099671433,237676
2021-07-28,434.57965087890625,434.5919079666794,420.00794660880484,434.5919079666794,560852
2021-07-29,425.9591369628906,452.5800396761842,412.9058154188563,452.5800396761842,462384
2021-07-30,413.1996765136719,432.2531117548245,410.7016818203063,423.6815203035957,210664
2021-08-02,404.34649658203125,424.85709171073796,394.53813435637625,410.2119025741342,376684
2021-08-03,387.99932861328125,414.078676179412,386.587975686173,410.6423386177571,473476
2021-08-04,368.60858154296875,396.65155170530215,368.60858154296875,393.9515720835458,515636
2021-08-05,375.567138671875,382.41527441807176,350.1873256352004,350.1873256352004,502040
2021-08-06,369.7989807128906,381.43344307724146,363.269945787849,366.95173577894207,181344
2021-08-09,351.31646728515625,373.0881101489867,351.31646728515625,373.0881101489867,348116
2021-08-10,333.7543029785156,343.87922667615396,333.7543029785156,343.87922667615396,280472
2021-08-11,346.4932861328125,349.77007346009947,317.0757880521918,317.0757880521918,794288
2021-08-12,342.6519470214844,348.5428114401918,333.81565039342314,347.3155480196278,243824
2021-08-13,325.5193176269531,343.6337365832645,325.5193176269531,343.6337365832645,353212
2021-08-16,323.7643737792969,336.2701760040897,309.761286216906,312.9521710986966,361284
2021-08-17,319.28485107421875,332.83382672585253,309.29490924146086,311.724896712266,187644
2021-08-18,317.7630310058594,329.1029627090758,313.1976171867007,327.1884198353229,225516
2021-08-20,301.8822326660156,301.8822326660156,301.8822326660156,301.8822326660156,207620
2021-08-23,286.7991638183594,286.7991638183594,286.7991638183594,286.7991638183594,133704
2021-08-24,278.0365295410156,294.00323872013325,272.4647655643406,272.4647655643406,934988
2021-08-25,279.6196594238281,285.9032715153611,266.5615898437324,279.81603353761966,531392
2021-08-26,265.64117431640625,281.7796887181653,265.64117431640625,279.6196930565854,411872
2021-08-27,278.834228515625,278.9201309562097,252.81624592525858,252.81624592525858,626368
2021-08-30,288.0387268066406,290.86143269353994,281.7796833182986,283.9887574906546,461248
2021-08-31,283.6082763671875,290.0514089728777,277.61925517226666,289.6096121431209,173572
2021-09-01,278.0610656738281,287.15509955513465,269.4333978822655,279.66879273091,453260
2021-09-02,283.0928649902344,285.35104780324195,269.5070640647155,276.8706450500903,186388
2021-09-03,282.2091979980469,285.21599310609304,270.7342860550952,272.47699396195594,281048
2021-09-06,270.07159423828125,278.09788484320126,268.1079728095561,277.36152680742936,450160
2021-09-07,256.57171630859375,263.86164942874643,256.57171630859375,263.86164942874643,448140
2021-09-08,269.3966064453125,269.3966064453125,245.40359150188456,256.46123196646903,504708
2021-09-09,282.85968017578125,282.85968017578125,282.85968017578125,282.85968017578125,60980
2021-09-13,296.9977111816406,296.9977111816406,296.9977111816406,296.9977111816406,181132
2021-09-14,311.8476257324219,311.8476257324219,304.6435956641187,311.8476257324219,1541284
2021-09-15,327.4338684082031,327.4338684082031,327.4338684082031,327.4338684082031,460336
2021-09-16,332.2325134277344,343.8055842403715,326.4520903689138,343.8055842403715,1845288
2021-09-17,317.1248779296875,326.1943429102516,315.627622501619,325.96117483794507,1061796
2021-09-20,301.2685852050781,301.2685852050781,301.2685852050781,301.2685852050781,134916
2021-09-21,286.2100830078125,286.2100830078125,286.2100830078125,286.2100830078125,113652
2021-09-22,300.3236389160156,300.51998308273164,276.8706233322645,276.8706233322645,1096604
2021-09-23,300.81451416015625,308.6321752512377,298.224976657683,305.34310367255773,319668
2021-09-24,289.7077941894531,304.1158537247526,285.9523564078586,301.90677972675195,294056
2021-09-27,283.7677917480469,294.29771602016353,282.27053663318435,287.17958944419627,314436
2021-09-28,287.3514404296875,293.07049985746124,284.23420337934687,285.9523721389802,279620
2021-09-29,301.7104187011719,301.7104187011719,282.270578660178,284.97055810823184,357864
2021-09-30,313.9217224121094,316.79353701374407,301.2686535541742,307.79768945929806,862100
2021-10-01,314.4003601074219,322.77029093693943,307.06131860236593,311.2585536555124,330360
2021-10-04,314.80535888671875,319.08849633327463,313.1976317855834,317.86123288583894,320220
2021-10-05,311.58990478515625,318.10668567814054,310.509936921053,314.80535898846614,262048
2021-10-06,310.97625732421875,317.86121690313786,309.2826578219043,312.81715240280835,331236
2021-10-07,315.2102966308594,316.9652891570761,310.4976175043245,313.4430494490296,314496
2021-10-08,320.0457458496094,325.2861544180062,316.6339477073971,316.6339477073971,443668
2021-10-11,335.0429382324219,336.0370336605243,319.5794180063101,326.206640960358,683284
2021-10-12,340.1974182128906,351.79505747014827,334.8219984694106,335.0429118763317,939536
2021-10-13,342.99554443359375,348.5427684173166,329.1520087659307,341.9155467643113,660648
2021-10-14,333.0056457519531,346.37056242759223,331.3611247474601,341.2283106993901,694692
2021-10-18,349.6473388671875,349.6473388671875,344.12465362709503,349.6473388671875,288228
2021-10-19,359.1831970214844,367.12358575171373,353.07141889310134,367.12358575171373,1437368
2021-10-20,341.9278869628906,363.9818055005709,341.2283228158169,362.04272322773505,805256
2021-10-21,351.3778076171875,355.86957383170375,338.7247095612632,346.0882902038993,611644
2021-10-22,334.2942810058594,360.6681906694392,333.81566024271194,358.6063820695604,1007320
2021-10-25,322.2793884277344,348.2973740890747,316.8794291395317,347.31556330940145,1049396
2021-10-26,354.4827575683594,354.4827575683594,332.8338426217614,332.8338426217614,451424
2021-10-27,384.3298034667969,389.92610637689427,363.2699523521962,367.197195080328,1557252
2021-10-28,354.9736633300781,367.9335771658787,347.7573783149591,365.9699556733324,461502
2021-10-29,344.1246643066406,353.45186633492335,337.25198912790603,353.45186633492335,134284
2021-11-01,340.0992431640625,355.4154970977906,333.8156602575934,353.4518755668636,132529
2021-11-02,324.6357116699219,333.91383504735484,323.11391702441034,333.91383504735484,175150
2021-11-03,324.88116455078125,339.3628728176696,312.3139991923063,312.90309162277856,122552
2021-11-04,340.88470458984375,341.08104876247,333.8156552006012,333.8156552006012,131353
2021-11-08,333.6683654785156,346.97188820305723,329.8883883692874,346.57916992368587,152653
2021-11-09,322.5248107910156,335.7792550700985,320.4139238057326,333.81563369541954,173745
2021-11-10,306.4231262207031,315.16123547982755,306.4231262207031,315.16123547982755,484228
2021-11-11,300.3359375,305.0486476277521,291.7450924344251,293.6105270847377,463149
2021-11-12,291.2050476074219,300.335874756005,285.36326219825855,298.47044049540546,540708
2021-11-15,276.67425537109375,291.9414304010594,276.67425537109375,291.2050723438661,410933
2021-11-16,279.32513427734375,288.45596147962374,266.2670644138709,267.1015795093874,548507
2021-11-17,287.5723571777344,293.2668773962205,276.7233605829026,276.87062620008635,435669
2021-11-18,284.4796447753906,289.1432455094134,273.58154022549314,289.1432455094134,323114
2021-11-22,270.29248046875,282.76148865484316,270.29248046875,282.76148865484316,179522
2021-11-23,265.4815979003906,279.71785254701365,256.7925675201274,259.44346830138863,1025527
2021-11-24,260.6707458496094,273.82700348944667,259.3944039001233,263.12527264668665,467795
2021-11-25,263.22344970703125,269.0161267354809,261.1616412833501,262.0943734157843,192703
2021-11-26,250.4108123779297,262.143446794389,250.06717265368002,262.0452597356772,470027
2021-11-29,264.401611328125,267.83794880155955,227.1419129865188,245.3544896107278,577054
2021-11-30,259.099853515625,272.94339122113684,253.06172333542452,265.0398265898359,361083
2021-12-01,259.00164794921875,265.0398076606597,256.2525900031443,259.09983501068234,124065
2021-12-02,258.3634948730469,263.2725486611059,250.4599302592665,259.1980400095142,169186
2021-12-03,257.3816833496094,262.24165857032176,256.3507940421789,258.21622848359357,144193
2021-12-06,248.69265747070312,258.5107496538685,247.90720590130198,257.23440770748954,205638
2021-12-07,255.12353515625,258.2162330962745,249.7235759089895,251.24537062094996,213035
2021-12-08,262.388916015625,264.5979901448491,256.0562248601882,259.09984409739417,217646
2021-12-09,260.3271179199219,265.0889061148527,254.63262747726415,265.0889061148527,202007
2021-12-10,259.2470703125,264.4997628806129,258.21618119386665,260.1798023436299,210121
2021-12-13,265.2852783203125,269.4088655190173,262.14347191535853,262.53619022535617,255275
2021-12-14,261.4562072753906,268.9670839578932,260.1798652046649,267.05254088931645,213346
2021-12-15,256.1544189453125,261.45619100825473,251.04900603632305,260.37622315213576,274699
2021-12-16,248.9381103515625,258.9525766711262,248.00539316643633,256.2525971987259,232379
2021-12-17,244.2254180908203,250.26354806318167,242.50724932033214,248.39811367629162,210462
2021-12-20,236.12547302246094,243.39086619988586,229.79279701249374,239.56181046769427,322030
2021-12-21,236.27273559570312,242.26178677285827,234.65275395628422,241.2308825562998,217464
2021-12-22,241.18179321289062,242.31088451014898,235.63456873312853,236.61637943618322,176050
2021-12-23,243.9308624267578,246.87629449062987,241.32907009616767,241.5254292375107,161466
2021-12-24,245.84539794921875,250.0671870355207,243.48905821703482,248.15265913046593,170314
2021-12-27,241.81997680664062,249.28172908853668,239.61090274625337,249.28172908853668,200150
2021-12-28,243.04725646972656,248.15266942202197,242.01635217617573,242.01635217617573,162199
2021-12-29,248.4962921142578,254.5344218769914,240.00362064051353,243.39086453134558,362325
2021-12-30,273.3360900878906,273.3360900878906,247.21993472412765,248.4962916173032,457294
2021-12-31,272.4034118652344,287.08146499320105,269.9979634783416,283.15422188806156,681056
2022-01-03,271.42156982421875,277.85241768312807,269.850666770616,273.925175030363,252915
2022-01-04,267.2489013671875,274.9070133248126,264.5489217720331,274.9070133248126,264280
2022-01-05,266.2179870605469,271.372493656632,265.0889106558066,269.9979645568401,199269
2022-01-06,264.0088806152344,268.91793391772103,262.73253874158127,265.28525245137104,203032
2022-01-07,273.7287902832031,279.81602814360076,265.3833999701484,265.3833999701484,405745
2022-01-10,269.9488525390625,278.83422701347746,268.37794949296875,278.6869614071994,308612
2022-01-11,262.97802734375,271.96159012244516,261.4562026345253,271.96159012244516,227611
2022-01-12,257.5780334472656,261.7998073134462,256.25258305963285,259.0507494418612,336637
2022-01-13,274.71063232421875,283.2033191722442,257.23441318446686,257.23441318446686,906738
2022-01-14,275.8887939453125,283.15418679692726,271.22519333591663,273.8269855781356,318585
2022-01-17,269.8997802734375,284.0869581789227,268.03434576427884,282.66332054792696,327114
2022-01-18,264.0579833984375,272.0106256059894,263.02706424978544,270.4888311002191,158789
2022-01-19,265.3343811035156,269.0161717756273,260.4744054313325,261.55440335431643,179499
2022-01-20,276.2815246582031,281.77967056414684,266.2670735076302,267.0525100817001,453432
2022-01-21,270.4397888183594,278.6869933010853,268.23071458392457,275.88882661163717,203744
2022-01-24,262.8798522949219,274.6125038127814,253.20900953265757,265.57983210373993,392056
2022-01-25,270.4888916015625,274.1216037641474,251.34357985480943,251.34357985480943,286034
2022-01-27,272.3052062988281,274.9069986867594,263.12527017161256,267.0525130099948,343160
2022-01-28,284.82330322265625,292.62868067081007,272.8943086589783,273.4342925839341,806383
2022-01-31,294.1995544433594,304.3613006344581,287.7687066891407,294.54319416237877,585056
2022-02-01,323.6048278808594,323.6048278808594,305.8340473853908,323.6048278808594,1772150
2022-02-02,311.77398681640625,329.8884068564654,310.25219216262815,325.470258550352,1045004
2022-02-03,315.0140075683594,322.0339489383906,307.9940661983281,316.14308401878594,482366
2022-02-04,318.0575866699219,324.88115302353236,311.38125596559826,315.1612331343167,536991
2022-02-07,317.9102783203125,324.04659491823764,315.8975784611864,321.15027146150703,373057
2022-02-08,321.8375244140625,323.99751986482147,309.3194384192853,321.10116641436974,479160
2022-02-09,327.23748779296875,333.66836572709184,324.979335213038,324.979335213038,589566
2022-02-10,336.3683776855469,338.7247175542968,325.22481939090085,328.9066097990997,568601
2022-02-11,326.3538818359375,333.81564940333266,322.03392060086213,333.27566548488045,388995
2022-02-14,299.94317626953125,318.10667466883183,298.0286333721784,318.10667466883183,529503
2022-02-15,303.87042236328125,308.28857066904783,290.8123515778987,294.15050208309185,331690
2022-02-16,302.9867858886719,312.1176133496743,300.4340720940685,303.91948806964314,195241
2022-02-17,298.12677001953125,308.681233520698,295.52497803266994,308.28851528989486,235340
2022-02-18,295.08319091796875,297.9795444386928,293.5613963333415,295.5250177134977,134380
2022-02-21,307.5031433105469,312.2158229933768,300.4831723770272,305.34314764446594,793929
2022-02-22,298.32318115234375,301.31769174177015,292.1377558899856,298.91227355292324,323476
2022-02-23,306.9140319824219,312.70670914200605,301.36680749877337,301.41588604896657,220945
2022-02-24,278.93243408203125,298.47046159527764,276.87062555877725,289.6341650348911,524014
2022-02-25,289.9287109375,298.4213981424358,280.3560558460868,284.7251257958805,314733
2022-02-28,313.59033203125,316.8303253233256,283.35057441345305,285.70691410429043,664082
2022-03-02,344.9101257324219,344.9101257324219,307.30678367649176,313.5903668709895,1714518
2022-03-03,357.4281921386719,377.01532861828844,350.80096956530355,361.79726196833144,1561691
2022-03-04,348.5428161621094,367.88449991722655,344.9101044030309,352.4700591611191,843330
2022-03-07,340.8356018066406,353.4518761563868,335.77928234856745,341.6701469511739,508797
2022-03-08,344.419189453125,352.4700493622713,328.4647652131893,345.9900926015542,628753
2022-03-09,348.78826904296875,353.1573388667844,341.6701411033163,346.5791948548008,440741
2022-03-10,350.55548095703125,360.2754303719865,348.0518757819569,353.451834362495,522388
2022-03-11,378.8316650390625,385.60615288464066,348.7391730406893,348.7391730406893,1623102
2022-03-14,373.38262939453125,381.92439520545804,369.1117764515552,381.92439520545804,390634
2022-03-15,354.924560546875,370.044439014743,350.5064124902749,367.049928428041,722804
2022-03-16,362.87725830078125,371.12446258801776,353.3536820641895,353.45186913144545,525406
2022-03-17,372.008056640625,378.6352786590298,364.9390377984835,370.1426223612745,629488
2022-03-21,371.6153564453125,378.63529708051425,369.7008135618551,375.297146634665,424529
2022-03-22,381.8752746582031,393.70608132653814,368.17900373429376,377.40801810206995,1114519
2022-03-23,388.7479553222656,392.03699716912325,379.9116590979054,385.2625093896106,580357
2022-03-24,385.7043762207031,400.5788037497973,383.88802026022245,388.7970742277445,642481
2022-03-25,382.0225524902344,392.38064347504536,380.6480234914776,388.06068235217344,347447
2022-03-28,371.5662841796875,382.66073348627737,368.22810371488595,382.022562501825,434825
2022-03-29,365.969970703125,376.0335312657193,362.38636732455234,373.87353555021633,410781
2022-03-30,375.64080810546875,380.5989405289175,363.9081573717808,373.0390155470007,372102
2022-03-31,379.4207458496094,386.83340443177286,373.4316947631181,375.64076877319803,390182
2022-04-01,383.053466796875,397.0933788173968,378.83169246123845,380.84439255933535,719535
2022-04-04,398.17333984375,400.57878817933124,385.94981391724025,386.14615809081664,800153
2022-04-05,412.1641540527344,418.4477670237757,399.9897063556943,400.136971980409,1023379
2022-04-06,405.6842041015625,422.0804252536614,400.5787763396899,411.32961577791843,763277
2022-04-07,425.3695068359375,440.8330261265688,409.3660036185644,409.3660036185644,1864350
2022-04-08,431.653076171875,436.9057695056194,425.4185721201405,431.01490519767844,502472
2022-04-11,468.4219055175781,474.2145828350747,435.4821375315634,438.8693965368082,1854387
2022-04-12,470.53277587890625,482.0690515525153,444.6129795068687,474.21456598750484,1760408
2022-04-13,470.82733154296875,484.03269806961913,462.48194019694085,474.2145906037039,984721
2022-04-18,468.372802734375,475.93275743677674,459.58561456630883,470.189158600535,497391
2022-04-19,455.8056335449219,488.74537170625416,417.26956221129086,472.25096334971977,683036
2022-04-20,446.5766296386719,473.5764255060343,441.81484146593067,462.23649326425016,683256
2022-04-21,437.2494201660156,450.79839642755667,433.9603481861348,446.57662221979,514196
2022-04-22,458.3092041015625,464.39644217853674,433.5675934471306,436.9057436986234,634984
2022-04-25,428.4621887207031,449.3747748636185,422.178606156453,446.72387395624673,765635
2022-04-26,414.8150634765625,439.5567076499822,412.4096150288039,435.92399570081363,612369
2022-04-27,419.2331848144531,424.534956803216,407.54964303343274,411.3786989162901,523522
2022-04-28,423.4058532714844,432.6348676169631,422.1785899286685,423.50404033140643,329804
2022-04-29,411.3296203613281,432.6840038967984,409.0223591362629,427.0876707094049,500652
2022-05-02,413.5877685546875,417.1713717140589,399.10606033823257,402.5423978811202,352097
2022-05-04,397.97698974609375,423.7986002422134,394.3442780204103,417.2695648088776,294190
2022-05-05,397.7315368652344,408.8259862449942,392.7242960974942,404.506024980419,275194
2022-05-06,372.2535400390625,390.7606786774648,367.34448628683305,390.7606786774648,539929
2022-05-09,360.2754821777344,369.2099364166391,353.6482593304773,369.2099364166391,408173
2022-05-10,344.419189453125,368.1790209215926,343.6337528601531,360.32453514193196,415109
2022-05-11,337.0065612792969,351.8809890912606,320.6594172490697,344.81196922108865,579693
2022-05-12,321.6412048339844,333.8156520332895,316.14305869035064,333.8156520332895,449953
2022-05-13,333.9138488769531,343.63376950767275,328.66115526483844,330.3793241123768,535874
2022-05-16,342.25921630859375,353.1573210805189,339.8537681065188,353.1573210805189,361736
2022-05-17,371.4681091308594,372.79355965682254,345.2537497062076,346.5301216788889,678109
2022-05-18,371.1244812011719,380.8935106146105,362.3863711018958,374.659006062252,526058
2022-05-19,360.4226989746094,367.44263919519386,355.26819301395534,355.7099898330927,301008
2022-05-20,380.4516296386719,386.78432036216697,363.26994313886087,369.9462436223655,531573
2022-05-23,304.361328125,317.12486769153224,304.361328125,304.361328125,1398758
2022-05-24,282.025146484375,292.08870697685484,267.1016106471173,279.8160722299282,3052184
2022-05-25,286.3450622558594,296.5068081981947,282.2705541621886,286.68870196646634,1000686
2022-05-26,280.89605712890625,293.5614096112769,266.9052541624825,287.7687322703074,972327
2022-05-27,271.32342529296875,287.67056940487794,269.3106951404587,286.93421129206683,757328
2022-05-30,285.3633117675781,286.68876238067145,268.67252765637465,278.8342757401051,804996
2022-05-31,290.1741638183594,300.23772430553373,275.54518920023264,284.3814862133613,1169744
2022-06-01,289.8796081542969,299.4522624455903,289.04506306973843,293.5123197164995,398109
2022-06-02,284.0869140625,292.08866476870924,279.07967381682556,290.12504349295324,346104
2022-06-03,279.8160400390625,288.2596177660713,278.8342293722588,286.9832459217362,271828
2022-06-06,277.9997253417969,284.2342299886218,273.532498133534,279.8160813359489,164540
2022-06-07,275.8397521972656,283.74331703629196,274.9070199659576,277.99971794807715,143198
2022-06-08,273.38519287109375,280.5523987725019,272.0106339639886,277.5578882159166,261321
2022-06-09,271.9124755859375,277.70515251543236,270.2924640191224,277.70515251543236,173674
2022-06-10,267.83795166015625,272.59973963094865,265.0888936370623,269.0161365057595,247059
2022-06-13,256.7925720214844,264.00888653031694,254.8780591681103,264.00888653031694,388565
2022-06-14,255.46717834472656,261.4562001656451,250.60720297202727,254.33807197153266,315490
2022-06-15,252.17808532714844,258.01984103874133,249.91991771159024,258.01984103874133,736415
2022-06-16,239.12001037597656,260.03258227876677,235.63457922863768,260.03258227876677,446000
2022-06-17,235.34002685546875,243.43996530468306,233.47459247784374,239.5127224202155,438719
2022-06-20,221.30014038085938,237.59820506811147,218.9438005379705,233.7200555436203,681057
2022-06-21,236.0763702392578,239.41453547254736,221.8892091961921,221.8892091961921,409125
2022-06-22,241.86907958984375,246.58175911395142,228.56554118769282,236.61638618616007,355459
2022-06-23,246.53268432617188,249.87083487025168,240.69089840216762,243.39087795381081,271154
2022-06-24,246.87631225585938,254.0435337899501,245.55087672048384,248.49630899630935,240845
2022-06-27,257.97076416015625,260.1798382585781,250.01809141334041,251.34354186489057,285459
2022-06-28,253.84713745117188,258.2162069298453,252.71806117002103,257.7253015934768,206827
2022-06-29,250.1162872314453,255.27079364151436,228.46735731290676,253.01264091352618,254459
2022-06-30,245.15814208984375,254.4853592269455,244.47087755881861,251.04900660933336,148187
2022-07-01,249.37994384765625,251.3435654527559,240.74000578896897,242.50726822980747,132062
2022-07-04,252.81625366210938,254.09259557909903,244.61812837610327,247.17084217256712,179390
2022-07-05,252.6689910888672,260.7689294103945,251.34354064375665,255.46715759243725,236030
2022-07-06,249.08538818359375,250.36174517485148,244.47088058250202,250.36174517485148,148056
2022-07-07,263.0762023925781,265.2361680646355,250.36174119773773,250.36174119773773,360673
2022-07-08,261.1616516113281,268.721606142966,257.97076677021226,268.721606142966,605093
2022-07-11,278.5397033691406,282.71239878113437,257.8234919194513,259.19802088619946,427630
2022-07-12,271.47064208984375,281.7796538147745,269.99792612913933,276.3306167451614,358929
2022-07-13,264.2543640136719,275.74156206246823,261.161666065915,274.80882984152373,306425
2022-07-14,258.8543701171875,265.97249728121255,256.301656452075,265.97249728121255,141988
2022-07-15,257.1853332519531,261.0634676661566,253.45443449257795,259.1980332677119,138796
2022-07-18,266.3161315917969,267.7397689806907,259.3943786819616,260.1307366494965,163130
2022-07-19,277.9997253417969,280.20879966813334,263.61620294281505,266.07072997207774,367667
2022-07-20,272.74700927734375,287.8178100012192,271.47066731114637,281.4360402452609,356363
2022-07-21,269.8997802734375,275.93791064156386,264.8434606956565,269.0161565546242,192512
2022-07-22,271.2252197265625,277.65606815499416,269.99795628888575,270.97976703902714,155947
2022-07-25,277.8033752441406,279.17790435877447,268.5743298405547,272.4034158946962,243598
2022-07-26,272.1088562011719,278.8342661483028,270.83251415098107,278.5397348944088,172255
2022-07-27,277.7051696777344,279.22696431714223,269.997949490685,271.470665578816,220246
2022-07-28,276.4778747558594,280.2578516103549,274.36698792931736,279.81602484928425,184454
2022-07-29,280.6015319824219,288.4560188674441,275.39794640609057,278.0488477147814,467137
2022-08-01,286.5905456542969,292.57959709059475,279.1287781252611,281.7796790771836,716950
2022-08-02,282.4669494628906,287.4250814968866,279.2760646981942,284.72510208060504,343683
2022-08-03,276.4288024902344,284.2342098759678,274.41610245365456,284.2342098759678,311824
2022-08-04,275.2015686035156,281.7797132675803,273.23794690827117,277.8524698770913,362976
2022-08-05,280.4051208496094,282.7123818137943,277.7051416274208,278.6378437448692,314858
2022-08-08,279.42333984375,284.72511179502226,277.6560625516688,280.40515057407765,327273
2022-08-10,286.5905456542969,288.40690149450404,278.63787276101516,279.42333932130003,565805
2022-08-11,283.2523498535156,289.83049266699516,282.71236602422914,288.6523079963036,214260
2022-08-12,285.90325927734375,293.36499588229606,282.76145336606146,283.25235866704423,425611
2022-08-16,292.530517578125,295.4759497539243,286.7378103290647,287.670542503062,407451
2022-08-17,298.5686340332031,301.612253136276,292.5305043385893,296.5068256109612,467831
2022-08-18,303.5267639160156,304.3613089815263,299.10861588241283,299.4522556108565,372295
2022-08-19,297.97955322265625,308.5340184521243,294.6414027704843,305.2449465509093,516897
2022-08-22,295.5250244140625,299.8449855558574,294.64140076545436,299.8449855558574,292767
2022-08-23,294.98504638671875,301.31770763003317,292.62867666015126,295.2304990696957,401271
2022-08-24,298.2249755859375,302.3976707175926,297.29224351269227,298.4704282407407,343794
2022-08-25,295.657958984375,297.18831867259905,292.39973010297894,292.8933984064218,242118
2022-08-26,296.8427429199219,299.16298995736673,293.3377100405269,296.2009801558087,305049
2022-08-29,290.671875,294.02881325193204,285.93267160093365,287.31493674806796,256041
2022-08-30,291.6592102050781,299.85412163080446,288.74658546762856,293.18959993289894,432375
2022-09-01,290.425048828125,295.2136372648323,289.78328607768657,291.26429094690815,200330
2022-09-02,285.2908935546875,292.7452720727259,284.352911827808,288.8946657512815,226397
2022-09-05,284.5504150390625,289.38835826556,283.80991260242143,285.34027225236446,284304
2022-09-06,285.2908935546875,289.5857832221917,283.661764225779,286.1794903779257,326833
2022-09-07,286.4756774902344,290.9680766131925,283.76050213379716,283.76050213379716,249994
2022-09-08,287.1174621582031,291.26428779966363,285.88329144718756,289.1908749789334,247077
2022-09-09,283.711181640625,291.659229319152,281.44028935310143,288.40103055020705,360863
2022-09-12,289.93133544921875,291.2642456504526,284.3528906689164,284.3528906689164,249831
2022-09-13,297.0895690917969,301.68067813469463,291.75795761839555,295.01615626016275,552283
2022-09-14,299.508544921875,304.8895109769802,290.3756819425285,293.33769155745165,601935
2022-09-15,290.17822265625,303.80348590613164,286.3276159166981,302.56931514787,739437
2022-09-16,284.7972717285156,297.18833476337636,282.37828485822473,296.0035187185148,681346
2022-09-19,281.3415832519531,289.83265411921064,278.97195124784884,285.0440955944628,245863
2022-09-20,280.8972473144531,286.13011895538506,279.416242495572,284.20483076951166,244160
2022-09-21,276.1086730957031,284.0073658651486,275.3188158712072,280.4035933153134,278203
2022-09-22,281.19342041015625,282.5757156015947,276.7010514313366,277.34281412386537,275078
2022-09-23,275.4668884277344,282.7731726322103,270.5795606128591,281.193428177727,202300
2022-09-26,264.8036804199219,269.49352913261947,261.69354611607827,268.6542870209652,305536
2022-09-27,272.5542297363281,275.4668844740751,266.0871876909076,267.2720035475447,298661
2022-09-28,270.5795593261719,272.80106648034774,266.580858501103,266.580858501103,179240
2022-09-29,271.2707214355469,277.39222019554893,269.6416221283091,273.1960397911774,190168
2022-09-30,275.1706848144531,279.0706457720578,269.54285491219105,273.93651423335336,170236
2022-10-03,271.12261962890625,276.2073967784063,268.2593496921012,274.4795578351991,130228
2022-10-04,271.71502685546875,278.28080879596024,269.444134743196,278.28080879596024,276678
2022-10-06,273.1466369628906,281.1934234194476,270.6289409379037,274.43019249280303,516739
2022-10-07,272.6036071777344,274.9732086950226,269.0985446076189,274.9732086950226,112568
2022-10-10,274.1833801269531,276.4542422069186,268.80238371726284,274.4795690482978,186759
2022-10-11,267.8643798828125,278.97191548646776,265.19858941660647,274.479546472548,381915
2022-10-12,267.02520751953125,270.53024055455893,262.33535845882267,268.5555672658395,174256
2022-10-13,263.5694885253906,269.39476780049813,262.08848378776406,267.51883449239483,187407
2022-10-14,259.7188720703125,269.34540360499,254.58473999715702,266.6796129509826,163897
2022-10-17,261.3973388671875,265.14920552180445,256.75684525600235,260.70619126343865,142190
2022-10-18,260.26190185546875,264.0631533253289,258.38596857184575,263.5201001832814,153269
2022-10-19,268.3580627441406,269.5428786588254,260.8543290548718,262.5821680206335,284694
2022-10-20,262.77960205078125,268.3086924475901,260.261906041623,268.3086924475901,170036
2022-10-21,261.6441955566406,265.34670775791386,260.2619303610563,264.0137973392312,94148
2022-10-24,255.4733123779297,266.58084769870925,223.63171112502832,263.6188382798347,161533
2022-10-25,261.0517578125,264.16186168072414,254.14040249150506,260.5580895752861,186365
2022-10-27,259.1264953613281,264.7542957427836,258.4353477085131,262.6315281393104,212263
2022-10-28,257.7935791015625,261.0517776624756,256.31257427730736,259.6695125193949,115180
2022-10-31,260.7062072753906,262.53278594223775,256.6581514740416,260.6074977240373,186295
2022-11-01,264.1125183105469,265.93909689331093,258.7315222401833,260.7061952742809,138065
2022-11-02,264.8036804199219,270.23403156094014,261.7922857994119,263.6188644821604,182971
2022-11-03,265.2479553222656,267.37072285606115,263.12518778847004,264.8036719581428,93988
2022-11-04,271.9124755859375,276.0593010834511,262.6808729617698,266.5808643256485,347337
2022-11-07,277.24407958984375,278.82382402998377,271.7150192460323,276.05929385807804,331027
2022-11-09,276.15802001953125,282.3288728968794,272.8010519493598,279.95924128708367,224443
2022-11-10,274.23272705078125,280.2061011321125,268.0125188316905,276.1580453777533,430774
2022-11-11,277.6390380859375,280.40356825572945,266.58085714453154,272.01120793821644,515422
2022-11-14,281.63775634765625,284.3529319127958,277.6390552950809,279.4162490670875,323579
2022-11-15,277.540283203125,284.9453066069911,276.45420707766783,283.6123963680717,132095
2022-11-16,268.9998474121094,280.3048325078482,266.5808608812943,280.3048325078482,212174
2022-11-17,264.2112731933594,269.6909791258796,263.61886522281424,267.66695120189814,116750
2022-11-18,268.9504699707031,270.43147479447475,262.77961653832136,263.6188586313493,199810
2022-11-21,308.7401428222656,320.8843700038081,297.7313164849317,313.9730143421876,3996531
2022-11-22,300.64398193359375,310.7148268783988,297.18830398033407,310.7148268783988,666804
2022-11-23,305.8274841308594,312.93631905898803,301.3844698335588,304.8895023934261,660844
2022-11-24,303.3591613769531,307.752821169442,301.1870088687544,307.752821169442,291398
2022-11-25,299.0642395019531,304.7414247505072,297.48449497178353,303.359159585779,307568
2022-11-28,297.0895690917969,302.0262519618205,295.2136356274121,298.17564534942625,216359
2022-11-29,307.8021545410156,311.01099817295886,297.87943474699256,298.42245777072003,844373
2022-11-30,312.83758544921875,317.8730077767123,308.9375941046111,308.9375941046111,791829
2022-12-01,317.97174072265625,320.8843957519302,314.4173530592247,314.71354198747,533626
2022-12-02,327.74639892578125,329.77042691879205,316.2439033430275,318.4160559320672,667535
2022-12-05,329.869140625,335.6944201244653,328.48687550953497,330.4615485690906,511588
2022-12-06,327.4007873535156,333.7197348872879,324.8830612157836,329.3754603410144,349638
2022-12-07,325.5248718261719,331.7450800241771,319.89704145188506,328.141307651329,256423
2022-12-08,337.1754150390625,338.4589404377154,325.8704000519231,328.38812620775286,607903
2022-12-09,339.1007385253906,344.58044413759524,332.33747736351484,341.61843458913455,493457
2022-12-12,350.35638427734375,355.44116153417804,333.71975721820047,339.1501082971949,537314
2022-12-13,351.146240234375,357.2677389361012,349.07282743984706,355.4411602806571,384593
2022-12-14,359.4398498535156,360.8714998671326,347.2462678753495,352.9728076675784,433818
2022-12-15,355.0955810546875,369.46134580937024,351.78799761508645,359.3411462609778,530822
2022-12-16,351.5411682128906,361.36517898360904,346.55513066460867,350.60321656469284,364797
2022-12-19,374.8917236328125,377.16258578798767,352.6272649533038,354.2563643368966,808483
2022-12-20,363.1917724609375,374.7435925426183,359.8348340644949,374.7435925426183,379157
2022-12-21,336.5830383300781,367.7335258996321,302.86549972512694,364.524681974264,731368
2022-12-22,342.4082946777344,345.46904393020844,321.1312046251204,335.69441836292367,968239
2022-12-23,312.34393310546875,340.58176531935345,308.7401606147363,336.68177377595185,637144
2022-12-26,332.6336669921875,335.8425106766928,313.03503107752357,315.9970406324515,486495
2022-12-27,358.60064697265625,363.04366144716323,335.9906158752689,337.86657942495697,916037
2022-12-28,352.4297790527344,362.6980727233952,348.6285274656446,357.2183370180209,345840
2022-12-29,365.4626159667969,370.1524645537666,347.5424637080734,355.3424163843885,538801
2022-12-30,368.3258972167969,377.16257161466746,365.41327239949237,368.07906307307,494605
2023-01-02,391.3308410644531,402.58647151971223,368.8195500228151,368.8195500228151,1908935
2023-01-03,403.82061767578125,404.8079541493162,389.9979070462924,392.4662482301297,1140254
2023-01-04,393.0586853027344,408.36240177795645,386.7397374295119,404.61050482148795,761040
2023-01-05,395.8232116699219,400.85863403500923,389.8004527678024,395.92195134984905,460632
2023-01-06,384.8144226074219,400.06878444636055,380.12457396756236,395.8232191779207,531786
2023-01-09,392.7131042480469,398.88395755175594,386.1966771331061,388.171350190293,438198
2023-01-10,396.6624450683594,397.89661571262934,388.0726053317929,393.74979029543465,339405
2023-01-11,400.3156433105469,407.770022714501,397.6991771712823,398.88399316382186,558486
2023-01-12,393.99664306640625,402.685222891842,391.0346333800096,402.685222891842,233414
2023-01-13,401.10546875,404.80798076923077,396.1194312832172,396.1194312832172,362218
2023-01-16,398.5877685546875,410.1395878579236,395.0333510263381,403.2282321593462,339191
2023-01-17,387.18402099609375,399.77256197412396,385.0612534456303,399.77256197412396,313093
2023-01-18,394.4409484863281,397.05738429612103,388.516929234969,389.0105975059156,218550
2023-01-19,402.7345886230469,404.80800148615145,391.8245313671492,393.9966537842556,471595
2023-01-20,402.1915588378906,409.74467759136263,399.97005154974465,404.70925504534097,427195
2023-01-23,404.6598815917969,409.7446586793041,398.93331165688426,402.1915402744517,377077
2023-01-24,395.42828369140625,406.19024593543526,394.09537333813256,405.7953173462371,216620
2023-01-25,384.616943359375,395.87260420331586,381.1612654131771,395.4282907006422,305793
2023-01-27,374.8423156738281,389.45491471170163,363.0436619644966,387.0359281085749,400314
2023-01-30,376.8663635253906,383.6789795195055,371.633461865879,376.9157182991772,188303
2023-01-31,394.1941223144531,398.0447288794034,374.00307757238545,379.2359794288076,362973
2023-02-01,386.2460632324219,399.42698182500214,377.1625550888294,395.08270711198304,243298
2023-02-02,387.5789489746094,396.0700492941277,383.33341388041026,386.83844656531045,226764
2023-02-03,379.1372375488281,394.5396938504733,374.49674368263123,389.0106031099955,237275
2023-02-06,372.12713623046875,383.7777254914941,369.2638662881483,380.12456823779974,291966
2023-02-07,369.7575378417969,376.7182484643412,355.44115787195426,355.44115787195426,248815
2023-02-08,381.3093566894531,383.58021851754745,369.4119341496847,372.02836976843287,199588
2023-02-09,382.2967224121094,386.64099718542695,375.4840761442957,383.0865795959416,199581
2023-02-10,374.8917236328125,382.1980085354653,372.2259027279355,381.1119322360294,205890
2023-02-13,357.2677307128906,367.83221354384244,354.45381556587904,362.3525078347566,492919
2023-02-14,347.9867858886719,364.12971469120106,346.752615177095,357.5145777558214,285201
2023-02-15,352.1335754394531,353.46648581161486,348.67789750554067,348.67789750554067,154435
2023-02-16,357.6133117675781,359.2917658300316,352.97281791319426,352.97281791319426,152632
2023-02-17,358.10699462890625,360.37785674223056,353.46650058553024,356.4778651442153,160044
2023-02-20,357.41583251953125,362.352515289138,355.63863877492093,358.4031690734526,150138
2023-02-21,370.498046875,373.2132224350433,359.6373446348268,362.303165418954,358892
2023-02-22,360.1309814453125,370.54736926743146,357.66264024280866,369.2638438945768,237777
2023-02-23,356.2804260253906,365.8575731787856,354.70068140418573,362.45127991203265,237175
2023-02-24,352.4791259765625,361.36515436252625,350.553807773823,357.90947665687366,148987
2023-02-27,337.32354736328125,352.0348568514828,333.5716802912457,352.0348568514828,512943
2023-02-28,337.6690979003906,343.24754334532804,333.8184914066979,338.65643444395903,184488
2023-03-01,359.736083984375,362.3525198590404,340.9273043162891,341.61845196519886,379579
2023-03-02,355.5399169921875,364.2284670516534,353.5158588760797,359.3905237201071,193183
2023-03-03,362.3525085449219,365.3145181515561,356.87280282509647,356.87280282509647,169045
2023-03-06,367.83221435546875,371.5841112701361,360.67402447100386,364.3271817058684,200116
2023-03-08,375.33599853515625,380.7169950012824,363.3398649969434,365.6107271007257,328169
2023-03-09,372.71954345703125,384.02455888056005,368.4740083919554,376.9650785221071,322648
2023-03-10,368.67144775390625,374.54611205593017,366.54868027818236,370.25119220018416,159872
2023-03-13,358.2057189941406,374.64489806575807,354.45385183496614,368.91832750618516,168332
2023-03-14,354.89813232421875,362.30315639443234,350.7513067924511,360.37783808372876,114749
2023-03-15,368.77020263671875,372.9170282127927,357.41583227441015,360.3778419341428,319797
2023-03-16,369.7081604003906,381.7536474888845,362.4512311791946,375.1878658625142,897433
2023-03-17,382.3954162597656,385.06123687519533,370.2511893030724,372.5220512116837,399030
2023-03-20,379.87774658203125,390.98528303179825,376.17523443210894,389.2080892522839,834007
2023-03-21,369.5107116699219,382.543566458624,367.28920438533316,380.12457980740123,484217
2023-03-22,366.5980529785156,375.08915342775697,365.0183385861066,370.8436182686966,298321
2023-03-23,358.35382080078125,369.8069009291967,355.44116586141297,367.0917253566442,306269
2023-03-24,340.8285827636719,359.78542609188156,335.69442074686026,358.74873478614063,421010
2023-03-27,350.94879150390625,353.219653534278,343.5437673207977,347.39437386979006,417364
2023-03-28,354.0588684082031,356.37911516671244,350.7512851678701,353.46646049288523,213584
2023-03-29,363.2904968261719,365.21578502636567,354.9968456738526,355.39180440005475,380495
2023-03-31,344.481689453125,352.7753098012967,343.0500696457394,345.5677655998051,453381
2023-04-03,351.4917907714844,354.4538002442778,340.2361608010931,341.618425862173,238200
2023-04-05,365.06768798828125,366.8448817191433,354.7993939331581,354.7993939331581,339710
2023-04-06,369.36260986328125,370.79422978397747,363.4385905555498,365.2157842954211,172136
2023-04-10,375.82965087890625,377.1625612446073,370.30056018522197,370.30056018522197,204161
2023-04-11,373.9043273925781,381.1612262286664,370.9916727991927,371.0410275694735,284506
2023-04-12,372.37396240234375,377.75495848749915,370.54738381455854,373.4106838267664,162105
2023-04-13,365.5613708496094,374.94106841361014,363.78417704782623,372.42337217256375,136616
2023-04-17,360.87152099609375,368.22719059004953,359.2917764374652,367.43730324517463,123283
2023-04-18,367.881591796875,369.41195134384895,362.4512409602175,365.3145108296858,114464
2023-04-19,369.60943603515625,375.0397869502067,361.56264934180547,370.2511987534383,134735
2023-04-20,365.5119934082031,372.27522449587076,363.33984100193936,371.88029591231,101906
2023-04-21,364.57403564453125,367.4866906357784,362.00695448580655,365.5120174569319,95647
2023-04-24,360.8221740722656,371.1398235079093,358.9462104193105,364.57404111593206,283602
2023-04-25,364.2284240722656,365.6600740310367,357.36645356545415,358.4031448244826,355617
2023-04-26,361.908203125,365.3145263010663,359.39050695564356,365.3145263010663,153154
2023-04-27,358.25506591796875,362.64869539756694,357.1196349347521,360.3778334311337,155970
2023-04-28,352.4791259765625,360.18033852528373,350.8500267986928,359.3411266159485,276593
2023-05-02,350.85003662109375,354.4538088745133,348.3816953336668,352.4791358445717,241780
2023-05-03,361.5626525878906,363.2411066253035,348.5297982223137,353.4664809166807,326192
2023-05-04,371.7322082519531,375.6815544219606,361.3651745556835,364.27782940851205,555398
2023-05-05,363.7347717285156,374.4473791082654,360.37783355179135,373.114468766165,327847
2023-05-08,359.6866760253906,364.96893234317747,357.4158141207176,363.88285616354824,231124
2023-05-09,366.3511962890625,372.22586051677473,355.5892344648012,361.019585215046,286829
2023-05-10,368.42462158203125,370.84360814242564,359.29175864386605,363.8335127258262,209260
2023-05-11,365.2651672363281,370.89296746972013,364.27783069035195,370.25120474105967,114182
2023-05-12,362.9449462890625,367.28922137588614,361.21710721000926,365.4626426089483,110350
2023-05-15,363.1917724609375,366.99302437753465,360.5259516022533,361.3651937341444,123905
2023-05-16,366.3511962890625,371.09042956794735,364.3271685164188,365.3145050164633,221020
2023-05-17,372.6701965332031,375.0891530259385,365.5613612504954,368.227182014291,292589
2023-05-18,382.7409973144531,386.8384378608174,373.7562289242407,375.18787893578553,744078
2023-05-19,379.4827880859375,384.4194705636234,374.2498865809193,384.4194705636234,285029
2023-05-22,363.6854248046875,378.54482785368054,361.1676985194588,373.21321650131443,449859
2023-05-23,359.09429931640625,366.99299136510484,355.4411421914356,361.3651612279595,390253
2023-05-24,353.12091064453125,360.37784030427986,351.4424565902794,359.09431484331543,417592
2023-05-25,357.16900634765625,362.99428611950026,352.7259917559093,354.89814427543405,302646
2023-05-26,354.9968566894531,362.35252629197026,353.5652367214683,362.35252629197026,190147
2023-05-29,357.3664855957031,359.19303415569095,353.56523375336747,356.03357519240086,161052
2023-05-30,355.14495849609375,358.30441728319823,353.46647435870244,358.30441728319823,143472
2023-05-31,355.0462341308594,357.51457553870586,350.60321959673576,355.44116272989066,251999
2023-06-01,356.08294677734375,358.50193355423124,352.9234876649139,355.3918292204634,130805
2023-06-02,362.5993347167969,370.251192699248,356.3297418275325,357.8601315026942,426953
2023-06-05,355.441162109375,370.25121053059894,352.97282070583765,370.25121053059894,446062
2023-06-06,354.7006530761719,360.37783819847664,353.6639617584599,356.5272317069635,175602
2023-06-07,361.908203125,363.33985318592534,353.17029869539795,356.6753314223248,385285
2023-06-08,368.42462158203125,371.238536729744,357.9588482969369,361.8588396581148,700639
2023-06-09,373.7068786621094,374.99040410572684,367.38793086155,372.47270799281574,478558
2023-06-12,401.64849853515625,404.709247881984,374.2992940394021,376.1752274677416,2801259
2023-06-13,421.83953857421875,432.45340642599837,404.41305459263714,404.8079831841537,3133839
2023-06-14,437.7356262207031,443.7583846619178,424.7027728767998,425.5420148952762,1818968
2023-06-15,433.5888366699219,445.6837093171444,429.59013572471673,438.3280701532199,870673
2023-06-16,450.9659423828125,454.12543120729055,431.86097525071597,434.8229847244947,969972
2023-06-19,481.6227722167969,490.410091893642,454.1748273141715,457.1368370575248,2970903
2023-06-20,481.72149658203125,488.1391841552095,476.43924001480667,482.807572812947,811695
2023-06-21,488.8303527832031,506.5036717558678,479.00634163919335,481.8202569529503,1652759
2023-06-22,471.7493896484375,493.6189182482575,464.04817664172504,490.1138554311213,619326
2023-06-23,466.51654052734375,472.34182040400054,455.7051927737852,472.34182040400054,405422
2023-06-26,477.9202575683594,479.94431562786593,460.54315793536506,465.13426698761776,406127
2023-06-27,486.658203125,493.1746306979845,477.7228189656034,477.96965311510183,416283
2023-06-28,495.1492919921875,502.6530559827998,487.69491290896093,487.69491290896093,722691
2023-06-30,521.856689453125,537.9996772131842,500.28341126325716,500.28341126325716,6815253
2023-07-03,514.155517578125,532.4705988546718,511.39098724129104,527.2377270988358,2290280
2023-07-04,516.6238403320312,525.8554128006748,505.0226360818614,516.3770061990489,1098169
2023-07-05,516.6238403320312,525.7073484782292,511.9833465795154,516.475715747346,617552
2023-07-06,517.3643188476562,521.7086234924931,512.0326777164689,516.6238164828934,332433
2023-07-07,506.010009765625,520.3263905297256,501.1226815212936,515.4390622853942,481076
2023-07-10,513.711181640625,518.2529658106306,506.50363706428277,508.2808307559202,444540
2023-07-11,508.379638671875,517.9567554675175,506.50367502983005,515.2909948613658,327503
2023-07-12,506.997314453125,514.5998178810142,504.8251620076938,510.1074486661561,251380
2023-07-13,518.0061645507812,531.1377291073678,508.92265589659416,508.92265589659416,1229486
2023-07-14,527.1389770507812,528.6199817884078,517.2656121332707,519.9807874855861,498015
2023-07-17,526.2503662109375,541.4553727541978,523.337711418673,531.0883392734946,640333
2023-07-18,534.6427612304688,537.8022503575942,521.3137173216759,528.2250734225314,630737
2023-07-19,538.3946533203125,546.3921161960156,529.7554577912246,535.1364544875056,587175
2023-07-20,534.5934448242188,539.1845241205388,530.7428077581786,539.1845241205388,285638
2023-07-21,541.5540771484375,546.9844279676106,528.4718683567934,532.1743802789568,645752
2023-07-24,531.384521484375,542.4920572166477,528.3237421474726,541.5540754801415,431126
2023-07-25,540.5667724609375,542.5414456023473,530.7427615299753,533.2604577328244,855525
2023-07-26,561.5476684570312,570.4336974963513,542.1958959874086,543.0351079584478,1787050
2023-07-27,539.3326416015625,569.4957640130541,523.9302140652997,565.6451872601116,1462478
2023-07-28,539.6287841796875,554.883146066161,528.6200177060042,528.6200177060042,1761132
2023-07-31,560.6590576171875,562.7818553871415,542.0477870307731,542.0477870307731,1265010
2023-08-01,573.2476196289062,577.5919248781872,554.833827753812,562.7818755223363,927529
2023-08-02,572.5564575195312,581.2450066225396,555.3767784027125,576.4070336924477,1145622
2023-08-03,581.9855346679688,589.4892682556302,565.7931913317648,569.6931827112655,1385828
2023-08-04,568.113525390625,587.4652993830506,561.7945468049677,584.4045799113314,792705
2023-08-07,554.7844848632812,567.5210914248926,551.1313272247739,566.8299437210269,889407
2023-08-08,554.7350463867188,565.5463942438897,551.921161172579,555.3768392836774,624676
2023-08-09,549.9957885742188,559.3754853805258,546.6388806114095,556.3641210898958,548188
2023-08-10,572.4577026367188,577.1969058835259,549.8477324705334,551.9211150590619,831553
2023-08-11,571.8653564453125,577.5918965293948,567.9653649205716,577.2957076092641,493445
2023-08-14,576.0615234375,579.4678465950616,554.5869534270023,571.5691541774072,585170
2023-08-16,568.2615356445312,583.9602107934409,565.6451299612064,573.6425318598644,534526
2023-08-17,585.1943359375,589.341161150597,568.7058048891353,568.7058048891353,941364
2023-08-18,586.0347290039062,592.9060044494084,577.1366900987437,586.2818967512719,822770
2023-08-21,576.840087890625,589.5939071614929,575.4559243990485,585.2437911119569,334049
2023-08-22,581.4373779296875,584.3045479028958,577.5321758421733,577.5321758421733,244527
2023-08-23,586.0841674804688,599.5301295332907,581.3385586621687,583.810236207501,769434
2023-08-24,595.2787475585938,598.0964959377559,588.4569542934498,591.4229671070825,467675
2023-08-25,584.8977661132812,595.970893886564,577.977068797941,595.2788120862917,428622
2023-08-28,576.840087890625,597.7010211613974,571.5506620098098,587.2705545260112,815875
2023-08-29,571.7484130859375,589.0501551578843,565.7669657526591,579.3611916663316,798125
2023-08-30,586.133544921875,595.525918888416,575.2087430611092,575.2087430611092,1113595
2023-08-31,612.283935546875,617.9193722909058,588.3580853830333,588.3580853830333,1602237
2023-09-01,614.5084838867188,621.8740953358259,604.8689410734845,616.5352474864038,684115
2023-09-04,625.0872192382812,632.9965869787419,615.5465202638758,617.8205117642078,876268
2023-09-05,610.4548950195312,625.5321271273937,605.3137939697524,625.3343808670778,550737
2023-09-06,615.4970703125,626.8173644361162,607.1922707753929,612.9759715305868,749455
2023-09-07,606.7473754882812,624.6422955872314,578.421928567737,618.6608483946222,534265
2023-09-08,609.0213623046875,615.8432166368108,599.4312411217358,609.4168548592451,507847
2023-09-11,612.086181640625,622.8627194963707,608.0326547464571,611.8884957189098,370902
2023-09-12,583.4147338867188,624.8400729898167,548.0203240993878,611.9873499694565,861847
2023-09-13,598.5414428710938,602.8421375500889,560.1315386143339,583.3158854523206,617437
2023-09-14,593.0542602539062,605.1160582184091,589.6433936648898,600.222124823111,315165
2023-09-15,616.7329711914062,618.9080595076151,593.202612946596,595.2293764720921,916009
2023-09-18,609.9111328125,622.8626981119568,605.3632102391218,616.7329261570385,390515
2023-09-20,609.2685546875,615.6949167247718,600.1727686583149,608.0821373195726,217780
2023-09-21,605.9564819335938,617.4250414320048,597.8493676394877,607.8349206332582,379170
2023-09-22,594.5372924804688,611.1964353384037,593.2026107437713,605.9564910122384,298330
2023-09-25,604.7206420898438,611.8885068493544,591.225258784462,592.2139297857738,445470
2023-09-26,602.8421630859375,617.2273145643913,599.4806574322787,604.7206621883394,257598
2023-09-27,606.500244140625,610.949263692868,598.936886764336,603.0893170818341,182859
2023-09-28,607.2911376953125,615.6454193831388,603.089286111747,609.6144903158093,257901
2023-09-29,626.3724975585938,632.4528483225519,607.390002363276,610.010004640618,1283796
2023-10-03,623.7525634765625,626.9657442545812,613.915274872044,624.8400774485699,346404
2023-10-04,606.104736328125,624.8400635948408,603.2870481535033,620.9842226092328,321141
2023-10-05,597.453857421875,612.9760037798771,594.6855907638646,606.2530532265126,303913
2023-10-06,596.7617797851562,602.7927089733571,586.5784807531597,598.838025050742,521301
2023-10-09,574.4178466796875,588.2592405755836,571.748422931027,578.3725306499435,401456
2023-10-10,593.5486450195312,600.1233316870225,580.0533212957173,581.3385816012674,450037
2023-10-11,606.4013061523438,616.9306759612726,595.377661209568,598.145927815016,528116
2023-10-12,612.4322509765625,615.8431779282317,606.0553110832136,610.0099950054532,387208
2023-10-13,612.679443359375,619.8473082566755,607.5877634672647,612.9760325967321,687862
2023-10-16,609.0213623046875,614.953388560902,602.001822038977,613.9647175181996,246000
2023-10-17,621.972900390625,628.3992618743838,610.9986764558355,612.0861904156116,746281
2023-10-18,638.9780883789062,667.0563703729715,621.8740912603566,621.9235127441826,2449773
2023-10-19,631.859619140625,651.2376071669777,625.8287501095882,639.6701442668303,511393
2023-10-20,616.4363403320312,636.3086023864955,607.5383017386258,632.7494110866078,423377
2023-10-23,588.3580932617188,625.0378238982972,581.3385532359711,617.8699590837381,822158
2023-10-25,591.3240966796875,616.7329532643943,574.5661716260129,616.7329532643943,1071440
2023-10-26,596.3663330078125,605.6103823132762,566.3601332729188,585.2932062266786,522158
2023-10-27,601.1119384765625,611.4929834667005,596.3663299783796,596.3663299783796,368458
2023-10-30,598.9368896484375,606.3025007891348,594.5372915568513,606.0553330350422,226180
2023-10-31,608.971923828125,612.9266078885804,599.3818029127825,599.3818029127825,345535
2023-11-01,592.708251953125,614.9533489822247,589.2479035263761,612.8771640636505,396011
2023-11-02,601.4579467773438,605.1160413518503,589.7422201868809,601.1119360831913,225341
2023-11-03,612.481689453125,619.4023865090925,603.7319751698418,603.7319751698418,383964
2023-11-06,601.359130859375,625.828737910373,598.2447930972271,619.8967119586159,697030
2023-11-07,610.6031494140625,618.9080094612402,600.1726830485886,607.0439581616637,330644
2023-11-08,617.227294921875,620.687643431353,608.0326666654282,612.9760216789683,318004
2023-11-09,611.4929809570312,622.7638538946836,608.428125157615,617.5238495985996,322507
2023-11-10,616.8812866210938,621.8740631355587,608.9719185684952,608.9719185684952,260699
2023-11-13,635.2705078125,641.6474475183611,611.2458157599796,615.942002779567,888254
2023-11-15,659.690673828125,678.2282536471994,640.2632660402613,642.6361003945766,1794349
2023-11-16,664.4857177734375,671.7524854229537,656.5269287376026,664.0408641232857,442688
2023-11-17,668.3910522460938,689.4992154002,661.5197763699623,664.8812820822789,717932
2023-11-20,669.577392578125,677.2395923455381,663.497042173607,670.1211495251399,314909
2023-11-21,672.2468872070312,685.0501892721529,670.318966606019,670.4178095727615,314295
2023-11-22,655.8843383789062,677.4373532177108,647.8760674042959,674.3724370384081,431200
2023-11-23,651.633056640625,664.881272679826,646.8380262465073,657.6145646921028,213205
2023-11-24,649.90283203125,660.9265373831178,647.8760686300765,654.8956686589064,140178
2023-11-28,652.4734497070312,657.4662262739071,636.407545681541,653.5115422060942,241104
2023-11-29,644.9100341796875,655.4888251766141,638.9780086124783,654.3024079944354,200031
2023-11-30,679.068603515625,686.8297065152796,644.9100349839185,645.2066241939119,857887
2023-12-01,672.642333984375,690.0924023944334,668.3416389951819,679.9585239925094,409697
2023-12-04,685.9893188476562,693.0583403222263,677.140762064283,692.1685123241383,411808
2023-12-05,676.44873046875,691.0810496369604,667.8967019258951,689.1037075779133,232457
2023-12-06,680.8483276367188,690.0923776119528,673.6309808566556,690.0923776119528,191682
2023-12-07,672.7906494140625,682.8751061911381,668.0450404435834,680.8483426077107,242238
2023-12-08,667.4517822265625,684.160346621115,662.4095841562818,676.2509784520847,237847
2023-12-11,682.331298828125,689.1036708822475,662.5083974668205,669.2314083845242,331227
2023-12-12,678.4755249023438,693.0090017668048,670.3189885373976,681.1943703573259,540822
2023-12-13,683.2705078125,687.1263488717018,670.368363258539,679.1675593455948,289906
2023-12-14,676.7453002929688,690.092358808608,674.5702120216823,683.270504763139,291164
2023-12-15,712.9801635742188,717.5774478261335,679.2664440083788,679.2664440083788,1327494
2023-12-18,702.005859375,716.5887572044418,694.0964910607265,714.0182366397795,436113
2023-12-19,698.1005859375,706.8997821889363,685.1490196600461,703.1428443663207,367036
2023-12-20,676.1026611328125,705.5651061629815,662.9533484752293,701.264350967331,494733
2023-12-21,678.821533203125,681.0955249413528,662.607363845132,672.2963282720792,353311
2023-12-22,701.4620971679688,710.0141257318058,683.8637648680109,687.1263672047052,570217
2023-12-26,727.464111328125,735.5712256146588,697.4085490683632,703.9337535452111,924611
2023-12-27,724.1520385742188,735.5711758073294,715.1056753794369,735.5711758073294,352670
2023-12-28,738.0429077148438,740.1190926948511,712.386882980064,730.3312859186442,499424
2023-12-29,748.2755737304688,756.3332659958727,729.6391507254301,739.0315246168822,620386
2024-01-01,153.37252807617188,154.82587556793925,148.27098239429134,149.88252085741658,3199190
2024-01-02,154.33154296875,156.59559283049435,150.93051245087523,153.243998877829,2439785
2024-01-03,153.9261932373047,156.53628412191577,153.0660542789659,155.57727202738798,1155405
2024-01-04,155.45863342285156,157.08993453797814,153.97562692331022,155.12247381765462,1252230
2024-01-05,152.78919982910156,158.18734977808404,147.32185075927023,156.7043433739145,1999530
2024-01-08,148.50828552246094,153.24401322895608,147.9150768562377,151.8499834234776,2347955
2024-01-09,150.89096069335938,152.6310312795295,149.32885872892115,149.68478088646305,965980
2024-01-10,152.75955200195312,153.24400622676333,149.69468092897128,150.59437516679495,1376320
2024-01-11,154.01516723632812,155.02361588080018,152.10703944678778,154.2227947842191,1322875
2024-01-12,151.8499755859375,154.43040750475376,150.49550114060898,154.1140406287738,1247165
2024-01-15,153.6197052001953,155.0730527807843,151.3754178004,152.84854302509777,1177145
2024-01-16,149.61558532714844,155.41907931181106,148.30065107728583,153.24400611319535,1748145
2024-01-17,146.07614135742188,152.23555751005898,144.3756260176563,148.6269143670703,1951875
2024-01-18,143.52536010742188,146.95604951333488,140.09467070150887,146.12556953534133,1999390
2024-01-19,147.4701690673828,148.07325897708495,144.57335521064235,145.15668256233087,979635
2024-01-23,141.47882080078125,147.74699108385715,140.39127670741152,146.71876483450365,1510035
2024-01-24,141.47882080078125,143.0705816542106,137.29673176657715,141.97315628214537,2528745
2024-01-25,150.2087860107422,154.5886066251602,141.77542312599863,141.80508205074827,3282320
2024-01-29,145.621337890625,148.18200712175218,144.93916760587996,147.84584753275257,2071915
2024-01-30,147.09446716308594,148.00404265416233,144.93917166843312,146.1156774621832,1168020
2024-01-31,150.59437561035156,151.2666646564709,146.71877197229955,147.09447178390883,1433935
2024-02-01,146.9461669921875,151.62257632554724,146.32329947099853,150.68334194747848,1083880
2024-02-02,148.9037322998047,151.54348192452036,147.3614080324132,147.86562478569996,1282530
2024-02-05,149.9715118408203,153.83721921158914,148.35997322490041,149.56615309550307,1553380
2024-02-06,152.37396240234375,154.23266862091114,147.8557439931924,151.44460929306004,2189730
2024-02-07,160.18447875976562,165.42443804802306,154.2326751485641,155.8145547742003,10973150
2024-02-08,155.48829650878906,166.966767725984,154.43041126955129,162.08273044298878,4660610
2024-02-09,155.01373291015625,157.88088811062988,149.36842945815948,156.21003156182212,3531750
2024-02-12,150.85142517089844,157.19869127233878,149.5068319880252,157.19869127233878,2151030
2024-02-13,145.72021484375,150.5745929663435,142.79374211106904,150.27798865575957,2581035
2024-02-14,149.24978637695312,149.8825352371692,141.57768947517013,142.88274248519735,1275215
2024-02-15,154.212890625,154.815980508203,150.27798446632144,151.6621177625637,1767450
2024-02-16,152.01805114746094,157.0701606811501,150.4757267644975,154.62814204615046,1437770
2024-02-19,157.1690216064453,162.9329750361149,154.86541649028456,158.18735147468993,4044745
2024-02-20,155.48829650878906,160.53050969066925,154.2326800815031,157.32722522089006,1154210
2024-02-21,153.1055908203125,158.00940559111388,152.05760197983113,155.68602271953944,1547125
2024-02-22,154.3414306640625,155.122474117525,152.25533424723812,154.7863295976005,801675
2024-02-23,154.19313049316406,156.11113949500492,152.5618143477322,156.11113949500492,884895
2024-02-26,152.6804656982422,155.22135758271838,152.25534438050084,155.22135758271838,975765
2024-02-27,145.47303771972656,154.2030037028897,144.56346228892446,153.45161923898905,2269270
2024-02-28,146.6990203857422,148.30066271557487,143.44628406873008,148.30066271557487,1221005
2024-02-29,146.65945434570312,148.21167507627533,143.3770744295078,146.5210410074164,1536875
2024-03-01,151.93894958496094,152.25533154109408,147.6975577012647,149.88252721378348,1589945
2024-03-04,151.1776885986328,153.76800183171176,149.3881964743502,153.2440074003778,1275140
2024-03-05,149.88253784179688,151.97851564907555,148.59726245423195,150.99972587454593,955680
2024-03-06,148.16224670410156,150.87121085861475,145.47306019498689,150.1692477632383,2072255
2024-03-07,147.28231811523438,150.06048117448472,146.0761383044256,148.1226944884104,1138745
2024-03-11,144.50416564941406,150.0802698204872,143.35730359999255,148.28088125129935,1209700
2024-03-12,139.37295532226562,146.52104259465534,138.66111097881608,144.5041603454967,1421680
2024-03-13,136.6837615966797,141.3107344948402,131.2658489053685,139.35317019838166,3803355
2024-03-14,136.88150024414062,141.15256630870542,134.2615280651293,137.4648125276303,2132215
2024-03-15,137.56369018554688,142.36863212313978,134.56801809149633,137.34618134626268,7707280
2024-03-18,133.0256805419922,139.6102327491256,131.2955063638546,138.21620307640498,2051730
2024-03-19,131.6811065673828,135.44794105449355,131.09779423747787,132.4720464666376,1950975
2024-03-20,131.5229034423828,135.1711018882717,130.10911113729438,131.493244518914,2055910
2024-03-21,133.44093322753906,135.39849768838033,132.28418990586363,132.28418990586363,1269975
2024-03-22,134.88436889648438,136.92104370194068,133.00590014772837,133.64853022337613,1239095
2024-03-26,134.62733459472656,137.33629869313185,133.5299091296491,134.8843836358903,1199405
2024-03-27,144.8798370361328,147.21310112442362,133.68808952125855,133.68808952125855,6290905
2024-03-28,149.74412536621094,153.13525986033312,144.55360230187628,147.1142567263265,4793690
2024-04-01,147.4405059814453,151.90928788573103,146.73854295780654,149.62546036810573,1280680
2024-04-02,148.093017578125,149.88252470140304,147.50970532794443,148.68622619297008,1169855
2024-04-03,148.03370666503906,150.1692396753649,147.41085418480253,148.51816089270966,1809645
2024-04-04,147.22300720214844,150.50538718831052,145.92785056216024,148.30065500791784,1199535
2024-04-05,150.1988983154297,151.85987346007803,144.3558490145613,146.79786762079382,2989720
2024-04-08,148.01394653320312,153.24400964388855,146.8374255938024,151.2666675839674,2229545
2024-04-09,149.76388549804688,151.37542412701455,148.24133872832692,149.57603558596807,1741075
2024-04-10,159.63082885742188,162.9230900646004,151.78077857780193,152.0081686873898,15310160
2024-04-12,161.805908203125,166.68994562015735,160.1647106340313,160.1647106340313,6549170
2024-04-15,162.35955810546875,165.87922456615175,154.82588966803104,160.9556470501358,3309165
2024-04-16,167.59951782226562,169.9228856994271,161.15337845981466,162.4089948964127,4630205
2024-04-18,166.71958923339844,171.4355388626465,165.53317200966447,168.47942233976974,2956525
2024-04-19,172.03863525390625,174.0060959745505,163.92165479320988,164.1193859759965,5304380
2024-04-22,174.48065185546875,178.90990874655,173.51175851063562,173.76880753675647,4248965
2024-04-23,171.14883422851562,175.35068590032304,170.0514088355008,175.1331770774969,1606185
2024-04-24,177.41700744628906,177.96077951198234,170.96098704086702,171.9892133261638,1865655
2024-04-25,179.5030975341797,180.92678613389882,171.06973543109626,176.24048034081028,2904615
2024-04-26,175.80548095703125,180.88724919230293,174.45099145560226,179.9381184134155,1662305
2024-04-29,172.63185119628906,176.87324332741568,171.55420338144748,175.8054918779818,1539750
2024-04-30,175.9735565185547,179.2163961879515,173.01742480102237,173.64029235780114,1986840
2024-05-02,178.98898315429688,182.19228248119865,175.5879677393917,176.46788428639104,2007960
2024-05-03,182.49876403808594,185.21760910586556,178.9889792061316,180.5115408922041,3949945
2024-05-06,178.2672576904297,182.88434924535954,177.0116413520557,182.5086645404476,1444385
2024-05-07,175.7263946533203,180.8279257129854,174.00610162675994,178.1684133091606,2331835
2024-05-08,179.62173461914062,181.91545851117618,174.46088603390422,174.46088603390422,1515930
2024-05-09,172.6614990234375,181.21349695020285,172.05840912331948,179.39434597099904,2189675
2024-05-10,179.69094848632812,180.46211063471895,170.051406545521,173.21515062685796,1659790
2024-05-13,176.8534698486328,179.54265612291206,174.00609259682608,179.54265612291206,1428545
2024-05-14,177.6444091796875,179.93813328478058,176.9820013784554,178.69241317758753,1011405
2024-05-15,180.94656372070312,182.82503251446047,178.05964632147266,178.05964632147266,1348670
2024-05-16,178.20794677734375,182.29116281255273,177.96077902869277,181.2431739720202,734870
2024-05-17,179.64151000976562,181.51999388108305,176.5766390922292,177.9805500419531,1023090
2024-05-21,184.72329711914062,187.84750128749099,180.92680387163605,182.90414599045175,4299200
2024-05-22,187.19497680664062,190.37849885948356,183.89281905287194,187.2542946571035,3907805
2024-05-23,189.1129913330078,189.82483567365784,185.17808490091426,187.84749363539055,1313845
2024-05-24,183.20074462890625,189.37993855806576,182.90414030312206,189.11299315626772,1712500
2024-05-27,177.56532287597656,185.78117671475542,177.169845412749,184.851823533574,2071930
2024-05-28,174.2928009033203,178.65284355767218,172.62195961472273,177.96077688696283,1178550
2024-05-29,180.93667602539062,182.50867439586378,173.2151578546134,174.39167876971624,2048875
2024-05-30,179.81948852539062,181.5002262289364,178.76160330109997,180.9366765107429,1108140
2024-05-31,191.22874450683594,193.48291319761023,178.78138014000575,178.94945240101094,3935990
2024-06-03,193.77951049804688,202.46992170349552,191.40670619978647,201.68887827347737,3225475
2024-06-04,185.88992309570312,195.75685531637964,175.212273424898,194.24418991399048,4802080
2024-06-05,183.50721740722656,192.7908371140509,175.58796845208886,192.7908371140509,3279840
2024-06-06,184.45635986328125,190.4180449206026,182.04400015523242,183.4874513996075,3118560
2024-06-07,192.8106231689453,193.38405416081704,181.92534577432218,184.456356213387,3417875
2024-06-10,207.5121612548828,215.26333848598955,197.73420540122893,206.424617090807,9216580
2024-06-11,207.93728637695312,209.85529539326907,204.7043280697181,209.77619990508256,1935180
2024-06-12,207.88784790039062,209.27198121612832,205.5743463784838,207.93728446579306,976715
2024-06-13,210.34962463378906,212.76198415111762,207.06724494408732,208.49093351732526,1362570
2024-06-14,213.32554626464844,217.50762037785532,210.58692336583266,210.69567777945846,2494050
2024-06-18,215.31277465820312,232.2388177818977,214.34388127757887,227.39433579285378,9156740
2024-06-19,219.6332550048828,220.9976258023719,212.9004079580078,217.1121560421099,2613520
2024-06-20,215.4610595703125,220.67135986235988,214.54160279955693,220.67135986235988,1807245
2024-06-21,224.52719116210938,225.38733010855142,215.46106477499893,216.87487215615,3714775
2024-06-24,224.161376953125,229.10473207104465,221.93686715006118,224.52719549027844,1821790
2024-06-25,222.05551147460938,227.88866430977487,220.69114067424013,226.20792663573752,1309725
2024-06-26,219.06971740722656,224.42831230481053,214.5317212327858,223.32100563547124,1419305
2024-06-27,210.40896606445312,221.0470604217824,209.59824861629846,217.79432443617728,3208215
2024-06-28,210.40896606445312,215.21389256439824,207.86807439422995,208.21411527301245,1182285
2024-07-01,215.68846130371094,216.89464108765367,210.7846466804446,211.496490981982,1266205
2024-07-02,215.08538818359375,220.07817996239802,214.11649478658538,214.11649478658538,1084565
2024-07-03,218.7731170654297,220.45385474357656,215.92573976584384,217.5076193958187,924645
2024-07-04,219.04006958007812,223.24192145501516,217.70535765602318,220.07817717812947,729260
2024-07-05,219.09938049316406,221.46230357519465,217.903081947653,220.9086502300042,811710
2024-07-08,215.67857360839844,223.24191584476583,214.75911681540887,219.0993819219502,778950
2024-07-09,228.50164794921875,236.4307939838918,210.89341898552925,214.54161756899862,7669800
2024-07-10,227.0581817626953,230.95354785265883,219.10925860473716,229.35189060045778,2482665
2024-07-11,226.02996826171875,228.34346995984646,222.87610523142575,226.44520828806915,905490
2024-07-12,226.60337829589844,228.38298901973,223.90431083154147,225.57516714764103,648135
2024-07-15,220.88888549804688,227.17683401698446,219.88043679697415,225.02153835637353,860015
2024-07-16,227.94798278808594,242.01676685957807,221.85776582237744,221.85776582237744,12302595
2024-07-18,222.93544006347656,227.59207225183707,219.92987162918322,226.01020762645587,2012940
2024-07-19,215.0655975341797,222.82667077820813,213.9879497842877,222.82667077820813,1703155
2024-07-22,212.57415771484375,217.7449181848773,210.2310121462855,213.948409875337,1303125
2024-07-23,210.55726623535156,213.23655622470122,205.6435701081062,212.7718947289863,1422005
2024-07-24,209.28187561035156,213.46396491355299,206.85963461305005,210.58692860633792,1162880
2024-07-25,207.72967529296875,211.57560508095668,202.2326666588187,202.2326666588187,1665780
2024-07-26,206.12802124023438,210.82420846789125,205.24810465785765,208.07570430784165,1501750
2024-07-29,217.09239196777344,221.46231621856106,207.6604616592767,216.40032524677503,3278230
2024-07-30,218.95108032226562,223.0243999036028,217.3098828864353,222.64870010636116,2519260
2024-07-31,222.03573608398438,224.99186781947728,218.15025119016622,221.0470650791145,3344745
2024-08-01,221.39309692382812,226.00030755293096,220.4736401054385,223.2419220118393,1884915
2024-08-02,220.9383087158203,223.24191394715322,217.81410474737478,217.9030815164067,1215010
2024-08-05,212.86087036132812,215.9158601456924,206.05880902046695,212.56426604268876,3378505
2024-08-06,221.0668487548828,222.64871335428097,215.5500625868777,215.5500625868777,2809090
2024-08-07,226.44520568847656,228.38300754178863,219.08950590995505,223.43965240019148,4163330
2024-08-08,223.00462341308594,230.7459189821486,222.45097007908106,228.38299594785656,2319350
2024-08-09,218.15025329589844,227.39433331503062,217.50762317089885,227.39433331503062,1288150
2024-08-12,209.0544891357422,219.07961291362793,208.52061341004588,218.50618189807386,2089855
2024-08-13,200.06747436523438,209.70701710677184,199.61267904423775,209.59826268778937,2135530
2024-08-14,191.1397705078125,203.46849935994493,190.14121820645025,201.07591729683736,5435155
2024-08-16,196.7521514892578,199.5483939630566,191.46814664601573,193.0503598687985,2331215
2024-08-19,197.85671997070312,200.46389009318014,196.0356760814589,198.1652000772134,1334055
2024-08-20,191.73681640625,200.19520856633014,191.35868684663217,200.19520856633014,2286700
2024-08-21,189.2888641357422,192.45329057720883,188.07483488629867,192.45329057720883,2995485
2024-08-22,190.47305297851562,195.04058131513045,189.6570595846468,190.2640742461037,2349355
2024-08-23,195.11024475097656,199.22001807816238,191.2591780735677,192.0353587592879,4885130
2024-08-26,192.06520080566406,199.61805891106115,191.66716489956704,198.02588491848,4079410
2024-08-27,188.0051727294922,194.55296518577376,186.88071445032614,193.26928646888797,3098375
2024-08-28,185.1790771484375,191.06015106767245,184.462600367206,189.71675330683925,2850085
2024-08-29,184.6715850830078,186.37320610559598,183.0993173833849,185.76619145690677,1937700
2024-08-30,189.00027465820312,191.04024282949547,183.57695575215502,186.04482694494502,2804745
2024-09-02,184.13421630859375,189.8560698656094,183.47745857065854,189.00027898710928,2326490
2024-09-03,183.75608825683594,188.87092721900004,183.0495570438557,184.75119323145228,1926205
2024-09-04,189.70681762695312,190.66212511316445,183.29833896255732,183.29833896255732,1754170
2024-09-05,185.6069793701172,191.41838862906746,184.90044817520638,190.86113228698957,2276205
2024-09-06,184.87060546875,187.4081262525975,183.52720764668447,185.60698863416258,1376340
2024-09-09,181.35787963867188,185.35820584438883,180.31301638994248,185.08952325263633,1200975
2024-09-10,182.96994018554688,184.63176361077268,180.51202977269108,182.10420374795106,1250105
2024-09-11,181.57679748535156,183.65656314135813,181.12900330442662,183.65656314135813,658220
2024-09-12,181.87533569335938,183.41775140039158,179.74581171088093,181.7260608406228,1133425
2024-09-13,188.92068481445312,190.2640674148199,181.91513731565001,183.09931466057333,2839800
2024-09-16,187.8559112548828,190.90092997256696,185.48755661486337,189.86602750552197,1427355
2024-09-17,187.43797302246094,189.06994456821215,185.4875605974915,188.09474594777586,1058265
2024-09-18,184.16407775878906,188.6320892027559,183.41774905693129,187.07972793234717,1260095
2024-09-19,186.17417907714844,187.07972821428368,180.08414171972194,185.56716445802547,1103435
2024-09-20,186.9105682373047,188.97042762837353,185.67663260888926,187.09964061095914,1119965
2024-09-23,196.7521514892578,198.14529234250745,188.38331523426746,189.06994007768924,5930590
2024-09-24,207.2206573486328,212.95245631398694,197.4487195882883,198.31445602373807,18770200
2024-09-25,211.559326171875,213.77840603989068,206.8226167190218,208.9720471337234,4711265
2024-09-26,211.56927490234375,212.9524702465815,206.56389796127573,210.962260244277,2456630
2024-09-27,210.0766143798828,217.13190509241952,209.4298022120734,212.56437684699142,3098015
2024-09-30,220.91329956054688,223.48067216131508,211.9175574666514,213.94756488971882,9023385
2024-10-01,213.04202270507812,222.90351675573152,210.0865596833659,221.90841177021485,3933875
2024-10-03,208.30532836914062,215.93778178335464,206.98183691676388,211.75834388243172,2959680
2024-10-04,205.83746337890625,213.9475625846389,204.1457728297971,205.38965400761478,2124508
2024-10-07,190.76161193847656,203.3994415056545,189.16945316181653,201.01119574861633,2950279
2024-10-08,190.11480712890625,193.79669247282868,182.60176158543808,187.07973394039433,5820327
2024-10-09,192.85134887695312,197.92637518334053,187.7763073864687,192.9508502648644,1959750
2024-10-10,192.5030517578125,197.42881828022516,190.5626001197829,193.39865533358545,1498299
2024-10-11,189.9655303955078,194.89131208454666,187.52752628539469,192.5528093597687,1445727
2024-10-14,188.42312622070312,191.85623522247573,187.0797284797895,191.85623522247573,1150205
2024-10-15,189.21920776367188,193.05036804858418,185.636838910342,189.36848262262134,1295424
2024-10-16,186.38316345214844,189.46797974098305,185.18904052795128,187.2787518492721,1315703
2024-10-17,186.7812042236328,190.8611407701958,185.48756469539842,187.07973875847108,2028561
2024-10-18,185.28854370117188,188.0748406739009,183.04955750267305,185.28854370117188,1522256
2024-10-21,192.65232849121094,194.74203982019964,182.10420972322166,186.63194037884244,4203245
2024-10-22,184.8407440185547,195.28934596845954,182.60175788643224,192.0552548887271,2873613
2024-10-23,185.03976440429688,186.03486936499124,176.87990676342247,183.89539977313703,2080393
2024-10-24,178.6710968017578,184.8407444546774,177.62623356748273,184.09441574220898,1295242
2024-10-25,172.6009521484375,180.51203353780895,171.10829470953357,179.1686509532534,1652339
2024-10-28,172.25267028808594,174.14336359057364,160.65968868716996,160.65968868716996,3202578
2024-10-29,172.6009521484375,173.94434991708968,169.36686103081232,172.25267452315126,1045592
2024-10-30,187.97532653808594,199.1205145734066,172.2029215569834,172.60095747934608,1605309
2024-10-31,194.69227600097656,195.9361571795775,183.19882605798125,189.069939147339,2968512
2024-11-01,197.1501922607422,200.01609943998733,194.93111242397504,194.94105800742355,472651
2024-11-04,196.1949005126953,200.74252235265723,191.40844801246152,197.15019278558893,1318710
2024-11-05,196.6824951171875,199.91658633332807,193.59767875994245,196.43371886979207,1265132
2024-11-06,203.777587890625,205.38965303049662,196.53322516020685,196.7322431108916,1627134
2024-11-07,204.4542694091797,206.18574230182725,200.0061490744532,202.9018929348075,1563753
2024-11-08,201.45899963378906,203.8771126245532,197.60794823023895,202.3944007419819,1724104
2024-11-11,196.37400817871094,200.65296252209987,195.7868998994346,198.42392195658883,813303
2024-11-12,193.99571228027344,199.3692882679427,192.9508490173297,196.98102721205737,864670
2024-11-13,184.25364685058594,193.90616238744386,182.75102857129423,192.05526646595212,1549491
2024-11-14,184.54220581054688,188.0748313408045,183.09930670215888,183.09930670215888,748345
2024-11-18,186.154296875,188.5524883494861,181.21856946726558,182.40274682914264,1040663
2024-11-19,185.01986694335938,191.84628790908204,183.54711578231615,186.154301229791,1081333
2024-11-21,180.30307006835938,191.06015225271565,179.71596178634934,186.47271778136732,1856127
2024-11-22,181.8156280517578,184.0944116555731,179.54677484685035,180.11399194410126,968678
2024-11-25,184.61187744140625,187.17925007435295,181.2782697335177,185.38805809972771,1005934
2024-11-26,186.42295837402344,186.9802147186162,184.08447084338613,184.09441642664794,725001
2024-11-27,187.6967010498047,189.06995081463265,185.93537612476584,186.42296785904443,640150
2024-11-28,188.65200805664062,191.3288429408432,187.07974033176075,187.70666134178364,586581
2024-11-29,187.4678192138672,189.64710146395265,186.16423417070828,189.06993877612345,608633
2024-12-02,191.6074676513672,192.65233092108858,184.5422161933436,187.08968252220146,1502936
2024-12-03,196.98101806640625,201.49880295651022,192.10500997785326,192.10500997785326,2005770
2024-12-04,203.56863403320312,204.39455780859916,195.04057702492037,196.98102870850195,2128909
2024-12-05,204.91201782226562,207.87742644241706,202.31479318968917,203.49897055784317,1580937
2024-12-06,213.51968383789062,220.57497453465027,204.9916268313462,204.9916268313462,8596542
2024-12-09,220.53515625,223.1025288674214,213.04201712021867,215.41037178257338,4714517
2024-12-10,229.28213500976562,233.84966308281705,221.08246476135295,222.8736567068917,8227391
2024-12-11,232.9839324951172,236.43694797071555,226.88393414365953,229.86924906660244,3405203
2024-12-12,234.4268341064453,252.15959703721617,231.87936777519133,236.3374338548858,19464766
2024-12-13,232.2574920654297,235.3423235213782,226.81426670836817,234.446735129185,3414933
2024-12-16,232.15798950195312,236.83497976297403,229.38163816886447,231.61067873879077,2323290
2024-12-17,229.71998596191406,234.58604860624467,226.3863782741289,231.85945555108586,1754848
2024-12-18,221.4805145263672,227.8790320236429,220.01770904493748,225.88882213697354,3051906
2024-12-19,220.5849151611328,221.93825851716446,209.96714703595595,217.4304342528738,1816007
2024-12-20,217.73892211914062,224.7444698061029,215.9477300864459,222.7542598106859,1915449
2024-12-23,213.18133544921875,219.42064792054745,211.0617721686416,218.9230954309317,1934519
2024-12-24,211.20108032226562,216.9328793752639,207.4097177033137,215.92782884076334,1664928
2024-12-26,206.26535034179688,212.90269845641905,204.9916172358359,212.75343878935186,1503221
2024-12-27,206.11610412597656,209.68852744248824,204.99163061369902,205.98673561667815,1010883
2024-12-30,197.986083984375,207.98687640534737,196.53322410241304,204.99161602580804,2963541
2024-12-31,201.0908203125,203.2402507576497,197.9860975700153,198.02589508903037,1586698
2025-01-01,212.28575134277344,213.40026408318337,199.02099987876224,200.02605046187497,2607718
2025-01-02,206.66339111328125,212.4549092775028,205.25034389006112,211.9573567967592,1819294
2025-01-03,207.47938537597656,211.45980523930464,206.09619008083394,206.66339201562786,1323740
2025-01-06,200.53355407714844,207.549047022019,197.8069610437729,206.45442550173408,1828478
2025-01-07,205.70809936523438,206.97188692101494,200.2151157126095,200.2151157126095,1582787
2025-01-08,201.19032287597656,207.30028219110687,199.36929407653827,207.21071120063004,1129053
2025-01-09,196.49343872070312,201.19032032120805,195.0405787490189,200.9216529054813,1039250
2025-01-10,192.7617950439453,198.10550400212676,190.31383007801745,195.0405787989094,1547067
2025-01-13,180.86032104492188,191.06014657840439,179.2184039839022,188.08477737114313,1955818
2025-01-14,184.54220581054688,185.74628945410146,179.5069773056929,184.20387377930206,1858503
2025-01-15,184.50241088867188,188.66194225669935,182.89033055789832,184.3531360369559,993519
2025-01-16,185.10943603515625,189.06994967683966,184.50242137882987,186.09458026565017,822136
2025-01-17,186.09457397460938,187.07973335589662,183.2784251025327,184.09441846191956,679526
2025-01-20,188.44302368164062,190.2043637335615,185.08952478503778,185.08952478503778,751425
2025-01-21,186.8408966064453,196.6824837786895,186.14432619071397,189.4679730201295,2612939
2025-01-22,182.5619659423828,189.45803615146184,178.2730507326201,188.59229967952473,1162968
2025-01-23,181.28822326660156,184.92036566021753,179.60650855589103,180.22346880261208,606172
2025-01-24,176.0838165283203,182.90029145768764,175.3971916885798,181.30811747614163,807859
2025-01-27,169.96392822265625,175.35739522086465,165.30682916843827,175.15837726800498,1680573
2025-01-28,167.0482635498047,172.60095100792793,160.7094498600558,170.4614814332748,1630608
2025-01-29,176.48187255859375,177.99442118091932,164.70977893770305,164.70977893770305,1051565
2025-01-30,175.98431396484375,179.64629284011696,175.13846869579936,175.67581868011365,890061
2025-01-31,179.34776306152344,180.5120340450485,174.74043741234578,175.6360258045661,742969
2025-02-01,184.75119018554688,186.97026999080927,178.22330408914138,178.5118778460199,888859
2025-02-03,177.00927734375,182.0942643599149,175.43700966531676,181.51710165384978,951528
2025-02-04,181.1389617919922,182.10421485595646,176.2529926016736,179.01938328475765,811506
2025-02-05,183.1391143798828,185.0397685414878,181.6066593871528,181.6066593871528,594963
2025-02-06,186.88072204589844,188.074845009137,183.17893023099083,183.17893023099083,1276024
2025-02-07,185.9751739501953,188.9405826163083,180.01448949842194,186.60209496284,1210616
2025-02-10,184.0347137451172,187.07973249348115,181.1091027330509,184.09441761326602,1009400
2025-02-11,175.6758270263672,187.0797368131049,173.72542976268662,183.09931688091118,1199109
2025-02-12,174.73048400878906,177.96457527180038,169.81466285955625,174.14337570061036,1298155
2025-02-13,172.3820343017578,174.13342881351767,162.84892661266468,163.197219435098,3888713
2025-02-14,168.69020080566406,174.9294981104568,163.19721705329854,174.392148101162,1639313
2025-02-17,174.16326904296875,174.6110632245025,163.19720846642198,168.69019192976558,1365658
2025-02-18,179.86521911621094,181.09915471639493,171.46653093659882,175.93455761356117,1901429
2025-02-19,174.28268432617188,179.11889510127003,172.17306664277902,179.10894951781708,1774421
2025-02-20,170.86947631835938,175.62607672768715,169.7649092250747,174.14336489742863,1449612
2025-02-21,172.23277282714844,174.57126043417276,168.1727426615126,170.86948385501645,839615
2025-02-24,170.0634307861328,172.3521752201287,167.7846471195117,169.17778798328487,617572
2025-02-25,166.69003295898438,172.1432192874536,164.66002544150632,169.1777954571227,713140
2025-02-27,162.66981506347656,169.1678494787257,161.2169550869506,165.187429490991,1439009
2025-02-28,154.9875946044922,163.6450045568163,154.24126589853154,162.20210542877834,2287453
2025-03-03,150.7882537841797,158.16198520201766,145.03654831446417,154.35073137276035,2318878
2025-03-04,153.06704711914062,155.75382738451287,148.55920783165092,150.25089835438175,1700465
2025-03-05,162.92852783203125,163.9833366406421,152.6192400299818,153.14664443428723,2072612
2025-03-06,181.31808471679688,188.76146570046043,165.17748075940636,165.17748075940636,14387984
2025-03-07,178.16358947753906,182.3430425534688,174.39214827292471,178.42232649094439,2842522
2025-03-10,179.30796813964844,186.07468501646622,177.22820238300866,178.16358830624938,3042796
2025-03-11,175.974365234375,178.13374127060987,170.7102664450794,176.13358567917228,2370870
2025-03-12,168.6006317138672,177.0291722212168,167.17763886192105,177.0291722212168,2046896
2025-03-13,171.98399353027344,172.87958192829683,166.719879743743,169.31710431892702,1451965
2025-03-17,173.904541015625,175.6161227976958,169.1678467722762,174.00405758736514,1445565
2025-03-18,173.904541015625,173.904541015625,173.904541015625,173.904541015625,0
2025-03-19,180.1239471435547,183.49735242176246,179.1188965790251,179.1188965790251,1497205
2025-03-20,180.8901824951172,183.09931677088497,177.61629378385786,180.79066592323335,1114362
2025-03-21,184.1043701171875,187.52753373796847,180.06424625688112,181.1091095410528,1994409
2025-03-24,185.905517578125,190.81137778643185,185.08952421526115,185.08952421526115,1460152
2025-03-25,181.7061767578125,189.0699475903231,180.57175767963446,189.0699475903231,1556040
2025-03-26,176.42214965820312,184.24367516164773,175.49670934436142,182.10420559577315,1066228
2025-03-27,181.26832580566406,183.07940896358923,176.63113298014298,176.63113298014298,1403018
2025-03-28,179.23829650878906,183.09930852574274,177.5267148013207,181.26831908466843,1483626
2025-04-01,188.5226287841797,189.86602653350235,179.63634891413204,180.72100965994568,2588191
2025-04-02,200.76242065429688,201.99635624008246,185.089517926638,190.56259506963,6872610
2025-04-03,205.19064331054688,208.72326901726515,196.79195487152896,197.4288214497243,3743041
2025-04-04,200.45394897460938,203.9965202628899,195.04057547086057,203.9965202628899,2387171
2025-04-07,179.3179168701172,194.04547381716228,167.1776389809398,168.17274397487398,3946794
2025-04-08,188.43307495117188,190.06504647057102,180.113996917138,183.99490016933822,2755517
2025-04-09,181.7061767578125,188.66195090133962,181.10910769178318,188.43308100580379,1200251
2025-04-11,186.88072204589844,192.05526500933038,183.92525898102707,185.08953000899197,2502668
2025-04-15,193.3190460205078,193.84645043782592,189.2689615200156,193.05036342810715,1270735
2025-04-16,192.74188232421875,195.58788312002304,191.249224882729,193.06030801600627,950600
2025-04-17,189.9257354736328,195.0405744199346,189.1794067449851,192.74188436515513,1141355
2025-04-21,191.82638549804688,193.6474293789707,189.06994053449694,190.15460128601165,901497
2025-04-22,197.5084228515625,199.0209866012792,193.0503570032408,194.0852594525651,1928174
2025-04-23,200.8619384765625,202.0063030854276,197.69749686747446,198.52343579085127,1900033
2025-04-24,201.22018432617188,204.3249069992965,199.63795587089388,201.32964648113958,1030796
2025-04-25,195.43861389160156,202.7028833527909,189.06994803154623,202.7028833527909,2192971
2025-04-28,192.8015899658203,197.0307861328125,191.15967282168566,194.04547119140625,1017256
2025-04-29,184.8208465576172,194.34400865265863,183.21872690754208,192.05526412625173,1302102
2025-04-30,181.4474334716797,186.61203060680216,179.3179094797897,184.24367595993607,1116794
2025-05-02,180.9100799560547,185.08951764014185,178.1237831052978,181.45739070632598,1437715
2025-05-05,185.19898986816406,186.3334089467779,180.67125913731078,182.10421274905397,867621
2025-05-06,181.42755126953125,185.815952788837,179.11890037631426,185.08953038885807,1605268
2025-05-07,178.07403564453125,181.30812687512298,175.83504940796774,178.12379393105212,1361340
2025-05-08,176.0440216064453,181.4673405858734,173.84483297023056,179.16865056440565,986873
2025-05-09,177.15853881835938,178.12379186610457,169.26736359556278,169.26736359556278,1234712
2025-05-12,189.0201873779297,189.66701472355282,180.3627771133102,180.3627771133102,1360511
2025-05-13,197.9164276123047,201.01120468788298,187.3981759360008,189.0699450034543,4504658
2025-05-14,204.4741668701172,205.29016024141038,195.69734884949042,197.14024803248032,2829354
2025-05-15,201.51870727539062,205.48918167573922,198.35428067645051,204.7428529287329,1999472
2025-05-16,200.72262573242188,203.00140938222975,199.07074787463822,201.01119948632552,1238142
2025-05-19,202.8820037841797,204.742845197538,199.0209916865497,199.0209916865497,969166
2025-05-20,196.99098205566406,204.99161915124415,196.03567462521892,203.00140925657186,1119434
2025-05-21,193.39865112304688,199.02098795925735,191.06014844088708,194.60271959710641,1936378
2025-05-22,198.39407348632812,199.00108812684942,192.33388784866102,193.32899282105024,1055242
2025-05-23,203.78753662109375,204.49406781864727,196.03567571909252,199.0209905777589,2125642
2025-05-26,199.70761108398438,209.37007146342313,199.02098625195973,205.49911388818637,1828624
2025-05-27,196.22474670410156,201.63812003904954,195.04056938906962,199.02098917252002,1837423
2025-05-28,194.94105529785156,197.60794448238016,194.1449834783234,196.2247491974195,637090
2025-05-29,195.03062438964844,197.03077987054436,194.04546502402098,194.94105340433939,555644
2025-05-30,189.54759216308594,196.015774527088,188.3634148085285,195.04057589913947,1185982
2025-06-02,192.64236450195312,194.89131141699724,189.12964522721413,191.28902115643777,743849
2025-06-03,190.72181701660156,195.0206624745647,190.06504411004863,194.5927746374476,676667
2025-06-04,188.9803924560547,192.75183369036444,188.17435984292368,190.56260574731908,707507
2025-06-05,188.20420837402344,192.55281224646674,187.57728738221695,189.0699448414919,1045506
2025-06-06,187.01007080078125,189.86603240631544,181.54695420183947,189.0798909723936,1756051
2025-06-09,187.01007080078125,189.06994538891118,185.38806001552544,188.06489482969764,1274396
2025-06-10,185.09947204589844,190.37353148191423,183.84564523613798,188.0748414053049,2198832
2025-06-11,189.8063201904297,197.03077653026475,185.59701539564293,186.71154324463592,6227535
2025-06-12,186.2836456298828,190.5825063490193,185.0895227137105,189.86602956249655,1004549
2025-06-13,184.75119018554688,185.4378150361676,181.6862650921669,183.58691920653217,799307
2025-06-16,184.52230834960938,185.83585420585666,180.51203651239817,184.09442049843898,873339
2025-06-17,181.8156280517578,186.78119192399737,181.12900322207352,184.0944116555731,563286
2025-06-18,179.53683471679688,183.32818217767044,179.11889245649,181.60665485171901,849335
2025-06-19,176.70079040527344,181.98479517495514,175.13846837064634,179.27810853995382,772271
2025-06-20,178.88006591796875,181.63651096688105,174.5513683610846,176.13358163668852,1606079
2025-06-23,175.7454833984375,179.17859239167998,174.5115478112131,177.2182344525402,1098929
2025-06-24,180.70111083984375,181.20862410074014,177.3973701806595,180.00454038616908,1208729
2025-06-25,184.48251342773438,185.08952807879754,181.59671503132745,181.80567857606397,904481
2025-06-26,187.78627014160156,189.41824172477016,183.0993189377891,185.08952892624333,1162828
2025-06-27,188.85101318359375,191.00044348548775,187.0797276155782,189.62719381748386,1152502
2025-06-30,188.4629364013672,189.7963734646747,185.9552675357326,188.8510267461835,760359
2025-07-01,183.3580322265625,188.65199783754846,182.40273997971013,188.09474149620183,1308824
2025-07-02,183.8257293701172,184.7710760162979,181.726057361564,182.11414767669484,532059
2025-07-03,182.79083251953125,185.62687254488202,181.60665518775562,185.0895225475208,994095
2025-07-04,181.75592041015625,185.06962185004718,179.61645075458537,184.09442321107088,833262
2025-07-07,182.37289428710938,184.22379016083516,181.10910670853016,182.92020506398202,564213
2025-07-08,179.86521911621094,183.52719803170442,179.11889040618516,182.10420524628825,723272
2025-07-09,181.2086181640625,183.0993115026798,178.37256297203996,179.86522040276833,847091
2025-07-10,183.53717041015625,184.0844812022858,180.63146560405642,182.80078723673674,636738
2025-07-11,185.905517578125,187.07973415305966,182.40274383605254,183.09931427746264,1209954
2025-07-14,182.0345458984375,187.06978982962312,181.43749202353467,187.06978982962312,992030
2025-07-15,187.66683959960938,189.0699412287003,181.16880546579281,181.16880546579281,1175733
2025-07-16,185.30844116210938,188.26390401706757,184.4427047324678,186.48265769040043,788185
2025-07-17,190.54269409179688,196.64269237479755,187.0797330715932,187.72654522399992,9191527
2025-07-18,191.1397705078125,192.95085371478916,189.239116310788,191.74678516608378,1187938
2025-07-21,191.83633422851562,193.31904609488606,191.0601535693678,192.65232758941792,1098642
2025-07-22,192.10501098632812,194.2444805256989,191.0601477664113,192.05525270269467,871005
2025-07-23,192.0154571533203,193.6971717582264,191.06014972369937,193.05035961665456,567734
2025-07-24,193.0702667236328,193.5479128482666,190.76161595039255,193.04041478984922,1023928
2025-07-25,188.09474182128906,193.29913645604904,187.07973052116972,192.05525526907317,806225
2025-07-28,187.72654724121094,189.74660912337768,187.00012486185514,187.17925165287664,482642
2025-07-29,193.18968200683594,193.80664224126372,187.2289976549163,187.5673448911772,1023448
2025-07-30,194.4136505126953,196.4337123598725,193.05036158105958,194.04546653766297,1601540
2025-07-31,193.23944091796875,197.22980647151425,190.71186573399055,190.71186573399055,1270820
2025-08-01,188.12460327148438,193.13992579007274,187.0797399847501,193.0503699842634,687623
2025-08-04,195.43861389160156,196.73225341495262,187.1792546248696,188.98039222666196,1882386
2025-08-05,198.9911346435547,200.91167987565473,194.5430143788352,197.03077671104538,2459781
2025-08-06,189.55755615234375,192.85135125961392,186.08463425006485,191.0601592300131,3834262
2025-08-07,190.124755859375,191.0601569740158,184.41286296766143,187.96537986566656,1275245
2025-08-08,186.9603271484375,192.53290588565528,185.2089326784888,189.96553323374152,723543
2025-08-11,195.6077880859375,196.2346938817391,185.0895214343401,186.96032360667334,1938612
2025-08-12,197.2696075439453,199.02098676116893,194.06536844236277,195.6077841265811,1736803
2025-08-13,203.2899932861328,203.99652451545742,196.03568453436642,198.27467077904825,3610278
2025-08-14,202.75999450683594,206.17999267578125,202.0,206.0,1415750
2025-08-18,203.11000061035156,204.77999877929688,197.10000610351562,203.58999633789062,2822637
2025-08-19,216.0,219.64999389648438,202.08999633789062,203.99000549316406,8761080
2025-08-20,218.67999267578125,222.3800048828125,216.00999450683594,217.5,4831046
2025-08-21,223.19000244140625,225.0,218.02000427246094,218.89999389648438,3516936
2025-08-22,238.61000061035156,241.8000030517578,223.0,223.5,19246380
2025-08-25,243.02999877929688,249.5,237.8699951171875,239.0,8310340
2025-08-26,238.4499969482422,244.5,236.39999389648438,242.8000030517578,3444640
2025-08-28,232.27000427246094,239.55999755859375,231.1300048828125,236.10000610351562,1903385
2025-08-29,232.3800048828125,236.5,231.14999389648438,231.14999389648438,1367026
2025-09-01,239.27000427246094,249.1999969482422,237.6699981689453,240.0,14882102
2025-09-02,240.36000061035156,248.0,238.41000366210938,241.0,3608845
2025-09-03,247.97999572753906,249.0,239.8300018310547,242.0,3922722
2025-09-04,244.00999450683594,253.8800048828125,243.39999389648438,251.64999389648438,2285165
2025-09-05,242.3699951171875,244.8699951171875,240.74000549316406,244.5,1348412
2025-09-08,239.88999938964844,248.63999938964844,239.1699981689453,243.97999572753906,1927919
2025-09-09,239.41000366210938,241.63999938964844,235.3000030517578,240.89999389648438,2194061
2025-09-10,243.13999938964844,244.99000549316406,239.47999572753906,239.47999572753906,1694147
2025-09-11,241.11000061035156,244.89999389648438,239.8000030517578,243.0,1416004
2025-09-12,244.07000732421875,248.64999389648438,242.1999969482422,243.5,2434470
2025-09-15,270.1300048828125,275.5,245.1999969482422,245.1999969482422,45409494
2025-09-16,262.3500061035156,272.5,259.5,271.989990234375,9540158
2025-09-17,264.6000061035156,268.0,260.7900085449219,264.010009765625,3694500
2025-09-18,260.4700012207031,264.6000061035156,256.0,259.9100036621094,4257052
2025-09-19,261.7099914550781,263.8999938964844,258.0,259.17999267578125,2492503
2025-09-22,263.5799865722656,273.1499938964844,260.0,265.0,7898372
2025-09-23,268.3399963378906,274.6000061035156,263.0,264.70001220703125,8855832
2025-09-24,266.239990234375,278.0,265.1000061035156,270.0,10574175
2025-09-25,259.7099914550781,267.29998779296875,257.1099853515625,267.20001220703125,2975038
2025-09-26,256.510009765625,263.0,252.5,260.0,2669606
2025-09-29,249.3300018310547,258.5400085449219,248.33999633789062,249.0,4278042
2025-09-30,244.8000030517578,254.0,243.00999450683594,249.1999969482422,1640495
2025-10-01,246.63999938964844,248.0,241.00999450683594,244.8000030517578,1528932
2025-10-03,247.38999938964844,251.6999969482422,245.52000427246094,249.99000549316406,1865799
2025-10-06,245.82000732421875,249.0,244.00999450683594,247.10000610351562,1591619
2025-10-07,243.27999877929688,247.1999969482422,240.5,246.49000549316406,971468
2025-10-08,241.33999633789062,243.36000061035156,240.47999572753906,243.0,753155
2025-10-09,243.25,246.3000030517578,239.0,240.3000030517578,1183292
2025-10-10,243.5399932861328,245.0,240.47000122070312,243.00999450683594,884998
2025-10-13,240.9600067138672,244.52999877929688,239.5,243.0,771699
2025-10-14,244.30999755859375,245.0,236.02000427246094,240.0,2021614
2025-10-15,248.47000122070312,251.0,242.1999969482422,245.0,3273581
2025-10-16,242.85000610351562,251.0,242.0,250.0,1385393
2025-10-17,249.60000610351562,258.55999755859375,241.25,242.07000732421875,8219389
2025-10-20,252.33999633789062,254.8000030517578,247.66000366210938,249.60000610351562,1656752
2025-10-21,255.99000549316406,257.0,255.00999450683594,256.5,743493
2025-10-23,259.29998779296875,263.0,255.61000061035156,258.8500061035156,2913438
2025-10-24,263.4800109863281,265.0,258.6199951171875,260.0,2400518
2025-10-27,270.5,271.8999938964844,262.1000061035156,262.1000061035156,3750160
2025-10-28,268.9700012207031,272.3999938964844,267.1000061035156,269.989990234375,1877211
2025-10-29,278.44000244140625,290.0,269.2300109863281,270.04998779296875,13749423
2025-10-30,282.4200134277344,286.1499938964844,279.0199890136719,280.0,2910653
2025-10-31,283.739990234375,285.5,275.6199951171875,284.4100036621094,2026360
2025-11-03,281.8500061035156,287.79998779296875,278.04998779296875,283.1000061035156,1881772
2025-11-04,279.04998779296875,282.95001220703125,278.0,280.8500061035156,1088882
2025-11-06,269.3999938964844,281.0,268.0,279.0,1935858
2025-11-07,274.6499938964844,279.0,266.3999938964844,268.79998779296875,1819496
2025-11-10,272.29998779296875,277.8999938964844,270.25,275.5,1522012
2025-11-11,275.20001220703125,279.0,268.0,272.29998779296875,1828348
2025-11-12,268.3999938964844,277.6000061035156,266.1000061035156,276.0,1786277
2025-11-13,263.25,270.5,262.0,266.29998779296875,2382301
2025-11-14,276.70001220703125,282.5,271.0,280.0,10596246
2025-11-17,276.1000061035156,282.79998779296875,268.0,273.0,4362851
2025-11-18,265.0,277.0,262.54998779296875,276.6000061035156,2341256
2025-11-19,255.6999969482422,263.70001220703125,252.5,263.70001220703125,2765513
2025-11-20,250.0,258.3500061035156,248.9499969482422,257.0,2004948
2025-11-21,241.6999969482422,249.0500030517578,240.3000030517578,249.0500030517578,2315755
2025-11-24,239.0,242.39999389648438,235.0,241.0500030517578,2093677
2025-11-25,236.89999389648438,240.3000030517578,235.6999969482422,239.64999389648438,1162857
2025-11-26,237.1999969482422,244.0,236.10000610351562,236.89999389648438,1841153
2025-11-27,235.1999969482422,240.89999389648438,232.5500030517578,238.1999969482422,1522523
2025-11-28,235.1999969482422,237.5,232.85000610351562,236.9499969482422,1286049
2025-12-01,237.6300048828125,241.0,233.94000244140625,235.89999389648438,1210513
2025-12-02,236.22999572753906,238.8800048828125,235.47000122070312,237.50999450683594,809985
2025-12-03,238.0800018310547,238.9499969482422,231.08999633789062,236.24000549316406,1316592
2025-12-04,235.89999389648438,244.8699951171875,235.0,242.5,2350183
2025-12-05,232.94000244140625,237.10000610351562,230.97000122070312,235.99000549316406,1163454
2025-12-08,227.07000732421875,232.94000244140625,223.39999389648438,232.94000244140625,2597731
2025-12-09,230.58999633789062,232.0,221.2100067138672,226.0,2262120
2025-12-10,235.11000061035156,236.6999969482422,228.60000610351562,231.0500030517578,1049545
2025-12-11,233.4199981689453,235.99000549316406,232.0,235.99000549316406,683361
2025-12-12,238.61000061035156,239.1999969482422,233.7899932861328,234.42999267578125,1062488
2025-12-15,247.2100067138672,248.88999938964844,238.1999969482422,240.0,3249245
2025-12-16,242.30999755859375,253.0,241.5,248.16000366210938,2721310
2025-12-17,238.0,243.0,237.0,243.0,997346
2025-12-18,238.1300048828125,239.89999389648438,235.0,239.0399932861328,655468
2025-12-19,235.5500030517578,238.50999450683594,235.0,238.5,918595
2025-12-22,241.3000030517578,242.07000732421875,237.0,238.0,1087088
2025-12-23,258.95001220703125,260.30999755859375,241.25999450683594,242.5,5839229
2025-12-24,252.5,258.989990234375,250.7899932861328,258.8599853515625,1996239
2025-12-26,252.50999450683594,256.0,250.0,252.5,1724089
2025-12-29,256.3900146484375,263.0,253.3000030517578,254.0,4144755
2025-12-30,263.5299987792969,267.1400146484375,255.0800018310547,255.9600067138672,4708102
2025-12-31,266.07000732421875,271.0,262.3999938964844,263.5,3771448
2026-01-01,266.6000061035156,270.0,262.0,265.20001220703125,1520198
2026-01-02,273.04998779296875,273.8999938964844,265.8500061035156,266.54998779296875,2183847
2026-01-05,274.0,280.3999938964844,268.25,274.0,3453704
2026-01-06,274.04998779296875,276.3999938964844,271.0,275.04998779296875,1482185
2026-01-07,275.70001220703125,277.70001220703125,272.3500061035156,276.75,1949578
2026-01-08,269.3999938964844,280.0,268.04998779296875,280.0,3309716
2026-01-09,258.3999938964844,271.0,256.95001220703125,267.20001220703125,1794895
2026-01-12,254.6999969482422,263.45001220703125,253.0,259.45001220703125,2434377
2026-01-13,259.20001220703125,261.25,255.6999969482422,258.0,1337523
2026-01-14,265.1499938964844,267.3500061035156,256.79998779296875,259.3999938964844,2385429
2026-01-15,265.1499938964844,265.1499938964844,265.1499938964844,265.1499938964844,0
2026-01-16,257.54998779296875,265.0,256.29998779296875,263.0,1112642
2026-01-19,250.1999969482422,258.29998779296875,245.89999389648438,257.0,1670236
2026-01-20,239.0500030517578,251.6999969482422,238.10000610351562,250.75,2173046
2026-01-21,242.75,244.10000610351562,237.25,239.85000610351562,1576340
2026-01-22,250.5500030517578,252.39999389648438,244.10000610351562,244.10000610351562,1421662
2026-01-23,241.85000610351562,251.60000610351562,241.0,251.60000610351562,859009
2026-01-27,247.6999969482422,250.0,236.60000610351562,236.8000030517578,2061079
2026-01-28,257.20001220703125,259.0,247.75,250.0,1643801
2026-01-29,257.6499938964844,262.45001220703125,255.6999969482422,257.0,2440138
2026-01-30,248.5,254.8000030517578,245.0,254.8000030517578,1990173
2026-02-02,248.4499969482422,251.89999389648438,238.8000030517578,247.5500030517578,1810516
2026-02-03,252.52000427246094,260.0,247.1999969482422,260.0,1303932
2026-02-04,260.17999267578125,260.95001220703125,251.3699951171875,254.49000549316406,2008854
2026-02-05,256.9599914550781,259.70001220703125,254.1999969482422,259.70001220703125,1094438
2026-02-06,250.97000122070312,259.0,248.49000549316406,257.9599914550781,1411894
2026-02-09,257.80999755859375,259.0,247.0,253.02000427246094,2118917
2026-02-10,260.2099914550781,265.8999938964844,257.2200012207031,260.3900146484375,3862719
2026-02-11,258.2099914550781,261.3599853515625,256.0,261.0,1193942
2026-02-12,265.3999938964844,268.0,256.0,259.0,3953946
2026-02-13,258.6499938964844,264.82000732421875,257.04998779296875,262.1000061035156,1366289
2026-02-16,267.8999938964844,268.75,256.3699951171875,258.0,2389061
2026-02-17,273.0,273.5,265.510009765625,268.70001220703125,2629772
2026-02-18,269.8500061035156,277.8999938964844,268.0,274.5,2208821
2026-02-19,261.8900146484375,272.510009765625,260.25,270.8999938964844,1226392
2026-02-20,262.8500061035156,264.8999938964844,259.1000061035156,261.8900146484375,1027482
