Price,Close,High,Low,Open,Volume
Ticker,WESTLIFE.NS,WESTLIFE.NS,WESTLIFE.NS,WESTLIFE.NS,WESTLIFE.NS
Date,,,,,
2021-02-22,452.15020751953125,453.8421751463171,444.0885616016498,446.07909745755467,148606
2021-02-23,484.34710693359375,496.38985433649054,451.40373408495,452.846884657851,698308
2021-02-24,482.9040222167969,520.0275046584591,468.7712051562378,486.68602828322776,829151
2021-02-25,492.8566589355469,499.6244682688066,484.745201536635,485.69071815772435,116623
2021-02-26,499.2264099121094,504.10321679362346,470.91102457867936,479.1717667895237,192103
2021-03-01,515.8970947265625,525.2028860945597,509.22881798090845,512.5629715403185,453583
2021-03-02,513.6079711914062,532.4683094414487,507.5866127385773,521.3212971692964,268205
2021-03-03,508.5321350097656,522.1175051126002,502.61027897945445,516.2454610733117,168516
2021-03-04,513.5582275390625,520.1767832583986,504.60081659361373,506.09371841785514,165551
2021-03-05,498.131591796875,515.8970997931955,489.62206326709406,513.5084932433678,161411
2021-03-08,513.8070678710938,517.4398201071177,495.69317943077834,497.13633007576044,138419
2021-03-09,518.43505859375,524.5061683117294,508.4823495049924,515.5487574676961,219817
2021-03-10,521.8189697265625,524.3568908288374,516.4445592887452,518.5345976679517,108068
2021-03-12,513.9563598632812,528.8853781310412,505.5960853348033,524.3568606594226,227801
2021-03-15,521.1720581054688,524.6056837500419,506.5913591286747,509.2785945974841,186589
2021-03-16,514.4539794921875,531.920918230228,508.7809405590102,520.4753378767224,345672
2021-03-17,505.0984802246094,519.5298653738839,504.25249639984605,518.5345974325546,75272
2021-03-18,502.46099853515625,511.66719611140115,493.1552377224705,493.1552377224705,166383
2021-03-19,467.527099609375,500.4704734265741,448.86582634130525,500.4704734265741,2199394
2021-03-22,463.4465026855469,465.7356371343978,447.97009861829724,456.82797706630026,330440
2021-03-23,458.17156982421875,463.44647738359356,451.05541063153436,462.94884344881615,311734
2021-03-24,456.8777160644531,457.92276558042187,452.05069106152285,457.67394860611967,58968
2021-03-25,449.3634338378906,461.9038148103251,436.42495180047626,459.3161123282094,576399
2021-03-26,457.3753356933594,457.922751243585,443.14301735813063,457.3255844493229,118745
2021-03-30,457.8232421875,457.8232421875,445.03404336915065,452.84690259850544,329976
2021-03-31,457.524658203125,460.6099643435028,438.96288787695624,457.6241606929446,315774
2021-04-01,453.8421630859375,462.7995741994757,444.18805229207993,457.5246664707696,575508
2021-04-05,437.61932373046875,453.29479372683886,436.12642182605254,451.8516430699697,191666
2021-04-06,420.3016357421875,434.8325536312069,415.67364593073216,429.0102301514942,515897
2021-04-07,417.8134460449219,424.97938696740897,410.05036868986537,420.9983154267307,344933
2021-04-08,418.16180419921875,430.80171874162556,415.1262492383216,416.02198427816285,197533
2021-04-09,423.0884094238281,430.8017359962964,418.8087390371389,420.99834066504195,205515
2021-04-12,401.9886779785156,421.6949996048711,398.10713944357366,421.6949996048711,254954
2021-04-13,402.1379699707031,414.37978297266324,394.1260757814819,402.78491838352284,168795
2021-04-15,405.07403564453125,412.9864276055274,383.2776746906258,398.1071603386057,672196
2021-04-16,409.6025085449219,415.6238978056338,405.07405156733034,414.03146302705017,194685
2021-04-19,398.4057312011719,403.0835025154322,390.7421865377411,400.6948656121962,615021
2021-04-20,419.6546936035156,423.984114936301,403.9792245653777,408.05982892930376,211112
2021-04-22,416.0717468261719,419.8040015711974,412.33949208114643,417.0172635108451,147169
2021-04-23,409.3039245605469,419.70448628223323,405.12378722427917,417.8134529705332,47056
2021-04-26,419.853759765625,423.98411537836336,407.0645614782878,410.14989796999345,203776
2021-04-27,436.8728332519531,442.8941915723793,420.1025639683437,424.9793703402382,168653
2021-04-28,437.519775390625,442.89421598183884,428.0647303303386,442.89421598183884,440494
2021-04-29,433.4391784667969,437.9178840996341,427.96520491555145,437.51978300690405,219928
2021-04-30,435.08135986328125,436.6737945905524,429.45810225828683,429.9557362122362,42033
2021-05-03,429.1595153808594,436.07660881618955,427.96518179402875,431.4486193202592,26143
2021-05-04,431.7472229003906,434.832559608159,423.3372269791328,428.96048480037433,127433
2021-05-05,429.906005859375,431.8467601501977,425.6263354235206,429.9557571079214,46566
2021-05-06,429.01019287109375,434.48416602412004,423.98410239803536,423.98410239803536,42146
2021-05-07,424.33245849609375,436.9225908596723,422.9888408094778,436.9225908596723,67653
2021-05-10,419.7542419433594,426.9699343063454,416.5196212289174,426.9699343063454,115692
2021-05-11,424.2329406738281,426.9699273878528,417.0669996732971,420.9983200117989,44681
2021-05-12,417.6641540527344,431.64768579930575,416.9177031529476,425.92489556760705,102944
2021-05-14,425.67608642578125,428.9604582959504,416.0219757951445,421.9935831032088,343462
2021-05-17,441.84918212890625,446.87527271282465,426.3727485582714,429.90596771341876,823287
2021-05-18,460.1123352050781,469.41809608776475,444.88474857752965,448.3184349607836,780360
2021-05-19,462.7000427246094,469.5176339450262,456.5791511866047,460.70950691562143,212238
2021-05-20,470.0650329589844,474.7428043968575,459.813785390667,459.813785390667,121150
2021-05-21,479.3707580566406,482.55562735366954,464.7900900016708,469.7664292950506,159568
2021-05-24,477.7783508300781,486.7357620722698,470.66219130674807,482.7049391625501,101464
2021-05-25,476.2357177734375,506.59139048417904,464.79013625955133,473.00109691081747,289324
2021-05-26,469.0199890136719,481.9584714692214,466.0341853700835,479.5698346289838,69350
2021-05-27,484.39691162109375,502.0629173034955,467.77592511148293,472.6527318731182,275251
2021-05-28,477.3802185058594,490.56751752741997,473.0010460374835,484.9940114889577,76571
2021-05-31,479.81866455078125,484.94428820266154,471.75698842085495,478.1266969578113,60232
2021-06-01,487.1338806152344,491.66233736273017,478.4252865829998,478.72385480055306,74605
2021-06-02,489.0248718261719,491.61257435130653,480.16699389716445,481.70964693954375,47962
2021-06-03,480.6148681640625,491.9111650289405,479.221499163247,491.6623480511818,49865
2021-06-04,482.30682373046875,485.6907284689389,476.7830687381215,485.6907284689389,45048
2021-06-07,496.9870300292969,501.61501967187445,483.3518477024419,486.68600122925915,102941
2021-06-08,518.6838989257812,522.0180221471585,487.6812790316638,500.321193719098,253772
2021-06-09,500.6197509765625,525.1531288766304,498.0320483760068,520.5251088682747,195175
2021-06-10,495.4443664550781,503.9041439121632,489.67182457480453,503.60557568059164,279896
2021-06-11,482.3565673828125,497.833000993616,469.7664348951084,497.6339352702419,952739
2021-06-14,478.47503662109375,487.183630631358,469.7664426108294,487.183630631358,48239
2021-06-15,483.5509033203125,495.9917517623646,472.7522407979783,472.7522407979783,360241
2021-06-16,482.15753173828125,488.47745841382346,474.59348985215786,485.09355373068445,64296
2021-06-17,492.75714111328125,495.44434620710416,475.3399529428584,477.72858981731184,101797
2021-06-18,497.6836853027344,506.49181201020446,471.80672073168745,492.9064116850378,213516
2021-06-21,498.9775695800781,514.0558722460602,479.52006383941085,492.6576123171342,288238
2021-06-22,488.47747802734375,501.91359481093025,486.6860079387987,499.6244907674375,56013
2021-06-23,485.1930847167969,492.60784246840154,482.70491505158253,492.60784246840154,37158
2021-06-24,485.09356689453125,491.76187395330396,483.0034982363215,489.0746384822962,73297
2021-06-25,482.9537658691406,487.88035430084375,480.71441301348773,485.09358585657554,153059
2021-06-28,487.1338806152344,492.20972255263297,480.16700538944673,482.704926358146,33583
2021-06-29,503.406494140625,507.5866314904006,487.33292355139554,492.50832880605424,90684
2021-06-30,497.2358703613281,507.5866508931431,490.46803012551925,507.4871180242169,63574
2021-07-01,497.33538818359375,506.59136762351926,493.35431653232837,501.6150280594375,36247
2021-07-02,493.4040832519531,499.62450790212904,491.06519750885354,498.57948871016634,20176
2021-07-05,510.1742858886719,515.5487566854694,493.60311230015117,500.5202057730939,127087
2021-07-06,501.5154724121094,517.5392911552015,499.2263684658812,513.5582196847769,96911
2021-07-07,514.2052001953125,519.5298593208529,498.9775826464909,507.5866441640517,89622
2021-07-08,541.3760375976562,566.3074887032507,508.03455979175305,515.4493184978558,2432386
2021-07-09,533.8616943359375,551.3783840431079,527.740772813823,543.1176731101392,381063
2021-07-12,548.4921264648438,553.7172830453331,527.9398803627184,538.3901935236973,424913
2021-07-13,534.8071899414062,552.8215756545691,532.4683346391878,552.8215756545691,312821
2021-07-14,543.1177368164062,547.3476256378015,534.8570249144781,538.4399652646551,110223
2021-07-15,533.1152954101562,546.551412576229,530.179242843118,546.551412576229,92486
2021-07-16,529.0844116210938,540.4304904145179,527.9896411876642,540.4304904145179,41408
2021-07-19,519.0819702148438,529.0844006362977,514.304696360184,529.0844006362977,148791
2021-07-20,508.18377685546875,518.1364251109925,503.6055386116391,515.0511190346309,124651
2021-07-22,531.074951171875,541.176945112509,510.7715215409719,517.5393314179396,320639
2021-07-23,523.461181640625,535.0560166151545,518.036959255161,531.4730763539981,112621
2021-07-26,545.6556396484375,547.2978560225201,521.6697069647048,522.5156604020606,397765
2021-07-27,547.1485595703125,551.9755848650772,534.9565270923929,551.9755848650772,251651
2021-07-28,552.871337890625,560.0372791718675,539.0370892956383,547.3973642481436,277634
2021-07-29,561.679443359375,574.2696072270993,547.4471238217312,557.3500520748277,899294
2021-07-30,557.5988159179688,571.1842464410078,553.3689275330488,564.1675594642539,175149
2021-08-02,556.5538330078125,569.1937477409552,553.3689635145771,562.2766235477563,122810
2021-08-03,536.4494018554688,559.9377001613683,533.2147811578244,557.3500279017857,89627
2021-08-04,527.89013671875,543.1674752136748,521.2715806562752,542.0228927905499,63384
2021-08-05,530.1294555664062,536.3000677669783,516.1458933876027,524.6056702875875,47958
2021-08-06,532.6674194335938,543.8641838804336,524.9043415663851,536.7479937334637,54656
2021-08-09,517.0914306640625,538.340436997464,512.5629738213154,537.4944228258819,55779
2021-08-10,498.9775695800781,524.5061852346055,493.6528802208052,517.5393099089086,124548
2021-08-11,497.7832336425781,507.3875627939193,479.7191273491869,499.02731851640897,101695
2021-08-12,520.2762451171875,524.506133288872,502.610241576623,502.610241576623,126147
2021-08-13,509.4776306152344,524.5061819409264,502.6102881976618,524.5061819409264,244388
2021-08-16,520.5748291015625,527.4422014636262,506.491795306777,506.54157692244013,200507
2021-08-17,537.79296875,541.3759695264271,507.5866132224508,513.6079716810198,161505
2021-08-18,538.1911010742188,544.4612765102835,532.7171277854379,541.4257216539528,100180
2021-08-20,536.1508178710938,541.176908504258,527.7407921551868,536.4493860851404,90875
2021-08-23,505.7453918457031,538.2408836400041,492.956192888503,534.458877660574,130307
2021-08-24,510.6221923828125,514.1056300903698,502.56054655814154,503.9041339468091,121170
2021-08-25,510.2240905761719,515.7975662701396,506.8401555679085,513.7075280714839,41611
2021-08-26,525.1531372070312,527.4919924978757,507.03924908896977,511.51795468564984,71659
2021-08-27,531.7716674804688,535.1556028977402,513.9564071560972,526.496759356411,85032
2021-08-30,532.5678100585938,537.7929663478386,523.5108967891013,536.449379029136,218146
2021-08-31,547.9447021484375,551.0300689283079,526.3473776746596,537.245572771087,205494
2021-09-01,537.4944458007812,557.6486218464964,533.4636227409052,549.8357927149631,344164
2021-09-02,531.9706420898438,549.7859601085017,528.4872047702657,549.7859601085017,34933
2021-09-03,531.5228271484375,539.8333508317697,527.5915066661946,534.657945434028,30715
2021-09-06,534.0607299804688,543.4162725239187,525.6507648360924,537.444665133546,23220
2021-09-07,530.5772705078125,537.3948917791392,520.525089446104,533.4635715929478,87098
2021-09-08,521.8687133789062,535.4541448850243,519.5298580482951,535.4541448850243,28842
2021-09-09,516.8425903320312,526.6460152536222,513.6079697696122,522.1673098595035,462461
2021-09-13,527.3427124023438,531.4730987982807,511.5179880432305,524.2574059775175,136000
2021-09-14,533.8118896484375,535.9517398348893,525.5511786024766,530.477766633233,41284
2021-09-15,534.8569946289062,543.7148425055216,529.4825236616276,534.4588631697256,60401
2021-09-16,528.3877563476562,536.449402099223,525.5014551176062,528.5867613320744,39898
2021-09-17,540.82861328125,554.1651669923908,525.5512142260068,528.487266746085,187183
2021-09-20,547.6959228515625,581.634595286148,530.0299173159189,536.7977270056593,256789
2021-09-21,535.9517211914062,554.9115610174358,522.9137370449836,542.4209620228717,86846
2021-09-22,535.6034545898438,540.8286111614863,530.5773030048166,537.4446759403655,24691
2021-09-23,567.8003540039062,581.734105022407,536.5987287002969,537.892564859891,247626
2021-09-24,569.1439208984375,574.3193260966226,558.3452885468221,570.2885032750963,216876
2021-09-27,584.37158203125,605.1228938116186,563.8192752373058,574.2695883705657,571856
2021-09-28,563.1723022460938,592.1346338294377,559.1414795053611,590.0943468368525,120108
2021-09-29,560.0870361328125,567.5515457214328,548.4921402732884,561.530186802546,61089
2021-09-30,563.6201782226562,570.2884850487576,557.4993173178364,570.2884850487576,29643
2021-10-01,556.2054443359375,567.2032032817746,552.4731896926893,563.6202023764571,19549
2021-10-04,553.0703735351562,564.11782271401,515.3496965525765,562.326352677754,124068
2021-10-05,554.3642578125,560.7339971020577,550.8310686776839,556.3547937471948,24999
2021-10-06,550.8807983398438,562.3263795158297,547.3973605906307,554.3642360890568,456291
2021-10-07,549.6864624023438,567.1036510763491,547.3973583258839,555.6083187007722,51786
2021-10-08,555.7078247070312,561.3311128129999,548.3926297162463,554.6130542819933,120393
2021-10-11,557.9471435546875,565.3121500903115,550.0348125862268,561.3310786108024,270605
2021-10-12,557.9471435546875,567.2031833416104,552.8215504726173,558.0467067894732,221634
2021-10-13,564.9638061523438,567.203158762528,555.0111278848583,559.3405186326835,182701
2021-10-14,581.6843872070312,626.0235638828531,577.2554325151904,603.1324001796645,1189253
2021-10-18,587.9544677734375,607.1133734097281,571.3832341842968,581.6842926235532,237055
2021-10-19,574.8169555664062,607.9096127849087,568.3477143056464,593.1796602173678,195739
2021-10-20,572.1795654296875,591.139407617781,558.6438849405167,581.236479423541,145950
2021-10-21,566.954345703125,596.1654323204631,562.376077220814,579.7435130662266,118473
2021-10-22,562.9234619140625,576.4591408874802,553.617731976229,572.1795013558508,69555
2021-10-25,566.3572387695312,572.7767294680058,549.487434153743,572.1795929712657,99799
2021-10-26,566.904541015625,572.6273311324726,557.2504915025276,560.3357975278618,84909
2021-10-27,559.7387084960938,570.8856607223069,558.4448115891819,562.8240147825753,55076
2021-10-28,571.2340087890625,582.7790918361557,556.0064224565987,561.2315787983687,108643
2021-10-29,577.553955078125,587.2080659385852,556.6035777561927,571.3335306508095,123601
2021-11-01,579.9923706054688,582.2317233877293,569.4425551297966,575.264848065141,77167
2021-11-02,585.9141845703125,597.1606989173233,580.2411457813324,584.4212828230192,116419
2021-11-03,572.3287353515625,593.1796078784337,570.338199754655,591.0895698002109,39234
2021-11-04,586.7601928710938,591.0896447914381,575.4639262240227,575.6131799649311,19141
2021-11-08,586.959228515625,592.1843848525593,578.5492028335789,588.2033133577522,131478
2021-11-09,586.11328125,592.1843910445292,580.290927680167,592.1843910445292,103639
2021-11-10,579.1464233398438,597.1607482811246,577.3548924979343,585.3668478011055,29429
2021-11-11,576.8572387695312,585.3668277379413,572.5278477914139,579.1464034898817,91004
2021-11-12,583.7744140625,590.9901068253256,574.3193683732803,577.2554210260421,105376
2021-11-15,574.4188842773438,595.1204441415217,573.2743019107604,583.7743659510055,33153
2021-11-16,574.26953125,578.8975509043582,571.034910840013,574.4188457212994,49241
2021-11-17,573.7222290039062,597.160777366265,568.4970722019514,582.8288944109404,147821
2021-11-18,568.7955932617188,584.1724941527059,561.0822671938652,584.1724941527059,45215
2021-11-22,565.7600708007812,570.9852274687739,556.653344880889,566.3074560167328,42838
2021-11-23,567.6012573242188,575.1653296268275,556.3547424788322,570.2884927376939,28308
2021-11-24,577.8027954101562,579.2459460848925,564.7648095820371,565.3121948044999,42766
2021-11-25,600.84326171875,611.6916457120751,576.0610659537925,581.2364713410274,312194
2021-11-26,572.3287353515625,600.5943651261791,562.5751230759809,597.1109278315911,96044
2021-11-29,547.1485595703125,578.7483172171654,538.439964943227,562.3263959203757,106724
2021-11-30,545.9044189453125,551.6272091165714,524.0582773596755,538.439910026279,124962
2021-12-01,542.5205078125,552.3736843177824,538.5394362138132,546.4020769197522,31031
2021-12-02,549.1390991210938,551.3784520400288,541.7740918891728,542.4210403642883,19933
2021-12-03,557.3500366210938,571.283787536621,552.3736970084054,553.2694624372226,46961
2021-12-06,563.0728149414062,596.1654726467563,548.0940451819353,557.3500245111578,69009
2021-12-07,562.1273193359375,566.3074568255688,557.3500453819306,562.3263850728407,74903
2021-12-08,575.5634155273438,582.1322201277724,567.3027040907276,570.0396908209899,47795
2021-12-09,581.3858032226562,588.2033644511789,568.2980052480933,568.845390476911,93060
2021-12-10,581.9331665039062,586.9592573638596,573.5231404085191,581.1369643150787,63377
2021-12-13,587.5066528320312,592.1844242992925,583.0776983497697,590.1938884192949,68992
2021-12-14,584.620361328125,595.1701762745946,579.2458906217627,587.2080334481786,64540
2021-12-15,579.0966186523438,588.5516639527361,576.0113123791701,585.6156721670494,30027
2021-12-16,577.1060791015625,583.3763155944996,568.7458650215348,583.2270011079695,44097
2021-12-17,577.0563354492188,582.4308065863721,568.2482385400141,582.4308065863721,242608
2021-12-20,559.1912231445312,575.0657576693723,543.4660030973027,568.2979483669823,70203
2021-12-21,559.9874877929688,571.2837537471017,553.6675004108607,559.1912249049683,238478
2021-12-22,561.4306030273438,576.8075043667977,559.8879499180476,565.3121721700016,35933
2021-12-23,553.2694091796875,566.9543417972733,549.7361597977217,566.9543417972733,83712
2021-12-24,555.3594970703125,569.6415673648959,549.885523532881,557.1509671696598,34722
2021-12-27,564.31689453125,568.148651615337,548.6414252387152,548.6414252387152,25054
2021-12-28,565.3121337890625,570.9354213902491,558.0964419405225,570.9354213902491,33360
2021-12-29,561.082275390625,569.8903719563177,557.8974059797179,569.8903719563177,16974
2021-12-30,553.76708984375,569.0941792216089,549.387886737886,569.0941792216089,32212
2021-12-31,559.6889038085938,561.2813689662217,548.1438199608793,551.3784407777162,27339
2022-01-03,550.482666015625,562.1273129084744,541.8238836495148,559.1912603751421,35408
2022-01-04,548.5916748046875,557.0514518957091,544.1627205312982,557.0514518957091,21752
2022-01-05,539.7835083007812,551.3784033558028,536.6484509388849,542.5703069509074,420187
2022-01-06,535.0062866210938,538.639039020292,525.6009921290121,538.639039020292,203297
2022-01-07,535.8024291992188,541.5252194056125,528.7360516776818,540.9778342307885,155585
2022-01-10,528.6863403320312,544.5608760779003,525.2029025522125,537.4446860291657,61809
2022-01-11,537.4447021484375,540.3310035511024,523.5109506112558,523.5109506112558,73998
2022-01-12,524.8544921875,545.954183391481,516.6435321780001,542.4209945669623,129527
2022-01-13,534.3095092773438,537.3451247504537,512.6126827715769,518.634040982997,91996
2022-01-14,526.4469604492188,535.4541226682569,525.5014438082521,533.463586896256,29060
2022-01-17,535.9019775390625,539.4351662016343,527.840271633271,531.9209062017811,38394
2022-01-18,529.7313842773438,542.4210510683934,526.596265830432,535.9020579250039,99096
2022-01-19,503.9041442871094,533.8119336407324,496.63870049723823,529.9304251347468,230798
2022-01-20,511.6672058105469,519.0819638542164,497.9325208668249,497.9325208668249,46114
2022-01-21,502.16241455078125,518.2857669290455,500.61976143122394,512.413661929828,23004
2022-01-24,488.8755798339844,509.6766414411762,480.66462007543606,509.6766414411762,58797
2022-01-25,500.6197509765625,501.61501887114815,478.8233901597708,480.7143930848503,25586
2022-01-27,483.3020935058594,504.2524704431403,480.7143909169734,498.6292129387239,45106
2022-01-28,487.88031005859375,492.0604167861827,485.19307472622893,487.68124434020956,27753
2022-01-31,496.9870300292969,521.9185090523639,491.6125894645885,500.6197517757001,79889
2022-02-01,492.4088134765625,507.4871166978764,488.8756244376701,507.4871166978764,54422
2022-02-02,489.9703674316406,498.6789614217542,488.8755970571301,496.6386744076223,730739
2022-02-03,495.0960388183594,507.58663906168925,483.25232627505346,493.1552542256216,1607950
2022-02-04,494.39935302734375,523.5109404980027,490.5675653540082,518.5346007594285,998394
2022-02-07,475.0413513183594,497.6339445502049,469.2688097108432,488.9253505205763,147336
2022-02-08,480.9134826660156,484.69548870375957,470.66220461942794,479.61961611498,178471
2022-02-09,485.3423767089844,492.6078504733745,481.75940625821875,486.6362431798203,82868
2022-02-10,479.3707580566406,490.4679886062446,474.7427685884304,489.6717864685697,52087
2022-02-11,472.30438232421875,477.23097070916924,469.0200103163629,474.7428008931673,117909
2022-02-14,443.9392395019531,468.77118602785436,440.20698483612625,462.7995785625314,113160
2022-02-15,467.3778076171875,468.7711765897426,435.479453491587,447.82079963664347,87486
2022-02-16,476.335205078125,484.69544904868496,465.4370098342326,467.7758953857945,464287
2022-02-17,460.162109375,482.5058550076884,457.77347254291544,473.79726107694717,71512
2022-02-18,461.75457763671875,468.5223875486969,454.8374532336792,457.8232570842285,33077
2022-02-21,447.6714782714844,462.799562129055,442.9439558626392,459.81375850241596,199402
2022-02-22,455.08624267578125,465.1384544388242,431.0007475899291,431.0007475899291,54113
2022-02-23,470.81146240234375,477.6290535117058,459.61469865917576,461.95358427127064,240854
2022-02-24,459.1668395996094,469.7664363797309,448.21889298906484,465.73561364056917,159562
2022-02-25,470.7119445800781,481.65989099458056,466.88015726036934,469.7664279677416,126412
2022-02-28,459.66448974609375,476.58404419540597,450.4582615898504,476.58404419540597,85604
2022-03-02,449.4132080078125,464.49154098839534,444.48665012767583,458.7687505645149,107550
2022-03-03,451.0554504394531,460.6597801536552,445.97957778211895,455.73319161529633,119103
2022-03-04,449.7615661621094,459.06732727195737,446.1288443352952,451.8516348649727,73372
2022-03-07,441.7994079589844,449.71179979188935,423.984118896871,433.93679774421537,105413
2022-03-08,443.1430358886719,455.0364995345574,439.9084151887546,445.8800226347558,143724
2022-03-09,453.4440612792969,466.7806450636244,446.7260029548204,449.8113395192131,365242
2022-03-10,472.90155029296875,479.71914167985733,456.28059410596916,466.7806586055043,289450
2022-03-11,467.5768737792969,486.08886384343936,462.84935098627716,477.57933496527085,54261
2022-03-14,457.92279052734375,475.43951254713636,455.7331888849319,467.5768714323094,85495
2022-03-15,457.6241760253906,473.7475284278748,453.14547039949684,461.8043134254914,256858
2022-03-16,471.2095947265625,475.58876736845724,458.6692132364179,467.72615711114264,55230
2022-03-17,460.8587646484375,484.6954417459917,458.07202682462565,474.64323041132906,108931
2022-03-21,459.51519775390625,469.4678766710524,456.3303283511532,461.7545505102641,68136
2022-03-22,456.72845458984375,463.79486308486895,452.8469156729944,462.7995951383349,38938
2022-03-23,450.9061279296875,462.65030784199223,447.7212887465628,462.05314100354167,81233
2022-03-24,447.82080078125,452.29950630151654,446.27811732259215,447.8705520266534,40922
2022-03-25,449.0151062011719,454.3397955312092,446.87528629466135,447.97008705732156,184578
2022-03-28,468.02471923828125,475.7380452863337,447.37291078704396,449.2639136790302,205749
2022-03-29,474.9916076660156,482.30683284247226,465.5365625684208,476.7333264997831,224311
2022-03-30,482.6551818847656,493.65288006765155,472.6527212320759,475.73805780713195,130148
2022-03-31,477.0816955566406,492.60788157477947,469.866002954691,482.7049533718024,436662
2022-04-01,472.00579833984375,485.5414477617028,467.77590979383564,482.70492819151127,111907
2022-04-04,472.90155029296875,478.8234066185739,467.32804381707564,478.8234066185739,100531
2022-04-05,479.918212890625,486.4869569970954,470.3138529696232,472.35417047083536,183455
2022-04-06,481.7594299316406,500.12213541092024,475.6883198500614,481.70967868434906,171455
2022-04-07,479.5698547363281,486.63626306373317,474.74279923550574,486.63626306373317,62458
2022-04-08,494.6978759765625,496.93722865392516,478.32573795929864,485.6907140235474,201603
2022-04-11,490.16943359375,500.3709294198128,487.68126388007613,497.2855929002241,137761
2022-04-12,490.21917724609375,497.086549848002,483.799717708141,497.086549848002,86565
2022-04-13,488.8258361816406,493.6528917013374,485.34239843778033,493.1055064908546,56499
2022-04-18,482.505859375,489.7713331725939,478.77360479947197,483.70019298843516,29854
2022-04-19,475.68829345703125,486.8352754437127,471.8067244423148,485.98929167452667,211542
2022-04-20,481.1622619628906,497.33536478525366,477.7285756759538,482.1077482116837,188918
2022-04-21,482.3565673828125,493.5533309263929,479.9181793238873,486.6859886942966,56160
2022-04-22,479.5200500488281,487.68125877348723,477.23094608548394,482.0580013540994,49331
2022-04-25,470.26409912109375,482.7049483041915,467.7759292844742,476.7333406963046,47297
2022-04-26,473.6479797363281,479.520054175006,472.6527118527161,477.7285841337705,27274
2022-04-27,469.0199890136719,474.9915963008486,467.7759041621767,468.37307096552746,15740
2022-04-28,475.5389709472656,482.6053788217842,468.37306058536484,482.6053788217842,62707
2022-04-29,474.3944396972656,489.6718080767318,469.26881607353465,471.0602861489392,38590
2022-05-02,472.9513244628906,482.10777103967547,466.3327685421236,473.7475266441184,23033
2022-05-04,458.5697021484375,481.9584986768983,454.53887915131,475.73807406826506,33819
2022-05-05,449.81134033203125,466.78064590710636,448.86582367613,464.591044374054,222803
2022-05-06,439.0126647949219,463.7948287546012,425.5267668937163,461.9535771151699,110502
2022-05-09,432.3941650390625,442.8942295683257,427.9652105941125,430.2045634402445,38461
2022-05-10,422.9888610839844,436.6737948249368,420.0030573586856,435.9273438936121,41074
2022-05-11,428.1144714355469,432.8917754714857,408.0598297783884,427.0694523134293,65806
2022-05-12,413.5338134765625,438.0174099519741,400.3962650146833,425.97466225744586,112514
2022-05-13,422.4912109375,436.9225950566843,415.7234015688037,419.75422429420644,96205
2022-05-16,432.8420104980469,440.356301486085,423.98413212223903,429.95573961691844,56665
2022-05-17,444.7354736328125,447.87056148859944,432.84200990623765,437.9178823444083,59145
2022-05-18,451.4535217285156,459.71423307997077,445.4819143785965,451.4037401100336,312075
2022-05-19,454.33978271484375,463.9938932043813,441.8989343382051,441.8989343382051,548096
2022-05-20,457.77349853515625,466.03421024066256,452.8469101110549,463.79485738846506,118816
2022-05-23,457.92279052734375,467.47736893570044,455.1360220394407,467.47736893570044,193691
2022-05-24,459.3161315917969,467.7759086633684,454.93695894702824,459.81376553718343,210458
2022-05-25,446.925048828125,466.2830220864224,438.11695200506847,461.8043164313767,63547
2022-05-26,455.8824768066406,461.25694808773545,440.4558234307721,444.138327031053,108563
2022-05-27,449.1643981933594,462.79958078732784,443.44160767824724,462.70004792112735,20876
2022-05-30,465.98443603515625,471.75697762048674,450.8563520297057,450.8563520297057,111523
2022-05-31,453.0459899902344,472.5532178131477,448.0696501633345,469.7664796593509,218942
2022-06-01,454.7379150390625,456.4298826838279,450.3587421841703,454.3398139382845,25837
2022-06-02,458.37060546875,461.8042917701866,453.69286470273545,454.489066849625,27432
2022-06-03,458.32086181640625,467.5768410132694,456.92749284968653,463.6953023298483,43847
2022-06-06,458.0720520019531,461.8043066353205,454.8374313197014,461.8043066353205,34628
2022-06-07,462.1028747558594,465.0389272160672,457.32560097545826,461.8043065345215,27668
2022-06-08,463.6953125,472.3541554533002,458.9677899345793,470.5626549940832,32765
2022-06-09,463.7948303222656,464.79009819849364,459.66447471055227,459.66447471055227,10572
2022-06-10,462.1028747558594,467.97497967627504,457.87298617229965,459.81377073049345,60182
2022-06-13,462.15264892578125,471.8067291958114,456.9274925244277,457.7236946839392,95311
2022-06-14,469.51763916015625,494.64815402776395,464.7901165612993,464.7901165612993,192883
2022-06-15,474.3446960449219,478.72386881181035,466.0839540972423,469.56739181208917,49339
2022-06-16,466.0839538574219,481.70967231953284,457.8232422871593,481.70967231953284,44172
2022-06-17,469.6171569824219,472.75224474133665,451.10516827160177,459.813762253679,54755
2022-06-20,458.0720520019531,469.61716574246935,453.04596124495146,463.2972084886674,45638
2022-06-21,456.03173828125,464.9891488774697,453.9416697341659,460.11231214321873,12008
2022-06-22,453.14544677734375,462.70002435581034,433.58843930506725,455.63361643980045,72510
2022-06-23,460.9085693359375,470.3138327419653,449.31370440648044,452.84689329279524,24366
2022-06-24,459.9132995605469,464.7901061629987,453.84215933688955,460.9085674538295,19620
2022-06-27,471.1598205566406,481.1124996151804,458.42040351097614,466.78064784551634,28298
2022-06-28,475.1408996582031,478.52480451673205,465.58632153699415,467.775923113601,70702
2022-06-29,491.4135437011719,499.6245041782041,463.7948584602453,475.1409068629655,150038
2022-06-30,494.94671630859375,497.03678498077676,476.3849759811777,486.68600485802057,91604
2022-07-01,492.15997314453125,505.5960897015609,487.73101887091076,495.6434107704278,50304
2022-07-04,512.9112548828125,515.9468703790756,483.8992339169367,488.67650737952795,211334
2022-07-05,521.9185180664062,525.0038242993004,512.0155901791719,512.9112948533996,260828
2022-07-06,518.186279296875,528.4872782178415,513.5582590591454,517.5393308347977,59767
2022-07-07,517.9374389648438,521.7691960776586,504.25247497972214,519.5298433047932,65273
2022-07-08,517.539306640625,524.4564306767228,507.83544464111327,513.6079862966847,136128
2022-07-11,516.6434936523438,521.5203301989175,507.5865809187937,521.5203301989175,22306
2022-07-12,513.6079711914062,517.3402256968369,506.1434621805448,517.3402256968369,45385
2022-07-13,517.3402709960938,521.4209060604704,506.1932881210561,517.5393367364132,27529
2022-07-14,524.4564208984375,527.4919757796013,513.558225475989,513.558225475989,65341
2022-07-15,528.3379516601562,531.224252930113,516.0961683789022,524.456443215352,42575
2022-07-18,535.0062866210938,543.4163131403909,529.6816272652306,533.4636334125449,153950
2022-07-19,529.9801025390625,542.1223818263118,526.4469140047339,535.4540754291373,33832
2022-07-20,513.8568115234375,532.9162163629976,510.57243955858445,532.9162163629976,49690
2022-07-21,520.0275268554688,524.5062328283866,513.3592191465234,517.4398543696511,22492
2022-07-22,513.0108642578125,524.5061966460445,511.169582148162,522.6649752827274,32258
2022-07-25,518.5345458984375,522.465866025244,511.965802437027,513.0108215222975,23098
2022-07-26,522.4658813476562,532.3688088193796,514.1553581719669,514.1553581719669,115079
2022-07-27,510.8710021972656,525.9990864643331,508.8307151464339,525.5512037589476,24441
2022-07-28,531.9706420898438,538.439882826203,511.5676520751725,512.5629198807662,68857
2022-07-29,581.5350341796875,596.1654847698845,547.4471078802409,557.3500358449671,1921093
2022-08-01,591.0896606445312,606.068431164076,585.4663724204966,586.5113916202164,356939
2022-08-02,601.5896606445312,606.0186147009917,583.5752762146608,591.08959703629,190430
2022-08-03,604.2271118164062,612.4878839017828,588.452140055934,600.5446692198865,148806
2022-08-04,606.8646240234375,616.7675521366784,595.7176109900994,604.2271396942978,131476
2022-08-05,593.478271484375,616.9666317519883,589.1986314122356,607.1134546646347,128529
2022-08-08,600.2460327148438,605.91907176674,590.5919828986603,601.1417981032649,76285
2022-08-10,600.544677734375,617.8125515749073,594.3740045786416,601.1418141784035,349816
2022-08-11,613.0352783203125,633.5377728676658,607.6110560880326,607.6110560880326,401379
2022-08-12,626.72021484375,631.6965543919038,605.2722035404738,614.080300242173,257252
2022-08-16,631.9453735351562,636.9217131003653,621.9926944047382,625.9240148105199,497796
2022-08-17,618.8078002929688,636.8719364939011,615.0755457676794,632.9903674890681,98947
2022-08-18,610.0494995117188,626.7699888514627,604.1773943331157,619.0566622717107,84054
2022-08-19,608.3575439453125,618.9571720770044,603.1323871261503,618.9571720770044,66896
2022-08-22,612.5376586914062,614.378880060438,602.6347306544244,614.378880060438,46599
2022-08-23,611.2437744140625,613.9807610017328,594.7720428984746,602.6346832124954,211782
2022-08-24,618.0614013671875,625.0282770669787,605.4214861625851,611.2438401594974,67511
2022-08-25,625.1277465820312,633.9856552315226,619.1561391544188,623.0377082808998,351311
2022-08-26,641.4999389648438,650.7559186631624,624.3315669894836,629.3079066924865,201978
2022-08-29,639.01171875,644.2368750263354,620.1016293689767,630.5021906778054,633377
2022-08-30,644.28662109375,654.8862480391152,637.4690605912665,641.947765934999,173031
2022-09-01,647.9691162109375,674.7915966949047,642.5947063133768,650.9051684933152,247226
2022-09-02,641.6990356445312,657.5735722118371,636.9715126987204,655.1351534905199,130040
2022-09-05,646.973876953125,652.2487845980942,637.0211980960772,637.0211980960772,291844
2022-09-06,661.3555297851562,666.0830523833196,646.9241450118158,656.8768241658437,369696
2022-09-07,669.1683349609375,683.7987849492966,655.4336503632999,657.5735006042845,404469
2022-09-08,676.6328125,681.7584661425223,662.8483773006129,670.7607687284668,247202
2022-09-09,674.94091796875,678.3745434602547,664.191976572692,671.8057999371782,206236
2022-09-12,684.4457397460938,690.6164128101489,674.7916290688513,676.6826623573997,101094
2022-09-13,662.599609375,700.1212216345743,652.8957472775065,689.1235234066816,209257
2022-09-14,682.6044311523438,695.692227688506,656.8767815084606,671.8057992700165,230959
2022-09-15,679.9172973632812,698.1804392226026,669.6659892879646,692.4078974909123,71542
2022-09-16,711.1189575195312,736.1997222643088,672.3532583228383,675.786944934586,363414
2022-09-19,670.6612548828125,726.3962576789176,663.8436940178933,719.6781993061727,192379
2022-09-20,693.0050048828125,700.6685796216907,673.7963471646088,680.3650908000302,282304
2022-09-21,688.3770751953125,699.3747734666481,679.0712837762344,699.3747734666481,201888
2022-09-22,707.38671875,716.4934450908316,676.8319795298568,681.9576339396297,83628
2022-09-23,672.5523071289062,715.2493258422827,666.8792677496953,710.9696251243805,148975
2022-09-26,691.1140747070312,751.3775357032636,628.6112001225599,656.8768336255883,1197485
2022-09-27,685.6898193359375,715.5976070356581,669.6659699906786,697.1851512218061,386580
2022-09-28,678.47412109375,704.8984709695333,668.8200105775169,681.8082441693767,102087
2022-09-29,693.3035888671875,702.9079483179584,680.514420760926,688.6756296198663,122248
2022-09-30,715.00048828125,725.201984322206,681.7087646617415,693.0050311012429,310687
2022-10-03,714.95068359375,724.555043287509,696.6875416226048,724.555043287509,121776
2022-10-04,715.6473388671875,727.5905531251632,713.0099154996819,722.5644626075309,133426
2022-10-06,717.5383911132812,734.5574475835743,704.5999086574491,719.031292935108,117064
2022-10-07,727.6403198242188,733.3631101110548,698.7775514210458,720.9720736522742,118080
2022-10-10,726.2967529296875,737.344202365337,703.6544081141337,723.5597661937414,371508
2022-10-11,715.3985595703125,730.3275781788179,707.6354820431561,729.9295074637238,488477
2022-10-12,715.7966918945312,725.0029200475396,702.6591433539445,724.2564691162147,60038
2022-10-13,718.1355590820312,723.1118987066678,709.6260304731695,715.3488210415015,169980
2022-10-14,707.1378784179688,732.1190796624201,702.7089238915589,721.7683294310557,52565
2022-10-17,725.9981689453125,732.915292877062,703.6543928368013,706.6401964839165,194397
2022-10-18,752.3727416992188,768.3467785072608,715.6970850597214,727.5407967471601,538598
2022-10-19,758.8917846679688,782.7782146116164,743.3656295031309,751.4272753105789,248799
2022-10-20,755.7566528320312,776.3089591912028,751.128693561575,756.1547842891235,237237
2022-10-21,741.4248657226562,762.8231264808653,734.4082388791151,759.2899374351721,52249
2022-10-24,751.5765991210938,762.375231826897,743.4651412202246,747.8940956431593,23404
2022-10-25,746.69970703125,769.8396846233547,740.4792829473508,751.4272293350133,120412
2022-10-27,721.3701171875,758.3443416858944,703.2064791350773,753.3182512507909,111541
2022-10-28,722.2659301757812,731.3725950507636,711.7160539442132,725.0029169121364,48837
2022-10-31,744.2612915039062,751.2779177482682,709.1780995357673,720.2753604426606,80932
2022-11-01,738.5385131835938,763.9178439510459,732.5171546997975,745.455637051832,78978
2022-11-02,759.8870239257812,781.0862175520479,737.2944309734828,739.4840324516772,1571074
2022-11-03,759.439208984375,766.9534699752153,752.4225819763233,762.3752616320947,384773
2022-11-04,756.1050415039062,781.235556169175,749.6358001049261,762.2757146798922,219176
2022-11-07,787.9038696289062,796.2143324250598,758.1950859024965,759.8870535081663,368334
2022-11-09,776.9061279296875,808.0082509851985,752.4225609589229,792.233278469977,276171
2022-11-10,767.5505981445312,784.9180347305418,761.3799251638717,780.8373999910157,354203
2022-11-11,755.0101928710938,782.5791254205691,742.2707760989637,782.28055720449,211949
2022-11-14,770.7355346679688,780.787716793416,751.4770631405593,758.7923191147235,236562
2022-11-15,768.5956420898438,778.79713814866,760.3846818473818,774.6170007850493,286652
2022-11-16,769.5908813476562,778.9961748790565,758.3941177974964,768.595613476531,32755
2022-11-17,760.5339965820312,773.8705501081884,757.39887837171,771.3326290907692,45253
2022-11-18,751.5765991210938,768.446341881032,746.5006962472921,760.5340104610964,68636
2022-11-21,751.8253784179688,757.2495397493542,739.4840324473674,751.5765614487738,270104
2022-11-22,749.03857421875,757.3988486203183,743.465098448591,748.9390717303411,36099
2022-11-23,753.76611328125,756.4035974920905,735.5029717719143,749.4864734973373,152089
2022-11-24,752.9699096679688,771.1335486517299,750.6310544261265,755.8064596009028,644699
2022-11-25,739.2352294921875,762.3752080659921,716.5928848662066,754.4130649008121,56834
2022-11-28,736.3987426757812,750.1831787766605,728.53610197614,731.5219056727635,91949
2022-11-29,721.2208862304688,739.4840273448272,717.5881342067569,739.4840273448272,140673
2022-11-30,721.4697265625,746.3514241160925,718.1355426425195,719.5786932498942,265719
2022-12-01,715.249267578125,754.4627845780643,709.8747968679747,724.5549977145259,296354
2022-12-02,716.1947631835938,746.4509319227279,711.6663063458624,737.4935207396552,591768
2022-12-05,736.3987426757812,741.4248334158312,718.135540283635,726.3465004493497,151058
2022-12-06,780.588623046875,811.6907457676189,741.1760374336817,741.3751031683612,1456484
2022-12-07,771.38232421875,795.2190010425708,763.4699327725027,778.299447828899,433452
2022-12-08,751.2282104492188,781.2853136457485,747.4462045196906,772.1288366741369,179179
2022-12-09,736.19970703125,759.4889403688197,712.2137132403972,754.3135956802493,422983
2022-12-12,725.4508056640625,753.4178097046314,721.5692365070776,736.3987527007216,144055
2022-12-13,736.995849609375,745.4556264111031,722.763531374557,731.2233081762852,134536
2022-12-14,766.8539428710938,771.3326485724823,736.9959048618364,738.5385580097145,198620
2022-12-15,758.54345703125,784.2711080409122,750.0836798506057,770.6856768581681,284068
2022-12-16,767.7994384765625,776.3089669262959,748.9888507486617,756.9509939991877,130296
2022-12-19,773.5719604492188,778.6976143345164,767.3515361934353,778.6976143345164,98219
2022-12-20,772.8255615234375,778.2995352367394,766.4060711103892,768.3468557580087,245431
2022-12-21,749.8348999023438,786.5104996627431,737.4935529896775,772.8255653123948,301902
2022-12-22,765.311279296875,769.3421022239435,744.1120847483796,757.1998214496676,175014
2022-12-23,745.7542724609375,777.5530960252534,739.6831621857066,765.311312230699,193808
2022-12-26,759.0410766601562,771.2331082492599,741.5243254394414,747.3964302584401,192131
2022-12-27,779.394287109375,798.2048751744892,756.403622359865,756.403622359865,302557
2022-12-28,771.2828369140625,784.569638488955,766.4060001226636,782.4796002905435,73701
2022-12-29,774.8658447265625,780.240315916278,764.3657800791689,769.342119793226,368978
2022-12-30,785.863525390625,799.6480225314274,779.3445326634175,783.4749188302511,149898
2023-01-02,770.2378540039062,796.612453418808,766.6051018614342,776.8065978615376,106897
2023-01-03,759.8372802734375,781.58385929996,756.9509791033876,770.3373443291749,84533
2023-01-04,759.3894653320312,769.0435768439731,739.5338570708715,763.3705372341651,110684
2023-01-05,769.14306640625,774.8658571693119,765.3610603121023,770.63596834444,136885
2023-01-06,765.56005859375,770.9842806404711,753.9651635969883,769.1429986311516,64941
2023-01-09,757.4486694335938,772.825571577546,751.924944400304,772.825571577546,478847
2023-01-10,754.96044921875,771.1335525042688,747.695005738214,766.3562787599664,272980
2023-01-11,748.6405029296875,765.360990973337,743.365595375236,764.3657231047112,387223
2023-01-12,740.2802124023438,752.1239240794233,738.0408597467359,748.8893035768787,93205
2023-01-13,720.275390625,742.7186695972313,716.5928872495899,738.4887810266607,208392
2023-01-16,691.7112426757812,722.4152354082507,681.7585629250506,721.0218966909504,193877
2023-01-17,696.6377563476562,700.0714426414818,681.8082408160991,691.8106707401153,159134
2023-01-18,704.3013305664062,715.5975965612968,674.7916140035594,698.777545306039,556070
2023-01-19,697.28466796875,711.5667988128316,695.5927611321096,708.6307463521343,69495
2023-01-20,690.4173583984375,701.4150566081927,683.997868256801,694.945815220533,73244
2023-01-23,677.9267578125,690.7159260936552,673.7963717080758,690.6164236016846,52097
2023-01-24,708.9293212890625,716.2943281334941,680.8627540324524,682.7537873630404,249127
2023-01-25,709.3274536132812,715.3985635829263,695.8913367902643,714.6023614019399,73260
2023-01-27,709.377197265625,716.294321334914,683.5499830552671,710.4719676594699,123290
2023-01-30,687.5310668945312,708.2824394715482,675.2395323827128,708.2824394715482,185292
2023-01-31,731.9200439453125,741.1760233417559,685.7395887090443,696.637784452453,580592
2023-02-01,695.244384765625,731.4224096578539,680.2158636580813,723.5597688885922,400976
2023-02-02,692.7562255859375,701.6638856451676,683.1021145845317,698.6780818764648,152400
2023-02-03,687.7799072265625,696.6378163126587,677.9765421815586,696.6378163126587,91955
2023-02-06,691.3130493164062,703.5548929112592,677.7774303653515,684.9931225388447,133731
2023-02-07,696.3391723632812,706.0430338563582,691.7111525834362,692.208786506158,328583
2023-02-08,689.2727661132812,708.4814242700827,684.1471729198237,701.464797784231,167589
2023-02-09,707.88427734375,715.2492839302873,689.2230046545474,689.2230046545474,98038
2023-02-10,689.5216064453125,709.0786454744801,685.8391029727203,706.0430904518163,92350
2023-02-13,683.5997314453125,694.1496076119507,678.8722089297949,690.4173529944369,158297
2023-02-14,679.1708374023438,688.7253849176982,674.1944979159442,683.2514114826587,117984
2023-02-15,677.9765014648438,686.7348467817799,667.6256910698902,680.7632394184601,383708
2023-02-16,686.3865356445312,702.1117564094485,681.7585155832797,681.7585155832797,68513
2023-02-17,673.4480590820312,688.924463013284,670.3129408507884,685.142457084996,178063
2023-02-20,663.0474853515625,681.5594439433972,658.3697140848378,675.7869022881404,87222
2023-02-21,677.8272094726562,681.559464198568,647.4217864548284,661.0072179556806,186234
2023-02-22,653.0948486328125,681.7585537812079,650.2582984940966,681.7585537812079,270615
2023-02-23,670.0143432617188,675.1897483429289,653.6919258701323,658.3696970155786,85656
2023-02-24,664.7892456054688,681.6590496659308,662.8484609354448,668.023866473397,131897
2023-02-27,650.85546875,665.7347363105075,646.9738995615779,665.7347363105075,125614
2023-02-28,645.6303100585938,668.3224064222494,636.2747673380663,656.2796889222581,252605
2023-03-01,644.7843017578125,657.8720992872495,639.5591451447141,646.2274524002206,764655
2023-03-02,675.0404663085938,683.2016753966446,639.9572721510148,639.9572721510148,243935
2023-03-03,667.87451171875,694.3984255353256,663.4455574173152,672.9006024612704,137101
2023-03-06,665.4360961914062,673.4978026600976,661.9029072821335,669.0688483388597,54209
2023-03-08,673.79638671875,677.1305099763582,660.3602697014633,665.3366093374954,109345
2023-03-09,668.7703247070312,678.3746241713993,665.9337745442365,673.7964158071378,51590
2023-03-10,667.0783081054688,677.7276867548895,664.888706582339,677.7276867548895,57598
2023-03-13,668.2726440429688,673.7466174965623,663.7939384900286,664.8389576364483,50197
2023-03-14,659.9620971679688,671.3579263746792,656.8767910841358,671.3579263746792,62816
2023-03-15,666.77978515625,669.8153402995738,658.1209417133629,659.9621631496788,63429
2023-03-16,678.9219970703125,682.6044395664917,664.9882469877722,666.7797169919758,60982
2023-03-17,684.4954833984375,689.2727570656926,676.931471820811,681.7584967327222,49645
2023-03-20,684.5452270507812,717.5881323978396,666.4811517052077,696.6875071823684,64153
2023-03-21,675.3389892578125,690.0689413275795,671.8058005302156,683.7490147618639,56189
2023-03-22,687.2822265625,694.0500360383733,666.4313522004882,676.0854628444386,93669
2023-03-23,686.0879516601562,692.5571934730691,671.2087440875256,684.7941154468409,108907
2023-03-24,678.5736083984375,694.5974572410984,673.2987009394562,681.8082289129286,55001
2023-03-27,666.928955078125,680.3153196712288,654.8862385164002,677.9267133037683,88904
2023-03-28,665.3863525390625,676.7324310705579,662.549863279355,671.1091430513022,67467
2023-03-29,666.6304321289062,673.0001710338595,658.9171058476942,666.7797466135271,180605
2023-03-31,680.1163330078125,692.7064969418559,667.6754835656096,669.467014482355,288212
2023-04-03,686.9338989257812,689.7206368242901,671.40768364038,681.0617941694377,78193
2023-04-05,716.2445678710938,751.4272638050213,684.0476148880729,686.9339160939362,187310
2023-04-06,716.6426391601562,723.7588289428392,701.8629351454539,721.5692274138343,178674
2023-04-10,720.9720458984375,726.1972020461452,709.625968250598,716.5928431142083,30277
2023-04-11,699.424560546875,723.8583768734894,692.3083703174832,723.8583768734894,69355
2023-04-12,698.180419921875,716.8914439729385,691.8604931633811,705.0975438579651,89981
2023-04-13,698.8771362304688,704.5501754478964,692.905528790299,699.6733384065583,38807
2023-04-17,722.2659301757812,746.4509280968529,693.7017291780086,710.6212835482039,222516
2023-04-18,703.20654296875,722.2161968572891,702.2112750399154,722.2161968572891,59311
2023-04-19,681.758544921875,709.4767329971721,679.7680090242928,702.7089230946598,92152
2023-04-20,679.2703247070312,686.983650738503,674.3934878208589,685.7395658947173,44646
2023-04-21,698.2301635742188,701.6638498824841,671.805813717272,682.7537603111831,127519
2023-04-24,727.2422485351562,752.9201475652469,699.6733162437126,702.6591198692192,510019
2023-04-25,735.3038940429688,739.533782512537,720.6734441283726,731.4721370220096,96727
2023-04-26,736.6475219726562,739.7825792459608,718.7824519523501,722.5644576253659,82074
2023-04-27,738.0408935546875,742.4698478257022,736.2494234974039,741.4745799331745,33975
2023-04-28,760.6334838867188,770.2875945557117,733.6617484033342,737.5930079663642,105906
2023-05-02,774.766357421875,789.0484283827177,738.8869595292929,760.4344744658476,273653
2023-05-03,761.2804565429688,785.6645205905419,756.5031219284186,774.3184420004849,261439
2023-05-04,778.1502075195312,786.2616654553573,751.2282221364342,756.4036275266728,161145
2023-05-05,765.6098022460938,803.1811640072767,758.5931759737347,777.3041996154686,156991
2023-05-08,792.5317993164062,796.2143026152679,757.5979210876935,757.5979210876935,123019
2023-05-09,764.7140502929688,799.2498578327796,756.403587804439,798.7024726487662,261741
2023-05-10,769.8397216796875,779.6430862092672,759.7875401747751,765.3610161236971,189064
2023-05-11,757.1500854492188,772.4772360256597,752.4225627336305,772.4772360256597,134067
2023-05-12,759.9865112304688,773.3231248114632,752.9698849885881,760.2851401846021,86447
2023-05-15,752.6713256835938,761.1808538114778,743.8134173538764,756.4035801911157,66921
2023-05-16,754.2139892578125,761.6784983770433,749.436715570771,752.4225192184632,54431
2023-05-17,756.9509887695312,762.1761452415892,743.5646233728021,758.394139372985,42458
2023-05-18,755.5078735351562,775.2142274636784,741.5243710426588,741.5243710426588,144041
2023-05-19,735.2044067382812,750.9793785873537,729.8299358027097,746.4509218109669,127898
2023-05-22,716.443603515625,740.9272313286104,709.5265399180569,738.4888127222418,182064
2023-05-23,729.979248046875,737.9413911884401,717.0905166872004,726.5455616678088,141374
2023-05-24,728.9839477539062,740.4792792543553,725.301444565338,738.488743557435,126828
2023-05-25,761.8278198242188,766.356276582028,729.7304303180234,740.4793113987388,177984
2023-05-26,762.5245361328125,766.3562933007834,748.8396023238699,761.6287707122395,122695
2023-05-29,761.4297485351562,778.2995527811505,758.2448788809022,766.3563371374499,130888
2023-05-30,767.600341796875,771.332596295077,761.4296688772484,761.4296688772484,44985
2023-05-31,767.4013061523438,782.9275219212053,763.5197977698774,767.6003718826494,151573
2023-06-01,824.5794677734375,847.9682637814952,768.3965818090708,772.8255361811397,1044333
2023-06-02,822.73828125,847.8687971733345,819.2050314043046,840.0061560116582,270193
2023-06-05,830.9989013671875,845.8781678356435,823.1362610739,831.7951034958718,465247
2023-06-06,830.6505737304688,836.0250447452211,825.0770977307003,836.0250447452211,70567
2023-06-07,837.9160766601562,862.5987086474479,821.3448416812325,836.0747945812024,433529
2023-06-08,809.8992309570312,842.4942537697412,802.8826046076833,842.4942537697412,137302
2023-06-09,821.8424682617188,855.283445396542,798.7522408370398,808.7049198350625,325078
2023-06-12,811.49169921875,834.780993561197,807.4608761681089,834.034542598251,89201
2023-06-13,830.0534057617188,831.0486736343347,812.2380865433609,820.4490464924426,128844
2023-06-14,847.4706420898438,857.9209553510808,821.0960419543406,831.0487212507569,187143
2023-06-15,836.9207763671875,850.9540290387686,831.0486716343529,847.4705914929958,92522
2023-06-16,822.5889282226562,843.9374370571932,820.8472093788696,836.9208104357763,93768
2023-06-19,850.2573852539062,871.2077631495146,831.0487262456392,836.0250659237568,475987
2023-06-20,865.037109375,870.8594022227568,851.8498098556267,851.9493123459198,182578
2023-06-21,846.475341796875,874.2930915160679,842.0463875300354,862.1010598440964,106089
2023-06-22,848.3165893554688,864.887824561891,838.1649051440988,864.887824561891,38677
2023-06-23,840.8023071289062,865.7835677882134,828.6600266377914,848.3165676010299,95516
2023-06-26,846.8734741210938,873.7954584669507,840.0061013635465,843.9871729339898,156159
2023-06-27,851.202880859375,863.8427954779943,842.04640392916,853.9398676145498,91636
2023-06-28,857.3237915039062,860.9067316376227,849.958784761306,860.9067316376227,42881
2023-06-30,851.800048828125,863.8925786924577,843.9872197364102,858.1200367444709,113215
2023-07-03,841.2999267578125,862.3996179616511,838.4634375985366,856.8758933772908,111478
2023-07-04,848.4658813476562,850.9540510876786,837.219366272021,848.9137640501266,40513
2023-07-05,858.0701904296875,860.0607261047584,847.0226809852477,856.8758568753794,89008
2023-07-06,860.0607299804688,884.4447921099688,848.1672671190593,857.1246776972429,240989
2023-07-07,862.10107421875,865.9825826128705,843.0914207246252,860.906740579662,115002
2023-07-10,857.2739868164062,865.3854445515059,848.4658901439434,863.2954062467517,46723
2023-07-11,873.546630859375,889.0230342517999,858.0204154758609,858.0204154758609,383461
2023-07-12,880.3641967773438,885.7884189075608,867.873596952127,876.0348057699796,96450
2023-07-13,894.2979736328125,905.6938034184986,880.8618567689117,885.7884451016085,146148
2023-07-14,881.807373046875,910.3715743682018,870.8594259774443,900.717463439528,124697
2023-07-17,907.98291015625,916.9900726719675,877.2291679136623,878.3239383257902,136359
2023-07-18,894.198486328125,910.620407218493,891.113119288801,905.6440675547452,56769
2023-07-19,876.2836303710938,900.7174450460036,866.0821344465396,895.8904200534057,79759
2023-07-20,883.25048828125,899.8714739517332,876.8807495793772,876.8807495793772,108716
2023-07-21,886.7837524414062,906.6891116432336,881.0609616708809,883.2505633323491,130395
2023-07-24,881.0609130859375,895.6416121957767,877.030090219109,885.7884356356785,62962
2023-07-25,897.5325927734375,910.1227561851578,882.4045083300647,882.4045083300647,121213
2023-07-26,880.5135498046875,897.532607108853,877.8263142444683,897.532607108853,63258
2023-07-27,893.9496459960938,934.556564442408,881.8073653844233,881.8073653844233,406012
2023-07-28,935.05419921875,962.3245641863556,891.0135943061053,897.1345162365651,1293738
2023-07-31,931.7200317382812,948.9879048163234,927.0920118892557,945.5542185489492,124665
2023-08-01,937.7413940429688,961.3292545799238,931.720035612255,931.720035612255,196836
2023-08-02,924.1062622070312,945.5045224519974,907.2862100880362,943.5139866152564,87431
2023-08-03,915.3976440429688,942.4689428657537,910.6701215540271,920.6228004781149,94746
2023-08-04,925.4000854492188,929.0825888451128,910.6701326119745,915.3976551583208,55790
2023-08-07,929.6299438476562,948.4902821744734,925.4000553909494,925.4000553909494,103542
2023-08-08,923.4863891601562,950.3083770183194,914.345902497501,950.2584413313474,324516
2023-08-09,916.743408203125,928.9307032036947,909.550901237909,928.9307032036947,212485
2023-08-10,925.7839965820312,937.2720094880938,914.345919363862,923.0368630610163,67102
2023-08-11,929.7298583984375,934.0253639205569,917.0430845765467,921.9879369327858,33638
2023-08-14,927.8817749023438,945.4135301742227,916.0441513159374,929.7298831100572,85097
2023-08-16,918.4916381835938,944.0149943551858,914.2460681031604,926.832910305948,163789
2023-08-17,926.1336059570312,940.0191415761541,914.2460465944094,919.0909667718358,77057
2023-08-18,921.23876953125,932.4271075574526,917.1430065277232,926.1336254997818,157273
2023-08-21,914.7455444335938,934.0254151400379,909.501016701524,924.0358385075242,101975
2023-08-22,911.0993041992188,920.9390735451206,904.4062758108032,920.9390735451206,242197
2023-08-23,920.5394897460938,926.9827788897906,908.1523902919861,925.0347992456677,83525
2023-08-24,899.4114990234375,925.4343946767525,896.065015272517,923.0868076078882,83684
2023-08-25,897.2637329101562,908.1023985346434,893.0181630893564,899.4114551777584,104781
2023-08-28,897.8630981445312,911.8485048476284,894.2668750952058,901.0597747281175,86149
2023-08-29,900.1107788085938,906.0046533352885,895.1659262442023,897.913059783138,37981
2023-08-30,937.3219604492188,943.9650532787153,901.009873886547,901.009873886547,140702
2023-08-31,937.27197265625,991.9649015162869,904.3063716995154,939.9192346974496,426738
2023-09-01,964.7433471679688,975.9816206917995,937.3219475755143,942.0170607086663,162298
2023-09-04,944.1148071289062,977.6798192054129,940.0191053412188,970.9867910644683,75748
2023-09-05,971.9857788085938,990.9659738726876,941.567506629989,945.0139226648815,350831
2023-09-06,954.8536376953125,983.9732773475628,951.0076751623145,976.9306381659305,187849
2023-09-07,976.9306030273438,987.9690723798493,953.0055561682268,963.9940898347368,254519
2023-09-08,981.0263061523438,1023.8815509268609,960.397868142465,976.9306043506194,287507
2023-09-11,968.1897583007812,984.9722344830618,958.9993358050094,984.9722344830618,337841
2023-09-12,967.740234375,975.9816350806452,948.6101707726756,968.1897775168881,291573
2023-09-13,974.5830688476562,983.5237521002504,943.5155100057995,977.5799418280876,135520
2023-09-14,977.4800415039062,983.9732661025525,963.0450915479934,963.9941134913332,135646
2023-09-15,984.023193359375,996.8098387267016,970.8369405546334,980.9763848065738,411137
2023-09-18,978.6288452148438,993.1636662191505,971.8358847021824,986.9701168543006,63388
2023-09-20,966.7911987304688,984.5726326556708,956.2022720591508,971.835922654337,50186
2023-09-21,946.6122436523438,973.0346856584739,944.4645212902591,968.8890479987089,49919
2023-09-22,954.553955078125,969.6881876234837,944.6643110833714,946.6122296926549,67073
2023-09-25,978.578857421875,982.8744239530685,948.3603895015327,953.8047207095872,338711
2023-09-26,987.919189453125,991.5154126383327,957.5009165302357,986.8702961050674,210918
2023-09-27,968.2396850585938,998.9576322502902,963.5445719927104,998.9076965629847,397677
2023-09-28,959.9483642578125,974.6829895691573,954.4540971925653,973.883835644883,30979
2023-09-29,933.8755493164062,968.5893281967072,922.287664783827,966.4915414875198,184414
2023-10-03,967.6902465820312,973.9337316289223,932.1773158296222,954.0045151649396,115624
2023-10-04,957.4010009765625,967.7901235719754,949.0097326362181,963.9940968357373,142360
2023-10-05,948.0108032226562,963.4447110015683,940.2189458014346,960.5976451360498,29637
2023-10-06,953.5549926757812,960.9972392069822,944.0149595120563,948.0107900285095,103215
2023-10-09,934.8744506835938,947.2615493799439,924.0357850529376,941.3177394331344,177279
2023-10-10,938.97021484375,947.9608333062693,932.826601172415,935.0742557880449,81131
2023-10-11,927.5321655273438,953.0555209466323,926.0337290725338,953.0055852591124,51496
2023-10-12,933.5758666992188,938.0212404697672,915.1450857225182,932.4770376644929,110566
2023-10-13,934.0753173828125,944.0149579705662,926.0337206758887,929.030593558335,62257
2023-10-16,937.172119140625,941.1679496357569,927.482217995623,933.2761600192575,129610
2023-10-17,942.1669311523438,949.0097666601737,932.0774223133507,943.4655639018873,168627
2023-10-18,931.4780883789062,944.9640168774768,927.0327145684033,937.0222912340112,47801
2023-10-19,936.0233154296875,942.4666044484574,927.0326966048559,931.4780703292188,27930
2023-10-20,935.0742797851562,944.0149627910826,922.7871130986905,934.025386465251,42435
2023-10-23,920.5894165039062,938.6205900162918,904.7559620309652,936.5727390139941,300758
2023-10-25,898.2127685546875,924.035798647187,890.0712395617768,924.035798647187,232531
2023-10-26,881.9297485351562,896.8641777937559,841.4719631770403,889.1721915930906,462304
2023-10-27,819.39501953125,856.8059960430768,811.6530976764897,814.1504918231866,1255757
2023-10-30,808.2066650390625,831.5822981629352,803.9610950764621,824.0401801883876,367488
2023-10-31,792.7727661132812,819.0953367558362,785.9299306040404,814.1504841973854,388336
2023-11-01,804.4605712890625,810.1546420029961,791.7238614425296,794.171319842641,287750
2023-11-02,808.8060913085938,817.3971027694348,798.3170359110024,817.3971027694348,283261
2023-11-03,819.494873046875,825.7383582775349,802.1629824351775,812.3523625259214,170633
2023-11-06,829.1348266601562,835.2284437686833,814.3003303549107,824.1400385477457,64220
2023-11-07,827.3866577148438,836.1275369843938,806.4584831551567,836.1275369843938,488095
2023-11-08,813.7508544921875,836.3772690190902,811.1535890636026,836.3772690190902,257339
2023-11-09,810.0047607421875,819.1452473419954,805.2097763666875,819.1452473419954,303145
2023-11-10,817.5469360351562,824.6395107089699,801.7633569499924,809.1556676853611,101051
2023-11-13,824.33984375,830.1337857765159,816.9974686286226,830.1337857765159,70353
2023-11-15,850.2128295898438,871.0910688159037,823.2909697608931,832.7810674142773,307344
2023-11-16,846.81640625,850.862172510247,836.4272223731479,846.0671880176751,76778
2023-11-17,871.19091796875,879.9317971633686,840.6727748035597,840.6727748035597,115665
2023-11-20,878.33349609375,881.5801083909404,858.8538223106074,871.190924651317,310639
2023-11-21,870.8912353515625,884.0774880455315,861.7008131120366,884.0275523591578,185781
2023-11-22,869.8922729492188,879.0826951381516,866.0962462327016,879.0826951381516,24682
2023-11-23,870.2919311523438,878.4833962110405,859.1035930944803,875.3865908623125,19380
2023-11-24,868.79345703125,879.0327726683416,861.8506893561832,874.3376596453195,71741
2023-11-28,885.575927734375,892.0691522468097,861.8007486369976,869.0931270489637,199633
2023-11-29,881.6300659179688,897.0639738766347,877.134756472039,892.96827188118,83078
2023-11-30,898.862060546875,906.0545676553146,877.3844715671735,881.6300414817657,84376
2023-12-01,893.16796875,918.8411913499239,885.076436551629,907.0535038249199,92077
2023-12-04,868.2940063476562,927.3323793985985,862.5499998285792,927.3323793985985,213647
2023-12-05,863.7487182617188,879.0826931224573,860.1524342978431,879.0826931224573,80022
2023-12-06,865.7466430664062,874.0379790922871,860.3522475465861,869.0931266943743,62370
2023-12-07,863.0494384765625,880.7310003498969,858.6540006084167,869.1929911888976,127839
2023-12-08,865.8465576171875,877.034895678599,860.6020298669824,862.1504020560689,104102
2023-12-11,848.0651245117188,869.0931712305174,844.1691652175876,869.0931712305174,294713
2023-12-12,842.9703979492188,854.1088002593443,837.8757382661112,851.1119272759781,336348
2023-12-13,851.5115356445312,863.8985740728401,842.1712449200759,846.1171398800577,397071
2023-12-14,834.3294067382812,855.8069953190948,831.3824695991652,853.8590157883887,234486
2023-12-15,850.2628173828125,854.1087798978318,834.3294308734522,838.6748722071253,342110
2023-12-18,831.1826782226562,850.1129373773639,827.1369120428405,850.1129373773639,92982
2023-12-19,825.788330078125,840.6727618370347,818.1462799972297,834.9287555977379,269438
2023-12-20,803.5115356445312,833.5302608424661,799.2160300814656,827.1369076986934,277005
2023-12-21,816.8975830078125,820.0443238580275,798.8164747123031,802.1629583066627,60355
2023-12-22,820.3939819335938,827.1369461686644,812.7019957229835,819.145284853025,220566
2023-12-26,821.2430419921875,828.4854847987327,815.1993605341361,822.1421282464415,196100
2023-12-27,802.2628784179688,830.8331042927207,801.1141136832127,822.1421603907588,109326
2023-12-28,818.2461547851562,823.1410714676917,795.0703869870795,799.9153070118376,732381
2023-12-29,815.99853515625,828.1358950391048,809.3555033410898,823.0911710814851,169994
2024-01-01,818.3461303710938,821.7425498450576,812.8518632202487,819.1952199967004,44169
2024-01-02,823.0911254882812,825.1389763709243,810.304480421634,814.150442787292,68025
2024-01-03,815.0994873046875,826.1379568800596,811.35339620638,825.1889349408482,55311
2024-01-04,815.6988525390625,830.6332815207849,809.1556921609571,823.1410991859613,186879
2024-01-05,822.2420043945312,824.1400482882942,816.1483872139835,819.6946746214018,51782
2024-01-08,822.891357421875,832.9308695275251,813.2014561022359,823.1410968323216,96957
2024-01-09,816.3981323242188,830.1337998916192,814.1504776313714,824.9392079627315,84103
2024-01-10,815.2493286132812,827.1369492532411,805.4096199703208,819.1452879077992,107692
2024-01-11,813.8507690429688,823.2909305587679,807.157740927604,817.7466671006648,93253
2024-01-12,825.6884155273438,831.2326181704394,811.4532693232018,813.1515094857223,72042
2024-01-15,839.9735107421875,843.0203803342453,826.4875825454035,826.4875825454035,81911
2024-01-16,864.5479125976562,867.8943963450995,839.1244281458353,839.1244281458353,217164
2024-01-17,858.9037475585938,866.6956047828407,844.1191870100034,866.6956047828407,105497
2024-01-18,846.566650390625,858.1045987499407,811.2035261233756,858.1045987499407,75264
2024-01-19,843.7695922851562,856.5562378414863,839.1244148855684,850.8122314300673,147989
2024-01-23,826.8372192382812,851.4115518549619,812.1525302969087,841.9214546374703,76523
2024-01-24,831.582275390625,838.1254355477338,809.6551436369944,827.7362520057276,130664
2024-01-25,827.0869750976562,834.0297427629195,820.144207432393,833.9797461046059,40301
2024-01-29,814.4002075195312,832.7310556338101,807.7071792070018,832.7310556338101,166009
2024-01-30,815.0994873046875,825.9381531605096,812.5021608936067,815.1494229916913,61278
2024-01-31,830.63330078125,837.1265256219934,814.1504992624399,824.0901402514238,128438
2024-02-01,828.7352294921875,838.5250630910549,796.0193669504852,799.1661078889119,764398
2024-02-02,845.7675170898438,855.757093570104,832.3315245295865,843.5697980698793,177570
2024-02-05,836.6769409179688,852.1108483132602,829.7841699354011,852.1108483132602,46291
2024-02-06,829.1348266601562,844.1191909973879,818.7456429977284,844.1191909973879,95912
2024-02-07,813.351318359375,839.1244131400848,809.205619786795,839.1244131400848,53078
2024-02-08,795.3201293945312,820.1442017331638,789.1765156750297,813.3513021469766,132823
2024-02-09,781.1848754882812,802.1130502676006,772.9934106354013,796.069368732107,104477
2024-02-12,776.14013671875,788.2274995580733,755.2618980273356,781.184860516268,122279
2024-02-13,813.351318359375,819.1452604462733,766.3003771825277,786.1297228140568,80030
2024-02-14,819.9943237304688,825.1389797726282,797.3679706138124,806.8081321529755,82686
2024-02-15,815.3492431640625,824.7394084570484,809.3554972858237,819.994359636776,30391
2024-02-16,823.9901733398438,828.2357432499438,813.151507487379,814.1504651132849,149842
2024-02-19,816.1483764648438,829.7841723819093,813.1515036014478,824.1400374338998,22384
2024-02-20,803.1119995117188,824.1400454466879,799.365908396052,818.4959104438026,40193
2024-02-21,821.8923950195312,824.1400497005327,803.1120036570262,803.1120036570262,39080
2024-02-22,812.002685546875,829.9339872082941,804.4106319438426,828.1358756677374,57098
2024-02-23,793.072509765625,806.1088950195731,784.181762213066,804.210851079105,111322
2024-02-26,800.764404296875,817.9464875657708,775.2410492844526,781.1848593214224,235430
2024-02-27,789.2264404296875,801.813342784473,746.9206104184196,799.7654309253159,533750
2024-02-28,748.968505859375,794.1214043022236,743.2244993122707,789.2764230665266,180606
2024-02-29,748.0194702148438,756.2109350744221,727.3910314882714,749.2182315796783,250091
2024-03-01,728.040283203125,755.2119419874565,724.4440602489408,750.317025382258,362027
2024-03-04,735.2827758789062,754.2130357927808,729.3889622483484,754.2130357927808,291131
2024-03-05,794.37109375,804.0609946403456,721.7967999008472,743.174516876598,1676148
2024-03-06,768.0485229492188,787.5781927194276,762.2046454038704,778.3378349605996,536544
2024-03-07,758.7582397460938,769.2472946409317,754.2129948193041,765.1016571463684,112756
2024-03-11,746.6708984375,772.6437970157634,743.3243537685332,754.3628844415235,99159
2024-03-12,745.7218627929688,754.4128062750168,739.2286382676448,746.2213416026091,38461
2024-03-13,715.0538330078125,745.7218433129112,711.6574137739017,745.7218433129112,86558
2024-03-14,739.0288696289062,757.5595221518475,708.2110499998864,715.0538856281531,168484
2024-03-15,739.4783935546875,741.2265694259752,721.2474166112589,725.8925940292947,88285
2024-03-18,739.4783935546875,741.6261768708838,725.2931828619318,729.2390777371454,59751
2024-03-19,730.0382080078125,739.1786945130781,724.3441374457552,738.379540620683,20406
2024-03-20,741.6261596679688,747.969516150885,723.4451188340009,729.2889965081354,274976
2024-03-21,743.9237670898438,745.2223998282132,735.4825628331392,745.2223998282132,57780
2024-03-22,760.306640625,765.2015574831541,746.1214908170319,746.171426505067,40324
2024-03-26,754.8623657226562,767.599075643928,753.2639969143204,759.2078070718876,46669
2024-03-27,783.6822509765625,788.5771676912249,755.7613733714272,757.909156637797,75203
2024-03-28,803.6115112304688,823.4407966260142,779.1869839619687,783.6822934848263,181917
2024-04-01,801.1640014648438,822.1421112288858,796.1692134257861,803.6114597982887,592362
2024-04-02,802.8123168945312,811.1036529585447,794.7706592643544,794.7706592643544,32024
2024-04-03,808.3065795898438,820.5438103890962,799.2659643854137,803.6114665990891,854639
2024-04-04,809.0057983398438,815.5989551672635,802.4127024839579,812.5521466425213,120325
2024-04-05,809.85498046875,829.0349795766743,807.2077183029957,808.6062834040614,222658
2024-04-08,820.693603515625,824.1400194275377,809.155655437946,814.1504434344766,207561
2024-04-09,809.605224609375,826.6374400314254,799.2659765408645,814.3003376715342,74343
2024-04-10,807.0078735351562,817.9464714598154,799.1660807563479,813.601030284316,91363
2024-04-12,825.5885620117188,830.1338071247734,807.7071956886476,811.2534831517327,306421
2024-04-15,828.1358642578125,852.6602615538908,808.7560621049026,830.1337794912451,362654
2024-04-16,833.8798828125,838.9745423440341,817.1473424865229,820.6436941964286,68610
2024-04-18,830.4334716796875,842.2711562644214,811.5532089179455,833.8798877226235,51706
2024-04-19,812.7019653320312,828.785219711245,806.2087407558881,811.7529433919802,84261
2024-04-22,815.6988525390625,823.9901887952935,810.7040643158467,816.9475495948665,35638
2024-04-23,814.6998901367188,827.0869892465698,804.1608992415864,815.6988477755282,37265
2024-04-24,818.5958251953125,827.1369005611481,814.2003873254562,815.349212964849,20398
2024-04-25,821.9423217773438,828.1358712475674,811.2534629939548,820.1442102463845,24015
2024-04-26,885.725830078125,895.8152780150774,822.2420222623028,824.2899342343254,526774
2024-04-29,860.9515991210938,891.9192852947909,855.1576571280638,890.8703919896661,224414
2024-04-30,847.1160888671875,863.2992150233443,838.8746882384678,860.1025383427458,58529
2024-05-02,830.5333862304688,864.0983377353916,828.1358635637453,864.0983377353916,65307
2024-05-03,841.621826171875,853.1098392294139,825.089089139898,831.3325744972561,56175
2024-05-06,850.312744140625,857.6051226220794,825.3887391572431,841.122321779605,43237
2024-05-07,883.9776611328125,899.0618974683896,838.4251550781585,841.8216355238761,239388
2024-05-08,865.7965698242188,888.6726624321662,816.1983002685058,885.6258539263792,447019
2024-05-09,848.1150512695312,863.5489592731604,827.9360943924859,854.1087972148989,652207
2024-05-10,843.7196044921875,856.8059862542927,828.1358895834535,848.1150425287719,48740
2024-05-13,826.9371337890625,841.721694873994,821.1931272785474,840.0235156394187,212855
2024-05-14,829.1847534179688,843.1202242958382,824.2399010456236,829.1348177316893,380576
2024-05-15,835.7779541015625,843.0703328555662,831.0828408857398,831.0828408857398,112130
2024-05-16,838.6748657226562,844.9183509075541,830.7331403731591,839.3741482576718,103288
2024-05-17,839.7737426757812,844.0692482220737,835.9776549650011,841.1722467525908,71123
2024-05-21,848.4646606445312,854.1087957889441,826.7873282888715,839.9735205694365,36887
2024-05-22,865.9963989257812,874.0879313877277,844.119202311577,844.119202311577,171181
2024-05-23,863.5489501953125,885.3761503949588,856.2065749065,880.2315550955215,66859
2024-05-24,863.099365234375,868.0941532276295,855.7570512729042,867.8444138279667,70499
2024-05-27,861.1015014648438,869.0931627313388,849.6634240828653,865.0973320980912,319646
2024-05-28,849.8132934570312,881.0806560170712,844.7685694689279,863.6488326578002,26492
2024-05-29,835.1286010742188,849.8132908233001,831.1327704470694,844.3689593995017,99622
2024-05-30,843.170166015625,848.7143686060645,825.4886039672623,839.5240072896584,56611
2024-05-31,829.6343383789062,861.1015047352404,818.7456754733377,837.176456533498,46796
2024-06-03,818.2461547851562,849.1139693538083,814.1504529686515,839.5240006767788,77107
2024-06-04,787.977783203125,816.647879991634,750.0173924512203,816.647879991634,40330
2024-06-05,789.3763427734375,801.1640307826658,751.2161485642952,781.1848778953175,255970
2024-06-06,811.8529052734375,819.145284022255,791.22440513475,791.7238839664709,72672
2024-06-07,817.34716796875,839.3741721333115,805.8591549017663,814.6000344092539,143600
2024-06-10,818.4959106445312,837.5261022940135,813.3513154273417,829.2847018375255,36486
2024-06-11,824.5396728515625,834.5292494018769,818.495930261393,819.0454057488896,132147
2024-06-12,818.4459838867188,836.6769608530054,816.1483935044528,828.8351677520116,44107
2024-06-13,808.3565063476562,825.788328753253,806.458462509103,822.7414592800701,61906
2024-06-14,804.2607421875,812.6520104454952,801.3138660344081,812.6520104454952,196906
2024-06-18,807.3076171875,810.0047539581997,792.3731887185619,809.0557930056007,238815
2024-06-19,815.99853515625,831.7821148642607,808.6562207890897,811.0537435469369,246408
2024-06-20,819.0953369140625,832.1317220459249,809.8549786560495,816.0984639655177,103313
2024-06-21,819.2451171875,824.1400338986633,810.3544309804835,824.1400338986633,99260
2024-06-24,837.4261474609375,843.1202179995539,814.6998619639115,819.2451068690101,174400
2024-06-25,878.932861328125,887.0743905398245,836.6769650541501,841.0724030895834,301152
2024-06-26,849.2638549804688,897.0639532688178,837.9755849650027,880.1316092171539,209158
2024-06-27,842.7206420898438,919.0410302989347,838.1254613269633,844.119207176739,798847
2024-06-28,838.8746948242188,853.8091240326638,821.8424789187906,849.2638788748422,273786
2024-07-01,825.4885864257812,848.0650647154904,820.743537836965,841.2721652458073,55561
2024-07-02,827.23681640625,835.5282137870267,815.1494530716215,826.6874018858645,123045
2024-07-03,834.3294067382812,836.1275182391124,825.1889202327169,832.431362893689,29613
2024-07-04,822.5916748046875,839.1244114308332,821.1431740430296,839.1244114308332,37336
2024-07-05,852.710205078125,857.1056430206911,823.7904305855988,829.1348294955404,192354
2024-07-08,840.6727905273438,877.4844161784048,832.1317148917298,857.8049384578466,208503
2024-07-09,835.2784423828125,856.9557740642035,832.4313765691514,841.0224487255341,49385
2024-07-10,855.0078735351562,874.0380044957055,835.2784600281528,839.7237727752869,235918
2024-07-11,849.2138671875,870.5416494299321,847.4157556259702,855.107741664691,49019
2024-07-12,852.9100341796875,875.9359959475735,843.1701970373282,857.1056685276266,94478
2024-07-15,852.360595703125,862.5000400113249,840.173300452764,847.1160681585116,61149
2024-07-16,850.3626708984375,861.9006191727085,848.1150162617015,850.1129314943557,85852
2024-07-18,850.3626708984375,857.9047887074001,848.9641058469658,851.1118891106828,27691
2024-07-19,849.6633911132812,854.5083721510156,847.1160613777377,850.3626736412726,49490
2024-07-22,837.1764526367188,853.5094469190468,831.3825104177811,849.1140088376256,115286
2024-07-23,835.2784423828125,847.815348380011,825.1889337891981,837.1764252870519,25711
2024-07-24,856.3564453125,882.8787587210471,830.1837426927772,835.2784632898065,274900
2024-07-25,832.1317138671875,856.8059797619983,820.8435047329242,844.1691412312233,113244
2024-07-26,832.68115234375,845.9672771398524,808.4064931946771,824.4397515790221,96028
2024-07-29,836.7769165039062,847.1161039978117,828.0360368930798,836.976659260638,30712
2024-07-30,829.4844360351562,847.1160624307304,819.1452490485837,847.1160624307304,20144
2024-07-31,827.836181640625,835.6779744719386,821.3429571910038,829.4844251103009,38680
2024-08-01,812.9517211914062,843.1202543346549,807.4574541311686,843.1202543346549,305621
2024-08-02,809.5053100585938,820.2941014927363,801.114102352805,809.4054386818665,99019
2024-08-05,790.025634765625,813.7009433144312,784.6812357155658,805.1598675833812,42617
2024-08-06,785.8800048828125,800.0152192170663,782.1838493391375,787.2785090266781,23067
2024-08-07,800.914306640625,811.0537513128724,782.4335898675017,789.9757080319555,33837
2024-08-08,793.8716430664062,807.1078317024391,790.175487630339,807.1078317024391,12090
2024-08-09,799.2659912109375,803.3617541580114,794.1713315856066,796.6687257100897,15244
2024-08-12,784.9808959960938,809.1556829145134,779.1869539176796,785.7301142210146,109747
2024-08-13,794.87060546875,799.1661111217222,769.2972533299336,784.9309647673665,176833
2024-08-14,794.9205322265625,799.6655809580436,779.1869495905985,794.8705965394854,29659
2024-08-16,804.8601684570312,806.9080193883773,789.5761290306112,796.1692249489777,21170
2024-08-19,804.8102416992188,806.4584852113296,793.1723608820457,799.1661066821619,50328
2024-08-20,807.6072998046875,811.1535871601571,798.6666169144651,799.2160314109686,36737
2024-08-21,814.4002075195312,819.694670762027,800.2149969851109,805.2097851330382,34158
2024-08-22,845.8673706054688,854.1087710276655,815.2492949513601,818.5958395845064,189878
2024-08-23,877.0847778320312,886.0254605976327,839.1243888142441,845.86735265293,176315
2024-08-26,887.7237548828125,893.567632844269,856.4063954495068,874.1378940330571,144924
2024-08-27,863.7487182617188,887.6237684579198,858.7539302326138,873.0889474875314,65969
2024-08-28,866.2461547851562,884.0775245354774,844.1192183417836,879.0827362612657,270558
2024-08-29,848.36474609375,868.2939625089225,844.4687870454185,859.9026942378392,18373
2024-08-30,821.8424682617188,857.0557253133491,819.1952061089393,848.3647815914055,72627
2024-09-02,818.645751953125,844.8683889131854,812.2523989342494,822.4417786330366,45151
2024-09-03,818.5458984375,828.135867203474,815.1993538266763,820.1941419280241,40903
2024-09-04,816.2982788085938,835.1286063698249,814.2503668219645,824.0901363866365,196089
2024-09-05,818.9454345703125,821.5427609331645,810.8039666507545,812.0526636603371,63642
2024-09-06,823.14111328125,834.1296475604901,815.5989951293518,818.9454789075965,95607
2024-09-09,798.5167846679688,832.13173446442,794.6708220485548,827.4366212473241,69263
2024-09-10,798.61669921875,803.9610982156892,788.1775796638757,799.1661137276305,137200
2024-09-11,794.6707763671875,807.157746454667,793.0724685846036,805.1598312406702,31710
2024-09-12,799.8154296875,805.1598284779899,790.425203825322,796.5688174758952,31967
2024-09-13,852.4105224609375,888.1232572715844,799.9652475641833,807.1577546014736,1093802
2024-09-16,844.7685546875,865.7966008657957,832.231587498102,852.1108689705546,127011
2024-09-17,850.7122802734375,857.5551765169205,832.4813038055154,845.0682063334121,66510
2024-09-18,847.8652954101562,854.1087806488172,841.2222027276068,849.7133426521857,64773
2024-09-19,859.25341796875,862.1004227863252,839.1243976135727,853.1098042404656,111400
2024-09-20,875.186767578125,880.5312275568028,856.2065723408598,869.0931503379331,136734
2024-09-23,874.487548828125,881.0806449116385,867.095237849549,869.0931531441332,43255
2024-09-24,894.766357421875,898.0629053919657,874.2877260975866,881.08062575719,160950
2024-09-25,893.0181884765625,915.0951277837231,873.0889714980606,898.3625874260658,127446
2024-09-26,875.7861938476562,912.2481484847582,874.0879536291551,899.0618951614166,41596
2024-09-27,929.4801635742188,956.002477156833,878.9828662384551,903.0077856801163,4448887
2024-09-30,943.3656005859375,948.9098641337571,910.0503884701817,927.0826036341807,264619
2024-10-01,903.4573364257812,943.3656463569602,896.214893356045,943.0160355628981,269997
2024-10-03,881.6799926757812,892.0192408796142,871.7404128899115,881.3803175767287,143508
2024-10-04,897.41357421875,909.0514551485518,866.4958839444977,884.0775140730422,96921
2024-10-07,881.979736328125,896.0650148485003,856.2065801004039,894.0670995422605,90867
2024-10-08,892.4187622070312,902.0087919072274,882.0795752660821,886.6747559128297,51102
2024-10-09,891.1701049804688,903.0577255348633,885.5759664675402,901.0098745241414,46095
2024-10-10,899.5613403320312,915.9442697527887,894.0670734005197,894.0670734005197,405639
2024-10-11,880.3314208984375,907.0036021003909,877.9838948313226,903.9567934904538,123332
2024-10-14,873.5385131835938,884.6269185062051,864.1982227448207,884.5769828189301,31864
2024-10-15,867.09521484375,878.083748672415,856.106681015085,878.083748672415,25999
2024-10-16,871.0411376953125,876.0858616484678,861.3013005789242,870.0921157306904,18145
2024-10-17,872.2398681640625,892.0691524840814,856.0567425652291,874.0879153679409,54761
2024-10-18,867.8944091796875,875.0869165787518,860.3023552966146,866.0962975728057,20073
2024-10-21,878.0338134765625,897.063943968901,865.1472357725826,865.1472357725826,96370
2024-10-22,839.2243041992188,879.9818254278035,830.183749587527,878.0338458001594,28254
2024-10-23,824.4896850585938,851.7612781114749,820.244114979051,839.1244392508091,40337
2024-10-24,801.5636596679688,847.1161050808723,782.4835315673049,825.1390363169818,262174
2024-10-25,774.7415771484375,799.1161676900564,751.2660728617319,799.1161676900564,531118
2024-10-28,746.17138671875,784.9808648407127,740.4773162410385,777.1390721197243,96507
2024-10-29,750.7166748046875,756.0610738494796,727.0913019674624,745.4222114481433,77312
2024-10-30,770.8956298828125,778.1880085257815,748.1194076812432,764.2026014405942,43605
2024-10-31,759.4075927734375,787.4782774275409,756.2109162041593,770.8956053709908,37015
2024-11-01,776.0902099609375,779.1370185492223,757.2098862965905,757.3097576713401,5172
2024-11-04,784.5313720703125,787.178634251779,753.2140738906617,769.1973964135404,59468
2024-11-05,764.052734375,780.5855322632152,761.2556651487174,780.1859248145165,47408
2024-11-06,776.239990234375,779.186927346209,764.0526953302943,777.1390764622339,17141
2024-11-07,772.8935546875,781.1848910813967,764.8519577089106,781.1848910813967,24445
2024-11-08,753.66357421875,776.1900559254987,748.0693750706013,776.1900559254987,30593
2024-11-11,739.7281494140625,763.9528727405865,735.2328399307901,750.2172048750317,180066
2024-11-12,746.2713012695312,755.2119844436944,739.7780765355577,755.2119844436944,20947
2024-11-13,725.6928100585938,740.6771750774723,715.9529727963228,739.2286742646733,89796
2024-11-14,705.1642456054688,731.2370164764653,673.7470146021656,727.7406646217281,632545
2024-11-18,699.1704711914062,703.3660444695743,684.8353925858819,703.3660444695743,117964
2024-11-19,722.0964965820312,726.8915419708094,697.1725525554718,699.3202748714746,159899
2024-11-21,702.7167358398438,721.2473871235735,685.2849135273842,721.0975190949761,212136
2024-11-22,704.364990234375,711.3077578557557,689.83016912452,709.7593857461827,115782
2024-11-25,716.6022338867188,719.3993640372945,705.4139571705564,706.2630467702799,70295
2024-11-26,741.576171875,750.5168548533837,707.7115448176752,714.254705096631,160025
2024-11-27,757.8592529296875,763.9528702653205,738.1298391503608,748.2692228135231,60393
2024-11-28,765.9008178710938,775.1411758370651,746.1714049167224,757.7093532096555,73043
2024-11-29,756.810302734375,764.3024852230529,746.7208547049036,764.3024852230529,47986
2024-12-02,763.8529663085938,769.1973651714962,744.2234247438503,764.202577085967,75751
2024-12-03,779.5865478515625,800.214986037363,755.7114364424921,760.0069419966355,57303
2024-12-04,795.0704345703125,797.7176358149833,773.5928446483292,785.1807292408772,93550
2024-12-05,795.3700561523438,804.1109351835329,788.2774205841159,794.770645007285,66845
2024-12-06,814.2003784179688,836.4771206689768,781.5344527545235,813.750835304362,516062
2024-12-09,807.6072998046875,818.2461618710965,789.6759983375669,814.1005243324474,135742
2024-12-10,800.2150268554688,814.0006304640286,795.1703028320602,814.0006304640286,72102
2024-12-11,795.2701416015625,805.9090647061611,792.1733973498428,799.1661007312413,15636
2024-12-12,777.1390991210938,799.8653851646498,761.2057127555904,798.1671450022529,124097
2024-12-13,812.9017944335938,839.0744972751025,769.1474611947934,775.5407536249282,2329526
2024-12-16,795.0704345703125,802.5626171012368,782.883138792368,802.5626171012368,284067
2024-12-17,815.748779296875,818.7956488569109,787.8279622119805,787.8778978993588,120258
2024-12-18,835.328369140625,840.8725717048114,811.6530614911308,811.6530614911308,238266
2024-12-19,845.1680908203125,869.093138257454,835.7279290207952,838.1254517218435,991150
2024-12-20,824.1900024414062,846.5666783394324,815.1993835313748,845.1681132314795,139500
2024-12-23,822.1920776367188,845.1181677869484,812.8518480432906,824.1400572390455,369465
2024-12-24,818.1962280273438,832.0817633604431,808.2066518082894,825.0890600071051,193799
2024-12-26,819.04541015625,833.1306887793729,812.7519281184569,814.1504932316413,102105
2024-12-27,818.995361328125,827.0370187593976,805.6093661142475,822.9412560296964,78300
2024-12-30,815.99853515625,827.0870016968728,801.4637134870845,811.5532223738604,100430
2024-12-31,791.6239624023438,819.5947752054544,786.2295669731305,810.1546136900979,645491
2025-01-01,786.279541015625,792.4231549446232,775.4908106024291,791.6240010198562,50506
2025-01-02,786.7789916992188,792.3731909155722,779.2368739145221,790.3752756893462,50071
2025-01-03,799.7155151367188,818.5958386528779,785.6801726885913,786.779001688353,469555
2025-01-06,802.962158203125,814.6999107562101,791.1744699611427,810.1546655788974,470842
2025-01-07,823.0411987304688,826.0380715585128,786.2795099292335,803.1619179158291,176224
2025-01-08,822.5916748046875,831.9818399687305,799.1661061246031,831.9818399687305,103269
2025-01-09,804.9100952148438,829.1348172861561,801.1640041728882,829.1348172861561,36655
2025-01-10,790.6749877929688,808.2066825295099,786.4294177384897,803.1619585414363,80532
2025-01-13,752.1651611328125,786.5792637460471,741.7759773724467,779.2368885686668,72792
2025-01-14,733.2349243164062,756.1110791775629,725.493002431594,756.1110791775629,127748
2025-01-15,734.4835815429688,744.3232895966514,722.1964151545097,733.234884532525,220187
2025-01-16,736.9310302734375,759.2077724551166,731.1870241002574,735.4825295658942,254614
2025-01-17,723.5449829101562,739.2286295420441,714.254689354813,739.2286295420441,147964
2025-01-20,755.1620483398438,767.1495401498132,710.1090217044533,714.2547203440156,258006
2025-01-21,745.8717651367188,760.2067832442336,736.2817349675354,756.7603671048637,42726
2025-01-22,749.5178833007812,755.6614969967316,731.0871031844641,754.2129962665487,88725
2025-01-23,749.2182006835938,753.2140310872396,736.2317518717448,742.7249762776693,35437
2025-01-24,743.1246337890625,752.2151241813913,734.1340147749422,752.2151241813913,78692
2025-01-27,728.3399658203125,740.0277819995931,715.6032563495077,736.3316266647391,64573
2025-01-28,709.1100463867188,732.1360684419228,687.3327823354778,728.3399806861132,58621
2025-01-29,721.9966430664062,729.2390860442429,706.3629314221856,709.110064965503,69010
2025-01-30,719.1995849609375,721.9966542358245,704.2651556364666,721.9467185467535,37336
2025-01-31,725.0933837890625,733.1350416257807,704.2152055467262,709.2599294704837,33884
2025-02-01,778.8373413085938,809.1556810173586,711.9071800392567,720.2484518685377,431983
2025-02-03,824.9891357421875,843.0703054586892,752.7145754780638,759.2078000840457,926561
2025-02-04,879.6820678710938,892.4187777011089,784.181742475438,795.8695589843471,478030
2025-02-05,856.20654296875,869.0931205237501,839.923546123359,859.103544425776,221952
2025-02-06,868.8433837890625,881.0806145466549,840.9724420015241,845.1181404835261,123442
2025-02-07,852.1608276367188,867.0952569876687,839.1743779352905,864.0983839796468,36894
2025-02-10,830.5333862304688,852.0609106583557,817.5469372240409,850.0130597401105,37488
2025-02-11,787.8279418945312,827.1868350646487,775.0412357356067,827.1868350646487,100777
2025-02-12,759.5075073242188,815.1494619585919,749.7676700030223,791.9736317282068,78365
2025-02-13,743.6740112304688,770.1963238053339,735.4825465650805,749.2182138184181,50289
2025-02-14,724.2942504882812,754.8123952830822,719.2495264208868,754.8123952830822,39236
2025-02-17,713.705322265625,730.6876027208177,702.6668521640573,719.249525161101,31511
2025-02-18,707.4617919921875,749.0683398890494,695.3244326352822,711.0580150015863,37085
2025-02-19,734.5335083007812,740.2275787934993,705.5637380106173,707.4617818320344,24934
2025-02-20,759.1578369140625,762.404449099521,725.3430857225978,738.4294668069042,29375
2025-02-21,761.405517578125,770.4960076200971,749.6677654287419,753.4637922274268,20674
2025-02-24,726.39208984375,765.2015707056777,722.7458699811459,765.2015707056777,50357
2025-02-25,717.6011962890625,732.6854932356407,704.3150718716718,720.4482621459191,76902
2025-02-27,705.713623046875,724.8436248924725,695.3743750939719,721.347273221464,42981
2025-02-28,682.3380126953125,702.2172943788593,651.4702578001738,698.3712708318425,316775
2025-03-03,683.0872192382812,692.2277059954362,663.0581308326712,682.3380010113517,60318
2025-03-04,689.180908203125,699.2204204070433,667.7532543827542,676.8936803116497,32076
2025-03-05,704.4149780273438,709.2598980124776,682.8873929090341,682.8873929090341,38596
2025-03-06,721.6470336914062,728.090261782952,706.8124759454909,708.1611053614122,35182
2025-03-07,709.459716796875,720.2484469423424,704.3150606443872,717.9009209144313,49641
2025-03-10,698.6710205078125,713.1559067584965,689.2807939980644,713.1559067584965,34275
2025-03-11,691.828125,702.3671162673919,679.9405652611954,698.6710216504716,35224
2025-03-12,687.8822021484375,693.2266620714302,683.3369571095997,690.2297891704554,21769
2025-03-13,689.031005859375,696.0736447579405,673.8468381173155,680.2901268433989,31388
2025-03-17,685.4847412109375,690.6793331063325,674.9457503578452,688.3317460815734,25410
2025-03-18,685.4847412109375,685.4847412109375,685.4847412109375,685.4847412109375,0
2025-03-19,723.7947387695312,728.6896555461417,707.2620021839728,707.2620021839728,74412
2025-03-20,723.8946533203125,747.170353337568,709.0101606075671,732.1360535668957,81670
2025-03-21,721.5970458984375,731.3368831453382,711.2578584403424,726.2422234355743,26154
2025-03-24,730.2879638671875,738.2296892270631,715.3535350910881,720.8977987197508,33875
2025-03-25,713.9050903320312,741.2265569579733,700.8187088755936,741.2265569579733,72637
2025-03-26,693.626220703125,718.050747468604,689.2807793091384,713.9051097991592,145407
2025-03-27,700.8187255859375,707.2620146082436,684.3359243980335,687.2828616532084,48192
2025-03-28,699.070556640625,704.2651486547975,681.4889262543114,700.8187325415412,67536
2025-04-01,697.4223022460938,704.2651377061134,688.3816868075314,692.6772534459462,26405
2025-04-02,695.6741333007812,704.2152090318028,690.4795413156307,701.0684680391198,34667
2025-04-03,697.5221557617188,705.1142092589469,694.2755435079048,696.273458741021,22736
2025-04-04,680.4899291992188,700.219341795882,674.945726714463,697.5221440820316,22509
2025-04-07,689.880126953125,698.2713955804747,640.032176927369,674.296412041231,64125
2025-04-08,705.1141967773438,709.9092420291705,676.3442301240489,693.8759237899994,38901
2025-04-09,688.3317260742188,711.1079472918885,680.3400652279112,705.1142016571579,20563
2025-04-11,707.7115478515625,716.2026877387623,692.3775115899923,692.3775115899923,92887
2025-04-15,708.610595703125,719.898866101609,703.565871686164,718.2505615647578,39863
2025-04-16,707.3618774414062,714.2547095162612,701.6678676952182,713.9550344198622,23057
2025-04-17,708.6605834960938,720.1985321950644,698.2713995152635,707.3618897698376,72662
2025-04-21,716.1527709960938,717.1517286563078,705.6637155638458,715.7531635433934,28186
2025-04-22,724.2442626953125,727.3410068782239,702.2671954135237,716.2526018655711,81320
2025-04-23,718.400390625,725.0434221578719,709.3597754646271,724.2442682630608,39037
2025-04-24,722.64599609375,726.24221928343,711.857204581636,718.4004260360408,34726
2025-04-25,720.7978515625,725.193289436707,700.169413491442,718.3004575365946,57794
2025-04-28,731.6865234375,733.2348955594289,710.4087382538562,713.3556144655935,54317
2025-04-29,717.9508666992188,758.2088473204785,711.257838329619,738.2296945584106,65596
2025-04-30,670.0009155273438,719.1995803389616,660.4108853973854,714.2547277219636,172155
2025-05-02,667.15380859375,674.2963798204614,652.8687271118602,669.4014631931515,52980
2025-05-05,701.5180053710938,704.0153994806384,663.3078754950606,674.296409577057,83570
2025-05-06,695.9738159179688,705.7635888198173,683.3369770940097,704.2651523255078,87631
2025-05-07,694.1756591796875,699.5200579399191,676.9436406156552,685.3847835408098,82230
2025-05-08,674.4462890625,699.2703625442044,669.4015040983444,697.8717974305013,29384
2025-05-09,668.3526000976562,672.1986236132796,658.1632199258017,662.7085259871325,70983
2025-05-12,682.9374389648438,691.2787111632417,676.8936962533106,676.8936962533106,36615
2025-05-13,696.42333984375,701.2183242989224,676.8437336087874,683.2870225508326,200756
2025-05-14,695.8738403320312,714.6542920043887,684.2859565513086,704.2651085674052,235458
2025-05-15,702.21728515625,713.2557548827473,687.482659967846,691.4784905274131,72997
2025-05-16,693.7760620117188,704.2651169449413,691.2786679799991,699.270328881502,43599
2025-05-19,701.9176025390625,703.2661709498552,693.5762697524038,693.7760734725489,257453
2025-05-20,697.5720825195312,720.1984966335756,694.4254026505702,701.9175846788586,96492
2025-05-21,698.9207153320312,700.9186305494783,684.3358976617475,691.3286009228121,67304
2025-05-22,692.427490234375,697.2724102435858,678.3421513814912,690.279706988994,51467
2025-05-23,685.0851440429688,694.5752417161302,680.4899632424736,687.8822132681196,18235
2025-05-26,685.634521484375,695.174615301431,682.2381022415963,685.2849107144604,46188
2025-05-27,676.7938232421875,686.134053093151,675.2953867331643,686.0841174038244,128794
2025-05-28,672.2984619140625,679.2412293985664,668.8021103290711,676.7937710947658,223467
2025-05-29,671.8489379882812,676.743854735671,668.8520651155613,672.2984811134962,40645
2025-05-30,668.5523681640625,688.2817805977423,661.4597936524666,669.8010651535359,114467
2025-06-02,674.0966186523438,678.9915355886002,669.501437792152,672.0987033267758,55582
2025-06-03,664.8063354492188,677.6929138983824,662.5586806712162,675.1955197006016,20982
2025-06-04,665.1559448242188,670.2007298701654,662.3089398334592,664.8063340258932,22370
2025-06-05,668.9520263671875,672.3484458534463,663.3078911577275,665.1559384538141,35474
2025-06-06,666.6543579101562,670.550317102045,663.9572210543487,667.8031835869156,66770
2025-06-09,737.230712890625,751.2161193682249,668.1527700787234,670.200681947313,4263587
2025-06-10,710.1090087890625,732.6355521828153,708.0112221490866,727.2411565778273,317923
2025-06-11,705.1141967773438,720.5481038742699,700.618887582406,710.0590490860819,221337
2025-06-12,703.0164184570312,709.8093180147782,696.6730620183594,702.7666790543822,47275
2025-06-13,715.3035888671875,718.2005903427062,690.7292558979173,694.2755432410287,115027
2025-06-16,698.7708740234375,715.2536751976859,695.024782847472,714.2547175507617,272746
2025-06-17,693.2266845703125,703.9654794806693,689.3806609729834,698.7708874227474,31698
2025-06-18,700.16943359375,702.2672202471258,682.7376105981451,696.8728246076802,123488
2025-06-19,695.5242309570312,700.1694081987149,692.6772261776338,700.1694081987149,28799
2025-06-20,698.2713623046875,708.2110026176374,686.3837424776968,695.5242289050625,1758398
2025-06-23,730.1881103515625,733.5345941082749,691.1288294455696,698.2714010697331,199578
2025-06-24,736.0819091796875,747.0205074804924,721.7468915017954,730.138160026901,166577
2025-06-25,748.0194702148438,757.1599570287301,732.5855624499952,738.2296975165098,300137
2025-06-26,744.373291015625,755.2119567469914,740.2275925258209,748.0194497265227,33395
2025-06-27,750.8665161132812,755.2119573522899,738.3795459189643,744.3732916122365,62557
2025-06-30,744.3233032226562,755.7114445549938,739.7780582157402,750.866524454392,48575
2025-07-01,767.199462890625,771.8446402772097,737.5304089673446,744.3233086840482,132358
2025-07-02,758.9580688476562,770.2462780129787,755.8613245446908,767.1994693978282,43457
2025-07-03,759.4075927734375,763.6032269598942,748.7187340753202,758.7083102471056,46599
2025-07-04,755.611572265625,810.8539167577256,752.3149633244705,763.2036258302967,653856
2025-07-07,772.1942749023438,780.1859362208673,756.9102348249747,759.1079538818761,87250
2025-07-08,794.2711791992188,799.1660959253754,764.3524472602401,772.194240187894,99540
2025-07-09,807.0078735351562,818.3460788888069,779.0870573659579,787.9777434314524,110555
2025-07-10,784.6312866210938,809.0558129916501,782.7332427259408,807.0578977216093,41946
2025-07-11,773.5928344726562,789.126613854804,767.3493491123446,784.4814363581175,24368
2025-07-14,789.0266723632812,795.4200256867721,766.6500576741355,768.1984298312436,27754
2025-07-15,787.8778686523438,805.5594303069106,779.1869253674007,784.6811921488376,104920
2025-07-16,774.691650390625,791.1245157750363,770.8956235501361,787.8779034426449,42606
2025-07-17,775.3410034179688,788.0777134387434,766.0506485079395,774.691656557707,42821
2025-07-18,770.845703125,788.6271372878593,761.9050198690836,775.3410125973174,31358
2025-07-21,758.0589599609375,772.5938420020323,754.2129975408988,770.7956695220586,47845
2025-07-22,759.357666015625,768.9975705518261,751.4159406713677,756.510600190269,214991
2025-07-23,776.48974609375,788.1276267592915,733.3847613591232,759.3576594878888,638529
2025-07-24,769.7967529296875,774.192191048124,742.7250245732647,768.747859574833,159942
2025-07-25,766.8997802734375,772.194243487258,741.9757753559649,769.197370614733,86122
2025-07-28,753.2140502929688,762.1047975563936,737.7302070840284,761.2057113040347,70013
2025-07-29,760.0069580078125,778.337867229021,735.4825602146564,757.2098888186208,116082
2025-07-30,750.167236328125,765.2015363026895,744.4232300177589,764.0027749653497,23723
2025-07-31,726.9913940429688,748.5688538334391,722.2463454387721,744.4232163726925,40254
2025-08-01,718.75,737.9299982957662,715.2536483669214,726.9914002779708,24203
2025-08-04,710.5999755859375,720.7999877929688,701.2999877929688,717.75,41360
2025-08-05,711.0,717.9500122070312,706.0999755859375,710.25,45271
2025-08-06,692.7999877929688,714.0,685.25,714.0,79269
2025-08-07,683.9500122070312,693.0,673.0,692.7999877929688,102684
2025-08-08,677.0,692.4000244140625,675.5,688.0,22288
2025-08-11,678.2000122070312,683.1500244140625,671.25,676.0,43773
2025-08-12,669.4500122070312,681.5,653.7999877929688,677.1500244140625,43917
2025-08-13,669.0,673.0,666.4500122070312,671.0,280168
2025-08-14,664.5999755859375,670.0,658.4000244140625,669.0,131278
2025-08-18,658.8499755859375,664.8499755859375,653.7999877929688,664.5999755859375,330127
2025-08-19,688.0499877929688,694.0,652.0,662.2999877929688,1319383
2025-08-20,716.75,724.7999877929688,683.9500122070312,684.9000244140625,304509
2025-08-21,710.5999755859375,736.8499755859375,702.6500244140625,715.0,160576
2025-08-22,700.1500244140625,716.3499755859375,697.0999755859375,710.5999755859375,45521
2025-08-25,708.5999755859375,720.4500122070312,697.0,697.0,62715
2025-08-26,708.1500244140625,721.0499877929688,700.1500244140625,712.2999877929688,104205
2025-08-28,721.5,733.9500122070312,696.5999755859375,702.0,136814
2025-08-29,718.0499877929688,727.2000122070312,709.0,718.0,63539
2025-09-01,746.7000122070312,758.7999877929688,711.5,711.5,104079
2025-09-02,739.2000122070312,752.4500122070312,733.2000122070312,746.7000122070312,58619
2025-09-03,739.0499877929688,749.9500122070312,725.0499877929688,732.5,19834
2025-09-04,744.2000122070312,775.0,735.4500122070312,749.9500122070312,149974
2025-09-05,737.0,746.1500244140625,728.75,738.0,21620
2025-09-08,749.4000244140625,755.7000122070312,735.0,735.0,61925
2025-09-09,737.0999755859375,754.6500244140625,734.5,749.0,52391
2025-09-10,750.2000122070312,753.25,733.0999755859375,741.0,84428
2025-09-11,749.2000122070312,767.2000122070312,745.9000244140625,754.0499877929688,62091
2025-09-12,745.25,753.4000244140625,741.2999877929688,746.0,98324
2025-09-15,741.75,758.9500122070312,738.0,746.0,27594
2025-09-16,755.6500244140625,759.2000122070312,745.0,745.0,24036
2025-09-17,739.3499755859375,760.75,736.1500244140625,751.7000122070312,62738
2025-09-18,740.7999877929688,747.9500122070312,735.0,737.0499877929688,19094
2025-09-19,724.5,744.6500244140625,720.0,740.7999877929688,120635
2025-09-22,708.8499755859375,731.9000244140625,705.0999755859375,722.0999755859375,51770
2025-09-23,712.2999877929688,734.9000244140625,701.1500244140625,704.2999877929688,131601
2025-09-24,700.5499877929688,712.2999877929688,696.5,712.2999877929688,90009
2025-09-25,695.1500244140625,716.0999755859375,691.2000122070312,700.1500244140625,79635
2025-09-26,683.7999877929688,697.0,680.5,690.0999755859375,49339
2025-09-29,696.5499877929688,763.7999877929688,656.6500244140625,684.0999755859375,1805311
2025-09-30,687.5999755859375,697.9500122070312,666.8499755859375,693.9000244140625,255153
2025-10-01,682.3499755859375,695.0,677.1500244140625,691.2000122070312,60712
2025-10-03,675.7999877929688,686.9500122070312,672.0999755859375,683.9500122070312,104086
2025-10-06,672.3499755859375,684.9500122070312,667.7999877929688,675.7999877929688,63426
2025-10-07,684.0499877929688,690.75,667.1500244140625,672.3499755859375,142278
2025-10-08,668.0,683.2999877929688,660.5999755859375,682.0,113253
2025-10-09,656.8499755859375,675.8499755859375,653.5499877929688,668.0,113371
2025-10-10,641.75,659.6500244140625,638.2000122070312,658.0,121410
2025-10-13,626.1500244140625,645.0,620.1500244140625,645.0,166890
2025-10-14,606.0499877929688,629.7999877929688,603.0,629.4000244140625,110524
2025-10-15,607.2999877929688,621.9000244140625,597.9000244140625,610.0,626346
2025-10-16,611.6500244140625,635.0,605.8499755859375,609.0999755859375,404483
2025-10-17,599.6500244140625,611.6500244140625,588.0499877929688,611.6500244140625,728361
2025-10-20,591.5499877929688,602.0499877929688,588.0,601.5499877929688,196642
2025-10-21,600.0499877929688,603.8499755859375,594.0499877929688,595.7999877929688,14008
2025-10-23,597.8499755859375,610.4000244140625,595.8499755859375,597.0999755859375,151779
2025-10-24,587.5999755859375,602.25,585.1500244140625,600.2000122070312,93810
2025-10-27,587.4500122070312,590.7000122070312,583.2000122070312,587.0,120191
2025-10-28,587.1500244140625,596.9000244140625,583.0999755859375,590.0,96191
2025-10-29,587.3499755859375,591.4000244140625,579.5499877929688,590.0,340540
2025-10-30,600.7000122070312,610.0,584.0,590.0,300676
2025-10-31,593.3499755859375,605.9500122070312,591.1500244140625,605.9500122070312,89016
2025-11-03,588.2000122070312,610.0,570.2999877929688,598.0,480042
2025-11-04,585.25,590.0,565.7000122070312,588.1500244140625,357283
2025-11-06,585.0,586.9000244140625,573.4500122070312,585.25,101342
2025-11-07,574.9500122070312,585.0,569.0,585.0,70103
2025-11-10,560.9500122070312,578.0,555.0999755859375,574.9500122070312,85954
2025-11-11,564.6500244140625,567.2999877929688,552.25,558.0,60814
2025-11-12,550.5499877929688,565.0499877929688,548.5499877929688,564.6500244140625,304798
2025-11-13,560.0499877929688,562.8499755859375,548.9500122070312,550.5499877929688,80369
2025-11-14,548.9000244140625,560.0,547.0,560.0,51421
2025-11-17,544.25,564.1500244140625,538.25,548.9000244140625,282259
2025-11-18,543.0999755859375,585.9000244140625,540.2000122070312,562.75,927995
2025-11-19,561.8499755859375,569.9500122070312,531.2000122070312,548.5999755859375,459553
2025-11-20,550.0999755859375,562.9500122070312,548.0499877929688,562.4000244140625,112477
2025-11-21,550.0499877929688,553.0,542.0999755859375,550.0999755859375,153014
2025-11-24,556.5999755859375,562.9500122070312,540.4000244140625,550.0499877929688,708730
2025-11-25,563.2999877929688,564.5,546.7999877929688,554.0,95910
2025-11-26,566.5999755859375,569.25,556.0499877929688,563.2999877929688,83809
2025-11-27,563.0999755859375,568.1500244140625,556.2000122070312,563.0499877929688,41893
2025-11-28,567.2000122070312,572.0,556.0,560.0,75348
2025-12-01,575.3499755859375,579.0,561.0,565.0499877929688,127598
2025-12-02,585.9500122070312,589.6500244140625,575.3499755859375,575.3499755859375,93087
2025-12-03,587.9000244140625,592.0,579.25,587.9000244140625,105451
2025-12-04,576.2000122070312,586.2000122070312,571.0499877929688,586.2000122070312,40155
2025-12-05,558.5499877929688,577.6500244140625,555.0,573.0499877929688,486139
2025-12-08,547.0,558.75,545.0999755859375,558.5499877929688,52719
2025-12-09,551.5,557.7000122070312,533.75,547.0,96002
2025-12-10,546.6500244140625,556.7000122070312,542.7000122070312,546.5,41820
2025-12-11,549.7000122070312,555.0,539.0499877929688,546.6500244140625,83174
2025-12-12,550.6500244140625,554.9000244140625,546.0,549.7000122070312,25405
2025-12-15,547.9500122070312,555.0499877929688,545.5999755859375,555.0,17830
2025-12-16,530.9500122070312,546.1500244140625,527.0,545.0999755859375,81623
2025-12-17,533.0999755859375,537.9500122070312,524.2999877929688,530.9500122070312,39011
2025-12-18,520.3499755859375,533.0999755859375,513.0,533.0999755859375,159920
2025-12-19,520.25,525.2000122070312,513.0,520.3499755859375,62575
2025-12-22,525.75,528.9000244140625,514.8499755859375,520.25,41522
2025-12-23,527.2999877929688,528.9000244140625,518.7999877929688,525.75,39581
2025-12-24,538.2000122070312,542.7999877929688,521.8499755859375,524.6500244140625,93075
2025-12-26,543.5499877929688,546.0,533.75,537.5,27287
2025-12-29,541.8499755859375,547.4000244140625,532.6500244140625,538.5999755859375,504764
2025-12-30,536.7999877929688,545.0,523.0999755859375,541.0,132330
2025-12-31,560.5499877929688,569.7000122070312,532.7999877929688,537.9000244140625,77639
2026-01-01,538.5499877929688,558.4000244140625,537.0499877929688,555.5,44273
2026-01-02,538.6500244140625,545.0,528.9000244140625,538.5499877929688,57944
2026-01-05,547.6500244140625,549.5499877929688,535.0999755859375,541.5,46512
2026-01-06,534.5,547.8499755859375,531.2000122070312,547.7999877929688,48059
2026-01-07,525.4500122070312,537.3499755859375,521.4000244140625,534.5,39580
2026-01-08,524.0999755859375,529.6500244140625,514.5,525.4500122070312,86078
2026-01-09,502.6000061035156,524.0999755859375,499.70001220703125,517.2999877929688,88394
2026-01-12,500.0,506.1000061035156,493.3999938964844,503.04998779296875,245524
2026-01-13,510.75,514.0999755859375,495.1000061035156,500.0,141495
2026-01-14,496.45001220703125,514.0,495.0,510.75,68228
2026-01-16,487.5,495.25,482.0,495.04998779296875,154327
2026-01-19,481.20001220703125,493.70001220703125,478.79998779296875,482.0,51116
2026-01-20,488.3999938964844,495.75,477.0,481.20001220703125,89450
2026-01-21,503.6000061035156,506.0,479.20001220703125,485.8999938964844,79709
2026-01-22,492.79998779296875,509.79998779296875,486.1000061035156,505.0,60941
2026-01-23,491.20001220703125,499.8500061035156,490.0,498.0,49821
2026-01-27,498.3500061035156,515.0,475.75,492.0,564786
2026-01-28,494.29998779296875,506.25,464.29998779296875,481.95001220703125,334732
2026-01-29,482.79998779296875,496.95001220703125,477.0,495.0,32183
2026-01-30,493.1499938964844,508.0,481.54998779296875,482.79998779296875,124209
2026-02-02,479.79998779296875,484.6499938964844,475.0,480.70001220703125,40449
2026-02-03,483.8999938964844,502.0,481.0,487.0,63040
2026-02-04,476.6499938964844,505.0,470.3500061035156,483.8999938964844,1158188
2026-02-05,535.2000122070312,559.2000122070312,481.20001220703125,483.79998779296875,10438052
2026-02-06,542.25,554.8499755859375,521.0,535.2000122070312,3313086
2026-02-09,522.6500244140625,532.0,516.4500122070312,531.0,334993
2026-02-10,538.4000244140625,545.75,516.0,522.6500244140625,337093
2026-02-11,544.3499755859375,552.0,532.4000244140625,538.4000244140625,216535
2026-02-12,539.7000122070312,545.9500122070312,521.8499755859375,543.75,153392
2026-02-13,521.7999877929688,539.0,519.0499877929688,539.0,99933
2026-02-16,514.7999877929688,523.5999755859375,510.1000061035156,521.7999877929688,57695
2026-02-17,524.1500244140625,527.0,514.7999877929688,514.7999877929688,210867
2026-02-18,515.8499755859375,524.1500244140625,513.6500244140625,524.1500244140625,44864
2026-02-19,509.8500061035156,515.8499755859375,501.6000061035156,515.8499755859375,173817
2026-02-20,507.75,513.6500244140625,501.3999938964844,509.8500061035156,57241
